{
"type": "FeatureCollection",
"name": "Barishal Zone Bridges",
"crs": { "type": "name", "properties": { "name": "urn:ogc:def:crs:OGC:1.3:CRS84" } },
"features": [
{ "type": "Feature", "properties": { "bridge_id": "110114", "SL": 192, "image_pop": "8088/bms/assets/uploads/images/prudential_images/bridges/bridge_10114/1717658971.jpg", "bridge_name": "Agailjhara Over PC Girder Bridge", "bridge_type": "PC Girder Bridge", "road_no": "Z8049", "zone": "Barishal", "circle": "Barishal", "division": "Barishal", "sub-division": "Barishal -1", "sae": "SO-Barishal Sub Division-1-3", "bridge_length_(m)": 75.45, "bridge_width_(m)": 10.4, "chainage_(km)": "1+654", "xcoord": 90.15142, "ycoord": 22.973965, "map_link": "https://maps.google.com/?q=22.97396500000000000,90.15142000000000000&z=8&t=k", "bms_detail": "http://bms.rhd.gov.bd:8088/bms/bridges/detail_view/110114", "bms_inventory": "http://bms.rhd.gov.bd:8088/bms/bridges/inventory_view/110114", "keys": "[bridge_name, Bridge Name], [bridge_type,Type], [chainage_(km), Chainage (km)], [road_no, On Road], [division, Division], [subdivision, Subdivision], [bridge_length_(m), Length (m)], [bridge_width_(m), Width (m)],[map_link(=>{type:link, format:weblink}, Google Map,newtab=>),Google Map View],[bms_inventory(=>{type:link, format:weblink}, BMS Link,newtab=>), BMS Inventory],[bms_detail(=>{type:link, format:weblink},BMS Link,newtab=>), BMS Detailed View]", "f_class_color": "#6ebed6", "spans": 3.0, "span_arrangement": "25.15+25.15+25.15", "completion_year": "2017", "bridge_no": "225826900905" }, "geometry": { "type": "Point", "coordinates": [ 90.15142, 22.973965 ] } },
{ "type": "Feature", "properties": { "bridge_id": "105345", "SL": 193, "image_pop": "8088/bms/assets/img/no_picture.png", "bridge_name": "Agailjhara PC Girder Bridge", "bridge_type": "PC Girder Bridge", "road_no": "R852", "zone": "Barishal", "circle": "Barishal", "division": "Barishal", "sub-division": "Barishal -1", "sae": "SO-Barishal Sub Division-1-3", "bridge_length_(m)": 31.4, "bridge_width_(m)": 8.2, "chainage_(km)": "6+826", "xcoord": 90.1616833, "ycoord": 22.9683444, "map_link": "https://maps.google.com/?q=22.96834440000000000,90.16168330000000000&z=8&t=k", "bms_detail": "http://bms.rhd.gov.bd:8088/bms/bridges/detail_view/105345", "bms_inventory": "http://bms.rhd.gov.bd:8088/bms/bridges/inventory_view/105345", "keys": "[bridge_name, Bridge Name], [bridge_type,Type], [chainage_(km), Chainage (km)], [road_no, On Road], [division, Division], [subdivision, Subdivision], [bridge_length_(m), Length (m)], [bridge_width_(m), Width (m)],[map_link(=>{type:link, format:weblink}, Google Map,newtab=>),Google Map View],[bms_inventory(=>{type:link, format:weblink}, BMS Link,newtab=>), BMS Inventory],[bms_detail(=>{type:link, format:weblink},BMS Link,newtab=>), BMS Detailed View]", "f_class_color": "#6ebed6", "spans": 1.0, "span_arrangement": "31.4", "completion_year": "2014", "bridge_no": "229683901615" }, "geometry": { "type": "Point", "coordinates": [ 90.1616833, 22.9683444 ] } },
{ "type": "Feature", "properties": { "bridge_id": "109714", "SL": 388, "image_pop": "8088/bms/assets/uploads/images/prudential_images/bridges/bridge_9714/1716109883.jpg", "bridge_name": "Alongkarkathi Bailey Bridge", "bridge_type": "Portable Steel Bridge", "road_no": "Z8033", "zone": "Barishal", "circle": "Barishal", "division": "Pirojpur", "sub-division": "Kawkhali", "sae": "SO-Kawkhali-1", "bridge_length_(m)": 16.1, "bridge_width_(m)": 3.5, "chainage_(km)": "23+168", "xcoord": 90.120602777778004, "ycoord": 22.766032277777999, "map_link": "https://maps.google.com/?q=22.76603227777800000,90.12060277777800000&z=8&t=k", "bms_detail": "http://bms.rhd.gov.bd:8088/bms/bridges/detail_view/109714", "bms_inventory": "http://bms.rhd.gov.bd:8088/bms/bridges/inventory_view/109714", "keys": "[bridge_name, Bridge Name], [bridge_type,Type], [chainage_(km), Chainage (km)], [road_no, On Road], [division, Division], [subdivision, Subdivision], [bridge_length_(m), Length (m)], [bridge_width_(m), Width (m)],[map_link(=>{type:link, format:weblink}, Google Map,newtab=>),Google Map View],[bms_inventory(=>{type:link, format:weblink}, BMS Link,newtab=>), BMS Inventory],[bms_detail(=>{type:link, format:weblink},BMS Link,newtab=>), BMS Detailed View]", "f_class_color": "#29ffa4", "spans": 1.0, "span_arrangement": "16.1", "completion_year": "1984", "bridge_no": "224558900714" }, "geometry": { "type": "Point", "coordinates": [ 90.120602777778004, 22.766032277777999 ] } },
{ "type": "Feature", "properties": { "bridge_id": "106720", "SL": 480, "image_pop": "8088/bms/assets/uploads/images/prudential_images/bridges/bridge_6720/1706330621.jpg", "bridge_name": "Amragachhia RCC Girder Bridge", "bridge_type": "RC Girder Bridge", "road_no": "Z8052", "zone": "Barishal", "circle": "Patuakhali", "division": "Patuakhali", "sub-division": "Patuakhali", "sae": "SO-Patuakhali-1", "bridge_length_(m)": 36.2, "bridge_width_(m)": 7.5, "chainage_(km)": "10+340", "xcoord": 90.189139694443995, "ycoord": 22.3972845, "map_link": "https://maps.google.com/?q=22.39728450000000000,90.18913969444400000&z=8&t=k", "bms_detail": "http://bms.rhd.gov.bd:8088/bms/bridges/detail_view/106720", "bms_inventory": "http://bms.rhd.gov.bd:8088/bms/bridges/inventory_view/106720", "keys": "[bridge_name, Bridge Name], [bridge_type,Type], [chainage_(km), Chainage (km)], [road_no, On Road], [division, Division], [subdivision, Subdivision], [bridge_length_(m), Length (m)], [bridge_width_(m), Width (m)],[map_link(=>{type:link, format:weblink}, Google Map,newtab=>),Google Map View],[bms_inventory(=>{type:link, format:weblink}, BMS Link,newtab=>), BMS Inventory],[bms_detail(=>{type:link, format:weblink},BMS Link,newtab=>), BMS Detailed View]", "f_class_color": "#e8f674", "spans": 3.0, "span_arrangement": "12.6+11.7+11.9", "completion_year": "2005", "bridge_no": "222350901121" }, "geometry": { "type": "Point", "coordinates": [ 90.189139694443995, 22.3972845 ] } },
{ "type": "Feature", "properties": { "bridge_id": "106819", "SL": 481, "image_pop": "8088/bms/assets/uploads/images/prudential_images/bridges/bridge_6819/1706514008.jpg", "bridge_name": "Amragachhia RCC Girder Bridge 2", "bridge_type": "RC Girder Bridge", "road_no": "R880", "zone": "Barishal", "circle": "Patuakhali", "division": "Patuakhali", "sub-division": "Patuakhali", "sae": "SO-Patuakhali-1", "bridge_length_(m)": 40.6, "bridge_width_(m)": 10.6, "chainage_(km)": "21+879", "xcoord": 90.272345083332993, "ycoord": 22.181834194444001, "map_link": "https://maps.google.com/?q=22.18183419444400000,90.27234508333300000&z=8&t=k", "bms_detail": "http://bms.rhd.gov.bd:8088/bms/bridges/detail_view/106819", "bms_inventory": "http://bms.rhd.gov.bd:8088/bms/bridges/inventory_view/106819", "keys": "[bridge_name, Bridge Name], [bridge_type,Type], [chainage_(km), Chainage (km)], [road_no, On Road], [division, Division], [subdivision, Subdivision], [bridge_length_(m), Length (m)], [bridge_width_(m), Width (m)],[map_link(=>{type:link, format:weblink}, Google Map,newtab=>),Google Map View],[bms_inventory(=>{type:link, format:weblink}, BMS Link,newtab=>), BMS Inventory],[bms_detail(=>{type:link, format:weblink},BMS Link,newtab=>), BMS Detailed View]", "f_class_color": "#e8f674", "spans": 2.0, "span_arrangement": "20.3+20.3", "completion_year": "2013", "bridge_no": "221055901620" }, "geometry": { "type": "Point", "coordinates": [ 90.272345083332993, 22.181834194444001 ] } },
{ "type": "Feature", "properties": { "bridge_id": "109592", "SL": 541, "image_pop": "8088/bms/assets/uploads/images/prudential_images/bridges/bridge_9592/1715833724.jpg", "bridge_name": "Amua Bailey Bridge", "bridge_type": "Portable Steel Bridge", "road_no": "Z8815", "zone": "Barishal", "circle": "Barishal", "division": "Jhalokati", "sub-division": "Jhalokati", "sae": "SO-Jhalokati-2", "bridge_length_(m)": 24.6, "bridge_width_(m)": 3.6, "chainage_(km)": "0+564", "xcoord": 90.070125277778004, "ycoord": 22.350829277778001, "map_link": "https://maps.google.com/?q=22.35082927777800000,90.07012527777800000&z=8&t=k", "bms_detail": "http://bms.rhd.gov.bd:8088/bms/bridges/detail_view/109592", "bms_inventory": "http://bms.rhd.gov.bd:8088/bms/bridges/inventory_view/109592", "keys": "[bridge_name, Bridge Name], [bridge_type,Type], [chainage_(km), Chainage (km)], [road_no, On Road], [division, Division], [subdivision, Subdivision], [bridge_length_(m), Length (m)], [bridge_width_(m), Width (m)],[map_link(=>{type:link, format:weblink}, Google Map,newtab=>),Google Map View],[bms_inventory(=>{type:link, format:weblink}, BMS Link,newtab=>), BMS Inventory],[bms_detail(=>{type:link, format:weblink},BMS Link,newtab=>), BMS Detailed View]", "f_class_color": "#29ffa4", "spans": 1.0, "span_arrangement": "24.6", "completion_year": "1990", "bridge_no": "222103900412" }, "geometry": { "type": "Point", "coordinates": [ 90.070125277778004, 22.350829277778001 ] } },
{ "type": "Feature", "properties": { "bridge_id": "109589", "SL": 546, "image_pop": "8088/bms/assets/uploads/images/prudential_images/bridges/bridge_9589/1715831563.jpg", "bridge_name": "Amua PC Girder Bridge", "bridge_type": "PC Girder Bridge", "road_no": "Z8710", "zone": "Barishal", "circle": "Barishal", "division": "Jhalokati", "sub-division": "Jhalokati", "sae": "SO-Jhalokati-2", "bridge_length_(m)": 218.2, "bridge_width_(m)": 10.3, "chainage_(km)": "0+000", "xcoord": 90.076129083333001, "ycoord": 22.357666277778002, "map_link": "https://maps.google.com/?q=22.35766627777800000,90.07612908333300000&z=8&t=k", "bms_detail": "http://bms.rhd.gov.bd:8088/bms/bridges/detail_view/109589", "bms_inventory": "http://bms.rhd.gov.bd:8088/bms/bridges/inventory_view/109589", "keys": "[bridge_name, Bridge Name], [bridge_type,Type], [chainage_(km), Chainage (km)], [road_no, On Road], [division, Division], [subdivision, Subdivision], [bridge_length_(m), Length (m)], [bridge_width_(m), Width (m)],[map_link(=>{type:link, format:weblink}, Google Map,newtab=>),Google Map View],[bms_inventory(=>{type:link, format:weblink}, BMS Link,newtab=>), BMS Inventory],[bms_detail(=>{type:link, format:weblink},BMS Link,newtab=>), BMS Detailed View]", "f_class_color": "#6ebed6", "spans": 5.0, "span_arrangement": "43.2+43.3+43.5+45.5+42.6", "completion_year": "2017", "bridge_no": "222128900434" }, "geometry": { "type": "Point", "coordinates": [ 90.076129083333001, 22.357666277778002 ] } },
{ "type": "Feature", "properties": { "bridge_id": "105938", "SL": 565, "image_pop": "8088/bms/assets/uploads/images/prudential_images/bridges/bridge_5938/1702443654.jpg", "bridge_name": "Andharmanik Bridge 1", "bridge_type": "RC Girder Bridge", "road_no": "Z8043", "zone": "Barishal", "circle": "Barishal", "division": "Barishal", "sub-division": "Barishal-2", "sae": "SO-Barishal Sub Division-2-3", "bridge_length_(m)": 39.6, "bridge_width_(m)": 5.4, "chainage_(km)": "0+000", "xcoord": 90.469875694443999, "ycoord": 22.915861305556, "map_link": "https://maps.google.com/?q=22.91586130555600000,90.46987569444400000&z=8&t=k", "bms_detail": "http://bms.rhd.gov.bd:8088/bms/bridges/detail_view/105938", "bms_inventory": "http://bms.rhd.gov.bd:8088/bms/bridges/inventory_view/105938", "keys": "[bridge_name, Bridge Name], [bridge_type,Type], [chainage_(km), Chainage (km)], [road_no, On Road], [division, Division], [subdivision, Subdivision], [bridge_length_(m), Length (m)], [bridge_width_(m), Width (m)],[map_link(=>{type:link, format:weblink}, Google Map,newtab=>),Google Map View],[bms_inventory(=>{type:link, format:weblink}, BMS Link,newtab=>), BMS Inventory],[bms_detail(=>{type:link, format:weblink},BMS Link,newtab=>), BMS Detailed View]", "f_class_color": "#e8f674", "spans": 3.0, "span_arrangement": "12.3+15+12.3", "completion_year": "2008", "bridge_no": "225457902812" }, "geometry": { "type": "Point", "coordinates": [ 90.469875694443999, 22.915861305556 ] } },
{ "type": "Feature", "properties": { "bridge_id": "105943", "SL": 566, "image_pop": "8088/bms/assets/uploads/images/prudential_images/bridges/bridge_5943/1702447232.jpg", "bridge_name": "Andharmanik Bridge 2", "bridge_type": "Steel Girder Bridge", "road_no": "Z8043", "zone": "Barishal", "circle": "Barishal", "division": "Barishal", "sub-division": "Barishal-2", "sae": "SO-Barishal Sub Division-2-3", "bridge_length_(m)": 18.7, "bridge_width_(m)": 2.8, "chainage_(km)": "0+000", "xcoord": 90.476551777777999, "ycoord": 22.888764083333001, "map_link": "https://maps.google.com/?q=22.88876408333300000,90.47655177777800000&z=8&t=k", "bms_detail": "http://bms.rhd.gov.bd:8088/bms/bridges/detail_view/105943", "bms_inventory": "http://bms.rhd.gov.bd:8088/bms/bridges/inventory_view/105943", "keys": "[bridge_name, Bridge Name], [bridge_type,Type], [chainage_(km), Chainage (km)], [road_no, On Road], [division, Division], [subdivision, Subdivision], [bridge_length_(m), Length (m)], [bridge_width_(m), Width (m)],[map_link(=>{type:link, format:weblink}, Google Map,newtab=>),Google Map View],[bms_inventory(=>{type:link, format:weblink}, BMS Link,newtab=>), BMS Inventory],[bms_detail(=>{type:link, format:weblink},BMS Link,newtab=>), BMS Detailed View]", "f_class_color": "#b15dec", "spans": 5.0, "span_arrangement": "3.3+3.7+4.5+4+3.2", "completion_year": "1988", "bridge_no": "225320902836" }, "geometry": { "type": "Point", "coordinates": [ 90.476551777777999, 22.888764083333001 ] } },
{ "type": "Feature", "properties": { "bridge_id": "106871", "SL": 585, "image_pop": "8088/bms/assets/uploads/images/prudential_images/bridges/bridge_6871/1706599524.jpg", "bridge_name": "Angaria Madrasa PC Girder Bridge", "bridge_type": "PC Girder Bridge", "road_no": "Z8806", "zone": "Barishal", "circle": "Patuakhali", "division": "Patuakhali", "sub-division": "Patuakhali", "sae": "SO-Patuakhali-2", "bridge_length_(m)": 31.1, "bridge_width_(m)": 10.4, "chainage_(km)": "1+627", "xcoord": 90.353612388889005, "ycoord": 22.460576277777999, "map_link": "https://maps.google.com/?q=22.46057627777800000,90.35361238888900000&z=8&t=k", "bms_detail": "http://bms.rhd.gov.bd:8088/bms/bridges/detail_view/106871", "bms_inventory": "http://bms.rhd.gov.bd:8088/bms/bridges/inventory_view/106871", "keys": "[bridge_name, Bridge Name], [bridge_type,Type], [chainage_(km), Chainage (km)], [road_no, On Road], [division, Division], [subdivision, Subdivision], [bridge_length_(m), Length (m)], [bridge_width_(m), Width (m)],[map_link(=>{type:link, format:weblink}, Google Map,newtab=>),Google Map View],[bms_inventory(=>{type:link, format:weblink}, BMS Link,newtab=>), BMS Inventory],[bms_detail(=>{type:link, format:weblink},BMS Link,newtab=>), BMS Detailed View]", "f_class_color": "#6ebed6", "spans": 1.0, "span_arrangement": "31.1", "completion_year": "2023", "bridge_no": "222738902113" }, "geometry": { "type": "Point", "coordinates": [ 90.353612388889005, 22.460576277777999 ] } },
{ "type": "Feature", "properties": { "bridge_id": "106883", "SL": 586, "image_pop": "8088/bms/assets/uploads/images/prudential_images/bridges/bridge_6883/1706607146.jpg", "bridge_name": "Angaria PC Girder Bridge", "bridge_type": "PC Girder Bridge", "road_no": "Z8044", "zone": "Barishal", "circle": "Patuakhali", "division": "Patuakhali", "sub-division": "Patuakhali", "sae": "SO-Patuakhali-2", "bridge_length_(m)": 31.0, "bridge_width_(m)": 10.4, "chainage_(km)": "30+130", "xcoord": 90.363535888889004, "ycoord": 22.4825015, "map_link": "https://maps.google.com/?q=22.48250150000000000,90.36353588888900000&z=8&t=k", "bms_detail": "http://bms.rhd.gov.bd:8088/bms/bridges/detail_view/106883", "bms_inventory": "http://bms.rhd.gov.bd:8088/bms/bridges/inventory_view/106883", "keys": "[bridge_name, Bridge Name], [bridge_type,Type], [chainage_(km), Chainage (km)], [road_no, On Road], [division, Division], [subdivision, Subdivision], [bridge_length_(m), Length (m)], [bridge_width_(m), Width (m)],[map_link(=>{type:link, format:weblink}, Google Map,newtab=>),Google Map View],[bms_inventory(=>{type:link, format:weblink}, BMS Link,newtab=>), BMS Inventory],[bms_detail(=>{type:link, format:weblink},BMS Link,newtab=>), BMS Detailed View]", "f_class_color": "#6ebed6", "spans": 1.0, "span_arrangement": "31", "completion_year": "2020", "bridge_no": "222857902149" }, "geometry": { "type": "Point", "coordinates": [ 90.363535888889004, 22.4825015 ] } },
{ "type": "Feature", "properties": { "bridge_id": "107275", "SL": 698, "image_pop": "8088/bms/assets/img/no_picture.png", "bridge_name": "Ashokathi Bridge", "bridge_type": "PC Girder Bridge", "road_no": "N8", "zone": "Barishal", "circle": "Barishal", "division": "Barishal", "sub-division": "Barishal -1", "sae": "SO-Barishal Sub Division-1-3", "bridge_length_(m)": 30.0, "bridge_width_(m)": 10.4, "chainage_(km)": "127+763", "xcoord": 90.224749, "ycoord": 22.962917, "map_link": "https://maps.google.com/?q=22.96291700000000000,90.22474900000000000&z=8&t=k", "bms_detail": "http://bms.rhd.gov.bd:8088/bms/bridges/detail_view/107275", "bms_inventory": "http://bms.rhd.gov.bd:8088/bms/bridges/inventory_view/107275", "keys": "[bridge_name, Bridge Name], [bridge_type,Type], [chainage_(km), Chainage (km)], [road_no, On Road], [division, Division], [subdivision, Subdivision], [bridge_length_(m), Length (m)], [bridge_width_(m), Width (m)],[map_link(=>{type:link, format:weblink}, Google Map,newtab=>),Google Map View],[bms_inventory(=>{type:link, format:weblink}, BMS Link,newtab=>), BMS Inventory],[bms_detail(=>{type:link, format:weblink},BMS Link,newtab=>), BMS Detailed View]", "f_class_color": "#6ebed6", "spans": 1.0, "span_arrangement": "30", "completion_year": "2019", "bridge_no": "225746901329" }, "geometry": { "type": "Point", "coordinates": [ 90.224749, 22.962917 ] } },
{ "type": "Feature", "properties": { "bridge_id": "109537", "SL": 717, "image_pop": "8088/bms/assets/uploads/images/prudential_images/bridges/bridge_9537/1715658220.jpg", "bridge_name": "Aslampur Bridge", "bridge_type": "PC Girder Bridge", "road_no": "Z8909", "zone": "Barishal", "circle": "Barishal", "division": "Bhola", "sub-division": "Charfession", "sae": "SO-Charfession-3", "bridge_length_(m)": 31.5, "bridge_width_(m)": 10.3, "chainage_(km)": "3+095", "xcoord": 90.788180194443996, "ycoord": 22.187439777778, "map_link": "https://maps.google.com/?q=22.18743977777800000,90.78818019444400000&z=8&t=k", "bms_detail": "http://bms.rhd.gov.bd:8088/bms/bridges/detail_view/109537", "bms_inventory": "http://bms.rhd.gov.bd:8088/bms/bridges/inventory_view/109537", "keys": "[bridge_name, Bridge Name], [bridge_type,Type], [chainage_(km), Chainage (km)], [road_no, On Road], [division, Division], [subdivision, Subdivision], [bridge_length_(m), Length (m)], [bridge_width_(m), Width (m)],[map_link(=>{type:link, format:weblink}, Google Map,newtab=>),Google Map View],[bms_inventory(=>{type:link, format:weblink}, BMS Link,newtab=>), BMS Inventory],[bms_detail(=>{type:link, format:weblink},BMS Link,newtab=>), BMS Detailed View]", "f_class_color": "#6ebed6", "spans": 1.0, "span_arrangement": "31.5", "completion_year": "2020", "bridge_no": "221115904717" }, "geometry": { "type": "Point", "coordinates": [ 90.788180194443996, 22.187439777778 ] } },
{ "type": "Feature", "properties": { "bridge_id": "109961", "SL": 743, "image_pop": "8088/bms/assets/uploads/images/prudential_images/bridges/bridge_9961/1717217223.jpg", "bridge_name": "Atghar Truss Bridge", "bridge_type": "Truss Bridge", "road_no": "Z8037", "zone": "Barishal", "circle": "Barishal", "division": "Pirojpur", "sub-division": "Pirojpur", "sae": "SO-Pirojpur-3", "bridge_length_(m)": 25.0, "bridge_width_(m)": 3.4, "chainage_(km)": "20+283", "xcoord": 90.174947083332995, "ycoord": 22.738250277778, "map_link": "https://maps.google.com/?q=22.73825027777800000,90.17494708333300000&z=8&t=k", "bms_detail": "http://bms.rhd.gov.bd:8088/bms/bridges/detail_view/109961", "bms_inventory": "http://bms.rhd.gov.bd:8088/bms/bridges/inventory_view/109961", "keys": "[bridge_name, Bridge Name], [bridge_type,Type], [chainage_(km), Chainage (km)], [road_no, On Road], [division, Division], [subdivision, Subdivision], [bridge_length_(m), Length (m)], [bridge_width_(m), Width (m)],[map_link(=>{type:link, format:weblink}, Google Map,newtab=>),Google Map View],[bms_inventory(=>{type:link, format:weblink}, BMS Link,newtab=>), BMS Inventory],[bms_detail(=>{type:link, format:weblink},BMS Link,newtab=>), BMS Detailed View]", "f_class_color": "#6470da", "spans": 1.0, "span_arrangement": "25", "completion_year": "2003", "bridge_no": "224418901030" }, "geometry": { "type": "Point", "coordinates": [ 90.174947083332995, 22.738250277778 ] } },
{ "type": "Feature", "properties": { "bridge_id": "109543", "SL": 801, "image_pop": "8088/bms/assets/uploads/images/prudential_images/bridges/bridge_9543/1715663490.jpg", "bridge_name": "Ayeshabag Bridge", "bridge_type": "PC Girder Bridge", "road_no": "Z8909", "zone": "Barishal", "circle": "Barishal", "division": "Bhola", "sub-division": "Charfession", "sae": "SO-Charfession-3", "bridge_length_(m)": 25.4, "bridge_width_(m)": 10.4, "chainage_(km)": "5+673", "xcoord": 90.810134083332997, "ycoord": 22.190046583333, "map_link": "https://maps.google.com/?q=22.19004658333300000,90.81013408333300000&z=8&t=k", "bms_detail": "http://bms.rhd.gov.bd:8088/bms/bridges/detail_view/109543", "bms_inventory": "http://bms.rhd.gov.bd:8088/bms/bridges/inventory_view/109543", "keys": "[bridge_name, Bridge Name], [bridge_type,Type], [chainage_(km), Chainage (km)], [road_no, On Road], [division, Division], [subdivision, Subdivision], [bridge_length_(m), Length (m)], [bridge_width_(m), Width (m)],[map_link(=>{type:link, format:weblink}, Google Map,newtab=>),Google Map View],[bms_inventory(=>{type:link, format:weblink}, BMS Link,newtab=>), BMS Inventory],[bms_detail(=>{type:link, format:weblink},BMS Link,newtab=>), BMS Detailed View]", "f_class_color": "#6ebed6", "spans": 1.0, "span_arrangement": "25.4", "completion_year": "2021", "bridge_no": "221124904836" }, "geometry": { "type": "Point", "coordinates": [ 90.810134083332997, 22.190046583333 ] } },
{ "type": "Feature", "properties": { "bridge_id": "105272", "SL": 875, "image_pop": "8088/bms/assets/img/no_picture.png", "bridge_name": "Babugonj Bridge", "bridge_type": "PC Girder Bridge", "road_no": "Z8033", "zone": "Barishal", "circle": "Barishal", "division": "Barishal", "sub-division": "Barishal-2", "sae": "SO-Barishal Sub Division-2-1", "bridge_length_(m)": 27.9, "bridge_width_(m)": 10.3, "chainage_(km)": "4+817", "xcoord": 90.321388888889004, "ycoord": 22.818333333333001, "map_link": "https://maps.google.com/?q=22.81833333333300000,90.32138888888900000&z=8&t=k", "bms_detail": "http://bms.rhd.gov.bd:8088/bms/bridges/detail_view/105272", "bms_inventory": "http://bms.rhd.gov.bd:8088/bms/bridges/inventory_view/105272", "keys": "[bridge_name, Bridge Name], [bridge_type,Type], [chainage_(km), Chainage (km)], [road_no, On Road], [division, Division], [subdivision, Subdivision], [bridge_length_(m), Length (m)], [bridge_width_(m), Width (m)],[map_link(=>{type:link, format:weblink}, Google Map,newtab=>),Google Map View],[bms_inventory(=>{type:link, format:weblink}, BMS Link,newtab=>), BMS Inventory],[bms_detail(=>{type:link, format:weblink},BMS Link,newtab=>), BMS Detailed View]", "f_class_color": "#6ebed6", "spans": 1.0, "span_arrangement": "27.9", "completion_year": "2020", "bridge_no": "228182903203" }, "geometry": { "type": "Point", "coordinates": [ 90.321388888889004, 22.818333333333001 ] } },
{ "type": "Feature", "properties": { "bridge_id": "109384", "SL": 909, "image_pop": "8088/bms/assets/img/no_picture.png", "bridge_name": "Badarkhali Bailey Bridge", "bridge_type": "Portable Steel Bridge", "road_no": "Z8814", "zone": "Barishal", "circle": "Patuakhali", "division": "Barguna", "sub-division": "Barguna", "sae": "SO-Barguna-1", "bridge_length_(m)": 31.4, "bridge_width_(m)": 3.4, "chainage_(km)": "2+483", "xcoord": 90.0891335, "ycoord": 22.209524694443999, "map_link": "https://maps.google.com/?q=22.20952469444400000,90.08913350000000000&z=8&t=k", "bms_detail": "http://bms.rhd.gov.bd:8088/bms/bridges/detail_view/109384", "bms_inventory": "http://bms.rhd.gov.bd:8088/bms/bridges/inventory_view/109384", "keys": "[bridge_name, Bridge Name], [bridge_type,Type], [chainage_(km), Chainage (km)], [road_no, On Road], [division, Division], [subdivision, Subdivision], [bridge_length_(m), Length (m)], [bridge_width_(m), Width (m)],[map_link(=>{type:link, format:weblink}, Google Map,newtab=>),Google Map View],[bms_inventory(=>{type:link, format:weblink}, BMS Link,newtab=>), BMS Inventory],[bms_detail(=>{type:link, format:weblink},BMS Link,newtab=>), BMS Detailed View]", "f_class_color": "#29ffa4", "spans": 1.0, "span_arrangement": "31.4", "completion_year": "1980", "bridge_no": "221234900521" }, "geometry": { "type": "Point", "coordinates": [ 90.0891335, 22.209524694443999 ] } },
{ "type": "Feature", "properties": { "bridge_id": "109378", "SL": 915, "image_pop": "8088/bms/assets/uploads/images/prudential_images/bridges/bridge_9378/1715161450.jpg", "bridge_name": "Badarkhali Steel Girder Bridge", "bridge_type": "Steel Girder Bridge", "road_no": "Z8814", "zone": "Barishal", "circle": "Patuakhali", "division": "Barguna", "sub-division": "Barguna", "sae": "SO-Barguna-1", "bridge_length_(m)": 37.7, "bridge_width_(m)": 3.8, "chainage_(km)": "1+296", "xcoord": 90.1005215, "ycoord": 22.209031777778002, "map_link": "https://maps.google.com/?q=22.20903177777800000,90.10052150000000000&z=8&t=k", "bms_detail": "http://bms.rhd.gov.bd:8088/bms/bridges/detail_view/109378", "bms_inventory": "http://bms.rhd.gov.bd:8088/bms/bridges/inventory_view/109378", "keys": "[bridge_name, Bridge Name], [bridge_type,Type], [chainage_(km), Chainage (km)], [road_no, On Road], [division, Division], [subdivision, Subdivision], [bridge_length_(m), Length (m)], [bridge_width_(m), Width (m)],[map_link(=>{type:link, format:weblink}, Google Map,newtab=>),Google Map View],[bms_inventory(=>{type:link, format:weblink}, BMS Link,newtab=>), BMS Inventory],[bms_detail(=>{type:link, format:weblink},BMS Link,newtab=>), BMS Detailed View]", "f_class_color": "#b15dec", "spans": 6.0, "span_arrangement": "5+5+5.6+6.5+5.6+5", "completion_year": "1970", "bridge_no": "221233900602" }, "geometry": { "type": "Point", "coordinates": [ 90.1005215, 22.209031777778002 ] } },
{ "type": "Feature", "properties": { "bridge_id": "106447", "SL": 918, "image_pop": "8088/bms/assets/uploads/images/prudential_images/bridges/bridge_6447/1705135675.jpg", "bridge_name": "Badarpur RCC Girder Bridge", "bridge_type": "RC Girder Bridge", "road_no": "N8", "zone": "Barishal", "circle": "Patuakhali", "division": "Patuakhali", "sub-division": "Patuakhali", "sae": "SO-Patuakhali-1", "bridge_length_(m)": 13.0, "bridge_width_(m)": 8.0, "chainage_(km)": "198+097", "xcoord": 90.329527777777997, "ycoord": 22.419881083332999, "map_link": "https://maps.google.com/?q=22.41988108333300000,90.32952777777800000&z=8&t=k", "bms_detail": "http://bms.rhd.gov.bd:8088/bms/bridges/detail_view/106447", "bms_inventory": "http://bms.rhd.gov.bd:8088/bms/bridges/inventory_view/106447", "keys": "[bridge_name, Bridge Name], [bridge_type,Type], [chainage_(km), Chainage (km)], [road_no, On Road], [division, Division], [subdivision, Subdivision], [bridge_length_(m), Length (m)], [bridge_width_(m), Width (m)],[map_link(=>{type:link, format:weblink}, Google Map,newtab=>),Google Map View],[bms_inventory(=>{type:link, format:weblink}, BMS Link,newtab=>), BMS Inventory],[bms_detail(=>{type:link, format:weblink},BMS Link,newtab=>), BMS Detailed View]", "f_class_color": "#e8f674", "spans": 1.0, "span_arrangement": "13", "completion_year": "2002", "bridge_no": "222512901946" }, "geometry": { "type": "Point", "coordinates": [ 90.329527777777997, 22.419881083332999 ] } },
{ "type": "Feature", "properties": { "bridge_id": "105302", "SL": 933, "image_pop": "8088/bms/assets/uploads/images/prudential_images/bridges/bridge_5302/1698487714.jpg", "bridge_name": "Badla Bridge", "bridge_type": "RC Girder Bridge", "road_no": "Z8033", "zone": "Barishal", "circle": "Barishal", "division": "Barishal", "sub-division": "Barishal-2", "sae": "SO-Barishal Sub Division-2-1", "bridge_length_(m)": 5.9, "bridge_width_(m)": 6.8, "chainage_(km)": "5+962", "xcoord": 90.2702778, "ycoord": 22.7675, "map_link": "https://maps.google.com/?q=22.76750000000000000,90.27027780000000000&z=8&t=k", "bms_detail": "http://bms.rhd.gov.bd:8088/bms/bridges/detail_view/105302", "bms_inventory": "http://bms.rhd.gov.bd:8088/bms/bridges/inventory_view/105302", "keys": "[bridge_name, Bridge Name], [bridge_type,Type], [chainage_(km), Chainage (km)], [road_no, On Road], [division, Division], [subdivision, Subdivision], [bridge_length_(m), Length (m)], [bridge_width_(m), Width (m)],[map_link(=>{type:link, format:weblink}, Google Map,newtab=>),Google Map View],[bms_inventory(=>{type:link, format:weblink}, BMS Link,newtab=>), BMS Inventory],[bms_detail(=>{type:link, format:weblink},BMS Link,newtab=>), BMS Detailed View]", "f_class_color": "#e8f674", "spans": 1.0, "span_arrangement": "5.9", "completion_year": "2009", "bridge_no": "227807902554" }, "geometry": { "type": "Point", "coordinates": [ 90.2702778, 22.7675 ] } },
{ "type": "Feature", "properties": { "bridge_id": "106909", "SL": 941, "image_pop": "8088/bms/assets/uploads/images/prudential_images/bridges/bridge_6909/1706682390.jpg", "bridge_name": "Badura Bazar RCC Girder Bridge", "bridge_type": "RC Girder Bridge", "road_no": "Z8804", "zone": "Barishal", "circle": "Patuakhali", "division": "Patuakhali", "sub-division": "Patuakhali", "sae": "SO-Patuakhali-1", "bridge_length_(m)": 50.9, "bridge_width_(m)": 4.6, "chainage_(km)": "15+354", "xcoord": 90.335741194443997, "ycoord": 22.259356277778, "map_link": "https://maps.google.com/?q=22.25935627777800000,90.33574119444400000&z=8&t=k", "bms_detail": "http://bms.rhd.gov.bd:8088/bms/bridges/detail_view/106909", "bms_inventory": "http://bms.rhd.gov.bd:8088/bms/bridges/inventory_view/106909", "keys": "[bridge_name, Bridge Name], [bridge_type,Type], [chainage_(km), Chainage (km)], [road_no, On Road], [division, Division], [subdivision, Subdivision], [bridge_length_(m), Length (m)], [bridge_width_(m), Width (m)],[map_link(=>{type:link, format:weblink}, Google Map,newtab=>),Google Map View],[bms_inventory(=>{type:link, format:weblink}, BMS Link,newtab=>), BMS Inventory],[bms_detail(=>{type:link, format:weblink},BMS Link,newtab=>), BMS Detailed View]", "f_class_color": "#e8f674", "spans": 3.0, "span_arrangement": "15.8+19+16.1", "completion_year": "2000", "bridge_no": "221534902009" }, "geometry": { "type": "Point", "coordinates": [ 90.335741194443997, 22.259356277778 ] } },
{ "type": "Feature", "properties": { "bridge_id": "109413", "SL": 973, "image_pop": "8088/bms/assets/uploads/images/prudential_images/bridges/bridge_9413/1715237121.jpg", "bridge_name": "Baghajora PC Girder Bridge", "bridge_type": "PC Girder Bridge", "road_no": "Z7704", "zone": "Barishal", "circle": "Barishal", "division": "Pirojpur", "sub-division": "Pirojpur", "sae": "SO-Pirojpur-1", "bridge_length_(m)": 31.0, "bridge_width_(m)": 10.4, "chainage_(km)": "26+130", "xcoord": 89.949285777778002, "ycoord": 22.804749194444, "map_link": "https://maps.google.com/?q=22.80474919444400000,89.94928577777800000&z=8&t=k", "bms_detail": "http://bms.rhd.gov.bd:8088/bms/bridges/detail_view/109413", "bms_inventory": "http://bms.rhd.gov.bd:8088/bms/bridges/inventory_view/109413", "keys": "[bridge_name, Bridge Name], [bridge_type,Type], [chainage_(km), Chainage (km)], [road_no, On Road], [division, Division], [subdivision, Subdivision], [bridge_length_(m), Length (m)], [bridge_width_(m), Width (m)],[map_link(=>{type:link, format:weblink}, Google Map,newtab=>),Google Map View],[bms_inventory(=>{type:link, format:weblink}, BMS Link,newtab=>), BMS Inventory],[bms_detail(=>{type:link, format:weblink},BMS Link,newtab=>), BMS Detailed View]", "f_class_color": "#6ebed6", "spans": 1.0, "span_arrangement": "31", "completion_year": "2012", "bridge_no": "224817895657" }, "geometry": { "type": "Point", "coordinates": [ 89.949285777778002, 22.804749194444 ] } },
{ "type": "Feature", "properties": { "bridge_id": "105363", "SL": 1058, "image_pop": "8088/bms/assets/img/no_picture.png", "bridge_name": "Baishari Baily Bridge", "bridge_type": "Portable Steel Bridge", "road_no": "Z7710", "zone": "Barishal", "circle": "Barishal", "division": "Barishal", "sub-division": "Barishal -1", "sae": "SO-Barishal Sub Division-1-2", "bridge_length_(m)": 37.2, "bridge_width_(m)": 4.1, "chainage_(km)": "5+150", "xcoord": 90.1266667, "ycoord": 22.7941667, "map_link": "https://maps.google.com/?q=22.79416670000000000,90.12666670000000000&z=8&t=k", "bms_detail": "http://bms.rhd.gov.bd:8088/bms/bridges/detail_view/105363", "bms_inventory": "http://bms.rhd.gov.bd:8088/bms/bridges/inventory_view/105363", "keys": "[bridge_name, Bridge Name], [bridge_type,Type], [chainage_(km), Chainage (km)], [road_no, On Road], [division, Division], [subdivision, Subdivision], [bridge_length_(m), Length (m)], [bridge_width_(m), Width (m)],[map_link(=>{type:link, format:weblink}, Google Map,newtab=>),Google Map View],[bms_inventory(=>{type:link, format:weblink}, BMS Link,newtab=>), BMS Inventory],[bms_detail(=>{type:link, format:weblink},BMS Link,newtab=>), BMS Detailed View]", "f_class_color": "#29ffa4", "spans": 1.0, "span_arrangement": "37.2", "completion_year": "1980", "bridge_no": "227995901236" }, "geometry": { "type": "Point", "coordinates": [ 90.1266667, 22.7941667 ] } },
{ "type": "Feature", "properties": { "bridge_id": "105355", "SL": 1059, "image_pop": "8088/bms/assets/img/no_picture.png", "bridge_name": "Baishari Bazar Bridge", "bridge_type": "RC Girder Bridge", "road_no": "Z7710", "zone": "Barishal", "circle": "Barishal", "division": "Barishal", "sub-division": "Barishal -1", "sae": "SO-Barishal Sub Division-1-2", "bridge_length_(m)": 7.3, "bridge_width_(m)": 4.1, "chainage_(km)": "4+870", "xcoord": 90.1269444, "ycoord": 22.7916667, "map_link": "https://maps.google.com/?q=22.79166670000000000,90.12694440000000000&z=8&t=k", "bms_detail": "http://bms.rhd.gov.bd:8088/bms/bridges/detail_view/105355", "bms_inventory": "http://bms.rhd.gov.bd:8088/bms/bridges/inventory_view/105355", "keys": "[bridge_name, Bridge Name], [bridge_type,Type], [chainage_(km), Chainage (km)], [road_no, On Road], [division, Division], [subdivision, Subdivision], [bridge_length_(m), Length (m)], [bridge_width_(m), Width (m)],[map_link(=>{type:link, format:weblink}, Google Map,newtab=>),Google Map View],[bms_inventory(=>{type:link, format:weblink}, BMS Link,newtab=>), BMS Inventory],[bms_detail(=>{type:link, format:weblink},BMS Link,newtab=>), BMS Detailed View]", "f_class_color": "#e8f674", "spans": 1.0, "span_arrangement": "7.3", "completion_year": "1988", "bridge_no": "227921901271" }, "geometry": { "type": "Point", "coordinates": [ 90.1269444, 22.7916667 ] } },
{ "type": "Feature", "properties": { "bridge_id": "105348", "SL": 1108, "image_pop": "8088/bms/assets/img/no_picture.png", "bridge_name": "Bakai Bazar Notun PC Girder Bridge", "bridge_type": "PC Girder Bridge", "road_no": "Z8603", "zone": "Barishal", "circle": "Barishal", "division": "Barishal", "sub-division": "Barishal -1", "sae": "SO-Barishal Sub Division-1-3", "bridge_length_(m)": 24.7, "bridge_width_(m)": 10.5, "chainage_(km)": "6+826", "xcoord": 90.1616667, "ycoord": 22.9683333, "map_link": "https://maps.google.com/?q=22.96833330000000000,90.16166670000000000&z=8&t=k", "bms_detail": "http://bms.rhd.gov.bd:8088/bms/bridges/detail_view/105348", "bms_inventory": "http://bms.rhd.gov.bd:8088/bms/bridges/inventory_view/105348", "keys": "[bridge_name, Bridge Name], [bridge_type,Type], [chainage_(km), Chainage (km)], [road_no, On Road], [division, Division], [subdivision, Subdivision], [bridge_length_(m), Length (m)], [bridge_width_(m), Width (m)],[map_link(=>{type:link, format:weblink}, Google Map,newtab=>),Google Map View],[bms_inventory(=>{type:link, format:weblink}, BMS Link,newtab=>), BMS Inventory],[bms_detail(=>{type:link, format:weblink},BMS Link,newtab=>), BMS Detailed View]", "f_class_color": "#6ebed6", "spans": 1.0, "span_arrangement": "24.7", "completion_year": "2014", "bridge_no": "225860909041" }, "geometry": { "type": "Point", "coordinates": [ 90.1616667, 22.9683333 ] } },
{ "type": "Feature", "properties": { "bridge_id": "105672", "SL": 1116, "image_pop": "8088/bms/assets/uploads/images/prudential_images/bridges/bridge_5672/1701497558.jpg", "bridge_name": "Bakerganj Bridge", "bridge_type": "PC Girder Bridge", "road_no": "N8", "zone": "Barishal", "circle": "Barishal", "division": "Barishal", "sub-division": "Barishal-2", "sae": "SO-Barishal Sub Division-2-1", "bridge_length_(m)": 30.2, "bridge_width_(m)": 10.3, "chainage_(km)": "184+118", "xcoord": 90.333241388888993, "ycoord": 22.540713333332999, "map_link": "https://maps.google.com/?q=22.54071333333300000,90.33324138888900000&z=8&t=k", "bms_detail": "http://bms.rhd.gov.bd:8088/bms/bridges/detail_view/105672", "bms_inventory": "http://bms.rhd.gov.bd:8088/bms/bridges/inventory_view/105672", "keys": "[bridge_name, Bridge Name], [bridge_type,Type], [chainage_(km), Chainage (km)], [road_no, On Road], [division, Division], [subdivision, Subdivision], [bridge_length_(m), Length (m)], [bridge_width_(m), Width (m)],[map_link(=>{type:link, format:weblink}, Google Map,newtab=>),Google Map View],[bms_inventory(=>{type:link, format:weblink}, BMS Link,newtab=>), BMS Inventory],[bms_detail(=>{type:link, format:weblink},BMS Link,newtab=>), BMS Detailed View]", "f_class_color": "#6ebed6", "spans": 1.0, "span_arrangement": "30.2", "completion_year": "2019", "bridge_no": "223227901960" }, "geometry": { "type": "Point", "coordinates": [ 90.333241388888993, 22.540713333332999 ] } },
{ "type": "Feature", "properties": { "bridge_id": "110146", "SL": 1152, "image_pop": "8088/bms/assets/uploads/images/prudential_images/bridges/bridge_10146/1717841590.jpg", "bridge_name": "Baleswar PC Girder Bridge", "bridge_type": "PC Girder Bridge", "road_no": "R770", "zone": "Barishal", "circle": "Barishal", "division": "Pirojpur", "sub-division": "Pirojpur", "sae": "SO-Pirojpur-1", "bridge_length_(m)": 337.0, "bridge_width_(m)": 12.1, "chainage_(km)": "40+047", "xcoord": 89.961460277778002, "ycoord": 22.570780388888998, "map_link": "https://maps.google.com/?q=22.57078038888900000,89.96146027777800000&z=8&t=k", "bms_detail": "http://bms.rhd.gov.bd:8088/bms/bridges/detail_view/110146", "bms_inventory": "http://bms.rhd.gov.bd:8088/bms/bridges/inventory_view/110146", "keys": "[bridge_name, Bridge Name], [bridge_type,Type], [chainage_(km), Chainage (km)], [road_no, On Road], [division, Division], [subdivision, Subdivision], [bridge_length_(m), Length (m)], [bridge_width_(m), Width (m)],[map_link(=>{type:link, format:weblink}, Google Map,newtab=>),Google Map View],[bms_inventory(=>{type:link, format:weblink}, BMS Link,newtab=>), BMS Inventory],[bms_detail(=>{type:link, format:weblink},BMS Link,newtab=>), BMS Detailed View]", "f_class_color": "#6ebed6", "spans": 9.0, "span_arrangement": "37.8+37.4+37.4+37+37.2+37.2+37.2+37.5+38.1", "completion_year": "2000", "bridge_no": "223415895741" }, "geometry": { "type": "Point", "coordinates": [ 89.961460277778002, 22.570780388888998 ] } },
{ "type": "Feature", "properties": { "bridge_id": "109619", "SL": 1173, "image_pop": "8088/bms/assets/img/no_picture.png", "bridge_name": "Balipara Baily Bridge", "bridge_type": "Portable Steel Bridge", "road_no": "Z7711", "zone": "Barishal", "circle": "Barishal", "division": "Pirojpur", "sub-division": "Pirojpur", "sae": "SO-Pirojpur-1", "bridge_length_(m)": 30.0, "bridge_width_(m)": 3.81, "chainage_(km)": "10+268", "xcoord": 89.933943194443998, "ycoord": 22.429101694444, "map_link": "https://maps.google.com/?q=22.42910169444400000,89.93394319444400000&z=8&t=k", "bms_detail": "http://bms.rhd.gov.bd:8088/bms/bridges/detail_view/109619", "bms_inventory": "http://bms.rhd.gov.bd:8088/bms/bridges/inventory_view/109619", "keys": "[bridge_name, Bridge Name], [bridge_type,Type], [chainage_(km), Chainage (km)], [road_no, On Road], [division, Division], [subdivision, Subdivision], [bridge_length_(m), Length (m)], [bridge_width_(m), Width (m)],[map_link(=>{type:link, format:weblink}, Google Map,newtab=>),Google Map View],[bms_inventory(=>{type:link, format:weblink}, BMS Link,newtab=>), BMS Inventory],[bms_detail(=>{type:link, format:weblink},BMS Link,newtab=>), BMS Detailed View]", "f_class_color": "#29ffa4", "spans": 1.0, "span_arrangement": "30", "completion_year": "2005", "bridge_no": "222545895602" }, "geometry": { "type": "Point", "coordinates": [ 89.933943194443998, 22.429101694444 ] } },
{ "type": "Feature", "properties": { "bridge_id": "105260", "SL": 1228, "image_pop": "8088/bms/assets/img/no_picture.png", "bridge_name": "Bamrail Bridge", "bridge_type": "RC Girder Bridge", "road_no": "N8", "zone": "Barishal", "circle": "Barishal", "division": "Barishal", "sub-division": "Barishal -1", "sae": "SO-Barishal Sub Division-1-3", "bridge_length_(m)": 25.4, "bridge_width_(m)": 7.0, "chainage_(km)": "136+784", "xcoord": 90.2577778, "ycoord": 22.8886111, "map_link": "https://maps.google.com/?q=22.88861110000000000,90.25777780000000000&z=8&t=k", "bms_detail": "http://bms.rhd.gov.bd:8088/bms/bridges/detail_view/105260", "bms_inventory": "http://bms.rhd.gov.bd:8088/bms/bridges/inventory_view/105260", "keys": "[bridge_name, Bridge Name], [bridge_type,Type], [chainage_(km), Chainage (km)], [road_no, On Road], [division, Division], [subdivision, Subdivision], [bridge_length_(m), Length (m)], [bridge_width_(m), Width (m)],[map_link(=>{type:link, format:weblink}, Google Map,newtab=>),Google Map View],[bms_inventory(=>{type:link, format:weblink}, BMS Link,newtab=>), BMS Inventory],[bms_detail(=>{type:link, format:weblink},BMS Link,newtab=>), BMS Detailed View]", "f_class_color": "#e8f674", "spans": 1.0, "span_arrangement": "25.4", "completion_year": "1950", "bridge_no": "228890902576" }, "geometry": { "type": "Point", "coordinates": [ 90.2577778, 22.8886111 ] } },
{ "type": "Feature", "properties": { "bridge_id": "109046", "SL": 1240, "image_pop": "8088/bms/assets/uploads/images/prudential_images/bridges/bridge_9046/1713952441.jpg", "bridge_name": "Banai Bailey Bridge", "bridge_type": "Portable Steel Bridge", "road_no": "Z8740", "zone": "Barishal", "circle": "Barishal", "division": "Jhalokati", "sub-division": "Jhalokati", "sae": "SO-Jhalokati-2", "bridge_length_(m)": 15.3, "bridge_width_(m)": 3.31, "chainage_(km)": "9+445", "xcoord": 90.036254, "ycoord": 22.431700666666998, "map_link": "https://maps.google.com/?q=22.43170066666700000,90.03625400000000000&z=8&t=k", "bms_detail": "http://bms.rhd.gov.bd:8088/bms/bridges/detail_view/109046", "bms_inventory": "http://bms.rhd.gov.bd:8088/bms/bridges/inventory_view/109046", "keys": "[bridge_name, Bridge Name], [bridge_type,Type], [chainage_(km), Chainage (km)], [road_no, On Road], [division, Division], [subdivision, Subdivision], [bridge_length_(m), Length (m)], [bridge_width_(m), Width (m)],[map_link(=>{type:link, format:weblink}, Google Map,newtab=>),Google Map View],[bms_inventory(=>{type:link, format:weblink}, BMS Link,newtab=>), BMS Inventory],[bms_detail(=>{type:link, format:weblink},BMS Link,newtab=>), BMS Detailed View]", "f_class_color": "#29ffa4", "spans": 1.0, "span_arrangement": "15.3", "completion_year": "2018", "bridge_no": "222554900211" }, "geometry": { "type": "Point", "coordinates": [ 90.036254, 22.431700666666998 ] } },
{ "type": "Feature", "properties": { "bridge_id": "109523", "SL": 1258, "image_pop": "8088/bms/assets/uploads/images/prudential_images/bridges/bridge_9523/1715592212.jpg", "bridge_name": "Bandhagata Bazar Bailey Bridge", "bridge_type": "Portable Steel Bridge", "road_no": "Z8705", "zone": "Barishal", "circle": "Barishal", "division": "Jhalokati", "sub-division": "Jhalokati", "sae": "SO-Jhalokati-2", "bridge_length_(m)": 21.3, "bridge_width_(m)": 3.56, "chainage_(km)": "10+188", "xcoord": 90.118339388888998, "ycoord": 22.417228694443999, "map_link": "https://maps.google.com/?q=22.41722869444400000,90.11833938888900000&z=8&t=k", "bms_detail": "http://bms.rhd.gov.bd:8088/bms/bridges/detail_view/109523", "bms_inventory": "http://bms.rhd.gov.bd:8088/bms/bridges/inventory_view/109523", "keys": "[bridge_name, Bridge Name], [bridge_type,Type], [chainage_(km), Chainage (km)], [road_no, On Road], [division, Division], [subdivision, Subdivision], [bridge_length_(m), Length (m)], [bridge_width_(m), Width (m)],[map_link(=>{type:link, format:weblink}, Google Map,newtab=>),Google Map View],[bms_inventory(=>{type:link, format:weblink}, BMS Link,newtab=>), BMS Inventory],[bms_detail(=>{type:link, format:weblink},BMS Link,newtab=>), BMS Detailed View]", "f_class_color": "#29ffa4", "spans": 1.0, "span_arrangement": "21.3", "completion_year": "2000", "bridge_no": "222502900706" }, "geometry": { "type": "Point", "coordinates": [ 90.118339388888998, 22.417228694443999 ] } },
{ "type": "Feature", "properties": { "bridge_id": "109418", "SL": 1306, "image_pop": "8088/bms/assets/uploads/images/prudential_images/bridges/bridge_9418/1715244842.jpg", "bridge_name": "Banglabazar PC Girder Bridge", "bridge_type": "PC Girder Bridge", "road_no": "R890", "zone": "Barishal", "circle": "Barishal", "division": "Bhola", "sub-division": "Bhola", "sae": "SO-Bhola-2", "bridge_length_(m)": 43.3, "bridge_width_(m)": 10.4, "chainage_(km)": "16+510", "xcoord": 90.658236888888993, "ycoord": 22.593254, "map_link": "https://maps.google.com/?q=22.59325400000000000,90.65823688888900000&z=8&t=k", "bms_detail": "http://bms.rhd.gov.bd:8088/bms/bridges/detail_view/109418", "bms_inventory": "http://bms.rhd.gov.bd:8088/bms/bridges/inventory_view/109418", "keys": "[bridge_name, Bridge Name], [bridge_type,Type], [chainage_(km), Chainage (km)], [road_no, On Road], [division, Division], [subdivision, Subdivision], [bridge_length_(m), Length (m)], [bridge_width_(m), Width (m)],[map_link(=>{type:link, format:weblink}, Google Map,newtab=>),Google Map View],[bms_inventory(=>{type:link, format:weblink}, BMS Link,newtab=>), BMS Inventory],[bms_detail(=>{type:link, format:weblink},BMS Link,newtab=>), BMS Detailed View]", "f_class_color": "#6ebed6", "spans": 1.0, "span_arrangement": "43.3", "completion_year": "2018", "bridge_no": "223536903930" }, "geometry": { "type": "Point", "coordinates": [ 90.658236888888993, 22.593254 ] } },
{ "type": "Feature", "properties": { "bridge_id": "107489", "SL": 1435, "image_pop": "8088/bms/assets/uploads/images/prudential_images/bridges/bridge_7489/1709283313.jpg", "bridge_name": "Barguna Fish Market RCC Girder Bridge", "bridge_type": "RC Girder Bridge", "road_no": "R880", "zone": "Barishal", "circle": "Patuakhali", "division": "Barguna", "sub-division": "Barguna", "sae": "SO-Barguna-1", "bridge_length_(m)": 30.6, "bridge_width_(m)": 9.4, "chainage_(km)": "43+419", "xcoord": 90.120559583333005, "ycoord": 22.160631388889001, "map_link": "https://maps.google.com/?q=22.16063138888900000,90.12055958333300000&z=8&t=k", "bms_detail": "http://bms.rhd.gov.bd:8088/bms/bridges/detail_view/107489", "bms_inventory": "http://bms.rhd.gov.bd:8088/bms/bridges/inventory_view/107489", "keys": "[bridge_name, Bridge Name], [bridge_type,Type], [chainage_(km), Chainage (km)], [road_no, On Road], [division, Division], [subdivision, Subdivision], [bridge_length_(m), Length (m)], [bridge_width_(m), Width (m)],[map_link(=>{type:link, format:weblink}, Google Map,newtab=>),Google Map View],[bms_inventory(=>{type:link, format:weblink}, BMS Link,newtab=>), BMS Inventory],[bms_detail(=>{type:link, format:weblink},BMS Link,newtab=>), BMS Detailed View]", "f_class_color": "#e8f674", "spans": 3.0, "span_arrangement": "10.3+10.1+10.2", "completion_year": "2000", "bridge_no": "220938900714" }, "geometry": { "type": "Point", "coordinates": [ 90.120559583333005, 22.160631388889001 ] } },
{ "type": "Feature", "properties": { "bridge_id": "109596", "SL": 1523, "image_pop": "8088/bms/assets/uploads/images/prudential_images/bridges/bridge_9596/1715836133.jpg", "bridge_name": "Basanda Bailey Bridge", "bridge_type": "Portable Steel Bridge", "road_no": "R870", "zone": "Barishal", "circle": "Barishal", "division": "Jhalokati", "sub-division": "Jhalokati", "sae": "SO-Jhalokati-1", "bridge_length_(m)": 123.2, "bridge_width_(m)": 8.2, "chainage_(km)": "17+701", "xcoord": 90.195403, "ycoord": 22.651805083332999, "map_link": "https://maps.google.com/?q=22.65180508333300000,90.19540300000000000&z=8&t=k", "bms_detail": "http://bms.rhd.gov.bd:8088/bms/bridges/detail_view/109596", "bms_inventory": "http://bms.rhd.gov.bd:8088/bms/bridges/inventory_view/109596", "keys": "[bridge_name, Bridge Name], [bridge_type,Type], [chainage_(km), Chainage (km)], [road_no, On Road], [division, Division], [subdivision, Subdivision], [bridge_length_(m), Length (m)], [bridge_width_(m), Width (m)],[map_link(=>{type:link, format:weblink}, Google Map,newtab=>),Google Map View],[bms_inventory(=>{type:link, format:weblink}, BMS Link,newtab=>), BMS Inventory],[bms_detail(=>{type:link, format:weblink},BMS Link,newtab=>), BMS Detailed View]", "f_class_color": "#29ffa4", "spans": 3.0, "span_arrangement": "40.8+41.2+41.2", "completion_year": "1990", "bridge_no": "223906901143" }, "geometry": { "type": "Point", "coordinates": [ 90.195403, 22.651805083332999 ] } },
{ "type": "Feature", "properties": { "bridge_id": "107741", "SL": 1527, "image_pop": "8088/bms/assets/uploads/images/prudential_images/bridges/bridge_7741/1709981657.jpg", "bridge_name": "Basanda RCC Girder Bridge", "bridge_type": "RC Girder Bridge", "road_no": "Z8052", "zone": "Barishal", "circle": "Patuakhali", "division": "Barguna", "sub-division": "Barguna", "sae": "SO-Barguna-1", "bridge_length_(m)": 36.8, "bridge_width_(m)": 7.7, "chainage_(km)": "10+300", "xcoord": 90.189116194443997, "ycoord": 22.397267777778001, "map_link": "https://maps.google.com/?q=22.39726777777800000,90.18911619444400000&z=8&t=k", "bms_detail": "http://bms.rhd.gov.bd:8088/bms/bridges/detail_view/107741", "bms_inventory": "http://bms.rhd.gov.bd:8088/bms/bridges/inventory_view/107741", "keys": "[bridge_name, Bridge Name], [bridge_type,Type], [chainage_(km), Chainage (km)], [road_no, On Road], [division, Division], [subdivision, Subdivision], [bridge_length_(m), Length (m)], [bridge_width_(m), Width (m)],[map_link(=>{type:link, format:weblink}, Google Map,newtab=>),Google Map View],[bms_inventory(=>{type:link, format:weblink}, BMS Link,newtab=>), BMS Inventory],[bms_detail(=>{type:link, format:weblink},BMS Link,newtab=>), BMS Detailed View]", "f_class_color": "#e8f674", "spans": 3.0, "span_arrangement": "12.7+12+12.1", "completion_year": "2010", "bridge_no": "222351901121" }, "geometry": { "type": "Point", "coordinates": [ 90.189116194443997, 22.397267777778001 ] } },
{ "type": "Feature", "properties": { "bridge_id": "109708", "SL": 1567, "image_pop": "8088/bms/assets/uploads/images/prudential_images/bridges/bridge_9708/1716103885.jpg", "bridge_name": "Bashuri Bailey Bridge", "bridge_type": "Portable Steel Bridge", "road_no": "Z8033", "zone": "Barishal", "circle": "Barishal", "division": "Pirojpur", "sub-division": "Kawkhali", "sae": "SO-Kawkhali-1", "bridge_length_(m)": 31.3, "bridge_width_(m)": 3.4, "chainage_(km)": "44+320", "xcoord": 90.072563777778001, "ycoord": 22.612837194444001, "map_link": "https://maps.google.com/?q=22.61283719444400000,90.07256377777800000&z=8&t=k", "bms_detail": "http://bms.rhd.gov.bd:8088/bms/bridges/detail_view/109708", "bms_inventory": "http://bms.rhd.gov.bd:8088/bms/bridges/inventory_view/109708", "keys": "[bridge_name, Bridge Name], [bridge_type,Type], [chainage_(km), Chainage (km)], [road_no, On Road], [division, Division], [subdivision, Subdivision], [bridge_length_(m), Length (m)], [bridge_width_(m), Width (m)],[map_link(=>{type:link, format:weblink}, Google Map,newtab=>),Google Map View],[bms_inventory(=>{type:link, format:weblink}, BMS Link,newtab=>), BMS Inventory],[bms_detail(=>{type:link, format:weblink},BMS Link,newtab=>), BMS Detailed View]", "f_class_color": "#29ffa4", "spans": 1.0, "span_arrangement": "31.3", "completion_year": "1990", "bridge_no": "223646900421" }, "geometry": { "type": "Point", "coordinates": [ 90.072563777778001, 22.612837194444001 ] } },
{ "type": "Feature", "properties": { "bridge_id": "107311", "SL": 1593, "image_pop": "8088/bms/assets/img/no_picture.png", "bridge_name": "Batajhor RCC Box Girder Bridge", "bridge_type": "RC Girder Bridge", "road_no": "N8", "zone": "Barishal", "circle": "Barishal", "division": "Barishal", "sub-division": "Barishal -1", "sae": "SO-Barishal Sub Division-1-1", "bridge_length_(m)": 17.4, "bridge_width_(m)": 8.49, "chainage_(km)": "134+602", "xcoord": 90.248630833332996, "ycoord": 22.906545, "map_link": "https://maps.google.com/?q=22.90654500000000000,90.24863083333300000&z=8&t=k", "bms_detail": "http://bms.rhd.gov.bd:8088/bms/bridges/detail_view/107311", "bms_inventory": "http://bms.rhd.gov.bd:8088/bms/bridges/inventory_view/107311", "keys": "[bridge_name, Bridge Name], [bridge_type,Type], [chainage_(km), Chainage (km)], [road_no, On Road], [division, Division], [subdivision, Subdivision], [bridge_length_(m), Length (m)], [bridge_width_(m), Width (m)],[map_link(=>{type:link, format:weblink}, Google Map,newtab=>),Google Map View],[bms_inventory(=>{type:link, format:weblink}, BMS Link,newtab=>), BMS Inventory],[bms_detail(=>{type:link, format:weblink},BMS Link,newtab=>), BMS Detailed View]", "f_class_color": "#e8f674", "spans": 1.0, "span_arrangement": "17.4", "completion_year": "1965", "bridge_no": "2254356901455" }, "geometry": { "type": "Point", "coordinates": [ 90.248630833332996, 22.906545 ] } },
{ "type": "Feature", "properties": { "bridge_id": "109646", "SL": 1617, "image_pop": "8088/bms/assets/uploads/images/prudential_images/bridges/bridge_9646/1716024109.jpg", "bridge_name": "Batiakatha RCC Girder Bridge", "bridge_type": "RC Girder Bridge", "road_no": "Z7710", "zone": "Barishal", "circle": "Barishal", "division": "Pirojpur", "sub-division": "Pirojpur", "sae": "SO-Pirojpur-2", "bridge_length_(m)": 22.0, "bridge_width_(m)": 7.2, "chainage_(km)": "23+846", "xcoord": 90.036102194443998, "ycoord": 22.808007, "map_link": "https://maps.google.com/?q=22.80800700000000000,90.03610219444400000&z=8&t=k", "bms_detail": "http://bms.rhd.gov.bd:8088/bms/bridges/detail_view/109646", "bms_inventory": "http://bms.rhd.gov.bd:8088/bms/bridges/inventory_view/109646", "keys": "[bridge_name, Bridge Name], [bridge_type,Type], [chainage_(km), Chainage (km)], [road_no, On Road], [division, Division], [subdivision, Subdivision], [bridge_length_(m), Length (m)], [bridge_width_(m), Width (m)],[map_link(=>{type:link, format:weblink}, Google Map,newtab=>),Google Map View],[bms_inventory(=>{type:link, format:weblink}, BMS Link,newtab=>), BMS Inventory],[bms_detail(=>{type:link, format:weblink},BMS Link,newtab=>), BMS Detailed View]", "f_class_color": "#e8f674", "spans": 1.0, "span_arrangement": "22", "completion_year": "1990", "bridge_no": "224829900210" }, "geometry": { "type": "Point", "coordinates": [ 90.036102194443998, 22.808007 ] } },
{ "type": "Feature", "properties": { "bridge_id": "109649", "SL": 1618, "image_pop": "8088/bms/assets/uploads/images/prudential_images/bridges/bridge_9649/1716024666.jpg", "bridge_name": "Batiakhata RCC Slab Bridge 1", "bridge_type": "RC Slab Bridge", "road_no": "Z7710", "zone": "Barishal", "circle": "Barishal", "division": "Pirojpur", "sub-division": "Pirojpur", "sae": "SO-Pirojpur-2", "bridge_length_(m)": 7.3, "bridge_width_(m)": 4.2, "chainage_(km)": "23+649", "xcoord": 90.038716, "ycoord": 22.807478194443998, "map_link": "https://maps.google.com/?q=22.80747819444400000,90.03871600000000000&z=8&t=k", "bms_detail": "http://bms.rhd.gov.bd:8088/bms/bridges/detail_view/109649", "bms_inventory": "http://bms.rhd.gov.bd:8088/bms/bridges/inventory_view/109649", "keys": "[bridge_name, Bridge Name], [bridge_type,Type], [chainage_(km), Chainage (km)], [road_no, On Road], [division, Division], [subdivision, Subdivision], [bridge_length_(m), Length (m)], [bridge_width_(m), Width (m)],[map_link(=>{type:link, format:weblink}, Google Map,newtab=>),Google Map View],[bms_inventory(=>{type:link, format:weblink}, BMS Link,newtab=>), BMS Inventory],[bms_detail(=>{type:link, format:weblink},BMS Link,newtab=>), BMS Detailed View]", "f_class_color": "#088afa", "spans": 1.0, "span_arrangement": "7.3", "completion_year": "1995", "bridge_no": "224827900219" }, "geometry": { "type": "Point", "coordinates": [ 90.038716, 22.807478194443998 ] } },
{ "type": "Feature", "properties": { "bridge_id": "109651", "SL": 1619, "image_pop": "8088/bms/assets/uploads/images/prudential_images/bridges/bridge_9651/1716025084.jpg", "bridge_name": "Batiakhata RCC Slab Bridge 2", "bridge_type": "RC Slab Bridge", "road_no": "Z7710", "zone": "Barishal", "circle": "Barishal", "division": "Pirojpur", "sub-division": "Pirojpur", "sae": "SO-Pirojpur-2", "bridge_length_(m)": 7.3, "bridge_width_(m)": 4.2, "chainage_(km)": "27+729", "xcoord": 90.0378295, "ycoord": 22.807655888888998, "map_link": "https://maps.google.com/?q=22.80765588888900000,90.03782950000000000&z=8&t=k", "bms_detail": "http://bms.rhd.gov.bd:8088/bms/bridges/detail_view/109651", "bms_inventory": "http://bms.rhd.gov.bd:8088/bms/bridges/inventory_view/109651", "keys": "[bridge_name, Bridge Name], [bridge_type,Type], [chainage_(km), Chainage (km)], [road_no, On Road], [division, Division], [subdivision, Subdivision], [bridge_length_(m), Length (m)], [bridge_width_(m), Width (m)],[map_link(=>{type:link, format:weblink}, Google Map,newtab=>),Google Map View],[bms_inventory(=>{type:link, format:weblink}, BMS Link,newtab=>), BMS Inventory],[bms_detail(=>{type:link, format:weblink},BMS Link,newtab=>), BMS Detailed View]", "f_class_color": "#088afa", "spans": 1.0, "span_arrangement": "7.3", "completion_year": "1995", "bridge_no": "224827900216" }, "geometry": { "type": "Point", "coordinates": [ 90.0378295, 22.807655888888998 ] } },
{ "type": "Feature", "properties": { "bridge_id": "107947", "SL": 1634, "image_pop": "8088/bms/assets/uploads/images/prudential_images/bridges/bridge_7947/1710401274.jpg", "bridge_name": "Baukathi RCC Girder Bridge", "bridge_type": "RC Girder Bridge", "road_no": "Z8704", "zone": "Barishal", "circle": "Barishal", "division": "Jhalokati", "sub-division": "Jhalokati", "sae": "SO-Jhalokati-1", "bridge_length_(m)": 11.8, "bridge_width_(m)": 4.4, "chainage_(km)": "6+951", "xcoord": 90.206360777778002, "ycoord": 22.7048475, "map_link": "https://maps.google.com/?q=22.70484750000000000,90.20636077777800000&z=8&t=k", "bms_detail": "http://bms.rhd.gov.bd:8088/bms/bridges/detail_view/107947", "bms_inventory": "http://bms.rhd.gov.bd:8088/bms/bridges/inventory_view/107947", "keys": "[bridge_name, Bridge Name], [bridge_type,Type], [chainage_(km), Chainage (km)], [road_no, On Road], [division, Division], [subdivision, Subdivision], [bridge_length_(m), Length (m)], [bridge_width_(m), Width (m)],[map_link(=>{type:link, format:weblink}, Google Map,newtab=>),Google Map View],[bms_inventory(=>{type:link, format:weblink}, BMS Link,newtab=>), BMS Inventory],[bms_detail(=>{type:link, format:weblink},BMS Link,newtab=>), BMS Detailed View]", "f_class_color": "#e8f674", "spans": 1.0, "span_arrangement": "11.8", "completion_year": "2009", "bridge_no": "224217901223" }, "geometry": { "type": "Point", "coordinates": [ 90.206360777778002, 22.7048475 ] } },
{ "type": "Feature", "properties": { "bridge_id": "106619", "SL": 1641, "image_pop": "8088/bms/assets/uploads/images/prudential_images/bridges/bridge_6619/1705831282.jpg", "bridge_name": "Bauphal Thana RCC Girder Bridge", "bridge_type": "RC Girder Bridge", "road_no": "Z8806", "zone": "Barishal", "circle": "Patuakhali", "division": "Patuakhali", "sub-division": "Patuakhali", "sae": "SO-Patuakhali-2", "bridge_length_(m)": 23.0, "bridge_width_(m)": 10.5, "chainage_(km)": "24+850", "xcoord": 90.559249277777994, "ycoord": 22.416579083333001, "map_link": "https://maps.google.com/?q=22.41657908333300000,90.55924927777800000&z=8&t=k", "bms_detail": "http://bms.rhd.gov.bd:8088/bms/bridges/detail_view/106619", "bms_inventory": "http://bms.rhd.gov.bd:8088/bms/bridges/inventory_view/106619", "keys": "[bridge_name, Bridge Name], [bridge_type,Type], [chainage_(km), Chainage (km)], [road_no, On Road], [division, Division], [subdivision, Subdivision], [bridge_length_(m), Length (m)], [bridge_width_(m), Width (m)],[map_link(=>{type:link, format:weblink}, Google Map,newtab=>),Google Map View],[bms_inventory(=>{type:link, format:weblink}, BMS Link,newtab=>), BMS Inventory],[bms_detail(=>{type:link, format:weblink},BMS Link,newtab=>), BMS Detailed View]", "f_class_color": "#e8f674", "spans": 1.0, "span_arrangement": "23", "completion_year": "2013", "bridge_no": "222500903333" }, "geometry": { "type": "Point", "coordinates": [ 90.559249277777994, 22.416579083333001 ] } },
{ "type": "Feature", "properties": { "bridge_id": "109435", "SL": 1703, "image_pop": "8088/bms/assets/uploads/images/prudential_images/bridges/bridge_9435/1715402454.jpg", "bridge_name": "Bekutia Box Girder Bridge", "bridge_type": "PC Box Girder Bridge", "road_no": "Z8702", "zone": "Barishal", "circle": "Barishal", "division": "Pirojpur", "sub-division": "Pirojpur", "sae": "SO-Pirojpur-1", "bridge_length_(m)": 1485.3, "bridge_width_(m)": 13.4, "chainage_(km)": "11+085", "xcoord": 90.030181583333004, "ycoord": 22.575008194443999, "map_link": "https://maps.google.com/?q=22.57500819444400000,90.03018158333300000&z=8&t=k", "bms_detail": "http://bms.rhd.gov.bd:8088/bms/bridges/detail_view/109435", "bms_inventory": "http://bms.rhd.gov.bd:8088/bms/bridges/inventory_view/109435", "keys": "[bridge_name, Bridge Name], [bridge_type,Type], [chainage_(km), Chainage (km)], [road_no, On Road], [division, Division], [subdivision, Subdivision], [bridge_length_(m), Length (m)], [bridge_width_(m), Width (m)],[map_link(=>{type:link, format:weblink}, Google Map,newtab=>),Google Map View],[bms_inventory(=>{type:link, format:weblink}, BMS Link,newtab=>), BMS Inventory],[bms_detail(=>{type:link, format:weblink},BMS Link,newtab=>), BMS Detailed View]", "f_class_color": "#ffbb00", "spans": 24.0, "span_arrangement": "51.4+51.4+51.4+51.4+51.4+51.4+51.4+51.4+51.4+80+80+80+80+80+80+80+51.4+51.4+51.4+51.4+51.4+51.4+51.4+51.4", "completion_year": "2022", "bridge_no": "223430890148" }, "geometry": { "type": "Point", "coordinates": [ 90.030181583333004, 22.575008194443999 ] } },
{ "type": "Feature", "properties": { "bridge_id": "105561", "SL": 1739, "image_pop": "8088/bms/assets/uploads/images/prudential_images/bridges/bridge_5561/1700644153.jpg", "bridge_name": "Beltola Bridge", "bridge_type": "RC Girder Bridge", "road_no": "Z8810", "zone": "Barishal", "circle": "Barishal", "division": "Barishal", "sub-division": "Barishal-2", "sae": "SO-Barishal Sub Division-2-1", "bridge_length_(m)": 28.0, "bridge_width_(m)": 10.26, "chainage_(km)": "3+803", "xcoord": 90.3115, "ycoord": 22.5198667, "map_link": "https://maps.google.com/?q=22.51986670000000000,90.31150000000000000&z=8&t=k", "bms_detail": "http://bms.rhd.gov.bd:8088/bms/bridges/detail_view/105561", "bms_inventory": "http://bms.rhd.gov.bd:8088/bms/bridges/inventory_view/105561", "keys": "[bridge_name, Bridge Name], [bridge_type,Type], [chainage_(km), Chainage (km)], [road_no, On Road], [division, Division], [subdivision, Subdivision], [bridge_length_(m), Length (m)], [bridge_width_(m), Width (m)],[map_link(=>{type:link, format:weblink}, Google Map,newtab=>),Google Map View],[bms_inventory(=>{type:link, format:weblink}, BMS Link,newtab=>), BMS Inventory],[bms_detail(=>{type:link, format:weblink},BMS Link,newtab=>), BMS Detailed View]", "f_class_color": "#e8f674", "spans": 1.0, "span_arrangement": "28", "completion_year": "2013", "bridge_no": "223114901833" }, "geometry": { "type": "Point", "coordinates": [ 90.3115, 22.5198667 ] } },
{ "type": "Feature", "properties": { "bridge_id": "109789", "SL": 1796, "image_pop": "8088/bms/assets/uploads/images/prudential_images/bridges/bridge_9789/1716269529.jpg", "bridge_name": "Beskhan Steel Girder Bridge", "bridge_type": "Steel Girder Bridge", "road_no": "Z8703", "zone": "Barishal", "circle": "Barishal", "division": "Pirojpur", "sub-division": "Kawkhali", "sae": "SO-Kawkhali-1", "bridge_length_(m)": 31.0, "bridge_width_(m)": 4.0, "chainage_(km)": "6+680", "xcoord": 90.103543277778002, "ycoord": 22.624181888889002, "map_link": "https://maps.google.com/?q=22.62418188888900000,90.10354327777800000&z=8&t=k", "bms_detail": "http://bms.rhd.gov.bd:8088/bms/bridges/detail_view/109789", "bms_inventory": "http://bms.rhd.gov.bd:8088/bms/bridges/inventory_view/109789", "keys": "[bridge_name, Bridge Name], [bridge_type,Type], [chainage_(km), Chainage (km)], [road_no, On Road], [division, Division], [subdivision, Subdivision], [bridge_length_(m), Length (m)], [bridge_width_(m), Width (m)],[map_link(=>{type:link, format:weblink}, Google Map,newtab=>),Google Map View],[bms_inventory(=>{type:link, format:weblink}, BMS Link,newtab=>), BMS Inventory],[bms_detail(=>{type:link, format:weblink},BMS Link,newtab=>), BMS Detailed View]", "f_class_color": "#b15dec", "spans": 5.0, "span_arrangement": "6.2+6.2+6.2+6.2+6.2", "completion_year": "1990", "bridge_no": "223727900613" }, "geometry": { "type": "Point", "coordinates": [ 90.103543277778002, 22.624181888889002 ] } },
{ "type": "Feature", "properties": { "bridge_id": "107745", "SL": 1798, "image_pop": "8088/bms/assets/uploads/images/prudential_images/bridges/bridge_7745/1709983693.jpg", "bridge_name": "Betagi Baily Bridge", "bridge_type": "Portable Steel Bridge", "road_no": "Z8803", "zone": "Barishal", "circle": "Patuakhali", "division": "Barguna", "sub-division": "Barguna", "sae": "SO-Barguna-1", "bridge_length_(m)": 36.5, "bridge_width_(m)": 3.46, "chainage_(km)": "18+175", "xcoord": 90.162641777778006, "ycoord": 22.400977888888999, "map_link": "https://maps.google.com/?q=22.40097788888900000,90.16264177777800000&z=8&t=k", "bms_detail": "http://bms.rhd.gov.bd:8088/bms/bridges/detail_view/107745", "bms_inventory": "http://bms.rhd.gov.bd:8088/bms/bridges/inventory_view/107745", "keys": "[bridge_name, Bridge Name], [bridge_type,Type], [chainage_(km), Chainage (km)], [road_no, On Road], [division, Division], [subdivision, Subdivision], [bridge_length_(m), Length (m)], [bridge_width_(m), Width (m)],[map_link(=>{type:link, format:weblink}, Google Map,newtab=>),Google Map View],[bms_inventory(=>{type:link, format:weblink}, BMS Link,newtab=>), BMS Inventory],[bms_detail(=>{type:link, format:weblink},BMS Link,newtab=>), BMS Detailed View]", "f_class_color": "#29ffa4", "spans": 1.0, "span_arrangement": "36.5", "completion_year": "2000", "bridge_no": "222404900946" }, "geometry": { "type": "Point", "coordinates": [ 90.162641777778006, 22.400977888888999 ] } },
{ "type": "Feature", "properties": { "bridge_id": "107730", "SL": 1799, "image_pop": "8088/bms/assets/uploads/images/prudential_images/bridges/bridge_7730/1709976508.jpg", "bridge_name": "Betagi Bazar RCC Girder Bridge", "bridge_type": "RC Girder Bridge", "road_no": "Z8052", "zone": "Barishal", "circle": "Patuakhali", "division": "Barguna", "sub-division": "Barguna", "sae": "SO-Barguna-1", "bridge_length_(m)": 45.3, "bridge_width_(m)": 7.1, "chainage_(km)": "6+860", "xcoord": 90.1655925, "ycoord": 22.416085277777999, "map_link": "https://maps.google.com/?q=22.41608527777800000,90.16559250000000000&z=8&t=k", "bms_detail": "http://bms.rhd.gov.bd:8088/bms/bridges/detail_view/107730", "bms_inventory": "http://bms.rhd.gov.bd:8088/bms/bridges/inventory_view/107730", "keys": "[bridge_name, Bridge Name], [bridge_type,Type], [chainage_(km), Chainage (km)], [road_no, On Road], [division, Division], [subdivision, Subdivision], [bridge_length_(m), Length (m)], [bridge_width_(m), Width (m)],[map_link(=>{type:link, format:weblink}, Google Map,newtab=>),Google Map View],[bms_inventory(=>{type:link, format:weblink}, BMS Link,newtab=>), BMS Inventory],[bms_detail(=>{type:link, format:weblink},BMS Link,newtab=>), BMS Detailed View]", "f_class_color": "#e8f674", "spans": 3.0, "span_arrangement": "15.2+14.6+15.5", "completion_year": "2009", "bridge_no": "222458900956" }, "geometry": { "type": "Point", "coordinates": [ 90.1655925, 22.416085277777999 ] } },
{ "type": "Feature", "properties": { "bridge_id": "109576", "SL": 1869, "image_pop": "8088/bms/assets/uploads/images/prudential_images/bridges/bridge_9576/1715755592.jpg", "bridge_name": "Bhandaria PC Girder Bridge", "bridge_type": "PC Girder Bridge", "road_no": "R870", "zone": "Barishal", "circle": "Barishal", "division": "Pirojpur", "sub-division": "Pirojpur", "sae": "SO-Pirojpur-1", "bridge_length_(m)": 200.7, "bridge_width_(m)": 10.2, "chainage_(km)": "14+581", "xcoord": 90.060129083332995, "ycoord": 22.486951694443999, "map_link": "https://maps.google.com/?q=22.48695169444400000,90.06012908333300000&z=8&t=k", "bms_detail": "http://bms.rhd.gov.bd:8088/bms/bridges/detail_view/109576", "bms_inventory": "http://bms.rhd.gov.bd:8088/bms/bridges/inventory_view/109576", "keys": "[bridge_name, Bridge Name], [bridge_type,Type], [chainage_(km), Chainage (km)], [road_no, On Road], [division, Division], [subdivision, Subdivision], [bridge_length_(m), Length (m)], [bridge_width_(m), Width (m)],[map_link(=>{type:link, format:weblink}, Google Map,newtab=>),Google Map View],[bms_inventory(=>{type:link, format:weblink}, BMS Link,newtab=>), BMS Inventory],[bms_detail(=>{type:link, format:weblink},BMS Link,newtab=>), BMS Detailed View]", "f_class_color": "#6ebed6", "spans": 5.0, "span_arrangement": "26.5+40.5+49.5+43.6+40.6", "completion_year": "2017", "bridge_no": "222913900336" }, "geometry": { "type": "Point", "coordinates": [ 90.060129083332995, 22.486951694443999 ] } },
{ "type": "Feature", "properties": { "bridge_id": "109974", "SL": 1883, "image_pop": "8088/bms/assets/uploads/images/prudential_images/bridges/bridge_9974/1717233078.jpg", "bridge_name": "Bharatkhati RCC Girder Bridge", "bridge_type": "RC Girder Bridge", "road_no": "Z7707", "zone": "Barishal", "circle": "Barishal", "division": "Pirojpur", "sub-division": "Pirojpur", "sae": "SO-Pirojpur-2", "bridge_length_(m)": 14.2, "bridge_width_(m)": 2.0, "chainage_(km)": "17+622", "xcoord": 90.0027945, "ycoord": 22.6987135, "map_link": "https://maps.google.com/?q=22.69871350000000000,90.00279450000000000&z=8&t=k", "bms_detail": "http://bms.rhd.gov.bd:8088/bms/bridges/detail_view/109974", "bms_inventory": "http://bms.rhd.gov.bd:8088/bms/bridges/inventory_view/109974", "keys": "[bridge_name, Bridge Name], [bridge_type,Type], [chainage_(km), Chainage (km)], [road_no, On Road], [division, Division], [subdivision, Subdivision], [bridge_length_(m), Length (m)], [bridge_width_(m), Width (m)],[map_link(=>{type:link, format:weblink}, Google Map,newtab=>),Google Map View],[bms_inventory(=>{type:link, format:weblink}, BMS Link,newtab=>), BMS Inventory],[bms_detail(=>{type:link, format:weblink},BMS Link,newtab=>), BMS Detailed View]", "f_class_color": "#e8f674", "spans": 3.0, "span_arrangement": "4.8+4.6+4.8", "completion_year": "1990", "bridge_no": "224155900010" }, "geometry": { "type": "Point", "coordinates": [ 90.0027945, 22.6987135 ] } },
{ "type": "Feature", "properties": { "bridge_id": "109978", "SL": 1884, "image_pop": "8088/bms/assets/uploads/images/prudential_images/bridges/bridge_9978/1717233941.jpg", "bridge_name": "Bharatkhati Steel Girder Bridge", "bridge_type": "Steel Girder Bridge", "road_no": "Z7707", "zone": "Barishal", "circle": "Barishal", "division": "Pirojpur", "sub-division": "Pirojpur", "sae": "SO-Pirojpur-2", "bridge_length_(m)": 36.2, "bridge_width_(m)": 3.3, "chainage_(km)": "18+985", "xcoord": 90.013931083333006, "ycoord": 22.703989194443999, "map_link": "https://maps.google.com/?q=22.70398919444400000,90.01393108333300000&z=8&t=k", "bms_detail": "http://bms.rhd.gov.bd:8088/bms/bridges/detail_view/109978", "bms_inventory": "http://bms.rhd.gov.bd:8088/bms/bridges/inventory_view/109978", "keys": "[bridge_name, Bridge Name], [bridge_type,Type], [chainage_(km), Chainage (km)], [road_no, On Road], [division, Division], [subdivision, Subdivision], [bridge_length_(m), Length (m)], [bridge_width_(m), Width (m)],[map_link(=>{type:link, format:weblink}, Google Map,newtab=>),Google Map View],[bms_inventory(=>{type:link, format:weblink}, BMS Link,newtab=>), BMS Inventory],[bms_detail(=>{type:link, format:weblink},BMS Link,newtab=>), BMS Detailed View]", "f_class_color": "#b15dec", "spans": 6.0, "span_arrangement": "5.7+6.2+6.2+6.2+6.2+5.7", "completion_year": "1990", "bridge_no": "224214900050" }, "geometry": { "type": "Point", "coordinates": [ 90.013931083333006, 22.703989194443999 ] } },
{ "type": "Feature", "properties": { "bridge_id": "105252", "SL": 1934, "image_pop": "8088/bms/assets/img/no_picture.png", "bridge_name": "Bhurghata RCC Bridge", "bridge_type": "RC Girder Bridge", "road_no": "N8", "zone": "Barishal", "circle": "Barishal", "division": "Barishal", "sub-division": "Barishal -1", "sae": "SO-Barishal Sub Division-1-3", "bridge_length_(m)": 56.0, "bridge_width_(m)": 8.65, "chainage_(km)": "115+041", "xcoord": 90.210942, "ycoord": 23.072195, "map_link": "https://maps.google.com/?q=23.07219500000000000,90.21094200000000000&z=8&t=k", "bms_detail": "http://bms.rhd.gov.bd:8088/bms/bridges/detail_view/105252", "bms_inventory": "http://bms.rhd.gov.bd:8088/bms/bridges/inventory_view/105252", "keys": "[bridge_name, Bridge Name], [bridge_type,Type], [chainage_(km), Chainage (km)], [road_no, On Road], [division, Division], [subdivision, Subdivision], [bridge_length_(m), Length (m)], [bridge_width_(m), Width (m)],[map_link(=>{type:link, format:weblink}, Google Map,newtab=>),Google Map View],[bms_inventory(=>{type:link, format:weblink}, BMS Link,newtab=>), BMS Inventory],[bms_detail(=>{type:link, format:weblink},BMS Link,newtab=>), BMS Detailed View]", "f_class_color": "#e8f674", "spans": 5.0, "span_arrangement": "9+10+18+10+9", "completion_year": "1973", "bridge_no": "230420901239" }, "geometry": { "type": "Point", "coordinates": [ 90.210942, 23.072195 ] } },
{ "type": "Feature", "properties": { "bridge_id": "109522", "SL": 2050, "image_pop": "8088/bms/assets/uploads/images/prudential_images/bridges/bridge_9522/1715591372.jpg", "bridge_name": "Birmohal Bailey Bridge", "bridge_type": "Portable Steel Bridge", "road_no": "Z8704", "zone": "Barishal", "circle": "Barishal", "division": "Jhalokati", "sub-division": "Jhalokati", "sae": "SO-Jhalokati-1", "bridge_length_(m)": 37.3, "bridge_width_(m)": 3.5, "chainage_(km)": "15+702", "xcoord": 90.188966277777993, "ycoord": 22.765848388889001, "map_link": "https://maps.google.com/?q=22.76584838888900000,90.18896627777800000&z=8&t=k", "bms_detail": "http://bms.rhd.gov.bd:8088/bms/bridges/detail_view/109522", "bms_inventory": "http://bms.rhd.gov.bd:8088/bms/bridges/inventory_view/109522", "keys": "[bridge_name, Bridge Name], [bridge_type,Type], [chainage_(km), Chainage (km)], [road_no, On Road], [division, Division], [subdivision, Subdivision], [bridge_length_(m), Length (m)], [bridge_width_(m), Width (m)],[map_link(=>{type:link, format:weblink}, Google Map,newtab=>),Google Map View],[bms_inventory(=>{type:link, format:weblink}, BMS Link,newtab=>), BMS Inventory],[bms_detail(=>{type:link, format:weblink},BMS Link,newtab=>), BMS Detailed View]", "f_class_color": "#29ffa4", "spans": 1.0, "span_arrangement": "37.3", "completion_year": "1984", "bridge_no": "224657901120" }, "geometry": { "type": "Point", "coordinates": [ 90.188966277777993, 22.765848388889001 ] } },
{ "type": "Feature", "properties": { "bridge_id": "107305", "SL": 2062, "image_pop": "8088/bms/assets/uploads/images/prudential_images/bridges/bridge_7305/1708747687.jpg", "bridge_name": "Birshrestho Mohiuddin Jahangir PC Girder Bridge", "bridge_type": "PC Girder Bridge", "road_no": "N8", "zone": "Barishal", "circle": "Barishal", "division": "Barishal", "sub-division": "Barishal -1", "sae": "SO-Barishal Sub Division-1-2", "bridge_length_(m)": 387.7, "bridge_width_(m)": 10.0, "chainage_(km)": "147+715", "xcoord": 90.279926388888995, "ycoord": 22.809988694444002, "map_link": "https://maps.google.com/?q=22.80998869444400000,90.27992638888900000&z=8&t=k", "bms_detail": "http://bms.rhd.gov.bd:8088/bms/bridges/detail_view/107305", "bms_inventory": "http://bms.rhd.gov.bd:8088/bms/bridges/inventory_view/107305", "keys": "[bridge_name, Bridge Name], [bridge_type,Type], [chainage_(km), Chainage (km)], [road_no, On Road], [division, Division], [subdivision, Subdivision], [bridge_length_(m), Length (m)], [bridge_width_(m), Width (m)],[map_link(=>{type:link, format:weblink}, Google Map,newtab=>),Google Map View],[bms_inventory(=>{type:link, format:weblink}, BMS Link,newtab=>), BMS Inventory],[bms_detail(=>{type:link, format:weblink},BMS Link,newtab=>), BMS Detailed View]", "f_class_color": "#6ebed6", "spans": 8.0, "span_arrangement": "48.6+48.4+48.4+48.5+48.5+48.5+48.5+48.4", "completion_year": "2003", "bridge_no": "224836901648" }, "geometry": { "type": "Point", "coordinates": [ 90.279926388888995, 22.809988694444002 ] } },
{ "type": "Feature", "properties": { "bridge_id": "110639", "SL": 2073, "image_pop": "8088/bms/assets/img/no_picture.png", "bridge_name": "Bishainkhan Bailey Bridge", "bridge_type": "Portable Steel Bridge", "road_no": "Z8716", "zone": "Barishal", "circle": "Barishal", "division": "Jhalokati", "sub-division": "Jhalokati", "sae": "SO-Jhalokati-1", "bridge_length_(m)": 15.3, "bridge_width_(m)": 3.36, "chainage_(km)": "5+743", "xcoord": 90.1579395, "ycoord": 22.688846777778, "map_link": "https://maps.google.com/?q=22.68884677777800000,90.15793950000000000&z=8&t=k", "bms_detail": "http://bms.rhd.gov.bd:8088/bms/bridges/detail_view/110639", "bms_inventory": "http://bms.rhd.gov.bd:8088/bms/bridges/inventory_view/110639", "keys": "[bridge_name, Bridge Name], [bridge_type,Type], [chainage_(km), Chainage (km)], [road_no, On Road], [division, Division], [subdivision, Subdivision], [bridge_length_(m), Length (m)], [bridge_width_(m), Width (m)],[map_link(=>{type:link, format:weblink}, Google Map,newtab=>),Google Map View],[bms_inventory(=>{type:link, format:weblink}, BMS Link,newtab=>), BMS Inventory],[bms_detail(=>{type:link, format:weblink},BMS Link,newtab=>), BMS Detailed View]", "f_class_color": "#29ffa4", "spans": 1.0, "span_arrangement": "15.3", "completion_year": "2004", "bridge_no": "22688890157" }, "geometry": { "type": "Point", "coordinates": [ 90.1579395, 22.688846777778 ] } },
{ "type": "Feature", "properties": { "bridge_id": "105850", "SL": 2107, "image_pop": "8088/bms/assets/uploads/images/prudential_images/bridges/bridge_5850/1701932785.jpg", "bridge_name": "Boalia Bazar Bridge", "bridge_type": "PC Girder Bridge", "road_no": "N8", "zone": "Barishal", "circle": "Barishal", "division": "Barishal", "sub-division": "Barishal-2", "sae": "SO-Barishal Sub Division-2-2", "bridge_length_(m)": 48.2, "bridge_width_(m)": 10.6, "chainage_(km)": "180+162", "xcoord": 90.337155, "ycoord": 22.57543, "map_link": "https://maps.google.com/?q=22.57543000000000000,90.33715500000000000&z=8&t=k", "bms_detail": "http://bms.rhd.gov.bd:8088/bms/bridges/detail_view/105850", "bms_inventory": "http://bms.rhd.gov.bd:8088/bms/bridges/inventory_view/105850", "keys": "[bridge_name, Bridge Name], [bridge_type,Type], [chainage_(km), Chainage (km)], [road_no, On Road], [division, Division], [subdivision, Subdivision], [bridge_length_(m), Length (m)], [bridge_width_(m), Width (m)],[map_link(=>{type:link, format:weblink}, Google Map,newtab=>),Google Map View],[bms_inventory(=>{type:link, format:weblink}, BMS Link,newtab=>), BMS Inventory],[bms_detail(=>{type:link, format:weblink},BMS Link,newtab=>), BMS Detailed View]", "f_class_color": "#6ebed6", "spans": 1.0, "span_arrangement": "48.2", "completion_year": "2019", "bridge_no": "223431902014" }, "geometry": { "type": "Point", "coordinates": [ 90.337155, 22.57543 ] } },
{ "type": "Feature", "properties": { "bridge_id": "106844", "SL": 2177, "image_pop": "8088/bms/assets/uploads/images/prudential_images/bridges/bridge_6844/1706530012.jpg", "bridge_name": "Boga Bazar RCC Girder Bridge", "bridge_type": "RC Girder Bridge", "road_no": "Z8806", "zone": "Barishal", "circle": "Patuakhali", "division": "Patuakhali", "sub-division": "Patuakhali", "sae": "SO-Patuakhali-2", "bridge_length_(m)": 27.0, "bridge_width_(m)": 10.4, "chainage_(km)": "14+496", "xcoord": 90.461562888889006, "ycoord": 22.4257815, "map_link": "https://maps.google.com/?q=22.42578150000000000,90.46156288888900000&z=8&t=k", "bms_detail": "http://bms.rhd.gov.bd:8088/bms/bridges/detail_view/106844", "bms_inventory": "http://bms.rhd.gov.bd:8088/bms/bridges/inventory_view/106844", "keys": "[bridge_name, Bridge Name], [bridge_type,Type], [chainage_(km), Chainage (km)], [road_no, On Road], [division, Division], [subdivision, Subdivision], [bridge_length_(m), Length (m)], [bridge_width_(m), Width (m)],[map_link(=>{type:link, format:weblink}, Google Map,newtab=>),Google Map View],[bms_inventory(=>{type:link, format:weblink}, BMS Link,newtab=>), BMS Inventory],[bms_detail(=>{type:link, format:weblink},BMS Link,newtab=>), BMS Detailed View]", "f_class_color": "#e8f674", "spans": 1.0, "span_arrangement": "27", "completion_year": "2011", "bridge_no": "222533902742" }, "geometry": { "type": "Point", "coordinates": [ 90.461562888889006, 22.4257815 ] } },
{ "type": "Feature", "properties": { "bridge_id": "106803", "SL": 2194, "image_pop": "8088/bms/assets/uploads/images/prudential_images/bridges/bridge_6803/1706502310.jpg", "bridge_name": "Bogura Bailey Bridge", "bridge_type": "Portable Steel Bridge", "road_no": "Z8806", "zone": "Barishal", "circle": "Patuakhali", "division": "Patuakhali", "sub-division": "Patuakhali", "sae": "SO-Patuakhali-3", "bridge_length_(m)": 24.4, "bridge_width_(m)": 3.46, "chainage_(km)": "33+289", "xcoord": 90.57714, "ycoord": 22.350819, "map_link": "https://maps.google.com/?q=22.35081900000000000,90.57714000000000000&z=8&t=k", "bms_detail": "http://bms.rhd.gov.bd:8088/bms/bridges/detail_view/106803", "bms_inventory": "http://bms.rhd.gov.bd:8088/bms/bridges/inventory_view/106803", "keys": "[bridge_name, Bridge Name], [bridge_type,Type], [chainage_(km), Chainage (km)], [road_no, On Road], [division, Division], [subdivision, Subdivision], [bridge_length_(m), Length (m)], [bridge_width_(m), Width (m)],[map_link(=>{type:link, format:weblink}, Google Map,newtab=>),Google Map View],[bms_inventory(=>{type:link, format:weblink}, BMS Link,newtab=>), BMS Inventory],[bms_detail(=>{type:link, format:weblink},BMS Link,newtab=>), BMS Detailed View]", "f_class_color": "#29ffa4", "spans": 1.0, "span_arrangement": "24.4", "completion_year": "1996", "bridge_no": "222103903438" }, "geometry": { "type": "Point", "coordinates": [ 90.57714, 22.350819 ] } },
{ "type": "Feature", "properties": { "bridge_id": "109912", "SL": 2197, "image_pop": "8088/bms/assets/uploads/images/prudential_images/bridges/bridge_9912/1717043204.jpg", "bridge_name": "Boheratola Bailey Bridge", "bridge_type": "Portable Steel Bridge", "road_no": "Z8701", "zone": "Barishal", "circle": "Barishal", "division": "Pirojpur", "sub-division": "Kawkhali", "sae": "SO-Kawkhali-3", "bridge_length_(m)": 21.4, "bridge_width_(m)": 3.41, "chainage_(km)": "26+045", "xcoord": 89.953442, "ycoord": 22.295158, "map_link": "https://maps.google.com/?q=22.29515800000000000,89.95344200000000000&z=8&t=k", "bms_detail": "http://bms.rhd.gov.bd:8088/bms/bridges/detail_view/109912", "bms_inventory": "http://bms.rhd.gov.bd:8088/bms/bridges/inventory_view/109912", "keys": "[bridge_name, Bridge Name], [bridge_type,Type], [chainage_(km), Chainage (km)], [road_no, On Road], [division, Division], [subdivision, Subdivision], [bridge_length_(m), Length (m)], [bridge_width_(m), Width (m)],[map_link(=>{type:link, format:weblink}, Google Map,newtab=>),Google Map View],[bms_inventory(=>{type:link, format:weblink}, BMS Link,newtab=>), BMS Inventory],[bms_detail(=>{type:link, format:weblink},BMS Link,newtab=>), BMS Detailed View]", "f_class_color": "#29ffa4", "spans": 1.0, "span_arrangement": "21.4", "completion_year": "2000", "bridge_no": "221742895712" }, "geometry": { "type": "Point", "coordinates": [ 89.953442, 22.295158 ] } },
{ "type": "Feature", "properties": { "bridge_id": "106625", "SL": 2210, "image_pop": "8088/bms/assets/uploads/images/prudential_images/bridges/bridge_6625/1705895733.jpg", "bridge_name": "Bohorompur PC Girder Bridge", "bridge_type": "PC Girder Bridge", "road_no": "Z8806", "zone": "Barishal", "circle": "Patuakhali", "division": "Patuakhali", "sub-division": "Patuakhali", "sae": "SO-Patuakhali-3", "bridge_length_(m)": 25.5, "bridge_width_(m)": 10.4, "chainage_(km)": "33+032", "xcoord": 90.577793, "ycoord": 22.352953, "map_link": "https://maps.google.com/?q=22.35295300000000000,90.57779300000000000&z=8&t=k", "bms_detail": "http://bms.rhd.gov.bd:8088/bms/bridges/detail_view/106625", "bms_inventory": "http://bms.rhd.gov.bd:8088/bms/bridges/inventory_view/106625", "keys": "[bridge_name, Bridge Name], [bridge_type,Type], [chainage_(km), Chainage (km)], [road_no, On Road], [division, Division], [subdivision, Subdivision], [bridge_length_(m), Length (m)], [bridge_width_(m), Width (m)],[map_link(=>{type:link, format:weblink}, Google Map,newtab=>),Google Map View],[bms_inventory(=>{type:link, format:weblink}, BMS Link,newtab=>), BMS Inventory],[bms_detail(=>{type:link, format:weblink},BMS Link,newtab=>), BMS Detailed View]", "f_class_color": "#6ebed6", "spans": 1.0, "span_arrangement": "25.5", "completion_year": "2018", "bridge_no": "222111903440" }, "geometry": { "type": "Point", "coordinates": [ 90.577793, 22.352953 ] } },
{ "type": "Feature", "properties": { "bridge_id": "108448", "SL": 2238, "image_pop": "8088/bms/assets/uploads/images/prudential_images/bridges/bridge_8448/1711948724.jpg", "bridge_name": "Boishakhi RCC Girder Bridge", "bridge_type": "RC Girder Bridge", "road_no": "Z8062", "zone": "Barishal", "circle": "Barishal", "division": "Jhalokati", "sub-division": "Jhalokati", "sae": "SO-Jhalokati-3", "bridge_length_(m)": 10.3, "bridge_width_(m)": 4.7, "chainage_(km)": "0+480", "xcoord": 90.213073277777994, "ycoord": 22.522864888889, "map_link": "https://maps.google.com/?q=22.52286488888900000,90.21307327777800000&z=8&t=k", "bms_detail": "http://bms.rhd.gov.bd:8088/bms/bridges/detail_view/108448", "bms_inventory": "http://bms.rhd.gov.bd:8088/bms/bridges/inventory_view/108448", "keys": "[bridge_name, Bridge Name], [bridge_type,Type], [chainage_(km), Chainage (km)], [road_no, On Road], [division, Division], [subdivision, Subdivision], [bridge_length_(m), Length (m)], [bridge_width_(m), Width (m)],[map_link(=>{type:link, format:weblink}, Google Map,newtab=>),Google Map View],[bms_inventory(=>{type:link, format:weblink}, BMS Link,newtab=>), BMS Inventory],[bms_detail(=>{type:link, format:weblink},BMS Link,newtab=>), BMS Detailed View]", "f_class_color": "#e8f674", "spans": 1.0, "span_arrangement": "10.3", "completion_year": "1986", "bridge_no": "223122901247" }, "geometry": { "type": "Point", "coordinates": [ 90.213073277777994, 22.522864888889 ] } },
{ "type": "Feature", "properties": { "bridge_id": "109652", "SL": 2241, "image_pop": "8088/bms/assets/uploads/images/prudential_images/bridges/bridge_9652/1716025535.jpg", "bridge_name": "Boitakatha RCC Slab Bridge 3", "bridge_type": "RC Slab Bridge", "road_no": "Z7710", "zone": "Barishal", "circle": "Barishal", "division": "Pirojpur", "sub-division": "Pirojpur", "sae": "SO-Pirojpur-1", "bridge_length_(m)": 7.2, "bridge_width_(m)": 4.2, "chainage_(km)": "23+449", "xcoord": 90.040394083332998, "ycoord": 22.807129, "map_link": "https://maps.google.com/?q=22.80712900000000000,90.04039408333300000&z=8&t=k", "bms_detail": "http://bms.rhd.gov.bd:8088/bms/bridges/detail_view/109652", "bms_inventory": "http://bms.rhd.gov.bd:8088/bms/bridges/inventory_view/109652", "keys": "[bridge_name, Bridge Name], [bridge_type,Type], [chainage_(km), Chainage (km)], [road_no, On Road], [division, Division], [subdivision, Subdivision], [bridge_length_(m), Length (m)], [bridge_width_(m), Width (m)],[map_link(=>{type:link, format:weblink}, Google Map,newtab=>),Google Map View],[bms_inventory(=>{type:link, format:weblink}, BMS Link,newtab=>), BMS Inventory],[bms_detail(=>{type:link, format:weblink},BMS Link,newtab=>), BMS Detailed View]", "f_class_color": "#088afa", "spans": 1.0, "span_arrangement": "7.2", "completion_year": "1990", "bridge_no": "224826900225" }, "geometry": { "type": "Point", "coordinates": [ 90.040394083332998, 22.807129 ] } },
{ "type": "Feature", "properties": { "bridge_id": "110073", "SL": 2242, "image_pop": "8088/bms/assets/uploads/images/prudential_images/bridges/bridge_10073/1717409994.jpg", "bridge_name": "Boitha Katha RCC Girder Bridge", "bridge_type": "RC Girder Bridge", "road_no": "Z7710", "zone": "Barishal", "circle": "Barishal", "division": "Pirojpur", "sub-division": "Pirojpur", "sae": "SO-Pirojpur-1", "bridge_length_(m)": 75.0, "bridge_width_(m)": 6.7, "chainage_(km)": "24+741", "xcoord": 90.028171888889005, "ycoord": 22.808621694444, "map_link": "https://maps.google.com/?q=22.80862169444400000,90.02817188888900000&z=8&t=k", "bms_detail": "http://bms.rhd.gov.bd:8088/bms/bridges/detail_view/110073", "bms_inventory": "http://bms.rhd.gov.bd:8088/bms/bridges/inventory_view/110073", "keys": "[bridge_name, Bridge Name], [bridge_type,Type], [chainage_(km), Chainage (km)], [road_no, On Road], [division, Division], [subdivision, Subdivision], [bridge_length_(m), Length (m)], [bridge_width_(m), Width (m)],[map_link(=>{type:link, format:weblink}, Google Map,newtab=>),Google Map View],[bms_inventory(=>{type:link, format:weblink}, BMS Link,newtab=>), BMS Inventory],[bms_detail(=>{type:link, format:weblink},BMS Link,newtab=>), BMS Detailed View]", "f_class_color": "#e8f674", "spans": 5.0, "span_arrangement": "15+15+15+15+15", "completion_year": "2005", "bridge_no": "224831900141" }, "geometry": { "type": "Point", "coordinates": [ 90.028171888889005, 22.808621694444 ] } },
{ "type": "Feature", "properties": { "bridge_id": "109459", "SL": 2328, "image_pop": "8088/bms/assets/uploads/images/prudential_images/bridges/bridge_9459/1715418075.jpg", "bridge_name": "Boltola PC Girder Bridge", "bridge_type": "PC Girder Bridge", "road_no": "Z8706", "zone": "Barishal", "circle": "Barishal", "division": "Jhalokati", "sub-division": "Jhalokati", "sae": "SO-Jhalokati-2", "bridge_length_(m)": 46.5, "bridge_width_(m)": 10.1, "chainage_(km)": "2+630", "xcoord": 90.130570888888997, "ycoord": 22.458285, "map_link": "https://maps.google.com/?q=22.45828500000000000,90.13057088888900000&z=8&t=k", "bms_detail": "http://bms.rhd.gov.bd:8088/bms/bridges/detail_view/109459", "bms_inventory": "http://bms.rhd.gov.bd:8088/bms/bridges/inventory_view/109459", "keys": "[bridge_name, Bridge Name], [bridge_type,Type], [chainage_(km), Chainage (km)], [road_no, On Road], [division, Division], [subdivision, Subdivision], [bridge_length_(m), Length (m)], [bridge_width_(m), Width (m)],[map_link(=>{type:link, format:weblink}, Google Map,newtab=>),Google Map View],[bms_inventory(=>{type:link, format:weblink}, BMS Link,newtab=>), BMS Inventory],[bms_detail(=>{type:link, format:weblink},BMS Link,newtab=>), BMS Detailed View]", "f_class_color": "#6ebed6", "spans": 1.0, "span_arrangement": "46.5", "completion_year": "2020", "bridge_no": "222730900750" }, "geometry": { "type": "Point", "coordinates": [ 90.130570888888997, 22.458285 ] } },
{ "type": "Feature", "properties": { "bridge_id": "109426", "SL": 2401, "image_pop": "8088/bms/assets/uploads/images/prudential_images/bridges/bridge_9426/1715252526.jpg", "bridge_name": "Borhanuddin Bypass PC Girder Bridge", "bridge_type": "PC Girder Bridge", "road_no": "R890", "zone": "Barishal", "circle": "Barishal", "division": "Bhola", "sub-division": "Bhola", "sae": "SO-Bhola-2", "bridge_length_(m)": 34.4, "bridge_width_(m)": 10.3, "chainage_(km)": "28+980", "xcoord": 90.718199, "ycoord": 22.502550583333001, "map_link": "https://maps.google.com/?q=22.50255058333300000,90.71819900000000000&z=8&t=k", "bms_detail": "http://bms.rhd.gov.bd:8088/bms/bridges/detail_view/109426", "bms_inventory": "http://bms.rhd.gov.bd:8088/bms/bridges/inventory_view/109426", "keys": "[bridge_name, Bridge Name], [bridge_type,Type], [chainage_(km), Chainage (km)], [road_no, On Road], [division, Division], [subdivision, Subdivision], [bridge_length_(m), Length (m)], [bridge_width_(m), Width (m)],[map_link(=>{type:link, format:weblink}, Google Map,newtab=>),Google Map View],[bms_inventory(=>{type:link, format:weblink}, BMS Link,newtab=>), BMS Inventory],[bms_detail(=>{type:link, format:weblink},BMS Link,newtab=>), BMS Detailed View]", "f_class_color": "#6ebed6", "spans": 1.0, "span_arrangement": "34.4", "completion_year": "2023", "bridge_no": "223009904306" }, "geometry": { "type": "Point", "coordinates": [ 90.718199, 22.502550583333001 ] } },
{ "type": "Feature", "properties": { "bridge_id": "109088", "SL": 2452, "image_pop": "8088/bms/assets/uploads/images/prudential_images/bridges/bridge_9088/1714043448.jpg", "bridge_name": "Boro Kathalia Bailey Bridge", "bridge_type": "Portable Steel Bridge", "road_no": "Z8708", "zone": "Barishal", "circle": "Barishal", "division": "Jhalokati", "sub-division": "Jhalokati", "sae": "SO-Jhalokati-2", "bridge_length_(m)": 30.6, "bridge_width_(m)": 3.3, "chainage_(km)": "20+818", "xcoord": 90.135225888888996, "ycoord": 22.412551277778, "map_link": "https://maps.google.com/?q=22.41255127777800000,90.13522588888900000&z=8&t=k", "bms_detail": "http://bms.rhd.gov.bd:8088/bms/bridges/detail_view/109088", "bms_inventory": "http://bms.rhd.gov.bd:8088/bms/bridges/inventory_view/109088", "keys": "[bridge_name, Bridge Name], [bridge_type,Type], [chainage_(km), Chainage (km)], [road_no, On Road], [division, Division], [subdivision, Subdivision], [bridge_length_(m), Length (m)], [bridge_width_(m), Width (m)],[map_link(=>{type:link, format:weblink}, Google Map,newtab=>),Google Map View],[bms_inventory(=>{type:link, format:weblink}, BMS Link,newtab=>), BMS Inventory],[bms_detail(=>{type:link, format:weblink},BMS Link,newtab=>), BMS Detailed View]", "f_class_color": "#29ffa4", "spans": 1.0, "span_arrangement": "30.6", "completion_year": "1994", "bridge_no": "222445900807" }, "geometry": { "type": "Point", "coordinates": [ 90.135225888888996, 22.412551277778 ] } },
{ "type": "Feature", "properties": { "bridge_id": "105286", "SL": 2585, "image_pop": "8088/bms/assets/img/no_picture.png", "bridge_name": "Boroya Bazar Bridge", "bridge_type": "RC Girder Bridge", "road_no": "Z8033", "zone": "Barishal", "circle": "Barishal", "division": "Barishal", "sub-division": "Barishal-2", "sae": "SO-Barishal Sub Division-2-1", "bridge_length_(m)": 11.9, "bridge_width_(m)": 4.8, "chainage_(km)": "15+179", "xcoord": 90.3786111, "ycoord": 22.8586111, "map_link": "https://maps.google.com/?q=22.85861110000000000,90.37861110000000000&z=8&t=k", "bms_detail": "http://bms.rhd.gov.bd:8088/bms/bridges/detail_view/105286", "bms_inventory": "http://bms.rhd.gov.bd:8088/bms/bridges/inventory_view/105286", "keys": "[bridge_name, Bridge Name], [bridge_type,Type], [chainage_(km), Chainage (km)], [road_no, On Road], [division, Division], [subdivision, Subdivision], [bridge_length_(m), Length (m)], [bridge_width_(m), Width (m)],[map_link(=>{type:link, format:weblink}, Google Map,newtab=>),Google Map View],[bms_inventory(=>{type:link, format:weblink}, BMS Link,newtab=>), BMS Inventory],[bms_detail(=>{type:link, format:weblink},BMS Link,newtab=>), BMS Detailed View]", "f_class_color": "#e8f674", "spans": 1.0, "span_arrangement": "11.9", "completion_year": "1990", "bridge_no": "228643903767" }, "geometry": { "type": "Point", "coordinates": [ 90.3786111, 22.8586111 ] } },
{ "type": "Feature", "properties": { "bridge_id": "110704", "SL": 2637, "image_pop": "8088/bms/assets/img/no_picture.png", "bridge_name": "Bothla bazar pc girder bridge", "bridge_type": "PC Girder Bridge", "road_no": "Z8701", "zone": "Barishal", "circle": "Barishal", "division": "Pirojpur", "sub-division": "Kawkhali", "sae": "SO-Kawkhali-1", "bridge_length_(m)": 37.92, "bridge_width_(m)": 11.05, "chainage_(km)": "4+822", "xcoord": 89.990653194443993, "ycoord": 22.446425083333001, "map_link": "https://maps.google.com/?q=22.44642508333300000,89.99065319444400000&z=8&t=k", "bms_detail": "http://bms.rhd.gov.bd:8088/bms/bridges/detail_view/110704", "bms_inventory": "http://bms.rhd.gov.bd:8088/bms/bridges/inventory_view/110704", "keys": "[bridge_name, Bridge Name], [bridge_type,Type], [chainage_(km), Chainage (km)], [road_no, On Road], [division, Division], [subdivision, Subdivision], [bridge_length_(m), Length (m)], [bridge_width_(m), Width (m)],[map_link(=>{type:link, format:weblink}, Google Map,newtab=>),Google Map View],[bms_inventory(=>{type:link, format:weblink}, BMS Link,newtab=>), BMS Inventory],[bms_detail(=>{type:link, format:weblink},BMS Link,newtab=>), BMS Detailed View]", "f_class_color": "#6ebed6", "spans": null, "span_arrangement": null, "completion_year": null, "bridge_no": null }, "geometry": { "type": "Point", "coordinates": [ 89.990653194443993, 22.446425083333001 ] } },
{ "type": "Feature", "properties": { "bridge_id": "110701", "SL": 2638, "image_pop": "8088/bms/assets/img/no_picture.png", "bridge_name": "Bothla board school pc girder bridge", "bridge_type": "PC Girder Bridge", "road_no": "Z8701", "zone": "Barishal", "circle": "Barishal", "division": "Pirojpur", "sub-division": "Kawkhali", "sae": "SO-Kawkhali-1", "bridge_length_(m)": 37.92, "bridge_width_(m)": 11.05, "chainage_(km)": "4+454", "xcoord": 89.990422194443994, "ycoord": 22.449783388888999, "map_link": "https://maps.google.com/?q=22.44978338888900000,89.99042219444400000&z=8&t=k", "bms_detail": "http://bms.rhd.gov.bd:8088/bms/bridges/detail_view/110701", "bms_inventory": "http://bms.rhd.gov.bd:8088/bms/bridges/inventory_view/110701", "keys": "[bridge_name, Bridge Name], [bridge_type,Type], [chainage_(km), Chainage (km)], [road_no, On Road], [division, Division], [subdivision, Subdivision], [bridge_length_(m), Length (m)], [bridge_width_(m), Width (m)],[map_link(=>{type:link, format:weblink}, Google Map,newtab=>),Google Map View],[bms_inventory(=>{type:link, format:weblink}, BMS Link,newtab=>), BMS Inventory],[bms_detail(=>{type:link, format:weblink},BMS Link,newtab=>), BMS Detailed View]", "f_class_color": "#6ebed6", "spans": null, "span_arrangement": null, "completion_year": null, "bridge_no": null }, "geometry": { "type": "Point", "coordinates": [ 89.990422194443994, 22.449783388888999 ] } },
{ "type": "Feature", "properties": { "bridge_id": "108261", "SL": 2678, "image_pop": "8088/bms/assets/uploads/images/prudential_images/bridges/bridge_8261/1711339672.jpg", "bridge_name": "Bou Bazar RCC Girder Bridge", "bridge_type": "RC Girder Bridge", "road_no": "Z8058", "zone": "Barishal", "circle": "Barishal", "division": "Jhalokati", "sub-division": "Jhalokati", "sae": "SO-Jhalokati-3", "bridge_length_(m)": 7.2, "bridge_width_(m)": 4.6, "chainage_(km)": "12+410", "xcoord": 90.228481, "ycoord": 22.5446505, "map_link": "https://maps.google.com/?q=22.54465050000000000,90.22848100000000000&z=8&t=k", "bms_detail": "http://bms.rhd.gov.bd:8088/bms/bridges/detail_view/108261", "bms_inventory": "http://bms.rhd.gov.bd:8088/bms/bridges/inventory_view/108261", "keys": "[bridge_name, Bridge Name], [bridge_type,Type], [chainage_(km), Chainage (km)], [road_no, On Road], [division, Division], [subdivision, Subdivision], [bridge_length_(m), Length (m)], [bridge_width_(m), Width (m)],[map_link(=>{type:link, format:weblink}, Google Map,newtab=>),Google Map View],[bms_inventory(=>{type:link, format:weblink}, BMS Link,newtab=>), BMS Inventory],[bms_detail(=>{type:link, format:weblink},BMS Link,newtab=>), BMS Detailed View]", "f_class_color": "#e8f674", "spans": 1.0, "span_arrangement": "7.2", "completion_year": "1988", "bridge_no": "223241901343" }, "geometry": { "type": "Point", "coordinates": [ 90.228481, 22.5446505 ] } },
{ "type": "Feature", "properties": { "bridge_id": "105724", "SL": 2767, "image_pop": "8088/bms/assets/uploads/images/prudential_images/bridges/bridge_5724/1701587300.jpg", "bridge_name": "Bukhainagar Bridge", "bridge_type": "RC Girder Bridge", "road_no": "Z8043", "zone": "Barishal", "circle": "Barishal", "division": "Barishal", "sub-division": "Barishal-2", "sae": "SO-Barishal Sub Division-2-3", "bridge_length_(m)": 85.8, "bridge_width_(m)": 5.2, "chainage_(km)": "30+972", "xcoord": 90.4585075, "ycoord": 22.746356111111002, "map_link": "https://maps.google.com/?q=22.74635611111100000,90.45850750000000000&z=8&t=k", "bms_detail": "http://bms.rhd.gov.bd:8088/bms/bridges/detail_view/105724", "bms_inventory": "http://bms.rhd.gov.bd:8088/bms/bridges/inventory_view/105724", "keys": "[bridge_name, Bridge Name], [bridge_type,Type], [chainage_(km), Chainage (km)], [road_no, On Road], [division, Division], [subdivision, Subdivision], [bridge_length_(m), Length (m)], [bridge_width_(m), Width (m)],[map_link(=>{type:link, format:weblink}, Google Map,newtab=>),Google Map View],[bms_inventory(=>{type:link, format:weblink}, BMS Link,newtab=>), BMS Inventory],[bms_detail(=>{type:link, format:weblink},BMS Link,newtab=>), BMS Detailed View]", "f_class_color": "#e8f674", "spans": 6.0, "span_arrangement": "10.1+12.9+13+19.1+19.5+11.2", "completion_year": "2011", "bridge_no": "224447902731" }, "geometry": { "type": "Point", "coordinates": [ 90.4585075, 22.746356111111002 ] } },
{ "type": "Feature", "properties": { "bridge_id": "109963", "SL": 2845, "image_pop": "8088/bms/assets/uploads/images/prudential_images/bridges/bridge_9963/1717218248.jpg", "bridge_name": "C-Office RCC Girder Bridge", "bridge_type": "RC Girder Bridge", "road_no": "Z7715", "zone": "Barishal", "circle": "Barishal", "division": "Pirojpur", "sub-division": "Pirojpur", "sae": "SO-Pirojpur-2", "bridge_length_(m)": 22.8, "bridge_width_(m)": 5.3, "chainage_(km)": "0+014", "xcoord": 90.980039694444002, "ycoord": 22.579543888888999, "map_link": "https://maps.google.com/?q=22.57954388888900000,90.98003969444400000&z=8&t=k", "bms_detail": "http://bms.rhd.gov.bd:8088/bms/bridges/detail_view/109963", "bms_inventory": "http://bms.rhd.gov.bd:8088/bms/bridges/inventory_view/109963", "keys": "[bridge_name, Bridge Name], [bridge_type,Type], [chainage_(km), Chainage (km)], [road_no, On Road], [division, Division], [subdivision, Subdivision], [bridge_length_(m), Length (m)], [bridge_width_(m), Width (m)],[map_link(=>{type:link, format:weblink}, Google Map,newtab=>),Google Map View],[bms_inventory(=>{type:link, format:weblink}, BMS Link,newtab=>), BMS Inventory],[bms_detail(=>{type:link, format:weblink},BMS Link,newtab=>), BMS Detailed View]", "f_class_color": "#e8f674", "spans": 3.0, "span_arrangement": "7.6+7.6+7.6", "completion_year": "1993", "bridge_no": "223446905848" }, "geometry": { "type": "Point", "coordinates": [ 90.980039694444002, 22.579543888888999 ] } },
{ "type": "Feature", "properties": { "bridge_id": "109795", "SL": 2901, "image_pop": "8088/bms/assets/uploads/images/prudential_images/bridges/bridge_9795/1716272031.jpg", "bridge_name": "Chadkathi Slab Bridge", "bridge_type": "Small Slab Bridge", "road_no": "Z7710", "zone": "Barishal", "circle": "Barishal", "division": "Pirojpur", "sub-division": "Pirojpur", "sae": "SO-Pirojpur-2", "bridge_length_(m)": 13.3, "bridge_width_(m)": 6.8, "chainage_(km)": "31+659", "xcoord": 90.998021888888999, "ycoord": 22.768970194444002, "map_link": "https://maps.google.com/?q=22.76897019444400000,90.99802188888900000&z=8&t=k", "bms_detail": "http://bms.rhd.gov.bd:8088/bms/bridges/detail_view/109795", "bms_inventory": "http://bms.rhd.gov.bd:8088/bms/bridges/inventory_view/109795", "keys": "[bridge_name, Bridge Name], [bridge_type,Type], [chainage_(km), Chainage (km)], [road_no, On Road], [division, Division], [subdivision, Subdivision], [bridge_length_(m), Length (m)], [bridge_width_(m), Width (m)],[map_link(=>{type:link, format:weblink}, Google Map,newtab=>),Google Map View],[bms_inventory(=>{type:link, format:weblink}, BMS Link,newtab=>), BMS Inventory],[bms_detail(=>{type:link, format:weblink},BMS Link,newtab=>), BMS Detailed View]", "f_class_color": "#13b7dd", "spans": 1.0, "span_arrangement": "13.3", "completion_year": "2001", "bridge_no": "224608895953" }, "geometry": { "type": "Point", "coordinates": [ 90.998021888888999, 22.768970194444002 ] } },
{ "type": "Feature", "properties": { "bridge_id": "110189", "SL": 2952, "image_pop": "8088/bms/assets/uploads/images/prudential_images/bridges/bridge_10189/1717924837.jpg", "bridge_name": "Chakhar Bazar", "bridge_type": "RC Girder Bridge", "road_no": "Z8048", "zone": "Barishal", "circle": "Barishal", "division": "Barishal", "sub-division": "Barishal -1", "sae": "SO-Barishal Sub Division-1-2", "bridge_length_(m)": 9.1, "bridge_width_(m)": 6.1, "chainage_(km)": "2+770", "xcoord": 90.194048777777994, "ycoord": 22.806410694444001, "map_link": "https://maps.google.com/?q=22.80641069444400000,90.19404877777800000&z=8&t=k", "bms_detail": "http://bms.rhd.gov.bd:8088/bms/bridges/detail_view/110189", "bms_inventory": "http://bms.rhd.gov.bd:8088/bms/bridges/inventory_view/110189", "keys": "[bridge_name, Bridge Name], [bridge_type,Type], [chainage_(km), Chainage (km)], [road_no, On Road], [division, Division], [subdivision, Subdivision], [bridge_length_(m), Length (m)], [bridge_width_(m), Width (m)],[map_link(=>{type:link, format:weblink}, Google Map,newtab=>),Google Map View],[bms_inventory(=>{type:link, format:weblink}, BMS Link,newtab=>), BMS Inventory],[bms_detail(=>{type:link, format:weblink},BMS Link,newtab=>), BMS Detailed View]", "f_class_color": "#e8f674", "spans": 1.0, "span_arrangement": "9.1", "completion_year": "2007", "bridge_no": "224823901138" }, "geometry": { "type": "Point", "coordinates": [ 90.194048777777994, 22.806410694444001 ] } },
{ "type": "Feature", "properties": { "bridge_id": "109591", "SL": 2986, "image_pop": "8088/bms/assets/uploads/images/prudential_images/bridges/bridge_9591/1715832780.jpg", "bridge_name": "Chalitabunia RCC Girder Bridge", "bridge_type": "RC Girder Bridge", "road_no": "Z8710", "zone": "Barishal", "circle": "Barishal", "division": "Jhalokati", "sub-division": "Jhalokati", "sae": "SO-Jhalokati-2", "bridge_length_(m)": 9.7, "bridge_width_(m)": 6.6, "chainage_(km)": "1+512", "xcoord": 90.07332, "ycoord": 22.346310277777999, "map_link": "https://maps.google.com/?q=22.34631027777800000,90.07332000000000000&z=8&t=k", "bms_detail": "http://bms.rhd.gov.bd:8088/bms/bridges/detail_view/109591", "bms_inventory": "http://bms.rhd.gov.bd:8088/bms/bridges/inventory_view/109591", "keys": "[bridge_name, Bridge Name], [bridge_type,Type], [chainage_(km), Chainage (km)], [road_no, On Road], [division, Division], [subdivision, Subdivision], [bridge_length_(m), Length (m)], [bridge_width_(m), Width (m)],[map_link(=>{type:link, format:weblink}, Google Map,newtab=>),Google Map View],[bms_inventory(=>{type:link, format:weblink}, BMS Link,newtab=>), BMS Inventory],[bms_detail(=>{type:link, format:weblink},BMS Link,newtab=>), BMS Detailed View]", "f_class_color": "#e8f674", "spans": 5.0, "span_arrangement": "17.8+18+18.1+18.4+18.4", "completion_year": "2010", "bridge_no": "222047900424" }, "geometry": { "type": "Point", "coordinates": [ 90.07332, 22.346310277777999 ] } },
{ "type": "Feature", "properties": { "bridge_id": "108052", "SL": 3043, "image_pop": "8088/bms/assets/uploads/images/prudential_images/bridges/bridge_8052/1710748855.jpg", "bridge_name": "Chamta RCC Girder Bridge", "bridge_type": "RC Girder Bridge", "road_no": "Z8704", "zone": "Barishal", "circle": "Barishal", "division": "Jhalokati", "sub-division": "Jhalokati", "sae": "SO-Jhalokati-1", "bridge_length_(m)": 21.0, "bridge_width_(m)": 4.7, "chainage_(km)": "4+730", "xcoord": 90.200668083332999, "ycoord": 22.689270277778, "map_link": "https://maps.google.com/?q=22.68927027777800000,90.20066808333300000&z=8&t=k", "bms_detail": "http://bms.rhd.gov.bd:8088/bms/bridges/detail_view/108052", "bms_inventory": "http://bms.rhd.gov.bd:8088/bms/bridges/inventory_view/108052", "keys": "[bridge_name, Bridge Name], [bridge_type,Type], [chainage_(km), Chainage (km)], [road_no, On Road], [division, Division], [subdivision, Subdivision], [bridge_length_(m), Length (m)], [bridge_width_(m), Width (m)],[map_link(=>{type:link, format:weblink}, Google Map,newtab=>),Google Map View],[bms_inventory(=>{type:link, format:weblink}, BMS Link,newtab=>), BMS Inventory],[bms_detail(=>{type:link, format:weblink},BMS Link,newtab=>), BMS Detailed View]", "f_class_color": "#e8f674", "spans": 1.0, "span_arrangement": "21", "completion_year": "1994", "bridge_no": "224121901202" }, "geometry": { "type": "Point", "coordinates": [ 90.200668083332999, 22.689270277778 ] } },
{ "type": "Feature", "properties": { "bridge_id": "106951", "SL": 3108, "image_pop": "8088/bms/assets/uploads/images/prudential_images/bridges/bridge_6951/1706784134.jpg", "bridge_name": "Chandropara PC Girder Bridge", "bridge_type": "PC Girder Bridge", "road_no": "Z8910", "zone": "Barishal", "circle": "Patuakhali", "division": "Patuakhali", "sub-division": "Patuakhali", "sae": "SO-Patuakhali-2", "bridge_length_(m)": 24.9, "bridge_width_(m)": 10.2, "chainage_(km)": "36+050", "xcoord": 90.560114277777998, "ycoord": 22.453453083332999, "map_link": "https://maps.google.com/?q=22.45345308333300000,90.56011427777800000&z=8&t=k", "bms_detail": "http://bms.rhd.gov.bd:8088/bms/bridges/detail_view/106951", "bms_inventory": "http://bms.rhd.gov.bd:8088/bms/bridges/inventory_view/106951", "keys": "[bridge_name, Bridge Name], [bridge_type,Type], [chainage_(km), Chainage (km)], [road_no, On Road], [division, Division], [subdivision, Subdivision], [bridge_length_(m), Length (m)], [bridge_width_(m), Width (m)],[map_link(=>{type:link, format:weblink}, Google Map,newtab=>),Google Map View],[bms_inventory(=>{type:link, format:weblink}, BMS Link,newtab=>), BMS Inventory],[bms_detail(=>{type:link, format:weblink},BMS Link,newtab=>), BMS Detailed View]", "f_class_color": "#6ebed6", "spans": 1.0, "span_arrangement": "24.9", "completion_year": "2021", "bridge_no": "222712903336" }, "geometry": { "type": "Point", "coordinates": [ 90.560114277777998, 22.453453083332999 ] } },
{ "type": "Feature", "properties": { "bridge_id": "106401", "SL": 3186, "image_pop": "8088/bms/assets/uploads/images/prudential_images/bridges/bridge_6401/1704958695.jpg", "bridge_name": "Char Chandraprasadh Bridge", "bridge_type": "PC Girder Bridge", "road_no": "Z8912", "zone": "Barishal", "circle": "Barishal", "division": "Bhola", "sub-division": "Bhola", "sae": "SO-Bhola-1", "bridge_length_(m)": 19.0, "bridge_width_(m)": 8.9, "chainage_(km)": "7+090", "xcoord": 90.585824, "ycoord": 22.615042694444, "map_link": "https://maps.google.com/?q=22.61504269444400000,90.58582400000000000&z=8&t=k", "bms_detail": "http://bms.rhd.gov.bd:8088/bms/bridges/detail_view/106401", "bms_inventory": "http://bms.rhd.gov.bd:8088/bms/bridges/inventory_view/106401", "keys": "[bridge_name, Bridge Name], [bridge_type,Type], [chainage_(km), Chainage (km)], [road_no, On Road], [division, Division], [subdivision, Subdivision], [bridge_length_(m), Length (m)], [bridge_width_(m), Width (m)],[map_link(=>{type:link, format:weblink}, Google Map,newtab=>),Google Map View],[bms_inventory(=>{type:link, format:weblink}, BMS Link,newtab=>), BMS Inventory],[bms_detail(=>{type:link, format:weblink},BMS Link,newtab=>), BMS Detailed View]", "f_class_color": "#6ebed6", "spans": 1.0, "span_arrangement": "19", "completion_year": "2003", "bridge_no": "223654903509" }, "geometry": { "type": "Point", "coordinates": [ 90.585824, 22.615042694444 ] } },
{ "type": "Feature", "properties": { "bridge_id": "106372", "SL": 3249, "image_pop": "8088/bms/assets/uploads/images/prudential_images/bridges/bridge_6372/1704877285.jpg", "bridge_name": "Charkali Bridge", "bridge_type": "PC Girder Bridge", "road_no": "Z8911", "zone": "Barishal", "circle": "Barishal", "division": "Bhola", "sub-division": "Bhola", "sae": "SO-Bhola-1", "bridge_length_(m)": 22.9, "bridge_width_(m)": 8.2, "chainage_(km)": "8+300", "xcoord": 90.587138583333001, "ycoord": 22.675812888888998, "map_link": "https://maps.google.com/?q=22.67581288888900000,90.58713858333300000&z=8&t=k", "bms_detail": "http://bms.rhd.gov.bd:8088/bms/bridges/detail_view/106372", "bms_inventory": "http://bms.rhd.gov.bd:8088/bms/bridges/inventory_view/106372", "keys": "[bridge_name, Bridge Name], [bridge_type,Type], [chainage_(km), Chainage (km)], [road_no, On Road], [division, Division], [subdivision, Subdivision], [bridge_length_(m), Length (m)], [bridge_width_(m), Width (m)],[map_link(=>{type:link, format:weblink}, Google Map,newtab=>),Google Map View],[bms_inventory(=>{type:link, format:weblink}, BMS Link,newtab=>), BMS Inventory],[bms_detail(=>{type:link, format:weblink},BMS Link,newtab=>), BMS Detailed View]", "f_class_color": "#6ebed6", "spans": 1.0, "span_arrangement": "22.9", "completion_year": "2005", "bridge_no": "224033903514" }, "geometry": { "type": "Point", "coordinates": [ 90.587138583333001, 22.675812888888998 ] } },
{ "type": "Feature", "properties": { "bridge_id": "109691", "SL": 3264, "image_pop": "8088/bms/assets/uploads/images/prudential_images/bridges/bridge_9691/1716097217.jpg", "bridge_name": "Charkhali PC Girder Bridge", "bridge_type": "PC Girder Bridge", "road_no": "Z8701", "zone": "Barishal", "circle": "Barishal", "division": "Pirojpur", "sub-division": "Kawkhali", "sae": "SO-Kawkhali-2", "bridge_length_(m)": 63.5, "bridge_width_(m)": 10.2, "chainage_(km)": "0+414", "xcoord": 89.995255194443999, "ycoord": 22.486143388889001, "map_link": "https://maps.google.com/?q=22.48614338888900000,89.99525519444400000&z=8&t=k", "bms_detail": "http://bms.rhd.gov.bd:8088/bms/bridges/detail_view/109691", "bms_inventory": "http://bms.rhd.gov.bd:8088/bms/bridges/inventory_view/109691", "keys": "[bridge_name, Bridge Name], [bridge_type,Type], [chainage_(km), Chainage (km)], [road_no, On Road], [division, Division], [subdivision, Subdivision], [bridge_length_(m), Length (m)], [bridge_width_(m), Width (m)],[map_link(=>{type:link, format:weblink}, Google Map,newtab=>),Google Map View],[bms_inventory(=>{type:link, format:weblink}, BMS Link,newtab=>), BMS Inventory],[bms_detail(=>{type:link, format:weblink},BMS Link,newtab=>), BMS Detailed View]", "f_class_color": "#6ebed6", "spans": 3.0, "span_arrangement": "16+31.5+16", "completion_year": "2022", "bridge_no": "222910895943" }, "geometry": { "type": "Point", "coordinates": [ 89.995255194443999, 22.486143388889001 ] } },
{ "type": "Feature", "properties": { "bridge_id": "107722", "SL": 3265, "image_pop": "8088/bms/assets/uploads/images/prudential_images/bridges/bridge_7722/1709967474.jpg", "bridge_name": "Charkhali RCC Girder Bridge", "bridge_type": "RC Girder Bridge", "road_no": "Z8810", "zone": "Barishal", "circle": "Patuakhali", "division": "Barguna", "sub-division": "Barguna", "sae": "SO-Barguna-1", "bridge_length_(m)": 15.0, "bridge_width_(m)": 4.3, "chainage_(km)": "31+141", "xcoord": 90.197289888889003, "ycoord": 22.336614194444, "map_link": "https://maps.google.com/?q=22.33661419444400000,90.19728988888900000&z=8&t=k", "bms_detail": "http://bms.rhd.gov.bd:8088/bms/bridges/detail_view/107722", "bms_inventory": "http://bms.rhd.gov.bd:8088/bms/bridges/inventory_view/107722", "keys": "[bridge_name, Bridge Name], [bridge_type,Type], [chainage_(km), Chainage (km)], [road_no, On Road], [division, Division], [subdivision, Subdivision], [bridge_length_(m), Length (m)], [bridge_width_(m), Width (m)],[map_link(=>{type:link, format:weblink}, Google Map,newtab=>),Google Map View],[bms_inventory(=>{type:link, format:weblink}, BMS Link,newtab=>), BMS Inventory],[bms_detail(=>{type:link, format:weblink},BMS Link,newtab=>), BMS Detailed View]", "f_class_color": "#e8f674", "spans": 1.0, "span_arrangement": "15", "completion_year": "1994", "bridge_no": "222012901150" }, "geometry": { "type": "Point", "coordinates": [ 90.197289888889003, 22.336614194444 ] } },
{ "type": "Feature", "properties": { "bridge_id": "110363", "SL": 3273, "image_pop": "8088/bms/assets/uploads/images/prudential_images/bridges/bridge_10363/1718117823.jpg", "bridge_name": "Charlata Bridge", "bridge_type": "RC Girder Bridge", "road_no": "Z8043", "zone": "Barishal", "circle": "Barishal", "division": "Barishal", "sub-division": "Barishal-2", "sae": "SO-Barishal Sub Division-2-3", "bridge_length_(m)": 20.1, "bridge_width_(m)": 3.1, "chainage_(km)": "4+912", "xcoord": 90.504832277777993, "ycoord": 22.853054388888999, "map_link": "https://maps.google.com/?q=22.85305438888900000,90.50483227777800000&z=8&t=k", "bms_detail": "http://bms.rhd.gov.bd:8088/bms/bridges/detail_view/110363", "bms_inventory": "http://bms.rhd.gov.bd:8088/bms/bridges/inventory_view/110363", "keys": "[bridge_name, Bridge Name], [bridge_type,Type], [chainage_(km), Chainage (km)], [road_no, On Road], [division, Division], [subdivision, Subdivision], [bridge_length_(m), Length (m)], [bridge_width_(m), Width (m)],[map_link(=>{type:link, format:weblink}, Google Map,newtab=>),Google Map View],[bms_inventory(=>{type:link, format:weblink}, BMS Link,newtab=>), BMS Inventory],[bms_detail(=>{type:link, format:weblink},BMS Link,newtab=>), BMS Detailed View]", "f_class_color": "#e8f674", "spans": 3.0, "span_arrangement": "6.5+7.2+6.4", "completion_year": "2002", "bridge_no": "22853090504" }, "geometry": { "type": "Point", "coordinates": [ 90.504832277777993, 22.853054388888999 ] } },
{ "type": "Feature", "properties": { "bridge_id": "106335", "SL": 3277, "image_pop": "8088/bms/assets/uploads/images/prudential_images/bridges/bridge_6335/1704791880.jpg", "bridge_name": "Charpata Bridge", "bridge_type": "RC Girder Bridge", "road_no": "Z8916", "zone": "Barishal", "circle": "Barishal", "division": "Bhola", "sub-division": "Bhola", "sae": "SO-Bhola-2", "bridge_length_(m)": 20.1, "bridge_width_(m)": 7.1, "chainage_(km)": "3+592", "xcoord": 90.690524277777996, "ycoord": 22.6181395, "map_link": "https://maps.google.com/?q=22.61813950000000000,90.69052427777800000&z=8&t=k", "bms_detail": "http://bms.rhd.gov.bd:8088/bms/bridges/detail_view/106335", "bms_inventory": "http://bms.rhd.gov.bd:8088/bms/bridges/inventory_view/106335", "keys": "[bridge_name, Bridge Name], [bridge_type,Type], [chainage_(km), Chainage (km)], [road_no, On Road], [division, Division], [subdivision, Subdivision], [bridge_length_(m), Length (m)], [bridge_width_(m), Width (m)],[map_link(=>{type:link, format:weblink}, Google Map,newtab=>),Google Map View],[bms_inventory(=>{type:link, format:weblink}, BMS Link,newtab=>), BMS Inventory],[bms_detail(=>{type:link, format:weblink},BMS Link,newtab=>), BMS Detailed View]", "f_class_color": "#e8f674", "spans": 1.0, "span_arrangement": "20.1", "completion_year": "2018", "bridge_no": "223705904126" }, "geometry": { "type": "Point", "coordinates": [ 90.690524277777996, 22.6181395 ] } },
{ "type": "Feature", "properties": { "bridge_id": "109613", "SL": 3439, "image_pop": "8088/bms/assets/uploads/images/prudential_images/bridges/bridge_9613/1715849327.jpg", "bridge_name": "Chirapara RCC Girder Bridge", "bridge_type": "RC Girder Bridge", "road_no": "Z8713", "zone": "Barishal", "circle": "Barishal", "division": "Pirojpur", "sub-division": "Kawkhali", "sae": "SO-Kawkhali-2", "bridge_length_(m)": 10.0, "bridge_width_(m)": 6.3, "chainage_(km)": "1+421", "xcoord": 90.057183, "ycoord": 22.616567, "map_link": "https://maps.google.com/?q=22.61656700000000000,90.05718300000000000&z=8&t=k", "bms_detail": "http://bms.rhd.gov.bd:8088/bms/bridges/detail_view/109613", "bms_inventory": "http://bms.rhd.gov.bd:8088/bms/bridges/inventory_view/109613", "keys": "[bridge_name, Bridge Name], [bridge_type,Type], [chainage_(km), Chainage (km)], [road_no, On Road], [division, Division], [subdivision, Subdivision], [bridge_length_(m), Length (m)], [bridge_width_(m), Width (m)],[map_link(=>{type:link, format:weblink}, Google Map,newtab=>),Google Map View],[bms_inventory(=>{type:link, format:weblink}, BMS Link,newtab=>), BMS Inventory],[bms_detail(=>{type:link, format:weblink},BMS Link,newtab=>), BMS Detailed View]", "f_class_color": "#e8f674", "spans": 1.0, "span_arrangement": "10", "completion_year": "1990", "bridge_no": "223659900325" }, "geometry": { "type": "Point", "coordinates": [ 90.057183, 22.616567 ] } },
{ "type": "Feature", "properties": { "bridge_id": "109615", "SL": 3442, "image_pop": "8088/bms/assets/uploads/images/prudential_images/bridges/bridge_9615/1715850099.jpg", "bridge_name": "Chirapara Steel Bridge", "bridge_type": "Steel Girder Bridge", "road_no": "Z8713", "zone": "Barishal", "circle": "Barishal", "division": "Pirojpur", "sub-division": "Kawkhali", "sae": "SO-Kawkhali-1", "bridge_length_(m)": 15.7, "bridge_width_(m)": 3.2, "chainage_(km)": "3+280", "xcoord": 90.057263194444005, "ycoord": 22.6004535, "map_link": "https://maps.google.com/?q=22.60045350000000000,90.05726319444400000&z=8&t=k", "bms_detail": "http://bms.rhd.gov.bd:8088/bms/bridges/detail_view/109615", "bms_inventory": "http://bms.rhd.gov.bd:8088/bms/bridges/inventory_view/109615", "keys": "[bridge_name, Bridge Name], [bridge_type,Type], [chainage_(km), Chainage (km)], [road_no, On Road], [division, Division], [subdivision, Subdivision], [bridge_length_(m), Length (m)], [bridge_width_(m), Width (m)],[map_link(=>{type:link, format:weblink}, Google Map,newtab=>),Google Map View],[bms_inventory(=>{type:link, format:weblink}, BMS Link,newtab=>), BMS Inventory],[bms_detail(=>{type:link, format:weblink},BMS Link,newtab=>), BMS Detailed View]", "f_class_color": "#b15dec", "spans": 3.0, "span_arrangement": "5.3+5.1+5.3", "completion_year": "1990", "bridge_no": "223601900326" }, "geometry": { "type": "Point", "coordinates": [ 90.057263194444005, 22.6004535 ] } },
{ "type": "Feature", "properties": { "bridge_id": "109617", "SL": 3443, "image_pop": "8088/bms/assets/uploads/images/prudential_images/bridges/bridge_9617/1715850934.jpg", "bridge_name": "Chirapara Steel Bridge 2", "bridge_type": "Steel Girder Bridge", "road_no": "Z8713", "zone": "Barishal", "circle": "Barishal", "division": "Pirojpur", "sub-division": "Kawkhali", "sae": "SO-Kawkhali-1", "bridge_length_(m)": 14.8, "bridge_width_(m)": 3.25, "chainage_(km)": "3+280", "xcoord": 90.057263194444005, "ycoord": 22.6004535, "map_link": "https://maps.google.com/?q=22.60045350000000000,90.05726319444400000&z=8&t=k", "bms_detail": "http://bms.rhd.gov.bd:8088/bms/bridges/detail_view/109617", "bms_inventory": "http://bms.rhd.gov.bd:8088/bms/bridges/inventory_view/109617", "keys": "[bridge_name, Bridge Name], [bridge_type,Type], [chainage_(km), Chainage (km)], [road_no, On Road], [division, Division], [subdivision, Subdivision], [bridge_length_(m), Length (m)], [bridge_width_(m), Width (m)],[map_link(=>{type:link, format:weblink}, Google Map,newtab=>),Google Map View],[bms_inventory(=>{type:link, format:weblink}, BMS Link,newtab=>), BMS Inventory],[bms_detail(=>{type:link, format:weblink},BMS Link,newtab=>), BMS Detailed View]", "f_class_color": "#b15dec", "spans": 3.0, "span_arrangement": "4.933+4.933+4.933", "completion_year": "1995", "bridge_no": "223602900326" }, "geometry": { "type": "Point", "coordinates": [ 90.057263194444005, 22.6004535 ] } },
{ "type": "Feature", "properties": { "bridge_id": "109611", "SL": 3444, "image_pop": "8088/bms/assets/uploads/images/prudential_images/bridges/bridge_9611/1715844667.jpg", "bridge_name": "Chirapara Truss Bridge", "bridge_type": "Truss Bridge", "road_no": "Z8713", "zone": "Barishal", "circle": "Barishal", "division": "Pirojpur", "sub-division": "Kawkhali", "sae": "SO-Kawkhali-1", "bridge_length_(m)": 126.0, "bridge_width_(m)": 3.25, "chainage_(km)": "0+792", "xcoord": 90.059154777778005, "ycoord": 22.621225388888998, "map_link": "https://maps.google.com/?q=22.62122538888900000,90.05915477777800000&z=8&t=k", "bms_detail": "http://bms.rhd.gov.bd:8088/bms/bridges/detail_view/109611", "bms_inventory": "http://bms.rhd.gov.bd:8088/bms/bridges/inventory_view/109611", "keys": "[bridge_name, Bridge Name], [bridge_type,Type], [chainage_(km), Chainage (km)], [road_no, On Road], [division, Division], [subdivision, Subdivision], [bridge_length_(m), Length (m)], [bridge_width_(m), Width (m)],[map_link(=>{type:link, format:weblink}, Google Map,newtab=>),Google Map View],[bms_inventory(=>{type:link, format:weblink}, BMS Link,newtab=>), BMS Inventory],[bms_detail(=>{type:link, format:weblink},BMS Link,newtab=>), BMS Detailed View]", "f_class_color": "#6470da", "spans": 3.0, "span_arrangement": "37+43.4+45.6", "completion_year": "1990", "bridge_no": "223716900333" }, "geometry": { "type": "Point", "coordinates": [ 90.059154777778005, 22.621225388888998 ] } },
{ "type": "Feature", "properties": { "bridge_id": "109508", "SL": 3540, "image_pop": "8088/bms/assets/uploads/images/prudential_images/bridges/bridge_9508/1715578767.jpg", "bridge_name": "Chondipur Baily Steel Girder Bridge", "bridge_type": "Portable Steel Bridge", "road_no": "Z7711", "zone": "Barishal", "circle": "Barishal", "division": "Pirojpur", "sub-division": "Pirojpur", "sae": "SO-Pirojpur-1", "bridge_length_(m)": 27.6, "bridge_width_(m)": 3.71, "chainage_(km)": "14+061", "xcoord": 89.907173388889007, "ycoord": 22.413653777777998, "map_link": "https://maps.google.com/?q=22.41365377777800000,89.90717338888900000&z=8&t=k", "bms_detail": "http://bms.rhd.gov.bd:8088/bms/bridges/detail_view/109508", "bms_inventory": "http://bms.rhd.gov.bd:8088/bms/bridges/inventory_view/109508", "keys": "[bridge_name, Bridge Name], [bridge_type,Type], [chainage_(km), Chainage (km)], [road_no, On Road], [division, Division], [subdivision, Subdivision], [bridge_length_(m), Length (m)], [bridge_width_(m), Width (m)],[map_link(=>{type:link, format:weblink}, Google Map,newtab=>),Google Map View],[bms_inventory(=>{type:link, format:weblink}, BMS Link,newtab=>), BMS Inventory],[bms_detail(=>{type:link, format:weblink},BMS Link,newtab=>), BMS Detailed View]", "f_class_color": "#29ffa4", "spans": 1.0, "span_arrangement": "27.6", "completion_year": "2019", "bridge_no": "222449895426" }, "geometry": { "type": "Point", "coordinates": [ 89.907173388889007, 22.413653777777998 ] } },
{ "type": "Feature", "properties": { "bridge_id": "109630", "SL": 3619, "image_pop": "8088/bms/assets/uploads/images/prudential_images/bridges/bridge_9630/1715857138.jpg", "bridge_name": "Chorboleshor Baily Bridge", "bridge_type": "Portable Steel Bridge", "road_no": "Z7711", "zone": "Barishal", "circle": "Barishal", "division": "Pirojpur", "sub-division": "Pirojpur", "sae": "SO-Pirojpur-1", "bridge_length_(m)": 30.0, "bridge_width_(m)": 3.41, "chainage_(km)": "12+996", "xcoord": 89.914761388889005, "ycoord": 22.418077277778, "map_link": "https://maps.google.com/?q=22.41807727777800000,89.91476138888900000&z=8&t=k", "bms_detail": "http://bms.rhd.gov.bd:8088/bms/bridges/detail_view/109630", "bms_inventory": "http://bms.rhd.gov.bd:8088/bms/bridges/inventory_view/109630", "keys": "[bridge_name, Bridge Name], [bridge_type,Type], [chainage_(km), Chainage (km)], [road_no, On Road], [division, Division], [subdivision, Subdivision], [bridge_length_(m), Length (m)], [bridge_width_(m), Width (m)],[map_link(=>{type:link, format:weblink}, Google Map,newtab=>),Google Map View],[bms_inventory(=>{type:link, format:weblink}, BMS Link,newtab=>), BMS Inventory],[bms_detail(=>{type:link, format:weblink},BMS Link,newtab=>), BMS Detailed View]", "f_class_color": "#29ffa4", "spans": 1.0, "span_arrangement": "30", "completion_year": "2019", "bridge_no": "222505895453" }, "geometry": { "type": "Point", "coordinates": [ 89.914761388889005, 22.418077277778 ] } },
{ "type": "Feature", "properties": { "bridge_id": "109354", "SL": 3642, "image_pop": "8088/bms/assets/uploads/images/prudential_images/bridges/bridge_9354/1715146098.jpg", "bridge_name": "Chorkhola PC Girder Bridge", "bridge_type": "PC Girder Bridge", "road_no": "Z7704", "zone": "Barishal", "circle": "Barishal", "division": "Pirojpur", "sub-division": "Pirojpur", "sae": "SO-Pirojpur-1", "bridge_length_(m)": 37.0, "bridge_width_(m)": 9.2, "chainage_(km)": "13+106", "xcoord": 89.961835194444006, "ycoord": 22.692347777778, "map_link": "https://maps.google.com/?q=22.69234777777800000,89.96183519444400000&z=8&t=k", "bms_detail": "http://bms.rhd.gov.bd:8088/bms/bridges/detail_view/109354", "bms_inventory": "http://bms.rhd.gov.bd:8088/bms/bridges/inventory_view/109354", "keys": "[bridge_name, Bridge Name], [bridge_type,Type], [chainage_(km), Chainage (km)], [road_no, On Road], [division, Division], [subdivision, Subdivision], [bridge_length_(m), Length (m)], [bridge_width_(m), Width (m)],[map_link(=>{type:link, format:weblink}, Google Map,newtab=>),Google Map View],[bms_inventory(=>{type:link, format:weblink}, BMS Link,newtab=>), BMS Inventory],[bms_detail(=>{type:link, format:weblink},BMS Link,newtab=>), BMS Detailed View]", "f_class_color": "#6ebed6", "spans": 1.0, "span_arrangement": "37", "completion_year": "2015", "bridge_no": "224132895742" }, "geometry": { "type": "Point", "coordinates": [ 89.961835194444006, 22.692347777778 ] } },
{ "type": "Feature", "properties": { "bridge_id": "109383", "SL": 3643, "image_pop": "8088/bms/assets/uploads/images/prudential_images/bridges/bridge_9383/1715163836.jpg", "bridge_name": "Chorkhola PC Girder Bridge 2", "bridge_type": "PC Girder Bridge", "road_no": "Z7704", "zone": "Barishal", "circle": "Barishal", "division": "Pirojpur", "sub-division": "Pirojpur", "sae": "SO-Pirojpur-1", "bridge_length_(m)": 25.1, "bridge_width_(m)": 10.2, "chainage_(km)": "14+071", "xcoord": 89.964402388888999, "ycoord": 22.700272083333001, "map_link": "https://maps.google.com/?q=22.70027208333300000,89.96440238888900000&z=8&t=k", "bms_detail": "http://bms.rhd.gov.bd:8088/bms/bridges/detail_view/109383", "bms_inventory": "http://bms.rhd.gov.bd:8088/bms/bridges/inventory_view/109383", "keys": "[bridge_name, Bridge Name], [bridge_type,Type], [chainage_(km), Chainage (km)], [road_no, On Road], [division, Division], [subdivision, Subdivision], [bridge_length_(m), Length (m)], [bridge_width_(m), Width (m)],[map_link(=>{type:link, format:weblink}, Google Map,newtab=>),Google Map View],[bms_inventory(=>{type:link, format:weblink}, BMS Link,newtab=>), BMS Inventory],[bms_detail(=>{type:link, format:weblink},BMS Link,newtab=>), BMS Detailed View]", "f_class_color": "#6ebed6", "spans": 1.0, "span_arrangement": "25.1", "completion_year": "2013", "bridge_no": "224201895752" }, "geometry": { "type": "Point", "coordinates": [ 89.964402388888999, 22.700272083333001 ] } },
{ "type": "Feature", "properties": { "bridge_id": "108820", "SL": 3673, "image_pop": "8088/bms/assets/uploads/images/prudential_images/bridges/bridge_8820/1713263743.jpg", "bridge_name": "Choto Bhaijora RCC Girder Bridge 1", "bridge_type": "RC Girder Bridge", "road_no": "Z8708", "zone": "Barishal", "circle": "Patuakhali", "division": "Barguna", "sub-division": "Barguna", "sae": "SO-Barguna-1", "bridge_length_(m)": 36.0, "bridge_width_(m)": 7.0, "chainage_(km)": "50+647", "xcoord": 90.016127777777996, "ycoord": 22.227269194443998, "map_link": "https://maps.google.com/?q=22.22726919444400000,90.01612777777800000&z=8&t=k", "bms_detail": "http://bms.rhd.gov.bd:8088/bms/bridges/detail_view/108820", "bms_inventory": "http://bms.rhd.gov.bd:8088/bms/bridges/inventory_view/108820", "keys": "[bridge_name, Bridge Name], [bridge_type,Type], [chainage_(km), Chainage (km)], [road_no, On Road], [division, Division], [subdivision, Subdivision], [bridge_length_(m), Length (m)], [bridge_width_(m), Width (m)],[map_link(=>{type:link, format:weblink}, Google Map,newtab=>),Google Map View],[bms_inventory(=>{type:link, format:weblink}, BMS Link,newtab=>), BMS Inventory],[bms_detail(=>{type:link, format:weblink},BMS Link,newtab=>), BMS Detailed View]", "f_class_color": "#e8f674", "spans": 3.0, "span_arrangement": "12+12+12", "completion_year": "1999", "bridge_no": "221338900058" }, "geometry": { "type": "Point", "coordinates": [ 90.016127777777996, 22.227269194443998 ] } },
{ "type": "Feature", "properties": { "bridge_id": "108818", "SL": 3674, "image_pop": "8088/bms/assets/uploads/images/prudential_images/bridges/bridge_8818/1713263097.jpg", "bridge_name": "Choto Bhaijora RCC Girder Bridge 2", "bridge_type": "RC Girder Bridge", "road_no": "Z8708", "zone": "Barishal", "circle": "Patuakhali", "division": "Barguna", "sub-division": "Barguna", "sae": "SO-Barguna-1", "bridge_length_(m)": 11.9, "bridge_width_(m)": 6.7, "chainage_(km)": "50+126", "xcoord": 90.018197777777999, "ycoord": 22.230982277778001, "map_link": "https://maps.google.com/?q=22.23098227777800000,90.01819777777800000&z=8&t=k", "bms_detail": "http://bms.rhd.gov.bd:8088/bms/bridges/detail_view/108818", "bms_inventory": "http://bms.rhd.gov.bd:8088/bms/bridges/inventory_view/108818", "keys": "[bridge_name, Bridge Name], [bridge_type,Type], [chainage_(km), Chainage (km)], [road_no, On Road], [division, Division], [subdivision, Subdivision], [bridge_length_(m), Length (m)], [bridge_width_(m), Width (m)],[map_link(=>{type:link, format:weblink}, Google Map,newtab=>),Google Map View],[bms_inventory(=>{type:link, format:weblink}, BMS Link,newtab=>), BMS Inventory],[bms_detail(=>{type:link, format:weblink},BMS Link,newtab=>), BMS Detailed View]", "f_class_color": "#e8f674", "spans": 1.0, "span_arrangement": "11.9", "completion_year": "1999", "bridge_no": "221352900106" }, "geometry": { "type": "Point", "coordinates": [ 90.018197777777999, 22.230982277778001 ] } },
{ "type": "Feature", "properties": { "bridge_id": "108816", "SL": 3675, "image_pop": "8088/bms/assets/uploads/images/prudential_images/bridges/bridge_8816/1713262517.jpg", "bridge_name": "Choto Bhaijora RCC Girder Bridge 3", "bridge_type": "RC Girder Bridge", "road_no": "Z8708", "zone": "Barishal", "circle": "Patuakhali", "division": "Barguna", "sub-division": "Barguna", "sae": "SO-Barguna-1", "bridge_length_(m)": 18.2, "bridge_width_(m)": 7.0, "chainage_(km)": "49+425", "xcoord": 90.019591, "ycoord": 22.236643, "map_link": "https://maps.google.com/?q=22.23664300000000000,90.01959100000000000&z=8&t=k", "bms_detail": "http://bms.rhd.gov.bd:8088/bms/bridges/detail_view/108816", "bms_inventory": "http://bms.rhd.gov.bd:8088/bms/bridges/inventory_view/108816", "keys": "[bridge_name, Bridge Name], [bridge_type,Type], [chainage_(km), Chainage (km)], [road_no, On Road], [division, Division], [subdivision, Subdivision], [bridge_length_(m), Length (m)], [bridge_width_(m), Width (m)],[map_link(=>{type:link, format:weblink}, Google Map,newtab=>),Google Map View],[bms_inventory(=>{type:link, format:weblink}, BMS Link,newtab=>), BMS Inventory],[bms_detail(=>{type:link, format:weblink},BMS Link,newtab=>), BMS Detailed View]", "f_class_color": "#e8f674", "spans": 1.0, "span_arrangement": "18.2", "completion_year": "1999", "bridge_no": "221412900111" }, "geometry": { "type": "Point", "coordinates": [ 90.019591, 22.236643 ] } },
{ "type": "Feature", "properties": { "bridge_id": "107702", "SL": 3691, "image_pop": "8088/bms/assets/uploads/images/prudential_images/bridges/bridge_7702/1709958315.jpg", "bridge_name": "Choto Gourichanna Rcc Girder Bridge", "bridge_type": "RC Girder Bridge", "road_no": "Z8810", "zone": "Barishal", "circle": "Patuakhali", "division": "Barguna", "sub-division": "Barguna", "sae": "SO-Barguna-1", "bridge_length_(m)": 22.4, "bridge_width_(m)": 10.4, "chainage_(km)": "48+825", "xcoord": 90.113958694443994, "ycoord": 22.214508083333001, "map_link": "https://maps.google.com/?q=22.21450808333300000,90.11395869444400000&z=8&t=k", "bms_detail": "http://bms.rhd.gov.bd:8088/bms/bridges/detail_view/107702", "bms_inventory": "http://bms.rhd.gov.bd:8088/bms/bridges/inventory_view/107702", "keys": "[bridge_name, Bridge Name], [bridge_type,Type], [chainage_(km), Chainage (km)], [road_no, On Road], [division, Division], [subdivision, Subdivision], [bridge_length_(m), Length (m)], [bridge_width_(m), Width (m)],[map_link(=>{type:link, format:weblink}, Google Map,newtab=>),Google Map View],[bms_inventory(=>{type:link, format:weblink}, BMS Link,newtab=>), BMS Inventory],[bms_detail(=>{type:link, format:weblink},BMS Link,newtab=>), BMS Detailed View]", "f_class_color": "#e8f674", "spans": 1.0, "span_arrangement": "22.4", "completion_year": "2005", "bridge_no": "221252900650" }, "geometry": { "type": "Point", "coordinates": [ 90.113958694443994, 22.214508083333001 ] } },
{ "type": "Feature", "properties": { "bridge_id": "109597", "SL": 3731, "image_pop": "8088/bms/assets/uploads/images/prudential_images/bridges/bridge_9597/1715837296.jpg", "bridge_name": "Chouddoburia Bailey Bridge", "bridge_type": "Portable Steel Bridge", "road_no": "Z8047", "zone": "Barishal", "circle": "Barishal", "division": "Jhalokati", "sub-division": "Jhalokati", "sae": "SO-Jhalokati-1", "bridge_length_(m)": 25.1, "bridge_width_(m)": 3.6, "chainage_(km)": "1+380", "xcoord": 90.325127277777995, "ycoord": 22.598954194444001, "map_link": "https://maps.google.com/?q=22.59895419444400000,90.32512727777800000&z=8&t=k", "bms_detail": "http://bms.rhd.gov.bd:8088/bms/bridges/detail_view/109597", "bms_inventory": "http://bms.rhd.gov.bd:8088/bms/bridges/inventory_view/109597", "keys": "[bridge_name, Bridge Name], [bridge_type,Type], [chainage_(km), Chainage (km)], [road_no, On Road], [division, Division], [subdivision, Subdivision], [bridge_length_(m), Length (m)], [bridge_width_(m), Width (m)],[map_link(=>{type:link, format:weblink}, Google Map,newtab=>),Google Map View],[bms_inventory(=>{type:link, format:weblink}, BMS Link,newtab=>), BMS Inventory],[bms_detail(=>{type:link, format:weblink},BMS Link,newtab=>), BMS Detailed View]", "f_class_color": "#29ffa4", "spans": 1.0, "span_arrangement": "25.1", "completion_year": "2000", "bridge_no": "223556901930" }, "geometry": { "type": "Point", "coordinates": [ 90.325127277777995, 22.598954194444001 ] } },
{ "type": "Feature", "properties": { "bridge_id": "107491", "SL": 3929, "image_pop": "8088/bms/assets/uploads/images/prudential_images/bridges/bridge_7491/1709284179.jpg", "bridge_name": "Crock RCC Girder Bridge", "bridge_type": "RC Girder Bridge", "road_no": "R880", "zone": "Barishal", "circle": "Patuakhali", "division": "Barguna", "sub-division": "Barguna", "sae": "SO-Barguna-1", "bridge_length_(m)": 28.0, "bridge_width_(m)": 10.2, "chainage_(km)": "45+116", "xcoord": 90.105090583332995, "ycoord": 22.157929583333001, "map_link": "https://maps.google.com/?q=22.15792958333300000,90.10509058333300000&z=8&t=k", "bms_detail": "http://bms.rhd.gov.bd:8088/bms/bridges/detail_view/107491", "bms_inventory": "http://bms.rhd.gov.bd:8088/bms/bridges/inventory_view/107491", "keys": "[bridge_name, Bridge Name], [bridge_type,Type], [chainage_(km), Chainage (km)], [road_no, On Road], [division, Division], [subdivision, Subdivision], [bridge_length_(m), Length (m)], [bridge_width_(m), Width (m)],[map_link(=>{type:link, format:weblink}, Google Map,newtab=>),Google Map View],[bms_inventory(=>{type:link, format:weblink}, BMS Link,newtab=>), BMS Inventory],[bms_detail(=>{type:link, format:weblink},BMS Link,newtab=>), BMS Detailed View]", "f_class_color": "#e8f674", "spans": 1.0, "span_arrangement": "28", "completion_year": "2015", "bridge_no": "220929900618" }, "geometry": { "type": "Point", "coordinates": [ 90.105090583332995, 22.157929583333001 ] } },
{ "type": "Feature", "properties": { "bridge_id": "109499", "SL": 4018, "image_pop": "8088/bms/assets/uploads/images/prudential_images/bridges/bridge_9499/1715572238.jpg", "bridge_name": "Dalalpur Baily Bridge", "bridge_type": "Portable Steel Bridge", "road_no": "Z8905", "zone": "Barishal", "circle": "Barishal", "division": "Bhola", "sub-division": "Bhola", "sae": "SO-Bhola-2", "bridge_length_(m)": 30.5, "bridge_width_(m)": 3.8, "chainage_(km)": "0+675", "xcoord": 90.778149083333005, "ycoord": 22.4883835, "map_link": "https://maps.google.com/?q=22.48838350000000000,90.77814908333300000&z=8&t=k", "bms_detail": "http://bms.rhd.gov.bd:8088/bms/bridges/detail_view/109499", "bms_inventory": "http://bms.rhd.gov.bd:8088/bms/bridges/inventory_view/109499", "keys": "[bridge_name, Bridge Name], [bridge_type,Type], [chainage_(km), Chainage (km)], [road_no, On Road], [division, Division], [subdivision, Subdivision], [bridge_length_(m), Length (m)], [bridge_width_(m), Width (m)],[map_link(=>{type:link, format:weblink}, Google Map,newtab=>),Google Map View],[bms_inventory(=>{type:link, format:weblink}, BMS Link,newtab=>), BMS Inventory],[bms_detail(=>{type:link, format:weblink},BMS Link,newtab=>), BMS Detailed View]", "f_class_color": "#29ffa4", "spans": 1.0, "span_arrangement": "30.5", "completion_year": "2011", "bridge_no": "222918904641" }, "geometry": { "type": "Point", "coordinates": [ 90.778149083333005, 22.4883835 ] } },
{ "type": "Feature", "properties": { "bridge_id": "107321", "SL": 4065, "image_pop": "8088/bms/assets/uploads/images/prudential_images/bridges/bridge_7321/1708772043.jpg", "bridge_name": "Dapdapia Bridge", "bridge_type": "Mixed Types Bridge", "road_no": "N8", "zone": "Barishal", "circle": "Barishal", "division": "Barishal", "sub-division": "Barishal-2", "sae": "SO-Barishal Sub Division-2-1", "bridge_length_(m)": 1391.6, "bridge_width_(m)": 10.1, "chainage_(km)": "167+300", "xcoord": 90.348577194444005, "ycoord": 22.665736694444, "map_link": "https://maps.google.com/?q=22.66573669444400000,90.34857719444400000&z=8&t=k", "bms_detail": "http://bms.rhd.gov.bd:8088/bms/bridges/detail_view/107321", "bms_inventory": "http://bms.rhd.gov.bd:8088/bms/bridges/inventory_view/107321", "keys": "[bridge_name, Bridge Name], [bridge_type,Type], [chainage_(km), Chainage (km)], [road_no, On Road], [division, Division], [subdivision, Subdivision], [bridge_length_(m), Length (m)], [bridge_width_(m), Width (m)],[map_link(=>{type:link, format:weblink}, Google Map,newtab=>),Google Map View],[bms_inventory(=>{type:link, format:weblink}, BMS Link,newtab=>), BMS Inventory],[bms_detail(=>{type:link, format:weblink},BMS Link,newtab=>), BMS Detailed View]", "f_class_color": "#2edb93", "spans": 37.0, "span_arrangement": "30.9+29.9+30.1+30.2+29.5+30.3+30.3+29.5+30.3+29.6+30.1+30.6+29.5+29.9+29.9+30.1+29.9+70.2+85.3+84.4+85.3+85.1+50.3+30.1+29.5+31+30+30.4+29.8+30+30+30+30+28.5+30.6+30+30.5", "completion_year": "2012", "bridge_no": "223957902055" }, "geometry": { "type": "Point", "coordinates": [ 90.348577194444005, 22.665736694444 ] } },
{ "type": "Feature", "properties": { "bridge_id": "109694", "SL": 4082, "image_pop": "8088/bms/assets/uploads/images/prudential_images/bridges/bridge_9694/1716098187.jpg", "bridge_name": "Darulhuda Bailey Bridge", "bridge_type": "Portable Steel Bridge", "road_no": "Z8701", "zone": "Barishal", "circle": "Barishal", "division": "Pirojpur", "sub-division": "Kawkhali", "sae": "SO-Kawkhali-2", "bridge_length_(m)": 40.0, "bridge_width_(m)": 3.41, "chainage_(km)": "2+858", "xcoord": 89.992955777777993, "ycoord": 22.463702888888999, "map_link": "https://maps.google.com/?q=22.46370288888900000,89.99295577777800000&z=8&t=k", "bms_detail": "http://bms.rhd.gov.bd:8088/bms/bridges/detail_view/109694", "bms_inventory": "http://bms.rhd.gov.bd:8088/bms/bridges/inventory_view/109694", "keys": "[bridge_name, Bridge Name], [bridge_type,Type], [chainage_(km), Chainage (km)], [road_no, On Road], [division, Division], [subdivision, Subdivision], [bridge_length_(m), Length (m)], [bridge_width_(m), Width (m)],[map_link(=>{type:link, format:weblink}, Google Map,newtab=>),Google Map View],[bms_inventory(=>{type:link, format:weblink}, BMS Link,newtab=>), BMS Inventory],[bms_detail(=>{type:link, format:weblink},BMS Link,newtab=>), BMS Detailed View]", "f_class_color": "#29ffa4", "spans": 1.0, "span_arrangement": "40", "completion_year": "1990", "bridge_no": "222749895935" }, "geometry": { "type": "Point", "coordinates": [ 89.992955777777993, 22.463702888888999 ] } },
{ "type": "Feature", "properties": { "bridge_id": "109700", "SL": 4086, "image_pop": "8088/bms/assets/uploads/images/prudential_images/bridges/bridge_9700/1716100882.jpg", "bridge_name": "Darulhuda PC Girder Bridge", "bridge_type": "PC Girder Bridge", "road_no": "Z8701", "zone": "Barishal", "circle": "Barishal", "division": "Pirojpur", "sub-division": "Kawkhali", "sae": "SO-Kawkhali-2", "bridge_length_(m)": 30.0, "bridge_width_(m)": 10.3, "chainage_(km)": "3+762", "xcoord": 89.992073694444002, "ycoord": 22.455406777777998, "map_link": "https://maps.google.com/?q=22.45540677777800000,89.99207369444400000&z=8&t=k", "bms_detail": "http://bms.rhd.gov.bd:8088/bms/bridges/detail_view/109700", "bms_inventory": "http://bms.rhd.gov.bd:8088/bms/bridges/inventory_view/109700", "keys": "[bridge_name, Bridge Name], [bridge_type,Type], [chainage_(km), Chainage (km)], [road_no, On Road], [division, Division], [subdivision, Subdivision], [bridge_length_(m), Length (m)], [bridge_width_(m), Width (m)],[map_link(=>{type:link, format:weblink}, Google Map,newtab=>),Google Map View],[bms_inventory(=>{type:link, format:weblink}, BMS Link,newtab=>), BMS Inventory],[bms_detail(=>{type:link, format:weblink},BMS Link,newtab=>), BMS Detailed View]", "f_class_color": "#6ebed6", "spans": 1.0, "span_arrangement": "30", "completion_year": "2019", "bridge_no": "222719895931" }, "geometry": { "type": "Point", "coordinates": [ 89.992073694444002, 22.455406777777998 ] } },
{ "type": "Feature", "properties": { "bridge_id": "106781", "SL": 4097, "image_pop": "8088/bms/assets/uploads/images/prudential_images/bridges/bridge_6781/1706435390.jpg", "bridge_name": "Dashmina Bazar RCC Girder Bridge", "bridge_type": "RC Girder Bridge", "road_no": "Z8806", "zone": "Barishal", "circle": "Patuakhali", "division": "Patuakhali", "sub-division": "Patuakhali", "sae": "SO-Patuakhali-3", "bridge_length_(m)": 24.0, "bridge_width_(m)": 4.1, "chainage_(km)": "42+428", "xcoord": 90.5593335, "ycoord": 22.282495583332999, "map_link": "https://maps.google.com/?q=22.28249558333300000,90.55933350000000000&z=8&t=k", "bms_detail": "http://bms.rhd.gov.bd:8088/bms/bridges/detail_view/106781", "bms_inventory": "http://bms.rhd.gov.bd:8088/bms/bridges/inventory_view/106781", "keys": "[bridge_name, Bridge Name], [bridge_type,Type], [chainage_(km), Chainage (km)], [road_no, On Road], [division, Division], [subdivision, Subdivision], [bridge_length_(m), Length (m)], [bridge_width_(m), Width (m)],[map_link(=>{type:link, format:weblink}, Google Map,newtab=>),Google Map View],[bms_inventory(=>{type:link, format:weblink}, BMS Link,newtab=>), BMS Inventory],[bms_detail(=>{type:link, format:weblink},BMS Link,newtab=>), BMS Detailed View]", "f_class_color": "#e8f674", "spans": 3.0, "span_arrangement": "4+16+4", "completion_year": "2001", "bridge_no": "221657903334" }, "geometry": { "type": "Point", "coordinates": [ 90.5593335, 22.282495583332999 ] } },
{ "type": "Feature", "properties": { "bridge_id": "106805", "SL": 4098, "image_pop": "8088/bms/assets/uploads/images/prudential_images/bridges/bridge_6805/1706503530.jpg", "bridge_name": "Dashmina PC Girder Bridge", "bridge_type": "PC Girder Bridge", "road_no": "Z8806", "zone": "Barishal", "circle": "Patuakhali", "division": "Patuakhali", "sub-division": "Patuakhali", "sae": "SO-Patuakhali-3", "bridge_length_(m)": 25.0, "bridge_width_(m)": 10.0, "chainage_(km)": "40+389", "xcoord": 90.571812777778007, "ycoord": 22.288819083332999, "map_link": "https://maps.google.com/?q=22.28881908333300000,90.57181277777800000&z=8&t=k", "bms_detail": "http://bms.rhd.gov.bd:8088/bms/bridges/detail_view/106805", "bms_inventory": "http://bms.rhd.gov.bd:8088/bms/bridges/inventory_view/106805", "keys": "[bridge_name, Bridge Name], [bridge_type,Type], [chainage_(km), Chainage (km)], [road_no, On Road], [division, Division], [subdivision, Subdivision], [bridge_length_(m), Length (m)], [bridge_width_(m), Width (m)],[map_link(=>{type:link, format:weblink}, Google Map,newtab=>),Google Map View],[bms_inventory(=>{type:link, format:weblink}, BMS Link,newtab=>), BMS Inventory],[bms_detail(=>{type:link, format:weblink},BMS Link,newtab=>), BMS Detailed View]", "f_class_color": "#6ebed6", "spans": 1.0, "span_arrangement": "25", "completion_year": "2022", "bridge_no": "221720903418" }, "geometry": { "type": "Point", "coordinates": [ 90.571812777778007, 22.288819083332999 ] } },
{ "type": "Feature", "properties": { "bridge_id": "106111", "SL": 4149, "image_pop": "8088/bms/assets/uploads/images/prudential_images/bridges/bridge_6111/1703327071.jpg", "bridge_name": "Dauribazar Bridge", "bridge_type": "PC Girder Bridge", "road_no": "R890", "zone": "Barishal", "circle": "Barishal", "division": "Bhola", "sub-division": "Bhola", "sae": "SO-Bhola-2", "bridge_length_(m)": 75.5, "bridge_width_(m)": 10.4, "chainage_(km)": "46+280", "xcoord": 90.750336583332995, "ycoord": 22.394078277778, "map_link": "https://maps.google.com/?q=22.39407827777800000,90.75033658333300000&z=8&t=k", "bms_detail": "http://bms.rhd.gov.bd:8088/bms/bridges/detail_view/106111", "bms_inventory": "http://bms.rhd.gov.bd:8088/bms/bridges/inventory_view/106111", "keys": "[bridge_name, Bridge Name], [bridge_type,Type], [chainage_(km), Chainage (km)], [road_no, On Road], [division, Division], [subdivision, Subdivision], [bridge_length_(m), Length (m)], [bridge_width_(m), Width (m)],[map_link(=>{type:link, format:weblink}, Google Map,newtab=>),Google Map View],[bms_inventory(=>{type:link, format:weblink}, BMS Link,newtab=>), BMS Inventory],[bms_detail(=>{type:link, format:weblink},BMS Link,newtab=>), BMS Detailed View]", "f_class_color": "#6ebed6", "spans": 3.0, "span_arrangement": "25.2+25.3+25", "completion_year": "2023", "bridge_no": "222339904501" }, "geometry": { "type": "Point", "coordinates": [ 90.750336583332995, 22.394078277778 ] } },
{ "type": "Feature", "properties": { "bridge_id": "108875", "SL": 4150, "image_pop": "8088/bms/assets/uploads/images/prudential_images/bridges/bridge_8875/1713595479.jpg", "bridge_name": "Dauwatala Bailey bridge", "bridge_type": "Portable Steel Bridge", "road_no": "Z8814", "zone": "Barishal", "circle": "Patuakhali", "division": "Barguna", "sub-division": "Barguna", "sae": "SO-Barguna-1", "bridge_length_(m)": 33.5, "bridge_width_(m)": 3.54, "chainage_(km)": "14+394", "xcoord": 90.025148694443999, "ycoord": 22.260791083333, "map_link": "https://maps.google.com/?q=22.26079108333300000,90.02514869444400000&z=8&t=k", "bms_detail": "http://bms.rhd.gov.bd:8088/bms/bridges/detail_view/108875", "bms_inventory": "http://bms.rhd.gov.bd:8088/bms/bridges/inventory_view/108875", "keys": "[bridge_name, Bridge Name], [bridge_type,Type], [chainage_(km), Chainage (km)], [road_no, On Road], [division, Division], [subdivision, Subdivision], [bridge_length_(m), Length (m)], [bridge_width_(m), Width (m)],[map_link(=>{type:link, format:weblink}, Google Map,newtab=>),Google Map View],[bms_inventory(=>{type:link, format:weblink}, BMS Link,newtab=>), BMS Inventory],[bms_detail(=>{type:link, format:weblink},BMS Link,newtab=>), BMS Detailed View]", "f_class_color": "#29ffa4", "spans": 1.0, "span_arrangement": "33.5", "completion_year": "1981", "bridge_no": "221539901031" }, "geometry": { "type": "Point", "coordinates": [ 90.025148694443999, 22.260791083333 ] } },
{ "type": "Feature", "properties": { "bridge_id": "109829", "SL": 4174, "image_pop": "8088/bms/assets/uploads/images/prudential_images/bridges/bridge_9829/1716456626.jpg", "bridge_name": "Debipur Bailey Bridge", "bridge_type": "Portable Steel Bridge", "road_no": "Z8701", "zone": "Barishal", "circle": "Barishal", "division": "Pirojpur", "sub-division": "Kawkhali", "sae": "SO-Kawkhali-3", "bridge_length_(m)": 42.5, "bridge_width_(m)": 3.41, "chainage_(km)": "14+167", "xcoord": 89.971077388889, "ycoord": 22.370796888889, "map_link": "https://maps.google.com/?q=22.37079688888900000,89.97107738888900000&z=8&t=k", "bms_detail": "http://bms.rhd.gov.bd:8088/bms/bridges/detail_view/109829", "bms_inventory": "http://bms.rhd.gov.bd:8088/bms/bridges/inventory_view/109829", "keys": "[bridge_name, Bridge Name], [bridge_type,Type], [chainage_(km), Chainage (km)], [road_no, On Road], [division, Division], [subdivision, Subdivision], [bridge_length_(m), Length (m)], [bridge_width_(m), Width (m)],[map_link(=>{type:link, format:weblink}, Google Map,newtab=>),Google Map View],[bms_inventory(=>{type:link, format:weblink}, BMS Link,newtab=>), BMS Inventory],[bms_detail(=>{type:link, format:weblink},BMS Link,newtab=>), BMS Detailed View]", "f_class_color": "#29ffa4", "spans": 1.0, "span_arrangement": "42.5", "completion_year": "2000", "bridge_no": "222215895816" }, "geometry": { "type": "Point", "coordinates": [ 89.971077388889, 22.370796888889 ] } },
{ "type": "Feature", "properties": { "bridge_id": "105974", "SL": 4180, "image_pop": "8088/bms/assets/uploads/images/prudential_images/bridges/bridge_5974/1702536106.jpg", "bridge_name": "Debirchar Bridge", "bridge_type": "PC Girder Bridge", "road_no": "Z8913", "zone": "Barishal", "circle": "Barishal", "division": "Bhola", "sub-division": "Charfession", "sae": "SO-Charfession-3", "bridge_length_(m)": 43.7, "bridge_width_(m)": 10.3, "chainage_(km)": "0+320", "xcoord": 90.689011194444006, "ycoord": 22.3929685, "map_link": "https://maps.google.com/?q=22.39296850000000000,90.68901119444400000&z=8&t=k", "bms_detail": "http://bms.rhd.gov.bd:8088/bms/bridges/detail_view/105974", "bms_inventory": "http://bms.rhd.gov.bd:8088/bms/bridges/inventory_view/105974", "keys": "[bridge_name, Bridge Name], [bridge_type,Type], [chainage_(km), Chainage (km)], [road_no, On Road], [division, Division], [subdivision, Subdivision], [bridge_length_(m), Length (m)], [bridge_width_(m), Width (m)],[map_link(=>{type:link, format:weblink}, Google Map,newtab=>),Google Map View],[bms_inventory(=>{type:link, format:weblink}, BMS Link,newtab=>), BMS Inventory],[bms_detail(=>{type:link, format:weblink},BMS Link,newtab=>), BMS Detailed View]", "f_class_color": "#6ebed6", "spans": 1.0, "span_arrangement": "43.7", "completion_year": "2021", "bridge_no": "222335904120" }, "geometry": { "type": "Point", "coordinates": [ 90.689011194444006, 22.3929685 ] } },
{ "type": "Feature", "properties": { "bridge_id": "109856", "SL": 4245, "image_pop": "8088/bms/assets/uploads/images/prudential_images/bridges/bridge_9856/1716957210.jpg", "bridge_name": "Dewatala Bailey Bridge", "bridge_type": "Portable Steel Bridge", "road_no": "Z8814", "zone": "Barishal", "circle": "Barishal", "division": "Pirojpur", "sub-division": "Kawkhali", "sae": "SO-Kawkhali-3", "bridge_length_(m)": 33.7, "bridge_width_(m)": 3.41, "chainage_(km)": "13+842", "xcoord": 89.9153485, "ycoord": 22.2945125, "map_link": "https://maps.google.com/?q=22.29451250000000000,89.91534850000000000&z=8&t=k", "bms_detail": "http://bms.rhd.gov.bd:8088/bms/bridges/detail_view/109856", "bms_inventory": "http://bms.rhd.gov.bd:8088/bms/bridges/inventory_view/109856", "keys": "[bridge_name, Bridge Name], [bridge_type,Type], [chainage_(km), Chainage (km)], [road_no, On Road], [division, Division], [subdivision, Subdivision], [bridge_length_(m), Length (m)], [bridge_width_(m), Width (m)],[map_link(=>{type:link, format:weblink}, Google Map,newtab=>),Google Map View],[bms_inventory(=>{type:link, format:weblink}, BMS Link,newtab=>), BMS Inventory],[bms_detail(=>{type:link, format:weblink},BMS Link,newtab=>), BMS Detailed View]", "f_class_color": "#29ffa4", "spans": 1.0, "span_arrangement": "33.7", "completion_year": "1990", "bridge_no": "221740895455" }, "geometry": { "type": "Point", "coordinates": [ 89.9153485, 22.2945125 ] } },
{ "type": "Feature", "properties": { "bridge_id": "109409", "SL": 4512, "image_pop": "8088/bms/assets/img/no_picture.png", "bridge_name": "Dighirjan RCC & PC Girder Bridge", "bridge_type": "PC Girder Bridge", "road_no": "Z7704", "zone": "Barishal", "circle": "Barishal", "division": "Pirojpur", "sub-division": "Pirojpur", "sae": "SO-Pirojpur-1", "bridge_length_(m)": 80.05, "bridge_width_(m)": 10.2, "chainage_(km)": "21+128", "xcoord": 89.95587, "ycoord": 22.761055388889002, "map_link": "https://maps.google.com/?q=22.76105538888900000,89.95587000000000000&z=8&t=k", "bms_detail": "http://bms.rhd.gov.bd:8088/bms/bridges/detail_view/109409", "bms_inventory": "http://bms.rhd.gov.bd:8088/bms/bridges/inventory_view/109409", "keys": "[bridge_name, Bridge Name], [bridge_type,Type], [chainage_(km), Chainage (km)], [road_no, On Road], [division, Division], [subdivision, Subdivision], [bridge_length_(m), Length (m)], [bridge_width_(m), Width (m)],[map_link(=>{type:link, format:weblink}, Google Map,newtab=>),Google Map View],[bms_inventory(=>{type:link, format:weblink}, BMS Link,newtab=>), BMS Inventory],[bms_detail(=>{type:link, format:weblink},BMS Link,newtab=>), BMS Detailed View]", "f_class_color": "#6ebed6", "spans": 3.0, "span_arrangement": "19.6+40.25+20.2", "completion_year": "2014", "bridge_no": "224540895721" }, "geometry": { "type": "Point", "coordinates": [ 89.95587, 22.761055388889002 ] } },
{ "type": "Feature", "properties": { "bridge_id": "110071", "SL": 4568, "image_pop": "8088/bms/assets/uploads/images/prudential_images/bridges/bridge_10071/1717409020.jpg", "bridge_name": "Dirgha PC Girder Bridge", "bridge_type": "PC Girder Bridge", "road_no": "Z7710", "zone": "Barishal", "circle": "Barishal", "division": "Pirojpur", "sub-division": "Pirojpur", "sae": "SO-Pirojpur-1", "bridge_length_(m)": 360.0, "bridge_width_(m)": 8.3, "chainage_(km)": "34+890", "xcoord": 89.9974905, "ycoord": 22.741237888889, "map_link": "https://maps.google.com/?q=22.74123788888900000,89.99749050000000000&z=8&t=k", "bms_detail": "http://bms.rhd.gov.bd:8088/bms/bridges/detail_view/110071", "bms_inventory": "http://bms.rhd.gov.bd:8088/bms/bridges/inventory_view/110071", "keys": "[bridge_name, Bridge Name], [bridge_type,Type], [chainage_(km), Chainage (km)], [road_no, On Road], [division, Division], [subdivision, Subdivision], [bridge_length_(m), Length (m)], [bridge_width_(m), Width (m)],[map_link(=>{type:link, format:weblink}, Google Map,newtab=>),Google Map View],[bms_inventory(=>{type:link, format:weblink}, BMS Link,newtab=>), BMS Inventory],[bms_detail(=>{type:link, format:weblink},BMS Link,newtab=>), BMS Detailed View]", "f_class_color": "#6ebed6", "spans": 9.0, "span_arrangement": "40+40+40+40+40+40+40+40+40", "completion_year": "2022", "bridge_no": "224428895951" }, "geometry": { "type": "Point", "coordinates": [ 89.9974905, 22.741237888889 ] } },
{ "type": "Feature", "properties": { "bridge_id": "110700", "SL": 4576, "image_pop": "8088/bms/assets/img/no_picture.png", "bridge_name": "Dofadarbari Pc Girder Bridge", "bridge_type": "PC Girder Bridge", "road_no": "Z8701", "zone": "Barishal", "circle": "Barishal", "division": "Pirojpur", "sub-division": "Kawkhali", "sae": "SO-Kawkhali-1", "bridge_length_(m)": 37.2, "bridge_width_(m)": 11.05, "chainage_(km)": "28+800", "xcoord": 89.965273777777995, "ycoord": 22.275314583333, "map_link": "https://maps.google.com/?q=22.27531458333300000,89.96527377777800000&z=8&t=k", "bms_detail": "http://bms.rhd.gov.bd:8088/bms/bridges/detail_view/110700", "bms_inventory": "http://bms.rhd.gov.bd:8088/bms/bridges/inventory_view/110700", "keys": "[bridge_name, Bridge Name], [bridge_type,Type], [chainage_(km), Chainage (km)], [road_no, On Road], [division, Division], [subdivision, Subdivision], [bridge_length_(m), Length (m)], [bridge_width_(m), Width (m)],[map_link(=>{type:link, format:weblink}, Google Map,newtab=>),Google Map View],[bms_inventory(=>{type:link, format:weblink}, BMS Link,newtab=>), BMS Inventory],[bms_detail(=>{type:link, format:weblink},BMS Link,newtab=>), BMS Detailed View]", "f_class_color": "#6ebed6", "spans": null, "span_arrangement": null, "completion_year": null, "bridge_no": null }, "geometry": { "type": "Point", "coordinates": [ 89.965273777777995, 22.275314583333 ] } },
{ "type": "Feature", "properties": { "bridge_id": "108853", "SL": 4785, "image_pop": "8088/bms/assets/uploads/images/prudential_images/bridges/bridge_8853/1713433482.jpg", "bridge_name": "Dowatola Bazar RCC Girder Bridge", "bridge_type": "RC Girder Bridge", "road_no": "Z8708", "zone": "Barishal", "circle": "Patuakhali", "division": "Barguna", "sub-division": "Barguna", "sae": "SO-Barguna-1", "bridge_length_(m)": 15.0, "bridge_width_(m)": 6.9, "chainage_(km)": "46+111", "xcoord": 90.026872, "ycoord": 22.261756388889001, "map_link": "https://maps.google.com/?q=22.26175638888900000,90.02687200000000000&z=8&t=k", "bms_detail": "http://bms.rhd.gov.bd:8088/bms/bridges/detail_view/108853", "bms_inventory": "http://bms.rhd.gov.bd:8088/bms/bridges/inventory_view/108853", "keys": "[bridge_name, Bridge Name], [bridge_type,Type], [chainage_(km), Chainage (km)], [road_no, On Road], [division, Division], [subdivision, Subdivision], [bridge_length_(m), Length (m)], [bridge_width_(m), Width (m)],[map_link(=>{type:link, format:weblink}, Google Map,newtab=>),Google Map View],[bms_inventory(=>{type:link, format:weblink}, BMS Link,newtab=>), BMS Inventory],[bms_detail(=>{type:link, format:weblink},BMS Link,newtab=>), BMS Detailed View]", "f_class_color": "#e8f674", "spans": 1.0, "span_arrangement": "15", "completion_year": "2014", "bridge_no": "221542900137" }, "geometry": { "type": "Point", "coordinates": [ 90.026872, 22.261756388889001 ] } },
{ "type": "Feature", "properties": { "bridge_id": "105293", "SL": 4800, "image_pop": "8088/bms/assets/img/no_picture.png", "bridge_name": "Dr. Abdur Razzaq Vulu Pc Girder Bridge", "bridge_type": "PC Girder Bridge", "road_no": "Z8034", "zone": "Barishal", "circle": "Barishal", "division": "Barishal", "sub-division": "Barishal-2", "sae": "SO-Barishal Sub Division-2-1", "bridge_length_(m)": 391.0, "bridge_width_(m)": 7.1, "chainage_(km)": "24+150", "xcoord": 90.4152778, "ycoord": 22.9161111, "map_link": "https://maps.google.com/?q=22.91611110000000000,90.41527780000000000&z=8&t=k", "bms_detail": "http://bms.rhd.gov.bd:8088/bms/bridges/detail_view/105293", "bms_inventory": "http://bms.rhd.gov.bd:8088/bms/bridges/inventory_view/105293", "keys": "[bridge_name, Bridge Name], [bridge_type,Type], [chainage_(km), Chainage (km)], [road_no, On Road], [division, Division], [subdivision, Subdivision], [bridge_length_(m), Length (m)], [bridge_width_(m), Width (m)],[map_link(=>{type:link, format:weblink}, Google Map,newtab=>),Google Map View],[bms_inventory(=>{type:link, format:weblink}, BMS Link,newtab=>), BMS Inventory],[bms_detail(=>{type:link, format:weblink},BMS Link,newtab=>), BMS Detailed View]", "f_class_color": "#6ebed6", "spans": 13.0, "span_arrangement": "30.4+29.4+30.4+30+29+29.2+30.3+31.1+30.6+30.2+30.1+30.2+30", "completion_year": "2005", "bridge_no": "229152904183" }, "geometry": { "type": "Point", "coordinates": [ 90.4152778, 22.9161111 ] } },
{ "type": "Feature", "properties": { "bridge_id": "108883", "SL": 4918, "image_pop": "8088/bms/assets/uploads/images/prudential_images/bridges/bridge_8883/1713602143.jpg", "bridge_name": "Dushkhali RCC Girder Bridge", "bridge_type": "RC Girder Bridge", "road_no": "Z8708", "zone": "Barishal", "circle": "Patuakhali", "division": "Barguna", "sub-division": "Barguna", "sae": "SO-Barguna-1", "bridge_length_(m)": 30.7, "bridge_width_(m)": 6.9, "chainage_(km)": "35+492", "xcoord": 90.083883388889006, "ycoord": 22.3183665, "map_link": "https://maps.google.com/?q=22.31836650000000000,90.08388338888900000&z=8&t=k", "bms_detail": "http://bms.rhd.gov.bd:8088/bms/bridges/detail_view/108883", "bms_inventory": "http://bms.rhd.gov.bd:8088/bms/bridges/inventory_view/108883", "keys": "[bridge_name, Bridge Name], [bridge_type,Type], [chainage_(km), Chainage (km)], [road_no, On Road], [division, Division], [subdivision, Subdivision], [bridge_length_(m), Length (m)], [bridge_width_(m), Width (m)],[map_link(=>{type:link, format:weblink}, Google Map,newtab=>),Google Map View],[bms_inventory(=>{type:link, format:weblink}, BMS Link,newtab=>), BMS Inventory],[bms_detail(=>{type:link, format:weblink},BMS Link,newtab=>), BMS Detailed View]", "f_class_color": "#e8f674", "spans": 3.0, "span_arrangement": "10.4+10.1+10.2", "completion_year": "2003", "bridge_no": "221906900502" }, "geometry": { "type": "Point", "coordinates": [ 90.083883388889006, 22.3183665 ] } },
{ "type": "Feature", "properties": { "bridge_id": "110056", "SL": 4982, "image_pop": "8088/bms/assets/uploads/images/prudential_images/bridges/bridge_10056/1717396143.jpg", "bridge_name": "East Jousar Bailey Bridge", "bridge_type": "Portable Steel Bridge", "road_no": "Z8716", "zone": "Barishal", "circle": "Barishal", "division": "Pirojpur", "sub-division": "Kawkhali", "sae": "SO-Kawkhali-1", "bridge_length_(m)": 27.5, "bridge_width_(m)": 3.4, "chainage_(km)": "7+120", "xcoord": 90.146580388889006, "ycoord": 22.694088888888999, "map_link": "https://maps.google.com/?q=22.69408888888900000,90.14658038888900000&z=8&t=k", "bms_detail": "http://bms.rhd.gov.bd:8088/bms/bridges/detail_view/110056", "bms_inventory": "http://bms.rhd.gov.bd:8088/bms/bridges/inventory_view/110056", "keys": "[bridge_name, Bridge Name], [bridge_type,Type], [chainage_(km), Chainage (km)], [road_no, On Road], [division, Division], [subdivision, Subdivision], [bridge_length_(m), Length (m)], [bridge_width_(m), Width (m)],[map_link(=>{type:link, format:weblink}, Google Map,newtab=>),Google Map View],[bms_inventory(=>{type:link, format:weblink}, BMS Link,newtab=>), BMS Inventory],[bms_detail(=>{type:link, format:weblink},BMS Link,newtab=>), BMS Detailed View]", "f_class_color": "#29ffa4", "spans": 1.0, "span_arrangement": "27.5", "completion_year": "2017", "bridge_no": "224139900848" }, "geometry": { "type": "Point", "coordinates": [ 90.146580388889006, 22.694088888888999 ] } },
{ "type": "Feature", "properties": { "bridge_id": "106662", "SL": 4985, "image_pop": "8088/bms/assets/uploads/images/prudential_images/bridges/bridge_6662/1705997883.jpg", "bridge_name": "East Kalaiya Bailey Bridge", "bridge_type": "Portable Steel Bridge", "road_no": "Z8053", "zone": "Barishal", "circle": "Patuakhali", "division": "Patuakhali", "sub-division": "Patuakhali", "sae": "SO-Patuakhali-2", "bridge_length_(m)": 24.4, "bridge_width_(m)": 3.56, "chainage_(km)": "3+494", "xcoord": 90.609635888889002, "ycoord": 22.3806745, "map_link": "https://maps.google.com/?q=22.38067450000000000,90.60963588888900000&z=8&t=k", "bms_detail": "http://bms.rhd.gov.bd:8088/bms/bridges/detail_view/106662", "bms_inventory": "http://bms.rhd.gov.bd:8088/bms/bridges/inventory_view/106662", "keys": "[bridge_name, Bridge Name], [bridge_type,Type], [chainage_(km), Chainage (km)], [road_no, On Road], [division, Division], [subdivision, Subdivision], [bridge_length_(m), Length (m)], [bridge_width_(m), Width (m)],[map_link(=>{type:link, format:weblink}, Google Map,newtab=>),Google Map View],[bms_inventory(=>{type:link, format:weblink}, BMS Link,newtab=>), BMS Inventory],[bms_detail(=>{type:link, format:weblink},BMS Link,newtab=>), BMS Detailed View]", "f_class_color": "#29ffa4", "spans": 1.0, "span_arrangement": "24.4", "completion_year": "1988", "bridge_no": "222222903614" }, "geometry": { "type": "Point", "coordinates": [ 90.609635888889002, 22.3806745 ] } },
{ "type": "Feature", "properties": { "bridge_id": "109951", "SL": 5010, "image_pop": "8088/bms/assets/uploads/images/prudential_images/bridges/bridge_9951/1717069094.jpg", "bridge_name": "Edilkathi Steel Girder Bridge", "bridge_type": "Steel Girder Bridge", "road_no": "Z8716", "zone": "Barishal", "circle": "Barishal", "division": "Pirojpur", "sub-division": "Kawkhali", "sae": "SO-Kawkhali-1", "bridge_length_(m)": 29.4, "bridge_width_(m)": 2.3, "chainage_(km)": "12+553", "xcoord": 90.111818583333005, "ycoord": 22.712432694444001, "map_link": "https://maps.google.com/?q=22.71243269444400000,90.11181858333300000&z=8&t=k", "bms_detail": "http://bms.rhd.gov.bd:8088/bms/bridges/detail_view/109951", "bms_inventory": "http://bms.rhd.gov.bd:8088/bms/bridges/inventory_view/109951", "keys": "[bridge_name, Bridge Name], [bridge_type,Type], [chainage_(km), Chainage (km)], [road_no, On Road], [division, Division], [subdivision, Subdivision], [bridge_length_(m), Length (m)], [bridge_width_(m), Width (m)],[map_link(=>{type:link, format:weblink}, Google Map,newtab=>),Google Map View],[bms_inventory(=>{type:link, format:weblink}, BMS Link,newtab=>), BMS Inventory],[bms_detail(=>{type:link, format:weblink},BMS Link,newtab=>), BMS Detailed View]", "f_class_color": "#b15dec", "spans": 5.0, "span_arrangement": "5.6+5.6+7+5.6+5.6", "completion_year": "1972", "bridge_no": "224245900642" }, "geometry": { "type": "Point", "coordinates": [ 90.111818583333005, 22.712432694444001 ] } },
{ "type": "Feature", "properties": { "bridge_id": "109949", "SL": 5011, "image_pop": "8088/bms/assets/uploads/images/prudential_images/bridges/bridge_9949/1717067763.jpg", "bridge_name": "Edilkati Bazar Steel Girder Bridge", "bridge_type": "Steel Girder Bridge", "road_no": "Z8716", "zone": "Barishal", "circle": "Barishal", "division": "Pirojpur", "sub-division": "Kawkhali", "sae": "SO-Kawkhali-1", "bridge_length_(m)": 61.4, "bridge_width_(m)": 3.0, "chainage_(km)": "12+307", "xcoord": 90.111969194444001, "ycoord": 22.710608, "map_link": "https://maps.google.com/?q=22.71060800000000000,90.11196919444400000&z=8&t=k", "bms_detail": "http://bms.rhd.gov.bd:8088/bms/bridges/detail_view/109949", "bms_inventory": "http://bms.rhd.gov.bd:8088/bms/bridges/inventory_view/109949", "keys": "[bridge_name, Bridge Name], [bridge_type,Type], [chainage_(km), Chainage (km)], [road_no, On Road], [division, Division], [subdivision, Subdivision], [bridge_length_(m), Length (m)], [bridge_width_(m), Width (m)],[map_link(=>{type:link, format:weblink}, Google Map,newtab=>),Google Map View],[bms_inventory(=>{type:link, format:weblink}, BMS Link,newtab=>), BMS Inventory],[bms_detail(=>{type:link, format:weblink},BMS Link,newtab=>), BMS Detailed View]", "f_class_color": "#b15dec", "spans": 6.0, "span_arrangement": "19+8.4+8.8+8.4+8.4+8.4", "completion_year": "1972", "bridge_no": "224238900643" }, "geometry": { "type": "Point", "coordinates": [ 90.111969194444001, 22.710608 ] } },
{ "type": "Feature", "properties": { "bridge_id": "110038", "SL": 5029, "image_pop": "8088/bms/assets/uploads/images/prudential_images/bridges/bridge_10038/1717328851.jpg", "bridge_name": "Eidholkati PC Girder Bridge", "bridge_type": "PC Girder Bridge", "road_no": "Z8716", "zone": "Barishal", "circle": "Barishal", "division": "Pirojpur", "sub-division": "Kawkhali", "sae": "SO-Kawkhali-1", "bridge_length_(m)": 68.0, "bridge_width_(m)": 10.5, "chainage_(km)": "12+380", "xcoord": 90.111388083332997, "ycoord": 22.710166, "map_link": "https://maps.google.com/?q=22.71016600000000000,90.11138808333300000&z=8&t=k", "bms_detail": "http://bms.rhd.gov.bd:8088/bms/bridges/detail_view/110038", "bms_inventory": "http://bms.rhd.gov.bd:8088/bms/bridges/inventory_view/110038", "keys": "[bridge_name, Bridge Name], [bridge_type,Type], [chainage_(km), Chainage (km)], [road_no, On Road], [division, Division], [subdivision, Subdivision], [bridge_length_(m), Length (m)], [bridge_width_(m), Width (m)],[map_link(=>{type:link, format:weblink}, Google Map,newtab=>),Google Map View],[bms_inventory(=>{type:link, format:weblink}, BMS Link,newtab=>), BMS Inventory],[bms_detail(=>{type:link, format:weblink},BMS Link,newtab=>), BMS Detailed View]", "f_class_color": "#6ebed6", "spans": 3.0, "span_arrangement": "13.1+41.8+13.1", "completion_year": "2024", "bridge_no": "224236900641" }, "geometry": { "type": "Point", "coordinates": [ 90.111388083332997, 22.710166 ] } },
{ "type": "Feature", "properties": { "bridge_id": "110081", "SL": 5057, "image_pop": "8088/bms/assets/uploads/images/prudential_images/bridges/bridge_10081/1717473883.jpg", "bridge_name": "Enayat Karim Bailey Bridge", "bridge_type": "Portable Steel Bridge", "road_no": "Z8717", "zone": "Barishal", "circle": "Barishal", "division": "Pirojpur", "sub-division": "Kawkhali", "sae": "SO-Kawkhali-1", "bridge_length_(m)": 124.8, "bridge_width_(m)": 3.5, "chainage_(km)": "10+520", "xcoord": 90.064859777777997, "ycoord": 22.497774194443998, "map_link": "https://maps.google.com/?q=22.49777419444400000,90.06485977777800000&z=8&t=k", "bms_detail": "http://bms.rhd.gov.bd:8088/bms/bridges/detail_view/110081", "bms_inventory": "http://bms.rhd.gov.bd:8088/bms/bridges/inventory_view/110081", "keys": "[bridge_name, Bridge Name], [bridge_type,Type], [chainage_(km), Chainage (km)], [road_no, On Road], [division, Division], [subdivision, Subdivision], [bridge_length_(m), Length (m)], [bridge_width_(m), Width (m)],[map_link(=>{type:link, format:weblink}, Google Map,newtab=>),Google Map View],[bms_inventory(=>{type:link, format:weblink}, BMS Link,newtab=>), BMS Inventory],[bms_detail(=>{type:link, format:weblink},BMS Link,newtab=>), BMS Detailed View]", "f_class_color": "#29ffa4", "spans": 4.0, "span_arrangement": "25.2+37.2+37.2+25.2", "completion_year": "2003", "bridge_no": "222952900353" }, "geometry": { "type": "Point", "coordinates": [ 90.064859777777997, 22.497774194443998 ] } },
{ "type": "Feature", "properties": { "bridge_id": "109632", "SL": 5093, "image_pop": "8088/bms/assets/uploads/images/prudential_images/bridges/bridge_9632/1715859407.jpg", "bridge_name": "Fakirhaat Bailey Bridge", "bridge_type": "Portable Steel Bridge", "road_no": "R870", "zone": "Barishal", "circle": "Barishal", "division": "Pirojpur", "sub-division": "Pirojpur", "sae": "SO-Pirojpur-1", "bridge_length_(m)": 23.5, "bridge_width_(m)": 3.41, "chainage_(km)": "7+691", "xcoord": 89.941970388889004, "ycoord": 22.450261888888999, "map_link": "https://maps.google.com/?q=22.45026188888900000,89.94197038888900000&z=8&t=k", "bms_detail": "http://bms.rhd.gov.bd:8088/bms/bridges/detail_view/109632", "bms_inventory": "http://bms.rhd.gov.bd:8088/bms/bridges/inventory_view/109632", "keys": "[bridge_name, Bridge Name], [bridge_type,Type], [chainage_(km), Chainage (km)], [road_no, On Road], [division, Division], [subdivision, Subdivision], [bridge_length_(m), Length (m)], [bridge_width_(m), Width (m)],[map_link(=>{type:link, format:weblink}, Google Map,newtab=>),Google Map View],[bms_inventory(=>{type:link, format:weblink}, BMS Link,newtab=>), BMS Inventory],[bms_detail(=>{type:link, format:weblink},BMS Link,newtab=>), BMS Detailed View]", "f_class_color": "#29ffa4", "spans": 1.0, "span_arrangement": "23.5", "completion_year": "2005", "bridge_no": "222701895631" }, "geometry": { "type": "Point", "coordinates": [ 89.941970388889004, 22.450261888888999 ] } },
{ "type": "Feature", "properties": { "bridge_id": "110692", "SL": 5094, "image_pop": "8088/bms/assets/img/no_picture.png", "bridge_name": "Fakirhat Bailey bridge", "bridge_type": "Portable Steel Bridge", "road_no": "Z7711", "zone": "Barishal", "circle": "Barishal", "division": "Pirojpur", "sub-division": "Pirojpur", "sae": "SO-Pirojpur-1", "bridge_length_(m)": 24.4, "bridge_width_(m)": 3.4, "chainage_(km)": "7+586", "xcoord": 89.942028388889, "ycoord": 22.450322583333001, "map_link": "https://maps.google.com/?q=22.45032258333300000,89.94202838888900000&z=8&t=k", "bms_detail": "http://bms.rhd.gov.bd:8088/bms/bridges/detail_view/110692", "bms_inventory": "http://bms.rhd.gov.bd:8088/bms/bridges/inventory_view/110692", "keys": "[bridge_name, Bridge Name], [bridge_type,Type], [chainage_(km), Chainage (km)], [road_no, On Road], [division, Division], [subdivision, Subdivision], [bridge_length_(m), Length (m)], [bridge_width_(m), Width (m)],[map_link(=>{type:link, format:weblink}, Google Map,newtab=>),Google Map View],[bms_inventory(=>{type:link, format:weblink}, BMS Link,newtab=>), BMS Inventory],[bms_detail(=>{type:link, format:weblink},BMS Link,newtab=>), BMS Detailed View]", "f_class_color": "#29ffa4", "spans": 1.0, "span_arrangement": "24.4", "completion_year": "2012", "bridge_no": "224503899420" }, "geometry": { "type": "Point", "coordinates": [ 89.942028388889, 22.450322583333001 ] } },
{ "type": "Feature", "properties": { "bridge_id": "105945", "SL": 5190, "image_pop": "8088/bms/assets/uploads/images/prudential_images/bridges/bridge_5945/1702455674.jpg", "bridge_name": "Fokirerhat Bazar Bridge", "bridge_type": "PC Girder Bridge", "road_no": "Z8943", "zone": "Barishal", "circle": "Barishal", "division": "Bhola", "sub-division": "Bhola", "sae": "SO-Bhola-3", "bridge_length_(m)": 34.1, "bridge_width_(m)": 10.6, "chainage_(km)": "6+712", "xcoord": 90.788383388889002, "ycoord": 22.428677083333, "map_link": "https://maps.google.com/?q=22.42867708333300000,90.78838338888900000&z=8&t=k", "bms_detail": "http://bms.rhd.gov.bd:8088/bms/bridges/detail_view/105945", "bms_inventory": "http://bms.rhd.gov.bd:8088/bms/bridges/inventory_view/105945", "keys": "[bridge_name, Bridge Name], [bridge_type,Type], [chainage_(km), Chainage (km)], [road_no, On Road], [division, Division], [subdivision, Subdivision], [bridge_length_(m), Length (m)], [bridge_width_(m), Width (m)],[map_link(=>{type:link, format:weblink}, Google Map,newtab=>),Google Map View],[bms_inventory(=>{type:link, format:weblink}, BMS Link,newtab=>), BMS Inventory],[bms_detail(=>{type:link, format:weblink},BMS Link,newtab=>), BMS Detailed View]", "f_class_color": "#6ebed6", "spans": 1.0, "span_arrangement": "34.1", "completion_year": "2023", "bridge_no": "222543904718" }, "geometry": { "type": "Point", "coordinates": [ 90.788383388889002, 22.428677083333 ] } },
{ "type": "Feature", "properties": { "bridge_id": "107785", "SL": 5296, "image_pop": "8088/bms/assets/uploads/images/prudential_images/bridges/bridge_7785/1710064159.jpg", "bridge_name": "Fuljhuri PC girder bridge", "bridge_type": "PC Girder Bridge", "road_no": "Z8810", "zone": "Barishal", "circle": "Patuakhali", "division": "Barguna", "sub-division": "Barguna", "sae": "SO-Barguna-1", "bridge_length_(m)": 21.8, "bridge_width_(m)": 11.2, "chainage_(km)": "46+733", "xcoord": 90.128634694444003, "ycoord": 22.224544194444, "map_link": "https://maps.google.com/?q=22.22454419444400000,90.12863469444400000&z=8&t=k", "bms_detail": "http://bms.rhd.gov.bd:8088/bms/bridges/detail_view/107785", "bms_inventory": "http://bms.rhd.gov.bd:8088/bms/bridges/inventory_view/107785", "keys": "[bridge_name, Bridge Name], [bridge_type,Type], [chainage_(km), Chainage (km)], [road_no, On Road], [division, Division], [subdivision, Subdivision], [bridge_length_(m), Length (m)], [bridge_width_(m), Width (m)],[map_link(=>{type:link, format:weblink}, Google Map,newtab=>),Google Map View],[bms_inventory(=>{type:link, format:weblink}, BMS Link,newtab=>), BMS Inventory],[bms_detail(=>{type:link, format:weblink},BMS Link,newtab=>), BMS Detailed View]", "f_class_color": "#6ebed6", "spans": 1.0, "span_arrangement": "21.8", "completion_year": "2010", "bridge_no": "221328900743" }, "geometry": { "type": "Point", "coordinates": [ 90.128634694444003, 22.224544194444 ] } },
{ "type": "Feature", "properties": { "bridge_id": "106902", "SL": 5336, "image_pop": "8088/bms/assets/uploads/images/prudential_images/bridges/bridge_6902/1706677763.jpg", "bridge_name": "Gabbunia RCC Girder Bridge", "bridge_type": "RC Girder Bridge", "road_no": "Z8804", "zone": "Barishal", "circle": "Patuakhali", "division": "Patuakhali", "sub-division": "Patuakhali", "sae": "SO-Patuakhali-3", "bridge_length_(m)": 80.0, "bridge_width_(m)": 5.4, "chainage_(km)": "3+735", "xcoord": 90.3913075, "ycoord": 22.205664777778001, "map_link": "https://maps.google.com/?q=22.20566477777800000,90.39130750000000000&z=8&t=k", "bms_detail": "http://bms.rhd.gov.bd:8088/bms/bridges/detail_view/106902", "bms_inventory": "http://bms.rhd.gov.bd:8088/bms/bridges/inventory_view/106902", "keys": "[bridge_name, Bridge Name], [bridge_type,Type], [chainage_(km), Chainage (km)], [road_no, On Road], [division, Division], [subdivision, Subdivision], [bridge_length_(m), Length (m)], [bridge_width_(m), Width (m)],[map_link(=>{type:link, format:weblink}, Google Map,newtab=>),Google Map View],[bms_inventory(=>{type:link, format:weblink}, BMS Link,newtab=>), BMS Inventory],[bms_detail(=>{type:link, format:weblink},BMS Link,newtab=>), BMS Detailed View]", "f_class_color": "#e8f674", "spans": 5.0, "span_arrangement": "16+16+16+16+16", "completion_year": "2023", "bridge_no": "221220902329" }, "geometry": { "type": "Point", "coordinates": [ 90.3913075, 22.205664777778001 ] } },
{ "type": "Feature", "properties": { "bridge_id": "110364", "SL": 5338, "image_pop": "8088/bms/assets/img/no_picture.png", "bridge_name": "Gabkhan PC Box Girder Bridge", "bridge_type": "PC Box Girder Bridge", "road_no": "R870", "zone": "Barishal", "circle": "Barishal", "division": "Jhalokati", "sub-division": "Jhalokati", "sae": "SO-Jhalokati-1", "bridge_length_(m)": 913.0, "bridge_width_(m)": 10.0, "chainage_(km)": "19+874", "xcoord": 90.182944, "ycoord": 22.642778, "map_link": "https://maps.google.com/?q=22.64277800000000000,90.18294400000000000&z=8&t=k", "bms_detail": "http://bms.rhd.gov.bd:8088/bms/bridges/detail_view/110364", "bms_inventory": "http://bms.rhd.gov.bd:8088/bms/bridges/inventory_view/110364", "keys": "[bridge_name, Bridge Name], [bridge_type,Type], [chainage_(km), Chainage (km)], [road_no, On Road], [division, Division], [subdivision, Subdivision], [bridge_length_(m), Length (m)], [bridge_width_(m), Width (m)],[map_link(=>{type:link, format:weblink}, Google Map,newtab=>),Google Map View],[bms_inventory(=>{type:link, format:weblink}, BMS Link,newtab=>), BMS Inventory],[bms_detail(=>{type:link, format:weblink},BMS Link,newtab=>), BMS Detailed View]", "f_class_color": "#ffbb00", "spans": 25.0, "span_arrangement": "30.3+30.3+30.3+30.3+30.3+30.3+30.3+30.3+30.3+30.1+30.2+67+117+67+30.3+30+30+29.8+29.8+29.8+29.8+29.8+29.9+29.8+30", "completion_year": "2003", "bridge_no": "223834901059" }, "geometry": { "type": "Point", "coordinates": [ 90.182944, 22.642778 ] } },
{ "type": "Feature", "properties": { "bridge_id": "106738", "SL": 5341, "image_pop": "8088/bms/assets/uploads/images/prudential_images/bridges/bridge_6738/1706346028.jpg", "bridge_name": "Gabtola Baily Bridge", "bridge_type": "Portable Steel Bridge", "road_no": "Z8052", "zone": "Barishal", "circle": "Patuakhali", "division": "Patuakhali", "sub-division": "Patuakhali", "sae": "SO-Patuakhali-1", "bridge_length_(m)": 22.2, "bridge_width_(m)": 3.7, "chainage_(km)": "17+273", "xcoord": 90.2358245, "ycoord": 22.361418083333, "map_link": "https://maps.google.com/?q=22.36141808333300000,90.23582450000000000&z=8&t=k", "bms_detail": "http://bms.rhd.gov.bd:8088/bms/bridges/detail_view/106738", "bms_inventory": "http://bms.rhd.gov.bd:8088/bms/bridges/inventory_view/106738", "keys": "[bridge_name, Bridge Name], [bridge_type,Type], [chainage_(km), Chainage (km)], [road_no, On Road], [division, Division], [subdivision, Subdivision], [bridge_length_(m), Length (m)], [bridge_width_(m), Width (m)],[map_link(=>{type:link, format:weblink}, Google Map,newtab=>),Google Map View],[bms_inventory(=>{type:link, format:weblink}, BMS Link,newtab=>), BMS Inventory],[bms_detail(=>{type:link, format:weblink},BMS Link,newtab=>), BMS Detailed View]", "f_class_color": "#29ffa4", "spans": 1.0, "span_arrangement": "22.2", "completion_year": "1988", "bridge_no": "222141901409" }, "geometry": { "type": "Point", "coordinates": [ 90.2358245, 22.361418083333 ] } },
{ "type": "Feature", "properties": { "bridge_id": "106450", "SL": 5347, "image_pop": "8088/bms/assets/uploads/images/prudential_images/bridges/bridge_6450/1705136748.jpg", "bridge_name": "Gabua Bazar RCC Girder Bridge", "bridge_type": "RC Girder Bridge", "road_no": "N8", "zone": "Barishal", "circle": "Patuakhali", "division": "Patuakhali", "sub-division": "Patuakhali", "sae": "SO-Patuakhali-1", "bridge_length_(m)": 13.9, "bridge_width_(m)": 7.9, "chainage_(km)": "199+003", "xcoord": 90.327527888888994, "ycoord": 22.411884, "map_link": "https://maps.google.com/?q=22.41188400000000000,90.32752788888900000&z=8&t=k", "bms_detail": "http://bms.rhd.gov.bd:8088/bms/bridges/detail_view/106450", "bms_inventory": "http://bms.rhd.gov.bd:8088/bms/bridges/inventory_view/106450", "keys": "[bridge_name, Bridge Name], [bridge_type,Type], [chainage_(km), Chainage (km)], [road_no, On Road], [division, Division], [subdivision, Subdivision], [bridge_length_(m), Length (m)], [bridge_width_(m), Width (m)],[map_link(=>{type:link, format:weblink}, Google Map,newtab=>),Google Map View],[bms_inventory(=>{type:link, format:weblink}, BMS Link,newtab=>), BMS Inventory],[bms_detail(=>{type:link, format:weblink},BMS Link,newtab=>), BMS Detailed View]", "f_class_color": "#e8f674", "spans": 1.0, "span_arrangement": "13.9", "completion_year": "2002", "bridge_no": "222443901939" }, "geometry": { "type": "Point", "coordinates": [ 90.327527888888994, 22.411884 ] } },
{ "type": "Feature", "properties": { "bridge_id": "109487", "SL": 5382, "image_pop": "8088/bms/assets/uploads/images/prudential_images/bridges/bridge_9487/1715497272.jpg", "bridge_name": "Galua PC Girder Bridge", "bridge_type": "PC Girder Bridge", "road_no": "R870", "zone": "Barishal", "circle": "Barishal", "division": "Jhalokati", "sub-division": "Jhalokati", "sae": "SO-Jhalokati-1", "bridge_length_(m)": 24.2, "bridge_width_(m)": 11.9, "chainage_(km)": "39+061", "xcoord": 90.103469194444003, "ycoord": 22.508239583333001, "map_link": "https://maps.google.com/?q=22.50823958333300000,90.10346919444400000&z=8&t=k", "bms_detail": "http://bms.rhd.gov.bd:8088/bms/bridges/detail_view/109487", "bms_inventory": "http://bms.rhd.gov.bd:8088/bms/bridges/inventory_view/109487", "keys": "[bridge_name, Bridge Name], [bridge_type,Type], [chainage_(km), Chainage (km)], [road_no, On Road], [division, Division], [subdivision, Subdivision], [bridge_length_(m), Length (m)], [bridge_width_(m), Width (m)],[map_link(=>{type:link, format:weblink}, Google Map,newtab=>),Google Map View],[bms_inventory(=>{type:link, format:weblink}, BMS Link,newtab=>), BMS Inventory],[bms_detail(=>{type:link, format:weblink},BMS Link,newtab=>), BMS Detailed View]", "f_class_color": "#6ebed6", "spans": 1.0, "span_arrangement": "24.2", "completion_year": "2015", "bridge_no": "223030900612" }, "geometry": { "type": "Point", "coordinates": [ 90.103469194444003, 22.508239583333001 ] } },
{ "type": "Feature", "properties": { "bridge_id": "109643", "SL": 5386, "image_pop": "8088/bms/assets/uploads/images/prudential_images/bridges/bridge_9643/1716051881.jpg", "bridge_name": "Gandota Bailey Bridge", "bridge_type": "Portable Steel Bridge", "road_no": "Z8033", "zone": "Barishal", "circle": "Barishal", "division": "Pirojpur", "sub-division": "Kawkhali", "sae": "SO-Kawkhali-1", "bridge_length_(m)": 67.2, "bridge_width_(m)": 3.5, "chainage_(km)": "43+620", "xcoord": 90.068328888888999, "ycoord": 22.617512194444, "map_link": "https://maps.google.com/?q=22.61751219444400000,90.06832888888900000&z=8&t=k", "bms_detail": "http://bms.rhd.gov.bd:8088/bms/bridges/detail_view/109643", "bms_inventory": "http://bms.rhd.gov.bd:8088/bms/bridges/inventory_view/109643", "keys": "[bridge_name, Bridge Name], [bridge_type,Type], [chainage_(km), Chainage (km)], [road_no, On Road], [division, Division], [subdivision, Subdivision], [bridge_length_(m), Length (m)], [bridge_width_(m), Width (m)],[map_link(=>{type:link, format:weblink}, Google Map,newtab=>),Google Map View],[bms_inventory(=>{type:link, format:weblink}, BMS Link,newtab=>), BMS Inventory],[bms_detail(=>{type:link, format:weblink},BMS Link,newtab=>), BMS Detailed View]", "f_class_color": "#29ffa4", "spans": 2.0, "span_arrangement": "33.6+33.6", "completion_year": "1990", "bridge_no": "223703900459" }, "geometry": { "type": "Point", "coordinates": [ 90.068328888888999, 22.617512194444 ] } },
{ "type": "Feature", "properties": { "bridge_id": "106747", "SL": 5574, "image_pop": "8088/bms/assets/uploads/images/prudential_images/bridges/bridge_6747/1706351525.jpg", "bridge_name": "Gilabuniya Baily Bridge", "bridge_type": "Portable Steel Bridge", "road_no": "Z8052", "zone": "Barishal", "circle": "Patuakhali", "division": "Patuakhali", "sub-division": "Patuakhali", "sae": "SO-Patuakhali-1", "bridge_length_(m)": 16.0, "bridge_width_(m)": 3.46, "chainage_(km)": "21+023", "xcoord": 90.271480777777995, "ycoord": 22.356247083332999, "map_link": "https://maps.google.com/?q=22.35624708333300000,90.27148077777800000&z=8&t=k", "bms_detail": "http://bms.rhd.gov.bd:8088/bms/bridges/detail_view/106747", "bms_inventory": "http://bms.rhd.gov.bd:8088/bms/bridges/inventory_view/106747", "keys": "[bridge_name, Bridge Name], [bridge_type,Type], [chainage_(km), Chainage (km)], [road_no, On Road], [division, Division], [subdivision, Subdivision], [bridge_length_(m), Length (m)], [bridge_width_(m), Width (m)],[map_link(=>{type:link, format:weblink}, Google Map,newtab=>),Google Map View],[bms_inventory(=>{type:link, format:weblink}, BMS Link,newtab=>), BMS Inventory],[bms_detail(=>{type:link, format:weblink},BMS Link,newtab=>), BMS Detailed View]", "f_class_color": "#29ffa4", "spans": 1.0, "span_arrangement": "16", "completion_year": "1995", "bridge_no": "222122901617" }, "geometry": { "type": "Point", "coordinates": [ 90.271480777777995, 22.356247083332999 ] } },
{ "type": "Feature", "properties": { "bridge_id": "106999", "SL": 5664, "image_pop": "8088/bms/assets/uploads/images/prudential_images/bridges/bridge_6999/1707022265.jpg", "bridge_name": "Gohinkhali RCC Girder Bridge", "bridge_type": "RC Girder Bridge", "road_no": "Z8802", "zone": "Barishal", "circle": "Patuakhali", "division": "Patuakhali", "sub-division": "Patuakhali", "sae": "SO-Patuakhali-3", "bridge_length_(m)": 60.9, "bridge_width_(m)": 6.3, "chainage_(km)": "2+000", "xcoord": 90.4335325, "ycoord": 21.973418888889, "map_link": "https://maps.google.com/?q=21.97341888888900000,90.43353250000000000&z=8&t=k", "bms_detail": "http://bms.rhd.gov.bd:8088/bms/bridges/detail_view/106999", "bms_inventory": "http://bms.rhd.gov.bd:8088/bms/bridges/inventory_view/106999", "keys": "[bridge_name, Bridge Name], [bridge_type,Type], [chainage_(km), Chainage (km)], [road_no, On Road], [division, Division], [subdivision, Subdivision], [bridge_length_(m), Length (m)], [bridge_width_(m), Width (m)],[map_link(=>{type:link, format:weblink}, Google Map,newtab=>),Google Map View],[bms_inventory(=>{type:link, format:weblink}, BMS Link,newtab=>), BMS Inventory],[bms_detail(=>{type:link, format:weblink},BMS Link,newtab=>), BMS Detailed View]", "f_class_color": "#e8f674", "spans": 3.0, "span_arrangement": "20+20.2+20.7", "completion_year": "2012", "bridge_no": "215824902601" }, "geometry": { "type": "Point", "coordinates": [ 90.4335325, 21.973418888889 ] } },
{ "type": "Feature", "properties": { "bridge_id": "106954", "SL": 5708, "image_pop": "8088/bms/assets/uploads/images/prudential_images/bridges/bridge_6954/1706786780.jpg", "bridge_name": "Golabari Baily Bridge", "bridge_type": "Portable Steel Bridge", "road_no": "Z8910", "zone": "Barishal", "circle": "Patuakhali", "division": "Patuakhali", "sub-division": "Patuakhali", "sae": "SO-Patuakhali-2", "bridge_length_(m)": 15.3, "bridge_width_(m)": 3.54, "chainage_(km)": "39+800", "xcoord": 90.5546875, "ycoord": 22.4199295, "map_link": "https://maps.google.com/?q=22.41992950000000000,90.55468750000000000&z=8&t=k", "bms_detail": "http://bms.rhd.gov.bd:8088/bms/bridges/detail_view/106954", "bms_inventory": "http://bms.rhd.gov.bd:8088/bms/bridges/inventory_view/106954", "keys": "[bridge_name, Bridge Name], [bridge_type,Type], [chainage_(km), Chainage (km)], [road_no, On Road], [division, Division], [subdivision, Subdivision], [bridge_length_(m), Length (m)], [bridge_width_(m), Width (m)],[map_link(=>{type:link, format:weblink}, Google Map,newtab=>),Google Map View],[bms_inventory(=>{type:link, format:weblink}, BMS Link,newtab=>), BMS Inventory],[bms_detail(=>{type:link, format:weblink},BMS Link,newtab=>), BMS Detailed View]", "f_class_color": "#29ffa4", "spans": 1.0, "span_arrangement": "15.3", "completion_year": "2003", "bridge_no": "222510903317" }, "geometry": { "type": "Point", "coordinates": [ 90.5546875, 22.4199295 ] } },
{ "type": "Feature", "properties": { "bridge_id": "107720", "SL": 5737, "image_pop": "8088/bms/assets/uploads/images/prudential_images/bridges/bridge_7720/1709966987.jpg", "bridge_name": "Golkhali RCC Girder Bridge", "bridge_type": "RC Girder Bridge", "road_no": "Z8810", "zone": "Barishal", "circle": "Patuakhali", "division": "Barguna", "sub-division": "Barguna", "sae": "SO-Barguna-1", "bridge_length_(m)": 10.5, "bridge_width_(m)": 4.7, "chainage_(km)": "29+976", "xcoord": 90.204656555555999, "ycoord": 22.344176194444, "map_link": "https://maps.google.com/?q=22.34417619444400000,90.20465655555600000&z=8&t=k", "bms_detail": "http://bms.rhd.gov.bd:8088/bms/bridges/detail_view/107720", "bms_inventory": "http://bms.rhd.gov.bd:8088/bms/bridges/inventory_view/107720", "keys": "[bridge_name, Bridge Name], [bridge_type,Type], [chainage_(km), Chainage (km)], [road_no, On Road], [division, Division], [subdivision, Subdivision], [bridge_length_(m), Length (m)], [bridge_width_(m), Width (m)],[map_link(=>{type:link, format:weblink}, Google Map,newtab=>),Google Map View],[bms_inventory(=>{type:link, format:weblink}, BMS Link,newtab=>), BMS Inventory],[bms_detail(=>{type:link, format:weblink},BMS Link,newtab=>), BMS Detailed View]", "f_class_color": "#e8f674", "spans": 1.0, "span_arrangement": "10.5", "completion_year": "2001", "bridge_no": "222039901217" }, "geometry": { "type": "Point", "coordinates": [ 90.204656555555999, 22.344176194444 ] } },
{ "type": "Feature", "properties": { "bridge_id": "110006", "SL": 5777, "image_pop": "8088/bms/assets/uploads/images/prudential_images/bridges/bridge_10006/1717306785.jpg", "bridge_name": "Gonokpara Bailey Bridge 1", "bridge_type": "Portable Steel Bridge", "road_no": "Z7707", "zone": "Barishal", "circle": "Barishal", "division": "Pirojpur", "sub-division": "Pirojpur", "sae": "SO-Pirojpur-2", "bridge_length_(m)": 10.34, "bridge_width_(m)": 3.4, "chainage_(km)": "22+571", "xcoord": 90.044650694444002, "ycoord": 22.712069, "map_link": "https://maps.google.com/?q=22.71206900000000000,90.04465069444400000&z=8&t=k", "bms_detail": "http://bms.rhd.gov.bd:8088/bms/bridges/detail_view/110006", "bms_inventory": "http://bms.rhd.gov.bd:8088/bms/bridges/inventory_view/110006", "keys": "[bridge_name, Bridge Name], [bridge_type,Type], [chainage_(km), Chainage (km)], [road_no, On Road], [division, Division], [subdivision, Subdivision], [bridge_length_(m), Length (m)], [bridge_width_(m), Width (m)],[map_link(=>{type:link, format:weblink}, Google Map,newtab=>),Google Map View],[bms_inventory(=>{type:link, format:weblink}, BMS Link,newtab=>), BMS Inventory],[bms_detail(=>{type:link, format:weblink},BMS Link,newtab=>), BMS Detailed View]", "f_class_color": "#29ffa4", "spans": 1.0, "span_arrangement": "10.34", "completion_year": "2010", "bridge_no": "224243900241" }, "geometry": { "type": "Point", "coordinates": [ 90.044650694444002, 22.712069 ] } },
{ "type": "Feature", "properties": { "bridge_id": "110009", "SL": 5778, "image_pop": "8088/bms/assets/uploads/images/prudential_images/bridges/bridge_10009/1717307509.jpg", "bridge_name": "Gonokpara Bailey Bridge 2", "bridge_type": "Portable Steel Bridge", "road_no": "Z7707", "zone": "Barishal", "circle": "Barishal", "division": "Pirojpur", "sub-division": "Pirojpur", "sae": "SO-Pirojpur-2", "bridge_length_(m)": 15.24, "bridge_width_(m)": 3.43, "chainage_(km)": "21+563", "xcoord": 90.035774, "ycoord": 22.7101605, "map_link": "https://maps.google.com/?q=22.71016050000000000,90.03577400000000000&z=8&t=k", "bms_detail": "http://bms.rhd.gov.bd:8088/bms/bridges/detail_view/110009", "bms_inventory": "http://bms.rhd.gov.bd:8088/bms/bridges/inventory_view/110009", "keys": "[bridge_name, Bridge Name], [bridge_type,Type], [chainage_(km), Chainage (km)], [road_no, On Road], [division, Division], [subdivision, Subdivision], [bridge_length_(m), Length (m)], [bridge_width_(m), Width (m)],[map_link(=>{type:link, format:weblink}, Google Map,newtab=>),Google Map View],[bms_inventory(=>{type:link, format:weblink}, BMS Link,newtab=>), BMS Inventory],[bms_detail(=>{type:link, format:weblink},BMS Link,newtab=>), BMS Detailed View]", "f_class_color": "#29ffa4", "spans": 1.0, "span_arrangement": "15.24", "completion_year": "2010", "bridge_no": "224236900209" }, "geometry": { "type": "Point", "coordinates": [ 90.035774, 22.7101605 ] } },
{ "type": "Feature", "properties": { "bridge_id": "107274", "SL": 5875, "image_pop": "8088/bms/assets/uploads/images/prudential_images/bridges/bridge_7274/1708751997.JPG", "bridge_name": "Gounaghata Bridge", "bridge_type": "PC Girder Bridge", "road_no": "N8", "zone": "Barishal", "circle": "Barishal", "division": "Barishal", "sub-division": "Barishal -1", "sae": "SO-Barishal Sub Division-1-3", "bridge_length_(m)": 25.0, "bridge_width_(m)": 10.4, "chainage_(km)": "126+360", "xcoord": 90.222297, "ycoord": 22.974796, "map_link": "https://maps.google.com/?q=22.97479600000000000,90.22229700000000000&z=8&t=k", "bms_detail": "http://bms.rhd.gov.bd:8088/bms/bridges/detail_view/107274", "bms_inventory": "http://bms.rhd.gov.bd:8088/bms/bridges/inventory_view/107274", "keys": "[bridge_name, Bridge Name], [bridge_type,Type], [chainage_(km), Chainage (km)], [road_no, On Road], [division, Division], [subdivision, Subdivision], [bridge_length_(m), Length (m)], [bridge_width_(m), Width (m)],[map_link(=>{type:link, format:weblink}, Google Map,newtab=>),Google Map View],[bms_inventory(=>{type:link, format:weblink}, BMS Link,newtab=>), BMS Inventory],[bms_detail(=>{type:link, format:weblink},BMS Link,newtab=>), BMS Detailed View]", "f_class_color": "#6ebed6", "spans": 1.0, "span_arrangement": "25", "completion_year": "2019", "bridge_no": "225829901320" }, "geometry": { "type": "Point", "coordinates": [ 90.222297, 22.974796 ] } },
{ "type": "Feature", "properties": { "bridge_id": "110110", "SL": 5941, "image_pop": "8088/bms/assets/uploads/images/prudential_images/bridges/bridge_10110/1717564816.jpg", "bridge_name": "Guaton Steel Girder Bridge", "bridge_type": "Steel Girder Bridge", "road_no": "Z8703", "zone": "Barishal", "circle": "Barishal", "division": "Jhalokati", "sub-division": "Jhalokati", "sae": "SO-Jhalokati-1", "bridge_length_(m)": 31.0, "bridge_width_(m)": 3.8, "chainage_(km)": "6+740", "xcoord": 90.103377, "ycoord": 22.624355777778, "map_link": "https://maps.google.com/?q=22.62435577777800000,90.10337700000000000&z=8&t=k", "bms_detail": "http://bms.rhd.gov.bd:8088/bms/bridges/detail_view/110110", "bms_inventory": "http://bms.rhd.gov.bd:8088/bms/bridges/inventory_view/110110", "keys": "[bridge_name, Bridge Name], [bridge_type,Type], [chainage_(km), Chainage (km)], [road_no, On Road], [division, Division], [subdivision, Subdivision], [bridge_length_(m), Length (m)], [bridge_width_(m), Width (m)],[map_link(=>{type:link, format:weblink}, Google Map,newtab=>),Google Map View],[bms_inventory(=>{type:link, format:weblink}, BMS Link,newtab=>), BMS Inventory],[bms_detail(=>{type:link, format:weblink},BMS Link,newtab=>), BMS Detailed View]", "f_class_color": "#b15dec", "spans": 5.0, "span_arrangement": "6.2+6.2+6.2+6.2+6.2", "completion_year": "2001", "bridge_no": "223728900612" }, "geometry": { "type": "Point", "coordinates": [ 90.103377, 22.624355777778 ] } },
{ "type": "Feature", "properties": { "bridge_id": "109833", "SL": 5954, "image_pop": "8088/bms/assets/uploads/images/prudential_images/bridges/bridge_9833/1716458923.jpg", "bridge_name": "Gudighata PC Girder Bridge", "bridge_type": "PC Girder Bridge", "road_no": "Z8701", "zone": "Barishal", "circle": "Barishal", "division": "Pirojpur", "sub-division": "Kawkhali", "sae": "SO-Kawkhali-3", "bridge_length_(m)": 31.82, "bridge_width_(m)": 9.8, "chainage_(km)": "21+115", "xcoord": 89.934357277778005, "ycoord": 22.335761277778001, "map_link": "https://maps.google.com/?q=22.33576127777800000,89.93435727777800000&z=8&t=k", "bms_detail": "http://bms.rhd.gov.bd:8088/bms/bridges/detail_view/109833", "bms_inventory": "http://bms.rhd.gov.bd:8088/bms/bridges/inventory_view/109833", "keys": "[bridge_name, Bridge Name], [bridge_type,Type], [chainage_(km), Chainage (km)], [road_no, On Road], [division, Division], [subdivision, Subdivision], [bridge_length_(m), Length (m)], [bridge_width_(m), Width (m)],[map_link(=>{type:link, format:weblink}, Google Map,newtab=>),Google Map View],[bms_inventory(=>{type:link, format:weblink}, BMS Link,newtab=>), BMS Inventory],[bms_detail(=>{type:link, format:weblink},BMS Link,newtab=>), BMS Detailed View]", "f_class_color": "#6ebed6", "spans": 1.0, "span_arrangement": "31.82", "completion_year": "2018", "bridge_no": "222009895604" }, "geometry": { "type": "Point", "coordinates": [ 89.934357277778005, 22.335761277778001 ] } },
{ "type": "Feature", "properties": { "bridge_id": "106687", "SL": 5977, "image_pop": "8088/bms/assets/img/no_picture.png", "bridge_name": "Guli PC Girder Bridge", "bridge_type": "PC Girder Bridge", "road_no": "Z8806", "zone": "Barishal", "circle": "Patuakhali", "division": "Patuakhali", "sub-division": "Patuakhali", "sae": "SO-Patuakhali-3", "bridge_length_(m)": 49.4, "bridge_width_(m)": 10.4, "chainage_(km)": "55+042", "xcoord": 90.509936888889001, "ycoord": 22.209596388889, "map_link": "https://maps.google.com/?q=22.20959638888900000,90.50993688888900000&z=8&t=k", "bms_detail": "http://bms.rhd.gov.bd:8088/bms/bridges/detail_view/106687", "bms_inventory": "http://bms.rhd.gov.bd:8088/bms/bridges/inventory_view/106687", "keys": "[bridge_name, Bridge Name], [bridge_type,Type], [chainage_(km), Chainage (km)], [road_no, On Road], [division, Division], [subdivision, Subdivision], [bridge_length_(m), Length (m)], [bridge_width_(m), Width (m)],[map_link(=>{type:link, format:weblink}, Google Map,newtab=>),Google Map View],[bms_inventory(=>{type:link, format:weblink}, BMS Link,newtab=>), BMS Inventory],[bms_detail(=>{type:link, format:weblink},BMS Link,newtab=>), BMS Detailed View]", "f_class_color": "#6ebed6", "spans": 1.0, "span_arrangement": "49.4", "completion_year": "2017", "bridge_no": "221307902807" }, "geometry": { "type": "Point", "coordinates": [ 90.509936888889001, 22.209596388889 ] } },
{ "type": "Feature", "properties": { "bridge_id": "109438", "SL": 5997, "image_pop": "8088/bms/assets/uploads/images/prudential_images/bridges/bridge_9438/1715405471.jpg", "bridge_name": "Gurudham PC Girder Bridge", "bridge_type": "PC Girder Bridge", "road_no": "R870", "zone": "Barishal", "circle": "Barishal", "division": "Jhalokati", "sub-division": "Jhalokati", "sae": "SO-Jhalokati-1", "bridge_length_(m)": 43.3, "bridge_width_(m)": 10.8, "chainage_(km)": "16+371", "xcoord": 90.2076405, "ycoord": 22.649074194444001, "map_link": "https://maps.google.com/?q=22.64907419444400000,90.20764050000000000&z=8&t=k", "bms_detail": "http://bms.rhd.gov.bd:8088/bms/bridges/detail_view/109438", "bms_inventory": "http://bms.rhd.gov.bd:8088/bms/bridges/inventory_view/109438", "keys": "[bridge_name, Bridge Name], [bridge_type,Type], [chainage_(km), Chainage (km)], [road_no, On Road], [division, Division], [subdivision, Subdivision], [bridge_length_(m), Length (m)], [bridge_width_(m), Width (m)],[map_link(=>{type:link, format:weblink}, Google Map,newtab=>),Google Map View],[bms_inventory(=>{type:link, format:weblink}, BMS Link,newtab=>), BMS Inventory],[bms_detail(=>{type:link, format:weblink},BMS Link,newtab=>), BMS Detailed View]", "f_class_color": "#6ebed6", "spans": 1.0, "span_arrangement": "43.3", "completion_year": "2022", "bridge_no": "223857901228" }, "geometry": { "type": "Point", "coordinates": [ 90.2076405, 22.649074194444001 ] } },
{ "type": "Feature", "properties": { "bridge_id": "105304", "SL": 6000, "image_pop": "8088/bms/assets/img/no_picture.png", "bridge_name": "Guthia Bridge", "bridge_type": "PC Girder Bridge", "road_no": "Z8033", "zone": "Barishal", "circle": "Barishal", "division": "Barishal", "sub-division": "Barishal-2", "sae": "SO-Barishal Sub Division-2-1", "bridge_length_(m)": 40.0, "bridge_width_(m)": 9.8, "chainage_(km)": "8+340", "xcoord": 90.2538889, "ycoord": 22.7811111, "map_link": "https://maps.google.com/?q=22.78111110000000000,90.25388890000000000&z=8&t=k", "bms_detail": "http://bms.rhd.gov.bd:8088/bms/bridges/detail_view/105304", "bms_inventory": "http://bms.rhd.gov.bd:8088/bms/bridges/inventory_view/105304", "keys": "[bridge_name, Bridge Name], [bridge_type,Type], [chainage_(km), Chainage (km)], [road_no, On Road], [division, Division], [subdivision, Subdivision], [bridge_length_(m), Length (m)], [bridge_width_(m), Width (m)],[map_link(=>{type:link, format:weblink}, Google Map,newtab=>),Google Map View],[bms_inventory(=>{type:link, format:weblink}, BMS Link,newtab=>), BMS Inventory],[bms_detail(=>{type:link, format:weblink},BMS Link,newtab=>), BMS Detailed View]", "f_class_color": "#6ebed6", "spans": 1.0, "span_arrangement": "40", "completion_year": "2023", "bridge_no": "227770902601" }, "geometry": { "type": "Point", "coordinates": [ 90.2538889, 22.7811111 ] } },
{ "type": "Feature", "properties": { "bridge_id": "106967", "SL": 6058, "image_pop": "8088/bms/assets/uploads/images/prudential_images/bridges/bridge_6967/1706938192.jpg", "bridge_name": "Hajigandi Bridge", "bridge_type": "RC Girder Bridge", "road_no": "Z8913", "zone": "Barishal", "circle": "Barishal", "division": "Bhola", "sub-division": "Bhola", "sae": "SO-Bhola-2", "bridge_length_(m)": 18.5, "bridge_width_(m)": 5.1, "chainage_(km)": "28+631", "xcoord": 90.851033083332993, "ycoord": 22.409042583333001, "map_link": "https://maps.google.com/?q=22.40904258333300000,90.85103308333300000&z=8&t=k", "bms_detail": "http://bms.rhd.gov.bd:8088/bms/bridges/detail_view/106967", "bms_inventory": "http://bms.rhd.gov.bd:8088/bms/bridges/inventory_view/106967", "keys": "[bridge_name, Bridge Name], [bridge_type,Type], [chainage_(km), Chainage (km)], [road_no, On Road], [division, Division], [subdivision, Subdivision], [bridge_length_(m), Length (m)], [bridge_width_(m), Width (m)],[map_link(=>{type:link, format:weblink}, Google Map,newtab=>),Google Map View],[bms_inventory(=>{type:link, format:weblink}, BMS Link,newtab=>), BMS Inventory],[bms_detail(=>{type:link, format:weblink},BMS Link,newtab=>), BMS Detailed View]", "f_class_color": "#e8f674", "spans": 2.0, "span_arrangement": "9.25+9.25", "completion_year": "1993", "bridge_no": "222432905104" }, "geometry": { "type": "Point", "coordinates": [ 90.851033083332993, 22.409042583333001 ] } },
{ "type": "Feature", "properties": { "bridge_id": "108031", "SL": 6079, "image_pop": "8088/bms/assets/uploads/images/prudential_images/bridges/bridge_8031/1710736914.jpg", "bridge_name": "Hakimuddin Bazar Baily Bridge", "bridge_type": "Portable Steel Bridge", "road_no": "Z8905", "zone": "Barishal", "circle": "Barishal", "division": "Bhola", "sub-division": "Bhola", "sae": "SO-Bhola-2", "bridge_length_(m)": 42.9, "bridge_width_(m)": 3.8, "chainage_(km)": "2+589", "xcoord": 90.7936465, "ycoord": 22.492084388889001, "map_link": "https://maps.google.com/?q=22.49208438888900000,90.79364650000000000&z=8&t=k", "bms_detail": "http://bms.rhd.gov.bd:8088/bms/bridges/detail_view/108031", "bms_inventory": "http://bms.rhd.gov.bd:8088/bms/bridges/inventory_view/108031", "keys": "[bridge_name, Bridge Name], [bridge_type,Type], [chainage_(km), Chainage (km)], [road_no, On Road], [division, Division], [subdivision, Subdivision], [bridge_length_(m), Length (m)], [bridge_width_(m), Width (m)],[map_link(=>{type:link, format:weblink}, Google Map,newtab=>),Google Map View],[bms_inventory(=>{type:link, format:weblink}, BMS Link,newtab=>), BMS Inventory],[bms_detail(=>{type:link, format:weblink},BMS Link,newtab=>), BMS Detailed View]", "f_class_color": "#29ffa4", "spans": 3.0, "span_arrangement": "9.8+19.6+13.5", "completion_year": "1988", "bridge_no": "222932904737" }, "geometry": { "type": "Point", "coordinates": [ 90.7936465, 22.492084388889001 ] } },
{ "type": "Feature", "properties": { "bridge_id": "105508", "SL": 6285, "image_pop": "8088/bms/assets/uploads/images/prudential_images/bridges/bridge_5508/1700386314.jpg", "bridge_name": "Hayatsar Bridge", "bridge_type": "Steel Girder Bridge", "road_no": "Z8040", "zone": "Barishal", "circle": "Barishal", "division": "Barishal", "sub-division": "Barishal-2", "sae": "SO-Barishal Sub Division-2-3", "bridge_length_(m)": 20.11, "bridge_width_(m)": 3.7, "chainage_(km)": "27+580", "xcoord": 90.3837528, "ycoord": 22.8041, "map_link": "https://maps.google.com/?q=22.80410000000000000,90.38375280000000000&z=8&t=k", "bms_detail": "http://bms.rhd.gov.bd:8088/bms/bridges/detail_view/105508", "bms_inventory": "http://bms.rhd.gov.bd:8088/bms/bridges/inventory_view/105508", "keys": "[bridge_name, Bridge Name], [bridge_type,Type], [chainage_(km), Chainage (km)], [road_no, On Road], [division, Division], [subdivision, Subdivision], [bridge_length_(m), Length (m)], [bridge_width_(m), Width (m)],[map_link(=>{type:link, format:weblink}, Google Map,newtab=>),Google Map View],[bms_inventory(=>{type:link, format:weblink}, BMS Link,newtab=>), BMS Inventory],[bms_detail(=>{type:link, format:weblink},BMS Link,newtab=>), BMS Detailed View]", "f_class_color": "#b15dec", "spans": 5.0, "span_arrangement": "4.1+3.97+3.97+3.97+4.1", "completion_year": "1995", "bridge_no": "224815902302" }, "geometry": { "type": "Point", "coordinates": [ 90.3837528, 22.8041 ] } },
{ "type": "Feature", "properties": { "bridge_id": "110089", "SL": 6316, "image_pop": "8088/bms/assets/uploads/images/prudential_images/bridges/bridge_10089/1717492630.jpg", "bridge_name": "Hazirpul Steel Girder Bridge", "bridge_type": "Steel Girder Bridge", "road_no": "Z7707", "zone": "Barishal", "circle": "Barishal", "division": "Pirojpur", "sub-division": "Pirojpur", "sae": "SO-Pirojpur-2", "bridge_length_(m)": 26.5, "bridge_width_(m)": 4.2, "chainage_(km)": "29+234", "xcoord": 90.084279388889001, "ycoord": 22.749067888889002, "map_link": "https://maps.google.com/?q=22.74906788888900000,90.08427938888900000&z=8&t=k", "bms_detail": "http://bms.rhd.gov.bd:8088/bms/bridges/detail_view/110089", "bms_inventory": "http://bms.rhd.gov.bd:8088/bms/bridges/inventory_view/110089", "keys": "[bridge_name, Bridge Name], [bridge_type,Type], [chainage_(km), Chainage (km)], [road_no, On Road], [division, Division], [subdivision, Subdivision], [bridge_length_(m), Length (m)], [bridge_width_(m), Width (m)],[map_link(=>{type:link, format:weblink}, Google Map,newtab=>),Google Map View],[bms_inventory(=>{type:link, format:weblink}, BMS Link,newtab=>), BMS Inventory],[bms_detail(=>{type:link, format:weblink},BMS Link,newtab=>), BMS Detailed View]", "f_class_color": "#b15dec", "spans": 5.0, "span_arrangement": "4.7+4.6+5.4+6.1+5.7", "completion_year": "2004", "bridge_no": "224457900503" }, "geometry": { "type": "Point", "coordinates": [ 90.084279388889001, 22.749067888889002 ] } },
{ "type": "Feature", "properties": { "bridge_id": "110633", "SL": 6367, "image_pop": "8088/bms/assets/img/no_picture.png", "bridge_name": "Himanandakathi PC Girder Bridge", "bridge_type": "PC Girder Bridge", "road_no": "Z8037", "zone": "Barishal", "circle": "Barishal", "division": "Jhalokati", "sub-division": "Jhalokati", "sae": "SO-Jhalokati-1", "bridge_length_(m)": 37.5, "bridge_width_(m)": 10.4, "chainage_(km)": "18+448", "xcoord": 90.186588888889005, "ycoord": 22.729736583333001, "map_link": "https://maps.google.com/?q=22.72973658333300000,90.18658888888900000&z=8&t=k", "bms_detail": "http://bms.rhd.gov.bd:8088/bms/bridges/detail_view/110633", "bms_inventory": "http://bms.rhd.gov.bd:8088/bms/bridges/inventory_view/110633", "keys": "[bridge_name, Bridge Name], [bridge_type,Type], [chainage_(km), Chainage (km)], [road_no, On Road], [division, Division], [subdivision, Subdivision], [bridge_length_(m), Length (m)], [bridge_width_(m), Width (m)],[map_link(=>{type:link, format:weblink}, Google Map,newtab=>),Google Map View],[bms_inventory(=>{type:link, format:weblink}, BMS Link,newtab=>), BMS Inventory],[bms_detail(=>{type:link, format:weblink},BMS Link,newtab=>), BMS Detailed View]", "f_class_color": "#6ebed6", "spans": 1.0, "span_arrangement": "37.5", "completion_year": "2018", "bridge_no": "227297901865" }, "geometry": { "type": "Point", "coordinates": [ 90.186588888889005, 22.729736583333001 ] } },
{ "type": "Feature", "properties": { "bridge_id": "109924", "SL": 6540, "image_pop": "8088/bms/assets/uploads/images/prudential_images/bridges/bridge_9924/1717049727.jpg", "bridge_name": "Hothkhali Bailey Bridge", "bridge_type": "Portable Steel Bridge", "road_no": "Z8701", "zone": "Barishal", "circle": "Barishal", "division": "Pirojpur", "sub-division": "Kawkhali", "sae": "SO-Kawkhali-3", "bridge_length_(m)": 27.5, "bridge_width_(m)": 3.41, "chainage_(km)": "36+395", "xcoord": 89.966387, "ycoord": 22.210066, "map_link": "https://maps.google.com/?q=22.21006600000000000,89.96638700000000000&z=8&t=k", "bms_detail": "http://bms.rhd.gov.bd:8088/bms/bridges/detail_view/109924", "bms_inventory": "http://bms.rhd.gov.bd:8088/bms/bridges/inventory_view/109924", "keys": "[bridge_name, Bridge Name], [bridge_type,Type], [chainage_(km), Chainage (km)], [road_no, On Road], [division, Division], [subdivision, Subdivision], [bridge_length_(m), Length (m)], [bridge_width_(m), Width (m)],[map_link(=>{type:link, format:weblink}, Google Map,newtab=>),Google Map View],[bms_inventory(=>{type:link, format:weblink}, BMS Link,newtab=>), BMS Inventory],[bms_detail(=>{type:link, format:weblink},BMS Link,newtab=>), BMS Detailed View]", "f_class_color": "#29ffa4", "spans": 1.0, "span_arrangement": "27.5", "completion_year": "1998", "bridge_no": "221236895759" }, "geometry": { "type": "Point", "coordinates": [ 89.966387, 22.210066 ] } },
{ "type": "Feature", "properties": { "bridge_id": "108304", "SL": 6554, "image_pop": "8088/bms/assets/uploads/images/prudential_images/bridges/bridge_8304/1711357829.jpg", "bridge_name": "Hybadpur Bailey Bridge", "bridge_type": "Portable Steel Bridge", "road_no": "Z8058", "zone": "Barishal", "circle": "Barishal", "division": "Jhalokati", "sub-division": "Jhalokati", "sae": "SO-Jhalokati-3", "bridge_length_(m)": 18.3, "bridge_width_(m)": 3.46, "chainage_(km)": "5+874", "xcoord": 90.249302277778, "ycoord": 22.597114277778001, "map_link": "https://maps.google.com/?q=22.59711427777800000,90.24930227777800000&z=8&t=k", "bms_detail": "http://bms.rhd.gov.bd:8088/bms/bridges/detail_view/108304", "bms_inventory": "http://bms.rhd.gov.bd:8088/bms/bridges/inventory_view/108304", "keys": "[bridge_name, Bridge Name], [bridge_type,Type], [chainage_(km), Chainage (km)], [road_no, On Road], [division, Division], [subdivision, Subdivision], [bridge_length_(m), Length (m)], [bridge_width_(m), Width (m)],[map_link(=>{type:link, format:weblink}, Google Map,newtab=>),Google Map View],[bms_inventory(=>{type:link, format:weblink}, BMS Link,newtab=>), BMS Inventory],[bms_detail(=>{type:link, format:weblink},BMS Link,newtab=>), BMS Detailed View]", "f_class_color": "#29ffa4", "spans": 1.0, "span_arrangement": "18.3", "completion_year": "1988", "bridge_no": "223550901457" }, "geometry": { "type": "Point", "coordinates": [ 90.249302277778, 22.597114277778001 ] } },
{ "type": "Feature", "properties": { "bridge_id": "109704", "SL": 6581, "image_pop": "8088/bms/assets/uploads/images/prudential_images/bridges/bridge_9704/1716102364.jpg", "bridge_name": "Ikhri Bailey Bridge", "bridge_type": "Portable Steel Bridge", "road_no": "Z8701", "zone": "Barishal", "circle": "Barishal", "division": "Pirojpur", "sub-division": "Kawkhali", "sae": "SO-Kawkhali-2", "bridge_length_(m)": 9.2, "bridge_width_(m)": 3.41, "chainage_(km)": "7+168", "xcoord": 89.989539, "ycoord": 22.425916, "map_link": "https://maps.google.com/?q=22.42591600000000000,89.98953900000000000&z=8&t=k", "bms_detail": "http://bms.rhd.gov.bd:8088/bms/bridges/detail_view/109704", "bms_inventory": "http://bms.rhd.gov.bd:8088/bms/bridges/inventory_view/109704", "keys": "[bridge_name, Bridge Name], [bridge_type,Type], [chainage_(km), Chainage (km)], [road_no, On Road], [division, Division], [subdivision, Subdivision], [bridge_length_(m), Length (m)], [bridge_width_(m), Width (m)],[map_link(=>{type:link, format:weblink}, Google Map,newtab=>),Google Map View],[bms_inventory(=>{type:link, format:weblink}, BMS Link,newtab=>), BMS Inventory],[bms_detail(=>{type:link, format:weblink},BMS Link,newtab=>), BMS Detailed View]", "f_class_color": "#29ffa4", "spans": 1.0, "span_arrangement": "9", "completion_year": "1990", "bridge_no": "222533895922" }, "geometry": { "type": "Point", "coordinates": [ 89.989539, 22.425916 ] } },
{ "type": "Feature", "properties": { "bridge_id": "109702", "SL": 6582, "image_pop": "8088/bms/assets/uploads/images/prudential_images/bridges/bridge_9702/1716101502.jpg", "bridge_name": "Ikhri Bailey Bridge 2", "bridge_type": "Portable Steel Bridge", "road_no": "Z8701", "zone": "Barishal", "circle": "Barishal", "division": "Pirojpur", "sub-division": "Kawkhali", "sae": "SO-Kawkhali-2", "bridge_length_(m)": 24.6, "bridge_width_(m)": 3.42, "chainage_(km)": "8+504", "xcoord": 89.987349694444006, "ycoord": 22.4142235, "map_link": "https://maps.google.com/?q=22.41422350000000000,89.98734969444400000&z=8&t=k", "bms_detail": "http://bms.rhd.gov.bd:8088/bms/bridges/detail_view/109702", "bms_inventory": "http://bms.rhd.gov.bd:8088/bms/bridges/inventory_view/109702", "keys": "[bridge_name, Bridge Name], [bridge_type,Type], [chainage_(km), Chainage (km)], [road_no, On Road], [division, Division], [subdivision, Subdivision], [bridge_length_(m), Length (m)], [bridge_width_(m), Width (m)],[map_link(=>{type:link, format:weblink}, Google Map,newtab=>),Google Map View],[bms_inventory(=>{type:link, format:weblink}, BMS Link,newtab=>), BMS Inventory],[bms_detail(=>{type:link, format:weblink},BMS Link,newtab=>), BMS Detailed View]", "f_class_color": "#29ffa4", "spans": 1.0, "span_arrangement": "24.6", "completion_year": "2000", "bridge_no": "222451895914" }, "geometry": { "type": "Point", "coordinates": [ 89.987349694444006, 22.4142235 ] } },
{ "type": "Feature", "properties": { "bridge_id": "106750", "SL": 6665, "image_pop": "8088/bms/assets/uploads/images/prudential_images/bridges/bridge_6750/1706352384.jpg", "bridge_name": "Itbaria Baily Bridge 1", "bridge_type": "Portable Steel Bridge", "road_no": "Z8052", "zone": "Barishal", "circle": "Patuakhali", "division": "Patuakhali", "sub-division": "Patuakhali", "sae": "SO-Patuakhali-1", "bridge_length_(m)": 24.4, "bridge_width_(m)": 3.5, "chainage_(km)": "23+253", "xcoord": 90.292105277778006, "ycoord": 22.360616, "map_link": "https://maps.google.com/?q=22.36061600000000000,90.29210527777800000&z=8&t=k", "bms_detail": "http://bms.rhd.gov.bd:8088/bms/bridges/detail_view/106750", "bms_inventory": "http://bms.rhd.gov.bd:8088/bms/bridges/inventory_view/106750", "keys": "[bridge_name, Bridge Name], [bridge_type,Type], [chainage_(km), Chainage (km)], [road_no, On Road], [division, Division], [subdivision, Subdivision], [bridge_length_(m), Length (m)], [bridge_width_(m), Width (m)],[map_link(=>{type:link, format:weblink}, Google Map,newtab=>),Google Map View],[bms_inventory(=>{type:link, format:weblink}, BMS Link,newtab=>), BMS Inventory],[bms_detail(=>{type:link, format:weblink},BMS Link,newtab=>), BMS Detailed View]", "f_class_color": "#29ffa4", "spans": 1.0, "span_arrangement": "24.4", "completion_year": "2001", "bridge_no": "222138901732" }, "geometry": { "type": "Point", "coordinates": [ 90.292105277778006, 22.360616 ] } },
{ "type": "Feature", "properties": { "bridge_id": "106751", "SL": 6666, "image_pop": "8088/bms/assets/uploads/images/prudential_images/bridges/bridge_6751/1706353608.jpg", "bridge_name": "Itbaria Baily Bridge 2", "bridge_type": "Portable Steel Bridge", "road_no": "Z8052", "zone": "Barishal", "circle": "Patuakhali", "division": "Patuakhali", "sub-division": "Patuakhali", "sae": "SO-Patuakhali-1", "bridge_length_(m)": 27.8, "bridge_width_(m)": 3.46, "chainage_(km)": "24+173", "xcoord": 90.306344777777994, "ycoord": 22.360417777778, "map_link": "https://maps.google.com/?q=22.36041777777800000,90.30634477777800000&z=8&t=k", "bms_detail": "http://bms.rhd.gov.bd:8088/bms/bridges/detail_view/106751", "bms_inventory": "http://bms.rhd.gov.bd:8088/bms/bridges/inventory_view/106751", "keys": "[bridge_name, Bridge Name], [bridge_type,Type], [chainage_(km), Chainage (km)], [road_no, On Road], [division, Division], [subdivision, Subdivision], [bridge_length_(m), Length (m)], [bridge_width_(m), Width (m)],[map_link(=>{type:link, format:weblink}, Google Map,newtab=>),Google Map View],[bms_inventory(=>{type:link, format:weblink}, BMS Link,newtab=>), BMS Inventory],[bms_detail(=>{type:link, format:weblink},BMS Link,newtab=>), BMS Detailed View]", "f_class_color": "#29ffa4", "spans": 1.0, "span_arrangement": "27.8", "completion_year": "2001", "bridge_no": "222137901823" }, "geometry": { "type": "Point", "coordinates": [ 90.306344777777994, 22.360417777778 ] } },
{ "type": "Feature", "properties": { "bridge_id": "108812", "SL": 6708, "image_pop": "8088/bms/assets/uploads/images/prudential_images/bridges/bridge_8812/1713260660.jpg", "bridge_name": "Jafrakhali RCC Girder Bridge", "bridge_type": "RC Girder Bridge", "road_no": "Z8708", "zone": "Barishal", "circle": "Patuakhali", "division": "Barguna", "sub-division": "Barguna", "sae": "SO-Barguna-1", "bridge_length_(m)": 60.0, "bridge_width_(m)": 6.9, "chainage_(km)": "44+986", "xcoord": 90.034229277777996, "ycoord": 22.268343583332999, "map_link": "https://maps.google.com/?q=22.26834358333300000,90.03422927777800000&z=8&t=k", "bms_detail": "http://bms.rhd.gov.bd:8088/bms/bridges/detail_view/108812", "bms_inventory": "http://bms.rhd.gov.bd:8088/bms/bridges/inventory_view/108812", "keys": "[bridge_name, Bridge Name], [bridge_type,Type], [chainage_(km), Chainage (km)], [road_no, On Road], [division, Division], [subdivision, Subdivision], [bridge_length_(m), Length (m)], [bridge_width_(m), Width (m)],[map_link(=>{type:link, format:weblink}, Google Map,newtab=>),Google Map View],[bms_inventory(=>{type:link, format:weblink}, BMS Link,newtab=>), BMS Inventory],[bms_detail(=>{type:link, format:weblink},BMS Link,newtab=>), BMS Detailed View]", "f_class_color": "#e8f674", "spans": 3.0, "span_arrangement": "20+20+20", "completion_year": "2006", "bridge_no": "221606900203" }, "geometry": { "type": "Point", "coordinates": [ 90.034229277777996, 22.268343583332999 ] } },
{ "type": "Feature", "properties": { "bridge_id": "109888", "SL": 6711, "image_pop": "8088/bms/assets/uploads/images/prudential_images/bridges/bridge_9888/1716976700.jpg", "bridge_name": "Jagannathkathi Steel Bridge", "bridge_type": "Steel Girder Bridge", "road_no": "Z8033", "zone": "Barishal", "circle": "Barishal", "division": "Pirojpur", "sub-division": "Kawkhali", "sae": "SO-Kawkhali-3", "bridge_length_(m)": 12.2, "bridge_width_(m)": 3.7, "chainage_(km)": "28+017", "xcoord": 90.102277277778001, "ycoord": 22.746745777777999, "map_link": "https://maps.google.com/?q=22.74674577777800000,90.10227727777800000&z=8&t=k", "bms_detail": "http://bms.rhd.gov.bd:8088/bms/bridges/detail_view/109888", "bms_inventory": "http://bms.rhd.gov.bd:8088/bms/bridges/inventory_view/109888", "keys": "[bridge_name, Bridge Name], [bridge_type,Type], [chainage_(km), Chainage (km)], [road_no, On Road], [division, Division], [subdivision, Subdivision], [bridge_length_(m), Length (m)], [bridge_width_(m), Width (m)],[map_link(=>{type:link, format:weblink}, Google Map,newtab=>),Google Map View],[bms_inventory(=>{type:link, format:weblink}, BMS Link,newtab=>), BMS Inventory],[bms_detail(=>{type:link, format:weblink},BMS Link,newtab=>), BMS Detailed View]", "f_class_color": "#b15dec", "spans": 2.0, "span_arrangement": "6.1+6.1", "completion_year": "2004", "bridge_no": "224448900608" }, "geometry": { "type": "Point", "coordinates": [ 90.102277277778001, 22.746745777777999 ] } },
{ "type": "Feature", "properties": { "bridge_id": "109923", "SL": 6764, "image_pop": "8088/bms/assets/uploads/images/prudential_images/bridges/bridge_9923/1717049848.jpg", "bridge_name": "Jalabari Steel Girder Bridge", "bridge_type": "Steel Girder Bridge", "road_no": "Z8033", "zone": "Barishal", "circle": "Barishal", "division": "Pirojpur", "sub-division": "Pirojpur", "sae": "SO-Pirojpur-3", "bridge_length_(m)": 76.4, "bridge_width_(m)": 4.1, "chainage_(km)": "31+534", "xcoord": 90.094680583333002, "ycoord": 22.708006277778001, "map_link": "https://maps.google.com/?q=22.70800627777800000,90.09468058333300000&z=8&t=k", "bms_detail": "http://bms.rhd.gov.bd:8088/bms/bridges/detail_view/109923", "bms_inventory": "http://bms.rhd.gov.bd:8088/bms/bridges/inventory_view/109923", "keys": "[bridge_name, Bridge Name], [bridge_type,Type], [chainage_(km), Chainage (km)], [road_no, On Road], [division, Division], [subdivision, Subdivision], [bridge_length_(m), Length (m)], [bridge_width_(m), Width (m)],[map_link(=>{type:link, format:weblink}, Google Map,newtab=>),Google Map View],[bms_inventory(=>{type:link, format:weblink}, BMS Link,newtab=>), BMS Inventory],[bms_detail(=>{type:link, format:weblink},BMS Link,newtab=>), BMS Detailed View]", "f_class_color": "#b15dec", "spans": 12.0, "span_arrangement": "6.2+6.2+6.1+5.6+6.2+7.6+7.7+6.1+6.2+6.1+6.2+6.2", "completion_year": "2002", "bridge_no": "224229900541" }, "geometry": { "type": "Point", "coordinates": [ 90.094680583333002, 22.708006277778001 ] } },
{ "type": "Feature", "properties": { "bridge_id": "110632", "SL": 6827, "image_pop": "8088/bms/assets/img/no_picture.png", "bridge_name": "Jamindar Bari Bailey Bridge", "bridge_type": "Portable Steel Bridge", "road_no": "Z8716", "zone": "Barishal", "circle": "Barishal", "division": "Jhalokati", "sub-division": "Jhalokati", "sae": "SO-Jhalokati-1", "bridge_length_(m)": 34.8, "bridge_width_(m)": 3.66, "chainage_(km)": "4+563", "xcoord": 90.165556694444007, "ycoord": 22.681732583333002, "map_link": "https://maps.google.com/?q=22.68173258333300000,90.16555669444400000&z=8&t=k", "bms_detail": "http://bms.rhd.gov.bd:8088/bms/bridges/detail_view/110632", "bms_inventory": "http://bms.rhd.gov.bd:8088/bms/bridges/inventory_view/110632", "keys": "[bridge_name, Bridge Name], [bridge_type,Type], [chainage_(km), Chainage (km)], [road_no, On Road], [division, Division], [subdivision, Subdivision], [bridge_length_(m), Length (m)], [bridge_width_(m), Width (m)],[map_link(=>{type:link, format:weblink}, Google Map,newtab=>),Google Map View],[bms_inventory(=>{type:link, format:weblink}, BMS Link,newtab=>), BMS Inventory],[bms_detail(=>{type:link, format:weblink},BMS Link,newtab=>), BMS Detailed View]", "f_class_color": "#29ffa4", "spans": 1.0, "span_arrangement": "34.8", "completion_year": "2010", "bridge_no": "226817390165" }, "geometry": { "type": "Point", "coordinates": [ 90.165556694444007, 22.681732583333002 ] } },
{ "type": "Feature", "properties": { "bridge_id": "105753", "SL": 6861, "image_pop": "8088/bms/assets/uploads/images/prudential_images/bridges/bridge_5753/1701604474.jpg", "bridge_name": "Jangaliya Baily Bridge", "bridge_type": "Portable Steel Bridge", "road_no": "Z8043", "zone": "Barishal", "circle": "Barishal", "division": "Barishal", "sub-division": "Barishal-2", "sae": "SO-Barishal Sub Division-2-3", "bridge_length_(m)": 19.1, "bridge_width_(m)": 3.46, "chainage_(km)": "21+234", "xcoord": 90.515932222222006, "ycoord": 22.724506388889001, "map_link": "https://maps.google.com/?q=22.72450638888900000,90.51593222222200000&z=8&t=k", "bms_detail": "http://bms.rhd.gov.bd:8088/bms/bridges/detail_view/105753", "bms_inventory": "http://bms.rhd.gov.bd:8088/bms/bridges/inventory_view/105753", "keys": "[bridge_name, Bridge Name], [bridge_type,Type], [chainage_(km), Chainage (km)], [road_no, On Road], [division, Division], [subdivision, Subdivision], [bridge_length_(m), Length (m)], [bridge_width_(m), Width (m)],[map_link(=>{type:link, format:weblink}, Google Map,newtab=>),Google Map View],[bms_inventory(=>{type:link, format:weblink}, BMS Link,newtab=>), BMS Inventory],[bms_detail(=>{type:link, format:weblink},BMS Link,newtab=>), BMS Detailed View]", "f_class_color": "#29ffa4", "spans": 1.0, "span_arrangement": "19.1", "completion_year": "2000", "bridge_no": "224328903057" }, "geometry": { "type": "Point", "coordinates": [ 90.515932222222006, 22.724506388889001 ] } },
{ "type": "Feature", "properties": { "bridge_id": "110199", "SL": 6907, "image_pop": "8088/bms/assets/uploads/images/prudential_images/bridges/bridge_10199/1717928821.jpg", "bridge_name": "Jhambhudip Bailey Bridge", "bridge_type": "Portable Steel Bridge", "road_no": "Z8033", "zone": "Barishal", "circle": "Barishal", "division": "Barishal", "sub-division": "Barishal-2", "sae": "SO-Barishal Sub Division-2-1", "bridge_length_(m)": 111.4, "bridge_width_(m)": 3.86, "chainage_(km)": "19+700", "xcoord": 90.149494583332995, "ycoord": 22.773073277778, "map_link": "https://maps.google.com/?q=22.77307327777800000,90.14949458333300000&z=8&t=k", "bms_detail": "http://bms.rhd.gov.bd:8088/bms/bridges/detail_view/110199", "bms_inventory": "http://bms.rhd.gov.bd:8088/bms/bridges/inventory_view/110199", "keys": "[bridge_name, Bridge Name], [bridge_type,Type], [chainage_(km), Chainage (km)], [road_no, On Road], [division, Division], [subdivision, Subdivision], [bridge_length_(m), Length (m)], [bridge_width_(m), Width (m)],[map_link(=>{type:link, format:weblink}, Google Map,newtab=>),Google Map View],[bms_inventory(=>{type:link, format:weblink}, BMS Link,newtab=>), BMS Inventory],[bms_detail(=>{type:link, format:weblink},BMS Link,newtab=>), BMS Detailed View]", "f_class_color": "#29ffa4", "spans": 3.0, "span_arrangement": "36.8+36.8+36.8", "completion_year": "1988", "bridge_no": "224623900858" }, "geometry": { "type": "Point", "coordinates": [ 90.149494583332995, 22.773073277778 ] } },
{ "type": "Feature", "properties": { "bridge_id": "109836", "SL": 6927, "image_pop": "8088/bms/assets/uploads/images/prudential_images/bridges/bridge_9836/1716459659.jpg", "bridge_name": "Jhawtola Bailey Bridge", "bridge_type": "Portable Steel Bridge", "road_no": "Z8701", "zone": "Barishal", "circle": "Barishal", "division": "Pirojpur", "sub-division": "Kawkhali", "sae": "SO-Kawkhali-2", "bridge_length_(m)": 23.5, "bridge_width_(m)": 3.41, "chainage_(km)": "10+928", "xcoord": 89.9876695, "ycoord": 22.392285583332999, "map_link": "https://maps.google.com/?q=22.39228558333300000,89.98766950000000000&z=8&t=k", "bms_detail": "http://bms.rhd.gov.bd:8088/bms/bridges/detail_view/109836", "bms_inventory": "http://bms.rhd.gov.bd:8088/bms/bridges/inventory_view/109836", "keys": "[bridge_name, Bridge Name], [bridge_type,Type], [chainage_(km), Chainage (km)], [road_no, On Road], [division, Division], [subdivision, Subdivision], [bridge_length_(m), Length (m)], [bridge_width_(m), Width (m)],[map_link(=>{type:link, format:weblink}, Google Map,newtab=>),Google Map View],[bms_inventory(=>{type:link, format:weblink}, BMS Link,newtab=>), BMS Inventory],[bms_detail(=>{type:link, format:weblink},BMS Link,newtab=>), BMS Detailed View]", "f_class_color": "#29ffa4", "spans": 1.0, "span_arrangement": "23.5", "completion_year": "1998", "bridge_no": "222332895916" }, "geometry": { "type": "Point", "coordinates": [ 89.9876695, 22.392285583332999 ] } },
{ "type": "Feature", "properties": { "bridge_id": "110047", "SL": 6928, "image_pop": "8088/bms/assets/uploads/images/prudential_images/bridges/bridge_10047/1717392387.jpg", "bridge_name": "Jhenuhar Bailey Bridge", "bridge_type": "Portable Steel Bridge", "road_no": "Z8716", "zone": "Barishal", "circle": "Barishal", "division": "Pirojpur", "sub-division": "Kawkhali", "sae": "SO-Kawkhali-1", "bridge_length_(m)": 28.3, "bridge_width_(m)": 3.4, "chainage_(km)": "8+264", "xcoord": 90.138820694443993, "ycoord": 22.697273, "map_link": "https://maps.google.com/?q=22.69727300000000000,90.13882069444400000&z=8&t=k", "bms_detail": "http://bms.rhd.gov.bd:8088/bms/bridges/detail_view/110047", "bms_inventory": "http://bms.rhd.gov.bd:8088/bms/bridges/inventory_view/110047", "keys": "[bridge_name, Bridge Name], [bridge_type,Type], [chainage_(km), Chainage (km)], [road_no, On Road], [division, Division], [subdivision, Subdivision], [bridge_length_(m), Length (m)], [bridge_width_(m), Width (m)],[map_link(=>{type:link, format:weblink}, Google Map,newtab=>),Google Map View],[bms_inventory(=>{type:link, format:weblink}, BMS Link,newtab=>), BMS Inventory],[bms_detail(=>{type:link, format:weblink},BMS Link,newtab=>), BMS Detailed View]", "f_class_color": "#29ffa4", "spans": 1.0, "span_arrangement": "28.3", "completion_year": "2016", "bridge_no": "224150900820" }, "geometry": { "type": "Point", "coordinates": [ 90.138820694443993, 22.697273 ] } },
{ "type": "Feature", "properties": { "bridge_id": "109478", "SL": 6951, "image_pop": "8088/bms/assets/uploads/images/prudential_images/bridges/bridge_9478/1715487409.jpg", "bridge_name": "Jhorapol Steel Girder Bridge", "bridge_type": "Steel Girder Bridge", "road_no": "Z8740", "zone": "Barishal", "circle": "Barishal", "division": "Jhalokati", "sub-division": "Jhalokati", "sae": "SO-Jhalokati-2", "bridge_length_(m)": 18.5, "bridge_width_(m)": 3.6, "chainage_(km)": "2+005", "xcoord": 90.099660777777999, "ycoord": 22.419035, "map_link": "https://maps.google.com/?q=22.41903500000000000,90.09966077777800000&z=8&t=k", "bms_detail": "http://bms.rhd.gov.bd:8088/bms/bridges/detail_view/109478", "bms_inventory": "http://bms.rhd.gov.bd:8088/bms/bridges/inventory_view/109478", "keys": "[bridge_name, Bridge Name], [bridge_type,Type], [chainage_(km), Chainage (km)], [road_no, On Road], [division, Division], [subdivision, Subdivision], [bridge_length_(m), Length (m)], [bridge_width_(m), Width (m)],[map_link(=>{type:link, format:weblink}, Google Map,newtab=>),Google Map View],[bms_inventory(=>{type:link, format:weblink}, BMS Link,newtab=>), BMS Inventory],[bms_detail(=>{type:link, format:weblink},BMS Link,newtab=>), BMS Detailed View]", "f_class_color": "#b15dec", "spans": 3.0, "span_arrangement": "6.3+6+6.2", "completion_year": "2003", "bridge_no": "222509900659" }, "geometry": { "type": "Point", "coordinates": [ 90.099660777777999, 22.419035 ] } },
{ "type": "Feature", "properties": { "bridge_id": "110068", "SL": 6965, "image_pop": "8088/bms/assets/uploads/images/prudential_images/bridges/bridge_10068/1717406651.jpg", "bridge_name": "Jibgram RCC Girder Bridge", "bridge_type": "RC Girder Bridge", "road_no": "Z7707", "zone": "Barishal", "circle": "Barishal", "division": "Pirojpur", "sub-division": "Pirojpur", "sae": "SO-Pirojpur-2", "bridge_length_(m)": 20.0, "bridge_width_(m)": 7.0, "chainage_(km)": "11+467", "xcoord": 90.991972777778003, "ycoord": 22.678496194444001, "map_link": "https://maps.google.com/?q=22.67849619444400000,90.99197277777800000&z=8&t=k", "bms_detail": "http://bms.rhd.gov.bd:8088/bms/bridges/detail_view/110068", "bms_inventory": "http://bms.rhd.gov.bd:8088/bms/bridges/inventory_view/110068", "keys": "[bridge_name, Bridge Name], [bridge_type,Type], [chainage_(km), Chainage (km)], [road_no, On Road], [division, Division], [subdivision, Subdivision], [bridge_length_(m), Length (m)], [bridge_width_(m), Width (m)],[map_link(=>{type:link, format:weblink}, Google Map,newtab=>),Google Map View],[bms_inventory(=>{type:link, format:weblink}, BMS Link,newtab=>), BMS Inventory],[bms_detail(=>{type:link, format:weblink},BMS Link,newtab=>), BMS Detailed View]", "f_class_color": "#e8f674", "spans": 1.0, "span_arrangement": "20", "completion_year": "2008", "bridge_no": "224042895931" }, "geometry": { "type": "Point", "coordinates": [ 90.991972777778003, 22.678496194444001 ] } },
{ "type": "Feature", "properties": { "bridge_id": "105787", "SL": 6986, "image_pop": "8088/bms/assets/uploads/images/prudential_images/bridges/bridge_5787/1701684643.jpg", "bridge_name": "Jirail Bridge", "bridge_type": "PC Girder Bridge", "road_no": "Z8910", "zone": "Barishal", "circle": "Barishal", "division": "Barishal", "sub-division": "Barishal-2", "sae": "SO-Barishal Sub Division-2-2", "bridge_length_(m)": 31.5, "bridge_width_(m)": 10.3, "chainage_(km)": "22+009", "xcoord": 90.495293055556004, "ycoord": 22.568851944443999, "map_link": "https://maps.google.com/?q=22.56885194444400000,90.49529305555600000&z=8&t=k", "bms_detail": "http://bms.rhd.gov.bd:8088/bms/bridges/detail_view/105787", "bms_inventory": "http://bms.rhd.gov.bd:8088/bms/bridges/inventory_view/105787", "keys": "[bridge_name, Bridge Name], [bridge_type,Type], [chainage_(km), Chainage (km)], [road_no, On Road], [division, Division], [subdivision, Subdivision], [bridge_length_(m), Length (m)], [bridge_width_(m), Width (m)],[map_link(=>{type:link, format:weblink}, Google Map,newtab=>),Google Map View],[bms_inventory(=>{type:link, format:weblink}, BMS Link,newtab=>), BMS Inventory],[bms_detail(=>{type:link, format:weblink},BMS Link,newtab=>), BMS Detailed View]", "f_class_color": "#6ebed6", "spans": 1.0, "span_arrangement": "31.5", "completion_year": "2020", "bridge_no": "223408902943" }, "geometry": { "type": "Point", "coordinates": [ 90.495293055556004, 22.568851944443999 ] } },
{ "type": "Feature", "properties": { "bridge_id": "110040", "SL": 7037, "image_pop": "8088/bms/assets/uploads/images/prudential_images/bridges/bridge_10040/1717389580.jpg", "bridge_name": "Jogonnathkathi PC Girder Bridge", "bridge_type": "PC Girder Bridge", "road_no": "Z8716", "zone": "Barishal", "circle": "Barishal", "division": "Pirojpur", "sub-division": "Kawkhali", "sae": "SO-Kawkhali-1", "bridge_length_(m)": 29.3, "bridge_width_(m)": 10.1, "chainage_(km)": "15+905", "xcoord": 90.108945, "ycoord": 22.735947194444002, "map_link": "https://maps.google.com/?q=22.73594719444400000,90.10894500000000000&z=8&t=k", "bms_detail": "http://bms.rhd.gov.bd:8088/bms/bridges/detail_view/110040", "bms_inventory": "http://bms.rhd.gov.bd:8088/bms/bridges/inventory_view/110040", "keys": "[bridge_name, Bridge Name], [bridge_type,Type], [chainage_(km), Chainage (km)], [road_no, On Road], [division, Division], [subdivision, Subdivision], [bridge_length_(m), Length (m)], [bridge_width_(m), Width (m)],[map_link(=>{type:link, format:weblink}, Google Map,newtab=>),Google Map View],[bms_inventory(=>{type:link, format:weblink}, BMS Link,newtab=>), BMS Inventory],[bms_detail(=>{type:link, format:weblink},BMS Link,newtab=>), BMS Detailed View]", "f_class_color": "#6ebed6", "spans": 1.0, "span_arrangement": "29.3", "completion_year": "2024", "bridge_no": "224409900632" }, "geometry": { "type": "Point", "coordinates": [ 90.108945, 22.735947194444002 ] } },
{ "type": "Feature", "properties": { "bridge_id": "109906", "SL": 7041, "image_pop": "8088/bms/assets/uploads/images/prudential_images/bridges/bridge_9906/1716985797.jpg", "bridge_name": "Jogornatkathi RCC Girder Bridge", "bridge_type": "RC Girder Bridge", "road_no": "Z8716", "zone": "Barishal", "circle": "Barishal", "division": "Pirojpur", "sub-division": "Kawkhali", "sae": "SO-Kawkhali-1", "bridge_length_(m)": 10.6, "bridge_width_(m)": 3.3, "chainage_(km)": "17+663", "xcoord": 90.1020195, "ycoord": 22.746043277778, "map_link": "https://maps.google.com/?q=22.74604327777800000,90.10201950000000000&z=8&t=k", "bms_detail": "http://bms.rhd.gov.bd:8088/bms/bridges/detail_view/109906", "bms_inventory": "http://bms.rhd.gov.bd:8088/bms/bridges/inventory_view/109906", "keys": "[bridge_name, Bridge Name], [bridge_type,Type], [chainage_(km), Chainage (km)], [road_no, On Road], [division, Division], [subdivision, Subdivision], [bridge_length_(m), Length (m)], [bridge_width_(m), Width (m)],[map_link(=>{type:link, format:weblink}, Google Map,newtab=>),Google Map View],[bms_inventory(=>{type:link, format:weblink}, BMS Link,newtab=>), BMS Inventory],[bms_detail(=>{type:link, format:weblink},BMS Link,newtab=>), BMS Detailed View]", "f_class_color": "#e8f674", "spans": 3.0, "span_arrangement": "3+3.6+3", "completion_year": "1995", "bridge_no": "224446900607" }, "geometry": { "type": "Point", "coordinates": [ 90.1020195, 22.746043277778 ] } },
{ "type": "Feature", "properties": { "bridge_id": "109594", "SL": 7111, "image_pop": "8088/bms/assets/uploads/images/prudential_images/bridges/bridge_9594/1715835333.jpg", "bridge_name": "Jorkhali Bailey Bridge", "bridge_type": "Portable Steel Bridge", "road_no": "Z8815", "zone": "Barishal", "circle": "Barishal", "division": "Jhalokati", "sub-division": "Jhalokati", "sae": "SO-Jhalokati-2", "bridge_length_(m)": 3.4, "bridge_width_(m)": 3.6, "chainage_(km)": "2+320", "xcoord": 90.053906, "ycoord": 22.347089583332998, "map_link": "https://maps.google.com/?q=22.34708958333300000,90.05390600000000000&z=8&t=k", "bms_detail": "http://bms.rhd.gov.bd:8088/bms/bridges/detail_view/109594", "bms_inventory": "http://bms.rhd.gov.bd:8088/bms/bridges/inventory_view/109594", "keys": "[bridge_name, Bridge Name], [bridge_type,Type], [chainage_(km), Chainage (km)], [road_no, On Road], [division, Division], [subdivision, Subdivision], [bridge_length_(m), Length (m)], [bridge_width_(m), Width (m)],[map_link(=>{type:link, format:weblink}, Google Map,newtab=>),Google Map View],[bms_inventory(=>{type:link, format:weblink}, BMS Link,newtab=>), BMS Inventory],[bms_detail(=>{type:link, format:weblink},BMS Link,newtab=>), BMS Detailed View]", "f_class_color": "#29ffa4", "spans": 1.0, "span_arrangement": "3.4", "completion_year": "1995", "bridge_no": "222050900314" }, "geometry": { "type": "Point", "coordinates": [ 90.053906, 22.347089583332998 ] } },
{ "type": "Feature", "properties": { "bridge_id": "109701", "SL": 7158, "image_pop": "8088/bms/assets/uploads/images/prudential_images/bridges/bridge_9701/1716101247.jpg", "bridge_name": "Joykul Bailey Bridge", "bridge_type": "Portable Steel Bridge", "road_no": "Z8033", "zone": "Barishal", "circle": "Barishal", "division": "Pirojpur", "sub-division": "Kawkhali", "sae": "SO-Kawkhali-1", "bridge_length_(m)": 22.2, "bridge_width_(m)": 3.7, "chainage_(km)": "47+235", "xcoord": 90.092490888889003, "ycoord": 22.6000635, "map_link": "https://maps.google.com/?q=22.60006350000000000,90.09249088888900000&z=8&t=k", "bms_detail": "http://bms.rhd.gov.bd:8088/bms/bridges/detail_view/109701", "bms_inventory": "http://bms.rhd.gov.bd:8088/bms/bridges/inventory_view/109701", "keys": "[bridge_name, Bridge Name], [bridge_type,Type], [chainage_(km), Chainage (km)], [road_no, On Road], [division, Division], [subdivision, Subdivision], [bridge_length_(m), Length (m)], [bridge_width_(m), Width (m)],[map_link(=>{type:link, format:weblink}, Google Map,newtab=>),Google Map View],[bms_inventory(=>{type:link, format:weblink}, BMS Link,newtab=>), BMS Inventory],[bms_detail(=>{type:link, format:weblink},BMS Link,newtab=>), BMS Detailed View]", "f_class_color": "#29ffa4", "spans": 1.0, "span_arrangement": "22.2", "completion_year": "1985", "bridge_no": "223600900533" }, "geometry": { "type": "Point", "coordinates": [ 90.092490888889003, 22.6000635 ] } },
{ "type": "Feature", "properties": { "bridge_id": "110042", "SL": 7225, "image_pop": "8088/bms/assets/uploads/images/prudential_images/bridges/bridge_10042/1717391014.jpg", "bridge_name": "Juluhar RCC Grider Bridge", "bridge_type": "RC Girder Bridge", "road_no": "Z8750", "zone": "Barishal", "circle": "Barishal", "division": "Pirojpur", "sub-division": "Pirojpur", "sae": "SO-Pirojpur-3", "bridge_length_(m)": 27.0, "bridge_width_(m)": 7.0, "chainage_(km)": "1+593", "xcoord": 90.094965277778002, "ycoord": 22.656753388889001, "map_link": "https://maps.google.com/?q=22.65675338888900000,90.09496527777800000&z=8&t=k", "bms_detail": "http://bms.rhd.gov.bd:8088/bms/bridges/detail_view/110042", "bms_inventory": "http://bms.rhd.gov.bd:8088/bms/bridges/inventory_view/110042", "keys": "[bridge_name, Bridge Name], [bridge_type,Type], [chainage_(km), Chainage (km)], [road_no, On Road], [division, Division], [subdivision, Subdivision], [bridge_length_(m), Length (m)], [bridge_width_(m), Width (m)],[map_link(=>{type:link, format:weblink}, Google Map,newtab=>),Google Map View],[bms_inventory(=>{type:link, format:weblink}, BMS Link,newtab=>), BMS Inventory],[bms_detail(=>{type:link, format:weblink},BMS Link,newtab=>), BMS Detailed View]", "f_class_color": "#e8f674", "spans": 3.0, "span_arrangement": "9+9+9", "completion_year": "2015", "bridge_no": "223924900542" }, "geometry": { "type": "Point", "coordinates": [ 90.094965277778002, 22.656753388889001 ] } },
{ "type": "Feature", "properties": { "bridge_id": "109244", "SL": 7285, "image_pop": "8088/bms/assets/uploads/images/prudential_images/bridges/bridge_9244/1714814835.jpg", "bridge_name": "Kachua RCC Girder Bridge (JHA)", "bridge_type": "RC Girder Bridge", "road_no": "Z8052", "zone": "Barishal", "circle": "Barishal", "division": "Jhalokati", "sub-division": "Jhalokati", "sae": "SO-Jhalokati-2", "bridge_length_(m)": 28.2, "bridge_width_(m)": 8.3, "chainage_(km)": "3+818", "xcoord": 90.143762388889002, "ycoord": 22.4265185, "map_link": "https://maps.google.com/?q=22.42651850000000000,90.14376238888900000&z=8&t=k", "bms_detail": "http://bms.rhd.gov.bd:8088/bms/bridges/detail_view/109244", "bms_inventory": "http://bms.rhd.gov.bd:8088/bms/bridges/inventory_view/109244", "keys": "[bridge_name, Bridge Name], [bridge_type,Type], [chainage_(km), Chainage (km)], [road_no, On Road], [division, Division], [subdivision, Subdivision], [bridge_length_(m), Length (m)], [bridge_width_(m), Width (m)],[map_link(=>{type:link, format:weblink}, Google Map,newtab=>),Google Map View],[bms_inventory(=>{type:link, format:weblink}, BMS Link,newtab=>), BMS Inventory],[bms_detail(=>{type:link, format:weblink},BMS Link,newtab=>), BMS Detailed View]", "f_class_color": "#e8f674", "spans": 1.0, "span_arrangement": "28.2", "completion_year": "1998", "bridge_no": "222535900838" }, "geometry": { "type": "Point", "coordinates": [ 90.143762388889002, 22.4265185 ] } },
{ "type": "Feature", "properties": { "bridge_id": "109639", "SL": 7287, "image_pop": "8088/bms/assets/uploads/images/prudential_images/bridges/bridge_9639/1716005434.jpg", "bridge_name": "Kachuakathi Bailey Bridge", "bridge_type": "Portable Steel Bridge", "road_no": "Z8033", "zone": "Barishal", "circle": "Barishal", "division": "Pirojpur", "sub-division": "Kawkhali", "sae": "SO-Kawkhali-1", "bridge_length_(m)": 28.3, "bridge_width_(m)": 3.4, "chainage_(km)": "42+280", "xcoord": 90.063293388888994, "ycoord": 22.627207, "map_link": "https://maps.google.com/?q=22.62720700000000000,90.06329338888900000&z=8&t=k", "bms_detail": "http://bms.rhd.gov.bd:8088/bms/bridges/detail_view/109639", "bms_inventory": "http://bms.rhd.gov.bd:8088/bms/bridges/inventory_view/109639", "keys": "[bridge_name, Bridge Name], [bridge_type,Type], [chainage_(km), Chainage (km)], [road_no, On Road], [division, Division], [subdivision, Subdivision], [bridge_length_(m), Length (m)], [bridge_width_(m), Width (m)],[map_link(=>{type:link, format:weblink}, Google Map,newtab=>),Google Map View],[bms_inventory(=>{type:link, format:weblink}, BMS Link,newtab=>), BMS Inventory],[bms_detail(=>{type:link, format:weblink},BMS Link,newtab=>), BMS Detailed View]", "f_class_color": "#29ffa4", "spans": 1.0, "span_arrangement": "28.3", "completion_year": "1990", "bridge_no": "223737900348" }, "geometry": { "type": "Point", "coordinates": [ 90.063293388888994, 22.627207 ] } },
{ "type": "Feature", "properties": { "bridge_id": "106536", "SL": 7321, "image_pop": "8088/bms/assets/uploads/images/prudential_images/bridges/bridge_6536/1705470893.jpg", "bridge_name": "Kagujir Pool RCC Girder Bridge", "bridge_type": "RC Girder Bridge", "road_no": "Z8806", "zone": "Barishal", "circle": "Patuakhali", "division": "Patuakhali", "sub-division": "Patuakhali", "sae": "SO-Patuakhali-2", "bridge_length_(m)": 15.0, "bridge_width_(m)": 10.8, "chainage_(km)": "23+104", "xcoord": 90.5440375, "ycoord": 22.423097277778002, "map_link": "https://maps.google.com/?q=22.42309727777800000,90.54403750000000000&z=8&t=k", "bms_detail": "http://bms.rhd.gov.bd:8088/bms/bridges/detail_view/106536", "bms_inventory": "http://bms.rhd.gov.bd:8088/bms/bridges/inventory_view/106536", "keys": "[bridge_name, Bridge Name], [bridge_type,Type], [chainage_(km), Chainage (km)], [road_no, On Road], [division, Division], [subdivision, Subdivision], [bridge_length_(m), Length (m)], [bridge_width_(m), Width (m)],[map_link(=>{type:link, format:weblink}, Google Map,newtab=>),Google Map View],[bms_inventory(=>{type:link, format:weblink}, BMS Link,newtab=>), BMS Inventory],[bms_detail(=>{type:link, format:weblink},BMS Link,newtab=>), BMS Detailed View]", "f_class_color": "#e8f674", "spans": 1.0, "span_arrangement": "15", "completion_year": "1980", "bridge_no": "222523903237" }, "geometry": { "type": "Point", "coordinates": [ 90.5440375, 22.423097277778002 ] } },
{ "type": "Feature", "properties": { "bridge_id": "105277", "SL": 7347, "image_pop": "8088/bms/assets/img/no_picture.png", "bridge_name": "Kajirchar Bridge 2", "bridge_type": "PC Girder Bridge", "road_no": "Z8034", "zone": "Barishal", "circle": "Barishal", "division": "Barishal", "sub-division": "Barishal-2", "sae": "SO-Barishal Sub Division-2-1", "bridge_length_(m)": 31.3, "bridge_width_(m)": 10.3, "chainage_(km)": "14+210", "xcoord": 90.378055555556003, "ycoord": 22.853888888888999, "map_link": "https://maps.google.com/?q=22.85388888888900000,90.37805555555600000&z=8&t=k", "bms_detail": "http://bms.rhd.gov.bd:8088/bms/bridges/detail_view/105277", "bms_inventory": "http://bms.rhd.gov.bd:8088/bms/bridges/inventory_view/105277", "keys": "[bridge_name, Bridge Name], [bridge_type,Type], [chainage_(km), Chainage (km)], [road_no, On Road], [division, Division], [subdivision, Subdivision], [bridge_length_(m), Length (m)], [bridge_width_(m), Width (m)],[map_link(=>{type:link, format:weblink}, Google Map,newtab=>),Google Map View],[bms_inventory(=>{type:link, format:weblink}, BMS Link,newtab=>), BMS Inventory],[bms_detail(=>{type:link, format:weblink},BMS Link,newtab=>), BMS Detailed View]", "f_class_color": "#6ebed6", "spans": 1.0, "span_arrangement": "31.3", "completion_year": "2019", "bridge_no": "228535903780" }, "geometry": { "type": "Point", "coordinates": [ 90.378055555556003, 22.853888888888999 ] } },
{ "type": "Feature", "properties": { "bridge_id": "110204", "SL": 7350, "image_pop": "8088/bms/assets/uploads/images/prudential_images/bridges/bridge_10204/1717933103.jpg", "bridge_name": "Kajlahar Bridge", "bridge_type": "RC Girder Bridge", "road_no": "Z8033", "zone": "Barishal", "circle": "Barishal", "division": "Barishal", "sub-division": "Barishal-2", "sae": "SO-Barishal Sub Division-2-1", "bridge_length_(m)": 21.8, "bridge_width_(m)": 10.3, "chainage_(km)": "21+945", "xcoord": 90.128595777778003, "ycoord": 22.770588, "map_link": "https://maps.google.com/?q=22.77058800000000000,90.12859577777800000&z=8&t=k", "bms_detail": "http://bms.rhd.gov.bd:8088/bms/bridges/detail_view/110204", "bms_inventory": "http://bms.rhd.gov.bd:8088/bms/bridges/inventory_view/110204", "keys": "[bridge_name, Bridge Name], [bridge_type,Type], [chainage_(km), Chainage (km)], [road_no, On Road], [division, Division], [subdivision, Subdivision], [bridge_length_(m), Length (m)], [bridge_width_(m), Width (m)],[map_link(=>{type:link, format:weblink}, Google Map,newtab=>),Google Map View],[bms_inventory(=>{type:link, format:weblink}, BMS Link,newtab=>), BMS Inventory],[bms_detail(=>{type:link, format:weblink},BMS Link,newtab=>), BMS Detailed View]", "f_class_color": "#e8f674", "spans": 1.0, "span_arrangement": "21.8", "completion_year": "2022", "bridge_no": "224614900743" }, "geometry": { "type": "Point", "coordinates": [ 90.128595777778003, 22.770588 ] } },
{ "type": "Feature", "properties": { "bridge_id": "106621", "SL": 7394, "image_pop": "8088/bms/assets/uploads/images/prudential_images/bridges/bridge_6621/1705833383.jpeg", "bridge_name": "Kalaiya Baily Bridge", "bridge_type": "Portable Steel Bridge", "road_no": "Z8806", "zone": "Barishal", "circle": "Patuakhali", "division": "Patuakhali", "sub-division": "Patuakhali", "sae": "SO-Patuakhali-2", "bridge_length_(m)": 30.7, "bridge_width_(m)": 3.66, "chainage_(km)": "28+660", "xcoord": 90.581052277777999, "ycoord": 22.390890888889, "map_link": "https://maps.google.com/?q=22.39089088888900000,90.58105227777800000&z=8&t=k", "bms_detail": "http://bms.rhd.gov.bd:8088/bms/bridges/detail_view/106621", "bms_inventory": "http://bms.rhd.gov.bd:8088/bms/bridges/inventory_view/106621", "keys": "[bridge_name, Bridge Name], [bridge_type,Type], [chainage_(km), Chainage (km)], [road_no, On Road], [division, Division], [subdivision, Subdivision], [bridge_length_(m), Length (m)], [bridge_width_(m), Width (m)],[map_link(=>{type:link, format:weblink}, Google Map,newtab=>),Google Map View],[bms_inventory(=>{type:link, format:weblink}, BMS Link,newtab=>), BMS Inventory],[bms_detail(=>{type:link, format:weblink},BMS Link,newtab=>), BMS Detailed View]", "f_class_color": "#29ffa4", "spans": 1.0, "span_arrangement": "30.7", "completion_year": "2000", "bridge_no": "222323903451" }, "geometry": { "type": "Point", "coordinates": [ 90.581052277777999, 22.390890888889 ] } },
{ "type": "Feature", "properties": { "bridge_id": "109357", "SL": 7438, "image_pop": "8088/bms/assets/uploads/images/prudential_images/bridges/bridge_9357/1715147520.jpg", "bridge_name": "Kalibari Bailey Bridge", "bridge_type": "Portable Steel Bridge", "road_no": "Z8701", "zone": "Barishal", "circle": "Patuakhali", "division": "Barguna", "sub-division": "Barguna", "sae": "SO-Barguna-1", "bridge_length_(m)": 36.8, "bridge_width_(m)": 3.7, "chainage_(km)": "50+280", "xcoord": 89.949028, "ycoord": 22.090687, "map_link": "https://maps.google.com/?q=22.09068700000000000,89.94902800000000000&z=8&t=k", "bms_detail": "http://bms.rhd.gov.bd:8088/bms/bridges/detail_view/109357", "bms_inventory": "http://bms.rhd.gov.bd:8088/bms/bridges/inventory_view/109357", "keys": "[bridge_name, Bridge Name], [bridge_type,Type], [chainage_(km), Chainage (km)], [road_no, On Road], [division, Division], [subdivision, Subdivision], [bridge_length_(m), Length (m)], [bridge_width_(m), Width (m)],[map_link(=>{type:link, format:weblink}, Google Map,newtab=>),Google Map View],[bms_inventory(=>{type:link, format:weblink}, BMS Link,newtab=>), BMS Inventory],[bms_detail(=>{type:link, format:weblink},BMS Link,newtab=>), BMS Detailed View]", "f_class_color": "#29ffa4", "spans": 1.0, "span_arrangement": "36.8", "completion_year": "1994", "bridge_no": "220526895657" }, "geometry": { "type": "Point", "coordinates": [ 89.949028, 22.090687 ] } },
{ "type": "Feature", "properties": { "bridge_id": "105560", "SL": 7453, "image_pop": "8088/bms/assets/uploads/images/prudential_images/bridges/bridge_5560/1700642403.jpg", "bridge_name": "Kaliganj Bazar Bridge", "bridge_type": "RC Girder Bridge", "road_no": "Z8810", "zone": "Barishal", "circle": "Barishal", "division": "Barishal", "sub-division": "Barishal-2", "sae": "SO-Barishal Sub Division-2-1", "bridge_length_(m)": 25.0, "bridge_width_(m)": 10.26, "chainage_(km)": "2+787", "xcoord": 90.3170917, "ycoord": 22.5271028, "map_link": "https://maps.google.com/?q=22.52710280000000000,90.31709170000000000&z=8&t=k", "bms_detail": "http://bms.rhd.gov.bd:8088/bms/bridges/detail_view/105560", "bms_inventory": "http://bms.rhd.gov.bd:8088/bms/bridges/inventory_view/105560", "keys": "[bridge_name, Bridge Name], [bridge_type,Type], [chainage_(km), Chainage (km)], [road_no, On Road], [division, Division], [subdivision, Subdivision], [bridge_length_(m), Length (m)], [bridge_width_(m), Width (m)],[map_link(=>{type:link, format:weblink}, Google Map,newtab=>),Google Map View],[bms_inventory(=>{type:link, format:weblink}, BMS Link,newtab=>), BMS Inventory],[bms_detail(=>{type:link, format:weblink},BMS Link,newtab=>), BMS Detailed View]", "f_class_color": "#e8f674", "spans": 1.0, "span_arrangement": "25", "completion_year": "2018", "bridge_no": "223138901902" }, "geometry": { "type": "Point", "coordinates": [ 90.3170917, 22.5271028 ] } },
{ "type": "Feature", "properties": { "bridge_id": "105888", "SL": 7472, "image_pop": "8088/bms/assets/uploads/images/prudential_images/bridges/bridge_5888/1702271977.jpg", "bridge_name": "Kalijira Bridge", "bridge_type": "RC Girder Bridge", "road_no": "R870", "zone": "Barishal", "circle": "Barishal", "division": "Barishal", "sub-division": "Barishal-2", "sae": "SO-Barishal Sub Division-2-3", "bridge_length_(m)": 131.0, "bridge_width_(m)": 9.2, "chainage_(km)": "3+054", "xcoord": 90.320394583332998, "ycoord": 22.670179, "map_link": "https://maps.google.com/?q=22.67017900000000000,90.32039458333300000&z=8&t=k", "bms_detail": "http://bms.rhd.gov.bd:8088/bms/bridges/detail_view/105888", "bms_inventory": "http://bms.rhd.gov.bd:8088/bms/bridges/inventory_view/105888", "keys": "[bridge_name, Bridge Name], [bridge_type,Type], [chainage_(km), Chainage (km)], [road_no, On Road], [division, Division], [subdivision, Subdivision], [bridge_length_(m), Length (m)], [bridge_width_(m), Width (m)],[map_link(=>{type:link, format:weblink}, Google Map,newtab=>),Google Map View],[bms_inventory(=>{type:link, format:weblink}, BMS Link,newtab=>), BMS Inventory],[bms_detail(=>{type:link, format:weblink},BMS Link,newtab=>), BMS Detailed View]", "f_class_color": "#e8f674", "spans": 5.0, "span_arrangement": "21.7+29.7+34.3+29.5+15.8", "completion_year": "2021", "bridge_no": "224013901913" }, "geometry": { "type": "Point", "coordinates": [ 90.320394583332998, 22.670179 ] } },
{ "type": "Feature", "properties": { "bridge_id": "105785", "SL": 7521, "image_pop": "8088/bms/assets/uploads/images/prudential_images/bridges/bridge_5785/1701684393.jpg", "bridge_name": "Kalisuri Bageswari Bridge", "bridge_type": "RC Girder Bridge", "road_no": "Z8910", "zone": "Barishal", "circle": "Barishal", "division": "Barishal", "sub-division": "Barishal-2", "sae": "SO-Barishal Sub Division-2-2", "bridge_length_(m)": 60.3, "bridge_width_(m)": 5.4, "chainage_(km)": "25+230", "xcoord": 90.518618888888994, "ycoord": 22.534003888889, "map_link": "https://maps.google.com/?q=22.53400388888900000,90.51861888888900000&z=8&t=k", "bms_detail": "http://bms.rhd.gov.bd:8088/bms/bridges/detail_view/105785", "bms_inventory": "http://bms.rhd.gov.bd:8088/bms/bridges/inventory_view/105785", "keys": "[bridge_name, Bridge Name], [bridge_type,Type], [chainage_(km), Chainage (km)], [road_no, On Road], [division, Division], [subdivision, Subdivision], [bridge_length_(m), Length (m)], [bridge_width_(m), Width (m)],[map_link(=>{type:link, format:weblink}, Google Map,newtab=>),Google Map View],[bms_inventory(=>{type:link, format:weblink}, BMS Link,newtab=>), BMS Inventory],[bms_detail(=>{type:link, format:weblink},BMS Link,newtab=>), BMS Detailed View]", "f_class_color": "#e8f674", "spans": 3.0, "span_arrangement": "20.1+20.1+20.1", "completion_year": "2008", "bridge_no": "223202903107" }, "geometry": { "type": "Point", "coordinates": [ 90.518618888888994, 22.534003888889 ] } },
{ "type": "Feature", "properties": { "bridge_id": "107438", "SL": 7584, "image_pop": "8088/bms/assets/uploads/images/prudential_images/bridges/bridge_7438/1709183622.jpg", "bridge_name": "Kamarhat Bailey Bridge", "bridge_type": "Portable Steel Bridge", "road_no": "Z8708", "zone": "Barishal", "circle": "Patuakhali", "division": "Barguna", "sub-division": "Barguna", "sae": "SO-Barguna-1", "bridge_length_(m)": 31.3, "bridge_width_(m)": 3.6, "chainage_(km)": "64+402", "xcoord": 90.002964777778004, "ycoord": 22.125026388889001, "map_link": "https://maps.google.com/?q=22.12502638888900000,90.00296477777800000&z=8&t=k", "bms_detail": "http://bms.rhd.gov.bd:8088/bms/bridges/detail_view/107438", "bms_inventory": "http://bms.rhd.gov.bd:8088/bms/bridges/inventory_view/107438", "keys": "[bridge_name, Bridge Name], [bridge_type,Type], [chainage_(km), Chainage (km)], [road_no, On Road], [division, Division], [subdivision, Subdivision], [bridge_length_(m), Length (m)], [bridge_width_(m), Width (m)],[map_link(=>{type:link, format:weblink}, Google Map,newtab=>),Google Map View],[bms_inventory(=>{type:link, format:weblink}, BMS Link,newtab=>), BMS Inventory],[bms_detail(=>{type:link, format:weblink},BMS Link,newtab=>), BMS Detailed View]", "f_class_color": "#29ffa4", "spans": 1.0, "span_arrangement": "31.3", "completion_year": "2003", "bridge_no": "220730900011" }, "geometry": { "type": "Point", "coordinates": [ 90.002964777778004, 22.125026388889001 ] } },
{ "type": "Feature", "properties": { "bridge_id": "109745", "SL": 7587, "image_pop": "8088/bms/assets/uploads/images/prudential_images/bridges/bridge_9745/1716185207.jpg", "bridge_name": "Kamarkathi Bazar Bailey Bridge", "bridge_type": "Portable Steel Bridge", "road_no": "Z8033", "zone": "Barishal", "circle": "Barishal", "division": "Pirojpur", "sub-division": "Kawkhali", "sae": "SO-Kawkhali-1", "bridge_length_(m)": 30.6, "bridge_width_(m)": 3.6, "chainage_(km)": "30+250", "xcoord": 90.095047777778007, "ycoord": 22.719457777778, "map_link": "https://maps.google.com/?q=22.71945777777800000,90.09504777777800000&z=8&t=k", "bms_detail": "http://bms.rhd.gov.bd:8088/bms/bridges/detail_view/109745", "bms_inventory": "http://bms.rhd.gov.bd:8088/bms/bridges/inventory_view/109745", "keys": "[bridge_name, Bridge Name], [bridge_type,Type], [chainage_(km), Chainage (km)], [road_no, On Road], [division, Division], [subdivision, Subdivision], [bridge_length_(m), Length (m)], [bridge_width_(m), Width (m)],[map_link(=>{type:link, format:weblink}, Google Map,newtab=>),Google Map View],[bms_inventory(=>{type:link, format:weblink}, BMS Link,newtab=>), BMS Inventory],[bms_detail(=>{type:link, format:weblink},BMS Link,newtab=>), BMS Detailed View]", "f_class_color": "#29ffa4", "spans": 5.0, "span_arrangement": "5.4+6.6+6.6+6.6+5.4", "completion_year": "1990", "bridge_no": "224310900542" }, "geometry": { "type": "Point", "coordinates": [ 90.095047777778007, 22.719457777778 ] } },
{ "type": "Feature", "properties": { "bridge_id": "109752", "SL": 7600, "image_pop": "8088/bms/assets/uploads/images/prudential_images/bridges/bridge_9752/1716189569.jpg", "bridge_name": "Kamarkathi Steel Girder Bridge", "bridge_type": "Steel Girder Bridge", "road_no": "Z8033", "zone": "Barishal", "circle": "Barishal", "division": "Pirojpur", "sub-division": "Kawkhali", "sae": "SO-Kawkhali-1", "bridge_length_(m)": 42.5, "bridge_width_(m)": 4.3, "chainage_(km)": "28+840", "xcoord": 90.096234277777995, "ycoord": 22.731503, "map_link": "https://maps.google.com/?q=22.73150300000000000,90.09623427777800000&z=8&t=k", "bms_detail": "http://bms.rhd.gov.bd:8088/bms/bridges/detail_view/109752", "bms_inventory": "http://bms.rhd.gov.bd:8088/bms/bridges/inventory_view/109752", "keys": "[bridge_name, Bridge Name], [bridge_type,Type], [chainage_(km), Chainage (km)], [road_no, On Road], [division, Division], [subdivision, Subdivision], [bridge_length_(m), Length (m)], [bridge_width_(m), Width (m)],[map_link(=>{type:link, format:weblink}, Google Map,newtab=>),Google Map View],[bms_inventory(=>{type:link, format:weblink}, BMS Link,newtab=>), BMS Inventory],[bms_detail(=>{type:link, format:weblink},BMS Link,newtab=>), BMS Detailed View]", "f_class_color": "#b15dec", "spans": 7.0, "span_arrangement": "5.5+5.8+6.1+6.8+6.2+6.6+5.5", "completion_year": "1994", "bridge_no": "224353900546" }, "geometry": { "type": "Point", "coordinates": [ 90.096234277777995, 22.731503 ] } },
{ "type": "Feature", "properties": { "bridge_id": "108172", "SL": 7679, "image_pop": "8088/bms/assets/uploads/images/prudential_images/bridges/bridge_8172/1710998089.jpg", "bridge_name": "Kandopasha Bailey Bridge", "bridge_type": "Portable Steel Bridge", "road_no": "Z8056", "zone": "Barishal", "circle": "Barishal", "division": "Jhalokati", "sub-division": "Jhalokati", "sae": "SO-Jhalokati-3", "bridge_length_(m)": 25.0, "bridge_width_(m)": 3.4, "chainage_(km)": "2+959", "xcoord": 90.315733888889, "ycoord": 22.641617888889002, "map_link": "https://maps.google.com/?q=22.64161788888900000,90.31573388888900000&z=8&t=k", "bms_detail": "http://bms.rhd.gov.bd:8088/bms/bridges/detail_view/108172", "bms_inventory": "http://bms.rhd.gov.bd:8088/bms/bridges/inventory_view/108172", "keys": "[bridge_name, Bridge Name], [bridge_type,Type], [chainage_(km), Chainage (km)], [road_no, On Road], [division, Division], [subdivision, Subdivision], [bridge_length_(m), Length (m)], [bridge_width_(m), Width (m)],[map_link(=>{type:link, format:weblink}, Google Map,newtab=>),Google Map View],[bms_inventory(=>{type:link, format:weblink}, BMS Link,newtab=>), BMS Inventory],[bms_detail(=>{type:link, format:weblink},BMS Link,newtab=>), BMS Detailed View]", "f_class_color": "#29ffa4", "spans": 1.0, "span_arrangement": "25", "completion_year": "1995", "bridge_no": "223830901857" }, "geometry": { "type": "Point", "coordinates": [ 90.315733888889, 22.641617888889002 ] } },
{ "type": "Feature", "properties": { "bridge_id": "105565", "SL": 7697, "image_pop": "8088/bms/assets/uploads/images/prudential_images/bridges/bridge_5565/1700648830.jpg", "bridge_name": "Kanki Bridge", "bridge_type": "PC Girder Bridge", "road_no": "Z8810", "zone": "Barishal", "circle": "Barishal", "division": "Barishal", "sub-division": "Barishal-2", "sae": "SO-Barishal Sub Division-2-1", "bridge_length_(m)": 50.2, "bridge_width_(m)": 10.1, "chainage_(km)": "8+147", "xcoord": 90.3012556, "ycoord": 22.4861111, "map_link": "https://maps.google.com/?q=22.48611110000000000,90.30125560000000000&z=8&t=k", "bms_detail": "http://bms.rhd.gov.bd:8088/bms/bridges/detail_view/105565", "bms_inventory": "http://bms.rhd.gov.bd:8088/bms/bridges/inventory_view/105565", "keys": "[bridge_name, Bridge Name], [bridge_type,Type], [chainage_(km), Chainage (km)], [road_no, On Road], [division, Division], [subdivision, Subdivision], [bridge_length_(m), Length (m)], [bridge_width_(m), Width (m)],[map_link(=>{type:link, format:weblink}, Google Map,newtab=>),Google Map View],[bms_inventory(=>{type:link, format:weblink}, BMS Link,newtab=>), BMS Inventory],[bms_detail(=>{type:link, format:weblink},BMS Link,newtab=>), BMS Detailed View]", "f_class_color": "#6ebed6", "spans": 1.0, "span_arrangement": "50.2", "completion_year": "2013", "bridge_no": "222908901755" }, "geometry": { "type": "Point", "coordinates": [ 90.3012556, 22.4861111 ] } },
{ "type": "Feature", "properties": { "bridge_id": "109582", "SL": 7721, "image_pop": "8088/bms/assets/uploads/images/prudential_images/bridges/bridge_9582/1715764242.jpg", "bridge_name": "Kanudaskati PC Girder Bridge", "bridge_type": "PC Girder Bridge", "road_no": "R870", "zone": "Barishal", "circle": "Barishal", "division": "Pirojpur", "sub-division": "Pirojpur", "sae": "SO-Pirojpur-1", "bridge_length_(m)": 28.5, "bridge_width_(m)": 9.4, "chainage_(km)": "10+820", "xcoord": 90.090317388889005, "ycoord": 22.500023277777998, "map_link": "https://maps.google.com/?q=22.50002327777800000,90.09031738888900000&z=8&t=k", "bms_detail": "http://bms.rhd.gov.bd:8088/bms/bridges/detail_view/109582", "bms_inventory": "http://bms.rhd.gov.bd:8088/bms/bridges/inventory_view/109582", "keys": "[bridge_name, Bridge Name], [bridge_type,Type], [chainage_(km), Chainage (km)], [road_no, On Road], [division, Division], [subdivision, Subdivision], [bridge_length_(m), Length (m)], [bridge_width_(m), Width (m)],[map_link(=>{type:link, format:weblink}, Google Map,newtab=>),Google Map View],[bms_inventory(=>{type:link, format:weblink}, BMS Link,newtab=>), BMS Inventory],[bms_detail(=>{type:link, format:weblink},BMS Link,newtab=>), BMS Detailed View]", "f_class_color": "#6ebed6", "spans": 1.0, "span_arrangement": "28.5", "completion_year": "2008", "bridge_no": "223001900525" }, "geometry": { "type": "Point", "coordinates": [ 90.090317388889005, 22.500023277777998 ] } },
{ "type": "Feature", "properties": { "bridge_id": "105337", "SL": 7758, "image_pop": "8088/bms/assets/img/no_picture.png", "bridge_name": "Karapur binoykathi bailey Bridge", "bridge_type": "Portable Steel Bridge", "road_no": "Z8037", "zone": "Barishal", "circle": "Barishal", "division": "Barishal", "sub-division": "Barishal-2", "sae": "SO-Barishal Sub Division-2-1", "bridge_length_(m)": 67.1, "bridge_width_(m)": 3.5, "chainage_(km)": "8+798", "xcoord": 90.274003694444005, "ycoord": 22.7164845, "map_link": "https://maps.google.com/?q=22.71648450000000000,90.27400369444400000&z=8&t=k", "bms_detail": "http://bms.rhd.gov.bd:8088/bms/bridges/detail_view/105337", "bms_inventory": "http://bms.rhd.gov.bd:8088/bms/bridges/inventory_view/105337", "keys": "[bridge_name, Bridge Name], [bridge_type,Type], [chainage_(km), Chainage (km)], [road_no, On Road], [division, Division], [subdivision, Subdivision], [bridge_length_(m), Length (m)], [bridge_width_(m), Width (m)],[map_link(=>{type:link, format:weblink}, Google Map,newtab=>),Google Map View],[bms_inventory(=>{type:link, format:weblink}, BMS Link,newtab=>), BMS Inventory],[bms_detail(=>{type:link, format:weblink},BMS Link,newtab=>), BMS Detailed View]", "f_class_color": "#29ffa4", "spans": 3.0, "span_arrangement": "15.7+35.7+15.7", "completion_year": "1996", "bridge_no": "227164902740" }, "geometry": { "type": "Point", "coordinates": [ 90.274003694444005, 22.7164845 ] } },
{ "type": "Feature", "properties": { "bridge_id": "107276", "SL": 7799, "image_pop": "8088/bms/assets/uploads/images/prudential_images/bridges/bridge_7276/1708745954.JPG", "bridge_name": "Kashemabad Bazar Bridge", "bridge_type": "Steel Girder Bridge", "road_no": "N8", "zone": "Barishal", "circle": "Barishal", "division": "Barishal", "sub-division": "Barishal -1", "sae": "SO-Barishal Sub Division-1-3", "bridge_length_(m)": 13.0, "bridge_width_(m)": 6.8, "chainage_(km)": "129+563", "xcoord": 90.230097, "ycoord": 22.947613, "map_link": "https://maps.google.com/?q=22.94761300000000000,90.23009700000000000&z=8&t=k", "bms_detail": "http://bms.rhd.gov.bd:8088/bms/bridges/detail_view/107276", "bms_inventory": "http://bms.rhd.gov.bd:8088/bms/bridges/inventory_view/107276", "keys": "[bridge_name, Bridge Name], [bridge_type,Type], [chainage_(km), Chainage (km)], [road_no, On Road], [division, Division], [subdivision, Subdivision], [bridge_length_(m), Length (m)], [bridge_width_(m), Width (m)],[map_link(=>{type:link, format:weblink}, Google Map,newtab=>),Google Map View],[bms_inventory(=>{type:link, format:weblink}, BMS Link,newtab=>), BMS Inventory],[bms_detail(=>{type:link, format:weblink},BMS Link,newtab=>), BMS Detailed View]", "f_class_color": "#b15dec", "spans": 1.0, "span_arrangement": "13", "completion_year": "2000", "bridge_no": "225651901348" }, "geometry": { "type": "Point", "coordinates": [ 90.230097, 22.947613 ] } },
{ "type": "Feature", "properties": { "bridge_id": "106396", "SL": 7864, "image_pop": "8088/bms/assets/uploads/images/prudential_images/bridges/bridge_6396/1704952923.jpg", "bridge_name": "Kashissor RCC Girder Bridge", "bridge_type": "RC Girder Bridge", "road_no": "R890", "zone": "Barishal", "circle": "Barishal", "division": "Bhola", "sub-division": "Bhola", "sae": "SO-Bhola-1", "bridge_length_(m)": 38.0, "bridge_width_(m)": 7.4, "chainage_(km)": "4+650", "xcoord": 90.641006694444002, "ycoord": 22.689808194444002, "map_link": "https://maps.google.com/?q=22.68980819444400000,90.64100669444400000&z=8&t=k", "bms_detail": "http://bms.rhd.gov.bd:8088/bms/bridges/detail_view/106396", "bms_inventory": "http://bms.rhd.gov.bd:8088/bms/bridges/inventory_view/106396", "keys": "[bridge_name, Bridge Name], [bridge_type,Type], [chainage_(km), Chainage (km)], [road_no, On Road], [division, Division], [subdivision, Subdivision], [bridge_length_(m), Length (m)], [bridge_width_(m), Width (m)],[map_link(=>{type:link, format:weblink}, Google Map,newtab=>),Google Map View],[bms_inventory(=>{type:link, format:weblink}, BMS Link,newtab=>), BMS Inventory],[bms_detail(=>{type:link, format:weblink},BMS Link,newtab=>), BMS Detailed View]", "f_class_color": "#e8f674", "spans": 4.0, "span_arrangement": "11.13+11.13+11.13+4.6", "completion_year": "1998", "bridge_no": "224123903828" }, "geometry": { "type": "Point", "coordinates": [ 90.641006694444002, 22.689808194444002 ] } },
{ "type": "Feature", "properties": { "bridge_id": "109488", "SL": 7892, "image_pop": "8088/bms/assets/uploads/images/prudential_images/bridges/bridge_9488/1715497913.jpg", "bridge_name": "Katakhali Bazar PC Girder Bridge", "bridge_type": "PC Girder Bridge", "road_no": "R870", "zone": "Barishal", "circle": "Barishal", "division": "Jhalokati", "sub-division": "Jhalokati", "sae": "SO-Jhalokati-1", "bridge_length_(m)": 27.1, "bridge_width_(m)": 12.2, "chainage_(km)": "40+772", "xcoord": 90.090276083332995, "ycoord": 22.500028583332998, "map_link": "https://maps.google.com/?q=22.50002858333300000,90.09027608333300000&z=8&t=k", "bms_detail": "http://bms.rhd.gov.bd:8088/bms/bridges/detail_view/109488", "bms_inventory": "http://bms.rhd.gov.bd:8088/bms/bridges/inventory_view/109488", "keys": "[bridge_name, Bridge Name], [bridge_type,Type], [chainage_(km), Chainage (km)], [road_no, On Road], [division, Division], [subdivision, Subdivision], [bridge_length_(m), Length (m)], [bridge_width_(m), Width (m)],[map_link(=>{type:link, format:weblink}, Google Map,newtab=>),Google Map View],[bms_inventory(=>{type:link, format:weblink}, BMS Link,newtab=>), BMS Inventory],[bms_detail(=>{type:link, format:weblink},BMS Link,newtab=>), BMS Detailed View]", "f_class_color": "#6ebed6", "spans": 1.0, "span_arrangement": "27.1", "completion_year": "2014", "bridge_no": "223000900525" }, "geometry": { "type": "Point", "coordinates": [ 90.090276083332995, 22.500028583332998 ] } },
{ "type": "Feature", "properties": { "bridge_id": "109132", "SL": 7928, "image_pop": "8088/bms/assets/uploads/images/prudential_images/bridges/bridge_9132/1714220670.jpg", "bridge_name": "Kathalia PC Girder Bridge", "bridge_type": "PC Girder Bridge", "road_no": "Z8708", "zone": "Barishal", "circle": "Barishal", "division": "Jhalokati", "sub-division": "Jhalokati", "sae": "SO-Jhalokati-2", "bridge_length_(m)": 85.6, "bridge_width_(m)": 10.2, "chainage_(km)": "23+228", "xcoord": 90.121491694444003, "ycoord": 22.401070888888999, "map_link": "https://maps.google.com/?q=22.40107088888900000,90.12149169444400000&z=8&t=k", "bms_detail": "http://bms.rhd.gov.bd:8088/bms/bridges/detail_view/109132", "bms_inventory": "http://bms.rhd.gov.bd:8088/bms/bridges/inventory_view/109132", "keys": "[bridge_name, Bridge Name], [bridge_type,Type], [chainage_(km), Chainage (km)], [road_no, On Road], [division, Division], [subdivision, Subdivision], [bridge_length_(m), Length (m)], [bridge_width_(m), Width (m)],[map_link(=>{type:link, format:weblink}, Google Map,newtab=>),Google Map View],[bms_inventory(=>{type:link, format:weblink}, BMS Link,newtab=>), BMS Inventory],[bms_detail(=>{type:link, format:weblink},BMS Link,newtab=>), BMS Detailed View]", "f_class_color": "#6ebed6", "spans": 4.0, "span_arrangement": "22.3+33.9+22.4+7", "completion_year": "2022", "bridge_no": "222404900717" }, "geometry": { "type": "Point", "coordinates": [ 90.121491694444003, 22.401070888888999 ] } },
{ "type": "Feature", "properties": { "bridge_id": "107673", "SL": 7933, "image_pop": "8088/bms/assets/uploads/images/prudential_images/bridges/bridge_7673/1709881558.jpg", "bridge_name": "Kathaltoli PC Girder Bridge", "bridge_type": "PC Girder Bridge", "road_no": "Z8810", "zone": "Barishal", "circle": "Patuakhali", "division": "Barguna", "sub-division": "Barguna", "sae": "SO-Barguna-1", "bridge_length_(m)": 50.0, "bridge_width_(m)": 10.3, "chainage_(km)": "12+935", "xcoord": 90.2770735, "ycoord": 22.459854083332999, "map_link": "https://maps.google.com/?q=22.45985408333300000,90.27707350000000000&z=8&t=k", "bms_detail": "http://bms.rhd.gov.bd:8088/bms/bridges/detail_view/107673", "bms_inventory": "http://bms.rhd.gov.bd:8088/bms/bridges/inventory_view/107673", "keys": "[bridge_name, Bridge Name], [bridge_type,Type], [chainage_(km), Chainage (km)], [road_no, On Road], [division, Division], [subdivision, Subdivision], [bridge_length_(m), Length (m)], [bridge_width_(m), Width (m)],[map_link(=>{type:link, format:weblink}, Google Map,newtab=>),Google Map View],[bms_inventory(=>{type:link, format:weblink}, BMS Link,newtab=>), BMS Inventory],[bms_detail(=>{type:link, format:weblink},BMS Link,newtab=>), BMS Detailed View]", "f_class_color": "#6ebed6", "spans": 1.0, "span_arrangement": "50", "completion_year": "2015", "bridge_no": "222735901637" }, "geometry": { "type": "Point", "coordinates": [ 90.2770735, 22.459854083332999 ] } },
{ "type": "Feature", "properties": { "bridge_id": "107536", "SL": 7959, "image_pop": "8088/bms/assets/uploads/images/prudential_images/bridges/bridge_7536/1709527284.jpg", "bridge_name": "Kaunia PC Girder Bridge", "bridge_type": "PC Girder Bridge", "road_no": "Z8803", "zone": "Barishal", "circle": "Patuakhali", "division": "Barguna", "sub-division": "Barguna", "sae": "SO-Barguna-1", "bridge_length_(m)": 87.0, "bridge_width_(m)": 6.6, "chainage_(km)": "8+355", "xcoord": 90.137490388889006, "ycoord": 22.318972777778001, "map_link": "https://maps.google.com/?q=22.31897277777800000,90.13749038888900000&z=8&t=k", "bms_detail": "http://bms.rhd.gov.bd:8088/bms/bridges/detail_view/107536", "bms_inventory": "http://bms.rhd.gov.bd:8088/bms/bridges/inventory_view/107536", "keys": "[bridge_name, Bridge Name], [bridge_type,Type], [chainage_(km), Chainage (km)], [road_no, On Road], [division, Division], [subdivision, Subdivision], [bridge_length_(m), Length (m)], [bridge_width_(m), Width (m)],[map_link(=>{type:link, format:weblink}, Google Map,newtab=>),Google Map View],[bms_inventory(=>{type:link, format:weblink}, BMS Link,newtab=>), BMS Inventory],[bms_detail(=>{type:link, format:weblink},BMS Link,newtab=>), BMS Detailed View]", "f_class_color": "#6ebed6", "spans": 3.0, "span_arrangement": "29+29+29", "completion_year": "2004", "bridge_no": "221908900815" }, "geometry": { "type": "Point", "coordinates": [ 90.137490388889006, 22.318972777778001 ] } },
{ "type": "Feature", "properties": { "bridge_id": "105309", "SL": 7961, "image_pop": "8088/bms/assets/img/no_picture.png", "bridge_name": "Kauria bridge", "bridge_type": "PC Girder Bridge", "road_no": "Z8034", "zone": "Barishal", "circle": "Barishal", "division": "Barishal", "sub-division": "Barishal-2", "sae": "SO-Barishal Sub Division-2-1", "bridge_length_(m)": 30.9, "bridge_width_(m)": 10.5, "chainage_(km)": "31+720", "xcoord": 90.4805556, "ycoord": 22.9147222, "map_link": "https://maps.google.com/?q=22.91472220000000000,90.48055560000000000&z=8&t=k", "bms_detail": "http://bms.rhd.gov.bd:8088/bms/bridges/detail_view/105309", "bms_inventory": "http://bms.rhd.gov.bd:8088/bms/bridges/inventory_view/105309", "keys": "[bridge_name, Bridge Name], [bridge_type,Type], [chainage_(km), Chainage (km)], [road_no, On Road], [division, Division], [subdivision, Subdivision], [bridge_length_(m), Length (m)], [bridge_width_(m), Width (m)],[map_link(=>{type:link, format:weblink}, Google Map,newtab=>),Google Map View],[bms_inventory(=>{type:link, format:weblink}, BMS Link,newtab=>), BMS Inventory],[bms_detail(=>{type:link, format:weblink},BMS Link,newtab=>), BMS Detailed View]", "f_class_color": "#6ebed6", "spans": 1.0, "span_arrangement": "30.9", "completion_year": "2021", "bridge_no": "229147904806" }, "geometry": { "type": "Point", "coordinates": [ 90.4805556, 22.9147222 ] } },
{ "type": "Feature", "properties": { "bridge_id": "105370", "SL": 8131, "image_pop": "8088/bms/assets/img/no_picture.png", "bridge_name": "Khandakar Bari Bailey Bridge", "bridge_type": "Portable Steel Bridge", "road_no": "Z7710", "zone": "Barishal", "circle": "Barishal", "division": "Barishal", "sub-division": "Barishal -1", "sae": "SO-Barishal Sub Division-1-2", "bridge_length_(m)": 15.3, "bridge_width_(m)": 4.3, "chainage_(km)": "7+520", "xcoord": 90.1111111, "ycoord": 22.8044444, "map_link": "https://maps.google.com/?q=22.80444440000000000,90.11111110000000000&z=8&t=k", "bms_detail": "http://bms.rhd.gov.bd:8088/bms/bridges/detail_view/105370", "bms_inventory": "http://bms.rhd.gov.bd:8088/bms/bridges/inventory_view/105370", "keys": "[bridge_name, Bridge Name], [bridge_type,Type], [chainage_(km), Chainage (km)], [road_no, On Road], [division, Division], [subdivision, Subdivision], [bridge_length_(m), Length (m)], [bridge_width_(m), Width (m)],[map_link(=>{type:link, format:weblink}, Google Map,newtab=>),Google Map View],[bms_inventory(=>{type:link, format:weblink}, BMS Link,newtab=>), BMS Inventory],[bms_detail(=>{type:link, format:weblink},BMS Link,newtab=>), BMS Detailed View]", "f_class_color": "#29ffa4", "spans": 1.0, "span_arrangement": "15.3", "completion_year": "1998", "bridge_no": "228041901115" }, "geometry": { "type": "Point", "coordinates": [ 90.1111111, 22.8044444 ] } },
{ "type": "Feature", "properties": { "bridge_id": "105282", "SL": 8164, "image_pop": "8088/bms/assets/img/no_picture.png", "bridge_name": "Khasherhat PC Girder Bridge", "bridge_type": "PC Girder Bridge", "road_no": "Z8034", "zone": "Barishal", "circle": "Barishal", "division": "Barishal", "sub-division": "Barishal-2", "sae": "SO-Barishal Sub Division-2-1", "bridge_length_(m)": 30.8, "bridge_width_(m)": 10.2, "chainage_(km)": "16+850", "xcoord": 90.385277777778001, "ycoord": 22.872222222222, "map_link": "https://maps.google.com/?q=22.87222222222200000,90.38527777777800000&z=8&t=k", "bms_detail": "http://bms.rhd.gov.bd:8088/bms/bridges/detail_view/105282", "bms_inventory": "http://bms.rhd.gov.bd:8088/bms/bridges/inventory_view/105282", "keys": "[bridge_name, Bridge Name], [bridge_type,Type], [chainage_(km), Chainage (km)], [road_no, On Road], [division, Division], [subdivision, Subdivision], [bridge_length_(m), Length (m)], [bridge_width_(m), Width (m)],[map_link(=>{type:link, format:weblink}, Google Map,newtab=>),Google Map View],[bms_inventory(=>{type:link, format:weblink}, BMS Link,newtab=>), BMS Inventory],[bms_detail(=>{type:link, format:weblink},BMS Link,newtab=>), BMS Detailed View]", "f_class_color": "#6ebed6", "spans": 1.0, "span_arrangement": "30.8", "completion_year": "2021", "bridge_no": "228739903859" }, "geometry": { "type": "Point", "coordinates": [ 90.385277777778001, 22.872222222222 ] } },
{ "type": "Feature", "properties": { "bridge_id": "109925", "SL": 8200, "image_pop": "8088/bms/assets/uploads/images/prudential_images/bridges/bridge_9925/1717049472.jpg", "bridge_name": "Khejurbaria Bailey Bridge", "bridge_type": "Portable Steel Bridge", "road_no": "Z8814", "zone": "Barishal", "circle": "Barishal", "division": "Pirojpur", "sub-division": "Kawkhali", "sae": "SO-Kawkhali-3", "bridge_length_(m)": 23.0, "bridge_width_(m)": 3.42, "chainage_(km)": "29+737", "xcoord": 89.890753583332994, "ycoord": 22.310252194444001, "map_link": "https://maps.google.com/?q=22.31025219444400000,89.89075358333300000&z=8&t=k", "bms_detail": "http://bms.rhd.gov.bd:8088/bms/bridges/detail_view/109925", "bms_inventory": "http://bms.rhd.gov.bd:8088/bms/bridges/inventory_view/109925", "keys": "[bridge_name, Bridge Name], [bridge_type,Type], [chainage_(km), Chainage (km)], [road_no, On Road], [division, Division], [subdivision, Subdivision], [bridge_length_(m), Length (m)], [bridge_width_(m), Width (m)],[map_link(=>{type:link, format:weblink}, Google Map,newtab=>),Google Map View],[bms_inventory(=>{type:link, format:weblink}, BMS Link,newtab=>), BMS Inventory],[bms_detail(=>{type:link, format:weblink},BMS Link,newtab=>), BMS Detailed View]", "f_class_color": "#29ffa4", "spans": 1.0, "span_arrangement": "23", "completion_year": "2020", "bridge_no": "221837895327" }, "geometry": { "type": "Point", "coordinates": [ 89.890753583332994, 22.310252194444001 ] } },
{ "type": "Feature", "properties": { "bridge_id": "106254", "SL": 8226, "image_pop": "8088/bms/assets/uploads/images/prudential_images/bridges/bridge_6254/1703928916.jpeg", "bridge_name": "Kheyaghat Bridge", "bridge_type": "PC Girder Bridge", "road_no": "Z8911", "zone": "Barishal", "circle": "Barishal", "division": "Bhola", "sub-division": "Bhola", "sae": "SO-Bhola-1", "bridge_length_(m)": 186.7, "bridge_width_(m)": 9.5, "chainage_(km)": "6+500", "xcoord": 90.60407, "ycoord": 22.674699, "map_link": "https://maps.google.com/?q=22.67469900000000000,90.60407000000000000&z=8&t=k", "bms_detail": "http://bms.rhd.gov.bd:8088/bms/bridges/detail_view/106254", "bms_inventory": "http://bms.rhd.gov.bd:8088/bms/bridges/inventory_view/106254", "keys": "[bridge_name, Bridge Name], [bridge_type,Type], [chainage_(km), Chainage (km)], [road_no, On Road], [division, Division], [subdivision, Subdivision], [bridge_length_(m), Length (m)], [bridge_width_(m), Width (m)],[map_link(=>{type:link, format:weblink}, Google Map,newtab=>),Google Map View],[bms_inventory(=>{type:link, format:weblink}, BMS Link,newtab=>), BMS Inventory],[bms_detail(=>{type:link, format:weblink},BMS Link,newtab=>), BMS Detailed View]", "f_class_color": "#6ebed6", "spans": 5.0, "span_arrangement": "37.5+35.3+39.7+36.6+37.6", "completion_year": "2003", "bridge_no": "224029903615" }, "geometry": { "type": "Point", "coordinates": [ 90.60407, 22.674699 ] } },
{ "type": "Feature", "properties": { "bridge_id": "107319", "SL": 8326, "image_pop": "8088/bms/assets/uploads/images/prudential_images/bridges/bridge_7319/1708766301.jpg", "bridge_name": "Khoyrabad PC Girder Bridge", "bridge_type": "PC Girder Bridge", "road_no": "N8", "zone": "Barishal", "circle": "Barishal", "division": "Jhalokati", "sub-division": "Jhalokati", "sae": "SO-Jhalokati-1", "bridge_length_(m)": 275.0, "bridge_width_(m)": 9.9, "chainage_(km)": "169+568", "xcoord": 90.361889, "ycoord": 22.653704583332999, "map_link": "https://maps.google.com/?q=22.65370458333300000,90.36188900000000000&z=8&t=k", "bms_detail": "http://bms.rhd.gov.bd:8088/bms/bridges/detail_view/107319", "bms_inventory": "http://bms.rhd.gov.bd:8088/bms/bridges/inventory_view/107319", "keys": "[bridge_name, Bridge Name], [bridge_type,Type], [chainage_(km), Chainage (km)], [road_no, On Road], [division, Division], [subdivision, Subdivision], [bridge_length_(m), Length (m)], [bridge_width_(m), Width (m)],[map_link(=>{type:link, format:weblink}, Google Map,newtab=>),Google Map View],[bms_inventory(=>{type:link, format:weblink}, BMS Link,newtab=>), BMS Inventory],[bms_detail(=>{type:link, format:weblink},BMS Link,newtab=>), BMS Detailed View]", "f_class_color": "#6ebed6", "spans": 9.0, "span_arrangement": "30.5+30.2+29.7+31+31.2+30.7+29.6+30.2+30.7", "completion_year": "2012", "bridge_no": "223913902143" }, "geometry": { "type": "Point", "coordinates": [ 90.361889, 22.653704583332999 ] } },
{ "type": "Feature", "properties": { "bridge_id": "105310", "SL": 8346, "image_pop": "8088/bms/assets/img/no_picture.png", "bridge_name": "Khunna Bazar Bridge", "bridge_type": "PC Girder Bridge", "road_no": "Z8034", "zone": "Barishal", "circle": "Barishal", "division": "Barishal", "sub-division": "Barishal -1", "sae": "SO-Barishal Sub Division-1-2", "bridge_length_(m)": 5.0, "bridge_width_(m)": 10.2, "chainage_(km)": "33+900", "xcoord": 90.5011111, "ycoord": 22.9113889, "map_link": "https://maps.google.com/?q=22.91138890000000000,90.50111110000000000&z=8&t=k", "bms_detail": "http://bms.rhd.gov.bd:8088/bms/bridges/detail_view/105310", "bms_inventory": "http://bms.rhd.gov.bd:8088/bms/bridges/inventory_view/105310", "keys": "[bridge_name, Bridge Name], [bridge_type,Type], [chainage_(km), Chainage (km)], [road_no, On Road], [division, Division], [subdivision, Subdivision], [bridge_length_(m), Length (m)], [bridge_width_(m), Width (m)],[map_link(=>{type:link, format:weblink}, Google Map,newtab=>),Google Map View],[bms_inventory(=>{type:link, format:weblink}, BMS Link,newtab=>), BMS Inventory],[bms_detail(=>{type:link, format:weblink},BMS Link,newtab=>), BMS Detailed View]", "f_class_color": "#6ebed6", "spans": 1.0, "span_arrangement": "1", "completion_year": "2019", "bridge_no": "224949905011" }, "geometry": { "type": "Point", "coordinates": [ 90.5011111, 22.9113889 ] } },
{ "type": "Feature", "properties": { "bridge_id": "109436", "SL": 8365, "image_pop": "8088/bms/assets/uploads/images/prudential_images/bridges/bridge_9436/1715404212.jpg", "bridge_name": "Kifto Nagor Box Girder Bridge", "bridge_type": "PC Box Girder Bridge", "road_no": "R870", "zone": "Barishal", "circle": "Barishal", "division": "Jhalokati", "sub-division": "Jhalokati", "sae": "SO-Jhalokati-2", "bridge_length_(m)": 12.8, "bridge_width_(m)": 9.7, "chainage_(km)": "19+749", "xcoord": 90.183689388888993, "ycoord": 22.643675, "map_link": "https://maps.google.com/?q=22.64367500000000000,90.18368938888900000&z=8&t=k", "bms_detail": "http://bms.rhd.gov.bd:8088/bms/bridges/detail_view/109436", "bms_inventory": "http://bms.rhd.gov.bd:8088/bms/bridges/inventory_view/109436", "keys": "[bridge_name, Bridge Name], [bridge_type,Type], [chainage_(km), Chainage (km)], [road_no, On Road], [division, Division], [subdivision, Subdivision], [bridge_length_(m), Length (m)], [bridge_width_(m), Width (m)],[map_link(=>{type:link, format:weblink}, Google Map,newtab=>),Google Map View],[bms_inventory(=>{type:link, format:weblink}, BMS Link,newtab=>), BMS Inventory],[bms_detail(=>{type:link, format:weblink},BMS Link,newtab=>), BMS Detailed View]", "f_class_color": "#ffbb00", "spans": 1.0, "span_arrangement": "12.8", "completion_year": "2003", "bridge_no": "223837901101" }, "geometry": { "type": "Point", "coordinates": [ 90.183689388888993, 22.643675 ] } },
{ "type": "Feature", "properties": { "bridge_id": "108213", "SL": 8378, "image_pop": "8088/bms/assets/uploads/images/prudential_images/bridges/bridge_8213/1711169697.jpg", "bridge_name": "Kirtipasha PC Girder Bridge", "bridge_type": "PC Girder Bridge", "road_no": "Z8716", "zone": "Barishal", "circle": "Barishal", "division": "Jhalokati", "sub-division": "Jhalokati", "sae": "SO-Jhalokati-1", "bridge_length_(m)": 43.3, "bridge_width_(m)": 10.3, "chainage_(km)": "4+212", "xcoord": 90.167592777777998, "ycoord": 22.679762694444001, "map_link": "https://maps.google.com/?q=22.67976269444400000,90.16759277777800000&z=8&t=k", "bms_detail": "http://bms.rhd.gov.bd:8088/bms/bridges/detail_view/108213", "bms_inventory": "http://bms.rhd.gov.bd:8088/bms/bridges/inventory_view/108213", "keys": "[bridge_name, Bridge Name], [bridge_type,Type], [chainage_(km), Chainage (km)], [road_no, On Road], [division, Division], [subdivision, Subdivision], [bridge_length_(m), Length (m)], [bridge_width_(m), Width (m)],[map_link(=>{type:link, format:weblink}, Google Map,newtab=>),Google Map View],[bms_inventory(=>{type:link, format:weblink}, BMS Link,newtab=>), BMS Inventory],[bms_detail(=>{type:link, format:weblink},BMS Link,newtab=>), BMS Detailed View]", "f_class_color": "#6ebed6", "spans": 1.0, "span_arrangement": "43.3", "completion_year": "2020", "bridge_no": "224047901003" }, "geometry": { "type": "Point", "coordinates": [ 90.167592777777998, 22.679762694444001 ] } },
{ "type": "Feature", "properties": { "bridge_id": "109242", "SL": 8424, "image_pop": "8088/bms/assets/uploads/images/prudential_images/bridges/bridge_9242/1714813683.jpg", "bridge_name": "Kochua Bailey Bridge", "bridge_type": "Portable Steel Bridge", "road_no": "Z8052", "zone": "Barishal", "circle": "Barishal", "division": "Jhalokati", "sub-division": "Jhalokati", "sae": "SO-Jhalokati-2", "bridge_length_(m)": 75.0, "bridge_width_(m)": 3.5, "chainage_(km)": "2+960", "xcoord": 90.1355655, "ycoord": 22.428334583333001, "map_link": "https://maps.google.com/?q=22.42833458333300000,90.13556550000000000&z=8&t=k", "bms_detail": "http://bms.rhd.gov.bd:8088/bms/bridges/detail_view/109242", "bms_inventory": "http://bms.rhd.gov.bd:8088/bms/bridges/inventory_view/109242", "keys": "[bridge_name, Bridge Name], [bridge_type,Type], [chainage_(km), Chainage (km)], [road_no, On Road], [division, Division], [subdivision, Subdivision], [bridge_length_(m), Length (m)], [bridge_width_(m), Width (m)],[map_link(=>{type:link, format:weblink}, Google Map,newtab=>),Google Map View],[bms_inventory(=>{type:link, format:weblink}, BMS Link,newtab=>), BMS Inventory],[bms_detail(=>{type:link, format:weblink},BMS Link,newtab=>), BMS Detailed View]", "f_class_color": "#29ffa4", "spans": 3.0, "span_arrangement": "25+25+25", "completion_year": "1999", "bridge_no": "222542900808" }, "geometry": { "type": "Point", "coordinates": [ 90.1355655, 22.428334583333001 ] } },
{ "type": "Feature", "properties": { "bridge_id": "109087", "SL": 8428, "image_pop": "8088/bms/assets/uploads/images/prudential_images/bridges/bridge_9087/1714043213.jpg", "bridge_name": "Kochua PC Girder Bridge", "bridge_type": "PC Girder Bridge", "road_no": "Z8708", "zone": "Barishal", "circle": "Barishal", "division": "Jhalokati", "sub-division": "Jhalokati", "sae": "SO-Jhalokati-2", "bridge_length_(m)": 70.7, "bridge_width_(m)": 10.0, "chainage_(km)": "18+839", "xcoord": 90.141877083333, "ycoord": 22.426155583332999, "map_link": "https://maps.google.com/?q=22.42615558333300000,90.14187708333300000&z=8&t=k", "bms_detail": "http://bms.rhd.gov.bd:8088/bms/bridges/detail_view/109087", "bms_inventory": "http://bms.rhd.gov.bd:8088/bms/bridges/inventory_view/109087", "keys": "[bridge_name, Bridge Name], [bridge_type,Type], [chainage_(km), Chainage (km)], [road_no, On Road], [division, Division], [subdivision, Subdivision], [bridge_length_(m), Length (m)], [bridge_width_(m), Width (m)],[map_link(=>{type:link, format:weblink}, Google Map,newtab=>),Google Map View],[bms_inventory(=>{type:link, format:weblink}, BMS Link,newtab=>), BMS Inventory],[bms_detail(=>{type:link, format:weblink},BMS Link,newtab=>), BMS Detailed View]", "f_class_color": "#6ebed6", "spans": 4.0, "span_arrangement": "16.7+31.2+15.9+6.9", "completion_year": "2022", "bridge_no": "222534900831" }, "geometry": { "type": "Point", "coordinates": [ 90.141877083333, 22.426155583332999 ] } },
{ "type": "Feature", "properties": { "bridge_id": "109370", "SL": 8474, "image_pop": "8088/bms/assets/uploads/images/prudential_images/bridges/bridge_9370/1715152980.jpg", "bridge_name": "Kodomtola PC Girder Bridge", "bridge_type": "PC Girder Bridge", "road_no": "Z7704", "zone": "Barishal", "circle": "Barishal", "division": "Pirojpur", "sub-division": "Pirojpur", "sae": "SO-Pirojpur-1", "bridge_length_(m)": 25.0, "bridge_width_(m)": 10.4, "chainage_(km)": "4+789", "xcoord": 89.957636888888999, "ycoord": 22.619604583333, "map_link": "https://maps.google.com/?q=22.61960458333300000,89.95763688888900000&z=8&t=k", "bms_detail": "http://bms.rhd.gov.bd:8088/bms/bridges/detail_view/109370", "bms_inventory": "http://bms.rhd.gov.bd:8088/bms/bridges/inventory_view/109370", "keys": "[bridge_name, Bridge Name], [bridge_type,Type], [chainage_(km), Chainage (km)], [road_no, On Road], [division, Division], [subdivision, Subdivision], [bridge_length_(m), Length (m)], [bridge_width_(m), Width (m)],[map_link(=>{type:link, format:weblink}, Google Map,newtab=>),Google Map View],[bms_inventory(=>{type:link, format:weblink}, BMS Link,newtab=>), BMS Inventory],[bms_detail(=>{type:link, format:weblink},BMS Link,newtab=>), BMS Detailed View]", "f_class_color": "#6ebed6", "spans": 1.0, "span_arrangement": "25", "completion_year": "2013", "bridge_no": "223710895727" }, "geometry": { "type": "Point", "coordinates": [ 89.957636888888999, 22.619604583333 ] } },
{ "type": "Feature", "properties": { "bridge_id": "109525", "SL": 8488, "image_pop": "8088/bms/assets/uploads/images/prudential_images/bridges/bridge_9525/1715593171.jpg", "bridge_name": "Koikhali Baily Bridge", "bridge_type": "Portable Steel Bridge", "road_no": "Z8705", "zone": "Barishal", "circle": "Barishal", "division": "Jhalokati", "sub-division": "Jhalokati", "sae": "SO-Jhalokati-2", "bridge_length_(m)": 24.4, "bridge_width_(m)": 3.28, "chainage_(km)": "9+138", "xcoord": 90.115629694443996, "ycoord": 22.426178194443999, "map_link": "https://maps.google.com/?q=22.42617819444400000,90.11562969444400000&z=8&t=k", "bms_detail": "http://bms.rhd.gov.bd:8088/bms/bridges/detail_view/109525", "bms_inventory": "http://bms.rhd.gov.bd:8088/bms/bridges/inventory_view/109525", "keys": "[bridge_name, Bridge Name], [bridge_type,Type], [chainage_(km), Chainage (km)], [road_no, On Road], [division, Division], [subdivision, Subdivision], [bridge_length_(m), Length (m)], [bridge_width_(m), Width (m)],[map_link(=>{type:link, format:weblink}, Google Map,newtab=>),Google Map View],[bms_inventory(=>{type:link, format:weblink}, BMS Link,newtab=>), BMS Inventory],[bms_detail(=>{type:link, format:weblink},BMS Link,newtab=>), BMS Detailed View]", "f_class_color": "#29ffa4", "spans": 1.0, "span_arrangement": "24.4", "completion_year": "2001", "bridge_no": "222534900756" }, "geometry": { "type": "Point", "coordinates": [ 90.115629694443996, 22.426178194443999 ] } },
{ "type": "Feature", "properties": { "bridge_id": "109480", "SL": 8489, "image_pop": "8088/bms/assets/uploads/images/prudential_images/bridges/bridge_9480/1715489009.jpg", "bridge_name": "Koikhali Bazar RCC Girder Bridge", "bridge_type": "RC Girder Bridge", "road_no": "Z8740", "zone": "Barishal", "circle": "Barishal", "division": "Jhalokati", "sub-division": "Jhalokati", "sae": "SO-Jhalokati-2", "bridge_length_(m)": 14.5, "bridge_width_(m)": 6.7, "chainage_(km)": "5+731", "xcoord": 90.068914694444004, "ycoord": 22.427199388889001, "map_link": "https://maps.google.com/?q=22.42719938888900000,90.06891469444400000&z=8&t=k", "bms_detail": "http://bms.rhd.gov.bd:8088/bms/bridges/detail_view/109480", "bms_inventory": "http://bms.rhd.gov.bd:8088/bms/bridges/inventory_view/109480", "keys": "[bridge_name, Bridge Name], [bridge_type,Type], [chainage_(km), Chainage (km)], [road_no, On Road], [division, Division], [subdivision, Subdivision], [bridge_length_(m), Length (m)], [bridge_width_(m), Width (m)],[map_link(=>{type:link, format:weblink}, Google Map,newtab=>),Google Map View],[bms_inventory(=>{type:link, format:weblink}, BMS Link,newtab=>), BMS Inventory],[bms_detail(=>{type:link, format:weblink},BMS Link,newtab=>), BMS Detailed View]", "f_class_color": "#e8f674", "spans": 1.0, "span_arrangement": "14.5", "completion_year": "2003", "bridge_no": "222538900508" }, "geometry": { "type": "Point", "coordinates": [ 90.068914694444004, 22.427199388889001 ] } },
{ "type": "Feature", "properties": { "bridge_id": "110076", "SL": 8506, "image_pop": "8088/bms/assets/uploads/images/prudential_images/bridges/bridge_10076/1717411174.jpg", "bridge_name": "Kokrakathi RCC Girder Bridge", "bridge_type": "RC Girder Bridge", "road_no": "Z7710", "zone": "Barishal", "circle": "Barishal", "division": "Pirojpur", "sub-division": "Pirojpur", "sae": "SO-Pirojpur-1", "bridge_length_(m)": 27.0, "bridge_width_(m)": 6.8, "chainage_(km)": "26+450", "xcoord": 90.0187205, "ycoord": 22.801425388889001, "map_link": "https://maps.google.com/?q=22.80142538888900000,90.01872050000000000&z=8&t=k", "bms_detail": "http://bms.rhd.gov.bd:8088/bms/bridges/detail_view/110076", "bms_inventory": "http://bms.rhd.gov.bd:8088/bms/bridges/inventory_view/110076", "keys": "[bridge_name, Bridge Name], [bridge_type,Type], [chainage_(km), Chainage (km)], [road_no, On Road], [division, Division], [subdivision, Subdivision], [bridge_length_(m), Length (m)], [bridge_width_(m), Width (m)],[map_link(=>{type:link, format:weblink}, Google Map,newtab=>),Google Map View],[bms_inventory(=>{type:link, format:weblink}, BMS Link,newtab=>), BMS Inventory],[bms_detail(=>{type:link, format:weblink},BMS Link,newtab=>), BMS Detailed View]", "f_class_color": "#e8f674", "spans": 3.0, "span_arrangement": "9+9+9", "completion_year": "2002", "bridge_no": "224805900107" }, "geometry": { "type": "Point", "coordinates": [ 90.0187205, 22.801425388889001 ] } },
{ "type": "Feature", "properties": { "bridge_id": "110075", "SL": 8542, "image_pop": "8088/bms/assets/uploads/images/prudential_images/bridges/bridge_10075/1717410743.jpg", "bridge_name": "Kolakhali PC Girder Bridge", "bridge_type": "PC Girder Bridge", "road_no": "Z7707", "zone": "Barishal", "circle": "Barishal", "division": "Pirojpur", "sub-division": "Pirojpur", "sae": "SO-Pirojpur-2", "bridge_length_(m)": 31.5, "bridge_width_(m)": 10.3, "chainage_(km)": "8+874", "xcoord": 90.010893083333002, "ycoord": 22.669011083333, "map_link": "https://maps.google.com/?q=22.66901108333300000,90.01089308333300000&z=8&t=k", "bms_detail": "http://bms.rhd.gov.bd:8088/bms/bridges/detail_view/110075", "bms_inventory": "http://bms.rhd.gov.bd:8088/bms/bridges/inventory_view/110075", "keys": "[bridge_name, Bridge Name], [bridge_type,Type], [chainage_(km), Chainage (km)], [road_no, On Road], [division, Division], [subdivision, Subdivision], [bridge_length_(m), Length (m)], [bridge_width_(m), Width (m)],[map_link(=>{type:link, format:weblink}, Google Map,newtab=>),Google Map View],[bms_inventory(=>{type:link, format:weblink}, BMS Link,newtab=>), BMS Inventory],[bms_detail(=>{type:link, format:weblink},BMS Link,newtab=>), BMS Detailed View]", "f_class_color": "#6ebed6", "spans": 1.0, "span_arrangement": "31.5", "completion_year": "2010", "bridge_no": "224008900039" }, "geometry": { "type": "Point", "coordinates": [ 90.010893083333002, 22.669011083333 ] } },
{ "type": "Feature", "properties": { "bridge_id": "106936", "SL": 8543, "image_pop": "8088/bms/assets/uploads/images/prudential_images/bridges/bridge_6936/1706697316.jpg", "bridge_name": "Kolakopa Bridge", "bridge_type": "RC Girder Bridge", "road_no": "Z8917", "zone": "Barishal", "circle": "Barishal", "division": "Bhola", "sub-division": "Bhola", "sae": "SO-Bhola-1", "bridge_length_(m)": 13.3, "bridge_width_(m)": 4.6, "chainage_(km)": "14+480", "xcoord": 90.7321955, "ycoord": 22.5894945, "map_link": "https://maps.google.com/?q=22.58949450000000000,90.73219550000000000&z=8&t=k", "bms_detail": "http://bms.rhd.gov.bd:8088/bms/bridges/detail_view/106936", "bms_inventory": "http://bms.rhd.gov.bd:8088/bms/bridges/inventory_view/106936", "keys": "[bridge_name, Bridge Name], [bridge_type,Type], [chainage_(km), Chainage (km)], [road_no, On Road], [division, Division], [subdivision, Subdivision], [bridge_length_(m), Length (m)], [bridge_width_(m), Width (m)],[map_link(=>{type:link, format:weblink}, Google Map,newtab=>),Google Map View],[bms_inventory(=>{type:link, format:weblink}, BMS Link,newtab=>), BMS Inventory],[bms_detail(=>{type:link, format:weblink},BMS Link,newtab=>), BMS Detailed View]", "f_class_color": "#e8f674", "spans": 1.0, "span_arrangement": "13.3", "completion_year": "2008", "bridge_no": "223522904356" }, "geometry": { "type": "Point", "coordinates": [ 90.7321955, 22.5894945 ] } },
{ "type": "Feature", "properties": { "bridge_id": "110077", "SL": 8562, "image_pop": "8088/bms/assets/uploads/images/prudential_images/bridges/bridge_10077/1717412421.jpg", "bridge_name": "Kolarduniya RCC Girder Bridge", "bridge_type": "RC Girder Bridge", "road_no": "Z7710", "zone": "Barishal", "circle": "Barishal", "division": "Pirojpur", "sub-division": "Pirojpur", "sae": "SO-Pirojpur-1", "bridge_length_(m)": 10.0, "bridge_width_(m)": 4.3, "chainage_(km)": "27+239", "xcoord": 90.011449, "ycoord": 22.800159083333, "map_link": "https://maps.google.com/?q=22.80015908333300000,90.01144900000000000&z=8&t=k", "bms_detail": "http://bms.rhd.gov.bd:8088/bms/bridges/detail_view/110077", "bms_inventory": "http://bms.rhd.gov.bd:8088/bms/bridges/inventory_view/110077", "keys": "[bridge_name, Bridge Name], [bridge_type,Type], [chainage_(km), Chainage (km)], [road_no, On Road], [division, Division], [subdivision, Subdivision], [bridge_length_(m), Length (m)], [bridge_width_(m), Width (m)],[map_link(=>{type:link, format:weblink}, Google Map,newtab=>),Google Map View],[bms_inventory(=>{type:link, format:weblink}, BMS Link,newtab=>), BMS Inventory],[bms_detail(=>{type:link, format:weblink},BMS Link,newtab=>), BMS Detailed View]", "f_class_color": "#e8f674", "spans": 1.0, "span_arrangement": "10", "completion_year": "1990", "bridge_no": "224801900041" }, "geometry": { "type": "Point", "coordinates": [ 90.011449, 22.800159083333 ] } },
{ "type": "Feature", "properties": { "bridge_id": "105540", "SL": 8566, "image_pop": "8088/bms/assets/uploads/images/prudential_images/bridges/bridge_5540/1700550937.jpg", "bridge_name": "Kolatola Bridge", "bridge_type": "PC Girder Bridge", "road_no": "Z8044", "zone": "Barishal", "circle": "Barishal", "division": "Barishal", "sub-division": "Barishal-2", "sae": "SO-Barishal Sub Division-2-2", "bridge_length_(m)": 44.0, "bridge_width_(m)": 10.5, "chainage_(km)": "16+527", "xcoord": 90.4188028, "ycoord": 22.5560806, "map_link": "https://maps.google.com/?q=22.55608060000000000,90.41880280000000000&z=8&t=k", "bms_detail": "http://bms.rhd.gov.bd:8088/bms/bridges/detail_view/105540", "bms_inventory": "http://bms.rhd.gov.bd:8088/bms/bridges/inventory_view/105540", "keys": "[bridge_name, Bridge Name], [bridge_type,Type], [chainage_(km), Chainage (km)], [road_no, On Road], [division, Division], [subdivision, Subdivision], [bridge_length_(m), Length (m)], [bridge_width_(m), Width (m)],[map_link(=>{type:link, format:weblink}, Google Map,newtab=>),Google Map View],[bms_inventory(=>{type:link, format:weblink}, BMS Link,newtab=>), BMS Inventory],[bms_detail(=>{type:link, format:weblink},BMS Link,newtab=>), BMS Detailed View]", "f_class_color": "#6ebed6", "spans": 1.0, "span_arrangement": "44", "completion_year": "2022", "bridge_no": "223321902509" }, "geometry": { "type": "Point", "coordinates": [ 90.4188028, 22.5560806 ] } },
{ "type": "Feature", "properties": { "bridge_id": "110008", "SL": 8681, "image_pop": "8088/bms/assets/uploads/images/prudential_images/bridges/bridge_10008/1717307413.jpg", "bridge_name": "Korpa PC Girder Bridge", "bridge_type": "PC Girder Bridge", "road_no": "Z7707", "zone": "Barishal", "circle": "Barishal", "division": "Pirojpur", "sub-division": "Pirojpur", "sae": "SO-Pirojpur-2", "bridge_length_(m)": 31.0, "bridge_width_(m)": 10.3, "chainage_(km)": "24+051", "xcoord": 90.056181583333, "ycoord": 22.718918694444, "map_link": "https://maps.google.com/?q=22.71891869444400000,90.05618158333300000&z=8&t=k", "bms_detail": "http://bms.rhd.gov.bd:8088/bms/bridges/detail_view/110008", "bms_inventory": "http://bms.rhd.gov.bd:8088/bms/bridges/inventory_view/110008", "keys": "[bridge_name, Bridge Name], [bridge_type,Type], [chainage_(km), Chainage (km)], [road_no, On Road], [division, Division], [subdivision, Subdivision], [bridge_length_(m), Length (m)], [bridge_width_(m), Width (m)],[map_link(=>{type:link, format:weblink}, Google Map,newtab=>),Google Map View],[bms_inventory(=>{type:link, format:weblink}, BMS Link,newtab=>), BMS Inventory],[bms_detail(=>{type:link, format:weblink},BMS Link,newtab=>), BMS Detailed View]", "f_class_color": "#6ebed6", "spans": 1.0, "span_arrangement": "31", "completion_year": "2016", "bridge_no": "224308900322" }, "geometry": { "type": "Point", "coordinates": [ 90.056181583333, 22.718918694444 ] } },
{ "type": "Feature", "properties": { "bridge_id": "110010", "SL": 8682, "image_pop": "8088/bms/assets/uploads/images/prudential_images/bridges/bridge_10010/1717307973.jpg", "bridge_name": "Korpa RCC Girder Bridge", "bridge_type": "RC Girder Bridge", "road_no": "Z7707", "zone": "Barishal", "circle": "Barishal", "division": "Pirojpur", "sub-division": "Pirojpur", "sae": "SO-Pirojpur-2", "bridge_length_(m)": 11.8, "bridge_width_(m)": 4.8, "chainage_(km)": "24+972", "xcoord": 90.0612955, "ycoord": 22.724826777777999, "map_link": "https://maps.google.com/?q=22.72482677777800000,90.06129550000000000&z=8&t=k", "bms_detail": "http://bms.rhd.gov.bd:8088/bms/bridges/detail_view/110010", "bms_inventory": "http://bms.rhd.gov.bd:8088/bms/bridges/inventory_view/110010", "keys": "[bridge_name, Bridge Name], [bridge_type,Type], [chainage_(km), Chainage (km)], [road_no, On Road], [division, Division], [subdivision, Subdivision], [bridge_length_(m), Length (m)], [bridge_width_(m), Width (m)],[map_link(=>{type:link, format:weblink}, Google Map,newtab=>),Google Map View],[bms_inventory(=>{type:link, format:weblink}, BMS Link,newtab=>), BMS Inventory],[bms_detail(=>{type:link, format:weblink},BMS Link,newtab=>), BMS Detailed View]", "f_class_color": "#e8f674", "spans": 1.0, "span_arrangement": "11.8", "completion_year": "2008", "bridge_no": "224329900341" }, "geometry": { "type": "Point", "coordinates": [ 90.0612955, 22.724826777777999 ] } },
{ "type": "Feature", "properties": { "bridge_id": "110012", "SL": 8683, "image_pop": "8088/bms/assets/uploads/images/prudential_images/bridges/bridge_10012/1717308586.jpg", "bridge_name": "Korpa Steel Girder Bridge", "bridge_type": "Portable Steel Bridge", "road_no": "Z7707", "zone": "Barishal", "circle": "Barishal", "division": "Pirojpur", "sub-division": "Pirojpur", "sae": "SO-Pirojpur-2", "bridge_length_(m)": 15.3, "bridge_width_(m)": 3.4, "chainage_(km)": "25+081", "xcoord": 90.062193083333, "ycoord": 22.725384, "map_link": "https://maps.google.com/?q=22.72538400000000000,90.06219308333300000&z=8&t=k", "bms_detail": "http://bms.rhd.gov.bd:8088/bms/bridges/detail_view/110012", "bms_inventory": "http://bms.rhd.gov.bd:8088/bms/bridges/inventory_view/110012", "keys": "[bridge_name, Bridge Name], [bridge_type,Type], [chainage_(km), Chainage (km)], [road_no, On Road], [division, Division], [subdivision, Subdivision], [bridge_length_(m), Length (m)], [bridge_width_(m), Width (m)],[map_link(=>{type:link, format:weblink}, Google Map,newtab=>),Google Map View],[bms_inventory(=>{type:link, format:weblink}, BMS Link,newtab=>), BMS Inventory],[bms_detail(=>{type:link, format:weblink},BMS Link,newtab=>), BMS Detailed View]", "f_class_color": "#29ffa4", "spans": 1.0, "span_arrangement": "15.3", "completion_year": "2015", "bridge_no": "224331900344" }, "geometry": { "type": "Point", "coordinates": [ 90.062193083333, 22.725384 ] } },
{ "type": "Feature", "properties": { "bridge_id": "107271", "SL": 8692, "image_pop": "8088/bms/assets/uploads/images/prudential_images/bridges/bridge_7271/1720074572.JPG", "bridge_name": "Kosba RCC Bridge", "bridge_type": "RC Girder Bridge", "road_no": "N8", "zone": "Barishal", "circle": "Barishal", "division": "Barishal", "sub-division": "Barishal -1", "sae": "SO-Barishal Sub Division-1-1", "bridge_length_(m)": 26.9, "bridge_width_(m)": 8.99, "chainage_(km)": "123+860", "xcoord": 90.22209, "ycoord": 22.997282, "map_link": "https://maps.google.com/?q=22.99728200000000000,90.22209000000000000&z=8&t=k", "bms_detail": "http://bms.rhd.gov.bd:8088/bms/bridges/detail_view/107271", "bms_inventory": "http://bms.rhd.gov.bd:8088/bms/bridges/inventory_view/107271", "keys": "[bridge_name, Bridge Name], [bridge_type,Type], [chainage_(km), Chainage (km)], [road_no, On Road], [division, Division], [subdivision, Subdivision], [bridge_length_(m), Length (m)], [bridge_width_(m), Width (m)],[map_link(=>{type:link, format:weblink}, Google Map,newtab=>),Google Map View],[bms_inventory(=>{type:link, format:weblink}, BMS Link,newtab=>), BMS Inventory],[bms_detail(=>{type:link, format:weblink},BMS Link,newtab=>), BMS Detailed View]", "f_class_color": "#e8f674", "spans": 1.0, "span_arrangement": "26.9", "completion_year": "1950", "bridge_no": "229978902227" }, "geometry": { "type": "Point", "coordinates": [ 90.22209, 22.997282 ] } },
{ "type": "Feature", "properties": { "bridge_id": "106786", "SL": 8779, "image_pop": "8088/bms/assets/uploads/images/prudential_images/bridges/bridge_6786/1706438065.jpg", "bridge_name": "Kukua Baily Bridge", "bridge_type": "Portable Steel Bridge", "road_no": "Z8806", "zone": "Barishal", "circle": "Patuakhali", "division": "Patuakhali", "sub-division": "Kuakata", "sae": "SO-Kuakata-1", "bridge_length_(m)": 42.7, "bridge_width_(m)": 3.49, "chainage_(km)": "80+747", "xcoord": 90.324997888889001, "ycoord": 22.179040888888998, "map_link": "https://maps.google.com/?q=22.17904088888900000,90.32499788888900000&z=8&t=k", "bms_detail": "http://bms.rhd.gov.bd:8088/bms/bridges/detail_view/106786", "bms_inventory": "http://bms.rhd.gov.bd:8088/bms/bridges/inventory_view/106786", "keys": "[bridge_name, Bridge Name], [bridge_type,Type], [chainage_(km), Chainage (km)], [road_no, On Road], [division, Division], [subdivision, Subdivision], [bridge_length_(m), Length (m)], [bridge_width_(m), Width (m)],[map_link(=>{type:link, format:weblink}, Google Map,newtab=>),Google Map View],[bms_inventory(=>{type:link, format:weblink}, BMS Link,newtab=>), BMS Inventory],[bms_detail(=>{type:link, format:weblink},BMS Link,newtab=>), BMS Detailed View]", "f_class_color": "#29ffa4", "spans": 1.0, "span_arrangement": "42.7", "completion_year": "1994", "bridge_no": "221044901930" }, "geometry": { "type": "Point", "coordinates": [ 90.324997888889001, 22.179040888888998 ] } },
{ "type": "Feature", "properties": { "bridge_id": "106663", "SL": 8811, "image_pop": "8088/bms/assets/uploads/images/prudential_images/bridges/bridge_6663/1705998989.jpg", "bridge_name": "Kumarkhali RCC Girder Bridge", "bridge_type": "RC Girder Bridge", "road_no": "Z8910", "zone": "Barishal", "circle": "Patuakhali", "division": "Patuakhali", "sub-division": "Patuakhali", "sae": "SO-Patuakhali-2", "bridge_length_(m)": 36.0, "bridge_width_(m)": 5.2, "chainage_(km)": "26+940", "xcoord": 90.521137777777994, "ycoord": 22.519984, "map_link": "https://maps.google.com/?q=22.51998400000000000,90.52113777777800000&z=8&t=k", "bms_detail": "http://bms.rhd.gov.bd:8088/bms/bridges/detail_view/106663", "bms_inventory": "http://bms.rhd.gov.bd:8088/bms/bridges/inventory_view/106663", "keys": "[bridge_name, Bridge Name], [bridge_type,Type], [chainage_(km), Chainage (km)], [road_no, On Road], [division, Division], [subdivision, Subdivision], [bridge_length_(m), Length (m)], [bridge_width_(m), Width (m)],[map_link(=>{type:link, format:weblink}, Google Map,newtab=>),Google Map View],[bms_inventory(=>{type:link, format:weblink}, BMS Link,newtab=>), BMS Inventory],[bms_detail(=>{type:link, format:weblink},BMS Link,newtab=>), BMS Detailed View]", "f_class_color": "#e8f674", "spans": 3.0, "span_arrangement": "12+12+12", "completion_year": "2003", "bridge_no": "221840105808" }, "geometry": { "type": "Point", "coordinates": [ 90.521137777777994, 22.519984 ] } },
{ "type": "Feature", "properties": { "bridge_id": "109710", "SL": 8863, "image_pop": "8088/bms/assets/uploads/images/prudential_images/bridges/bridge_9710/1716108493.jpg", "bridge_name": "Kuniyari Bailey Bridge", "bridge_type": "Portable Steel Bridge", "road_no": "Z8033", "zone": "Barishal", "circle": "Barishal", "division": "Pirojpur", "sub-division": "Kawkhali", "sae": "SO-Kawkhali-1", "bridge_length_(m)": 31.4, "bridge_width_(m)": 3.4, "chainage_(km)": "22+662", "xcoord": 90.124789777778005, "ycoord": 22.765874, "map_link": "https://maps.google.com/?q=22.76587400000000000,90.12478977777800000&z=8&t=k", "bms_detail": "http://bms.rhd.gov.bd:8088/bms/bridges/detail_view/109710", "bms_inventory": "http://bms.rhd.gov.bd:8088/bms/bridges/inventory_view/109710", "keys": "[bridge_name, Bridge Name], [bridge_type,Type], [chainage_(km), Chainage (km)], [road_no, On Road], [division, Division], [subdivision, Subdivision], [bridge_length_(m), Length (m)], [bridge_width_(m), Width (m)],[map_link(=>{type:link, format:weblink}, Google Map,newtab=>),Google Map View],[bms_inventory(=>{type:link, format:weblink}, BMS Link,newtab=>), BMS Inventory],[bms_detail(=>{type:link, format:weblink},BMS Link,newtab=>), BMS Detailed View]", "f_class_color": "#29ffa4", "spans": 1.0, "span_arrangement": "31.4", "completion_year": "1985", "bridge_no": "224557900729" }, "geometry": { "type": "Point", "coordinates": [ 90.124789777778005, 22.765874 ] } },
{ "type": "Feature", "properties": { "bridge_id": "109885", "SL": 8890, "image_pop": "8088/bms/assets/uploads/images/prudential_images/bridges/bridge_9885/1716974512.jpg", "bridge_name": "Kuriana PC Girder Bridge", "bridge_type": "PC Girder Bridge", "road_no": "Z8037", "zone": "Barishal", "circle": "Barishal", "division": "Pirojpur", "sub-division": "Pirojpur", "sae": "SO-Pirojpur-3", "bridge_length_(m)": 32.3, "bridge_width_(m)": 10.3, "chainage_(km)": "23+350", "xcoord": 90.145266388888999, "ycoord": 22.7395635, "map_link": "https://maps.google.com/?q=22.73956350000000000,90.14526638888900000&z=8&t=k", "bms_detail": "http://bms.rhd.gov.bd:8088/bms/bridges/detail_view/109885", "bms_inventory": "http://bms.rhd.gov.bd:8088/bms/bridges/inventory_view/109885", "keys": "[bridge_name, Bridge Name], [bridge_type,Type], [chainage_(km), Chainage (km)], [road_no, On Road], [division, Division], [subdivision, Subdivision], [bridge_length_(m), Length (m)], [bridge_width_(m), Width (m)],[map_link(=>{type:link, format:weblink}, Google Map,newtab=>),Google Map View],[bms_inventory(=>{type:link, format:weblink}, BMS Link,newtab=>), BMS Inventory],[bms_detail(=>{type:link, format:weblink},BMS Link,newtab=>), BMS Detailed View]", "f_class_color": "#6ebed6", "spans": 1.0, "span_arrangement": "32.3", "completion_year": "2022", "bridge_no": "224422900843" }, "geometry": { "type": "Point", "coordinates": [ 90.145266388888999, 22.7395635 ] } },
{ "type": "Feature", "properties": { "bridge_id": "109886", "SL": 8891, "image_pop": "8088/bms/assets/uploads/images/prudential_images/bridges/bridge_9886/1716975518.jpg", "bridge_name": "Kuriana PC Girder Bridge 2", "bridge_type": "PC Girder Bridge", "road_no": "Z8037", "zone": "Barishal", "circle": "Barishal", "division": "Pirojpur", "sub-division": "Pirojpur", "sae": "SO-Pirojpur-3", "bridge_length_(m)": 25.0, "bridge_width_(m)": 10.2, "chainage_(km)": "24+267", "xcoord": 90.137118888889006, "ycoord": 22.742266083333, "map_link": "https://maps.google.com/?q=22.74226608333300000,90.13711888888900000&z=8&t=k", "bms_detail": "http://bms.rhd.gov.bd:8088/bms/bridges/detail_view/109886", "bms_inventory": "http://bms.rhd.gov.bd:8088/bms/bridges/inventory_view/109886", "keys": "[bridge_name, Bridge Name], [bridge_type,Type], [chainage_(km), Chainage (km)], [road_no, On Road], [division, Division], [subdivision, Subdivision], [bridge_length_(m), Length (m)], [bridge_width_(m), Width (m)],[map_link(=>{type:link, format:weblink}, Google Map,newtab=>),Google Map View],[bms_inventory(=>{type:link, format:weblink}, BMS Link,newtab=>), BMS Inventory],[bms_detail(=>{type:link, format:weblink},BMS Link,newtab=>), BMS Detailed View]", "f_class_color": "#6ebed6", "spans": 1.0, "span_arrangement": "25", "completion_year": "2020", "bridge_no": "224432900814" }, "geometry": { "type": "Point", "coordinates": [ 90.137118888889006, 22.742266083333 ] } },
{ "type": "Feature", "properties": { "bridge_id": "107306", "SL": 9005, "image_pop": "8088/bms/assets/img/no_picture.png", "bridge_name": "Lal pole Bottola Bridge", "bridge_type": "Steel Girder Bridge", "road_no": "N8", "zone": "Barishal", "circle": "Barishal", "division": "Barishal", "sub-division": "Barishal -1", "sae": "SO-Barishal Sub Division-1-1", "bridge_length_(m)": 9.2, "bridge_width_(m)": 6.46, "chainage_(km)": "129+927", "xcoord": 90.2316595, "ycoord": 22.9447845, "map_link": "https://maps.google.com/?q=22.94478450000000000,90.23165950000000000&z=8&t=k", "bms_detail": "http://bms.rhd.gov.bd:8088/bms/bridges/detail_view/107306", "bms_inventory": "http://bms.rhd.gov.bd:8088/bms/bridges/inventory_view/107306", "keys": "[bridge_name, Bridge Name], [bridge_type,Type], [chainage_(km), Chainage (km)], [road_no, On Road], [division, Division], [subdivision, Subdivision], [bridge_length_(m), Length (m)], [bridge_width_(m), Width (m)],[map_link(=>{type:link, format:weblink}, Google Map,newtab=>),Google Map View],[bms_inventory(=>{type:link, format:weblink}, BMS Link,newtab=>), BMS Inventory],[bms_detail(=>{type:link, format:weblink},BMS Link,newtab=>), BMS Detailed View]", "f_class_color": "#b15dec", "spans": 1.0, "span_arrangement": "9.2", "completion_year": "1940", "bridge_no": "22944890231" }, "geometry": { "type": "Point", "coordinates": [ 90.2316595, 22.9447845 ] } },
{ "type": "Feature", "properties": { "bridge_id": "106121", "SL": 9064, "image_pop": "8088/bms/assets/uploads/images/prudential_images/bridges/bridge_6121/1703333765.jpg", "bridge_name": "Langolkhali Bridge", "bridge_type": "PC Girder Bridge", "road_no": "R890", "zone": "Barishal", "circle": "Barishal", "division": "Bhola", "sub-division": "Bhola", "sae": "SO-Bhola-2", "bridge_length_(m)": 37.1, "bridge_width_(m)": 10.2, "chainage_(km)": "54+350", "xcoord": 90.729658388889007, "ycoord": 22.329678777778, "map_link": "https://maps.google.com/?q=22.32967877777800000,90.72965838888900000&z=8&t=k", "bms_detail": "http://bms.rhd.gov.bd:8088/bms/bridges/detail_view/106121", "bms_inventory": "http://bms.rhd.gov.bd:8088/bms/bridges/inventory_view/106121", "keys": "[bridge_name, Bridge Name], [bridge_type,Type], [chainage_(km), Chainage (km)], [road_no, On Road], [division, Division], [subdivision, Subdivision], [bridge_length_(m), Length (m)], [bridge_width_(m), Width (m)],[map_link(=>{type:link, format:weblink}, Google Map,newtab=>),Google Map View],[bms_inventory(=>{type:link, format:weblink}, BMS Link,newtab=>), BMS Inventory],[bms_detail(=>{type:link, format:weblink},BMS Link,newtab=>), BMS Detailed View]", "f_class_color": "#6ebed6", "spans": 1.0, "span_arrangement": "37.1", "completion_year": "2014", "bridge_no": "221947904347" }, "geometry": { "type": "Point", "coordinates": [ 90.729658388889007, 22.329678777778 ] } },
{ "type": "Feature", "properties": { "bridge_id": "109838", "SL": 9335, "image_pop": "8088/bms/assets/uploads/images/prudential_images/bridges/bridge_9838/1716460810.jpg", "bridge_name": "Madarshi PC Girder Bridge", "bridge_type": "PC Girder Bridge", "road_no": "Z8701", "zone": "Barishal", "circle": "Barishal", "division": "Pirojpur", "sub-division": "Kawkhali", "sae": "SO-Kawkhali-2", "bridge_length_(m)": 74.3, "bridge_width_(m)": 9.7, "chainage_(km)": "6+154", "xcoord": 89.991182194443994, "ycoord": 22.434670694444002, "map_link": "https://maps.google.com/?q=22.43467069444400000,89.99118219444400000&z=8&t=k", "bms_detail": "http://bms.rhd.gov.bd:8088/bms/bridges/detail_view/109838", "bms_inventory": "http://bms.rhd.gov.bd:8088/bms/bridges/inventory_view/109838", "keys": "[bridge_name, Bridge Name], [bridge_type,Type], [chainage_(km), Chainage (km)], [road_no, On Road], [division, Division], [subdivision, Subdivision], [bridge_length_(m), Length (m)], [bridge_width_(m), Width (m)],[map_link(=>{type:link, format:weblink}, Google Map,newtab=>),Google Map View],[bms_inventory(=>{type:link, format:weblink}, BMS Link,newtab=>), BMS Inventory],[bms_detail(=>{type:link, format:weblink},BMS Link,newtab=>), BMS Detailed View]", "f_class_color": "#6ebed6", "spans": 3.0, "span_arrangement": "21+31+22.3", "completion_year": "2022", "bridge_no": "222605895928" }, "geometry": { "type": "Point", "coordinates": [ 89.991182194443994, 22.434670694444002 ] } },
{ "type": "Feature", "properties": { "bridge_id": "110312", "SL": 9352, "image_pop": "8088/bms/assets/uploads/images/prudential_images/bridges/bridge_10312/1718106190.jpg", "bridge_name": "Madhobpasha Bridge", "bridge_type": "PC Girder Bridge", "road_no": "Z8033", "zone": "Barishal", "circle": "Barishal", "division": "Barishal", "sub-division": "Barishal-2", "sae": "SO-Barishal Sub Division-2-1", "bridge_length_(m)": 40.0, "bridge_width_(m)": 10.4, "chainage_(km)": "5+215", "xcoord": 90.265671888889003, "ycoord": 22.768063194444, "map_link": "https://maps.google.com/?q=22.76806319444400000,90.26567188888900000&z=8&t=k", "bms_detail": "http://bms.rhd.gov.bd:8088/bms/bridges/detail_view/110312", "bms_inventory": "http://bms.rhd.gov.bd:8088/bms/bridges/inventory_view/110312", "keys": "[bridge_name, Bridge Name], [bridge_type,Type], [chainage_(km), Chainage (km)], [road_no, On Road], [division, Division], [subdivision, Subdivision], [bridge_length_(m), Length (m)], [bridge_width_(m), Width (m)],[map_link(=>{type:link, format:weblink}, Google Map,newtab=>),Google Map View],[bms_inventory(=>{type:link, format:weblink}, BMS Link,newtab=>), BMS Inventory],[bms_detail(=>{type:link, format:weblink},BMS Link,newtab=>), BMS Detailed View]", "f_class_color": "#6ebed6", "spans": 1.0, "span_arrangement": "40", "completion_year": "2023", "bridge_no": "224605901556" }, "geometry": { "type": "Point", "coordinates": [ 90.265671888889003, 22.768063194444 ] } },
{ "type": "Feature", "properties": { "bridge_id": "109719", "SL": 9374, "image_pop": "8088/bms/assets/uploads/images/prudential_images/bridges/bridge_9719/1716113908.jpg", "bridge_name": "Magura Bailey Bridge", "bridge_type": "Portable Steel Bridge", "road_no": "Z8033", "zone": "Barishal", "circle": "Barishal", "division": "Pirojpur", "sub-division": "Kawkhali", "sae": "SO-Kawkhali-1", "bridge_length_(m)": 31.0, "bridge_width_(m)": 3.4, "chainage_(km)": "25+000", "xcoord": 90.105847277777997, "ycoord": 22.759795888888998, "map_link": "https://maps.google.com/?q=22.75979588888900000,90.10584727777800000&z=8&t=k", "bms_detail": "http://bms.rhd.gov.bd:8088/bms/bridges/detail_view/109719", "bms_inventory": "http://bms.rhd.gov.bd:8088/bms/bridges/inventory_view/109719", "keys": "[bridge_name, Bridge Name], [bridge_type,Type], [chainage_(km), Chainage (km)], [road_no, On Road], [division, Division], [subdivision, Subdivision], [bridge_length_(m), Length (m)], [bridge_width_(m), Width (m)],[map_link(=>{type:link, format:weblink}, Google Map,newtab=>),Google Map View],[bms_inventory(=>{type:link, format:weblink}, BMS Link,newtab=>), BMS Inventory],[bms_detail(=>{type:link, format:weblink},BMS Link,newtab=>), BMS Detailed View]", "f_class_color": "#29ffa4", "spans": 1.0, "span_arrangement": "31", "completion_year": "1985", "bridge_no": "224535900621" }, "geometry": { "type": "Point", "coordinates": [ 90.105847277777997, 22.759795888888998 ] } },
{ "type": "Feature", "properties": { "bridge_id": "107281", "SL": 9386, "image_pop": "8088/bms/assets/img/no_picture.png", "bridge_name": "Mahilara Bridge", "bridge_type": "RC Girder Bridge", "road_no": "N8", "zone": "Barishal", "circle": "Barishal", "division": "Barishal", "sub-division": "Barishal -1", "sae": "SO-Barishal Sub Division-1-1", "bridge_length_(m)": 13.0, "bridge_width_(m)": 7.23, "chainage_(km)": "131+821", "xcoord": 90.240583, "ycoord": 22.930406, "map_link": "https://maps.google.com/?q=22.93040600000000000,90.24058300000000000&z=8&t=k", "bms_detail": "http://bms.rhd.gov.bd:8088/bms/bridges/detail_view/107281", "bms_inventory": "http://bms.rhd.gov.bd:8088/bms/bridges/inventory_view/107281", "keys": "[bridge_name, Bridge Name], [bridge_type,Type], [chainage_(km), Chainage (km)], [road_no, On Road], [division, Division], [subdivision, Subdivision], [bridge_length_(m), Length (m)], [bridge_width_(m), Width (m)],[map_link(=>{type:link, format:weblink}, Google Map,newtab=>),Google Map View],[bms_inventory(=>{type:link, format:weblink}, BMS Link,newtab=>), BMS Inventory],[bms_detail(=>{type:link, format:weblink},BMS Link,newtab=>), BMS Detailed View]", "f_class_color": "#e8f674", "spans": 1.0, "span_arrangement": "13", "completion_year": "1960", "bridge_no": "229338902379" }, "geometry": { "type": "Point", "coordinates": [ 90.240583, 22.930406 ] } },
{ "type": "Feature", "properties": { "bridge_id": "109037", "SL": 9392, "image_pop": "8088/bms/assets/uploads/images/prudential_images/bridges/bridge_9037/1713949450.jpg", "bridge_name": "Mahishkandi Steel Girder Bridge", "bridge_type": "Steel Girder Bridge", "road_no": "Z8740", "zone": "Barishal", "circle": "Barishal", "division": "Jhalokati", "sub-division": "Jhalokati", "sae": "SO-Jhalokati-2", "bridge_length_(m)": 18.2, "bridge_width_(m)": 3.3, "chainage_(km)": "7+134", "xcoord": 90.056067194443997, "ycoord": 22.4287025, "map_link": "https://maps.google.com/?q=22.42870250000000000,90.05606719444400000&z=8&t=k", "bms_detail": "http://bms.rhd.gov.bd:8088/bms/bridges/detail_view/109037", "bms_inventory": "http://bms.rhd.gov.bd:8088/bms/bridges/inventory_view/109037", "keys": "[bridge_name, Bridge Name], [bridge_type,Type], [chainage_(km), Chainage (km)], [road_no, On Road], [division, Division], [subdivision, Subdivision], [bridge_length_(m), Length (m)], [bridge_width_(m), Width (m)],[map_link(=>{type:link, format:weblink}, Google Map,newtab=>),Google Map View],[bms_inventory(=>{type:link, format:weblink}, BMS Link,newtab=>), BMS Inventory],[bms_detail(=>{type:link, format:weblink},BMS Link,newtab=>), BMS Detailed View]", "f_class_color": "#b15dec", "spans": 3.0, "span_arrangement": "5.8+6.7+5.7", "completion_year": "1995", "bridge_no": "22254390032" }, "geometry": { "type": "Point", "coordinates": [ 90.056067194443997, 22.4287025 ] } },
{ "type": "Feature", "properties": { "bridge_id": "109881", "SL": 9401, "image_pop": "8088/bms/assets/uploads/images/prudential_images/bridges/bridge_9881/1716972365.jpg", "bridge_name": "Mahmudkathi PC Girder Bridge", "bridge_type": "PC Girder Bridge", "road_no": "Z8037", "zone": "Barishal", "circle": "Barishal", "division": "Pirojpur", "sub-division": "Pirojpur", "sae": "SO-Pirojpur-3", "bridge_length_(m)": 25.2, "bridge_width_(m)": 10.3, "chainage_(km)": "24+821", "xcoord": 90.132025694443996, "ycoord": 22.742399583333, "map_link": "https://maps.google.com/?q=22.74239958333300000,90.13202569444400000&z=8&t=k", "bms_detail": "http://bms.rhd.gov.bd:8088/bms/bridges/detail_view/109881", "bms_inventory": "http://bms.rhd.gov.bd:8088/bms/bridges/inventory_view/109881", "keys": "[bridge_name, Bridge Name], [bridge_type,Type], [chainage_(km), Chainage (km)], [road_no, On Road], [division, Division], [subdivision, Subdivision], [bridge_length_(m), Length (m)], [bridge_width_(m), Width (m)],[map_link(=>{type:link, format:weblink}, Google Map,newtab=>),Google Map View],[bms_inventory(=>{type:link, format:weblink}, BMS Link,newtab=>), BMS Inventory],[bms_detail(=>{type:link, format:weblink},BMS Link,newtab=>), BMS Detailed View]", "f_class_color": "#6ebed6", "spans": 1.0, "span_arrangement": "25.2", "completion_year": "2021", "bridge_no": "224432900755" }, "geometry": { "type": "Point", "coordinates": [ 90.132025694443996, 22.742399583333 ] } },
{ "type": "Feature", "properties": { "bridge_id": "107320", "SL": 9476, "image_pop": "8088/bms/assets/uploads/images/prudential_images/bridges/bridge_7320/1708768840.jpg", "bridge_name": "Major M. A Jalil PC Girder Bridge", "bridge_type": "PC Girder Bridge", "road_no": "N8", "zone": "Barishal", "circle": "Barishal", "division": "Barishal", "sub-division": "Barishal -1", "sae": "SO-Barishal Sub Division-1-3", "bridge_length_(m)": 290.0, "bridge_width_(m)": 10.0, "chainage_(km)": "145+188", "xcoord": 90.262246, "ycoord": 22.825086833333, "map_link": "https://maps.google.com/?q=22.82508683333300000,90.26224600000000000&z=8&t=k", "bms_detail": "http://bms.rhd.gov.bd:8088/bms/bridges/detail_view/107320", "bms_inventory": "http://bms.rhd.gov.bd:8088/bms/bridges/inventory_view/107320", "keys": "[bridge_name, Bridge Name], [bridge_type,Type], [chainage_(km), Chainage (km)], [road_no, On Road], [division, Division], [subdivision, Subdivision], [bridge_length_(m), Length (m)], [bridge_width_(m), Width (m)],[map_link(=>{type:link, format:weblink}, Google Map,newtab=>),Google Map View],[bms_inventory(=>{type:link, format:weblink}, BMS Link,newtab=>), BMS Inventory],[bms_detail(=>{type:link, format:weblink},BMS Link,newtab=>), BMS Detailed View]", "f_class_color": "#6ebed6", "spans": 6.0, "span_arrangement": "48.4+48.3+48.3+48.3+48.3+48.4", "completion_year": "2014", "bridge_no": "224836901649" }, "geometry": { "type": "Point", "coordinates": [ 90.262246, 22.825086833333 ] } },
{ "type": "Feature", "properties": { "bridge_id": "109882", "SL": 9525, "image_pop": "8088/bms/assets/uploads/images/prudential_images/bridges/bridge_9882/1716972609.jpg", "bridge_name": "Malipur RCC Girder Bridge", "bridge_type": "RC Girder Bridge", "road_no": "Z8057", "zone": "Barishal", "circle": "Barishal", "division": "Jhalokati", "sub-division": "Jhalokati", "sae": "SO-Jhalokati-1", "bridge_length_(m)": 16.4, "bridge_width_(m)": 5.9, "chainage_(km)": "0+683", "xcoord": 90.268688277777997, "ycoord": 22.630850277777999, "map_link": "https://maps.google.com/?q=22.63085027777800000,90.26868827777800000&z=8&t=k", "bms_detail": "http://bms.rhd.gov.bd:8088/bms/bridges/detail_view/109882", "bms_inventory": "http://bms.rhd.gov.bd:8088/bms/bridges/inventory_view/109882", "keys": "[bridge_name, Bridge Name], [bridge_type,Type], [chainage_(km), Chainage (km)], [road_no, On Road], [division, Division], [subdivision, Subdivision], [bridge_length_(m), Length (m)], [bridge_width_(m), Width (m)],[map_link(=>{type:link, format:weblink}, Google Map,newtab=>),Google Map View],[bms_inventory(=>{type:link, format:weblink}, BMS Link,newtab=>), BMS Inventory],[bms_detail(=>{type:link, format:weblink},BMS Link,newtab=>), BMS Detailed View]", "f_class_color": "#e8f674", "spans": 1.0, "span_arrangement": "16.4", "completion_year": "2002", "bridge_no": "223751901607" }, "geometry": { "type": "Point", "coordinates": [ 90.268688277777997, 22.630850277777999 ] } },
{ "type": "Feature", "properties": { "bridge_id": "108306", "SL": 9537, "image_pop": "8088/bms/assets/uploads/images/prudential_images/bridges/bridge_8306/1711358806.jpg", "bridge_name": "Maluhar Bailey Bridge", "bridge_type": "Portable Steel Bridge", "road_no": "Z8058", "zone": "Barishal", "circle": "Barishal", "division": "Jhalokati", "sub-division": "Jhalokati", "sae": "SO-Jhalokati-3", "bridge_length_(m)": 36.6, "bridge_width_(m)": 3.46, "chainage_(km)": "7+767", "xcoord": 90.243320583333002, "ycoord": 22.583665194443999, "map_link": "https://maps.google.com/?q=22.58366519444400000,90.24332058333300000&z=8&t=k", "bms_detail": "http://bms.rhd.gov.bd:8088/bms/bridges/detail_view/108306", "bms_inventory": "http://bms.rhd.gov.bd:8088/bms/bridges/inventory_view/108306", "keys": "[bridge_name, Bridge Name], [bridge_type,Type], [chainage_(km), Chainage (km)], [road_no, On Road], [division, Division], [subdivision, Subdivision], [bridge_length_(m), Length (m)], [bridge_width_(m), Width (m)],[map_link(=>{type:link, format:weblink}, Google Map,newtab=>),Google Map View],[bms_inventory(=>{type:link, format:weblink}, BMS Link,newtab=>), BMS Inventory],[bms_detail(=>{type:link, format:weblink},BMS Link,newtab=>), BMS Detailed View]", "f_class_color": "#29ffa4", "spans": 1.0, "span_arrangement": "36.6", "completion_year": "1988", "bridge_no": "223501901436" }, "geometry": { "type": "Point", "coordinates": [ 90.243320583333002, 22.583665194443999 ] } },
{ "type": "Feature", "properties": { "bridge_id": "105322", "SL": 9625, "image_pop": "8088/bms/assets/uploads/images/prudential_images/bridges/bridge_5322/1718009014.jpg", "bridge_name": "Masrong PC Girder Bridge", "bridge_type": "PC Girder Bridge", "road_no": "Z8033", "zone": "Barishal", "circle": "Barishal", "division": "Barishal", "sub-division": "Barishal-2", "sae": "SO-Barishal Sub Division-2-1", "bridge_length_(m)": 35.0, "bridge_width_(m)": 13.8, "chainage_(km)": "19+090", "xcoord": 90.156111111111002, "ycoord": 22.774444444444001, "map_link": "https://maps.google.com/?q=22.77444444444400000,90.15611111111100000&z=8&t=k", "bms_detail": "http://bms.rhd.gov.bd:8088/bms/bridges/detail_view/105322", "bms_inventory": "http://bms.rhd.gov.bd:8088/bms/bridges/inventory_view/105322", "keys": "[bridge_name, Bridge Name], [bridge_type,Type], [chainage_(km), Chainage (km)], [road_no, On Road], [division, Division], [subdivision, Subdivision], [bridge_length_(m), Length (m)], [bridge_width_(m), Width (m)],[map_link(=>{type:link, format:weblink}, Google Map,newtab=>),Google Map View],[bms_inventory(=>{type:link, format:weblink}, BMS Link,newtab=>), BMS Inventory],[bms_detail(=>{type:link, format:weblink},BMS Link,newtab=>), BMS Detailed View]", "f_class_color": "#6ebed6", "spans": 1.0, "span_arrangement": "35", "completion_year": "2023", "bridge_no": "227739901538" }, "geometry": { "type": "Point", "coordinates": [ 90.156111111111002, 22.774444444444001 ] } },
{ "type": "Feature", "properties": { "bridge_id": "109552", "SL": 9679, "image_pop": "8088/bms/assets/uploads/images/prudential_images/bridges/bridge_9552/1715676464.jpeg", "bridge_name": "Mativanga Pc Girder Bridge", "bridge_type": "PC Girder Bridge", "road_no": "R870", "zone": "Barishal", "circle": "Barishal", "division": "Pirojpur", "sub-division": "Pirojpur", "sae": "SO-Pirojpur-1", "bridge_length_(m)": 30.5, "bridge_width_(m)": 9.7, "chainage_(km)": "30+372", "xcoord": 89.980904277777995, "ycoord": 22.548960777777999, "map_link": "https://maps.google.com/?q=22.54896077777800000,89.98090427777800000&z=8&t=k", "bms_detail": "http://bms.rhd.gov.bd:8088/bms/bridges/detail_view/109552", "bms_inventory": "http://bms.rhd.gov.bd:8088/bms/bridges/inventory_view/109552", "keys": "[bridge_name, Bridge Name], [bridge_type,Type], [chainage_(km), Chainage (km)], [road_no, On Road], [division, Division], [subdivision, Subdivision], [bridge_length_(m), Length (m)], [bridge_width_(m), Width (m)],[map_link(=>{type:link, format:weblink}, Google Map,newtab=>),Google Map View],[bms_inventory(=>{type:link, format:weblink}, BMS Link,newtab=>), BMS Inventory],[bms_detail(=>{type:link, format:weblink},BMS Link,newtab=>), BMS Detailed View]", "f_class_color": "#6ebed6", "spans": 1.0, "span_arrangement": "30.5", "completion_year": "2017", "bridge_no": "223256895851" }, "geometry": { "type": "Point", "coordinates": [ 89.980904277777995, 22.548960777777999 ] } },
{ "type": "Feature", "properties": { "bridge_id": "109857", "SL": 9680, "image_pop": "8088/bms/assets/uploads/images/prudential_images/bridges/bridge_9857/1716957513.jpg", "bridge_name": "Mativanga PC Girder Bridge 1", "bridge_type": "PC Girder Bridge", "road_no": "Z7704", "zone": "Barishal", "circle": "Barishal", "division": "Pirojpur", "sub-division": "Pirojpur", "sae": "SO-Pirojpur-2", "bridge_length_(m)": 107.0, "bridge_width_(m)": 10.3, "chainage_(km)": "28+212", "xcoord": 89.941440277778, "ycoord": 22.819923277777999, "map_link": "https://maps.google.com/?q=22.81992327777800000,89.94144027777800000&z=8&t=k", "bms_detail": "http://bms.rhd.gov.bd:8088/bms/bridges/detail_view/109857", "bms_inventory": "http://bms.rhd.gov.bd:8088/bms/bridges/inventory_view/109857", "keys": "[bridge_name, Bridge Name], [bridge_type,Type], [chainage_(km), Chainage (km)], [road_no, On Road], [division, Division], [subdivision, Subdivision], [bridge_length_(m), Length (m)], [bridge_width_(m), Width (m)],[map_link(=>{type:link, format:weblink}, Google Map,newtab=>),Google Map View],[bms_inventory(=>{type:link, format:weblink}, BMS Link,newtab=>), BMS Inventory],[bms_detail(=>{type:link, format:weblink},BMS Link,newtab=>), BMS Detailed View]", "f_class_color": "#6ebed6", "spans": 3.0, "span_arrangement": "35.66+35.66+35.67", "completion_year": "2007", "bridge_no": "224912895629" }, "geometry": { "type": "Point", "coordinates": [ 89.941440277778, 22.819923277777999 ] } },
{ "type": "Feature", "properties": { "bridge_id": "105897", "SL": 9736, "image_pop": "8088/bms/assets/uploads/images/prudential_images/bridges/bridge_5897/1702276128.jpg", "bridge_name": "Mehendiganj Thana Bridge", "bridge_type": "RC Girder Bridge", "road_no": "Z8043", "zone": "Barishal", "circle": "Barishal", "division": "Barishal", "sub-division": "Barishal-2", "sae": "SO-Barishal Sub Division-2-3", "bridge_length_(m)": 10.3, "bridge_width_(m)": 4.3, "chainage_(km)": "9+028", "xcoord": 90.525701194443997, "ycoord": 22.824372583332998, "map_link": "https://maps.google.com/?q=22.82437258333300000,90.52570119444400000&z=8&t=k", "bms_detail": "http://bms.rhd.gov.bd:8088/bms/bridges/detail_view/105897", "bms_inventory": "http://bms.rhd.gov.bd:8088/bms/bridges/inventory_view/105897", "keys": "[bridge_name, Bridge Name], [bridge_type,Type], [chainage_(km), Chainage (km)], [road_no, On Road], [division, Division], [subdivision, Subdivision], [bridge_length_(m), Length (m)], [bridge_width_(m), Width (m)],[map_link(=>{type:link, format:weblink}, Google Map,newtab=>),Google Map View],[bms_inventory(=>{type:link, format:weblink}, BMS Link,newtab=>), BMS Inventory],[bms_detail(=>{type:link, format:weblink},BMS Link,newtab=>), BMS Detailed View]", "f_class_color": "#e8f674", "spans": 1.0, "span_arrangement": "10.3", "completion_year": "1990", "bridge_no": "224928903133" }, "geometry": { "type": "Point", "coordinates": [ 90.525701194443997, 22.824372583332998 ] } },
{ "type": "Feature", "properties": { "bridge_id": "110048", "SL": 9766, "image_pop": "8088/bms/assets/uploads/images/prudential_images/bridges/bridge_10048/1717392760.jpg", "bridge_name": "Meshonda RCC Girder Bridge", "bridge_type": "RC Girder Bridge", "road_no": "Z8750", "zone": "Barishal", "circle": "Barishal", "division": "Pirojpur", "sub-division": "Pirojpur", "sae": "SO-Pirojpur-3", "bridge_length_(m)": 20.0, "bridge_width_(m)": 6.9, "chainage_(km)": "2+510", "xcoord": 90.100607277777996, "ycoord": 22.660861, "map_link": "https://maps.google.com/?q=22.66086100000000000,90.10060727777800000&z=8&t=k", "bms_detail": "http://bms.rhd.gov.bd:8088/bms/bridges/detail_view/110048", "bms_inventory": "http://bms.rhd.gov.bd:8088/bms/bridges/inventory_view/110048", "keys": "[bridge_name, Bridge Name], [bridge_type,Type], [chainage_(km), Chainage (km)], [road_no, On Road], [division, Division], [subdivision, Subdivision], [bridge_length_(m), Length (m)], [bridge_width_(m), Width (m)],[map_link(=>{type:link, format:weblink}, Google Map,newtab=>),Google Map View],[bms_inventory(=>{type:link, format:weblink}, BMS Link,newtab=>), BMS Inventory],[bms_detail(=>{type:link, format:weblink},BMS Link,newtab=>), BMS Detailed View]", "f_class_color": "#e8f674", "spans": 1.0, "span_arrangement": "20", "completion_year": "2013", "bridge_no": "223939900602" }, "geometry": { "type": "Point", "coordinates": [ 90.100607277777996, 22.660861 ] } },
{ "type": "Feature", "properties": { "bridge_id": "106686", "SL": 9786, "image_pop": "8088/bms/assets/uploads/images/prudential_images/bridges/bridge_6686/1706086047.jpg", "bridge_name": "Middle Jouto Bailey Bridge", "bridge_type": "Portable Steel Bridge", "road_no": "Z8806", "zone": "Barishal", "circle": "Patuakhali", "division": "Patuakhali", "sub-division": "Patuakhali", "sae": "SO-Patuakhali-2", "bridge_length_(m)": 24.8, "bridge_width_(m)": 3.6, "chainage_(km)": "51+672", "xcoord": 90.529685, "ycoord": 22.222444, "map_link": "https://maps.google.com/?q=22.22244400000000000,90.52968500000000000&z=8&t=k", "bms_detail": "http://bms.rhd.gov.bd:8088/bms/bridges/detail_view/106686", "bms_inventory": "http://bms.rhd.gov.bd:8088/bms/bridges/inventory_view/106686", "keys": "[bridge_name, Bridge Name], [bridge_type,Type], [chainage_(km), Chainage (km)], [road_no, On Road], [division, Division], [subdivision, Subdivision], [bridge_length_(m), Length (m)], [bridge_width_(m), Width (m)],[map_link(=>{type:link, format:weblink}, Google Map,newtab=>),Google Map View],[bms_inventory(=>{type:link, format:weblink}, BMS Link,newtab=>), BMS Inventory],[bms_detail(=>{type:link, format:weblink},BMS Link,newtab=>), BMS Detailed View]", "f_class_color": "#29ffa4", "spans": 1.0, "span_arrangement": "24.8", "completion_year": "1997", "bridge_no": "221321903147" }, "geometry": { "type": "Point", "coordinates": [ 90.529685, 22.222444 ] } },
{ "type": "Feature", "properties": { "bridge_id": "106745", "SL": 9860, "image_pop": "8088/bms/assets/uploads/images/prudential_images/bridges/bridge_6745/1706349831.jpg", "bridge_name": "Mirjagonj Baily Bridge", "bridge_type": "Portable Steel Bridge", "road_no": "Z8052", "zone": "Barishal", "circle": "Patuakhali", "division": "Patuakhali", "sub-division": "Patuakhali", "sae": "SO-Patuakhali-1", "bridge_length_(m)": 31.3, "bridge_width_(m)": 3.5, "chainage_(km)": "16+553", "xcoord": 90.229843194444001, "ycoord": 22.364307277778, "map_link": "https://maps.google.com/?q=22.36430727777800000,90.22984319444400000&z=8&t=k", "bms_detail": "http://bms.rhd.gov.bd:8088/bms/bridges/detail_view/106745", "bms_inventory": "http://bms.rhd.gov.bd:8088/bms/bridges/inventory_view/106745", "keys": "[bridge_name, Bridge Name], [bridge_type,Type], [chainage_(km), Chainage (km)], [road_no, On Road], [division, Division], [subdivision, Subdivision], [bridge_length_(m), Length (m)], [bridge_width_(m), Width (m)],[map_link(=>{type:link, format:weblink}, Google Map,newtab=>),Google Map View],[bms_inventory(=>{type:link, format:weblink}, BMS Link,newtab=>), BMS Inventory],[bms_detail(=>{type:link, format:weblink},BMS Link,newtab=>), BMS Detailed View]", "f_class_color": "#29ffa4", "spans": 1.0, "span_arrangement": "31.3", "completion_year": "1983", "bridge_no": "222151901347" }, "geometry": { "type": "Point", "coordinates": [ 90.229843194444001, 22.364307277778 ] } },
{ "type": "Feature", "properties": { "bridge_id": "109966", "SL": 9954, "image_pop": "8088/bms/assets/uploads/images/prudential_images/bridges/bridge_9966/1717219809.jpg", "bridge_name": "Mithakhali Majerpur Bailey Bridge", "bridge_type": "Portable Steel Bridge", "road_no": "Z8701", "zone": "Barishal", "circle": "Barishal", "division": "Pirojpur", "sub-division": "Kawkhali", "sae": "SO-Kawkhali-3", "bridge_length_(m)": 43.0, "bridge_width_(m)": 3.02, "chainage_(km)": "23+443", "xcoord": 89.942937, "ycoord": 22.316249888889001, "map_link": "https://maps.google.com/?q=22.31624988888900000,89.94293700000000000&z=8&t=k", "bms_detail": "http://bms.rhd.gov.bd:8088/bms/bridges/detail_view/109966", "bms_inventory": "http://bms.rhd.gov.bd:8088/bms/bridges/inventory_view/109966", "keys": "[bridge_name, Bridge Name], [bridge_type,Type], [chainage_(km), Chainage (km)], [road_no, On Road], [division, Division], [subdivision, Subdivision], [bridge_length_(m), Length (m)], [bridge_width_(m), Width (m)],[map_link(=>{type:link, format:weblink}, Google Map,newtab=>),Google Map View],[bms_inventory(=>{type:link, format:weblink}, BMS Link,newtab=>), BMS Inventory],[bms_detail(=>{type:link, format:weblink},BMS Link,newtab=>), BMS Detailed View]", "f_class_color": "#29ffa4", "spans": 1.0, "span_arrangement": "43", "completion_year": "1998", "bridge_no": "221858895634" }, "geometry": { "type": "Point", "coordinates": [ 89.942937, 22.316249888889001 ] } },
{ "type": "Feature", "properties": { "bridge_id": "110084", "SL": 10200, "image_pop": "8088/bms/assets/uploads/images/prudential_images/bridges/bridge_10084/1717475545.jpg", "bridge_name": "Mohisakandi RCC Girder Bridge", "bridge_type": "RC Girder Bridge", "road_no": "Z8750", "zone": "Barishal", "circle": "Barishal", "division": "Pirojpur", "sub-division": "Kawkhali", "sae": "SO-Kawkhali-1", "bridge_length_(m)": 20.0, "bridge_width_(m)": 7.0, "chainage_(km)": "4+668", "xcoord": 90.115916, "ycoord": 22.666167, "map_link": "https://maps.google.com/?q=22.66616700000000000,90.11591600000000000&z=8&t=k", "bms_detail": "http://bms.rhd.gov.bd:8088/bms/bridges/detail_view/110084", "bms_inventory": "http://bms.rhd.gov.bd:8088/bms/bridges/inventory_view/110084", "keys": "[bridge_name, Bridge Name], [bridge_type,Type], [chainage_(km), Chainage (km)], [road_no, On Road], [division, Division], [subdivision, Subdivision], [bridge_length_(m), Length (m)], [bridge_width_(m), Width (m)],[map_link(=>{type:link, format:weblink}, Google Map,newtab=>),Google Map View],[bms_inventory(=>{type:link, format:weblink}, BMS Link,newtab=>), BMS Inventory],[bms_detail(=>{type:link, format:weblink},BMS Link,newtab=>), BMS Detailed View]", "f_class_color": "#e8f674", "spans": 1.0, "span_arrangement": "20", "completion_year": "2013", "bridge_no": "223958900657" }, "geometry": { "type": "Point", "coordinates": [ 90.115916, 22.666167 ] } },
{ "type": "Feature", "properties": { "bridge_id": "109481", "SL": 10205, "image_pop": "8088/bms/assets/uploads/images/prudential_images/bridges/bridge_9481/1715489735.jpg", "bridge_name": "Mohishkandi PC Girder Bridge", "bridge_type": "PC Girder Bridge", "road_no": "Z8740", "zone": "Barishal", "circle": "Barishal", "division": "Jhalokati", "sub-division": "Jhalokati", "sae": "SO-Jhalokati-2", "bridge_length_(m)": 70.0, "bridge_width_(m)": 10.0, "chainage_(km)": "8+180", "xcoord": 90.047355694443993, "ycoord": 22.428867388889, "map_link": "https://maps.google.com/?q=22.42886738888900000,90.04735569444400000&z=8&t=k", "bms_detail": "http://bms.rhd.gov.bd:8088/bms/bridges/detail_view/109481", "bms_inventory": "http://bms.rhd.gov.bd:8088/bms/bridges/inventory_view/109481", "keys": "[bridge_name, Bridge Name], [bridge_type,Type], [chainage_(km), Chainage (km)], [road_no, On Road], [division, Division], [subdivision, Subdivision], [bridge_length_(m), Length (m)], [bridge_width_(m), Width (m)],[map_link(=>{type:link, format:weblink}, Google Map,newtab=>),Google Map View],[bms_inventory(=>{type:link, format:weblink}, BMS Link,newtab=>), BMS Inventory],[bms_detail(=>{type:link, format:weblink},BMS Link,newtab=>), BMS Detailed View]", "f_class_color": "#6ebed6", "spans": 3.0, "span_arrangement": "19+32.2+18.8", "completion_year": "2021", "bridge_no": "222544900250" }, "geometry": { "type": "Point", "coordinates": [ 90.047355694443993, 22.428867388889 ] } },
{ "type": "Feature", "properties": { "bridge_id": "110057", "SL": 10245, "image_pop": "8088/bms/assets/uploads/images/prudential_images/bridges/bridge_10057/1717396663.jpg", "bridge_name": "Moishani RCC Girder Bridge", "bridge_type": "RC Girder Bridge", "road_no": "Z8750", "zone": "Barishal", "circle": "Barishal", "division": "Pirojpur", "sub-division": "Pirojpur", "sae": "SO-Pirojpur-3", "bridge_length_(m)": 45.0, "bridge_width_(m)": 7.1, "chainage_(km)": "4+101", "xcoord": 90.111129583332996, "ycoord": 22.667014694443999, "map_link": "https://maps.google.com/?q=22.66701469444400000,90.11112958333300000&z=8&t=k", "bms_detail": "http://bms.rhd.gov.bd:8088/bms/bridges/detail_view/110057", "bms_inventory": "http://bms.rhd.gov.bd:8088/bms/bridges/inventory_view/110057", "keys": "[bridge_name, Bridge Name], [bridge_type,Type], [chainage_(km), Chainage (km)], [road_no, On Road], [division, Division], [subdivision, Subdivision], [bridge_length_(m), Length (m)], [bridge_width_(m), Width (m)],[map_link(=>{type:link, format:weblink}, Google Map,newtab=>),Google Map View],[bms_inventory(=>{type:link, format:weblink}, BMS Link,newtab=>), BMS Inventory],[bms_detail(=>{type:link, format:weblink},BMS Link,newtab=>), BMS Detailed View]", "f_class_color": "#e8f674", "spans": 3.0, "span_arrangement": "15+15+15", "completion_year": "2013", "bridge_no": "224001900640" }, "geometry": { "type": "Point", "coordinates": [ 90.111129583332996, 22.667014694443999 ] } },
{ "type": "Feature", "properties": { "bridge_id": "107064", "SL": 10302, "image_pop": "8088/bms/assets/uploads/images/prudential_images/bridges/bridge_7064/1707195760.jpg", "bridge_name": "Mollar Bazar RCC Girder Bridge", "bridge_type": "RC Girder Bridge", "road_no": "Z8802", "zone": "Barishal", "circle": "Patuakhali", "division": "Patuakhali", "sub-division": "Patuakhali", "sae": "SO-Patuakhali-3", "bridge_length_(m)": 30.0, "bridge_width_(m)": 6.4, "chainage_(km)": "4+600", "xcoord": 90.434691194444, "ycoord": 22.014379583333, "map_link": "https://maps.google.com/?q=22.01437958333300000,90.43469119444400000&z=8&t=k", "bms_detail": "http://bms.rhd.gov.bd:8088/bms/bridges/detail_view/107064", "bms_inventory": "http://bms.rhd.gov.bd:8088/bms/bridges/inventory_view/107064", "keys": "[bridge_name, Bridge Name], [bridge_type,Type], [chainage_(km), Chainage (km)], [road_no, On Road], [division, Division], [subdivision, Subdivision], [bridge_length_(m), Length (m)], [bridge_width_(m), Width (m)],[map_link(=>{type:link, format:weblink}, Google Map,newtab=>),Google Map View],[bms_inventory(=>{type:link, format:weblink}, BMS Link,newtab=>), BMS Inventory],[bms_detail(=>{type:link, format:weblink},BMS Link,newtab=>), BMS Detailed View]", "f_class_color": "#e8f674", "spans": 3.0, "span_arrangement": "10+10+10", "completion_year": "2012", "bridge_no": "220052902605" }, "geometry": { "type": "Point", "coordinates": [ 90.434691194444, 22.014379583333 ] } },
{ "type": "Feature", "properties": { "bridge_id": "109324", "SL": 10313, "image_pop": "8088/bms/assets/uploads/images/prudential_images/bridges/bridge_9324/1715073646.jpg", "bridge_name": "Mollarhat Bailey Bridge", "bridge_type": "Portable Steel Bridge", "road_no": "Z8056", "zone": "Barishal", "circle": "Barishal", "division": "Jhalokati", "sub-division": "Jhalokati", "sae": "SO-Jhalokati-1", "bridge_length_(m)": 93.1, "bridge_width_(m)": 3.26, "chainage_(km)": "22+988", "xcoord": 90.240500277777997, "ycoord": 22.517608777778001, "map_link": "https://maps.google.com/?q=22.51760877777800000,90.24050027777800000&z=8&t=k", "bms_detail": "http://bms.rhd.gov.bd:8088/bms/bridges/detail_view/109324", "bms_inventory": "http://bms.rhd.gov.bd:8088/bms/bridges/inventory_view/109324", "keys": "[bridge_name, Bridge Name], [bridge_type,Type], [chainage_(km), Chainage (km)], [road_no, On Road], [division, Division], [subdivision, Subdivision], [bridge_length_(m), Length (m)], [bridge_width_(m), Width (m)],[map_link(=>{type:link, format:weblink}, Google Map,newtab=>),Google Map View],[bms_inventory(=>{type:link, format:weblink}, BMS Link,newtab=>), BMS Inventory],[bms_detail(=>{type:link, format:weblink},BMS Link,newtab=>), BMS Detailed View]", "f_class_color": "#29ffa4", "spans": 3.0, "span_arrangement": "30.7+31.2+31.2", "completion_year": "1995", "bridge_no": "223103901426" }, "geometry": { "type": "Point", "coordinates": [ 90.240500277777997, 22.517608777778001 ] } },
{ "type": "Feature", "properties": { "bridge_id": "106915", "SL": 10493, "image_pop": "8088/bms/assets/uploads/images/prudential_images/bridges/bridge_6915/1706684907.jpg", "bridge_name": "Moukoron PC Girder Bridge", "bridge_type": "PC Girder Bridge", "road_no": "N8", "zone": "Barishal", "circle": "Patuakhali", "division": "Patuakhali", "sub-division": "Patuakhali", "sae": "SO-Patuakhali-1", "bridge_length_(m)": 79.0, "bridge_width_(m)": 9.5, "chainage_(km)": "195+597", "xcoord": 90.3381565, "ycoord": 22.440268, "map_link": "https://maps.google.com/?q=22.44026800000000000,90.33815650000000000&z=8&t=k", "bms_detail": "http://bms.rhd.gov.bd:8088/bms/bridges/detail_view/106915", "bms_inventory": "http://bms.rhd.gov.bd:8088/bms/bridges/inventory_view/106915", "keys": "[bridge_name, Bridge Name], [bridge_type,Type], [chainage_(km), Chainage (km)], [road_no, On Road], [division, Division], [subdivision, Subdivision], [bridge_length_(m), Length (m)], [bridge_width_(m), Width (m)],[map_link(=>{type:link, format:weblink}, Google Map,newtab=>),Google Map View],[bms_inventory(=>{type:link, format:weblink}, BMS Link,newtab=>), BMS Inventory],[bms_detail(=>{type:link, format:weblink},BMS Link,newtab=>), BMS Detailed View]", "f_class_color": "#6ebed6", "spans": 3.0, "span_arrangement": "19+40.7+19.3", "completion_year": "2002", "bridge_no": "222625902017" }, "geometry": { "type": "Point", "coordinates": [ 90.3381565, 22.440268 ] } },
{ "type": "Feature", "properties": { "bridge_id": "109663", "SL": 10530, "image_pop": "8088/bms/assets/uploads/images/prudential_images/bridges/bridge_9663/1716026911.jpg", "bridge_name": "Mugarjor RCC Girder Bridge", "bridge_type": "RC Girder Bridge", "road_no": "Z7710", "zone": "Barishal", "circle": "Barishal", "division": "Pirojpur", "sub-division": "Pirojpur", "sae": "SO-Pirojpur-2", "bridge_length_(m)": 15.0, "bridge_width_(m)": 4.5, "chainage_(km)": "24+384", "xcoord": 90.031518583332996, "ycoord": 22.8078105, "map_link": "https://maps.google.com/?q=22.80781050000000000,90.03151858333300000&z=8&t=k", "bms_detail": "http://bms.rhd.gov.bd:8088/bms/bridges/detail_view/109663", "bms_inventory": "http://bms.rhd.gov.bd:8088/bms/bridges/inventory_view/109663", "keys": "[bridge_name, Bridge Name], [bridge_type,Type], [chainage_(km), Chainage (km)], [road_no, On Road], [division, Division], [subdivision, Subdivision], [bridge_length_(m), Length (m)], [bridge_width_(m), Width (m)],[map_link(=>{type:link, format:weblink}, Google Map,newtab=>),Google Map View],[bms_inventory(=>{type:link, format:weblink}, BMS Link,newtab=>), BMS Inventory],[bms_detail(=>{type:link, format:weblink},BMS Link,newtab=>), BMS Detailed View]", "f_class_color": "#e8f674", "spans": 1.0, "span_arrangement": "15", "completion_year": "1995", "bridge_no": "224828900153" }, "geometry": { "type": "Point", "coordinates": [ 90.031518583332996, 22.8078105 ] } },
{ "type": "Feature", "properties": { "bridge_id": "110062", "SL": 10560, "image_pop": "8088/bms/assets/uploads/images/prudential_images/bridges/bridge_10062/1717400084.jpg", "bridge_name": "Muktahar RCC Girder Bridge", "bridge_type": "RC Girder Bridge", "road_no": "Z8750", "zone": "Barishal", "circle": "Barishal", "division": "Pirojpur", "sub-division": "Pirojpur", "sae": "SO-Pirojpur-3", "bridge_length_(m)": 20.0, "bridge_width_(m)": 7.0, "chainage_(km)": "4+959", "xcoord": 90.118402083332995, "ycoord": 22.666910083333001, "map_link": "https://maps.google.com/?q=22.66691008333300000,90.11840208333300000&z=8&t=k", "bms_detail": "http://bms.rhd.gov.bd:8088/bms/bridges/detail_view/110062", "bms_inventory": "http://bms.rhd.gov.bd:8088/bms/bridges/inventory_view/110062", "keys": "[bridge_name, Bridge Name], [bridge_type,Type], [chainage_(km), Chainage (km)], [road_no, On Road], [division, Division], [subdivision, Subdivision], [bridge_length_(m), Length (m)], [bridge_width_(m), Width (m)],[map_link(=>{type:link, format:weblink}, Google Map,newtab=>),Google Map View],[bms_inventory(=>{type:link, format:weblink}, BMS Link,newtab=>), BMS Inventory],[bms_detail(=>{type:link, format:weblink},BMS Link,newtab=>), BMS Detailed View]", "f_class_color": "#e8f674", "spans": 1.0, "span_arrangement": "20", "completion_year": "2012", "bridge_no": "224001900706" }, "geometry": { "type": "Point", "coordinates": [ 90.118402083332995, 22.666910083333001 ] } },
{ "type": "Feature", "properties": { "bridge_id": "110085", "SL": 10561, "image_pop": "8088/bms/assets/uploads/images/prudential_images/bridges/bridge_10085/1717475878.jpg", "bridge_name": "Muktahar RCC Girder Bridge 2", "bridge_type": "RC Girder Bridge", "road_no": "Z8750", "zone": "Barishal", "circle": "Barishal", "division": "Pirojpur", "sub-division": "Kawkhali", "sae": "SO-Kawkhali-1", "bridge_length_(m)": 18.0, "bridge_width_(m)": 6.7, "chainage_(km)": "5+390", "xcoord": 90.122390194443994, "ycoord": 22.668341, "map_link": "https://maps.google.com/?q=22.66834100000000000,90.12239019444400000&z=8&t=k", "bms_detail": "http://bms.rhd.gov.bd:8088/bms/bridges/detail_view/110085", "bms_inventory": "http://bms.rhd.gov.bd:8088/bms/bridges/inventory_view/110085", "keys": "[bridge_name, Bridge Name], [bridge_type,Type], [chainage_(km), Chainage (km)], [road_no, On Road], [division, Division], [subdivision, Subdivision], [bridge_length_(m), Length (m)], [bridge_width_(m), Width (m)],[map_link(=>{type:link, format:weblink}, Google Map,newtab=>),Google Map View],[bms_inventory(=>{type:link, format:weblink}, BMS Link,newtab=>), BMS Inventory],[bms_detail(=>{type:link, format:weblink},BMS Link,newtab=>), BMS Detailed View]", "f_class_color": "#e8f674", "spans": 1.0, "span_arrangement": "18", "completion_year": "2013", "bridge_no": "224006900721" }, "geometry": { "type": "Point", "coordinates": [ 90.122390194443994, 22.668341 ] } },
{ "type": "Feature", "properties": { "bridge_id": "110182", "SL": 10572, "image_pop": "8088/bms/assets/uploads/images/prudential_images/bridges/bridge_10182/1717922664.jpg", "bridge_name": "Muladi Kajirhat RCC Girder Bridge", "bridge_type": "RC Girder Bridge", "road_no": "Z8034", "zone": "Barishal", "circle": "Barishal", "division": "Barishal", "sub-division": "Barishal -1", "sae": "SO-Barishal Sub Division-1-1", "bridge_length_(m)": 11.0, "bridge_width_(m)": 5.7, "chainage_(km)": "19+172", "xcoord": 90.389044388889005, "ycoord": 22.891845694444001, "map_link": "https://maps.google.com/?q=22.89184569444400000,90.38904438888900000&z=8&t=k", "bms_detail": "http://bms.rhd.gov.bd:8088/bms/bridges/detail_view/110182", "bms_inventory": "http://bms.rhd.gov.bd:8088/bms/bridges/inventory_view/110182", "keys": "[bridge_name, Bridge Name], [bridge_type,Type], [chainage_(km), Chainage (km)], [road_no, On Road], [division, Division], [subdivision, Subdivision], [bridge_length_(m), Length (m)], [bridge_width_(m), Width (m)],[map_link(=>{type:link, format:weblink}, Google Map,newtab=>),Google Map View],[bms_inventory(=>{type:link, format:weblink}, BMS Link,newtab=>), BMS Inventory],[bms_detail(=>{type:link, format:weblink},BMS Link,newtab=>), BMS Detailed View]", "f_class_color": "#e8f674", "spans": 1.0, "span_arrangement": "11", "completion_year": "2019", "bridge_no": "225331902320" }, "geometry": { "type": "Point", "coordinates": [ 90.389044388889005, 22.891845694444001 ] } },
{ "type": "Feature", "properties": { "bridge_id": "109355", "SL": 10684, "image_pop": "8088/bms/assets/uploads/images/prudential_images/bridges/bridge_9355/1715146738.jpg", "bridge_name": "Nachnapara Bailey Bridge", "bridge_type": "Portable Steel Bridge", "road_no": "Z8701", "zone": "Barishal", "circle": "Patuakhali", "division": "Barguna", "sub-division": "Barguna", "sae": "SO-Barguna-1", "bridge_length_(m)": 24.4, "bridge_width_(m)": 3.3, "chainage_(km)": "41+922", "xcoord": 89.962567777778006, "ycoord": 22.162830083332999, "map_link": "https://maps.google.com/?q=22.16283008333300000,89.96256777777800000&z=8&t=k", "bms_detail": "http://bms.rhd.gov.bd:8088/bms/bridges/detail_view/109355", "bms_inventory": "http://bms.rhd.gov.bd:8088/bms/bridges/inventory_view/109355", "keys": "[bridge_name, Bridge Name], [bridge_type,Type], [chainage_(km), Chainage (km)], [road_no, On Road], [division, Division], [subdivision, Subdivision], [bridge_length_(m), Length (m)], [bridge_width_(m), Width (m)],[map_link(=>{type:link, format:weblink}, Google Map,newtab=>),Google Map View],[bms_inventory(=>{type:link, format:weblink}, BMS Link,newtab=>), BMS Inventory],[bms_detail(=>{type:link, format:weblink},BMS Link,newtab=>), BMS Detailed View]", "f_class_color": "#29ffa4", "spans": 1.0, "span_arrangement": "24.4", "completion_year": "1992", "bridge_no": "220946895745" }, "geometry": { "type": "Point", "coordinates": [ 89.962567777778006, 22.162830083332999 ] } },
{ "type": "Feature", "properties": { "bridge_id": "109558", "SL": 10692, "image_pop": "8088/bms/assets/uploads/images/prudential_images/bridges/bridge_9558/1715678687.jpg", "bridge_name": "Nadmula Pc Girder Bridge", "bridge_type": "PC Girder Bridge", "road_no": "R870", "zone": "Barishal", "circle": "Barishal", "division": "Pirojpur", "sub-division": "Pirojpur", "sae": "SO-Pirojpur-1", "bridge_length_(m)": 47.4, "bridge_width_(m)": 12.2, "chainage_(km)": "19+061", "xcoord": 90.020335777778001, "ycoord": 22.488802888889001, "map_link": "https://maps.google.com/?q=22.48880288888900000,90.02033577777800000&z=8&t=k", "bms_detail": "http://bms.rhd.gov.bd:8088/bms/bridges/detail_view/109558", "bms_inventory": "http://bms.rhd.gov.bd:8088/bms/bridges/inventory_view/109558", "keys": "[bridge_name, Bridge Name], [bridge_type,Type], [chainage_(km), Chainage (km)], [road_no, On Road], [division, Division], [subdivision, Subdivision], [bridge_length_(m), Length (m)], [bridge_width_(m), Width (m)],[map_link(=>{type:link, format:weblink}, Google Map,newtab=>),Google Map View],[bms_inventory(=>{type:link, format:weblink}, BMS Link,newtab=>), BMS Inventory],[bms_detail(=>{type:link, format:weblink},BMS Link,newtab=>), BMS Detailed View]", "f_class_color": "#6ebed6", "spans": 3.0, "span_arrangement": "8.7+30+8.7", "completion_year": "2011", "bridge_no": "222919900113" }, "geometry": { "type": "Point", "coordinates": [ 90.020335777778001, 22.488802888889001 ] } },
{ "type": "Feature", "properties": { "bridge_id": "109996", "SL": 10694, "image_pop": "8088/bms/assets/uploads/images/prudential_images/bridges/bridge_9996/1717245215.jpg", "bridge_name": "Nagarbari PC Girder Bridge", "bridge_type": "PC Girder Bridge", "road_no": "Z7707", "zone": "Barishal", "circle": "Barishal", "division": "Pirojpur", "sub-division": "Pirojpur", "sae": "SO-Pirojpur-2", "bridge_length_(m)": 31.3, "bridge_width_(m)": 8.6, "chainage_(km)": "10+424", "xcoord": 90.998950277777993, "ycoord": 22.673945194443998, "map_link": "https://maps.google.com/?q=22.67394519444400000,90.99895027777800000&z=8&t=k", "bms_detail": "http://bms.rhd.gov.bd:8088/bms/bridges/detail_view/109996", "bms_inventory": "http://bms.rhd.gov.bd:8088/bms/bridges/inventory_view/109996", "keys": "[bridge_name, Bridge Name], [bridge_type,Type], [chainage_(km), Chainage (km)], [road_no, On Road], [division, Division], [subdivision, Subdivision], [bridge_length_(m), Length (m)], [bridge_width_(m), Width (m)],[map_link(=>{type:link, format:weblink}, Google Map,newtab=>),Google Map View],[bms_inventory(=>{type:link, format:weblink}, BMS Link,newtab=>), BMS Inventory],[bms_detail(=>{type:link, format:weblink},BMS Link,newtab=>), BMS Detailed View]", "f_class_color": "#6ebed6", "spans": 1.0, "span_arrangement": "31.3", "completion_year": "2011", "bridge_no": "224026905956" }, "geometry": { "type": "Point", "coordinates": [ 90.998950277777993, 22.673945194443998 ] } },
{ "type": "Feature", "properties": { "bridge_id": "110079", "SL": 10710, "image_pop": "8088/bms/assets/uploads/images/prudential_images/bridges/bridge_10079/1717472149.jpg", "bridge_name": "Naikati Bailey Bridge", "bridge_type": "Portable Steel Bridge", "road_no": "Z8033", "zone": "Barishal", "circle": "Barishal", "division": "Pirojpur", "sub-division": "Kawkhali", "sae": "SO-Kawkhali-1", "bridge_length_(m)": 86.7, "bridge_width_(m)": 3.2, "chainage_(km)": "48+230", "xcoord": 90.092149, "ycoord": 22.5914295, "map_link": "https://maps.google.com/?q=22.59142950000000000,90.09214900000000000&z=8&t=k", "bms_detail": "http://bms.rhd.gov.bd:8088/bms/bridges/detail_view/110079", "bms_inventory": "http://bms.rhd.gov.bd:8088/bms/bridges/inventory_view/110079", "keys": "[bridge_name, Bridge Name], [bridge_type,Type], [chainage_(km), Chainage (km)], [road_no, On Road], [division, Division], [subdivision, Subdivision], [bridge_length_(m), Length (m)], [bridge_width_(m), Width (m)],[map_link(=>{type:link, format:weblink}, Google Map,newtab=>),Google Map View],[bms_inventory(=>{type:link, format:weblink}, BMS Link,newtab=>), BMS Inventory],[bms_detail(=>{type:link, format:weblink},BMS Link,newtab=>), BMS Detailed View]", "f_class_color": "#29ffa4", "spans": 3.0, "span_arrangement": "31.3+30.3+25.1", "completion_year": "1999", "bridge_no": "223529900531" }, "geometry": { "type": "Point", "coordinates": [ 90.092149, 22.5914295 ] } },
{ "type": "Feature", "properties": { "bridge_id": "109760", "SL": 10793, "image_pop": "8088/bms/assets/uploads/images/prudential_images/bridges/bridge_9760/1716195532.jpg", "bridge_name": "Nangoli Rcc Girder Bridge 1", "bridge_type": "RC Girder Bridge", "road_no": "Z8703", "zone": "Barishal", "circle": "Barishal", "division": "Pirojpur", "sub-division": "Kawkhali", "sae": "SO-Kawkhali-1", "bridge_length_(m)": 8.0, "bridge_width_(m)": 4.5, "chainage_(km)": "9+145", "xcoord": 90.082431277777999, "ycoord": 22.621113388889, "map_link": "https://maps.google.com/?q=22.62111338888900000,90.08243127777800000&z=8&t=k", "bms_detail": "http://bms.rhd.gov.bd:8088/bms/bridges/detail_view/109760", "bms_inventory": "http://bms.rhd.gov.bd:8088/bms/bridges/inventory_view/109760", "keys": "[bridge_name, Bridge Name], [bridge_type,Type], [chainage_(km), Chainage (km)], [road_no, On Road], [division, Division], [subdivision, Subdivision], [bridge_length_(m), Length (m)], [bridge_width_(m), Width (m)],[map_link(=>{type:link, format:weblink}, Google Map,newtab=>),Google Map View],[bms_inventory(=>{type:link, format:weblink}, BMS Link,newtab=>), BMS Inventory],[bms_detail(=>{type:link, format:weblink},BMS Link,newtab=>), BMS Detailed View]", "f_class_color": "#e8f674", "spans": 1.0, "span_arrangement": "8", "completion_year": "1987", "bridge_no": "223716900457" }, "geometry": { "type": "Point", "coordinates": [ 90.082431277777999, 22.621113388889 ] } },
{ "type": "Feature", "properties": { "bridge_id": "109758", "SL": 10794, "image_pop": "8088/bms/assets/uploads/images/prudential_images/bridges/bridge_9758/1716194693.jpg", "bridge_name": "Nangoli RCC Girder Bridge 2", "bridge_type": "RC Girder Bridge", "road_no": "Z8703", "zone": "Barishal", "circle": "Barishal", "division": "Pirojpur", "sub-division": "Kawkhali", "sae": "SO-Kawkhali-1", "bridge_length_(m)": 11.0, "bridge_width_(m)": 4.2, "chainage_(km)": "7+805", "xcoord": 90.094566277778, "ycoord": 22.6222585, "map_link": "https://maps.google.com/?q=22.62225850000000000,90.09456627777800000&z=8&t=k", "bms_detail": "http://bms.rhd.gov.bd:8088/bms/bridges/detail_view/109758", "bms_inventory": "http://bms.rhd.gov.bd:8088/bms/bridges/inventory_view/109758", "keys": "[bridge_name, Bridge Name], [bridge_type,Type], [chainage_(km), Chainage (km)], [road_no, On Road], [division, Division], [subdivision, Subdivision], [bridge_length_(m), Length (m)], [bridge_width_(m), Width (m)],[map_link(=>{type:link, format:weblink}, Google Map,newtab=>),Google Map View],[bms_inventory(=>{type:link, format:weblink}, BMS Link,newtab=>), BMS Inventory],[bms_detail(=>{type:link, format:weblink},BMS Link,newtab=>), BMS Detailed View]", "f_class_color": "#e8f674", "spans": 1.0, "span_arrangement": "11", "completion_year": "1990", "bridge_no": "223720900540" }, "geometry": { "type": "Point", "coordinates": [ 90.094566277778, 22.6222585 ] } },
{ "type": "Feature", "properties": { "bridge_id": "109647", "SL": 10812, "image_pop": "8088/bms/assets/uploads/images/prudential_images/bridges/bridge_9647/1716012610.jpg", "bridge_name": "Naotana RCC Girder Bridge", "bridge_type": "RC Girder Bridge", "road_no": "Z7710", "zone": "Barishal", "circle": "Barishal", "division": "Pirojpur", "sub-division": "Pirojpur", "sae": "SO-Pirojpur-2", "bridge_length_(m)": 15.0, "bridge_width_(m)": 9.8, "chainage_(km)": "30+469", "xcoord": 90.002197694444007, "ycoord": 22.778700583332999, "map_link": "https://maps.google.com/?q=22.77870058333300000,90.00219769444400000&z=8&t=k", "bms_detail": "http://bms.rhd.gov.bd:8088/bms/bridges/detail_view/109647", "bms_inventory": "http://bms.rhd.gov.bd:8088/bms/bridges/inventory_view/109647", "keys": "[bridge_name, Bridge Name], [bridge_type,Type], [chainage_(km), Chainage (km)], [road_no, On Road], [division, Division], [subdivision, Subdivision], [bridge_length_(m), Length (m)], [bridge_width_(m), Width (m)],[map_link(=>{type:link, format:weblink}, Google Map,newtab=>),Google Map View],[bms_inventory(=>{type:link, format:weblink}, BMS Link,newtab=>), BMS Inventory],[bms_detail(=>{type:link, format:weblink},BMS Link,newtab=>), BMS Detailed View]", "f_class_color": "#e8f674", "spans": 1.0, "span_arrangement": "15", "completion_year": "2023", "bridge_no": "224643900008" }, "geometry": { "type": "Point", "coordinates": [ 90.002197694444007, 22.778700583332999 ] } },
{ "type": "Feature", "properties": { "bridge_id": "110187", "SL": 10890, "image_pop": "8088/bms/assets/uploads/images/prudential_images/bridges/bridge_10187/1717923402.jpg", "bridge_name": "Nawaber Hat PC Girder Bridge", "bridge_type": "PC Girder Bridge", "road_no": "Z8034", "zone": "Barishal", "circle": "Barishal", "division": "Barishal", "sub-division": "Barishal -1", "sae": "SO-Barishal Sub Division-1-2", "bridge_length_(m)": 31.8, "bridge_width_(m)": 10.4, "chainage_(km)": "21+380", "xcoord": 90.395673694444, "ycoord": 22.903235, "map_link": "https://maps.google.com/?q=22.90323500000000000,90.39567369444400000&z=8&t=k", "bms_detail": "http://bms.rhd.gov.bd:8088/bms/bridges/detail_view/110187", "bms_inventory": "http://bms.rhd.gov.bd:8088/bms/bridges/inventory_view/110187", "keys": "[bridge_name, Bridge Name], [bridge_type,Type], [chainage_(km), Chainage (km)], [road_no, On Road], [division, Division], [subdivision, Subdivision], [bridge_length_(m), Length (m)], [bridge_width_(m), Width (m)],[map_link(=>{type:link, format:weblink}, Google Map,newtab=>),Google Map View],[bms_inventory(=>{type:link, format:weblink}, BMS Link,newtab=>), BMS Inventory],[bms_detail(=>{type:link, format:weblink},BMS Link,newtab=>), BMS Detailed View]", "f_class_color": "#6ebed6", "spans": 1.0, "span_arrangement": "31.8", "completion_year": "2021", "bridge_no": "225412902344" }, "geometry": { "type": "Point", "coordinates": [ 90.395673694444, 22.903235 ] } },
{ "type": "Feature", "properties": { "bridge_id": "105988", "SL": 10909, "image_pop": "8088/bms/assets/uploads/images/prudential_images/bridges/bridge_5988/1702546642.jpg", "bridge_name": "Nazirpur Bridge", "bridge_type": "PC Girder Bridge", "road_no": "Z8913", "zone": "Barishal", "circle": "Barishal", "division": "Bhola", "sub-division": "Bhola", "sae": "SO-Bhola-2", "bridge_length_(m)": 35.0, "bridge_width_(m)": 10.2, "chainage_(km)": "5+335", "xcoord": 90.683549194443998, "ycoord": 22.3487365, "map_link": "https://maps.google.com/?q=22.34873650000000000,90.68354919444400000&z=8&t=k", "bms_detail": "http://bms.rhd.gov.bd:8088/bms/bridges/detail_view/105988", "bms_inventory": "http://bms.rhd.gov.bd:8088/bms/bridges/inventory_view/105988", "keys": "[bridge_name, Bridge Name], [bridge_type,Type], [chainage_(km), Chainage (km)], [road_no, On Road], [division, Division], [subdivision, Subdivision], [bridge_length_(m), Length (m)], [bridge_width_(m), Width (m)],[map_link(=>{type:link, format:weblink}, Google Map,newtab=>),Google Map View],[bms_inventory(=>{type:link, format:weblink}, BMS Link,newtab=>), BMS Inventory],[bms_detail(=>{type:link, format:weblink},BMS Link,newtab=>), BMS Detailed View]", "f_class_color": "#6ebed6", "spans": 1.0, "span_arrangement": "35", "completion_year": "2023", "bridge_no": "222055904101" }, "geometry": { "type": "Point", "coordinates": [ 90.683549194443998, 22.3487365 ] } },
{ "type": "Feature", "properties": { "bridge_id": "109852", "SL": 10910, "image_pop": "8088/bms/assets/uploads/images/prudential_images/bridges/bridge_9852/1716955977.jpg", "bridge_name": "Nazirpur PC and RCC Girder Bridge", "bridge_type": "PC Girder Bridge", "road_no": "Z7704", "zone": "Barishal", "circle": "Barishal", "division": "Pirojpur", "sub-division": "Pirojpur", "sae": "SO-Pirojpur-2", "bridge_length_(m)": 110.0, "bridge_width_(m)": 9.6, "chainage_(km)": "14+861", "xcoord": 89.967321, "ycoord": 22.707452388888999, "map_link": "https://maps.google.com/?q=22.70745238888900000,89.96732100000000000&z=8&t=k", "bms_detail": "http://bms.rhd.gov.bd:8088/bms/bridges/detail_view/109852", "bms_inventory": "http://bms.rhd.gov.bd:8088/bms/bridges/inventory_view/109852", "keys": "[bridge_name, Bridge Name], [bridge_type,Type], [chainage_(km), Chainage (km)], [road_no, On Road], [division, Division], [subdivision, Subdivision], [bridge_length_(m), Length (m)], [bridge_width_(m), Width (m)],[map_link(=>{type:link, format:weblink}, Google Map,newtab=>),Google Map View],[bms_inventory(=>{type:link, format:weblink}, BMS Link,newtab=>), BMS Inventory],[bms_detail(=>{type:link, format:weblink},BMS Link,newtab=>), BMS Detailed View]", "f_class_color": "#6ebed6", "spans": 3.0, "span_arrangement": "24+43+43", "completion_year": "2003", "bridge_no": "224227895802" }, "geometry": { "type": "Point", "coordinates": [ 89.967321, 22.707452388888999 ] } },
{ "type": "Feature", "properties": { "bridge_id": "109559", "SL": 10911, "image_pop": "8088/bms/assets/uploads/images/prudential_images/bridges/bridge_9559/1715683837.jpg", "bridge_name": "Nazirpur RCC Girder Bridge", "bridge_type": "RC Girder Bridge", "road_no": "Z7710", "zone": "Barishal", "circle": "Barishal", "division": "Pirojpur", "sub-division": "Pirojpur", "sae": "SO-Pirojpur-2", "bridge_length_(m)": 5.2, "bridge_width_(m)": 4.6, "chainage_(km)": "38+608", "xcoord": 89.975671388888998, "ycoord": 22.714494083333001, "map_link": "https://maps.google.com/?q=22.71449408333300000,89.97567138888900000&z=8&t=k", "bms_detail": "http://bms.rhd.gov.bd:8088/bms/bridges/detail_view/109559", "bms_inventory": "http://bms.rhd.gov.bd:8088/bms/bridges/inventory_view/109559", "keys": "[bridge_name, Bridge Name], [bridge_type,Type], [chainage_(km), Chainage (km)], [road_no, On Road], [division, Division], [subdivision, Subdivision], [bridge_length_(m), Length (m)], [bridge_width_(m), Width (m)],[map_link(=>{type:link, format:weblink}, Google Map,newtab=>),Google Map View],[bms_inventory(=>{type:link, format:weblink}, BMS Link,newtab=>), BMS Inventory],[bms_detail(=>{type:link, format:weblink},BMS Link,newtab=>), BMS Detailed View]", "f_class_color": "#e8f674", "spans": 1.0, "span_arrangement": "5.2", "completion_year": "1980", "bridge_no": "224252895842" }, "geometry": { "type": "Point", "coordinates": [ 89.975671388888998, 22.714494083333001 ] } },
{ "type": "Feature", "properties": { "bridge_id": "110298", "SL": 10927, "image_pop": "8088/bms/assets/uploads/images/prudential_images/bridges/bridge_10298/1718080619.jpg", "bridge_name": "Nehalganj Bridge", "bridge_type": "PC Girder Bridge", "road_no": "Z8910", "zone": "Barishal", "circle": "Barishal", "division": "Barishal", "sub-division": "Barishal-2", "sae": "SO-Barishal Sub Division-2-2", "bridge_length_(m)": 622.32, "bridge_width_(m)": 10.25, "chainage_(km)": "7+860", "xcoord": 90.472068083332999, "ycoord": 22.6539595, "map_link": "https://maps.google.com/?q=22.65395950000000000,90.47206808333300000&z=8&t=k", "bms_detail": "http://bms.rhd.gov.bd:8088/bms/bridges/detail_view/110298", "bms_inventory": "http://bms.rhd.gov.bd:8088/bms/bridges/inventory_view/110298", "keys": "[bridge_name, Bridge Name], [bridge_type,Type], [chainage_(km), Chainage (km)], [road_no, On Road], [division, Division], [subdivision, Subdivision], [bridge_length_(m), Length (m)], [bridge_width_(m), Width (m)],[map_link(=>{type:link, format:weblink}, Google Map,newtab=>),Google Map View],[bms_inventory(=>{type:link, format:weblink}, BMS Link,newtab=>), BMS Inventory],[bms_detail(=>{type:link, format:weblink},BMS Link,newtab=>), BMS Detailed View]", "f_class_color": "#6ebed6", "spans": null, "span_arrangement": null, "completion_year": null, "bridge_no": null }, "geometry": { "type": "Point", "coordinates": [ 90.472068083332999, 22.6539595 ] } },
{ "type": "Feature", "properties": { "bridge_id": "108126", "SL": 10931, "image_pop": "8088/bms/assets/uploads/images/prudential_images/bridges/bridge_8126/1710912908.jpg", "bridge_name": "Nehalpur RCC Girder Bridge", "bridge_type": "RC Girder Bridge", "road_no": "Z8716", "zone": "Barishal", "circle": "Barishal", "division": "Jhalokati", "sub-division": "Jhalokati", "sae": "SO-Jhalokati-1", "bridge_length_(m)": 7.1, "bridge_width_(m)": 4.1, "chainage_(km)": "2+192", "xcoord": 90.177820388889003, "ycoord": 22.668693388889, "map_link": "https://maps.google.com/?q=22.66869338888900000,90.17782038888900000&z=8&t=k", "bms_detail": "http://bms.rhd.gov.bd:8088/bms/bridges/detail_view/108126", "bms_inventory": "http://bms.rhd.gov.bd:8088/bms/bridges/inventory_view/108126", "keys": "[bridge_name, Bridge Name], [bridge_type,Type], [chainage_(km), Chainage (km)], [road_no, On Road], [division, Division], [subdivision, Subdivision], [bridge_length_(m), Length (m)], [bridge_width_(m), Width (m)],[map_link(=>{type:link, format:weblink}, Google Map,newtab=>),Google Map View],[bms_inventory(=>{type:link, format:weblink}, BMS Link,newtab=>), BMS Inventory],[bms_detail(=>{type:link, format:weblink},BMS Link,newtab=>), BMS Detailed View]", "f_class_color": "#e8f674", "spans": 1.0, "span_arrangement": "7.1", "completion_year": "1987", "bridge_no": "224007901040" }, "geometry": { "type": "Point", "coordinates": [ 90.177820388889003, 22.668693388889 ] } },
{ "type": "Feature", "properties": { "bridge_id": "106530", "SL": 10942, "image_pop": "8088/bms/assets/uploads/images/prudential_images/bridges/bridge_6530/1705465235.jpeg", "bridge_name": "New Dumki PC Girder Bridge", "bridge_type": "PC Girder Bridge", "road_no": "Z8806", "zone": "Barishal", "circle": "Patuakhali", "division": "Patuakhali", "sub-division": "Patuakhali", "sae": "SO-Patuakhali-2", "bridge_length_(m)": 81.7, "bridge_width_(m)": 10.3, "chainage_(km)": "0+221", "xcoord": 90.343299277778002, "ycoord": 22.453781888889001, "map_link": "https://maps.google.com/?q=22.45378188888900000,90.34329927777800000&z=8&t=k", "bms_detail": "http://bms.rhd.gov.bd:8088/bms/bridges/detail_view/106530", "bms_inventory": "http://bms.rhd.gov.bd:8088/bms/bridges/inventory_view/106530", "keys": "[bridge_name, Bridge Name], [bridge_type,Type], [chainage_(km), Chainage (km)], [road_no, On Road], [division, Division], [subdivision, Subdivision], [bridge_length_(m), Length (m)], [bridge_width_(m), Width (m)],[map_link(=>{type:link, format:weblink}, Google Map,newtab=>),Google Map View],[bms_inventory(=>{type:link, format:weblink}, BMS Link,newtab=>), BMS Inventory],[bms_detail(=>{type:link, format:weblink},BMS Link,newtab=>), BMS Detailed View]", "f_class_color": "#6ebed6", "spans": 3.0, "span_arrangement": "16.1+49.5+16.1", "completion_year": "2015", "bridge_no": "222715902038" }, "geometry": { "type": "Point", "coordinates": [ 90.343299277778002, 22.453781888889001 ] } },
{ "type": "Feature", "properties": { "bridge_id": "107304", "SL": 10971, "image_pop": "8088/bms/assets/img/no_picture.png", "bridge_name": "Nilkhola Bridge", "bridge_type": "RC Girder Bridge", "road_no": "N8", "zone": "Barishal", "circle": "Barishal", "division": "Barishal", "sub-division": "Barishal -1", "sae": "SO-Barishal Sub Division-1-1", "bridge_length_(m)": 31.6, "bridge_width_(m)": 8.85, "chainage_(km)": "123+161", "xcoord": 90.222216, "ycoord": 23.00345, "map_link": "https://maps.google.com/?q=23.00345000000000000,90.22221600000000000&z=8&t=k", "bms_detail": "http://bms.rhd.gov.bd:8088/bms/bridges/detail_view/107304", "bms_inventory": "http://bms.rhd.gov.bd:8088/bms/bridges/inventory_view/107304", "keys": "[bridge_name, Bridge Name], [bridge_type,Type], [chainage_(km), Chainage (km)], [road_no, On Road], [division, Division], [subdivision, Subdivision], [bridge_length_(m), Length (m)], [bridge_width_(m), Width (m)],[map_link(=>{type:link, format:weblink}, Google Map,newtab=>),Google Map View],[bms_inventory(=>{type:link, format:weblink}, BMS Link,newtab=>), BMS Inventory],[bms_detail(=>{type:link, format:weblink},BMS Link,newtab=>), BMS Detailed View]", "f_class_color": "#e8f674", "spans": 3.0, "span_arrangement": "9.5+12.6+9.5", "completion_year": "1950", "bridge_no": "2301242090131" }, "geometry": { "type": "Point", "coordinates": [ 90.222216, 23.00345 ] } },
{ "type": "Feature", "properties": { "bridge_id": "108066", "SL": 11082, "image_pop": "8088/bms/assets/uploads/images/prudential_images/bridges/bridge_8066/1710754217.jpg", "bridge_name": "Nobogram PC Girder Bridge", "bridge_type": "PC Girder Bridge", "road_no": "Z8704", "zone": "Barishal", "circle": "Barishal", "division": "Jhalokati", "sub-division": "Jhalokati", "sae": "SO-Jhalokati-1", "bridge_length_(m)": 69.7, "bridge_width_(m)": 7.6, "chainage_(km)": "10+128", "xcoord": 90.2090745, "ycoord": 22.727955083333001, "map_link": "https://maps.google.com/?q=22.72795508333300000,90.20907450000000000&z=8&t=k", "bms_detail": "http://bms.rhd.gov.bd:8088/bms/bridges/detail_view/108066", "bms_inventory": "http://bms.rhd.gov.bd:8088/bms/bridges/inventory_view/108066", "keys": "[bridge_name, Bridge Name], [bridge_type,Type], [chainage_(km), Chainage (km)], [road_no, On Road], [division, Division], [subdivision, Subdivision], [bridge_length_(m), Length (m)], [bridge_width_(m), Width (m)],[map_link(=>{type:link, format:weblink}, Google Map,newtab=>),Google Map View],[bms_inventory(=>{type:link, format:weblink}, BMS Link,newtab=>), BMS Inventory],[bms_detail(=>{type:link, format:weblink},BMS Link,newtab=>), BMS Detailed View]", "f_class_color": "#6ebed6", "spans": 4.0, "span_arrangement": "6.5+16+31.3+15.9", "completion_year": "2002", "bridge_no": "224341901233" }, "geometry": { "type": "Point", "coordinates": [ 90.2090745, 22.727955083333001 ] } },
{ "type": "Feature", "properties": { "bridge_id": "109528", "SL": 11103, "image_pop": "8088/bms/assets/uploads/images/prudential_images/bridges/bridge_9528/1715595300.jpg", "bridge_name": "Noikhati Bailey Bridge", "bridge_type": "Portable Steel Bridge", "road_no": "Z8702", "zone": "Barishal", "circle": "Barishal", "division": "Jhalokati", "sub-division": "Jhalokati", "sae": "SO-Jhalokati-2", "bridge_length_(m)": 33.5, "bridge_width_(m)": 3.5, "chainage_(km)": "6+630", "xcoord": 90.07472, "ycoord": 22.581769083333, "map_link": "https://maps.google.com/?q=22.58176908333300000,90.07472000000000000&z=8&t=k", "bms_detail": "http://bms.rhd.gov.bd:8088/bms/bridges/detail_view/109528", "bms_inventory": "http://bms.rhd.gov.bd:8088/bms/bridges/inventory_view/109528", "keys": "[bridge_name, Bridge Name], [bridge_type,Type], [chainage_(km), Chainage (km)], [road_no, On Road], [division, Division], [subdivision, Subdivision], [bridge_length_(m), Length (m)], [bridge_width_(m), Width (m)],[map_link(=>{type:link, format:weblink}, Google Map,newtab=>),Google Map View],[bms_inventory(=>{type:link, format:weblink}, BMS Link,newtab=>), BMS Inventory],[bms_detail(=>{type:link, format:weblink},BMS Link,newtab=>), BMS Detailed View]", "f_class_color": "#29ffa4", "spans": 1.0, "span_arrangement": "33.5", "completion_year": "2003", "bridge_no": "223454900429" }, "geometry": { "type": "Point", "coordinates": [ 90.07472, 22.581769083333 ] } },
{ "type": "Feature", "properties": { "bridge_id": "110141", "SL": 11180, "image_pop": "8088/bms/assets/uploads/images/prudential_images/bridges/bridge_10141/1717838898.jpg", "bridge_name": "Norkhali RCC Girder Bridge", "bridge_type": "RC Girder Bridge", "road_no": "Z7707", "zone": "Barishal", "circle": "Barishal", "division": "Pirojpur", "sub-division": "Pirojpur", "sae": "SO-Pirojpur-2", "bridge_length_(m)": 20.8, "bridge_width_(m)": 4.8, "chainage_(km)": "0+000", "xcoord": 90.011502694444005, "ycoord": 22.597131, "map_link": "https://maps.google.com/?q=22.59713100000000000,90.01150269444400000&z=8&t=k", "bms_detail": "http://bms.rhd.gov.bd:8088/bms/bridges/detail_view/110141", "bms_inventory": "http://bms.rhd.gov.bd:8088/bms/bridges/inventory_view/110141", "keys": "[bridge_name, Bridge Name], [bridge_type,Type], [chainage_(km), Chainage (km)], [road_no, On Road], [division, Division], [subdivision, Subdivision], [bridge_length_(m), Length (m)], [bridge_width_(m), Width (m)],[map_link(=>{type:link, format:weblink}, Google Map,newtab=>),Google Map View],[bms_inventory(=>{type:link, format:weblink}, BMS Link,newtab=>), BMS Inventory],[bms_detail(=>{type:link, format:weblink},BMS Link,newtab=>), BMS Detailed View]", "f_class_color": "#e8f674", "spans": 1.0, "span_arrangement": "20.8", "completion_year": "1985", "bridge_no": "223550900041" }, "geometry": { "type": "Point", "coordinates": [ 90.011502694444005, 22.597131 ] } },
{ "type": "Feature", "properties": { "bridge_id": "109479", "SL": 11220, "image_pop": "8088/bms/assets/uploads/images/prudential_images/bridges/bridge_9479/1715488237.jpg", "bridge_name": "North Chenchri Steel Girder Bridge 2", "bridge_type": "Steel Girder Bridge", "road_no": "Z8740", "zone": "Barishal", "circle": "Barishal", "division": "Jhalokati", "sub-division": "Jhalokati", "sae": "SO-Jhalokati-2", "bridge_length_(m)": 22.7, "bridge_width_(m)": 3.6, "chainage_(km)": "3+642", "xcoord": 90.088593388888995, "ycoord": 22.427419777777999, "map_link": "https://maps.google.com/?q=22.42741977777800000,90.08859338888900000&z=8&t=k", "bms_detail": "http://bms.rhd.gov.bd:8088/bms/bridges/detail_view/109479", "bms_inventory": "http://bms.rhd.gov.bd:8088/bms/bridges/inventory_view/109479", "keys": "[bridge_name, Bridge Name], [bridge_type,Type], [chainage_(km), Chainage (km)], [road_no, On Road], [division, Division], [subdivision, Subdivision], [bridge_length_(m), Length (m)], [bridge_width_(m), Width (m)],[map_link(=>{type:link, format:weblink}, Google Map,newtab=>),Google Map View],[bms_inventory(=>{type:link, format:weblink}, BMS Link,newtab=>), BMS Inventory],[bms_detail(=>{type:link, format:weblink},BMS Link,newtab=>), BMS Detailed View]", "f_class_color": "#b15dec", "spans": 3.0, "span_arrangement": "7.3+8.1+7.3", "completion_year": "2000", "bridge_no": "222539900519" }, "geometry": { "type": "Point", "coordinates": [ 90.088593388888995, 22.427419777777999 ] } },
{ "type": "Feature", "properties": { "bridge_id": "108935", "SL": 11221, "image_pop": "8088/bms/assets/uploads/images/prudential_images/bridges/bridge_8935/1713694860.jpg", "bridge_name": "North Chorail Bailey Bridge", "bridge_type": "Portable Steel Bridge", "road_no": "Z8708", "zone": "Barishal", "circle": "Barishal", "division": "Jhalokati", "sub-division": "Jhalokati", "sae": "SO-Jhalokati-2", "bridge_length_(m)": 31.0, "bridge_width_(m)": 3.6, "chainage_(km)": "8+193", "xcoord": 90.139725, "ycoord": 22.5031555, "map_link": "https://maps.google.com/?q=22.50315550000000000,90.13972500000000000&z=8&t=k", "bms_detail": "http://bms.rhd.gov.bd:8088/bms/bridges/detail_view/108935", "bms_inventory": "http://bms.rhd.gov.bd:8088/bms/bridges/inventory_view/108935", "keys": "[bridge_name, Bridge Name], [bridge_type,Type], [chainage_(km), Chainage (km)], [road_no, On Road], [division, Division], [subdivision, Subdivision], [bridge_length_(m), Length (m)], [bridge_width_(m), Width (m)],[map_link(=>{type:link, format:weblink}, Google Map,newtab=>),Google Map View],[bms_inventory(=>{type:link, format:weblink}, BMS Link,newtab=>), BMS Inventory],[bms_detail(=>{type:link, format:weblink},BMS Link,newtab=>), BMS Detailed View]", "f_class_color": "#29ffa4", "spans": 1.0, "span_arrangement": "31", "completion_year": "1994", "bridge_no": "223011900823" }, "geometry": { "type": "Point", "coordinates": [ 90.139725, 22.5031555 ] } },
{ "type": "Feature", "properties": { "bridge_id": "105991", "SL": 11249, "image_pop": "8088/bms/assets/uploads/images/prudential_images/bridges/bridge_5991/1702548935.jpg", "bridge_name": "North Peshkarhawla Bridge", "bridge_type": "RC Girder Bridge", "road_no": "Z8913", "zone": "Barishal", "circle": "Barishal", "division": "Bhola", "sub-division": "Bhola", "sae": "SO-Bhola-2", "bridge_length_(m)": 25.8, "bridge_width_(m)": 5.6, "chainage_(km)": "9+274", "xcoord": 90.7152345, "ycoord": 22.3363735, "map_link": "https://maps.google.com/?q=22.33637350000000000,90.71523450000000000&z=8&t=k", "bms_detail": "http://bms.rhd.gov.bd:8088/bms/bridges/detail_view/105991", "bms_inventory": "http://bms.rhd.gov.bd:8088/bms/bridges/inventory_view/105991", "keys": "[bridge_name, Bridge Name], [bridge_type,Type], [chainage_(km), Chainage (km)], [road_no, On Road], [division, Division], [subdivision, Subdivision], [bridge_length_(m), Length (m)], [bridge_width_(m), Width (m)],[map_link(=>{type:link, format:weblink}, Google Map,newtab=>),Google Map View],[bms_inventory(=>{type:link, format:weblink}, BMS Link,newtab=>), BMS Inventory],[bms_detail(=>{type:link, format:weblink},BMS Link,newtab=>), BMS Detailed View]", "f_class_color": "#e8f674", "spans": 3.0, "span_arrangement": "8.5+8.8+8.5", "completion_year": "1988", "bridge_no": "222011904255" }, "geometry": { "type": "Point", "coordinates": [ 90.7152345, 22.3363735 ] } },
{ "type": "Feature", "properties": { "bridge_id": "109612", "SL": 11255, "image_pop": "8088/bms/assets/uploads/images/prudential_images/bridges/bridge_9612/1715845260.jpg", "bridge_name": "North Sakusia RCC Girder Bridge", "bridge_type": "RC Girder Bridge", "road_no": "Z8905", "zone": "Barishal", "circle": "Barishal", "division": "Bhola", "sub-division": "Bhola", "sae": "SO-Bhola-3", "bridge_length_(m)": 18.0, "bridge_width_(m)": 6.3, "chainage_(km)": "16+800", "xcoord": 90.938597083332994, "ycoord": 22.194624583332999, "map_link": "https://maps.google.com/?q=22.19462458333300000,90.93859708333300000&z=8&t=k", "bms_detail": "http://bms.rhd.gov.bd:8088/bms/bridges/detail_view/109612", "bms_inventory": "http://bms.rhd.gov.bd:8088/bms/bridges/inventory_view/109612", "keys": "[bridge_name, Bridge Name], [bridge_type,Type], [chainage_(km), Chainage (km)], [road_no, On Road], [division, Division], [subdivision, Subdivision], [bridge_length_(m), Length (m)], [bridge_width_(m), Width (m)],[map_link(=>{type:link, format:weblink}, Google Map,newtab=>),Google Map View],[bms_inventory(=>{type:link, format:weblink}, BMS Link,newtab=>), BMS Inventory],[bms_detail(=>{type:link, format:weblink},BMS Link,newtab=>), BMS Detailed View]", "f_class_color": "#e8f674", "spans": 1.0, "span_arrangement": "18", "completion_year": "2023", "bridge_no": "221141905619" }, "geometry": { "type": "Point", "coordinates": [ 90.938597083332994, 22.194624583332999 ] } },
{ "type": "Feature", "properties": { "bridge_id": "106375", "SL": 11272, "image_pop": "8088/bms/assets/uploads/images/prudential_images/bridges/bridge_6375/1704878955.jpg", "bridge_name": "North Veduria Bridge 1", "bridge_type": "PC Girder Bridge", "road_no": "Z8911", "zone": "Barishal", "circle": "Barishal", "division": "Bhola", "sub-division": "Bhola", "sae": "SO-Bhola-1", "bridge_length_(m)": 31.5, "bridge_width_(m)": 10.9, "chainage_(km)": "10+700", "xcoord": 90.581569, "ycoord": 22.6954375, "map_link": "https://maps.google.com/?q=22.69543750000000000,90.58156900000000000&z=8&t=k", "bms_detail": "http://bms.rhd.gov.bd:8088/bms/bridges/detail_view/106375", "bms_inventory": "http://bms.rhd.gov.bd:8088/bms/bridges/inventory_view/106375", "keys": "[bridge_name, Bridge Name], [bridge_type,Type], [chainage_(km), Chainage (km)], [road_no, On Road], [division, Division], [subdivision, Subdivision], [bridge_length_(m), Length (m)], [bridge_width_(m), Width (m)],[map_link(=>{type:link, format:weblink}, Google Map,newtab=>),Google Map View],[bms_inventory(=>{type:link, format:weblink}, BMS Link,newtab=>), BMS Inventory],[bms_detail(=>{type:link, format:weblink},BMS Link,newtab=>), BMS Detailed View]", "f_class_color": "#6ebed6", "spans": 1.0, "span_arrangement": "31.5", "completion_year": "1998", "bridge_no": "224144903454" }, "geometry": { "type": "Point", "coordinates": [ 90.581569, 22.6954375 ] } },
{ "type": "Feature", "properties": { "bridge_id": "106378", "SL": 11273, "image_pop": "8088/bms/assets/uploads/images/prudential_images/bridges/bridge_6378/1704880576.jpg", "bridge_name": "North Veduria Bridge 2", "bridge_type": "PC Girder Bridge", "road_no": "Z8911", "zone": "Barishal", "circle": "Barishal", "division": "Bhola", "sub-division": "Bhola", "sae": "SO-Bhola-1", "bridge_length_(m)": 23.0, "bridge_width_(m)": 8.4, "chainage_(km)": "11+200", "xcoord": 90.575225888888994, "ycoord": 22.697435694444, "map_link": "https://maps.google.com/?q=22.69743569444400000,90.57522588888900000&z=8&t=k", "bms_detail": "http://bms.rhd.gov.bd:8088/bms/bridges/detail_view/106378", "bms_inventory": "http://bms.rhd.gov.bd:8088/bms/bridges/inventory_view/106378", "keys": "[bridge_name, Bridge Name], [bridge_type,Type], [chainage_(km), Chainage (km)], [road_no, On Road], [division, Division], [subdivision, Subdivision], [bridge_length_(m), Length (m)], [bridge_width_(m), Width (m)],[map_link(=>{type:link, format:weblink}, Google Map,newtab=>),Google Map View],[bms_inventory(=>{type:link, format:weblink}, BMS Link,newtab=>), BMS Inventory],[bms_detail(=>{type:link, format:weblink},BMS Link,newtab=>), BMS Detailed View]", "f_class_color": "#6ebed6", "spans": 1.0, "span_arrangement": "23", "completion_year": "2005", "bridge_no": "224151903431" }, "geometry": { "type": "Point", "coordinates": [ 90.575225888888994, 22.697435694444 ] } },
{ "type": "Feature", "properties": { "bridge_id": "110092", "SL": 11279, "image_pop": "8088/bms/assets/uploads/images/prudential_images/bridges/bridge_10092/1717494263.jpg", "bridge_name": "North-East Karfa PC Girder Bridge", "bridge_type": "PC Girder Bridge", "road_no": "Z7707", "zone": "Barishal", "circle": "Barishal", "division": "Pirojpur", "sub-division": "Pirojpur", "sae": "SO-Pirojpur-2", "bridge_length_(m)": 31.2, "bridge_width_(m)": 10.1, "chainage_(km)": "24+408", "xcoord": 90.058213, "ycoord": 22.721304, "map_link": "https://maps.google.com/?q=22.72130400000000000,90.05821300000000000&z=8&t=k", "bms_detail": "http://bms.rhd.gov.bd:8088/bms/bridges/detail_view/110092", "bms_inventory": "http://bms.rhd.gov.bd:8088/bms/bridges/inventory_view/110092", "keys": "[bridge_name, Bridge Name], [bridge_type,Type], [chainage_(km), Chainage (km)], [road_no, On Road], [division, Division], [subdivision, Subdivision], [bridge_length_(m), Length (m)], [bridge_width_(m), Width (m)],[map_link(=>{type:link, format:weblink}, Google Map,newtab=>),Google Map View],[bms_inventory(=>{type:link, format:weblink}, BMS Link,newtab=>), BMS Inventory],[bms_detail(=>{type:link, format:weblink},BMS Link,newtab=>), BMS Detailed View]", "f_class_color": "#6ebed6", "spans": 1.0, "span_arrangement": "31.2", "completion_year": "2014", "bridge_no": "224317900330" }, "geometry": { "type": "Point", "coordinates": [ 90.058213, 22.721304 ] } },
{ "type": "Feature", "properties": { "bridge_id": "106932", "SL": 11432, "image_pop": "8088/bms/assets/uploads/images/prudential_images/bridges/bridge_6932/1706695743.jpg", "bridge_name": "Nur Miar Hat Bridge", "bridge_type": "RC Girder Bridge", "road_no": "Z8917", "zone": "Barishal", "circle": "Barishal", "division": "Bhola", "sub-division": "Bhola", "sae": "SO-Bhola-1", "bridge_length_(m)": 11.7, "bridge_width_(m)": 4.8, "chainage_(km)": "10+530", "xcoord": 90.714844583333004, "ycoord": 22.564566388888998, "map_link": "https://maps.google.com/?q=22.56456638888900000,90.71484458333300000&z=8&t=k", "bms_detail": "http://bms.rhd.gov.bd:8088/bms/bridges/detail_view/106932", "bms_inventory": "http://bms.rhd.gov.bd:8088/bms/bridges/inventory_view/106932", "keys": "[bridge_name, Bridge Name], [bridge_type,Type], [chainage_(km), Chainage (km)], [road_no, On Road], [division, Division], [subdivision, Subdivision], [bridge_length_(m), Length (m)], [bridge_width_(m), Width (m)],[map_link(=>{type:link, format:weblink}, Google Map,newtab=>),Google Map View],[bms_inventory(=>{type:link, format:weblink}, BMS Link,newtab=>), BMS Inventory],[bms_detail(=>{type:link, format:weblink},BMS Link,newtab=>), BMS Detailed View]", "f_class_color": "#e8f674", "spans": 1.0, "span_arrangement": "11.7", "completion_year": "1993", "bridge_no": "223352904253" }, "geometry": { "type": "Point", "coordinates": [ 90.714844583333004, 22.564566388888998 ] } },
{ "type": "Feature", "properties": { "bridge_id": "106949", "SL": 11437, "image_pop": "8088/bms/assets/uploads/images/prudential_images/bridges/bridge_6949/1706780820.jpg", "bridge_name": "Nurainpur RCC Girder Bridge", "bridge_type": "RC Girder Bridge", "road_no": "Z8910", "zone": "Barishal", "circle": "Patuakhali", "division": "Patuakhali", "sub-division": "Patuakhali", "sae": "SO-Patuakhali-2", "bridge_length_(m)": 20.1, "bridge_width_(m)": 7.4, "chainage_(km)": "33+874", "xcoord": 90.558856, "ycoord": 22.471740083333, "map_link": "https://maps.google.com/?q=22.47174008333300000,90.55885600000000000&z=8&t=k", "bms_detail": "http://bms.rhd.gov.bd:8088/bms/bridges/detail_view/106949", "bms_inventory": "http://bms.rhd.gov.bd:8088/bms/bridges/inventory_view/106949", "keys": "[bridge_name, Bridge Name], [bridge_type,Type], [chainage_(km), Chainage (km)], [road_no, On Road], [division, Division], [subdivision, Subdivision], [bridge_length_(m), Length (m)], [bridge_width_(m), Width (m)],[map_link(=>{type:link, format:weblink}, Google Map,newtab=>),Google Map View],[bms_inventory(=>{type:link, format:weblink}, BMS Link,newtab=>), BMS Inventory],[bms_detail(=>{type:link, format:weblink},BMS Link,newtab=>), BMS Detailed View]", "f_class_color": "#e8f674", "spans": 1.0, "span_arrangement": "20.1", "completion_year": "2015", "bridge_no": "222818903331" }, "geometry": { "type": "Point", "coordinates": [ 90.558856, 22.471740083333 ] } },
{ "type": "Feature", "properties": { "bridge_id": "105433", "SL": 11493, "image_pop": "8088/bms/assets/uploads/images/prudential_images/bridges/bridge_5433/1699761620.jpg", "bridge_name": "Omarerpar Tulatola Bridge", "bridge_type": "RC Girder Bridge", "road_no": "Z7710", "zone": "Barishal", "circle": "Barishal", "division": "Barishal", "sub-division": "Barishal -1", "sae": "SO-Barishal Sub Division-1-2", "bridge_length_(m)": 20.1, "bridge_width_(m)": 6.8, "chainage_(km)": "14+960", "xcoord": 90.061627777778, "ycoord": 22.822630555556, "map_link": "https://maps.google.com/?q=22.82263055555600000,90.06162777777800000&z=8&t=k", "bms_detail": "http://bms.rhd.gov.bd:8088/bms/bridges/detail_view/105433", "bms_inventory": "http://bms.rhd.gov.bd:8088/bms/bridges/inventory_view/105433", "keys": "[bridge_name, Bridge Name], [bridge_type,Type], [chainage_(km), Chainage (km)], [road_no, On Road], [division, Division], [subdivision, Subdivision], [bridge_length_(m), Length (m)], [bridge_width_(m), Width (m)],[map_link(=>{type:link, format:weblink}, Google Map,newtab=>),Google Map View],[bms_inventory(=>{type:link, format:weblink}, BMS Link,newtab=>), BMS Inventory],[bms_detail(=>{type:link, format:weblink},BMS Link,newtab=>), BMS Detailed View]", "f_class_color": "#e8f674", "spans": 1.0, "span_arrangement": "20.1", "completion_year": "2014", "bridge_no": "2282433900619" }, "geometry": { "type": "Point", "coordinates": [ 90.061627777778, 22.822630555556 ] } },
{ "type": "Feature", "properties": { "bridge_id": "110314", "SL": 11569, "image_pop": "8088/bms/assets/img/no_picture.png", "bridge_name": "Padmabunia Bazar Bridge 2", "bridge_type": "RC Girder Bridge", "road_no": "Z7710", "zone": "Barishal", "circle": "Barishal", "division": "Barishal", "sub-division": "Barishal -1", "sae": "SO-Barishal Sub Division-1-2", "bridge_length_(m)": 15.7, "bridge_width_(m)": 7.0, "chainage_(km)": "14+110", "xcoord": 90.0593315, "ycoord": 22.815686, "map_link": "https://maps.google.com/?q=22.81568600000000000,90.05933150000000000&z=8&t=k", "bms_detail": "http://bms.rhd.gov.bd:8088/bms/bridges/detail_view/110314", "bms_inventory": "http://bms.rhd.gov.bd:8088/bms/bridges/inventory_view/110314", "keys": "[bridge_name, Bridge Name], [bridge_type,Type], [chainage_(km), Chainage (km)], [road_no, On Road], [division, Division], [subdivision, Subdivision], [bridge_length_(m), Length (m)], [bridge_width_(m), Width (m)],[map_link(=>{type:link, format:weblink}, Google Map,newtab=>),Google Map View],[bms_inventory(=>{type:link, format:weblink}, BMS Link,newtab=>), BMS Inventory],[bms_detail(=>{type:link, format:weblink},BMS Link,newtab=>), BMS Detailed View]", "f_class_color": "#e8f674", "spans": 1.0, "span_arrangement": "15.7", "completion_year": "2013", "bridge_no": "224856900334" }, "geometry": { "type": "Point", "coordinates": [ 90.0593315, 22.815686 ] } },
{ "type": "Feature", "properties": { "bridge_id": "105421", "SL": 11570, "image_pop": "8088/bms/assets/uploads/images/prudential_images/bridges/bridge_5421/1699679275.jpg", "bridge_name": "Padmabunia Bazar Bridge 3", "bridge_type": "RC Girder Bridge", "road_no": "Z7710", "zone": "Barishal", "circle": "Barishal", "division": "Barishal", "sub-division": "Barishal -1", "sae": "SO-Barishal Sub Division-1-2", "bridge_length_(m)": 15.7, "bridge_width_(m)": 7.0, "chainage_(km)": "14+220", "xcoord": 90.0597028, "ycoord": 22.8166028, "map_link": "https://maps.google.com/?q=22.81660280000000000,90.05970280000000000&z=8&t=k", "bms_detail": "http://bms.rhd.gov.bd:8088/bms/bridges/detail_view/105421", "bms_inventory": "http://bms.rhd.gov.bd:8088/bms/bridges/inventory_view/105421", "keys": "[bridge_name, Bridge Name], [bridge_type,Type], [chainage_(km), Chainage (km)], [road_no, On Road], [division, Division], [subdivision, Subdivision], [bridge_length_(m), Length (m)], [bridge_width_(m), Width (m)],[map_link(=>{type:link, format:weblink}, Google Map,newtab=>),Google Map View],[bms_inventory(=>{type:link, format:weblink}, BMS Link,newtab=>), BMS Inventory],[bms_detail(=>{type:link, format:weblink},BMS Link,newtab=>), BMS Detailed View]", "f_class_color": "#e8f674", "spans": 1.0, "span_arrangement": "15.7", "completion_year": "2013", "bridge_no": "228169900590" }, "geometry": { "type": "Point", "coordinates": [ 90.0597028, 22.8166028 ] } },
{ "type": "Feature", "properties": { "bridge_id": "105422", "SL": 11571, "image_pop": "8088/bms/assets/uploads/images/prudential_images/bridges/bridge_5422/1699680767.jpg", "bridge_name": "Padmabunia Bazar Bridge 4", "bridge_type": "RC Girder Bridge", "road_no": "Z7710", "zone": "Barishal", "circle": "Barishal", "division": "Barishal", "sub-division": "Barishal -1", "sae": "SO-Barishal Sub Division-1-2", "bridge_length_(m)": 16.7, "bridge_width_(m)": 7.0, "chainage_(km)": "14+310", "xcoord": 90.0600361, "ycoord": 22.8173806, "map_link": "https://maps.google.com/?q=22.81738060000000000,90.06003610000000000&z=8&t=k", "bms_detail": "http://bms.rhd.gov.bd:8088/bms/bridges/detail_view/105422", "bms_inventory": "http://bms.rhd.gov.bd:8088/bms/bridges/inventory_view/105422", "keys": "[bridge_name, Bridge Name], [bridge_type,Type], [chainage_(km), Chainage (km)], [road_no, On Road], [division, Division], [subdivision, Subdivision], [bridge_length_(m), Length (m)], [bridge_width_(m), Width (m)],[map_link(=>{type:link, format:weblink}, Google Map,newtab=>),Google Map View],[bms_inventory(=>{type:link, format:weblink}, BMS Link,newtab=>), BMS Inventory],[bms_detail(=>{type:link, format:weblink},BMS Link,newtab=>), BMS Detailed View]", "f_class_color": "#e8f674", "spans": 1.0, "span_arrangement": "16.7", "completion_year": "2013", "bridge_no": "228175900600" }, "geometry": { "type": "Point", "coordinates": [ 90.0600361, 22.8173806 ] } },
{ "type": "Feature", "properties": { "bridge_id": "105424", "SL": 11573, "image_pop": "8088/bms/assets/uploads/images/prudential_images/bridges/bridge_5424/1699692652.jpg", "bridge_name": "Padmabunia School Bridge 1", "bridge_type": "RC Girder Bridge", "road_no": "Z7710", "zone": "Barishal", "circle": "Barishal", "division": "Barishal", "sub-division": "Barishal -1", "sae": "SO-Barishal Sub Division-1-2", "bridge_length_(m)": 15.3, "bridge_width_(m)": 7.0, "chainage_(km)": "14+580", "xcoord": 90.0606167, "ycoord": 22.8194528, "map_link": "https://maps.google.com/?q=22.81945280000000000,90.06061670000000000&z=8&t=k", "bms_detail": "http://bms.rhd.gov.bd:8088/bms/bridges/detail_view/105424", "bms_inventory": "http://bms.rhd.gov.bd:8088/bms/bridges/inventory_view/105424", "keys": "[bridge_name, Bridge Name], [bridge_type,Type], [chainage_(km), Chainage (km)], [road_no, On Road], [division, Division], [subdivision, Subdivision], [bridge_length_(m), Length (m)], [bridge_width_(m), Width (m)],[map_link(=>{type:link, format:weblink}, Google Map,newtab=>),Google Map View],[bms_inventory(=>{type:link, format:weblink}, BMS Link,newtab=>), BMS Inventory],[bms_detail(=>{type:link, format:weblink},BMS Link,newtab=>), BMS Detailed View]", "f_class_color": "#e8f674", "spans": 1.0, "span_arrangement": "15.3", "completion_year": "2017", "bridge_no": "228201900609" }, "geometry": { "type": "Point", "coordinates": [ 90.0606167, 22.8194528 ] } },
{ "type": "Feature", "properties": { "bridge_id": "105426", "SL": 11574, "image_pop": "8088/bms/assets/uploads/images/prudential_images/bridges/bridge_5426/1699693959.jpg", "bridge_name": "Padmabunia School Bridge 2", "bridge_type": "RC Girder Bridge", "road_no": "Z7710", "zone": "Barishal", "circle": "Barishal", "division": "Barishal", "sub-division": "Barishal -1", "sae": "SO-Barishal Sub Division-1-2", "bridge_length_(m)": 15.2, "bridge_width_(m)": 7.0, "chainage_(km)": "14+680", "xcoord": 90.0610694, "ycoord": 22.8202333, "map_link": "https://maps.google.com/?q=22.82023330000000000,90.06106940000000000&z=8&t=k", "bms_detail": "http://bms.rhd.gov.bd:8088/bms/bridges/detail_view/105426", "bms_inventory": "http://bms.rhd.gov.bd:8088/bms/bridges/inventory_view/105426", "keys": "[bridge_name, Bridge Name], [bridge_type,Type], [chainage_(km), Chainage (km)], [road_no, On Road], [division, Division], [subdivision, Subdivision], [bridge_length_(m), Length (m)], [bridge_width_(m), Width (m)],[map_link(=>{type:link, format:weblink}, Google Map,newtab=>),Google Map View],[bms_inventory(=>{type:link, format:weblink}, BMS Link,newtab=>), BMS Inventory],[bms_detail(=>{type:link, format:weblink},BMS Link,newtab=>), BMS Detailed View]", "f_class_color": "#e8f674", "spans": 1.0, "span_arrangement": "15.2", "completion_year": "2019", "bridge_no": "227785901580" }, "geometry": { "type": "Point", "coordinates": [ 90.0610694, 22.8202333 ] } },
{ "type": "Feature", "properties": { "bridge_id": "106972", "SL": 11704, "image_pop": "8088/bms/assets/uploads/images/prudential_images/bridges/bridge_6972/1706940366.jpg", "bridge_name": "Pangasia Bridge", "bridge_type": "PC Girder Bridge", "road_no": "N809", "zone": "Barishal", "circle": "Barishal", "division": "Bhola", "sub-division": "Bhola", "sae": "SO-Bhola-1", "bridge_length_(m)": 130.2, "bridge_width_(m)": 10.3, "chainage_(km)": "30+340", "xcoord": 90.589425777778004, "ycoord": 22.738527694443999, "map_link": "https://maps.google.com/?q=22.73852769444400000,90.58942577777800000&z=8&t=k", "bms_detail": "http://bms.rhd.gov.bd:8088/bms/bridges/detail_view/106972", "bms_inventory": "http://bms.rhd.gov.bd:8088/bms/bridges/inventory_view/106972", "keys": "[bridge_name, Bridge Name], [bridge_type,Type], [chainage_(km), Chainage (km)], [road_no, On Road], [division, Division], [subdivision, Subdivision], [bridge_length_(m), Length (m)], [bridge_width_(m), Width (m)],[map_link(=>{type:link, format:weblink}, Google Map,newtab=>),Google Map View],[bms_inventory(=>{type:link, format:weblink}, BMS Link,newtab=>), BMS Inventory],[bms_detail(=>{type:link, format:weblink},BMS Link,newtab=>), BMS Detailed View]", "f_class_color": "#6ebed6", "spans": 3.0, "span_arrangement": "43.8+43.2+43.2", "completion_year": "2009", "bridge_no": "224419903522" }, "geometry": { "type": "Point", "coordinates": [ 90.589425777778004, 22.738527694443999 ] } },
{ "type": "Feature", "properties": { "bridge_id": "109595", "SL": 11767, "image_pop": "8088/bms/assets/uploads/images/prudential_images/bridges/bridge_9595/1715836139.jpg", "bridge_name": "Parshaturia Steel Bridge", "bridge_type": "Steel Girder Bridge", "road_no": "Z8713", "zone": "Barishal", "circle": "Barishal", "division": "Pirojpur", "sub-division": "Kawkhali", "sae": "SO-Kawkhali-1", "bridge_length_(m)": 15.0, "bridge_width_(m)": 3.5, "chainage_(km)": "3+865", "xcoord": 90.0578995, "ycoord": 22.595647083332999, "map_link": "https://maps.google.com/?q=22.59564708333300000,90.05789950000000000&z=8&t=k", "bms_detail": "http://bms.rhd.gov.bd:8088/bms/bridges/detail_view/109595", "bms_inventory": "http://bms.rhd.gov.bd:8088/bms/bridges/inventory_view/109595", "keys": "[bridge_name, Bridge Name], [bridge_type,Type], [chainage_(km), Chainage (km)], [road_no, On Road], [division, Division], [subdivision, Subdivision], [bridge_length_(m), Length (m)], [bridge_width_(m), Width (m)],[map_link(=>{type:link, format:weblink}, Google Map,newtab=>),Google Map View],[bms_inventory(=>{type:link, format:weblink}, BMS Link,newtab=>), BMS Inventory],[bms_detail(=>{type:link, format:weblink},BMS Link,newtab=>), BMS Detailed View]", "f_class_color": "#b15dec", "spans": 3.0, "span_arrangement": "4.5+6+4.5", "completion_year": "1990", "bridge_no": "223544900328" }, "geometry": { "type": "Point", "coordinates": [ 90.0578995, 22.595647083332999 ] } },
{ "type": "Feature", "properties": { "bridge_id": "109717", "SL": 11768, "image_pop": "8088/bms/assets/uploads/images/prudential_images/bridges/bridge_9717/1716112813.jpg", "bridge_name": "Parshaturia Steel Bridge 2", "bridge_type": "Steel Girder Bridge", "road_no": "Z8713", "zone": "Barishal", "circle": "Barishal", "division": "Pirojpur", "sub-division": "Kawkhali", "sae": "SO-Kawkhali-2", "bridge_length_(m)": 12.2, "bridge_width_(m)": 3.8, "chainage_(km)": "5+900", "xcoord": 90.0553705, "ycoord": 22.580476888888999, "map_link": "https://maps.google.com/?q=22.58047688888900000,90.05537050000000000&z=8&t=k", "bms_detail": "http://bms.rhd.gov.bd:8088/bms/bridges/detail_view/109717", "bms_inventory": "http://bms.rhd.gov.bd:8088/bms/bridges/inventory_view/109717", "keys": "[bridge_name, Bridge Name], [bridge_type,Type], [chainage_(km), Chainage (km)], [road_no, On Road], [division, Division], [subdivision, Subdivision], [bridge_length_(m), Length (m)], [bridge_width_(m), Width (m)],[map_link(=>{type:link, format:weblink}, Google Map,newtab=>),Google Map View],[bms_inventory(=>{type:link, format:weblink}, BMS Link,newtab=>), BMS Inventory],[bms_detail(=>{type:link, format:weblink},BMS Link,newtab=>), BMS Detailed View]", "f_class_color": "#b15dec", "spans": 3.0, "span_arrangement": "4.06+4.06+4.06", "completion_year": "1990", "bridge_no": "223320900250" }, "geometry": { "type": "Point", "coordinates": [ 90.0553705, 22.580476888888999 ] } },
{ "type": "Feature", "properties": { "bridge_id": "108072", "SL": 11806, "image_pop": "8088/bms/assets/uploads/images/prudential_images/bridges/bridge_8072/1710755934.jpg", "bridge_name": "Patarhat Bridge", "bridge_type": "Steel Girder Bridge", "road_no": "Z8043", "zone": "Barishal", "circle": "Barishal", "division": "Barishal", "sub-division": "Barishal-2", "sae": "SO-Barishal Sub Division-2-3", "bridge_length_(m)": 23.5, "bridge_width_(m)": 4.1, "chainage_(km)": "9+290", "xcoord": 90.527782277778002, "ycoord": 22.823198694443999, "map_link": "https://maps.google.com/?q=22.82319869444400000,90.52778227777800000&z=8&t=k", "bms_detail": "http://bms.rhd.gov.bd:8088/bms/bridges/detail_view/108072", "bms_inventory": "http://bms.rhd.gov.bd:8088/bms/bridges/inventory_view/108072", "keys": "[bridge_name, Bridge Name], [bridge_type,Type], [chainage_(km), Chainage (km)], [road_no, On Road], [division, Division], [subdivision, Subdivision], [bridge_length_(m), Length (m)], [bridge_width_(m), Width (m)],[map_link(=>{type:link, format:weblink}, Google Map,newtab=>),Google Map View],[bms_inventory(=>{type:link, format:weblink}, BMS Link,newtab=>), BMS Inventory],[bms_detail(=>{type:link, format:weblink},BMS Link,newtab=>), BMS Detailed View]", "f_class_color": "#b15dec", "spans": 3.0, "span_arrangement": "6.75+10+6.75", "completion_year": "1975", "bridge_no": "224924903139" }, "geometry": { "type": "Point", "coordinates": [ 90.527782277778002, 22.823198694443999 ] } },
{ "type": "Feature", "properties": { "bridge_id": "109926", "SL": 11826, "image_pop": "8088/bms/assets/uploads/images/prudential_images/bridges/bridge_9926/1717050628.jpg", "bridge_name": "Pathorghata Bailey Bridge 2", "bridge_type": "Portable Steel Bridge", "road_no": "Z8701", "zone": "Barishal", "circle": "Barishal", "division": "Pirojpur", "sub-division": "Kawkhali", "sae": "SO-Kawkhali-3", "bridge_length_(m)": 31.5, "bridge_width_(m)": 3.71, "chainage_(km)": "27+680", "xcoord": 89.9598785, "ycoord": 22.282992888889002, "map_link": "https://maps.google.com/?q=22.28299288888900000,89.95987850000000000&z=8&t=k", "bms_detail": "http://bms.rhd.gov.bd:8088/bms/bridges/detail_view/109926", "bms_inventory": "http://bms.rhd.gov.bd:8088/bms/bridges/inventory_view/109926", "keys": "[bridge_name, Bridge Name], [bridge_type,Type], [chainage_(km), Chainage (km)], [road_no, On Road], [division, Division], [subdivision, Subdivision], [bridge_length_(m), Length (m)], [bridge_width_(m), Width (m)],[map_link(=>{type:link, format:weblink}, Google Map,newtab=>),Google Map View],[bms_inventory(=>{type:link, format:weblink}, BMS Link,newtab=>), BMS Inventory],[bms_detail(=>{type:link, format:weblink},BMS Link,newtab=>), BMS Detailed View]", "f_class_color": "#29ffa4", "spans": 1.0, "span_arrangement": "31.5", "completion_year": "2000", "bridge_no": "221659895735" }, "geometry": { "type": "Point", "coordinates": [ 89.9598785, 22.282992888889002 ] } },
{ "type": "Feature", "properties": { "bridge_id": "107461", "SL": 11827, "image_pop": "8088/bms/assets/uploads/images/prudential_images/bridges/bridge_7461/1709192155.jpg", "bridge_name": "Pathorghata Baily Bridge", "bridge_type": "Portable Steel Bridge", "road_no": "Z8708", "zone": "Barishal", "circle": "Patuakhali", "division": "Barguna", "sub-division": "Barguna", "sae": "SO-Barguna-1", "bridge_length_(m)": 67.2, "bridge_width_(m)": 3.7, "chainage_(km)": "73+475", "xcoord": 89.976194083332999, "ycoord": 22.049556694444, "map_link": "https://maps.google.com/?q=22.04955669444400000,89.97619408333300000&z=8&t=k", "bms_detail": "http://bms.rhd.gov.bd:8088/bms/bridges/detail_view/107461", "bms_inventory": "http://bms.rhd.gov.bd:8088/bms/bridges/inventory_view/107461", "keys": "[bridge_name, Bridge Name], [bridge_type,Type], [chainage_(km), Chainage (km)], [road_no, On Road], [division, Division], [subdivision, Subdivision], [bridge_length_(m), Length (m)], [bridge_width_(m), Width (m)],[map_link(=>{type:link, format:weblink}, Google Map,newtab=>),Google Map View],[bms_inventory(=>{type:link, format:weblink}, BMS Link,newtab=>), BMS Inventory],[bms_detail(=>{type:link, format:weblink},BMS Link,newtab=>), BMS Detailed View]", "f_class_color": "#29ffa4", "spans": 3.0, "span_arrangement": "18.4+30.4+18.4", "completion_year": "2010", "bridge_no": "220258895834" }, "geometry": { "type": "Point", "coordinates": [ 89.976194083332999, 22.049556694444 ] } },
{ "type": "Feature", "properties": { "bridge_id": "107298", "SL": 11848, "image_pop": "8088/bms/assets/img/no_picture.png", "bridge_name": "Patuakhali PC Girder Bridge", "bridge_type": "PC Girder Bridge", "road_no": "N8", "zone": "Barishal", "circle": "Patuakhali", "division": "Patuakhali", "sub-division": "Patuakhali", "sae": "SO-Patuakhali-1", "bridge_length_(m)": 485.2, "bridge_width_(m)": 10.6, "chainage_(km)": "203+897", "xcoord": 90.321492277778006, "ycoord": 22.370380777777999, "map_link": "https://maps.google.com/?q=22.37038077777800000,90.32149227777800000&z=8&t=k", "bms_detail": "http://bms.rhd.gov.bd:8088/bms/bridges/detail_view/107298", "bms_inventory": "http://bms.rhd.gov.bd:8088/bms/bridges/inventory_view/107298", "keys": "[bridge_name, Bridge Name], [bridge_type,Type], [chainage_(km), Chainage (km)], [road_no, On Road], [division, Division], [subdivision, Subdivision], [bridge_length_(m), Length (m)], [bridge_width_(m), Width (m)],[map_link(=>{type:link, format:weblink}, Google Map,newtab=>),Google Map View],[bms_inventory(=>{type:link, format:weblink}, BMS Link,newtab=>), BMS Inventory],[bms_detail(=>{type:link, format:weblink},BMS Link,newtab=>), BMS Detailed View]", "f_class_color": "#6ebed6", "spans": 10.0, "span_arrangement": "48.9+48.5+48.3+48.5+48.3+48.7+48.3+48.5+48.6+48.6", "completion_year": "2000", "bridge_no": "222213901917" }, "geometry": { "type": "Point", "coordinates": [ 90.321492277778006, 22.370380777777999 ] } },
{ "type": "Feature", "properties": { "bridge_id": "110362", "SL": 11860, "image_pop": "8088/bms/assets/img/no_picture.png", "bridge_name": "Payra PC Box Girder Bridge", "bridge_type": "PC Box Girder Bridge", "road_no": "N8", "zone": "Barishal", "circle": "Patuakhali", "division": "Patuakhali", "sub-division": "Patuakhali", "sae": "SO-Patuakhali-1", "bridge_length_(m)": 1467.6, "bridge_width_(m)": 16.7, "chainage_(km)": "192+507", "xcoord": 90.341079388889, "ycoord": 22.4712565, "map_link": "https://maps.google.com/?q=22.47125650000000000,90.34107938888900000&z=8&t=k", "bms_detail": "http://bms.rhd.gov.bd:8088/bms/bridges/detail_view/110362", "bms_inventory": "http://bms.rhd.gov.bd:8088/bms/bridges/inventory_view/110362", "keys": "[bridge_name, Bridge Name], [bridge_type,Type], [chainage_(km), Chainage (km)], [road_no, On Road], [division, Division], [subdivision, Subdivision], [bridge_length_(m), Length (m)], [bridge_width_(m), Width (m)],[map_link(=>{type:link, format:weblink}, Google Map,newtab=>),Google Map View],[bms_inventory(=>{type:link, format:weblink}, BMS Link,newtab=>), BMS Inventory],[bms_detail(=>{type:link, format:weblink},BMS Link,newtab=>), BMS Detailed View]", "f_class_color": "#ffbb00", "spans": 32.0, "span_arrangement": "27.9+30+30+30+30+30+30+30+30+30+30+28.4+158.5+158.5+158.5+158.4+28.4+30+30+30+30+30+30+30+30+30+30+30+30+30+30+28.9", "completion_year": "2022", "bridge_no": "224712903410" }, "geometry": { "type": "Point", "coordinates": [ 90.341079388889, 22.4712565 ] } },
{ "type": "Feature", "properties": { "bridge_id": "110174", "SL": 11998, "image_pop": "8088/bms/assets/uploads/images/prudential_images/bridges/bridge_10174/1717915173.jpg", "bridge_name": "Poisarhat Bridge 1", "bridge_type": "PC Girder Bridge", "road_no": "R852", "zone": "Barishal", "circle": "Barishal", "division": "Barishal", "sub-division": "Barishal -1", "sae": "SO-Barishal Sub Division-1-3", "bridge_length_(m)": 215.6, "bridge_width_(m)": 9.9, "chainage_(km)": "15+525", "xcoord": 90.078625, "ycoord": 22.974548, "map_link": "https://maps.google.com/?q=22.97454800000000000,90.07862500000000000&z=8&t=k", "bms_detail": "http://bms.rhd.gov.bd:8088/bms/bridges/detail_view/110174", "bms_inventory": "http://bms.rhd.gov.bd:8088/bms/bridges/inventory_view/110174", "keys": "[bridge_name, Bridge Name], [bridge_type,Type], [chainage_(km), Chainage (km)], [road_no, On Road], [division, Division], [subdivision, Subdivision], [bridge_length_(m), Length (m)], [bridge_width_(m), Width (m)],[map_link(=>{type:link, format:weblink}, Google Map,newtab=>),Google Map View],[bms_inventory(=>{type:link, format:weblink}, BMS Link,newtab=>), BMS Inventory],[bms_detail(=>{type:link, format:weblink},BMS Link,newtab=>), BMS Detailed View]", "f_class_color": "#6ebed6", "spans": 7.0, "span_arrangement": "18.6+45.9+45+42.5+44.6+45.4+18.6", "completion_year": "2019", "bridge_no": "225828900442" }, "geometry": { "type": "Point", "coordinates": [ 90.078625, 22.974548 ] } },
{ "type": "Feature", "properties": { "bridge_id": "110173", "SL": 11999, "image_pop": "8088/bms/assets/uploads/images/prudential_images/bridges/bridge_10173/1717914511.jpg", "bridge_name": "Poisarhat PC Girder Bridge 2", "bridge_type": "PC Girder Bridge", "road_no": "R852", "zone": "Barishal", "circle": "Barishal", "division": "Barishal", "sub-division": "Barishal -1", "sae": "SO-Barishal Sub Division-1-3", "bridge_length_(m)": 112.2, "bridge_width_(m)": 10.24, "chainage_(km)": "16+263", "xcoord": 90.078625, "ycoord": 22.974548, "map_link": "https://maps.google.com/?q=22.97454800000000000,90.07862500000000000&z=8&t=k", "bms_detail": "http://bms.rhd.gov.bd:8088/bms/bridges/detail_view/110173", "bms_inventory": "http://bms.rhd.gov.bd:8088/bms/bridges/inventory_view/110173", "keys": "[bridge_name, Bridge Name], [bridge_type,Type], [chainage_(km), Chainage (km)], [road_no, On Road], [division, Division], [subdivision, Subdivision], [bridge_length_(m), Length (m)], [bridge_width_(m), Width (m)],[map_link(=>{type:link, format:weblink}, Google Map,newtab=>),Google Map View],[bms_inventory(=>{type:link, format:weblink}, BMS Link,newtab=>), BMS Inventory],[bms_detail(=>{type:link, format:weblink},BMS Link,newtab=>), BMS Detailed View]", "f_class_color": "#6ebed6", "spans": 3.0, "span_arrangement": "31.3+49.4+31.5", "completion_year": "2018", "bridge_no": "225828900443" }, "geometry": { "type": "Point", "coordinates": [ 90.078625, 22.974548 ] } },
{ "type": "Feature", "properties": { "bridge_id": "109320", "SL": 12040, "image_pop": "8088/bms/assets/uploads/images/prudential_images/bridges/bridge_9320/1715071711.jpg", "bridge_name": "Ponabalia Steel Girder Bridge", "bridge_type": "Steel Girder Bridge", "road_no": "Z8054", "zone": "Barishal", "circle": "Barishal", "division": "Jhalokati", "sub-division": "Jhalokati", "sae": "SO-Jhalokati-1", "bridge_length_(m)": 12.2, "bridge_width_(m)": 3.9, "chainage_(km)": "9+547", "xcoord": 90.211291, "ycoord": 22.615544, "map_link": "https://maps.google.com/?q=22.61554400000000000,90.21129100000000000&z=8&t=k", "bms_detail": "http://bms.rhd.gov.bd:8088/bms/bridges/detail_view/109320", "bms_inventory": "http://bms.rhd.gov.bd:8088/bms/bridges/inventory_view/109320", "keys": "[bridge_name, Bridge Name], [bridge_type,Type], [chainage_(km), Chainage (km)], [road_no, On Road], [division, Division], [subdivision, Subdivision], [bridge_length_(m), Length (m)], [bridge_width_(m), Width (m)],[map_link(=>{type:link, format:weblink}, Google Map,newtab=>),Google Map View],[bms_inventory(=>{type:link, format:weblink}, BMS Link,newtab=>), BMS Inventory],[bms_detail(=>{type:link, format:weblink},BMS Link,newtab=>), BMS Detailed View]", "f_class_color": "#b15dec", "spans": 3.0, "span_arrangement": "3.7+4.8+3.7", "completion_year": "2004", "bridge_no": "223656901241" }, "geometry": { "type": "Point", "coordinates": [ 90.211291, 22.615544 ] } },
{ "type": "Feature", "properties": { "bridge_id": "105781", "SL": 12046, "image_pop": "8088/bms/assets/uploads/images/prudential_images/bridges/bridge_5781/1701679379.jpg", "bridge_name": "Ponditbari Bridge", "bridge_type": "RC Girder Bridge", "road_no": "Z8910", "zone": "Barishal", "circle": "Barishal", "division": "Barishal", "sub-division": "Barishal-2", "sae": "SO-Barishal Sub Division-2-2", "bridge_length_(m)": 12.8, "bridge_width_(m)": 7.1, "chainage_(km)": "24+489", "xcoord": 90.499695833333007, "ycoord": 22.552291388889, "map_link": "https://maps.google.com/?q=22.55229138888900000,90.49969583333300000&z=8&t=k", "bms_detail": "http://bms.rhd.gov.bd:8088/bms/bridges/detail_view/105781", "bms_inventory": "http://bms.rhd.gov.bd:8088/bms/bridges/inventory_view/105781", "keys": "[bridge_name, Bridge Name], [bridge_type,Type], [chainage_(km), Chainage (km)], [road_no, On Road], [division, Division], [subdivision, Subdivision], [bridge_length_(m), Length (m)], [bridge_width_(m), Width (m)],[map_link(=>{type:link, format:weblink}, Google Map,newtab=>),Google Map View],[bms_inventory(=>{type:link, format:weblink}, BMS Link,newtab=>), BMS Inventory],[bms_detail(=>{type:link, format:weblink},BMS Link,newtab=>), BMS Detailed View]", "f_class_color": "#e8f674", "spans": 1.0, "span_arrangement": "12.8", "completion_year": "2007", "bridge_no": "223308902959" }, "geometry": { "type": "Point", "coordinates": [ 90.499695833333007, 22.552291388889 ] } },
{ "type": "Feature", "properties": { "bridge_id": "107493", "SL": 12126, "image_pop": "8088/bms/assets/uploads/images/prudential_images/bridges/bridge_7493/1709285162.jpg", "bridge_name": "Potkakhali RCC Girder Bridge", "bridge_type": "RC Girder Bridge", "road_no": "R880", "zone": "Barishal", "circle": "Patuakhali", "division": "Barguna", "sub-division": "Barguna", "sae": "SO-Barguna-1", "bridge_length_(m)": 20.9, "bridge_width_(m)": 6.6, "chainage_(km)": "46+900", "xcoord": 90.087917083332997, "ycoord": 22.1576595, "map_link": "https://maps.google.com/?q=22.15765950000000000,90.08791708333300000&z=8&t=k", "bms_detail": "http://bms.rhd.gov.bd:8088/bms/bridges/detail_view/107493", "bms_inventory": "http://bms.rhd.gov.bd:8088/bms/bridges/inventory_view/107493", "keys": "[bridge_name, Bridge Name], [bridge_type,Type], [chainage_(km), Chainage (km)], [road_no, On Road], [division, Division], [subdivision, Subdivision], [bridge_length_(m), Length (m)], [bridge_width_(m), Width (m)],[map_link(=>{type:link, format:weblink}, Google Map,newtab=>),Google Map View],[bms_inventory(=>{type:link, format:weblink}, BMS Link,newtab=>), BMS Inventory],[bms_detail(=>{type:link, format:weblink},BMS Link,newtab=>), BMS Detailed View]", "f_class_color": "#e8f674", "spans": 3.0, "span_arrangement": "6.6+7.7+6.6", "completion_year": "2000", "bridge_no": "220928900517" }, "geometry": { "type": "Point", "coordinates": [ 90.087917083332997, 22.1576595 ] } },
{ "type": "Feature", "properties": { "bridge_id": "110316", "SL": 12203, "image_pop": "8088/bms/assets/uploads/images/prudential_images/bridges/bridge_10316/1718089507.jpg", "bridge_name": "Puran Hizla Bazar Bridge", "bridge_type": "RC Girder Bridge", "road_no": "Z8034", "zone": "Barishal", "circle": "Barishal", "division": "Barishal", "sub-division": "Barishal-2", "sae": "SO-Barishal Sub Division-2-1", "bridge_length_(m)": 30.0, "bridge_width_(m)": 7.0, "chainage_(km)": "35+850", "xcoord": 90.511666888888996, "ycoord": 22.896117888888998, "map_link": "https://maps.google.com/?q=22.89611788888900000,90.51166688888900000&z=8&t=k", "bms_detail": "http://bms.rhd.gov.bd:8088/bms/bridges/detail_view/110316", "bms_inventory": "http://bms.rhd.gov.bd:8088/bms/bridges/inventory_view/110316", "keys": "[bridge_name, Bridge Name], [bridge_type,Type], [chainage_(km), Chainage (km)], [road_no, On Road], [division, Division], [subdivision, Subdivision], [bridge_length_(m), Length (m)], [bridge_width_(m), Width (m)],[map_link(=>{type:link, format:weblink}, Google Map,newtab=>),Google Map View],[bms_inventory(=>{type:link, format:weblink}, BMS Link,newtab=>), BMS Inventory],[bms_detail(=>{type:link, format:weblink},BMS Link,newtab=>), BMS Detailed View]", "f_class_color": "#e8f674", "spans": 3.0, "span_arrangement": "10+10+10", "completion_year": "2022", "bridge_no": "225346903042" }, "geometry": { "type": "Point", "coordinates": [ 90.511666888888996, 22.896117888888998 ] } },
{ "type": "Feature", "properties": { "bridge_id": "108924", "SL": 12323, "image_pop": "8088/bms/assets/uploads/images/prudential_images/bridges/bridge_8924/1713684061.jpg", "bridge_name": "Putiakhali Bailey Bridge", "bridge_type": "Portable Steel Bridge", "road_no": "Z8708", "zone": "Barishal", "circle": "Barishal", "division": "Jhalokati", "sub-division": "Jhalokati", "sae": "SO-Jhalokati-2", "bridge_length_(m)": 24.7, "bridge_width_(m)": 3.6, "chainage_(km)": "7+824", "xcoord": 90.139112388889004, "ycoord": 22.506142694444002, "map_link": "https://maps.google.com/?q=22.50614269444400000,90.13911238888900000&z=8&t=k", "bms_detail": "http://bms.rhd.gov.bd:8088/bms/bridges/detail_view/108924", "bms_inventory": "http://bms.rhd.gov.bd:8088/bms/bridges/inventory_view/108924", "keys": "[bridge_name, Bridge Name], [bridge_type,Type], [chainage_(km), Chainage (km)], [road_no, On Road], [division, Division], [subdivision, Subdivision], [bridge_length_(m), Length (m)], [bridge_width_(m), Width (m)],[map_link(=>{type:link, format:weblink}, Google Map,newtab=>),Google Map View],[bms_inventory(=>{type:link, format:weblink}, BMS Link,newtab=>), BMS Inventory],[bms_detail(=>{type:link, format:weblink},BMS Link,newtab=>), BMS Detailed View]", "f_class_color": "#29ffa4", "spans": 1.0, "span_arrangement": "24.7", "completion_year": "1995", "bridge_no": "223022900821" }, "geometry": { "type": "Point", "coordinates": [ 90.139112388889004, 22.506142694444002 ] } },
{ "type": "Feature", "properties": { "bridge_id": "108978", "SL": 12330, "image_pop": "8088/bms/assets/uploads/images/prudential_images/bridges/bridge_8978/1713851232.jpg", "bridge_name": "Putiakhali PC Girder Bridge", "bridge_type": "PC Girder Bridge", "road_no": "Z8708", "zone": "Barishal", "circle": "Barishal", "division": "Jhalokati", "sub-division": "Jhalokati", "sae": "SO-Jhalokati-2", "bridge_length_(m)": 44.4, "bridge_width_(m)": 10.1, "chainage_(km)": "6+340", "xcoord": 90.144951277778006, "ycoord": 22.515214083332999, "map_link": "https://maps.google.com/?q=22.51521408333300000,90.14495127777800000&z=8&t=k", "bms_detail": "http://bms.rhd.gov.bd:8088/bms/bridges/detail_view/108978", "bms_inventory": "http://bms.rhd.gov.bd:8088/bms/bridges/inventory_view/108978", "keys": "[bridge_name, Bridge Name], [bridge_type,Type], [chainage_(km), Chainage (km)], [road_no, On Road], [division, Division], [subdivision, Subdivision], [bridge_length_(m), Length (m)], [bridge_width_(m), Width (m)],[map_link(=>{type:link, format:weblink}, Google Map,newtab=>),Google Map View],[bms_inventory(=>{type:link, format:weblink}, BMS Link,newtab=>), BMS Inventory],[bms_detail(=>{type:link, format:weblink},BMS Link,newtab=>), BMS Detailed View]", "f_class_color": "#6ebed6", "spans": 1.0, "span_arrangement": "44.4", "completion_year": "2014", "bridge_no": "223055900842" }, "geometry": { "type": "Point", "coordinates": [ 90.144951277778006, 22.515214083332999 ] } },
{ "type": "Feature", "properties": { "bridge_id": "109680", "SL": 12373, "image_pop": "8088/bms/assets/uploads/images/prudential_images/bridges/bridge_9680/1716031697.jpg", "bridge_name": "Radhanagor Bailey Bridge 1", "bridge_type": "Portable Steel Bridge", "road_no": "Z8705", "zone": "Barishal", "circle": "Barishal", "division": "Pirojpur", "sub-division": "Kawkhali", "sae": "SO-Kawkhali-2", "bridge_length_(m)": 21.5, "bridge_width_(m)": 3.42, "chainage_(km)": "4+487", "xcoord": 90.094082194443999, "ycoord": 22.458970083333, "map_link": "https://maps.google.com/?q=22.45897008333300000,90.09408219444400000&z=8&t=k", "bms_detail": "http://bms.rhd.gov.bd:8088/bms/bridges/detail_view/109680", "bms_inventory": "http://bms.rhd.gov.bd:8088/bms/bridges/inventory_view/109680", "keys": "[bridge_name, Bridge Name], [bridge_type,Type], [chainage_(km), Chainage (km)], [road_no, On Road], [division, Division], [subdivision, Subdivision], [bridge_length_(m), Length (m)], [bridge_width_(m), Width (m)],[map_link(=>{type:link, format:weblink}, Google Map,newtab=>),Google Map View],[bms_inventory(=>{type:link, format:weblink}, BMS Link,newtab=>), BMS Inventory],[bms_detail(=>{type:link, format:weblink},BMS Link,newtab=>), BMS Detailed View]", "f_class_color": "#29ffa4", "spans": 1.0, "span_arrangement": "21.5", "completion_year": "2000", "bridge_no": "222732900538" }, "geometry": { "type": "Point", "coordinates": [ 90.094082194443999, 22.458970083333 ] } },
{ "type": "Feature", "properties": { "bridge_id": "109682", "SL": 12374, "image_pop": "8088/bms/assets/uploads/images/prudential_images/bridges/bridge_9682/1716032406.jpg", "bridge_name": "Radhanagor Bailey Bridge 2", "bridge_type": "Portable Steel Bridge", "road_no": "Z8705", "zone": "Barishal", "circle": "Barishal", "division": "Pirojpur", "sub-division": "Kawkhali", "sae": "SO-Kawkhali-2", "bridge_length_(m)": 21.5, "bridge_width_(m)": 3.42, "chainage_(km)": "5+588", "xcoord": 90.102016777778005, "ycoord": 22.452290888888999, "map_link": "https://maps.google.com/?q=22.45229088888900000,90.10201677777800000&z=8&t=k", "bms_detail": "http://bms.rhd.gov.bd:8088/bms/bridges/detail_view/109682", "bms_inventory": "http://bms.rhd.gov.bd:8088/bms/bridges/inventory_view/109682", "keys": "[bridge_name, Bridge Name], [bridge_type,Type], [chainage_(km), Chainage (km)], [road_no, On Road], [division, Division], [subdivision, Subdivision], [bridge_length_(m), Length (m)], [bridge_width_(m), Width (m)],[map_link(=>{type:link, format:weblink}, Google Map,newtab=>),Google Map View],[bms_inventory(=>{type:link, format:weblink}, BMS Link,newtab=>), BMS Inventory],[bms_detail(=>{type:link, format:weblink},BMS Link,newtab=>), BMS Detailed View]", "f_class_color": "#29ffa4", "spans": 1.0, "span_arrangement": "21.5", "completion_year": "2000", "bridge_no": "222708900607" }, "geometry": { "type": "Point", "coordinates": [ 90.102016777778005, 22.452290888888999 ] } },
{ "type": "Feature", "properties": { "bridge_id": "105273", "SL": 12388, "image_pop": "8088/bms/assets/img/no_picture.png", "bridge_name": "Ragua PC Girder Bridge", "bridge_type": "PC Girder Bridge", "road_no": "Z8034", "zone": "Barishal", "circle": "Barishal", "division": "Barishal", "sub-division": "Barishal-2", "sae": "SO-Barishal Sub Division-2-1", "bridge_length_(m)": 30.0, "bridge_width_(m)": 10.2, "chainage_(km)": "16+025", "xcoord": 90.381944444444002, "ycoord": 22.865555555556, "map_link": "https://maps.google.com/?q=22.86555555555600000,90.38194444444400000&z=8&t=k", "bms_detail": "http://bms.rhd.gov.bd:8088/bms/bridges/detail_view/105273", "bms_inventory": "http://bms.rhd.gov.bd:8088/bms/bridges/inventory_view/105273", "keys": "[bridge_name, Bridge Name], [bridge_type,Type], [chainage_(km), Chainage (km)], [road_no, On Road], [division, Division], [subdivision, Subdivision], [bridge_length_(m), Length (m)], [bridge_width_(m), Width (m)],[map_link(=>{type:link, format:weblink}, Google Map,newtab=>),Google Map View],[bms_inventory(=>{type:link, format:weblink}, BMS Link,newtab=>), BMS Inventory],[bms_detail(=>{type:link, format:weblink},BMS Link,newtab=>), BMS Detailed View]", "f_class_color": "#6ebed6", "spans": 1.0, "span_arrangement": "30", "completion_year": "2020", "bridge_no": "228656903819" }, "geometry": { "type": "Point", "coordinates": [ 90.381944444444002, 22.865555555556 ] } },
{ "type": "Feature", "properties": { "bridge_id": "107300", "SL": 12389, "image_pop": "8088/bms/assets/uploads/images/prudential_images/bridges/bridge_7300/1708699091.jpg", "bridge_name": "Rahamatpur Bridge", "bridge_type": "PC Girder Bridge", "road_no": "N8", "zone": "Barishal", "circle": "Barishal", "division": "Barishal", "sub-division": "Barishal -1", "sae": "SO-Barishal Sub Division-1-2", "bridge_length_(m)": 30.0, "bridge_width_(m)": 10.4, "chainage_(km)": "151+135", "xcoord": 90.299895111110999, "ycoord": 22.789872861111, "map_link": "https://maps.google.com/?q=22.78987286111100000,90.29989511111100000&z=8&t=k", "bms_detail": "http://bms.rhd.gov.bd:8088/bms/bridges/detail_view/107300", "bms_inventory": "http://bms.rhd.gov.bd:8088/bms/bridges/inventory_view/107300", "keys": "[bridge_name, Bridge Name], [bridge_type,Type], [chainage_(km), Chainage (km)], [road_no, On Road], [division, Division], [subdivision, Subdivision], [bridge_length_(m), Length (m)], [bridge_width_(m), Width (m)],[map_link(=>{type:link, format:weblink}, Google Map,newtab=>),Google Map View],[bms_inventory(=>{type:link, format:weblink}, BMS Link,newtab=>), BMS Inventory],[bms_detail(=>{type:link, format:weblink},BMS Link,newtab=>), BMS Detailed View]", "f_class_color": "#6ebed6", "spans": 1.0, "span_arrangement": "30", "completion_year": "2019", "bridge_no": "2247235490175" }, "geometry": { "type": "Point", "coordinates": [ 90.299895111110999, 22.789872861111 ] } },
{ "type": "Feature", "properties": { "bridge_id": "109315", "SL": 12498, "image_pop": "8088/bms/assets/uploads/images/prudential_images/bridges/bridge_9315/1715066343.jpg", "bridge_name": "Rajapur RCC Girder Bridge", "bridge_type": "RC Girder Bridge", "road_no": "Z8054", "zone": "Barishal", "circle": "Barishal", "division": "Jhalokati", "sub-division": "Jhalokati", "sae": "SO-Jhalokati-1", "bridge_length_(m)": 10.8, "bridge_width_(m)": 4.6, "chainage_(km)": "8+071", "xcoord": 90.206502583333005, "ycoord": 22.623976388889002, "map_link": "https://maps.google.com/?q=22.62397638888900000,90.20650258333300000&z=8&t=k", "bms_detail": "http://bms.rhd.gov.bd:8088/bms/bridges/detail_view/109315", "bms_inventory": "http://bms.rhd.gov.bd:8088/bms/bridges/inventory_view/109315", "keys": "[bridge_name, Bridge Name], [bridge_type,Type], [chainage_(km), Chainage (km)], [road_no, On Road], [division, Division], [subdivision, Subdivision], [bridge_length_(m), Length (m)], [bridge_width_(m), Width (m)],[map_link(=>{type:link, format:weblink}, Google Map,newtab=>),Google Map View],[bms_inventory(=>{type:link, format:weblink}, BMS Link,newtab=>), BMS Inventory],[bms_detail(=>{type:link, format:weblink},BMS Link,newtab=>), BMS Detailed View]", "f_class_color": "#e8f674", "spans": 1.0, "span_arrangement": "10.8", "completion_year": "2003", "bridge_no": "223726901223" }, "geometry": { "type": "Point", "coordinates": [ 90.206502583333005, 22.623976388889002 ] } },
{ "type": "Feature", "properties": { "bridge_id": "109353", "SL": 12602, "image_pop": "8088/bms/assets/uploads/images/prudential_images/bridges/bridge_9353/1715145899.jpg", "bridge_name": "Ramna Bazar Steel Girder Bridge", "bridge_type": "Steel Girder Bridge", "road_no": "Z8814", "zone": "Barishal", "circle": "Patuakhali", "division": "Barguna", "sub-division": "Barguna", "sae": "SO-Barguna-1", "bridge_length_(m)": 32.0, "bridge_width_(m)": 3.9, "chainage_(km)": "10+000", "xcoord": 90.065582694444004, "ycoord": 22.2515675, "map_link": "https://maps.google.com/?q=22.25156750000000000,90.06558269444400000&z=8&t=k", "bms_detail": "http://bms.rhd.gov.bd:8088/bms/bridges/detail_view/109353", "bms_inventory": "http://bms.rhd.gov.bd:8088/bms/bridges/inventory_view/109353", "keys": "[bridge_name, Bridge Name], [bridge_type,Type], [chainage_(km), Chainage (km)], [road_no, On Road], [division, Division], [subdivision, Subdivision], [bridge_length_(m), Length (m)], [bridge_width_(m), Width (m)],[map_link(=>{type:link, format:weblink}, Google Map,newtab=>),Google Map View],[bms_inventory(=>{type:link, format:weblink}, BMS Link,newtab=>), BMS Inventory],[bms_detail(=>{type:link, format:weblink},BMS Link,newtab=>), BMS Detailed View]", "f_class_color": "#b15dec", "spans": 6.0, "span_arrangement": "4.9+5+6.1+6.1+5.1+4.8", "completion_year": "1994", "bridge_no": "221506900356" }, "geometry": { "type": "Point", "coordinates": [ 90.065582694444004, 22.2515675 ] } },
{ "type": "Feature", "properties": { "bridge_id": "109327", "SL": 12618, "image_pop": "8088/bms/assets/uploads/images/prudential_images/bridges/bridge_9327/1715074635.jpg", "bridge_name": "Ramnagar Steel Girder Bridge", "bridge_type": "Steel Girder Bridge", "road_no": "Z8056", "zone": "Barishal", "circle": "Barishal", "division": "Jhalokati", "sub-division": "Jhalokati", "sae": "SO-Jhalokati-1", "bridge_length_(m)": 27.2, "bridge_width_(m)": 3.6, "chainage_(km)": "25+370", "xcoord": 90.242304388888996, "ycoord": 22.496953583332999, "map_link": "https://maps.google.com/?q=22.49695358333300000,90.24230438888900000&z=8&t=k", "bms_detail": "http://bms.rhd.gov.bd:8088/bms/bridges/detail_view/109327", "bms_inventory": "http://bms.rhd.gov.bd:8088/bms/bridges/inventory_view/109327", "keys": "[bridge_name, Bridge Name], [bridge_type,Type], [chainage_(km), Chainage (km)], [road_no, On Road], [division, Division], [subdivision, Subdivision], [bridge_length_(m), Length (m)], [bridge_width_(m), Width (m)],[map_link(=>{type:link, format:weblink}, Google Map,newtab=>),Google Map View],[bms_inventory(=>{type:link, format:weblink}, BMS Link,newtab=>), BMS Inventory],[bms_detail(=>{type:link, format:weblink},BMS Link,newtab=>), BMS Detailed View]", "f_class_color": "#b15dec", "spans": 5.0, "span_arrangement": "5+5.1+7+5.1+5", "completion_year": "1999", "bridge_no": "222949901432" }, "geometry": { "type": "Point", "coordinates": [ 90.242304388888996, 22.496953583332999 ] } },
{ "type": "Feature", "properties": { "bridge_id": "107465", "SL": 12685, "image_pop": "8088/bms/assets/uploads/images/prudential_images/bridges/bridge_7465/1709196550.jpg", "bridge_name": "Ranipur Bazar RCC Girder Bridge", "bridge_type": "RC Girder Bridge", "road_no": "Z8810", "zone": "Barishal", "circle": "Patuakhali", "division": "Barguna", "sub-division": "Barguna", "sae": "SO-Barguna-1", "bridge_length_(m)": 13.4, "bridge_width_(m)": 4.7, "chainage_(km)": "33+307", "xcoord": 90.188970277777997, "ycoord": 22.320060583332999, "map_link": "https://maps.google.com/?q=22.32006058333300000,90.18897027777800000&z=8&t=k", "bms_detail": "http://bms.rhd.gov.bd:8088/bms/bridges/detail_view/107465", "bms_inventory": "http://bms.rhd.gov.bd:8088/bms/bridges/inventory_view/107465", "keys": "[bridge_name, Bridge Name], [bridge_type,Type], [chainage_(km), Chainage (km)], [road_no, On Road], [division, Division], [subdivision, Subdivision], [bridge_length_(m), Length (m)], [bridge_width_(m), Width (m)],[map_link(=>{type:link, format:weblink}, Google Map,newtab=>),Google Map View],[bms_inventory(=>{type:link, format:weblink}, BMS Link,newtab=>), BMS Inventory],[bms_detail(=>{type:link, format:weblink},BMS Link,newtab=>), BMS Detailed View]", "f_class_color": "#e8f674", "spans": 1.0, "span_arrangement": "13.4", "completion_year": "2007", "bridge_no": "221912901120" }, "geometry": { "type": "Point", "coordinates": [ 90.188970277777997, 22.320060583332999 ] } },
{ "type": "Feature", "properties": { "bridge_id": "107780", "SL": 12689, "image_pop": "8088/bms/assets/uploads/images/prudential_images/bridges/bridge_7780/1710062478.jpg", "bridge_name": "Ranipur RCC girder bridge", "bridge_type": "RC Girder Bridge", "road_no": "Z8810", "zone": "Barishal", "circle": "Patuakhali", "division": "Barguna", "sub-division": "Barguna", "sae": "SO-Barguna-1", "bridge_length_(m)": 10.5, "bridge_width_(m)": 4.2, "chainage_(km)": "31+911", "xcoord": 90.1918665, "ycoord": 22.331854694444001, "map_link": "https://maps.google.com/?q=22.33185469444400000,90.19186650000000000&z=8&t=k", "bms_detail": "http://bms.rhd.gov.bd:8088/bms/bridges/detail_view/107780", "bms_inventory": "http://bms.rhd.gov.bd:8088/bms/bridges/inventory_view/107780", "keys": "[bridge_name, Bridge Name], [bridge_type,Type], [chainage_(km), Chainage (km)], [road_no, On Road], [division, Division], [subdivision, Subdivision], [bridge_length_(m), Length (m)], [bridge_width_(m), Width (m)],[map_link(=>{type:link, format:weblink}, Google Map,newtab=>),Google Map View],[bms_inventory(=>{type:link, format:weblink}, BMS Link,newtab=>), BMS Inventory],[bms_detail(=>{type:link, format:weblink},BMS Link,newtab=>), BMS Detailed View]", "f_class_color": "#e8f674", "spans": 1.0, "span_arrangement": "10.5", "completion_year": "2000", "bridge_no": "221955901131" }, "geometry": { "type": "Point", "coordinates": [ 90.1918665, 22.331854694444001 ] } },
{ "type": "Feature", "properties": { "bridge_id": "109443", "SL": 12690, "image_pop": "8088/bms/assets/uploads/images/prudential_images/bridges/bridge_9443/1715407845.jpg", "bridge_name": "Ranipur Truss Bridge", "bridge_type": "Truss Bridge", "road_no": "Z7709", "zone": "Barishal", "circle": "Barishal", "division": "Pirojpur", "sub-division": "Pirojpur", "sae": "SO-Pirojpur-1", "bridge_length_(m)": 15.8, "bridge_width_(m)": 7.8, "chainage_(km)": "4+700", "xcoord": 90.004687194444003, "ycoord": 22.588334888889001, "map_link": "https://maps.google.com/?q=22.58833488888900000,90.00468719444400000&z=8&t=k", "bms_detail": "http://bms.rhd.gov.bd:8088/bms/bridges/detail_view/109443", "bms_inventory": "http://bms.rhd.gov.bd:8088/bms/bridges/inventory_view/109443", "keys": "[bridge_name, Bridge Name], [bridge_type,Type], [chainage_(km), Chainage (km)], [road_no, On Road], [division, Division], [subdivision, Subdivision], [bridge_length_(m), Length (m)], [bridge_width_(m), Width (m)],[map_link(=>{type:link, format:weblink}, Google Map,newtab=>),Google Map View],[bms_inventory(=>{type:link, format:weblink}, BMS Link,newtab=>), BMS Inventory],[bms_detail(=>{type:link, format:weblink},BMS Link,newtab=>), BMS Detailed View]", "f_class_color": "#6470da", "spans": 1.0, "span_arrangement": "15.8", "completion_year": "2019", "bridge_no": "223518900017" }, "geometry": { "type": "Point", "coordinates": [ 90.004687194444003, 22.588334888889001 ] } },
{ "type": "Feature", "properties": { "bridge_id": "109445", "SL": 12691, "image_pop": "8088/bms/assets/uploads/images/prudential_images/bridges/bridge_9445/1715408627.jpg", "bridge_name": "Ranipur Truss Bridge 2", "bridge_type": "Truss Bridge", "road_no": "Z7709", "zone": "Barishal", "circle": "Barishal", "division": "Pirojpur", "sub-division": "Pirojpur", "sae": "SO-Pirojpur-1", "bridge_length_(m)": 15.8, "bridge_width_(m)": 8.05, "chainage_(km)": "3+985", "xcoord": 89.999015, "ycoord": 22.584653277777999, "map_link": "https://maps.google.com/?q=22.58465327777800000,89.99901500000000000&z=8&t=k", "bms_detail": "http://bms.rhd.gov.bd:8088/bms/bridges/detail_view/109445", "bms_inventory": "http://bms.rhd.gov.bd:8088/bms/bridges/inventory_view/109445", "keys": "[bridge_name, Bridge Name], [bridge_type,Type], [chainage_(km), Chainage (km)], [road_no, On Road], [division, Division], [subdivision, Subdivision], [bridge_length_(m), Length (m)], [bridge_width_(m), Width (m)],[map_link(=>{type:link, format:weblink}, Google Map,newtab=>),Google Map View],[bms_inventory(=>{type:link, format:weblink}, BMS Link,newtab=>), BMS Inventory],[bms_detail(=>{type:link, format:weblink},BMS Link,newtab=>), BMS Detailed View]", "f_class_color": "#6470da", "spans": 1.0, "span_arrangement": "15.8", "completion_year": "2019", "bridge_no": "223505895956" }, "geometry": { "type": "Point", "coordinates": [ 89.999015, 22.584653277777999 ] } },
{ "type": "Feature", "properties": { "bridge_id": "105318", "SL": 12743, "image_pop": "8088/bms/assets/img/no_picture.png", "bridge_name": "Rayerhat PC Girder Bridge", "bridge_type": "PC Girder Bridge", "road_no": "Z8033", "zone": "Barishal", "circle": "Barishal", "division": "Barishal", "sub-division": "Barishal-2", "sae": "SO-Barishal Sub Division-2-1", "bridge_length_(m)": 40.0, "bridge_width_(m)": 10.5, "chainage_(km)": "17+470", "xcoord": 90.168333333332995, "ycoord": 22.777222222222001, "map_link": "https://maps.google.com/?q=22.77722222222200000,90.16833333333300000&z=8&t=k", "bms_detail": "http://bms.rhd.gov.bd:8088/bms/bridges/detail_view/105318", "bms_inventory": "http://bms.rhd.gov.bd:8088/bms/bridges/inventory_view/105318", "keys": "[bridge_name, Bridge Name], [bridge_type,Type], [chainage_(km), Chainage (km)], [road_no, On Road], [division, Division], [subdivision, Subdivision], [bridge_length_(m), Length (m)], [bridge_width_(m), Width (m)],[map_link(=>{type:link, format:weblink}, Google Map,newtab=>),Google Map View],[bms_inventory(=>{type:link, format:weblink}, BMS Link,newtab=>), BMS Inventory],[bms_detail(=>{type:link, format:weblink},BMS Link,newtab=>), BMS Detailed View]", "f_class_color": "#6ebed6", "spans": 1.0, "span_arrangement": "40", "completion_year": "2019", "bridge_no": "227790901669" }, "geometry": { "type": "Point", "coordinates": [ 90.168333333332995, 22.777222222222001 ] } },
{ "type": "Feature", "properties": { "bridge_id": "106695", "SL": 12845, "image_pop": "8088/bms/assets/uploads/images/prudential_images/bridges/bridge_6695/1706098977.jpeg", "bridge_name": "Rongopaldi PC Girder Bridge", "bridge_type": "PC Girder Bridge", "road_no": "Z8806", "zone": "Barishal", "circle": "Patuakhali", "division": "Patuakhali", "sub-division": "Patuakhali", "sae": "SO-Patuakhali-3", "bridge_length_(m)": 245.7, "bridge_width_(m)": 7.5, "chainage_(km)": "58+142", "xcoord": 90.489568, "ycoord": 22.194798, "map_link": "https://maps.google.com/?q=22.19479800000000000,90.48956800000000000&z=8&t=k", "bms_detail": "http://bms.rhd.gov.bd:8088/bms/bridges/detail_view/106695", "bms_inventory": "http://bms.rhd.gov.bd:8088/bms/bridges/inventory_view/106695", "keys": "[bridge_name, Bridge Name], [bridge_type,Type], [chainage_(km), Chainage (km)], [road_no, On Road], [division, Division], [subdivision, Subdivision], [bridge_length_(m), Length (m)], [bridge_width_(m), Width (m)],[map_link(=>{type:link, format:weblink}, Google Map,newtab=>),Google Map View],[bms_inventory(=>{type:link, format:weblink}, BMS Link,newtab=>), BMS Inventory],[bms_detail(=>{type:link, format:weblink},BMS Link,newtab=>), BMS Detailed View]", "f_class_color": "#6ebed6", "spans": 7.0, "span_arrangement": "35.2+35.2+35.3+35.2+34.4+35.2+35.2", "completion_year": "2018", "bridge_no": "221141902922" }, "geometry": { "type": "Point", "coordinates": [ 90.489568, 22.194798 ] } },
{ "type": "Feature", "properties": { "bridge_id": "110130", "SL": 12892, "image_pop": "8088/bms/assets/uploads/images/prudential_images/bridges/bridge_10130/1717828213.jpg", "bridge_name": "Rothkhola Bridge", "bridge_type": "PC Girder Bridge", "road_no": "R852", "zone": "Barishal", "circle": "Barishal", "division": "Barishal", "sub-division": "Barishal -1", "sae": "SO-Barishal Sub Division-1-3", "bridge_length_(m)": 31.7, "bridge_width_(m)": 8.3, "chainage_(km)": "4+647", "xcoord": 90.17946, "ycoord": 22.963360583332999, "map_link": "https://maps.google.com/?q=22.96336058333300000,90.17946000000000000&z=8&t=k", "bms_detail": "http://bms.rhd.gov.bd:8088/bms/bridges/detail_view/110130", "bms_inventory": "http://bms.rhd.gov.bd:8088/bms/bridges/inventory_view/110130", "keys": "[bridge_name, Bridge Name], [bridge_type,Type], [chainage_(km), Chainage (km)], [road_no, On Road], [division, Division], [subdivision, Subdivision], [bridge_length_(m), Length (m)], [bridge_width_(m), Width (m)],[map_link(=>{type:link, format:weblink}, Google Map,newtab=>),Google Map View],[bms_inventory(=>{type:link, format:weblink}, BMS Link,newtab=>), BMS Inventory],[bms_detail(=>{type:link, format:weblink},BMS Link,newtab=>), BMS Detailed View]", "f_class_color": "#6ebed6", "spans": 1.0, "span_arrangement": "31.7", "completion_year": "2008", "bridge_no": "225748901046P" }, "geometry": { "type": "Point", "coordinates": [ 90.17946, 22.963360583332999 ] } },
{ "type": "Feature", "properties": { "bridge_id": "105336", "SL": 12926, "image_pop": "8088/bms/assets/img/no_picture.png", "bridge_name": "Ruiya RCC Girder Bridge", "bridge_type": "RC Girder Bridge", "road_no": "Z8037", "zone": "Barishal", "circle": "Barishal", "division": "Barishal", "sub-division": "Barishal-2", "sae": "SO-Barishal Sub Division-2-1", "bridge_length_(m)": 8.2, "bridge_width_(m)": 8.7, "chainage_(km)": "2+074", "xcoord": 90.3344444, "ycoord": 22.7052778, "map_link": "https://maps.google.com/?q=22.70527780000000000,90.33444440000000000&z=8&t=k", "bms_detail": "http://bms.rhd.gov.bd:8088/bms/bridges/detail_view/105336", "bms_inventory": "http://bms.rhd.gov.bd:8088/bms/bridges/inventory_view/105336", "keys": "[bridge_name, Bridge Name], [bridge_type,Type], [chainage_(km), Chainage (km)], [road_no, On Road], [division, Division], [subdivision, Subdivision], [bridge_length_(m), Length (m)], [bridge_width_(m), Width (m)],[map_link(=>{type:link, format:weblink}, Google Map,newtab=>),Google Map View],[bms_inventory(=>{type:link, format:weblink}, BMS Link,newtab=>), BMS Inventory],[bms_detail(=>{type:link, format:weblink},BMS Link,newtab=>), BMS Detailed View]", "f_class_color": "#e8f674", "spans": 1.0, "span_arrangement": "8.2", "completion_year": "2016", "bridge_no": "227052903343" }, "geometry": { "type": "Point", "coordinates": [ 90.3344444, 22.7052778 ] } },
{ "type": "Feature", "properties": { "bridge_id": "107373", "SL": 12939, "image_pop": "8088/bms/assets/uploads/images/prudential_images/bridges/bridge_7373/1709025529.jpg", "bridge_name": "Rupdhon RCC Girder Bridge", "bridge_type": "RC Girder Bridge", "road_no": "Z8708", "zone": "Barishal", "circle": "Patuakhali", "division": "Barguna", "sub-division": "Barguna", "sae": "SO-Barguna-1", "bridge_length_(m)": 11.3, "bridge_width_(m)": 4.8, "chainage_(km)": "60+540", "xcoord": 90.010391888889004, "ycoord": 22.150721777777999, "map_link": "https://maps.google.com/?q=22.15072177777800000,90.01039188888900000&z=8&t=k", "bms_detail": "http://bms.rhd.gov.bd:8088/bms/bridges/detail_view/107373", "bms_inventory": "http://bms.rhd.gov.bd:8088/bms/bridges/inventory_view/107373", "keys": "[bridge_name, Bridge Name], [bridge_type,Type], [chainage_(km), Chainage (km)], [road_no, On Road], [division, Division], [subdivision, Subdivision], [bridge_length_(m), Length (m)], [bridge_width_(m), Width (m)],[map_link(=>{type:link, format:weblink}, Google Map,newtab=>),Google Map View],[bms_inventory(=>{type:link, format:weblink}, BMS Link,newtab=>), BMS Inventory],[bms_detail(=>{type:link, format:weblink},BMS Link,newtab=>), BMS Detailed View]", "f_class_color": "#e8f674", "spans": 1.0, "span_arrangement": "11.3", "completion_year": "2008", "bridge_no": "220903900037" }, "geometry": { "type": "Point", "coordinates": [ 90.010391888889004, 22.150721777777999 ] } },
{ "type": "Feature", "properties": { "bridge_id": "109850", "SL": 13023, "image_pop": "8088/bms/assets/uploads/images/prudential_images/bridges/bridge_9850/1716464953.jpg", "bridge_name": "Safa Bailey Bridge", "bridge_type": "Portable Steel Bridge", "road_no": "Z8701", "zone": "Barishal", "circle": "Barishal", "division": "Pirojpur", "sub-division": "Kawkhali", "sae": "SO-Kawkhali-3", "bridge_length_(m)": 43.0, "bridge_width_(m)": 3.41, "chainage_(km)": "14+935", "xcoord": 89.964777583333003, "ycoord": 22.367641277777999, "map_link": "https://maps.google.com/?q=22.36764127777800000,89.96477758333300000&z=8&t=k", "bms_detail": "http://bms.rhd.gov.bd:8088/bms/bridges/detail_view/109850", "bms_inventory": "http://bms.rhd.gov.bd:8088/bms/bridges/inventory_view/109850", "keys": "[bridge_name, Bridge Name], [bridge_type,Type], [chainage_(km), Chainage (km)], [road_no, On Road], [division, Division], [subdivision, Subdivision], [bridge_length_(m), Length (m)], [bridge_width_(m), Width (m)],[map_link(=>{type:link, format:weblink}, Google Map,newtab=>),Google Map View],[bms_inventory(=>{type:link, format:weblink}, BMS Link,newtab=>), BMS Inventory],[bms_detail(=>{type:link, format:weblink},BMS Link,newtab=>), BMS Detailed View]", "f_class_color": "#29ffa4", "spans": 1.0, "span_arrangement": "43", "completion_year": "2000", "bridge_no": "222203895753" }, "geometry": { "type": "Point", "coordinates": [ 89.964777583333003, 22.367641277777999 ] } },
{ "type": "Feature", "properties": { "bridge_id": "110093", "SL": 13044, "image_pop": "8088/bms/assets/uploads/images/prudential_images/bridges/bridge_10093/1717497732.jpg", "bridge_name": "Sagorkanda Ferighat RCC Girder Bridge", "bridge_type": "RC Girder Bridge", "road_no": "Z8750", "zone": "Barishal", "circle": "Barishal", "division": "Pirojpur", "sub-division": "Kawkhali", "sae": "SO-Kawkhali-1", "bridge_length_(m)": 45.5, "bridge_width_(m)": 7.5, "chainage_(km)": "5+965", "xcoord": 90.127623194443998, "ycoord": 22.670621388889, "map_link": "https://maps.google.com/?q=22.67062138888900000,90.12762319444400000&z=8&t=k", "bms_detail": "http://bms.rhd.gov.bd:8088/bms/bridges/detail_view/110093", "bms_inventory": "http://bms.rhd.gov.bd:8088/bms/bridges/inventory_view/110093", "keys": "[bridge_name, Bridge Name], [bridge_type,Type], [chainage_(km), Chainage (km)], [road_no, On Road], [division, Division], [subdivision, Subdivision], [bridge_length_(m), Length (m)], [bridge_width_(m), Width (m)],[map_link(=>{type:link, format:weblink}, Google Map,newtab=>),Google Map View],[bms_inventory(=>{type:link, format:weblink}, BMS Link,newtab=>), BMS Inventory],[bms_detail(=>{type:link, format:weblink},BMS Link,newtab=>), BMS Detailed View]", "f_class_color": "#e8f674", "spans": 3.0, "span_arrangement": "15+15.5+15", "completion_year": "2013", "bridge_no": "224014900739" }, "geometry": { "type": "Point", "coordinates": [ 90.127623194443998, 22.670621388889 ] } },
{ "type": "Feature", "properties": { "bridge_id": "110094", "SL": 13045, "image_pop": "8088/bms/assets/uploads/images/prudential_images/bridges/bridge_10094/1717497149.jpg", "bridge_name": "Sagorkanda RCC Girder Bridge", "bridge_type": "RC Girder Bridge", "road_no": "Z8750", "zone": "Barishal", "circle": "Barishal", "division": "Pirojpur", "sub-division": "Kawkhali", "sae": "SO-Kawkhali-1", "bridge_length_(m)": 45.2, "bridge_width_(m)": 6.6, "chainage_(km)": "6+308", "xcoord": 90.130322777778005, "ycoord": 22.671718694443999, "map_link": "https://maps.google.com/?q=22.67171869444400000,90.13032277777800000&z=8&t=k", "bms_detail": "http://bms.rhd.gov.bd:8088/bms/bridges/detail_view/110094", "bms_inventory": "http://bms.rhd.gov.bd:8088/bms/bridges/inventory_view/110094", "keys": "[bridge_name, Bridge Name], [bridge_type,Type], [chainage_(km), Chainage (km)], [road_no, On Road], [division, Division], [subdivision, Subdivision], [bridge_length_(m), Length (m)], [bridge_width_(m), Width (m)],[map_link(=>{type:link, format:weblink}, Google Map,newtab=>),Google Map View],[bms_inventory(=>{type:link, format:weblink}, BMS Link,newtab=>), BMS Inventory],[bms_detail(=>{type:link, format:weblink},BMS Link,newtab=>), BMS Detailed View]", "f_class_color": "#e8f674", "spans": 3.0, "span_arrangement": "14.8+15.6+14.8", "completion_year": "2013", "bridge_no": "224018900749" }, "geometry": { "type": "Point", "coordinates": [ 90.130322777778005, 22.671718694443999 ] } },
{ "type": "Feature", "properties": { "bridge_id": "109725", "SL": 13200, "image_pop": "8088/bms/assets/uploads/images/prudential_images/bridges/bridge_9725/1716116516.jpg", "bridge_name": "Sarsina Bailey Bridge", "bridge_type": "Portable Steel Bridge", "road_no": "Z8033", "zone": "Barishal", "circle": "Barishal", "division": "Pirojpur", "sub-division": "Kawkhali", "sae": "SO-Kawkhali-1", "bridge_length_(m)": 22.0, "bridge_width_(m)": 3.5, "chainage_(km)": "25+884", "xcoord": 90.099800583333007, "ycoord": 22.755460583333001, "map_link": "https://maps.google.com/?q=22.75546058333300000,90.09980058333300000&z=8&t=k", "bms_detail": "http://bms.rhd.gov.bd:8088/bms/bridges/detail_view/109725", "bms_inventory": "http://bms.rhd.gov.bd:8088/bms/bridges/inventory_view/109725", "keys": "[bridge_name, Bridge Name], [bridge_type,Type], [chainage_(km), Chainage (km)], [road_no, On Road], [division, Division], [subdivision, Subdivision], [bridge_length_(m), Length (m)], [bridge_width_(m), Width (m)],[map_link(=>{type:link, format:weblink}, Google Map,newtab=>),Google Map View],[bms_inventory(=>{type:link, format:weblink}, BMS Link,newtab=>), BMS Inventory],[bms_detail(=>{type:link, format:weblink},BMS Link,newtab=>), BMS Detailed View]", "f_class_color": "#29ffa4", "spans": 1.0, "span_arrangement": "22", "completion_year": "1990", "bridge_no": "224520900559" }, "geometry": { "type": "Point", "coordinates": [ 90.099800583333007, 22.755460583333001 ] } },
{ "type": "Feature", "properties": { "bridge_id": "109032", "SL": 13214, "image_pop": "8088/bms/assets/uploads/images/prudential_images/bridges/bridge_9032/1713943209.jpg", "bridge_name": "Satani Bailey Bridge", "bridge_type": "Portable Steel Bridge", "road_no": "Z8708", "zone": "Barishal", "circle": "Barishal", "division": "Jhalokati", "sub-division": "Jhalokati", "sae": "SO-Jhalokati-2", "bridge_length_(m)": 52.0, "bridge_width_(m)": 3.26, "chainage_(km)": "12+189", "xcoord": 90.1560415, "ycoord": 22.481151388889, "map_link": "https://maps.google.com/?q=22.48115138888900000,90.15604150000000000&z=8&t=k", "bms_detail": "http://bms.rhd.gov.bd:8088/bms/bridges/detail_view/109032", "bms_inventory": "http://bms.rhd.gov.bd:8088/bms/bridges/inventory_view/109032", "keys": "[bridge_name, Bridge Name], [bridge_type,Type], [chainage_(km), Chainage (km)], [road_no, On Road], [division, Division], [subdivision, Subdivision], [bridge_length_(m), Length (m)], [bridge_width_(m), Width (m)],[map_link(=>{type:link, format:weblink}, Google Map,newtab=>),Google Map View],[bms_inventory(=>{type:link, format:weblink}, BMS Link,newtab=>), BMS Inventory],[bms_detail(=>{type:link, format:weblink},BMS Link,newtab=>), BMS Detailed View]", "f_class_color": "#29ffa4", "spans": 1.0, "span_arrangement": "52", "completion_year": "1995", "bridge_no": "222852900922" }, "geometry": { "type": "Point", "coordinates": [ 90.1560415, 22.481151388889 ] } },
{ "type": "Feature", "properties": { "bridge_id": "108934", "SL": 13217, "image_pop": "8088/bms/assets/uploads/images/prudential_images/bridges/bridge_8934/1713694152.jpg", "bridge_name": "Satani PC Girder Bridge", "bridge_type": "PC Girder Bridge", "road_no": "Z8708", "zone": "Barishal", "circle": "Barishal", "division": "Jhalokati", "sub-division": "Jhalokati", "sae": "SO-Jhalokati-2", "bridge_length_(m)": 31.0, "bridge_width_(m)": 10.0, "chainage_(km)": "4+688", "xcoord": 90.148546777777995, "ycoord": 22.527919194443999, "map_link": "https://maps.google.com/?q=22.52791919444400000,90.14854677777800000&z=8&t=k", "bms_detail": "http://bms.rhd.gov.bd:8088/bms/bridges/detail_view/108934", "bms_inventory": "http://bms.rhd.gov.bd:8088/bms/bridges/inventory_view/108934", "keys": "[bridge_name, Bridge Name], [bridge_type,Type], [chainage_(km), Chainage (km)], [road_no, On Road], [division, Division], [subdivision, Subdivision], [bridge_length_(m), Length (m)], [bridge_width_(m), Width (m)],[map_link(=>{type:link, format:weblink}, Google Map,newtab=>),Google Map View],[bms_inventory(=>{type:link, format:weblink}, BMS Link,newtab=>), BMS Inventory],[bms_detail(=>{type:link, format:weblink},BMS Link,newtab=>), BMS Detailed View]", "f_class_color": "#6ebed6", "spans": 1.0, "span_arrangement": "31", "completion_year": "2022", "bridge_no": "223141900855" }, "geometry": { "type": "Point", "coordinates": [ 90.148546777777995, 22.527919194443999 ] } },
{ "type": "Feature", "properties": { "bridge_id": "109557", "SL": 13246, "image_pop": "8088/bms/assets/uploads/images/prudential_images/bridges/bridge_9557/1715683502.jpg", "bridge_name": "Satkasima RCC Girder Bridge", "bridge_type": "RC Girder Bridge", "road_no": "Z7710", "zone": "Barishal", "circle": "Barishal", "division": "Pirojpur", "sub-division": "Pirojpur", "sae": "SO-Pirojpur-2", "bridge_length_(m)": 66.3, "bridge_width_(m)": 7.0, "chainage_(km)": "38+140", "xcoord": 89.9770245, "ycoord": 22.717945777777999, "map_link": "https://maps.google.com/?q=22.71794577777800000,89.97702450000000000&z=8&t=k", "bms_detail": "http://bms.rhd.gov.bd:8088/bms/bridges/detail_view/109557", "bms_inventory": "http://bms.rhd.gov.bd:8088/bms/bridges/inventory_view/109557", "keys": "[bridge_name, Bridge Name], [bridge_type,Type], [chainage_(km), Chainage (km)], [road_no, On Road], [division, Division], [subdivision, Subdivision], [bridge_length_(m), Length (m)], [bridge_width_(m), Width (m)],[map_link(=>{type:link, format:weblink}, Google Map,newtab=>),Google Map View],[bms_inventory(=>{type:link, format:weblink}, BMS Link,newtab=>), BMS Inventory],[bms_detail(=>{type:link, format:weblink},BMS Link,newtab=>), BMS Detailed View]", "f_class_color": "#e8f674", "spans": 5.0, "span_arrangement": "13.7+13.1+13.1+13+13.4", "completion_year": "2021", "bridge_no": "224305895837" }, "geometry": { "type": "Point", "coordinates": [ 89.9770245, 22.717945777777999 ] } },
{ "type": "Feature", "properties": { "bridge_id": "109777", "SL": 13287, "image_pop": "8088/bms/assets/uploads/images/prudential_images/bridges/bridge_9777/1716205426.jpg", "bridge_name": "Sehangal Bailey Bridge", "bridge_type": "Portable Steel Bridge", "road_no": "Z8033", "zone": "Barishal", "circle": "Barishal", "division": "Pirojpur", "sub-division": "Kawkhali", "sae": "SO-Kawkhali-1", "bridge_length_(m)": 32.9, "bridge_width_(m)": 3.36, "chainage_(km)": "35+637", "xcoord": 90.079888888889002, "ycoord": 22.6748965, "map_link": "https://maps.google.com/?q=22.67489650000000000,90.07988888888900000&z=8&t=k", "bms_detail": "http://bms.rhd.gov.bd:8088/bms/bridges/detail_view/109777", "bms_inventory": "http://bms.rhd.gov.bd:8088/bms/bridges/inventory_view/109777", "keys": "[bridge_name, Bridge Name], [bridge_type,Type], [chainage_(km), Chainage (km)], [road_no, On Road], [division, Division], [subdivision, Subdivision], [bridge_length_(m), Length (m)], [bridge_width_(m), Width (m)],[map_link(=>{type:link, format:weblink}, Google Map,newtab=>),Google Map View],[bms_inventory(=>{type:link, format:weblink}, BMS Link,newtab=>), BMS Inventory],[bms_detail(=>{type:link, format:weblink},BMS Link,newtab=>), BMS Detailed View]", "f_class_color": "#29ffa4", "spans": 1.0, "span_arrangement": "32.9", "completion_year": "2017", "bridge_no": "224029900447" }, "geometry": { "type": "Point", "coordinates": [ 90.079888888889002, 22.6748965 ] } },
{ "type": "Feature", "properties": { "bridge_id": "109800", "SL": 13290, "image_pop": "8088/bms/assets/uploads/images/prudential_images/bridges/bridge_9800/1716275536.jpg", "bridge_name": "Sehangal RCC Girder Bridge", "bridge_type": "RC Girder Bridge", "road_no": "Z8750", "zone": "Barishal", "circle": "Barishal", "division": "Pirojpur", "sub-division": "Pirojpur", "sae": "SO-Pirojpur-3", "bridge_length_(m)": 20.0, "bridge_width_(m)": 7.1, "chainage_(km)": "0+419", "xcoord": 90.085372, "ycoord": 22.659878, "map_link": "https://maps.google.com/?q=22.65987800000000000,90.08537200000000000&z=8&t=k", "bms_detail": "http://bms.rhd.gov.bd:8088/bms/bridges/detail_view/109800", "bms_inventory": "http://bms.rhd.gov.bd:8088/bms/bridges/inventory_view/109800", "keys": "[bridge_name, Bridge Name], [bridge_type,Type], [chainage_(km), Chainage (km)], [road_no, On Road], [division, Division], [subdivision, Subdivision], [bridge_length_(m), Length (m)], [bridge_width_(m), Width (m)],[map_link(=>{type:link, format:weblink}, Google Map,newtab=>),Google Map View],[bms_inventory(=>{type:link, format:weblink}, BMS Link,newtab=>), BMS Inventory],[bms_detail(=>{type:link, format:weblink},BMS Link,newtab=>), BMS Detailed View]", "f_class_color": "#e8f674", "spans": 1.0, "span_arrangement": "20", "completion_year": "2012", "bridge_no": "223935900507" }, "geometry": { "type": "Point", "coordinates": [ 90.085372, 22.659878 ] } },
{ "type": "Feature", "properties": { "bridge_id": "109779", "SL": 13291, "image_pop": "8088/bms/assets/uploads/images/prudential_images/bridges/bridge_9779/1716206904.jpg", "bridge_name": "Sehangal Steel Girder Bridge", "bridge_type": "Steel Girder Bridge", "road_no": "Z8033", "zone": "Barishal", "circle": "Barishal", "division": "Pirojpur", "sub-division": "Kawkhali", "sae": "SO-Kawkhali-1", "bridge_length_(m)": 13.8, "bridge_width_(m)": 3.4, "chainage_(km)": "36+700", "xcoord": 90.080516194444002, "ycoord": 22.669781777777999, "map_link": "https://maps.google.com/?q=22.66978177777800000,90.08051619444400000&z=8&t=k", "bms_detail": "http://bms.rhd.gov.bd:8088/bms/bridges/detail_view/109779", "bms_inventory": "http://bms.rhd.gov.bd:8088/bms/bridges/inventory_view/109779", "keys": "[bridge_name, Bridge Name], [bridge_type,Type], [chainage_(km), Chainage (km)], [road_no, On Road], [division, Division], [subdivision, Subdivision], [bridge_length_(m), Length (m)], [bridge_width_(m), Width (m)],[map_link(=>{type:link, format:weblink}, Google Map,newtab=>),Google Map View],[bms_inventory(=>{type:link, format:weblink}, BMS Link,newtab=>), BMS Inventory],[bms_detail(=>{type:link, format:weblink},BMS Link,newtab=>), BMS Detailed View]", "f_class_color": "#b15dec", "spans": 3.0, "span_arrangement": "4.6+4.6+4.6", "completion_year": "1994", "bridge_no": "224011900450" }, "geometry": { "type": "Point", "coordinates": [ 90.080516194444002, 22.669781777777999 ] } },
{ "type": "Feature", "properties": { "bridge_id": "110369", "SL": 13395, "image_pop": "8088/bms/assets/img/no_picture.png", "bridge_name": "Shahid Sheikh Fojlul Haque Moni Pc Girder Bridge", "bridge_type": "PC Girder Bridge", "road_no": "Z7711", "zone": "Barishal", "circle": "Barishal", "division": "Pirojpur", "sub-division": "Pirojpur", "sae": "SO-Pirojpur-1", "bridge_length_(m)": 388.0, "bridge_width_(m)": 10.0, "chainage_(km)": "1+584", "xcoord": 89.966882083333005, "ycoord": 22.492545, "map_link": "https://maps.google.com/?q=22.49254500000000000,89.96688208333300000&z=8&t=k", "bms_detail": "http://bms.rhd.gov.bd:8088/bms/bridges/detail_view/110369", "bms_inventory": "http://bms.rhd.gov.bd:8088/bms/bridges/inventory_view/110369", "keys": "[bridge_name, Bridge Name], [bridge_type,Type], [chainage_(km), Chainage (km)], [road_no, On Road], [division, Division], [subdivision, Subdivision], [bridge_length_(m), Length (m)], [bridge_width_(m), Width (m)],[map_link(=>{type:link, format:weblink}, Google Map,newtab=>),Google Map View],[bms_inventory(=>{type:link, format:weblink}, BMS Link,newtab=>), BMS Inventory],[bms_detail(=>{type:link, format:weblink},BMS Link,newtab=>), BMS Detailed View]", "f_class_color": "#6ebed6", "spans": 8.0, "span_arrangement": "48.5+48.5+48.5+48.5+48.5+48.5+48.5+48.5", "completion_year": "2013", "bridge_no": "222933895801" }, "geometry": { "type": "Point", "coordinates": [ 89.966882083333005, 22.492545 ] } },
{ "type": "Feature", "properties": { "bridge_id": "110078", "SL": 13431, "image_pop": "8088/bms/assets/uploads/images/prudential_images/bridges/bridge_10078/1717413187.jpg", "bridge_name": "Shakarikathi RCC Girder Bridge 3", "bridge_type": "RC Girder Bridge", "road_no": "Z7710", "zone": "Barishal", "circle": "Barishal", "division": "Pirojpur", "sub-division": "Pirojpur", "sae": "SO-Pirojpur-1", "bridge_length_(m)": 35.7, "bridge_width_(m)": 7.0, "chainage_(km)": "27+239", "xcoord": 89.901150222222, "ycoord": 22.800131, "map_link": "https://maps.google.com/?q=22.80013100000000000,89.90115022222200000&z=8&t=k", "bms_detail": "http://bms.rhd.gov.bd:8088/bms/bridges/detail_view/110078", "bms_inventory": "http://bms.rhd.gov.bd:8088/bms/bridges/inventory_view/110078", "keys": "[bridge_name, Bridge Name], [bridge_type,Type], [chainage_(km), Chainage (km)], [road_no, On Road], [division, Division], [subdivision, Subdivision], [bridge_length_(m), Length (m)], [bridge_width_(m), Width (m)],[map_link(=>{type:link, format:weblink}, Google Map,newtab=>),Google Map View],[bms_inventory(=>{type:link, format:weblink}, BMS Link,newtab=>), BMS Inventory],[bms_detail(=>{type:link, format:weblink},BMS Link,newtab=>), BMS Detailed View]", "f_class_color": "#e8f674", "spans": 3.0, "span_arrangement": "11.9+11.9+11.9", "completion_year": "2010", "bridge_no": "224800895404" }, "geometry": { "type": "Point", "coordinates": [ 89.901150222222, 22.800131 ] } },
{ "type": "Feature", "properties": { "bridge_id": "109550", "SL": 13451, "image_pop": "8088/bms/assets/uploads/images/prudential_images/bridges/bridge_9550/1715682873.jpg", "bridge_name": "Shakharikathi RCC Girder Bridge", "bridge_type": "RC Girder Bridge", "road_no": "Z7710", "zone": "Barishal", "circle": "Barishal", "division": "Pirojpur", "sub-division": "Pirojpur", "sae": "SO-Pirojpur-2", "bridge_length_(m)": 9.8, "bridge_width_(m)": 7.0, "chainage_(km)": "34+890", "xcoord": 89.996198277778007, "ycoord": 22.738175194444, "map_link": "https://maps.google.com/?q=22.73817519444400000,89.99619827777800000&z=8&t=k", "bms_detail": "http://bms.rhd.gov.bd:8088/bms/bridges/detail_view/109550", "bms_inventory": "http://bms.rhd.gov.bd:8088/bms/bridges/inventory_view/109550", "keys": "[bridge_name, Bridge Name], [bridge_type,Type], [chainage_(km), Chainage (km)], [road_no, On Road], [division, Division], [subdivision, Subdivision], [bridge_length_(m), Length (m)], [bridge_width_(m), Width (m)],[map_link(=>{type:link, format:weblink}, Google Map,newtab=>),Google Map View],[bms_inventory(=>{type:link, format:weblink}, BMS Link,newtab=>), BMS Inventory],[bms_detail(=>{type:link, format:weblink},BMS Link,newtab=>), BMS Detailed View]", "f_class_color": "#e8f674", "spans": 1.0, "span_arrangement": "9.8", "completion_year": "2015", "bridge_no": "224417895936" }, "geometry": { "type": "Point", "coordinates": [ 89.996198277778007, 22.738175194444 ] } },
{ "type": "Feature", "properties": { "bridge_id": "109812", "SL": 13504, "image_pop": "8088/bms/assets/uploads/images/prudential_images/bridges/bridge_9812/1716447189.jpg", "bridge_name": "Shankarpur Slab Girder Bridge", "bridge_type": "RC Slab Bridge", "road_no": "Z8702", "zone": "Barishal", "circle": "Barishal", "division": "Pirojpur", "sub-division": "Pirojpur", "sae": "SO-Pirojpur-1", "bridge_length_(m)": 11.6, "bridge_width_(m)": 16.2, "chainage_(km)": "10+576", "xcoord": 90.038503388888998, "ycoord": 22.572886583332998, "map_link": "https://maps.google.com/?q=22.57288658333300000,90.03850338888900000&z=8&t=k", "bms_detail": "http://bms.rhd.gov.bd:8088/bms/bridges/detail_view/109812", "bms_inventory": "http://bms.rhd.gov.bd:8088/bms/bridges/inventory_view/109812", "keys": "[bridge_name, Bridge Name], [bridge_type,Type], [chainage_(km), Chainage (km)], [road_no, On Road], [division, Division], [subdivision, Subdivision], [bridge_length_(m), Length (m)], [bridge_width_(m), Width (m)],[map_link(=>{type:link, format:weblink}, Google Map,newtab=>),Google Map View],[bms_inventory(=>{type:link, format:weblink}, BMS Link,newtab=>), BMS Inventory],[bms_detail(=>{type:link, format:weblink},BMS Link,newtab=>), BMS Detailed View]", "f_class_color": "#088afa", "spans": 1.0, "span_arrangement": "11.6", "completion_year": "2021", "bridge_no": "223422900218" }, "geometry": { "type": "Point", "coordinates": [ 90.038503388888998, 22.572886583332998 ] } },
{ "type": "Feature", "properties": { "bridge_id": "109561", "SL": 13508, "image_pop": "8088/bms/assets/uploads/images/prudential_images/bridges/bridge_9561/1715680381.jpg", "bridge_name": "Shankorpasa Bailey Steel Girder Bridge", "bridge_type": "Portable Steel Bridge", "road_no": "R870", "zone": "Barishal", "circle": "Barishal", "division": "Pirojpur", "sub-division": "Pirojpur", "sae": "SO-Pirojpur-1", "bridge_length_(m)": 36.2, "bridge_width_(m)": 7.71, "chainage_(km)": "26+561", "xcoord": 89.994890694443995, "ycoord": 22.519291777778001, "map_link": "https://maps.google.com/?q=22.51929177777800000,89.99489069444400000&z=8&t=k", "bms_detail": "http://bms.rhd.gov.bd:8088/bms/bridges/detail_view/109561", "bms_inventory": "http://bms.rhd.gov.bd:8088/bms/bridges/inventory_view/109561", "keys": "[bridge_name, Bridge Name], [bridge_type,Type], [chainage_(km), Chainage (km)], [road_no, On Road], [division, Division], [subdivision, Subdivision], [bridge_length_(m), Length (m)], [bridge_width_(m), Width (m)],[map_link(=>{type:link, format:weblink}, Google Map,newtab=>),Google Map View],[bms_inventory(=>{type:link, format:weblink}, BMS Link,newtab=>), BMS Inventory],[bms_detail(=>{type:link, format:weblink},BMS Link,newtab=>), BMS Detailed View]", "f_class_color": "#29ffa4", "spans": 1.0, "span_arrangement": "36.2", "completion_year": "1990", "bridge_no": "223109895942" }, "geometry": { "type": "Point", "coordinates": [ 89.994890694443995, 22.519291777778001 ] } },
{ "type": "Feature", "properties": { "bridge_id": "110346", "SL": 13586, "image_pop": "8088/bms/assets/uploads/images/prudential_images/bridges/bridge_10346/1718101888.jpg", "bridge_name": "Shashi Bhusan Bazar RCC Girder Bridge", "bridge_type": "RC Girder Bridge", "road_no": "R890", "zone": "Barishal", "circle": "Barishal", "division": "Bhola", "sub-division": "Bhola", "sae": "SO-Bhola-3", "bridge_length_(m)": 36.0, "bridge_width_(m)": 7.2, "chainage_(km)": "0+310", "xcoord": 90.708986277777996, "ycoord": 22.108090888888999, "map_link": "https://maps.google.com/?q=22.10809088888900000,90.70898627777800000&z=8&t=k", "bms_detail": "http://bms.rhd.gov.bd:8088/bms/bridges/detail_view/110346", "bms_inventory": "http://bms.rhd.gov.bd:8088/bms/bridges/inventory_view/110346", "keys": "[bridge_name, Bridge Name], [bridge_type,Type], [chainage_(km), Chainage (km)], [road_no, On Road], [division, Division], [subdivision, Subdivision], [bridge_length_(m), Length (m)], [bridge_width_(m), Width (m)],[map_link(=>{type:link, format:weblink}, Google Map,newtab=>),Google Map View],[bms_inventory(=>{type:link, format:weblink}, BMS Link,newtab=>), BMS Inventory],[bms_detail(=>{type:link, format:weblink},BMS Link,newtab=>), BMS Detailed View]", "f_class_color": "#e8f674", "spans": 3.0, "span_arrangement": "12+12+12", "completion_year": "2011", "bridge_no": "220629904232" }, "geometry": { "type": "Point", "coordinates": [ 90.708986277777996, 22.108090888888999 ] } },
{ "type": "Feature", "properties": { "bridge_id": "106076", "SL": 13587, "image_pop": "8088/bms/assets/uploads/images/prudential_images/bridges/bridge_6076/1703134354.jpg", "bridge_name": "Shashi Bhushan Bridge", "bridge_type": "PC Girder Bridge", "road_no": "R890", "zone": "Barishal", "circle": "Barishal", "division": "Bhola", "sub-division": "Charfession", "sae": "SO-Charfession-2", "bridge_length_(m)": 31.3, "bridge_width_(m)": 10.1, "chainage_(km)": "84+432", "xcoord": 90.710560083332993, "ycoord": 22.1067275, "map_link": "https://maps.google.com/?q=22.10672750000000000,90.71056008333300000&z=8&t=k", "bms_detail": "http://bms.rhd.gov.bd:8088/bms/bridges/detail_view/106076", "bms_inventory": "http://bms.rhd.gov.bd:8088/bms/bridges/inventory_view/106076", "keys": "[bridge_name, Bridge Name], [bridge_type,Type], [chainage_(km), Chainage (km)], [road_no, On Road], [division, Division], [subdivision, Subdivision], [bridge_length_(m), Length (m)], [bridge_width_(m), Width (m)],[map_link(=>{type:link, format:weblink}, Google Map,newtab=>),Google Map View],[bms_inventory(=>{type:link, format:weblink}, BMS Link,newtab=>), BMS Inventory],[bms_detail(=>{type:link, format:weblink},BMS Link,newtab=>), BMS Detailed View]", "f_class_color": "#6ebed6", "spans": 1.0, "span_arrangement": "31.3", "completion_year": "2023", "bridge_no": "220624904238" }, "geometry": { "type": "Point", "coordinates": [ 90.710560083332993, 22.1067275 ] } },
{ "type": "Feature", "properties": { "bridge_id": "107511", "SL": 13651, "image_pop": "8088/bms/assets/uploads/images/prudential_images/bridges/bridge_7511/1709385535.jpg", "bridge_name": "Sheikh Jamal PC Girder Bridge", "bridge_type": "PC Girder Bridge", "road_no": "R881", "zone": "Barishal", "circle": "Patuakhali", "division": "Patuakhali", "sub-division": "Kuakata", "sae": "SO-Kuakata-1", "bridge_length_(m)": 482.6, "bridge_width_(m)": 10.1, "chainage_(km)": "30+676", "xcoord": 90.140720083332994, "ycoord": 21.8983845, "map_link": "https://maps.google.com/?q=21.89838450000000000,90.14072008333300000&z=8&t=k", "bms_detail": "http://bms.rhd.gov.bd:8088/bms/bridges/detail_view/107511", "bms_inventory": "http://bms.rhd.gov.bd:8088/bms/bridges/inventory_view/107511", "keys": "[bridge_name, Bridge Name], [bridge_type,Type], [chainage_(km), Chainage (km)], [road_no, On Road], [division, Division], [subdivision, Subdivision], [bridge_length_(m), Length (m)], [bridge_width_(m), Width (m)],[map_link(=>{type:link, format:weblink}, Google Map,newtab=>),Google Map View],[bms_inventory(=>{type:link, format:weblink}, BMS Link,newtab=>), BMS Inventory],[bms_detail(=>{type:link, format:weblink},BMS Link,newtab=>), BMS Detailed View]", "f_class_color": "#6ebed6", "spans": 10.0, "span_arrangement": "43.5+49.7+49.5+49.6+49.4+49+49+49.7+49.7+43.5", "completion_year": "2016", "bridge_no": "215354900827" }, "geometry": { "type": "Point", "coordinates": [ 90.140720083332994, 21.8983845 ] } },
{ "type": "Feature", "properties": { "bridge_id": "107561", "SL": 13652, "image_pop": "8088/bms/assets/uploads/images/prudential_images/bridges/bridge_7561/1709614265.jpg", "bridge_name": "Sheikh Kamal PC Girder Bridge", "bridge_type": "PC Girder Bridge", "road_no": "R881", "zone": "Barishal", "circle": "Patuakhali", "division": "Patuakhali", "sub-division": "Kuakata", "sae": "SO-Kuakata-1", "bridge_length_(m)": 891.9, "bridge_width_(m)": 10.3, "chainage_(km)": "17+676", "xcoord": 90.2187335, "ycoord": 21.987372694444002, "map_link": "https://maps.google.com/?q=21.98737269444400000,90.21873350000000000&z=8&t=k", "bms_detail": "http://bms.rhd.gov.bd:8088/bms/bridges/detail_view/107561", "bms_inventory": "http://bms.rhd.gov.bd:8088/bms/bridges/inventory_view/107561", "keys": "[bridge_name, Bridge Name], [bridge_type,Type], [chainage_(km), Chainage (km)], [road_no, On Road], [division, Division], [subdivision, Subdivision], [bridge_length_(m), Length (m)], [bridge_width_(m), Width (m)],[map_link(=>{type:link, format:weblink}, Google Map,newtab=>),Google Map View],[bms_inventory(=>{type:link, format:weblink}, BMS Link,newtab=>), BMS Inventory],[bms_detail(=>{type:link, format:weblink},BMS Link,newtab=>), BMS Detailed View]", "f_class_color": "#6ebed6", "spans": 19.0, "span_arrangement": "43.4+43.4+43.5+43.3+43.5+49.5+49.5+49.5+49.5+61.9+49.4+49.5+49.5+49.6+43.5+43.3+43.2+43.4+43.5", "completion_year": "2016", "bridge_no": "215914901307" }, "geometry": { "type": "Point", "coordinates": [ 90.2187335, 21.987372694444002 ] } },
{ "type": "Feature", "properties": { "bridge_id": "107572", "SL": 13656, "image_pop": "8088/bms/assets/uploads/images/prudential_images/bridges/bridge_7572/1709620506.jpg", "bridge_name": "Sheikh Rasel PC Girder Bridge", "bridge_type": "PC Girder Bridge", "road_no": "R881", "zone": "Barishal", "circle": "Patuakhali", "division": "Patuakhali", "sub-division": "Kuakata", "sae": "SO-Kuakata-1", "bridge_length_(m)": 416.0, "bridge_width_(m)": 10.3, "chainage_(km)": "35+556", "xcoord": 90.125427083332994, "ycoord": 21.858237388888998, "map_link": "https://maps.google.com/?q=21.85823738888900000,90.12542708333300000&z=8&t=k", "bms_detail": "http://bms.rhd.gov.bd:8088/bms/bridges/detail_view/107572", "bms_inventory": "http://bms.rhd.gov.bd:8088/bms/bridges/inventory_view/107572", "keys": "[bridge_name, Bridge Name], [bridge_type,Type], [chainage_(km), Chainage (km)], [road_no, On Road], [division, Division], [subdivision, Subdivision], [bridge_length_(m), Length (m)], [bridge_width_(m), Width (m)],[map_link(=>{type:link, format:weblink}, Google Map,newtab=>),Google Map View],[bms_inventory(=>{type:link, format:weblink}, BMS Link,newtab=>), BMS Inventory],[bms_detail(=>{type:link, format:weblink},BMS Link,newtab=>), BMS Detailed View]", "f_class_color": "#6ebed6", "spans": 10.0, "span_arrangement": "43.4+43.5+43.4+40.5+49.6+49.5+46.6+43.4+49.7+6.4", "completion_year": "2016", "bridge_no": "215130900731" }, "geometry": { "type": "Point", "coordinates": [ 90.125427083332994, 21.858237388888998 ] } },
{ "type": "Feature", "properties": { "bridge_id": "105351", "SL": 13685, "image_pop": "8088/bms/assets/img/no_picture.png", "bridge_name": "Sher e Bangla College Bridge", "bridge_type": "RC Girder Bridge", "road_no": "Z8038", "zone": "Barishal", "circle": "Barishal", "division": "Barishal", "sub-division": "Barishal-2", "sae": "SO-Barishal Sub Division-2-1", "bridge_length_(m)": 6.5, "bridge_width_(m)": 3.7, "chainage_(km)": "0+714", "xcoord": 90.272777777778003, "ycoord": 22.845833333333001, "map_link": "https://maps.google.com/?q=22.84583333333300000,90.27277777777800000&z=8&t=k", "bms_detail": "http://bms.rhd.gov.bd:8088/bms/bridges/detail_view/105351", "bms_inventory": "http://bms.rhd.gov.bd:8088/bms/bridges/inventory_view/105351", "keys": "[bridge_name, Bridge Name], [bridge_type,Type], [chainage_(km), Chainage (km)], [road_no, On Road], [division, Division], [subdivision, Subdivision], [bridge_length_(m), Length (m)], [bridge_width_(m), Width (m)],[map_link(=>{type:link, format:weblink}, Google Map,newtab=>),Google Map View],[bms_inventory(=>{type:link, format:weblink}, BMS Link,newtab=>), BMS Inventory],[bms_detail(=>{type:link, format:weblink},BMS Link,newtab=>), BMS Detailed View]", "f_class_color": "#e8f674", "spans": 1.0, "span_arrangement": "6.5", "completion_year": "1968", "bridge_no": "228460902728" }, "geometry": { "type": "Point", "coordinates": [ 90.272777777778003, 22.845833333333001 ] } },
{ "type": "Feature", "properties": { "bridge_id": "108493", "SL": 13687, "image_pop": "8088/bms/assets/uploads/images/prudential_images/bridges/bridge_8493/1711964048.jpg", "bridge_name": "Sher e Bangla Steel Girder Bridge", "bridge_type": "Steel Girder Bridge", "road_no": "Z8740", "zone": "Barishal", "circle": "Barishal", "division": "Jhalokati", "sub-division": "Jhalokati", "sae": "SO-Jhalokati-2", "bridge_length_(m)": 19.8, "bridge_width_(m)": 3.0, "chainage_(km)": "3+940", "xcoord": 90.086002694444005, "ycoord": 22.4283275, "map_link": "https://maps.google.com/?q=22.42832750000000000,90.08600269444400000&z=8&t=k", "bms_detail": "http://bms.rhd.gov.bd:8088/bms/bridges/detail_view/108493", "bms_inventory": "http://bms.rhd.gov.bd:8088/bms/bridges/inventory_view/108493", "keys": "[bridge_name, Bridge Name], [bridge_type,Type], [chainage_(km), Chainage (km)], [road_no, On Road], [division, Division], [subdivision, Subdivision], [bridge_length_(m), Length (m)], [bridge_width_(m), Width (m)],[map_link(=>{type:link, format:weblink}, Google Map,newtab=>),Google Map View],[bms_inventory(=>{type:link, format:weblink}, BMS Link,newtab=>), BMS Inventory],[bms_detail(=>{type:link, format:weblink},BMS Link,newtab=>), BMS Detailed View]", "f_class_color": "#b15dec", "spans": 3.0, "span_arrangement": "6.1+7.6+6.1", "completion_year": "1984", "bridge_no": "222542900510" }, "geometry": { "type": "Point", "coordinates": [ 90.086002694444005, 22.4283275 ] } },
{ "type": "Feature", "properties": { "bridge_id": "109634", "SL": 13705, "image_pop": "8088/bms/assets/uploads/images/prudential_images/bridges/bridge_9634/1715860767.jpg", "bridge_name": "Shetubaria PC Girder Bridge", "bridge_type": "PC Girder Bridge", "road_no": "Z7711", "zone": "Barishal", "circle": "Barishal", "division": "Pirojpur", "sub-division": "Pirojpur", "sae": "SO-Pirojpur-1", "bridge_length_(m)": 31.0, "bridge_width_(m)": 10.3, "chainage_(km)": "3+784", "xcoord": 89.955662694444001, "ycoord": 22.480649277777999, "map_link": "https://maps.google.com/?q=22.48064927777800000,89.95566269444400000&z=8&t=k", "bms_detail": "http://bms.rhd.gov.bd:8088/bms/bridges/detail_view/109634", "bms_inventory": "http://bms.rhd.gov.bd:8088/bms/bridges/inventory_view/109634", "keys": "[bridge_name, Bridge Name], [bridge_type,Type], [chainage_(km), Chainage (km)], [road_no, On Road], [division, Division], [subdivision, Subdivision], [bridge_length_(m), Length (m)], [bridge_width_(m), Width (m)],[map_link(=>{type:link, format:weblink}, Google Map,newtab=>),Google Map View],[bms_inventory(=>{type:link, format:weblink}, BMS Link,newtab=>), BMS Inventory],[bms_detail(=>{type:link, format:weblink},BMS Link,newtab=>), BMS Detailed View]", "f_class_color": "#6ebed6", "spans": 1.0, "span_arrangement": "31", "completion_year": "2010", "bridge_no": "222850895720" }, "geometry": { "type": "Point", "coordinates": [ 89.955662694444001, 22.480649277777999 ] } },
{ "type": "Feature", "properties": { "bridge_id": "108192", "SL": 13796, "image_pop": "8088/bms/assets/uploads/images/prudential_images/bridges/bridge_8192/1711010851.jpg", "bridge_name": "Shimultola Bailey Bridge", "bridge_type": "Portable Steel Bridge", "road_no": "Z8056", "zone": "Barishal", "circle": "Barishal", "division": "Jhalokati", "sub-division": "Jhalokati", "sae": "SO-Jhalokati-3", "bridge_length_(m)": 19.8, "bridge_width_(m)": 4.66, "chainage_(km)": "10+800", "xcoord": 90.271416083332994, "ycoord": 22.606916, "map_link": "https://maps.google.com/?q=22.60691600000000000,90.27141608333300000&z=8&t=k", "bms_detail": "http://bms.rhd.gov.bd:8088/bms/bridges/detail_view/108192", "bms_inventory": "http://bms.rhd.gov.bd:8088/bms/bridges/inventory_view/108192", "keys": "[bridge_name, Bridge Name], [bridge_type,Type], [chainage_(km), Chainage (km)], [road_no, On Road], [division, Division], [subdivision, Subdivision], [bridge_length_(m), Length (m)], [bridge_width_(m), Width (m)],[map_link(=>{type:link, format:weblink}, Google Map,newtab=>),Google Map View],[bms_inventory(=>{type:link, format:weblink}, BMS Link,newtab=>), BMS Inventory],[bms_detail(=>{type:link, format:weblink},BMS Link,newtab=>), BMS Detailed View]", "f_class_color": "#29ffa4", "spans": 1.0, "span_arrangement": "19.8", "completion_year": "1980", "bridge_no": "223625901617" }, "geometry": { "type": "Point", "coordinates": [ 90.271416083332994, 22.606916 ] } },
{ "type": "Feature", "properties": { "bridge_id": "106921", "SL": 13855, "image_pop": "8088/bms/assets/uploads/images/prudential_images/bridges/bridge_6921/1706690674.jpg", "bridge_name": "Shiyali RCC Girder Bridge", "bridge_type": "RC Girder Bridge", "road_no": "N8", "zone": "Barishal", "circle": "Patuakhali", "division": "Patuakhali", "sub-division": "Patuakhali", "sae": "SO-Patuakhali-1", "bridge_length_(m)": 13.1, "bridge_width_(m)": 7.6, "chainage_(km)": "202+397", "xcoord": 90.3203185, "ycoord": 22.383357777777999, "map_link": "https://maps.google.com/?q=22.38335777777800000,90.32031850000000000&z=8&t=k", "bms_detail": "http://bms.rhd.gov.bd:8088/bms/bridges/detail_view/106921", "bms_inventory": "http://bms.rhd.gov.bd:8088/bms/bridges/inventory_view/106921", "keys": "[bridge_name, Bridge Name], [bridge_type,Type], [chainage_(km), Chainage (km)], [road_no, On Road], [division, Division], [subdivision, Subdivision], [bridge_length_(m), Length (m)], [bridge_width_(m), Width (m)],[map_link(=>{type:link, format:weblink}, Google Map,newtab=>),Google Map View],[bms_inventory(=>{type:link, format:weblink}, BMS Link,newtab=>), BMS Inventory],[bms_detail(=>{type:link, format:weblink},BMS Link,newtab=>), BMS Detailed View]", "f_class_color": "#e8f674", "spans": 1.0, "span_arrangement": "13.1", "completion_year": "2002", "bridge_no": "222300901913" }, "geometry": { "type": "Point", "coordinates": [ 90.3203185, 22.383357777777999 ] } },
{ "type": "Feature", "properties": { "bridge_id": "109825", "SL": 13856, "image_pop": "8088/bms/assets/uploads/images/prudential_images/bridges/bridge_9825/1716454052.jpg", "bridge_name": "Shiyalkathi Baily Bridge", "bridge_type": "Portable Steel Bridge", "road_no": "Z8713", "zone": "Barishal", "circle": "Barishal", "division": "Pirojpur", "sub-division": "Kawkhali", "sae": "SO-Kawkhali-1", "bridge_length_(m)": 26.95, "bridge_width_(m)": 3.5, "chainage_(km)": "11+198", "xcoord": 90.057361083333006, "ycoord": 22.535385583332999, "map_link": "https://maps.google.com/?q=22.53538558333300000,90.05736108333300000&z=8&t=k", "bms_detail": "http://bms.rhd.gov.bd:8088/bms/bridges/detail_view/109825", "bms_inventory": "http://bms.rhd.gov.bd:8088/bms/bridges/inventory_view/109825", "keys": "[bridge_name, Bridge Name], [bridge_type,Type], [chainage_(km), Chainage (km)], [road_no, On Road], [division, Division], [subdivision, Subdivision], [bridge_length_(m), Length (m)], [bridge_width_(m), Width (m)],[map_link(=>{type:link, format:weblink}, Google Map,newtab=>),Google Map View],[bms_inventory(=>{type:link, format:weblink}, BMS Link,newtab=>), BMS Inventory],[bms_detail(=>{type:link, format:weblink},BMS Link,newtab=>), BMS Detailed View]", "f_class_color": "#29ffa4", "spans": 1.0, "span_arrangement": "26.95", "completion_year": "2002", "bridge_no": "223207900326" }, "geometry": { "type": "Point", "coordinates": [ 90.057361083333006, 22.535385583332999 ] } },
{ "type": "Feature", "properties": { "bridge_id": "109784", "SL": 13871, "image_pop": "8088/bms/assets/uploads/images/prudential_images/bridges/bridge_9784/1716262870.jpg", "bridge_name": "Shiyalkathi RCC Girder Bridge 1", "bridge_type": "RC Girder Bridge", "road_no": "Z8713", "zone": "Barishal", "circle": "Barishal", "division": "Pirojpur", "sub-division": "Kawkhali", "sae": "SO-Kawkhali-1", "bridge_length_(m)": 10.2, "bridge_width_(m)": 4.3, "chainage_(km)": "15+198", "xcoord": 90.058828583332996, "ycoord": 22.5036015, "map_link": "https://maps.google.com/?q=22.50360150000000000,90.05882858333300000&z=8&t=k", "bms_detail": "http://bms.rhd.gov.bd:8088/bms/bridges/detail_view/109784", "bms_inventory": "http://bms.rhd.gov.bd:8088/bms/bridges/inventory_view/109784", "keys": "[bridge_name, Bridge Name], [bridge_type,Type], [chainage_(km), Chainage (km)], [road_no, On Road], [division, Division], [subdivision, Subdivision], [bridge_length_(m), Length (m)], [bridge_width_(m), Width (m)],[map_link(=>{type:link, format:weblink}, Google Map,newtab=>),Google Map View],[bms_inventory(=>{type:link, format:weblink}, BMS Link,newtab=>), BMS Inventory],[bms_detail(=>{type:link, format:weblink},BMS Link,newtab=>), BMS Detailed View]", "f_class_color": "#e8f674", "spans": 1.0, "span_arrangement": "10.2", "completion_year": "1997", "bridge_no": "223013900332" }, "geometry": { "type": "Point", "coordinates": [ 90.058828583332996, 22.5036015 ] } },
{ "type": "Feature", "properties": { "bridge_id": "109785", "SL": 13872, "image_pop": "8088/bms/assets/uploads/images/prudential_images/bridges/bridge_9785/1716263462.jpg", "bridge_name": "Shiyalkathi RCC Girder Bridge 2", "bridge_type": "RC Girder Bridge", "road_no": "Z8713", "zone": "Barishal", "circle": "Barishal", "division": "Pirojpur", "sub-division": "Kawkhali", "sae": "SO-Kawkhali-1", "bridge_length_(m)": 7.2, "bridge_width_(m)": 4.4, "chainage_(km)": "14+934", "xcoord": 90.058828583332996, "ycoord": 22.5036015, "map_link": "https://maps.google.com/?q=22.50360150000000000,90.05882858333300000&z=8&t=k", "bms_detail": "http://bms.rhd.gov.bd:8088/bms/bridges/detail_view/109785", "bms_inventory": "http://bms.rhd.gov.bd:8088/bms/bridges/inventory_view/109785", "keys": "[bridge_name, Bridge Name], [bridge_type,Type], [chainage_(km), Chainage (km)], [road_no, On Road], [division, Division], [subdivision, Subdivision], [bridge_length_(m), Length (m)], [bridge_width_(m), Width (m)],[map_link(=>{type:link, format:weblink}, Google Map,newtab=>),Google Map View],[bms_inventory(=>{type:link, format:weblink}, BMS Link,newtab=>), BMS Inventory],[bms_detail(=>{type:link, format:weblink},BMS Link,newtab=>), BMS Detailed View]", "f_class_color": "#e8f674", "spans": 1.0, "span_arrangement": "7.2", "completion_year": "1997", "bridge_no": "223014900332" }, "geometry": { "type": "Point", "coordinates": [ 90.058828583332996, 22.5036015 ] } },
{ "type": "Feature", "properties": { "bridge_id": "109720", "SL": 13873, "image_pop": "8088/bms/assets/uploads/images/prudential_images/bridges/bridge_9720/1716114571.jpg", "bridge_name": "Shiyalkathi Steel Bridge 1", "bridge_type": "Steel Girder Bridge", "road_no": "Z8713", "zone": "Barishal", "circle": "Barishal", "division": "Pirojpur", "sub-division": "Kawkhali", "sae": "SO-Kawkhali-1", "bridge_length_(m)": 15.0, "bridge_width_(m)": 3.8, "chainage_(km)": "9+649", "xcoord": 90.059183583332995, "ycoord": 22.54929, "map_link": "https://maps.google.com/?q=22.54929000000000000,90.05918358333300000&z=8&t=k", "bms_detail": "http://bms.rhd.gov.bd:8088/bms/bridges/detail_view/109720", "bms_inventory": "http://bms.rhd.gov.bd:8088/bms/bridges/inventory_view/109720", "keys": "[bridge_name, Bridge Name], [bridge_type,Type], [chainage_(km), Chainage (km)], [road_no, On Road], [division, Division], [subdivision, Subdivision], [bridge_length_(m), Length (m)], [bridge_width_(m), Width (m)],[map_link(=>{type:link, format:weblink}, Google Map,newtab=>),Google Map View],[bms_inventory(=>{type:link, format:weblink}, BMS Link,newtab=>), BMS Inventory],[bms_detail(=>{type:link, format:weblink},BMS Link,newtab=>), BMS Detailed View]", "f_class_color": "#b15dec", "spans": 3.0, "span_arrangement": "5+5+5", "completion_year": "2002", "bridge_no": "223257900333" }, "geometry": { "type": "Point", "coordinates": [ 90.059183583332995, 22.54929 ] } },
{ "type": "Feature", "properties": { "bridge_id": "109730", "SL": 13874, "image_pop": "8088/bms/assets/uploads/images/prudential_images/bridges/bridge_9730/1716118646.jpg", "bridge_name": "Shiyalkathi Steel Bridge 2", "bridge_type": "Steel Girder Bridge", "road_no": "Z8713", "zone": "Barishal", "circle": "Barishal", "division": "Pirojpur", "sub-division": "Kawkhali", "sae": "SO-Kawkhali-1", "bridge_length_(m)": 35.0, "bridge_width_(m)": 3.9, "chainage_(km)": "9+742", "xcoord": 90.059109888888997, "ycoord": 22.548350194444001, "map_link": "https://maps.google.com/?q=22.54835019444400000,90.05910988888900000&z=8&t=k", "bms_detail": "http://bms.rhd.gov.bd:8088/bms/bridges/detail_view/109730", "bms_inventory": "http://bms.rhd.gov.bd:8088/bms/bridges/inventory_view/109730", "keys": "[bridge_name, Bridge Name], [bridge_type,Type], [chainage_(km), Chainage (km)], [road_no, On Road], [division, Division], [subdivision, Subdivision], [bridge_length_(m), Length (m)], [bridge_width_(m), Width (m)],[map_link(=>{type:link, format:weblink}, Google Map,newtab=>),Google Map View],[bms_inventory(=>{type:link, format:weblink}, BMS Link,newtab=>), BMS Inventory],[bms_detail(=>{type:link, format:weblink},BMS Link,newtab=>), BMS Detailed View]", "f_class_color": "#b15dec", "spans": 5.0, "span_arrangement": "7+7+7+7+7", "completion_year": "1995", "bridge_no": "223254900333" }, "geometry": { "type": "Point", "coordinates": [ 90.059109888888997, 22.548350194444001 ] } },
{ "type": "Feature", "properties": { "bridge_id": "109731", "SL": 13875, "image_pop": "8088/bms/assets/img/no_picture.png", "bridge_name": "Shiyalkathi Steel Bridge 3", "bridge_type": "Steel Girder Bridge", "road_no": "Z8713", "zone": "Barishal", "circle": "Barishal", "division": "Pirojpur", "sub-division": "Kawkhali", "sae": "SO-Kawkhali-1", "bridge_length_(m)": 8.7, "bridge_width_(m)": 3.4, "chainage_(km)": "8+925", "xcoord": 90.0579535, "ycoord": 22.555662, "map_link": "https://maps.google.com/?q=22.55566200000000000,90.05795350000000000&z=8&t=k", "bms_detail": "http://bms.rhd.gov.bd:8088/bms/bridges/detail_view/109731", "bms_inventory": "http://bms.rhd.gov.bd:8088/bms/bridges/inventory_view/109731", "keys": "[bridge_name, Bridge Name], [bridge_type,Type], [chainage_(km), Chainage (km)], [road_no, On Road], [division, Division], [subdivision, Subdivision], [bridge_length_(m), Length (m)], [bridge_width_(m), Width (m)],[map_link(=>{type:link, format:weblink}, Google Map,newtab=>),Google Map View],[bms_inventory(=>{type:link, format:weblink}, BMS Link,newtab=>), BMS Inventory],[bms_detail(=>{type:link, format:weblink},BMS Link,newtab=>), BMS Detailed View]", "f_class_color": "#b15dec", "spans": 1.0, "span_arrangement": "8.7", "completion_year": "2002", "bridge_no": "223320900328" }, "geometry": { "type": "Point", "coordinates": [ 90.0579535, 22.555662 ] } },
{ "type": "Feature", "properties": { "bridge_id": "109732", "SL": 13876, "image_pop": "8088/bms/assets/uploads/images/prudential_images/bridges/bridge_9732/1716120125.jpg", "bridge_name": "Shiyalkathi Steel Bridge 4", "bridge_type": "Steel Girder Bridge", "road_no": "Z8713", "zone": "Barishal", "circle": "Barishal", "division": "Pirojpur", "sub-division": "Kawkhali", "sae": "SO-Kawkhali-2", "bridge_length_(m)": 15.0, "bridge_width_(m)": 3.8, "chainage_(km)": "7+702", "xcoord": 90.056413583332997, "ycoord": 22.565543194444, "map_link": "https://maps.google.com/?q=22.56554319444400000,90.05641358333300000&z=8&t=k", "bms_detail": "http://bms.rhd.gov.bd:8088/bms/bridges/detail_view/109732", "bms_inventory": "http://bms.rhd.gov.bd:8088/bms/bridges/inventory_view/109732", "keys": "[bridge_name, Bridge Name], [bridge_type,Type], [chainage_(km), Chainage (km)], [road_no, On Road], [division, Division], [subdivision, Subdivision], [bridge_length_(m), Length (m)], [bridge_width_(m), Width (m)],[map_link(=>{type:link, format:weblink}, Google Map,newtab=>),Google Map View],[bms_inventory(=>{type:link, format:weblink}, BMS Link,newtab=>), BMS Inventory],[bms_detail(=>{type:link, format:weblink},BMS Link,newtab=>), BMS Detailed View]", "f_class_color": "#b15dec", "spans": 3.0, "span_arrangement": "5+5+5", "completion_year": "1995", "bridge_no": "223356900323" }, "geometry": { "type": "Point", "coordinates": [ 90.056413583332997, 22.565543194444 ] } },
{ "type": "Feature", "properties": { "bridge_id": "109733", "SL": 13877, "image_pop": "8088/bms/assets/img/no_picture.png", "bridge_name": "Shiyalkathi Steel Bridge 5", "bridge_type": "Steel Girder Bridge", "road_no": "Z8713", "zone": "Barishal", "circle": "Barishal", "division": "Pirojpur", "sub-division": "Kawkhali", "sae": "SO-Kawkhali-2", "bridge_length_(m)": 7.7, "bridge_width_(m)": 3.8, "chainage_(km)": "7+216", "xcoord": 90.055912694444004, "ycoord": 22.569811694443999, "map_link": "https://maps.google.com/?q=22.56981169444400000,90.05591269444400000&z=8&t=k", "bms_detail": "http://bms.rhd.gov.bd:8088/bms/bridges/detail_view/109733", "bms_inventory": "http://bms.rhd.gov.bd:8088/bms/bridges/inventory_view/109733", "keys": "[bridge_name, Bridge Name], [bridge_type,Type], [chainage_(km), Chainage (km)], [road_no, On Road], [division, Division], [subdivision, Subdivision], [bridge_length_(m), Length (m)], [bridge_width_(m), Width (m)],[map_link(=>{type:link, format:weblink}, Google Map,newtab=>),Google Map View],[bms_inventory(=>{type:link, format:weblink}, BMS Link,newtab=>), BMS Inventory],[bms_detail(=>{type:link, format:weblink},BMS Link,newtab=>), BMS Detailed View]", "f_class_color": "#b15dec", "spans": 1.0, "span_arrangement": "7.7", "completion_year": "1997", "bridge_no": "223411900322" }, "geometry": { "type": "Point", "coordinates": [ 90.055912694444004, 22.569811694443999 ] } },
{ "type": "Feature", "properties": { "bridge_id": "109802", "SL": 13878, "image_pop": "8088/bms/assets/uploads/images/prudential_images/bridges/bridge_9802/1716441413.jpg", "bridge_name": "Shiyalkathi Steel Bridge 7", "bridge_type": "Steel Girder Bridge", "road_no": "Z8713", "zone": "Barishal", "circle": "Barishal", "division": "Pirojpur", "sub-division": "Kawkhali", "sae": "SO-Kawkhali-2", "bridge_length_(m)": 33.0, "bridge_width_(m)": 3.9, "chainage_(km)": "8+370", "xcoord": 90.055606194443996, "ycoord": 22.559878777778, "map_link": "https://maps.google.com/?q=22.55987877777800000,90.05560619444400000&z=8&t=k", "bms_detail": "http://bms.rhd.gov.bd:8088/bms/bridges/detail_view/109802", "bms_inventory": "http://bms.rhd.gov.bd:8088/bms/bridges/inventory_view/109802", "keys": "[bridge_name, Bridge Name], [bridge_type,Type], [chainage_(km), Chainage (km)], [road_no, On Road], [division, Division], [subdivision, Subdivision], [bridge_length_(m), Length (m)], [bridge_width_(m), Width (m)],[map_link(=>{type:link, format:weblink}, Google Map,newtab=>),Google Map View],[bms_inventory(=>{type:link, format:weblink}, BMS Link,newtab=>), BMS Inventory],[bms_detail(=>{type:link, format:weblink},BMS Link,newtab=>), BMS Detailed View]", "f_class_color": "#b15dec", "spans": 5.0, "span_arrangement": "6+6.5+6.5+6.5+7.5", "completion_year": "1998", "bridge_no": "223335900320" }, "geometry": { "type": "Point", "coordinates": [ 90.055606194443996, 22.559878777778 ] } },
{ "type": "Feature", "properties": { "bridge_id": "109080", "SL": 13984, "image_pop": "8088/bms/assets/uploads/images/prudential_images/bridges/bridge_9080/1714038501.jpg", "bridge_name": "Shouljalia Bailey Bridge", "bridge_type": "Portable Steel Bridge", "road_no": "Z8708", "zone": "Barishal", "circle": "Barishal", "division": "Jhalokati", "sub-division": "Jhalokati", "sae": "SO-Jhalokati-2", "bridge_length_(m)": 27.6, "bridge_width_(m)": 3.5, "chainage_(km)": "19+733", "xcoord": 90.141434583332995, "ycoord": 22.419889777778, "map_link": "https://maps.google.com/?q=22.41988977777800000,90.14143458333300000&z=8&t=k", "bms_detail": "http://bms.rhd.gov.bd:8088/bms/bridges/detail_view/109080", "bms_inventory": "http://bms.rhd.gov.bd:8088/bms/bridges/inventory_view/109080", "keys": "[bridge_name, Bridge Name], [bridge_type,Type], [chainage_(km), Chainage (km)], [road_no, On Road], [division, Division], [subdivision, Subdivision], [bridge_length_(m), Length (m)], [bridge_width_(m), Width (m)],[map_link(=>{type:link, format:weblink}, Google Map,newtab=>),Google Map View],[bms_inventory(=>{type:link, format:weblink}, BMS Link,newtab=>), BMS Inventory],[bms_detail(=>{type:link, format:weblink},BMS Link,newtab=>), BMS Detailed View]", "f_class_color": "#29ffa4", "spans": 1.0, "span_arrangement": "27.6", "completion_year": "2002", "bridge_no": "222512900829" }, "geometry": { "type": "Point", "coordinates": [ 90.141434583332995, 22.419889777778 ] } },
{ "type": "Feature", "properties": { "bridge_id": "110136", "SL": 14006, "image_pop": "8088/bms/assets/img/no_picture.png", "bridge_name": "Shujankathi Bridge 1", "bridge_type": "PC Girder Bridge", "road_no": "R852", "zone": "Barishal", "circle": "Barishal", "division": "Barishal", "sub-division": "Barishal -1", "sae": "SO-Barishal Sub Division-1-3", "bridge_length_(m)": 20.8, "bridge_width_(m)": 8.1, "chainage_(km)": "5+450", "xcoord": 90.1737, "ycoord": 22.9655, "map_link": "https://maps.google.com/?q=22.96550000000000000,90.17370000000000000&z=8&t=k", "bms_detail": "http://bms.rhd.gov.bd:8088/bms/bridges/detail_view/110136", "bms_inventory": "http://bms.rhd.gov.bd:8088/bms/bridges/inventory_view/110136", "keys": "[bridge_name, Bridge Name], [bridge_type,Type], [chainage_(km), Chainage (km)], [road_no, On Road], [division, Division], [subdivision, Subdivision], [bridge_length_(m), Length (m)], [bridge_width_(m), Width (m)],[map_link(=>{type:link, format:weblink}, Google Map,newtab=>),Google Map View],[bms_inventory(=>{type:link, format:weblink}, BMS Link,newtab=>), BMS Inventory],[bms_detail(=>{type:link, format:weblink},BMS Link,newtab=>), BMS Detailed View]", "f_class_color": "#6ebed6", "spans": 1.0, "span_arrangement": "20.8", "completion_year": "2023", "bridge_no": "225756901025" }, "geometry": { "type": "Point", "coordinates": [ 90.1737, 22.9655 ] } },
{ "type": "Feature", "properties": { "bridge_id": "110113", "SL": 14007, "image_pop": "8088/bms/assets/uploads/images/prudential_images/bridges/bridge_10113/1717657991.jpg", "bridge_name": "Shujankathi Bridge 2", "bridge_type": "PC Girder Bridge", "road_no": "R852", "zone": "Barishal", "circle": "Barishal", "division": "Barishal", "sub-division": "Barishal -1", "sae": "SO-Barishal Sub Division-1-3", "bridge_length_(m)": 20.9, "bridge_width_(m)": 8.2, "chainage_(km)": "5+765", "xcoord": 90.167253, "ycoord": 22.96761, "map_link": "https://maps.google.com/?q=22.96761000000000000,90.16725300000000000&z=8&t=k", "bms_detail": "http://bms.rhd.gov.bd:8088/bms/bridges/detail_view/110113", "bms_inventory": "http://bms.rhd.gov.bd:8088/bms/bridges/inventory_view/110113", "keys": "[bridge_name, Bridge Name], [bridge_type,Type], [chainage_(km), Chainage (km)], [road_no, On Road], [division, Division], [subdivision, Subdivision], [bridge_length_(m), Length (m)], [bridge_width_(m), Width (m)],[map_link(=>{type:link, format:weblink}, Google Map,newtab=>),Google Map View],[bms_inventory(=>{type:link, format:weblink}, BMS Link,newtab=>), BMS Inventory],[bms_detail(=>{type:link, format:weblink},BMS Link,newtab=>), BMS Detailed View]", "f_class_color": "#6ebed6", "spans": 1.0, "span_arrangement": "20.9", "completion_year": "2010", "bridge_no": "225803901002" }, "geometry": { "type": "Point", "coordinates": [ 90.167253, 22.96761 ] } },
{ "type": "Feature", "properties": { "bridge_id": "105537", "SL": 14021, "image_pop": "8088/bms/assets/uploads/images/prudential_images/bridges/bridge_5537/1700545921.jpg", "bridge_name": "Shundorkathi Bridge", "bridge_type": "PC Girder Bridge", "road_no": "Z8044", "zone": "Barishal", "circle": "Barishal", "division": "Barishal", "sub-division": "Barishal-2", "sae": "SO-Barishal Sub Division-2-2", "bridge_length_(m)": 37.9, "bridge_width_(m)": 10.4, "chainage_(km)": "15+415", "xcoord": 90.4156111, "ycoord": 22.56435, "map_link": "https://maps.google.com/?q=22.56435000000000000,90.41561110000000000&z=8&t=k", "bms_detail": "http://bms.rhd.gov.bd:8088/bms/bridges/detail_view/105537", "bms_inventory": "http://bms.rhd.gov.bd:8088/bms/bridges/inventory_view/105537", "keys": "[bridge_name, Bridge Name], [bridge_type,Type], [chainage_(km), Chainage (km)], [road_no, On Road], [division, Division], [subdivision, Subdivision], [bridge_length_(m), Length (m)], [bridge_width_(m), Width (m)],[map_link(=>{type:link, format:weblink}, Google Map,newtab=>),Google Map View],[bms_inventory(=>{type:link, format:weblink}, BMS Link,newtab=>), BMS Inventory],[bms_detail(=>{type:link, format:weblink},BMS Link,newtab=>), BMS Detailed View]", "f_class_color": "#6ebed6", "spans": 1.0, "span_arrangement": "37.9", "completion_year": "2022", "bridge_no": "223352902456" }, "geometry": { "type": "Point", "coordinates": [ 90.4156111, 22.56435 ] } },
{ "type": "Feature", "properties": { "bridge_id": "105609", "SL": 14052, "image_pop": "8088/bms/assets/uploads/images/prudential_images/bridges/bridge_5609/1701762313.jpg", "bridge_name": "Siddik Bazar New Bridge", "bridge_type": "RC Girder Bridge", "road_no": "Z8910", "zone": "Barishal", "circle": "Barishal", "division": "Barishal", "sub-division": "Barishal-2", "sae": "SO-Barishal Sub Division-2-2", "bridge_length_(m)": 66.0, "bridge_width_(m)": 10.4, "chainage_(km)": "0+000", "xcoord": 90.491916111110996, "ycoord": 22.615281388888999, "map_link": "https://maps.google.com/?q=22.61528138888900000,90.49191611111100000&z=8&t=k", "bms_detail": "http://bms.rhd.gov.bd:8088/bms/bridges/detail_view/105609", "bms_inventory": "http://bms.rhd.gov.bd:8088/bms/bridges/inventory_view/105609", "keys": "[bridge_name, Bridge Name], [bridge_type,Type], [chainage_(km), Chainage (km)], [road_no, On Road], [division, Division], [subdivision, Subdivision], [bridge_length_(m), Length (m)], [bridge_width_(m), Width (m)],[map_link(=>{type:link, format:weblink}, Google Map,newtab=>),Google Map View],[bms_inventory(=>{type:link, format:weblink}, BMS Link,newtab=>), BMS Inventory],[bms_detail(=>{type:link, format:weblink},BMS Link,newtab=>), BMS Detailed View]", "f_class_color": "#e8f674", "spans": 3.0, "span_arrangement": "22+22+22", "completion_year": "2023", "bridge_no": "223653902929" }, "geometry": { "type": "Point", "coordinates": [ 90.491916111110996, 22.615281388888999 ] } },
{ "type": "Feature", "properties": { "bridge_id": "110095", "SL": 14146, "image_pop": "8088/bms/assets/uploads/images/prudential_images/bridges/bridge_10095/1717496278.jpg", "bridge_name": "Sohagdal RCC Girder Bridge", "bridge_type": "RC Girder Bridge", "road_no": "Z7707", "zone": "Barishal", "circle": "Barishal", "division": "Pirojpur", "sub-division": "Pirojpur", "sae": "SO-Pirojpur-2", "bridge_length_(m)": 20.2, "bridge_width_(m)": 4.8, "chainage_(km)": "28+610", "xcoord": 90.082017277777993, "ycoord": 22.744554194444, "map_link": "https://maps.google.com/?q=22.74455419444400000,90.08201727777800000&z=8&t=k", "bms_detail": "http://bms.rhd.gov.bd:8088/bms/bridges/detail_view/110095", "bms_inventory": "http://bms.rhd.gov.bd:8088/bms/bridges/inventory_view/110095", "keys": "[bridge_name, Bridge Name], [bridge_type,Type], [chainage_(km), Chainage (km)], [road_no, On Road], [division, Division], [subdivision, Subdivision], [bridge_length_(m), Length (m)], [bridge_width_(m), Width (m)],[map_link(=>{type:link, format:weblink}, Google Map,newtab=>),Google Map View],[bms_inventory(=>{type:link, format:weblink}, BMS Link,newtab=>), BMS Inventory],[bms_detail(=>{type:link, format:weblink},BMS Link,newtab=>), BMS Detailed View]", "f_class_color": "#e8f674", "spans": 1.0, "span_arrangement": "20.2", "completion_year": "2003", "bridge_no": "224440900455" }, "geometry": { "type": "Point", "coordinates": [ 90.082017277777993, 22.744554194444 ] } },
{ "type": "Feature", "properties": { "bridge_id": "110096", "SL": 14147, "image_pop": "8088/bms/assets/uploads/images/prudential_images/bridges/bridge_10096/1717499399.jpg", "bridge_name": "Sohagdol Bailey Bridge", "bridge_type": "Portable Steel Bridge", "road_no": "Z7707", "zone": "Barishal", "circle": "Barishal", "division": "Pirojpur", "sub-division": "Kawkhali", "sae": "SO-Kawkhali-2", "bridge_length_(m)": 15.2, "bridge_width_(m)": 3.5, "chainage_(km)": "28+990", "xcoord": 90.083802277778005, "ycoord": 22.747148694444, "map_link": "https://maps.google.com/?q=22.74714869444400000,90.08380227777800000&z=8&t=k", "bms_detail": "http://bms.rhd.gov.bd:8088/bms/bridges/detail_view/110096", "bms_inventory": "http://bms.rhd.gov.bd:8088/bms/bridges/inventory_view/110096", "keys": "[bridge_name, Bridge Name], [bridge_type,Type], [chainage_(km), Chainage (km)], [road_no, On Road], [division, Division], [subdivision, Subdivision], [bridge_length_(m), Length (m)], [bridge_width_(m), Width (m)],[map_link(=>{type:link, format:weblink}, Google Map,newtab=>),Google Map View],[bms_inventory(=>{type:link, format:weblink}, BMS Link,newtab=>), BMS Inventory],[bms_detail(=>{type:link, format:weblink},BMS Link,newtab=>), BMS Detailed View]", "f_class_color": "#29ffa4", "spans": 1.0, "span_arrangement": "15.2", "completion_year": "2004", "bridge_no": "224450900502" }, "geometry": { "type": "Point", "coordinates": [ 90.083802277778005, 22.747148694444 ] } },
{ "type": "Feature", "properties": { "bridge_id": "110106", "SL": 14157, "image_pop": "8088/bms/assets/img/no_picture.png", "bridge_name": "Sohagdol RCC Girder Bridge 2", "bridge_type": "RC Girder Bridge", "road_no": "Z7707", "zone": "Barishal", "circle": "Barishal", "division": "Pirojpur", "sub-division": "Pirojpur", "sae": "SO-Pirojpur-2", "bridge_length_(m)": 18.0, "bridge_width_(m)": 5.3, "chainage_(km)": "27+710", "xcoord": 90.080099083332996, "ycoord": 22.736990777778001, "map_link": "https://maps.google.com/?q=22.73699077777800000,90.08009908333300000&z=8&t=k", "bms_detail": "http://bms.rhd.gov.bd:8088/bms/bridges/detail_view/110106", "bms_inventory": "http://bms.rhd.gov.bd:8088/bms/bridges/inventory_view/110106", "keys": "[bridge_name, Bridge Name], [bridge_type,Type], [chainage_(km), Chainage (km)], [road_no, On Road], [division, Division], [subdivision, Subdivision], [bridge_length_(m), Length (m)], [bridge_width_(m), Width (m)],[map_link(=>{type:link, format:weblink}, Google Map,newtab=>),Google Map View],[bms_inventory(=>{type:link, format:weblink}, BMS Link,newtab=>), BMS Inventory],[bms_detail(=>{type:link, format:weblink},BMS Link,newtab=>), BMS Detailed View]", "f_class_color": "#e8f674", "spans": 1.0, "span_arrangement": "18", "completion_year": "2004", "bridge_no": "224413900448" }, "geometry": { "type": "Point", "coordinates": [ 90.080099083332996, 22.736990777778001 ] } },
{ "type": "Feature", "properties": { "bridge_id": "109770", "SL": 14193, "image_pop": "8088/bms/assets/uploads/images/prudential_images/bridges/bridge_9770/1716202243.jpg", "bridge_name": "Somudoykathi Bailey Bridge", "bridge_type": "Portable Steel Bridge", "road_no": "Z8033", "zone": "Barishal", "circle": "Barishal", "division": "Pirojpur", "sub-division": "Kawkhali", "sae": "SO-Kawkhali-1", "bridge_length_(m)": 42.0, "bridge_width_(m)": 3.5, "chainage_(km)": "35+002", "xcoord": 90.083888777778, "ycoord": 22.683334388889001, "map_link": "https://maps.google.com/?q=22.68333438888900000,90.08388877777800000&z=8&t=k", "bms_detail": "http://bms.rhd.gov.bd:8088/bms/bridges/detail_view/109770", "bms_inventory": "http://bms.rhd.gov.bd:8088/bms/bridges/inventory_view/109770", "keys": "[bridge_name, Bridge Name], [bridge_type,Type], [chainage_(km), Chainage (km)], [road_no, On Road], [division, Division], [subdivision, Subdivision], [bridge_length_(m), Length (m)], [bridge_width_(m), Width (m)],[map_link(=>{type:link, format:weblink}, Google Map,newtab=>),Google Map View],[bms_inventory(=>{type:link, format:weblink}, BMS Link,newtab=>), BMS Inventory],[bms_detail(=>{type:link, format:weblink},BMS Link,newtab=>), BMS Detailed View]", "f_class_color": "#29ffa4", "spans": 1.0, "span_arrangement": "42", "completion_year": "2010", "bridge_no": "224100900501" }, "geometry": { "type": "Point", "coordinates": [ 90.083888777778, 22.683334388889001 ] } },
{ "type": "Feature", "properties": { "bridge_id": "109593", "SL": 14267, "image_pop": "8088/bms/assets/uploads/images/prudential_images/bridges/bridge_9593/1715834671.jpg", "bridge_name": "Sonaudda Bailey Bridge", "bridge_type": "Portable Steel Bridge", "road_no": "Z8815", "zone": "Barishal", "circle": "Barishal", "division": "Jhalokati", "sub-division": "Jhalokati", "sae": "SO-Jhalokati-2", "bridge_length_(m)": 24.6, "bridge_width_(m)": 3.4, "chainage_(km)": "1+001", "xcoord": 90.066314888888996, "ycoord": 22.3488925, "map_link": "https://maps.google.com/?q=22.34889250000000000,90.06631488888900000&z=8&t=k", "bms_detail": "http://bms.rhd.gov.bd:8088/bms/bridges/detail_view/109593", "bms_inventory": "http://bms.rhd.gov.bd:8088/bms/bridges/inventory_view/109593", "keys": "[bridge_name, Bridge Name], [bridge_type,Type], [chainage_(km), Chainage (km)], [road_no, On Road], [division, Division], [subdivision, Subdivision], [bridge_length_(m), Length (m)], [bridge_width_(m), Width (m)],[map_link(=>{type:link, format:weblink}, Google Map,newtab=>),Google Map View],[bms_inventory(=>{type:link, format:weblink}, BMS Link,newtab=>), BMS Inventory],[bms_detail(=>{type:link, format:weblink},BMS Link,newtab=>), BMS Detailed View]", "f_class_color": "#29ffa4", "spans": 1.0, "span_arrangement": "24.6", "completion_year": "1995", "bridge_no": "222056900359" }, "geometry": { "type": "Point", "coordinates": [ 90.066314888888996, 22.3488925 ] } },
{ "type": "Feature", "properties": { "bridge_id": "107267", "SL": 14316, "image_pop": "8088/bms/assets/uploads/images/prudential_images/bridges/bridge_7267/1708603431.JPG", "bridge_name": "Souderkhal PC Bridge", "bridge_type": "PC Girder Bridge", "road_no": "N8", "zone": "Barishal", "circle": "Barishal", "division": "Barishal", "sub-division": "Barishal -1", "sae": "SO-Barishal Sub Division-1-3", "bridge_length_(m)": 29.9, "bridge_width_(m)": 7.4, "chainage_(km)": "121+720", "xcoord": 90.215722194443998, "ycoord": 23.015111083333, "map_link": "https://maps.google.com/?q=23.01511108333300000,90.21572219444400000&z=8&t=k", "bms_detail": "http://bms.rhd.gov.bd:8088/bms/bridges/detail_view/107267", "bms_inventory": "http://bms.rhd.gov.bd:8088/bms/bridges/inventory_view/107267", "keys": "[bridge_name, Bridge Name], [bridge_type,Type], [chainage_(km), Chainage (km)], [road_no, On Road], [division, Division], [subdivision, Subdivision], [bridge_length_(m), Length (m)], [bridge_width_(m), Width (m)],[map_link(=>{type:link, format:weblink}, Google Map,newtab=>),Google Map View],[bms_inventory(=>{type:link, format:weblink}, BMS Link,newtab=>), BMS Inventory],[bms_detail(=>{type:link, format:weblink},BMS Link,newtab=>), BMS Detailed View]", "f_class_color": "#6ebed6", "spans": 1.0, "span_arrangement": "29.9", "completion_year": "2019", "bridge_no": "230149902159" }, "geometry": { "type": "Point", "coordinates": [ 90.215722194443998, 23.015111083333 ] } },
{ "type": "Feature", "properties": { "bridge_id": "108491", "SL": 14352, "image_pop": "8088/bms/assets/uploads/images/prudential_images/bridges/bridge_8491/1711963026.jpg", "bridge_name": "South Chechri Steel Girder Bridge", "bridge_type": "Steel Girder Bridge", "road_no": "Z8740", "zone": "Barishal", "circle": "Barishal", "division": "Jhalokati", "sub-division": "Jhalokati", "sae": "SO-Jhalokati-2", "bridge_length_(m)": 15.6, "bridge_width_(m)": 3.7, "chainage_(km)": "2+629", "xcoord": 90.094533083333005, "ycoord": 22.420711083333, "map_link": "https://maps.google.com/?q=22.42071108333300000,90.09453308333300000&z=8&t=k", "bms_detail": "http://bms.rhd.gov.bd:8088/bms/bridges/detail_view/108491", "bms_inventory": "http://bms.rhd.gov.bd:8088/bms/bridges/inventory_view/108491", "keys": "[bridge_name, Bridge Name], [bridge_type,Type], [chainage_(km), Chainage (km)], [road_no, On Road], [division, Division], [subdivision, Subdivision], [bridge_length_(m), Length (m)], [bridge_width_(m), Width (m)],[map_link(=>{type:link, format:weblink}, Google Map,newtab=>),Google Map View],[bms_inventory(=>{type:link, format:weblink}, BMS Link,newtab=>), BMS Inventory],[bms_detail(=>{type:link, format:weblink},BMS Link,newtab=>), BMS Detailed View]", "f_class_color": "#b15dec", "spans": 3.0, "span_arrangement": "5.2+5.2+5.2", "completion_year": "1984", "bridge_no": "222515900540" }, "geometry": { "type": "Point", "coordinates": [ 90.094533083333005, 22.420711083333 ] } },
{ "type": "Feature", "properties": { "bridge_id": "108961", "SL": 14353, "image_pop": "8088/bms/assets/uploads/images/prudential_images/bridges/bridge_8961/1713770081.jpg", "bridge_name": "South Chechri Steel Girder Bridge 2", "bridge_type": "Steel Girder Bridge", "road_no": "Z8740", "zone": "Barishal", "circle": "Barishal", "division": "Jhalokati", "sub-division": "Jhalokati", "sae": "SO-Jhalokati-2", "bridge_length_(m)": 6.8, "bridge_width_(m)": 7.4, "chainage_(km)": "1+548", "xcoord": 90.103475583332994, "ycoord": 22.418174583332998, "map_link": "https://maps.google.com/?q=22.41817458333300000,90.10347558333300000&z=8&t=k", "bms_detail": "http://bms.rhd.gov.bd:8088/bms/bridges/detail_view/108961", "bms_inventory": "http://bms.rhd.gov.bd:8088/bms/bridges/inventory_view/108961", "keys": "[bridge_name, Bridge Name], [bridge_type,Type], [chainage_(km), Chainage (km)], [road_no, On Road], [division, Division], [subdivision, Subdivision], [bridge_length_(m), Length (m)], [bridge_width_(m), Width (m)],[map_link(=>{type:link, format:weblink}, Google Map,newtab=>),Google Map View],[bms_inventory(=>{type:link, format:weblink}, BMS Link,newtab=>), BMS Inventory],[bms_detail(=>{type:link, format:weblink},BMS Link,newtab=>), BMS Detailed View]", "f_class_color": "#b15dec", "spans": 1.0, "span_arrangement": "6.8", "completion_year": "1995", "bridge_no": "222505900613" }, "geometry": { "type": "Point", "coordinates": [ 90.103475583332994, 22.418174583332998 ] } },
{ "type": "Feature", "properties": { "bridge_id": "108485", "SL": 14354, "image_pop": "8088/bms/assets/uploads/images/prudential_images/bridges/bridge_8485/1711961204.jpg", "bridge_name": "South Chenchri Bailey Bridge", "bridge_type": "Portable Steel Bridge", "road_no": "Z8740", "zone": "Barishal", "circle": "Barishal", "division": "Jhalokati", "sub-division": "Jhalokati", "sae": "SO-Jhalokati-2", "bridge_length_(m)": 24.6, "bridge_width_(m)": 3.5, "chainage_(km)": "1+221", "xcoord": 90.106755888888998, "ycoord": 22.418474583333001, "map_link": "https://maps.google.com/?q=22.41847458333300000,90.10675588888900000&z=8&t=k", "bms_detail": "http://bms.rhd.gov.bd:8088/bms/bridges/detail_view/108485", "bms_inventory": "http://bms.rhd.gov.bd:8088/bms/bridges/inventory_view/108485", "keys": "[bridge_name, Bridge Name], [bridge_type,Type], [chainage_(km), Chainage (km)], [road_no, On Road], [division, Division], [subdivision, Subdivision], [bridge_length_(m), Length (m)], [bridge_width_(m), Width (m)],[map_link(=>{type:link, format:weblink}, Google Map,newtab=>),Google Map View],[bms_inventory(=>{type:link, format:weblink}, BMS Link,newtab=>), BMS Inventory],[bms_detail(=>{type:link, format:weblink},BMS Link,newtab=>), BMS Detailed View]", "f_class_color": "#29ffa4", "spans": 1.0, "span_arrangement": "24.6", "completion_year": "1986", "bridge_no": "222507900624" }, "geometry": { "type": "Point", "coordinates": [ 90.106755888888998, 22.418474583333001 ] } },
{ "type": "Feature", "properties": { "bridge_id": "109477", "SL": 14355, "image_pop": "8088/bms/assets/uploads/images/prudential_images/bridges/bridge_9477/1715486719.jpg", "bridge_name": "South Chenchri Steel Girder Bridge 3", "bridge_type": "Steel Girder Bridge", "road_no": "Z8740", "zone": "Barishal", "circle": "Barishal", "division": "Jhalokati", "sub-division": "Jhalokati", "sae": "SO-Jhalokati-2", "bridge_length_(m)": 6.9, "bridge_width_(m)": 7.2, "chainage_(km)": "1+002", "xcoord": 90.108414583333001, "ycoord": 22.417967277778001, "map_link": "https://maps.google.com/?q=22.41796727777800000,90.10841458333300000&z=8&t=k", "bms_detail": "http://bms.rhd.gov.bd:8088/bms/bridges/detail_view/109477", "bms_inventory": "http://bms.rhd.gov.bd:8088/bms/bridges/inventory_view/109477", "keys": "[bridge_name, Bridge Name], [bridge_type,Type], [chainage_(km), Chainage (km)], [road_no, On Road], [division, Division], [subdivision, Subdivision], [bridge_length_(m), Length (m)], [bridge_width_(m), Width (m)],[map_link(=>{type:link, format:weblink}, Google Map,newtab=>),Google Map View],[bms_inventory(=>{type:link, format:weblink}, BMS Link,newtab=>), BMS Inventory],[bms_detail(=>{type:link, format:weblink},BMS Link,newtab=>), BMS Detailed View]", "f_class_color": "#b15dec", "spans": 1.0, "span_arrangement": "6.9", "completion_year": "2003", "bridge_no": "222505900630" }, "geometry": { "type": "Point", "coordinates": [ 90.108414583333001, 22.417967277778001 ] } },
{ "type": "Feature", "properties": { "bridge_id": "106441", "SL": 14358, "image_pop": "8088/bms/assets/uploads/images/prudential_images/bridges/bridge_6441/1705129157.jpg", "bridge_name": "South Digholdi Bridge", "bridge_type": "RC Girder Bridge", "road_no": "Z8917", "zone": "Barishal", "circle": "Barishal", "division": "Bhola", "sub-division": "Bhola", "sae": "SO-Bhola-1", "bridge_length_(m)": 22.0, "bridge_width_(m)": 4.4, "chainage_(km)": "3+340", "xcoord": 90.668079416666998, "ycoord": 22.554090277777998, "map_link": "https://maps.google.com/?q=22.55409027777800000,90.66807941666700000&z=8&t=k", "bms_detail": "http://bms.rhd.gov.bd:8088/bms/bridges/detail_view/106441", "bms_inventory": "http://bms.rhd.gov.bd:8088/bms/bridges/inventory_view/106441", "keys": "[bridge_name, Bridge Name], [bridge_type,Type], [chainage_(km), Chainage (km)], [road_no, On Road], [division, Division], [subdivision, Subdivision], [bridge_length_(m), Length (m)], [bridge_width_(m), Width (m)],[map_link(=>{type:link, format:weblink}, Google Map,newtab=>),Google Map View],[bms_inventory(=>{type:link, format:weblink}, BMS Link,newtab=>), BMS Inventory],[bms_detail(=>{type:link, format:weblink},BMS Link,newtab=>), BMS Detailed View]", "f_class_color": "#e8f674", "spans": 1.0, "span_arrangement": "22", "completion_year": "2010", "bridge_no": "223315904005" }, "geometry": { "type": "Point", "coordinates": [ 90.668079416666998, 22.554090277777998 ] } },
{ "type": "Feature", "properties": { "bridge_id": "106928", "SL": 14359, "image_pop": "8088/bms/assets/uploads/images/prudential_images/bridges/bridge_6928/1706694815.jpg", "bridge_name": "South Digholdi Chanderhat Bridge", "bridge_type": "RC Girder Bridge", "road_no": "Z8915", "zone": "Barishal", "circle": "Barishal", "division": "Bhola", "sub-division": "Bhola", "sae": "SO-Bhola-1", "bridge_length_(m)": 30.7, "bridge_width_(m)": 4.4, "chainage_(km)": "2+588", "xcoord": 90.643053583333, "ycoord": 22.594007083333, "map_link": "https://maps.google.com/?q=22.59400708333300000,90.64305358333300000&z=8&t=k", "bms_detail": "http://bms.rhd.gov.bd:8088/bms/bridges/detail_view/106928", "bms_inventory": "http://bms.rhd.gov.bd:8088/bms/bridges/inventory_view/106928", "keys": "[bridge_name, Bridge Name], [bridge_type,Type], [chainage_(km), Chainage (km)], [road_no, On Road], [division, Division], [subdivision, Subdivision], [bridge_length_(m), Length (m)], [bridge_width_(m), Width (m)],[map_link(=>{type:link, format:weblink}, Google Map,newtab=>),Google Map View],[bms_inventory(=>{type:link, format:weblink}, BMS Link,newtab=>), BMS Inventory],[bms_detail(=>{type:link, format:weblink},BMS Link,newtab=>), BMS Detailed View]", "f_class_color": "#e8f674", "spans": 2.0, "span_arrangement": "15.1+15.6", "completion_year": "1991", "bridge_no": "223538903835" }, "geometry": { "type": "Point", "coordinates": [ 90.643053583333, 22.594007083333 ] } },
{ "type": "Feature", "properties": { "bridge_id": "110697", "SL": 14379, "image_pop": "8088/bms/assets/img/no_picture.png", "bridge_name": "South Gulishakhali Pc girder bridge", "bridge_type": "PC Girder Bridge", "road_no": "Z8701", "zone": "Barishal", "circle": "Barishal", "division": "Pirojpur", "sub-division": "Kawkhali", "sae": "SO-Kawkhali-1", "bridge_length_(m)": 37.92, "bridge_width_(m)": 10.25, "chainage_(km)": "34+758", "xcoord": 89.969759388889003, "ycoord": 22.224389, "map_link": "https://maps.google.com/?q=22.22438900000000000,89.96975938888900000&z=8&t=k", "bms_detail": "http://bms.rhd.gov.bd:8088/bms/bridges/detail_view/110697", "bms_inventory": "http://bms.rhd.gov.bd:8088/bms/bridges/inventory_view/110697", "keys": "[bridge_name, Bridge Name], [bridge_type,Type], [chainage_(km), Chainage (km)], [road_no, On Road], [division, Division], [subdivision, Subdivision], [bridge_length_(m), Length (m)], [bridge_width_(m), Width (m)],[map_link(=>{type:link, format:weblink}, Google Map,newtab=>),Google Map View],[bms_inventory(=>{type:link, format:weblink}, BMS Link,newtab=>), BMS Inventory],[bms_detail(=>{type:link, format:weblink},BMS Link,newtab=>), BMS Detailed View]", "f_class_color": "#6ebed6", "spans": null, "span_arrangement": null, "completion_year": null, "bridge_no": null }, "geometry": { "type": "Point", "coordinates": [ 89.969759388889003, 22.224389 ] } },
{ "type": "Feature", "properties": { "bridge_id": "109893", "SL": 14391, "image_pop": "8088/bms/assets/uploads/images/prudential_images/bridges/bridge_9893/1716978538.jpg", "bridge_name": "South Jogonnathkathi PC Girder Bridge", "bridge_type": "PC Girder Bridge", "road_no": "Z8716", "zone": "Barishal", "circle": "Barishal", "division": "Pirojpur", "sub-division": "Kawkhali", "sae": "SO-Kawkhali-1", "bridge_length_(m)": 28.2, "bridge_width_(m)": 10.4, "chainage_(km)": "15+485", "xcoord": 90.10942, "ycoord": 22.7320345, "map_link": "https://maps.google.com/?q=22.73203450000000000,90.10942000000000000&z=8&t=k", "bms_detail": "http://bms.rhd.gov.bd:8088/bms/bridges/detail_view/109893", "bms_inventory": "http://bms.rhd.gov.bd:8088/bms/bridges/inventory_view/109893", "keys": "[bridge_name, Bridge Name], [bridge_type,Type], [chainage_(km), Chainage (km)], [road_no, On Road], [division, Division], [subdivision, Subdivision], [bridge_length_(m), Length (m)], [bridge_width_(m), Width (m)],[map_link(=>{type:link, format:weblink}, Google Map,newtab=>),Google Map View],[bms_inventory(=>{type:link, format:weblink}, BMS Link,newtab=>), BMS Inventory],[bms_detail(=>{type:link, format:weblink},BMS Link,newtab=>), BMS Detailed View]", "f_class_color": "#6ebed6", "spans": 1.0, "span_arrangement": "28.2", "completion_year": "2024", "bridge_no": "224355900634" }, "geometry": { "type": "Point", "coordinates": [ 90.10942, 22.7320345 ] } },
{ "type": "Feature", "properties": { "bridge_id": "110370", "SL": 14394, "image_pop": "8088/bms/assets/uploads/images/prudential_images/bridges/bridge_10370/1718126695.jpg", "bridge_name": "South Kakchira RCC Gider Bridge", "bridge_type": "RC Girder Bridge", "road_no": "Z8708", "zone": "Barishal", "circle": "Patuakhali", "division": "Barguna", "sub-division": "Barguna", "sae": "SO-Barguna-1", "bridge_length_(m)": 29.8, "bridge_width_(m)": 6.6, "chainage_(km)": "56+241", "xcoord": 90.013036194443998, "ycoord": 22.185866388889, "map_link": "https://maps.google.com/?q=22.18586638888900000,90.01303619444400000&z=8&t=k", "bms_detail": "http://bms.rhd.gov.bd:8088/bms/bridges/detail_view/110370", "bms_inventory": "http://bms.rhd.gov.bd:8088/bms/bridges/inventory_view/110370", "keys": "[bridge_name, Bridge Name], [bridge_type,Type], [chainage_(km), Chainage (km)], [road_no, On Road], [division, Division], [subdivision, Subdivision], [bridge_length_(m), Length (m)], [bridge_width_(m), Width (m)],[map_link(=>{type:link, format:weblink}, Google Map,newtab=>),Google Map View],[bms_inventory(=>{type:link, format:weblink}, BMS Link,newtab=>), BMS Inventory],[bms_detail(=>{type:link, format:weblink},BMS Link,newtab=>), BMS Detailed View]", "f_class_color": "#e8f674", "spans": 3.0, "span_arrangement": "9.8+10+9", "completion_year": "2007", "bridge_no": "22185890013" }, "geometry": { "type": "Point", "coordinates": [ 90.013036194443998, 22.185866388889 ] } },
{ "type": "Feature", "properties": { "bridge_id": "110210", "SL": 14399, "image_pop": "8088/bms/assets/uploads/images/prudential_images/bridges/bridge_10210/1717992841.jpg", "bridge_name": "South kazirchor Baily Steel Bridge", "bridge_type": "Portable Steel Bridge", "road_no": "Z8034", "zone": "Barishal", "circle": "Barishal", "division": "Barishal", "sub-division": "Barishal-2", "sae": "SO-Barishal Sub Division-2-1", "bridge_length_(m)": 20.2, "bridge_width_(m)": 3.7, "chainage_(km)": "13+285", "xcoord": 90.371180694444007, "ycoord": 22.844665583333001, "map_link": "https://maps.google.com/?q=22.84466558333300000,90.37118069444400000&z=8&t=k", "bms_detail": "http://bms.rhd.gov.bd:8088/bms/bridges/detail_view/110210", "bms_inventory": "http://bms.rhd.gov.bd:8088/bms/bridges/inventory_view/110210", "keys": "[bridge_name, Bridge Name], [bridge_type,Type], [chainage_(km), Chainage (km)], [road_no, On Road], [division, Division], [subdivision, Subdivision], [bridge_length_(m), Length (m)], [bridge_width_(m), Width (m)],[map_link(=>{type:link, format:weblink}, Google Map,newtab=>),Google Map View],[bms_inventory(=>{type:link, format:weblink}, BMS Link,newtab=>), BMS Inventory],[bms_detail(=>{type:link, format:weblink},BMS Link,newtab=>), BMS Detailed View]", "f_class_color": "#29ffa4", "spans": 1.0, "span_arrangement": "20.2", "completion_year": "2002", "bridge_no": "225041902216" }, "geometry": { "type": "Point", "coordinates": [ 90.371180694444007, 22.844665583333001 ] } },
{ "type": "Feature", "properties": { "bridge_id": "109284", "SL": 14400, "image_pop": "8088/bms/assets/uploads/images/prudential_images/bridges/bridge_9284/1714888554.jpg", "bridge_name": "South Koikhali Bailey Bridge", "bridge_type": "Portable Steel Bridge", "road_no": "Z8705", "zone": "Barishal", "circle": "Barishal", "division": "Jhalokati", "sub-division": "Jhalokati", "sae": "SO-Jhalokati-2", "bridge_length_(m)": 46.5, "bridge_width_(m)": 3.3, "chainage_(km)": "7+446", "xcoord": 90.113642777777997, "ycoord": 22.440606388889002, "map_link": "https://maps.google.com/?q=22.44060638888900000,90.11364277777800000&z=8&t=k", "bms_detail": "http://bms.rhd.gov.bd:8088/bms/bridges/detail_view/109284", "bms_inventory": "http://bms.rhd.gov.bd:8088/bms/bridges/inventory_view/109284", "keys": "[bridge_name, Bridge Name], [bridge_type,Type], [chainage_(km), Chainage (km)], [road_no, On Road], [division, Division], [subdivision, Subdivision], [bridge_length_(m), Length (m)], [bridge_width_(m), Width (m)],[map_link(=>{type:link, format:weblink}, Google Map,newtab=>),Google Map View],[bms_inventory(=>{type:link, format:weblink}, BMS Link,newtab=>), BMS Inventory],[bms_detail(=>{type:link, format:weblink},BMS Link,newtab=>), BMS Detailed View]", "f_class_color": "#29ffa4", "spans": 1.0, "span_arrangement": "46.5", "completion_year": "1998", "bridge_no": "222626900649" }, "geometry": { "type": "Point", "coordinates": [ 90.113642777777997, 22.440606388889002 ] } },
{ "type": "Feature", "properties": { "bridge_id": "109482", "SL": 14401, "image_pop": "8088/bms/assets/uploads/images/prudential_images/bridges/bridge_9482/1715490910.jpg", "bridge_name": "South Koikhali Bailey Bridge 2", "bridge_type": "Portable Steel Bridge", "road_no": "Z8740", "zone": "Barishal", "circle": "Barishal", "division": "Jhalokati", "sub-division": "Jhalokati", "sae": "SO-Jhalokati-2", "bridge_length_(m)": 25.2, "bridge_width_(m)": 3.5, "chainage_(km)": "0+543", "xcoord": 90.1131835, "ycoord": 22.418435277777998, "map_link": "https://maps.google.com/?q=22.41843527777800000,90.11318350000000000&z=8&t=k", "bms_detail": "http://bms.rhd.gov.bd:8088/bms/bridges/detail_view/109482", "bms_inventory": "http://bms.rhd.gov.bd:8088/bms/bridges/inventory_view/109482", "keys": "[bridge_name, Bridge Name], [bridge_type,Type], [chainage_(km), Chainage (km)], [road_no, On Road], [division, Division], [subdivision, Subdivision], [bridge_length_(m), Length (m)], [bridge_width_(m), Width (m)],[map_link(=>{type:link, format:weblink}, Google Map,newtab=>),Google Map View],[bms_inventory(=>{type:link, format:weblink}, BMS Link,newtab=>), BMS Inventory],[bms_detail(=>{type:link, format:weblink},BMS Link,newtab=>), BMS Detailed View]", "f_class_color": "#29ffa4", "spans": 1.0, "span_arrangement": "25.2", "completion_year": "2000", "bridge_no": "222506900647" }, "geometry": { "type": "Point", "coordinates": [ 90.1131835, 22.418435277777998 ] } },
{ "type": "Feature", "properties": { "bridge_id": "108053", "SL": 14418, "image_pop": "8088/bms/assets/uploads/images/prudential_images/bridges/bridge_8053/1710749499.jpg", "bridge_name": "South Nobogram Bazar RCC Girder Bridge", "bridge_type": "RC Girder Bridge", "road_no": "Z8704", "zone": "Barishal", "circle": "Barishal", "division": "Jhalokati", "sub-division": "Jhalokati", "sae": "SO-Jhalokati-1", "bridge_length_(m)": 15.0, "bridge_width_(m)": 10.4, "chainage_(km)": "10+813", "xcoord": 90.207731694444007, "ycoord": 22.733563083332999, "map_link": "https://maps.google.com/?q=22.73356308333300000,90.20773169444400000&z=8&t=k", "bms_detail": "http://bms.rhd.gov.bd:8088/bms/bridges/detail_view/108053", "bms_inventory": "http://bms.rhd.gov.bd:8088/bms/bridges/inventory_view/108053", "keys": "[bridge_name, Bridge Name], [bridge_type,Type], [chainage_(km), Chainage (km)], [road_no, On Road], [division, Division], [subdivision, Subdivision], [bridge_length_(m), Length (m)], [bridge_width_(m), Width (m)],[map_link(=>{type:link, format:weblink}, Google Map,newtab=>),Google Map View],[bms_inventory(=>{type:link, format:weblink}, BMS Link,newtab=>), BMS Inventory],[bms_detail(=>{type:link, format:weblink},BMS Link,newtab=>), BMS Detailed View]", "f_class_color": "#e8f674", "spans": 1.0, "span_arrangement": "15", "completion_year": "2017", "bridge_no": "224401901227" }, "geometry": { "type": "Point", "coordinates": [ 90.207731694444007, 22.733563083332999 ] } },
{ "type": "Feature", "properties": { "bridge_id": "109278", "SL": 14452, "image_pop": "8088/bms/assets/uploads/images/prudential_images/bridges/bridge_9278/1714885837.jpg", "bridge_name": "South Tarabunia Bailey Bridge", "bridge_type": "Portable Steel Bridge", "road_no": "Z8717", "zone": "Barishal", "circle": "Barishal", "division": "Jhalokati", "sub-division": "Jhalokati", "sae": "SO-Jhalokati-2", "bridge_length_(m)": 26.0, "bridge_width_(m)": 3.4, "chainage_(km)": "8+160", "xcoord": 90.07591, "ycoord": 22.514847, "map_link": "https://maps.google.com/?q=22.51484700000000000,90.07591000000000000&z=8&t=k", "bms_detail": "http://bms.rhd.gov.bd:8088/bms/bridges/detail_view/109278", "bms_inventory": "http://bms.rhd.gov.bd:8088/bms/bridges/inventory_view/109278", "keys": "[bridge_name, Bridge Name], [bridge_type,Type], [chainage_(km), Chainage (km)], [road_no, On Road], [division, Division], [subdivision, Subdivision], [bridge_length_(m), Length (m)], [bridge_width_(m), Width (m)],[map_link(=>{type:link, format:weblink}, Google Map,newtab=>),Google Map View],[bms_inventory(=>{type:link, format:weblink}, BMS Link,newtab=>), BMS Inventory],[bms_detail(=>{type:link, format:weblink},BMS Link,newtab=>), BMS Detailed View]", "f_class_color": "#29ffa4", "spans": 1.0, "span_arrangement": "26", "completion_year": "2003", "bridge_no": "223053900433" }, "geometry": { "type": "Point", "coordinates": [ 90.07591, 22.514847 ] } },
{ "type": "Feature", "properties": { "bridge_id": "106835", "SL": 14510, "image_pop": "8088/bms/assets/uploads/images/prudential_images/bridges/bridge_6835/1706524542.jpg", "bridge_name": "Sri Rampur PC Girder Bridge", "bridge_type": "PC Girder Bridge", "road_no": "Z8806", "zone": "Barishal", "circle": "Patuakhali", "division": "Patuakhali", "sub-division": "Patuakhali", "sae": "SO-Patuakhali-2", "bridge_length_(m)": 24.1, "bridge_width_(m)": 10.3, "chainage_(km)": "10+287", "xcoord": 90.4246685, "ycoord": 22.441824, "map_link": "https://maps.google.com/?q=22.44182400000000000,90.42466850000000000&z=8&t=k", "bms_detail": "http://bms.rhd.gov.bd:8088/bms/bridges/detail_view/106835", "bms_inventory": "http://bms.rhd.gov.bd:8088/bms/bridges/inventory_view/106835", "keys": "[bridge_name, Bridge Name], [bridge_type,Type], [chainage_(km), Chainage (km)], [road_no, On Road], [division, Division], [subdivision, Subdivision], [bridge_length_(m), Length (m)], [bridge_width_(m), Width (m)],[map_link(=>{type:link, format:weblink}, Google Map,newtab=>),Google Map View],[bms_inventory(=>{type:link, format:weblink}, BMS Link,newtab=>), BMS Inventory],[bms_detail(=>{type:link, format:weblink},BMS Link,newtab=>), BMS Detailed View]", "f_class_color": "#6ebed6", "spans": 1.0, "span_arrangement": "24.1", "completion_year": "2020", "bridge_no": "222631902529" }, "geometry": { "type": "Point", "coordinates": [ 90.4246685, 22.441824 ] } },
{ "type": "Feature", "properties": { "bridge_id": "110111", "SL": 14527, "image_pop": "8088/bms/assets/uploads/images/prudential_images/bridges/bridge_10111/1717565640.jpg", "bridge_name": "Srimonthokati Bailey Bridge", "bridge_type": "Portable Steel Bridge", "road_no": "Z8703", "zone": "Barishal", "circle": "Barishal", "division": "Jhalokati", "sub-division": "Jhalokati", "sae": "SO-Jhalokati-1", "bridge_length_(m)": 24.6, "bridge_width_(m)": 3.3, "chainage_(km)": "5+470", "xcoord": 90.115325277777998, "ycoord": 22.623238888888999, "map_link": "https://maps.google.com/?q=22.62323888888900000,90.11532527777800000&z=8&t=k", "bms_detail": "http://bms.rhd.gov.bd:8088/bms/bridges/detail_view/110111", "bms_inventory": "http://bms.rhd.gov.bd:8088/bms/bridges/inventory_view/110111", "keys": "[bridge_name, Bridge Name], [bridge_type,Type], [chainage_(km), Chainage (km)], [road_no, On Road], [division, Division], [subdivision, Subdivision], [bridge_length_(m), Length (m)], [bridge_width_(m), Width (m)],[map_link(=>{type:link, format:weblink}, Google Map,newtab=>),Google Map View],[bms_inventory(=>{type:link, format:weblink}, BMS Link,newtab=>), BMS Inventory],[bms_detail(=>{type:link, format:weblink},BMS Link,newtab=>), BMS Detailed View]", "f_class_color": "#29ffa4", "spans": 1.0, "span_arrangement": "24.6", "completion_year": "1995", "bridge_no": "223724900655" }, "geometry": { "type": "Point", "coordinates": [ 90.115325277777998, 22.623238888888999 ] } },
{ "type": "Feature", "properties": { "bridge_id": "109851", "SL": 14539, "image_pop": "8088/bms/assets/uploads/images/prudential_images/bridges/bridge_9851/1716614165.jpg", "bridge_name": "Sriramkathi RCC Girder Bridge 1", "bridge_type": "RC Girder Bridge", "road_no": "Z7707", "zone": "Barishal", "circle": "Barishal", "division": "Pirojpur", "sub-division": "Pirojpur", "sae": "SO-Pirojpur-2", "bridge_length_(m)": 15.5, "bridge_width_(m)": 7.1, "chainage_(km)": "13+227", "xcoord": 89.993847, "ycoord": 22.692309388889001, "map_link": "https://maps.google.com/?q=22.69230938888900000,89.99384700000000000&z=8&t=k", "bms_detail": "http://bms.rhd.gov.bd:8088/bms/bridges/detail_view/109851", "bms_inventory": "http://bms.rhd.gov.bd:8088/bms/bridges/inventory_view/109851", "keys": "[bridge_name, Bridge Name], [bridge_type,Type], [chainage_(km), Chainage (km)], [road_no, On Road], [division, Division], [subdivision, Subdivision], [bridge_length_(m), Length (m)], [bridge_width_(m), Width (m)],[map_link(=>{type:link, format:weblink}, Google Map,newtab=>),Google Map View],[bms_inventory(=>{type:link, format:weblink}, BMS Link,newtab=>), BMS Inventory],[bms_detail(=>{type:link, format:weblink},BMS Link,newtab=>), BMS Detailed View]", "f_class_color": "#e8f674", "spans": 1.0, "span_arrangement": "5.6", "completion_year": "2015", "bridge_no": "224132895938" }, "geometry": { "type": "Point", "coordinates": [ 89.993847, 22.692309388889001 ] } },
{ "type": "Feature", "properties": { "bridge_id": "109997", "SL": 14540, "image_pop": "8088/bms/assets/uploads/images/prudential_images/bridges/bridge_9997/1717245555.jpg", "bridge_name": "Sriramkathi RCC Girder Bridge 2", "bridge_type": "RC Girder Bridge", "road_no": "Z7707", "zone": "Barishal", "circle": "Barishal", "division": "Pirojpur", "sub-division": "Pirojpur", "sae": "SO-Pirojpur-2", "bridge_length_(m)": 43.2, "bridge_width_(m)": 7.4, "chainage_(km)": "13+467", "xcoord": 90.992269888888998, "ycoord": 22.693792, "map_link": "https://maps.google.com/?q=22.69379200000000000,90.99226988888900000&z=8&t=k", "bms_detail": "http://bms.rhd.gov.bd:8088/bms/bridges/detail_view/109997", "bms_inventory": "http://bms.rhd.gov.bd:8088/bms/bridges/inventory_view/109997", "keys": "[bridge_name, Bridge Name], [bridge_type,Type], [chainage_(km), Chainage (km)], [road_no, On Road], [division, Division], [subdivision, Subdivision], [bridge_length_(m), Length (m)], [bridge_width_(m), Width (m)],[map_link(=>{type:link, format:weblink}, Google Map,newtab=>),Google Map View],[bms_inventory(=>{type:link, format:weblink}, BMS Link,newtab=>), BMS Inventory],[bms_detail(=>{type:link, format:weblink},BMS Link,newtab=>), BMS Detailed View]", "f_class_color": "#e8f674", "spans": 3.0, "span_arrangement": "14.4+14.4+14.4", "completion_year": "2011", "bridge_no": "224138905932" }, "geometry": { "type": "Point", "coordinates": [ 90.992269888888998, 22.693792 ] } },
{ "type": "Feature", "properties": { "bridge_id": "107677", "SL": 14573, "image_pop": "8088/bms/assets/uploads/images/prudential_images/bridges/bridge_7677/1709884709.jpg", "bridge_name": "Subidkhali RCC Girder Bridge", "bridge_type": "RC Girder Bridge", "road_no": "Z8810", "zone": "Barishal", "circle": "Patuakhali", "division": "Barguna", "sub-division": "Barguna", "sae": "SO-Barguna-1", "bridge_length_(m)": 66.45, "bridge_width_(m)": 12.2, "chainage_(km)": "27+536", "xcoord": 90.216058, "ycoord": 22.362651194443998, "map_link": "https://maps.google.com/?q=22.36265119444400000,90.21605800000000000&z=8&t=k", "bms_detail": "http://bms.rhd.gov.bd:8088/bms/bridges/detail_view/107677", "bms_inventory": "http://bms.rhd.gov.bd:8088/bms/bridges/inventory_view/107677", "keys": "[bridge_name, Bridge Name], [bridge_type,Type], [chainage_(km), Chainage (km)], [road_no, On Road], [division, Division], [subdivision, Subdivision], [bridge_length_(m), Length (m)], [bridge_width_(m), Width (m)],[map_link(=>{type:link, format:weblink}, Google Map,newtab=>),Google Map View],[bms_inventory(=>{type:link, format:weblink}, BMS Link,newtab=>), BMS Inventory],[bms_detail(=>{type:link, format:weblink},BMS Link,newtab=>), BMS Detailed View]", "f_class_color": "#e8f674", "spans": 3.0, "span_arrangement": "22.1+22.2+22.15", "completion_year": "2015", "bridge_no": "222146901258" }, "geometry": { "type": "Point", "coordinates": [ 90.216058, 22.362651194443998 ] } },
{ "type": "Feature", "properties": { "bridge_id": "106899", "SL": 14601, "image_pop": "8088/bms/assets/uploads/images/prudential_images/bridges/bridge_6899/1706677119.jpg", "bridge_name": "Suhori Bailey Bridge", "bridge_type": "Portable Steel Bridge", "road_no": "Z8804", "zone": "Barishal", "circle": "Patuakhali", "division": "Patuakhali", "sub-division": "Patuakhali", "sae": "SO-Patuakhali-3", "bridge_length_(m)": 18.3, "bridge_width_(m)": 3.54, "chainage_(km)": "3+174", "xcoord": 90.651110861110993, "ycoord": 22.333765, "map_link": "https://maps.google.com/?q=22.33376500000000000,90.65111086111100000&z=8&t=k", "bms_detail": "http://bms.rhd.gov.bd:8088/bms/bridges/detail_view/106899", "bms_inventory": "http://bms.rhd.gov.bd:8088/bms/bridges/inventory_view/106899", "keys": "[bridge_name, Bridge Name], [bridge_type,Type], [chainage_(km), Chainage (km)], [road_no, On Road], [division, Division], [subdivision, Subdivision], [bridge_length_(m), Length (m)], [bridge_width_(m), Width (m)],[map_link(=>{type:link, format:weblink}, Google Map,newtab=>),Google Map View],[bms_inventory(=>{type:link, format:weblink}, BMS Link,newtab=>), BMS Inventory],[bms_detail(=>{type:link, format:weblink},BMS Link,newtab=>), BMS Detailed View]", "f_class_color": "#29ffa4", "spans": 1.0, "span_arrangement": "18.3", "completion_year": "2020", "bridge_no": "222015903939" }, "geometry": { "type": "Point", "coordinates": [ 90.651110861110993, 22.333765 ] } },
{ "type": "Feature", "properties": { "bridge_id": "109330", "SL": 14703, "image_pop": "8088/bms/assets/uploads/images/prudential_images/bridges/bridge_9330/1715076485.jpg", "bridge_name": "Sutalori PC Girder Bridge", "bridge_type": "PC Girder Bridge", "road_no": "R870", "zone": "Barishal", "circle": "Barishal", "division": "Jhalokati", "sub-division": "Jhalokati", "sae": "SO-Jhalokati-2", "bridge_length_(m)": 56.6, "bridge_width_(m)": 9.1, "chainage_(km)": "13+722", "xcoord": 90.219770777777995, "ycoord": 22.643011277778001, "map_link": "https://maps.google.com/?q=22.64301127777800000,90.21977077777800000&z=8&t=k", "bms_detail": "http://bms.rhd.gov.bd:8088/bms/bridges/detail_view/109330", "bms_inventory": "http://bms.rhd.gov.bd:8088/bms/bridges/inventory_view/109330", "keys": "[bridge_name, Bridge Name], [bridge_type,Type], [chainage_(km), Chainage (km)], [road_no, On Road], [division, Division], [subdivision, Subdivision], [bridge_length_(m), Length (m)], [bridge_width_(m), Width (m)],[map_link(=>{type:link, format:weblink}, Google Map,newtab=>),Google Map View],[bms_inventory(=>{type:link, format:weblink}, BMS Link,newtab=>), BMS Inventory],[bms_detail(=>{type:link, format:weblink},BMS Link,newtab=>), BMS Detailed View]", "f_class_color": "#6ebed6", "spans": 3.0, "span_arrangement": "5.7+45.2+5.7", "completion_year": "2014", "bridge_no": "223835901311" }, "geometry": { "type": "Point", "coordinates": [ 90.219770777777995, 22.643011277778001 ] } },
{ "type": "Feature", "properties": { "bridge_id": "109757", "SL": 14737, "image_pop": "8088/bms/assets/uploads/images/prudential_images/bridges/bridge_9757/1716194429.jpg", "bridge_name": "Swarupkathi Steel Girder Bridge", "bridge_type": "Steel Girder Bridge", "road_no": "Z8033", "zone": "Barishal", "circle": "Barishal", "division": "Pirojpur", "sub-division": "Kawkhali", "sae": "SO-Kawkhali-1", "bridge_length_(m)": 33.8, "bridge_width_(m)": 3.3, "chainage_(km)": "28+450", "xcoord": 90.096095194444004, "ycoord": 22.7346735, "map_link": "https://maps.google.com/?q=22.73467350000000000,90.09609519444400000&z=8&t=k", "bms_detail": "http://bms.rhd.gov.bd:8088/bms/bridges/detail_view/109757", "bms_inventory": "http://bms.rhd.gov.bd:8088/bms/bridges/inventory_view/109757", "keys": "[bridge_name, Bridge Name], [bridge_type,Type], [chainage_(km), Chainage (km)], [road_no, On Road], [division, Division], [subdivision, Subdivision], [bridge_length_(m), Length (m)], [bridge_width_(m), Width (m)],[map_link(=>{type:link, format:weblink}, Google Map,newtab=>),Google Map View],[bms_inventory(=>{type:link, format:weblink}, BMS Link,newtab=>), BMS Inventory],[bms_detail(=>{type:link, format:weblink},BMS Link,newtab=>), BMS Detailed View]", "f_class_color": "#b15dec", "spans": 5.0, "span_arrangement": "6.3+6.9+7.6+7+6", "completion_year": "1995", "bridge_no": "224405900546" }, "geometry": { "type": "Point", "coordinates": [ 90.096095194444004, 22.7346735 ] } },
{ "type": "Feature", "properties": { "bridge_id": "109953", "SL": 14738, "image_pop": "8088/bms/assets/uploads/images/prudential_images/bridges/bridge_9953/1717070213.jpg", "bridge_name": "Swarupkati RCC Girder Bridge", "bridge_type": "RC Girder Bridge", "road_no": "Z8033", "zone": "Barishal", "circle": "Barishal", "division": "Pirojpur", "sub-division": "Kawkhali", "sae": "SO-Kawkhali-1", "bridge_length_(m)": 63.6, "bridge_width_(m)": 4.0, "chainage_(km)": "26+940", "xcoord": 90.099940777778002, "ycoord": 22.747013888889001, "map_link": "https://maps.google.com/?q=22.74701388888900000,90.09994077777800000&z=8&t=k", "bms_detail": "http://bms.rhd.gov.bd:8088/bms/bridges/detail_view/109953", "bms_inventory": "http://bms.rhd.gov.bd:8088/bms/bridges/inventory_view/109953", "keys": "[bridge_name, Bridge Name], [bridge_type,Type], [chainage_(km), Chainage (km)], [road_no, On Road], [division, Division], [subdivision, Subdivision], [bridge_length_(m), Length (m)], [bridge_width_(m), Width (m)],[map_link(=>{type:link, format:weblink}, Google Map,newtab=>),Google Map View],[bms_inventory(=>{type:link, format:weblink}, BMS Link,newtab=>), BMS Inventory],[bms_detail(=>{type:link, format:weblink},BMS Link,newtab=>), BMS Detailed View]", "f_class_color": "#e8f674", "spans": 3.0, "span_arrangement": "14+36.5+13", "completion_year": "1991", "bridge_no": "224449900560" }, "geometry": { "type": "Point", "coordinates": [ 90.099940777778002, 22.747013888889001 ] } },
{ "type": "Feature", "properties": { "bridge_id": "108923", "SL": 14747, "image_pop": "8088/bms/assets/uploads/images/prudential_images/bridges/bridge_8923/1713683197.jpg", "bridge_name": "Tafalbari RCC Girder Bridge 3", "bridge_type": "RC Girder Bridge", "road_no": "Z8708", "zone": "Barishal", "circle": "Barishal", "division": "Jhalokati", "sub-division": "Jhalokati", "sae": "SO-Jhalokati-2", "bridge_length_(m)": 30.0, "bridge_width_(m)": 10.3, "chainage_(km)": "1+815", "xcoord": 90.144758083333002, "ycoord": 22.552018194443999, "map_link": "https://maps.google.com/?q=22.55201819444400000,90.14475808333300000&z=8&t=k", "bms_detail": "http://bms.rhd.gov.bd:8088/bms/bridges/detail_view/108923", "bms_inventory": "http://bms.rhd.gov.bd:8088/bms/bridges/inventory_view/108923", "keys": "[bridge_name, Bridge Name], [bridge_type,Type], [chainage_(km), Chainage (km)], [road_no, On Road], [division, Division], [subdivision, Subdivision], [bridge_length_(m), Length (m)], [bridge_width_(m), Width (m)],[map_link(=>{type:link, format:weblink}, Google Map,newtab=>),Google Map View],[bms_inventory(=>{type:link, format:weblink}, BMS Link,newtab=>), BMS Inventory],[bms_detail(=>{type:link, format:weblink},BMS Link,newtab=>), BMS Detailed View]", "f_class_color": "#e8f674", "spans": 1.0, "span_arrangement": "30", "completion_year": "2019", "bridge_no": "223307900841" }, "geometry": { "type": "Point", "coordinates": [ 90.144758083333002, 22.552018194443999 ] } },
{ "type": "Feature", "properties": { "bridge_id": "109034", "SL": 14780, "image_pop": "8088/bms/assets/uploads/images/prudential_images/bridges/bridge_9034/1713943934.jpg", "bridge_name": "Talgachia PC Girder Bridge", "bridge_type": "PC Girder Bridge", "road_no": "Z8708", "zone": "Barishal", "circle": "Barishal", "division": "Jhalokati", "sub-division": "Jhalokati", "sae": "SO-Jhalokati-2", "bridge_length_(m)": 87.0, "bridge_width_(m)": 10.0, "chainage_(km)": "16+200", "xcoord": 90.148703277777997, "ycoord": 22.4480045, "map_link": "https://maps.google.com/?q=22.44800450000000000,90.14870327777800000&z=8&t=k", "bms_detail": "http://bms.rhd.gov.bd:8088/bms/bridges/detail_view/109034", "bms_inventory": "http://bms.rhd.gov.bd:8088/bms/bridges/inventory_view/109034", "keys": "[bridge_name, Bridge Name], [bridge_type,Type], [chainage_(km), Chainage (km)], [road_no, On Road], [division, Division], [subdivision, Subdivision], [bridge_length_(m), Length (m)], [bridge_width_(m), Width (m)],[map_link(=>{type:link, format:weblink}, Google Map,newtab=>),Google Map View],[bms_inventory(=>{type:link, format:weblink}, BMS Link,newtab=>), BMS Inventory],[bms_detail(=>{type:link, format:weblink},BMS Link,newtab=>), BMS Detailed View]", "f_class_color": "#6ebed6", "spans": 3.0, "span_arrangement": "24.2+37.2+25.6", "completion_year": "2022", "bridge_no": "222653900855" }, "geometry": { "type": "Point", "coordinates": [ 90.148703277777997, 22.4480045 ] } },
{ "type": "Feature", "properties": { "bridge_id": "109134", "SL": 14798, "image_pop": "8088/bms/assets/uploads/images/prudential_images/bridges/bridge_9134/1714221902.jpg", "bridge_name": "Taltola Bailey Bridge", "bridge_type": "Portable Steel Bridge", "road_no": "Z8708", "zone": "Barishal", "circle": "Barishal", "division": "Jhalokati", "sub-division": "Jhalokati", "sae": "SO-Jhalokati-2", "bridge_length_(m)": 86.4, "bridge_width_(m)": 3.6, "chainage_(km)": "27+197", "xcoord": 90.090651583332999, "ycoord": 22.3818725, "map_link": "https://maps.google.com/?q=22.38187250000000000,90.09065158333300000&z=8&t=k", "bms_detail": "http://bms.rhd.gov.bd:8088/bms/bridges/detail_view/109134", "bms_inventory": "http://bms.rhd.gov.bd:8088/bms/bridges/inventory_view/109134", "keys": "[bridge_name, Bridge Name], [bridge_type,Type], [chainage_(km), Chainage (km)], [road_no, On Road], [division, Division], [subdivision, Subdivision], [bridge_length_(m), Length (m)], [bridge_width_(m), Width (m)],[map_link(=>{type:link, format:weblink}, Google Map,newtab=>),Google Map View],[bms_inventory(=>{type:link, format:weblink}, BMS Link,newtab=>), BMS Inventory],[bms_detail(=>{type:link, format:weblink},BMS Link,newtab=>), BMS Detailed View]", "f_class_color": "#29ffa4", "spans": 3.0, "span_arrangement": "12.4+36.8+37.2", "completion_year": "1990", "bridge_no": "222255900526" }, "geometry": { "type": "Point", "coordinates": [ 90.090651583332999, 22.3818725 ] } },
{ "type": "Feature", "properties": { "bridge_id": "105491", "SL": 14815, "image_pop": "8088/bms/assets/uploads/images/prudential_images/bridges/bridge_5491/1700289299.jpg", "bridge_name": "Taltoli Bridge", "bridge_type": "PC Girder Bridge", "road_no": "Z8040", "zone": "Barishal", "circle": "Barishal", "division": "Barishal", "sub-division": "Barishal-2", "sae": "SO-Barishal Sub Division-2-3", "bridge_length_(m)": 188.4, "bridge_width_(m)": 7.4, "chainage_(km)": "2+460", "xcoord": 90.3778056, "ycoord": 22.7399556, "map_link": "https://maps.google.com/?q=22.73995560000000000,90.37780560000000000&z=8&t=k", "bms_detail": "http://bms.rhd.gov.bd:8088/bms/bridges/detail_view/105491", "bms_inventory": "http://bms.rhd.gov.bd:8088/bms/bridges/inventory_view/105491", "keys": "[bridge_name, Bridge Name], [bridge_type,Type], [chainage_(km), Chainage (km)], [road_no, On Road], [division, Division], [subdivision, Subdivision], [bridge_length_(m), Length (m)], [bridge_width_(m), Width (m)],[map_link(=>{type:link, format:weblink}, Google Map,newtab=>),Google Map View],[bms_inventory(=>{type:link, format:weblink}, BMS Link,newtab=>), BMS Inventory],[bms_detail(=>{type:link, format:weblink},BMS Link,newtab=>), BMS Detailed View]", "f_class_color": "#6ebed6", "spans": 6.0, "span_arrangement": "31.6+31.3+31.3+31.3+31.3+31.6", "completion_year": "2014", "bridge_no": "224423902240" }, "geometry": { "type": "Point", "coordinates": [ 90.3778056, 22.7399556 ] } },
{ "type": "Feature", "properties": { "bridge_id": "105520", "SL": 14827, "image_pop": "8088/bms/assets/uploads/images/prudential_images/bridges/bridge_5520/1700460104.jpg", "bridge_name": "Talukderhat Bridge", "bridge_type": "PC Girder Bridge", "road_no": "Z8044", "zone": "Barishal", "circle": "Barishal", "division": "Barishal", "sub-division": "Barishal-2", "sae": "SO-Barishal Sub Division-2-2", "bridge_length_(m)": 38.3, "bridge_width_(m)": 9.7, "chainage_(km)": "3+660", "xcoord": 90.4137306, "ycoord": 22.6626528, "map_link": "https://maps.google.com/?q=22.66265280000000000,90.41373060000000000&z=8&t=k", "bms_detail": "http://bms.rhd.gov.bd:8088/bms/bridges/detail_view/105520", "bms_inventory": "http://bms.rhd.gov.bd:8088/bms/bridges/inventory_view/105520", "keys": "[bridge_name, Bridge Name], [bridge_type,Type], [chainage_(km), Chainage (km)], [road_no, On Road], [division, Division], [subdivision, Subdivision], [bridge_length_(m), Length (m)], [bridge_width_(m), Width (m)],[map_link(=>{type:link, format:weblink}, Google Map,newtab=>),Google Map View],[bms_inventory(=>{type:link, format:weblink}, BMS Link,newtab=>), BMS Inventory],[bms_detail(=>{type:link, format:weblink},BMS Link,newtab=>), BMS Detailed View]", "f_class_color": "#6ebed6", "spans": 1.0, "span_arrangement": "38.3", "completion_year": "2022", "bridge_no": "223946902450" }, "geometry": { "type": "Point", "coordinates": [ 90.4137306, 22.6626528 ] } },
{ "type": "Feature", "properties": { "bridge_id": "108211", "SL": 14873, "image_pop": "8088/bms/assets/uploads/images/prudential_images/bridges/bridge_8211/1711168993.jpg", "bridge_name": "Tarpasha Bailey Bridge", "bridge_type": "Portable Steel Bridge", "road_no": "Z8716", "zone": "Barishal", "circle": "Barishal", "division": "Jhalokati", "sub-division": "Jhalokati", "sae": "SO-Jhalokati-1", "bridge_length_(m)": 18.7, "bridge_width_(m)": 4.0, "chainage_(km)": "3+812", "xcoord": 90.1700175, "ycoord": 22.679251694444002, "map_link": "https://maps.google.com/?q=22.67925169444400000,90.17001750000000000&z=8&t=k", "bms_detail": "http://bms.rhd.gov.bd:8088/bms/bridges/detail_view/108211", "bms_inventory": "http://bms.rhd.gov.bd:8088/bms/bridges/inventory_view/108211", "keys": "[bridge_name, Bridge Name], [bridge_type,Type], [chainage_(km), Chainage (km)], [road_no, On Road], [division, Division], [subdivision, Subdivision], [bridge_length_(m), Length (m)], [bridge_width_(m), Width (m)],[map_link(=>{type:link, format:weblink}, Google Map,newtab=>),Google Map View],[bms_inventory(=>{type:link, format:weblink}, BMS Link,newtab=>), BMS Inventory],[bms_detail(=>{type:link, format:weblink},BMS Link,newtab=>), BMS Detailed View]", "f_class_color": "#29ffa4", "spans": 1.0, "span_arrangement": "18.7", "completion_year": "1986", "bridge_no": "224045901012" }, "geometry": { "type": "Point", "coordinates": [ 90.1700175, 22.679251694444002 ] } },
{ "type": "Feature", "properties": { "bridge_id": "106917", "SL": 14929, "image_pop": "8088/bms/assets/uploads/images/prudential_images/bridges/bridge_6917/1706687169.jpg", "bridge_name": "Telikhali PC Girder Bridge", "bridge_type": "PC Girder Bridge", "road_no": "N8", "zone": "Barishal", "circle": "Patuakhali", "division": "Patuakhali", "sub-division": "Patuakhali", "sae": "SO-Patuakhali-1", "bridge_length_(m)": 79.7, "bridge_width_(m)": 7.6, "chainage_(km)": "200+837", "xcoord": 90.3199785, "ycoord": 22.396651777778001, "map_link": "https://maps.google.com/?q=22.39665177777800000,90.31997850000000000&z=8&t=k", "bms_detail": "http://bms.rhd.gov.bd:8088/bms/bridges/detail_view/106917", "bms_inventory": "http://bms.rhd.gov.bd:8088/bms/bridges/inventory_view/106917", "keys": "[bridge_name, Bridge Name], [bridge_type,Type], [chainage_(km), Chainage (km)], [road_no, On Road], [division, Division], [subdivision, Subdivision], [bridge_length_(m), Length (m)], [bridge_width_(m), Width (m)],[map_link(=>{type:link, format:weblink}, Google Map,newtab=>),Google Map View],[bms_inventory(=>{type:link, format:weblink}, BMS Link,newtab=>), BMS Inventory],[bms_detail(=>{type:link, format:weblink},BMS Link,newtab=>), BMS Detailed View]", "f_class_color": "#6ebed6", "spans": 3.0, "span_arrangement": "19.7+40.5+19.5", "completion_year": "2002", "bridge_no": "222348901912" }, "geometry": { "type": "Point", "coordinates": [ 90.3199785, 22.396651777778001 ] } },
{ "type": "Feature", "properties": { "bridge_id": "105376", "SL": 14967, "image_pop": "8088/bms/assets/img/no_picture.png", "bridge_name": "Tetla Bridge", "bridge_type": "Steel Girder Bridge", "road_no": "Z7710", "zone": "Barishal", "circle": "Barishal", "division": "Barishal", "sub-division": "Barishal -1", "sae": "SO-Barishal Sub Division-1-2", "bridge_length_(m)": 13.6, "bridge_width_(m)": 3.75, "chainage_(km)": "8+720", "xcoord": 90.1016667, "ycoord": 22.8080556, "map_link": "https://maps.google.com/?q=22.80805560000000000,90.10166670000000000&z=8&t=k", "bms_detail": "http://bms.rhd.gov.bd:8088/bms/bridges/detail_view/105376", "bms_inventory": "http://bms.rhd.gov.bd:8088/bms/bridges/inventory_view/105376", "keys": "[bridge_name, Bridge Name], [bridge_type,Type], [chainage_(km), Chainage (km)], [road_no, On Road], [division, Division], [subdivision, Subdivision], [bridge_length_(m), Length (m)], [bridge_width_(m), Width (m)],[map_link(=>{type:link, format:weblink}, Google Map,newtab=>),Google Map View],[bms_inventory(=>{type:link, format:weblink}, BMS Link,newtab=>), BMS Inventory],[bms_detail(=>{type:link, format:weblink},BMS Link,newtab=>), BMS Detailed View]", "f_class_color": "#b15dec", "spans": 3.0, "span_arrangement": "4+5+4.6", "completion_year": "1980", "bridge_no": "228081901018" }, "geometry": { "type": "Point", "coordinates": [ 90.1016667, 22.8080556 ] } },
{ "type": "Feature", "properties": { "bridge_id": "110630", "SL": 14974, "image_pop": "8088/bms/assets/uploads/images/prudential_images/bridges/bridge_10630/1724473103.jpg", "bridge_name": "Tetulbaria Bailey Bridge", "bridge_type": "Portable Steel Bridge", "road_no": "Z8062", "zone": "Barishal", "circle": "Barishal", "division": "Jhalokati", "sub-division": "Jhalokati", "sae": "SO-Jhalokati-3", "bridge_length_(m)": 18.4, "bridge_width_(m)": 4.7, "chainage_(km)": "2+239", "xcoord": 90.199458083332999, "ycoord": 22.528629277777998, "map_link": "https://maps.google.com/?q=22.52862927777800000,90.19945808333300000&z=8&t=k", "bms_detail": "http://bms.rhd.gov.bd:8088/bms/bridges/detail_view/110630", "bms_inventory": "http://bms.rhd.gov.bd:8088/bms/bridges/inventory_view/110630", "keys": "[bridge_name, Bridge Name], [bridge_type,Type], [chainage_(km), Chainage (km)], [road_no, On Road], [division, Division], [subdivision, Subdivision], [bridge_length_(m), Length (m)], [bridge_width_(m), Width (m)],[map_link(=>{type:link, format:weblink}, Google Map,newtab=>),Google Map View],[bms_inventory(=>{type:link, format:weblink}, BMS Link,newtab=>), BMS Inventory],[bms_detail(=>{type:link, format:weblink},BMS Link,newtab=>), BMS Detailed View]", "f_class_color": "#29ffa4", "spans": 1.0, "span_arrangement": "18.4", "completion_year": "2012", "bridge_no": "223143901158" }, "geometry": { "type": "Point", "coordinates": [ 90.199458083332999, 22.528629277777998 ] } },
{ "type": "Feature", "properties": { "bridge_id": "110025", "SL": 15017, "image_pop": "8088/bms/assets/uploads/images/prudential_images/bridges/bridge_10025/1717322336.jpg", "bridge_name": "Thalia Bailey Bridge", "bridge_type": "Portable Steel Bridge", "road_no": "Z7707", "zone": "Barishal", "circle": "Barishal", "division": "Pirojpur", "sub-division": "Pirojpur", "sae": "SO-Pirojpur-2", "bridge_length_(m)": 15.2, "bridge_width_(m)": 3.61, "chainage_(km)": "20+297", "xcoord": 90.024865777778004, "ycoord": 22.706732, "map_link": "https://maps.google.com/?q=22.70673200000000000,90.02486577777800000&z=8&t=k", "bms_detail": "http://bms.rhd.gov.bd:8088/bms/bridges/detail_view/110025", "bms_inventory": "http://bms.rhd.gov.bd:8088/bms/bridges/inventory_view/110025", "keys": "[bridge_name, Bridge Name], [bridge_type,Type], [chainage_(km), Chainage (km)], [road_no, On Road], [division, Division], [subdivision, Subdivision], [bridge_length_(m), Length (m)], [bridge_width_(m), Width (m)],[map_link(=>{type:link, format:weblink}, Google Map,newtab=>),Google Map View],[bms_inventory(=>{type:link, format:weblink}, BMS Link,newtab=>), BMS Inventory],[bms_detail(=>{type:link, format:weblink},BMS Link,newtab=>), BMS Detailed View]", "f_class_color": "#29ffa4", "spans": 1.0, "span_arrangement": "15.2", "completion_year": "2012", "bridge_no": "224224900129" }, "geometry": { "type": "Point", "coordinates": [ 90.024865777778004, 22.706732 ] } },
{ "type": "Feature", "properties": { "bridge_id": "109846", "SL": 15195, "image_pop": "8088/bms/assets/uploads/images/prudential_images/bridges/bridge_9846/1716463280.jpg", "bridge_name": "Tona Bailey Bridge", "bridge_type": "Portable Steel Bridge", "road_no": "Z7707", "zone": "Barishal", "circle": "Barishal", "division": "Pirojpur", "sub-division": "Pirojpur", "sae": "SO-Pirojpur-2", "bridge_length_(m)": 61.2, "bridge_width_(m)": 4.01, "chainage_(km)": "1+756", "xcoord": 90.011229388889006, "ycoord": 22.611088888889, "map_link": "https://maps.google.com/?q=22.61108888888900000,90.01122938888900000&z=8&t=k", "bms_detail": "http://bms.rhd.gov.bd:8088/bms/bridges/detail_view/109846", "bms_inventory": "http://bms.rhd.gov.bd:8088/bms/bridges/inventory_view/109846", "keys": "[bridge_name, Bridge Name], [bridge_type,Type], [chainage_(km), Chainage (km)], [road_no, On Road], [division, Division], [subdivision, Subdivision], [bridge_length_(m), Length (m)], [bridge_width_(m), Width (m)],[map_link(=>{type:link, format:weblink}, Google Map,newtab=>),Google Map View],[bms_inventory(=>{type:link, format:weblink}, BMS Link,newtab=>), BMS Inventory],[bms_detail(=>{type:link, format:weblink},BMS Link,newtab=>), BMS Detailed View]", "f_class_color": "#29ffa4", "spans": 3.0, "span_arrangement": "20.4+20.4+20.4", "completion_year": "2017", "bridge_no": "223640900040" }, "geometry": { "type": "Point", "coordinates": [ 90.011229388889006, 22.611088888889 ] } },
{ "type": "Feature", "properties": { "bridge_id": "105435", "SL": 15266, "image_pop": "8088/bms/assets/uploads/images/prudential_images/bridges/bridge_5435/1699765444.jpg", "bridge_name": "Tulatola Modina Bazar Bridge", "bridge_type": "RC Girder Bridge", "road_no": "Z7710", "zone": "Barishal", "circle": "Barishal", "division": "Barishal", "sub-division": "Barishal -1", "sae": "SO-Barishal Sub Division-1-2", "bridge_length_(m)": 15.1, "bridge_width_(m)": 6.8, "chainage_(km)": "15+166", "xcoord": 90.0619389, "ycoord": 22.824225, "map_link": "https://maps.google.com/?q=22.82422500000000000,90.06193890000000000&z=8&t=k", "bms_detail": "http://bms.rhd.gov.bd:8088/bms/bridges/detail_view/105435", "bms_inventory": "http://bms.rhd.gov.bd:8088/bms/bridges/inventory_view/105435", "keys": "[bridge_name, Bridge Name], [bridge_type,Type], [chainage_(km), Chainage (km)], [road_no, On Road], [division, Division], [subdivision, Subdivision], [bridge_length_(m), Length (m)], [bridge_width_(m), Width (m)],[map_link(=>{type:link, format:weblink}, Google Map,newtab=>),Google Map View],[bms_inventory(=>{type:link, format:weblink}, BMS Link,newtab=>), BMS Inventory],[bms_detail(=>{type:link, format:weblink},BMS Link,newtab=>), BMS Detailed View]", "f_class_color": "#e8f674", "spans": 1.0, "span_arrangement": "15.1", "completion_year": "2014", "bridge_no": "228244900619" }, "geometry": { "type": "Point", "coordinates": [ 90.0619389, 22.824225 ] } },
{ "type": "Feature", "properties": { "bridge_id": "105587", "SL": 15279, "image_pop": "8088/bms/assets/uploads/images/prudential_images/bridges/bridge_5587/1700900811.jpg", "bridge_name": "Tumchar Bazar Bridge", "bridge_type": "PC Girder Bridge", "road_no": "Z8910", "zone": "Barishal", "circle": "Barishal", "division": "Barishal", "sub-division": "Barishal-2", "sae": "SO-Barishal Sub Division-2-2", "bridge_length_(m)": 25.3, "bridge_width_(m)": 10.2, "chainage_(km)": "11+680", "xcoord": 90.493153333332998, "ycoord": 22.637184166667002, "map_link": "https://maps.google.com/?q=22.63718416666700000,90.49315333333300000&z=8&t=k", "bms_detail": "http://bms.rhd.gov.bd:8088/bms/bridges/detail_view/105587", "bms_inventory": "http://bms.rhd.gov.bd:8088/bms/bridges/inventory_view/105587", "keys": "[bridge_name, Bridge Name], [bridge_type,Type], [chainage_(km), Chainage (km)], [road_no, On Road], [division, Division], [subdivision, Subdivision], [bridge_length_(m), Length (m)], [bridge_width_(m), Width (m)],[map_link(=>{type:link, format:weblink}, Google Map,newtab=>),Google Map View],[bms_inventory(=>{type:link, format:weblink}, BMS Link,newtab=>), BMS Inventory],[bms_detail(=>{type:link, format:weblink},BMS Link,newtab=>), BMS Detailed View]", "f_class_color": "#6ebed6", "spans": 1.0, "span_arrangement": "25.3", "completion_year": "2022", "bridge_no": "223814902935" }, "geometry": { "type": "Point", "coordinates": [ 90.493153333332998, 22.637184166667002 ] } },
{ "type": "Feature", "properties": { "bridge_id": "109848", "SL": 15285, "image_pop": "8088/bms/assets/uploads/images/prudential_images/bridges/bridge_9848/1716464280.jpg", "bridge_name": "Tushkhali Bailey Bridge", "bridge_type": "Portable Steel Bridge", "road_no": "Z8701", "zone": "Barishal", "circle": "Barishal", "division": "Pirojpur", "sub-division": "Kawkhali", "sae": "SO-Kawkhali-3", "bridge_length_(m)": 52.0, "bridge_width_(m)": 4.01, "chainage_(km)": "18+226", "xcoord": 89.935466083332997, "ycoord": 22.360267083333, "map_link": "https://maps.google.com/?q=22.36026708333300000,89.93546608333300000&z=8&t=k", "bms_detail": "http://bms.rhd.gov.bd:8088/bms/bridges/detail_view/109848", "bms_inventory": "http://bms.rhd.gov.bd:8088/bms/bridges/inventory_view/109848", "keys": "[bridge_name, Bridge Name], [bridge_type,Type], [chainage_(km), Chainage (km)], [road_no, On Road], [division, Division], [subdivision, Subdivision], [bridge_length_(m), Length (m)], [bridge_width_(m), Width (m)],[map_link(=>{type:link, format:weblink}, Google Map,newtab=>),Google Map View],[bms_inventory(=>{type:link, format:weblink}, BMS Link,newtab=>), BMS Inventory],[bms_detail(=>{type:link, format:weblink},BMS Link,newtab=>), BMS Detailed View]", "f_class_color": "#29ffa4", "spans": 1.0, "span_arrangement": "52", "completion_year": "2000", "bridge_no": "222137895607" }, "geometry": { "type": "Point", "coordinates": [ 89.935466083332997, 22.360267083333 ] } },
{ "type": "Feature", "properties": { "bridge_id": "109927", "SL": 15286, "image_pop": "8088/bms/assets/uploads/images/prudential_images/bridges/bridge_9927/1717051535.jpg", "bridge_name": "Tushkhali Baily Bridge 2", "bridge_type": "Portable Steel Bridge", "road_no": "Z8701", "zone": "Barishal", "circle": "Barishal", "division": "Pirojpur", "sub-division": "Kawkhali", "sae": "SO-Kawkhali-3", "bridge_length_(m)": 31.4, "bridge_width_(m)": 3.41, "chainage_(km)": "27+048", "xcoord": 89.959006777778001, "ycoord": 22.288786194444, "map_link": "https://maps.google.com/?q=22.28878619444400000,89.95900677777800000&z=8&t=k", "bms_detail": "http://bms.rhd.gov.bd:8088/bms/bridges/detail_view/109927", "bms_inventory": "http://bms.rhd.gov.bd:8088/bms/bridges/inventory_view/109927", "keys": "[bridge_name, Bridge Name], [bridge_type,Type], [chainage_(km), Chainage (km)], [road_no, On Road], [division, Division], [subdivision, Subdivision], [bridge_length_(m), Length (m)], [bridge_width_(m), Width (m)],[map_link(=>{type:link, format:weblink}, Google Map,newtab=>),Google Map View],[bms_inventory(=>{type:link, format:weblink}, BMS Link,newtab=>), BMS Inventory],[bms_detail(=>{type:link, format:weblink},BMS Link,newtab=>), BMS Detailed View]", "f_class_color": "#29ffa4", "spans": 1.0, "span_arrangement": "31.4", "completion_year": "2000", "bridge_no": "221720895732" }, "geometry": { "type": "Point", "coordinates": [ 89.959006777778001, 22.288786194444 ] } },
{ "type": "Feature", "properties": { "bridge_id": "109588", "SL": 15487, "image_pop": "8088/bms/assets/uploads/images/prudential_images/bridges/bridge_9588/1715829499.jpg", "bridge_name": "Uttompur RCC Girder Bridge", "bridge_type": "RC Girder Bridge", "road_no": "Z8062", "zone": "Barishal", "circle": "Barishal", "division": "Jhalokati", "sub-division": "Jhalokati", "sae": "SO-Jhalokati-1", "bridge_length_(m)": 100.0, "bridge_width_(m)": 5.3, "chainage_(km)": "5+764", "xcoord": 90.169210777778005, "ycoord": 22.521455388888999, "map_link": "https://maps.google.com/?q=22.52145538888900000,90.16921077777800000&z=8&t=k", "bms_detail": "http://bms.rhd.gov.bd:8088/bms/bridges/detail_view/109588", "bms_inventory": "http://bms.rhd.gov.bd:8088/bms/bridges/inventory_view/109588", "keys": "[bridge_name, Bridge Name], [bridge_type,Type], [chainage_(km), Chainage (km)], [road_no, On Road], [division, Division], [subdivision, Subdivision], [bridge_length_(m), Length (m)], [bridge_width_(m), Width (m)],[map_link(=>{type:link, format:weblink}, Google Map,newtab=>),Google Map View],[bms_inventory(=>{type:link, format:weblink}, BMS Link,newtab=>), BMS Inventory],[bms_detail(=>{type:link, format:weblink},BMS Link,newtab=>), BMS Detailed View]", "f_class_color": "#e8f674", "spans": 5.0, "span_arrangement": "20.3+19.5+20.2+20.3+19.7", "completion_year": "2002", "bridge_no": "223117901009" }, "geometry": { "type": "Point", "coordinates": [ 90.169210777778005, 22.521455388888999 ] } },
{ "type": "Feature", "properties": { "bridge_id": "105354", "SL": 15546, "image_pop": "8088/bms/assets/img/no_picture.png", "bridge_name": "Uzirpur Baily Bridge", "bridge_type": "Portable Steel Bridge", "road_no": "Z8038", "zone": "Barishal", "circle": "Barishal", "division": "Barishal", "sub-division": "Barishal -1", "sae": "SO-Barishal Sub Division-1-2", "bridge_length_(m)": 15.3, "bridge_width_(m)": 3.8, "chainage_(km)": "6+320", "xcoord": 90.2416667, "ycoord": 22.8188889, "map_link": "https://maps.google.com/?q=22.81888890000000000,90.24166670000000000&z=8&t=k", "bms_detail": "http://bms.rhd.gov.bd:8088/bms/bridges/detail_view/105354", "bms_inventory": "http://bms.rhd.gov.bd:8088/bms/bridges/inventory_view/105354", "keys": "[bridge_name, Bridge Name], [bridge_type,Type], [chainage_(km), Chainage (km)], [road_no, On Road], [division, Division], [subdivision, Subdivision], [bridge_length_(m), Length (m)], [bridge_width_(m), Width (m)],[map_link(=>{type:link, format:weblink}, Google Map,newtab=>),Google Map View],[bms_inventory(=>{type:link, format:weblink}, BMS Link,newtab=>), BMS Inventory],[bms_detail(=>{type:link, format:weblink},BMS Link,newtab=>), BMS Detailed View]", "f_class_color": "#29ffa4", "spans": 1.0, "span_arrangement": "15.3", "completion_year": "2002", "bridge_no": "228188902417" }, "geometry": { "type": "Point", "coordinates": [ 90.2416667, 22.8188889 ] } },
{ "type": "Feature", "properties": { "bridge_id": "109684", "SL": 15694, "image_pop": "8088/bms/assets/uploads/images/prudential_images/bridges/bridge_9684/1716033329.jpg", "bridge_name": "Vhubenosshor RCC Girder Bridge", "bridge_type": "RC Girder Bridge", "road_no": "Z8705", "zone": "Barishal", "circle": "Barishal", "division": "Pirojpur", "sub-division": "Kawkhali", "sae": "SO-Kawkhali-2", "bridge_length_(m)": 48.8, "bridge_width_(m)": 7.4, "chainage_(km)": "0+412", "xcoord": 90.068295083332998, "ycoord": 22.482327388889001, "map_link": "https://maps.google.com/?q=22.48232738888900000,90.06829508333300000&z=8&t=k", "bms_detail": "http://bms.rhd.gov.bd:8088/bms/bridges/detail_view/109684", "bms_inventory": "http://bms.rhd.gov.bd:8088/bms/bridges/inventory_view/109684", "keys": "[bridge_name, Bridge Name], [bridge_type,Type], [chainage_(km), Chainage (km)], [road_no, On Road], [division, Division], [subdivision, Subdivision], [bridge_length_(m), Length (m)], [bridge_width_(m), Width (m)],[map_link(=>{type:link, format:weblink}, Google Map,newtab=>),Google Map View],[bms_inventory(=>{type:link, format:weblink}, BMS Link,newtab=>), BMS Inventory],[bms_detail(=>{type:link, format:weblink},BMS Link,newtab=>), BMS Detailed View]", "f_class_color": "#e8f674", "spans": 3.0, "span_arrangement": "16.2+15.6+17", "completion_year": "2000", "bridge_no": "222856900407" }, "geometry": { "type": "Point", "coordinates": [ 90.068295083332998, 22.482327388889001 ] } },
{ "type": "Feature", "properties": { "bridge_id": "108980", "SL": 15849, "image_pop": "8088/bms/assets/uploads/images/prudential_images/bridges/bridge_8980/1713852442.jpg", "bridge_name": "West Chhitki Bailey Bridge", "bridge_type": "Portable Steel Bridge", "road_no": "Z8708", "zone": "Barishal", "circle": "Barishal", "division": "Jhalokati", "sub-division": "Jhalokati", "sae": "SO-Jhalokati-2", "bridge_length_(m)": 15.1, "bridge_width_(m)": 3.8, "chainage_(km)": "10+983", "xcoord": 90.15801, "ycoord": 22.49073, "map_link": "https://maps.google.com/?q=22.49073000000000000,90.15801000000000000&z=8&t=k", "bms_detail": "http://bms.rhd.gov.bd:8088/bms/bridges/detail_view/108980", "bms_inventory": "http://bms.rhd.gov.bd:8088/bms/bridges/inventory_view/108980", "keys": "[bridge_name, Bridge Name], [bridge_type,Type], [chainage_(km), Chainage (km)], [road_no, On Road], [division, Division], [subdivision, Subdivision], [bridge_length_(m), Length (m)], [bridge_width_(m), Width (m)],[map_link(=>{type:link, format:weblink}, Google Map,newtab=>),Google Map View],[bms_inventory(=>{type:link, format:weblink}, BMS Link,newtab=>), BMS Inventory],[bms_detail(=>{type:link, format:weblink},BMS Link,newtab=>), BMS Detailed View]", "f_class_color": "#29ffa4", "spans": 1.0, "span_arrangement": "15.1", "completion_year": "1995", "bridge_no": "222927900929" }, "geometry": { "type": "Point", "coordinates": [ 90.15801, 22.49073 ] } },
{ "type": "Feature", "properties": { "bridge_id": "106437", "SL": 15868, "image_pop": "8088/bms/assets/uploads/images/prudential_images/bridges/bridge_6437/1705126128.jpg", "bridge_name": "West Jaynagar Bridge", "bridge_type": "RC Girder Bridge", "road_no": "Z8917", "zone": "Barishal", "circle": "Barishal", "division": "Bhola", "sub-division": "Bhola", "sae": "SO-Bhola-1", "bridge_length_(m)": 11.0, "bridge_width_(m)": 4.4, "chainage_(km)": "5+310", "xcoord": 90.677765694444005, "ycoord": 22.542101694444, "map_link": "https://maps.google.com/?q=22.54210169444400000,90.67776569444400000&z=8&t=k", "bms_detail": "http://bms.rhd.gov.bd:8088/bms/bridges/detail_view/106437", "bms_inventory": "http://bms.rhd.gov.bd:8088/bms/bridges/inventory_view/106437", "keys": "[bridge_name, Bridge Name], [bridge_type,Type], [chainage_(km), Chainage (km)], [road_no, On Road], [division, Division], [subdivision, Subdivision], [bridge_length_(m), Length (m)], [bridge_width_(m), Width (m)],[map_link(=>{type:link, format:weblink}, Google Map,newtab=>),Google Map View],[bms_inventory(=>{type:link, format:weblink}, BMS Link,newtab=>), BMS Inventory],[bms_detail(=>{type:link, format:weblink},BMS Link,newtab=>), BMS Detailed View]", "f_class_color": "#e8f674", "spans": 1.0, "span_arrangement": "11", "completion_year": "2003", "bridge_no": "223232904040" }, "geometry": { "type": "Point", "coordinates": [ 90.677765694444005, 22.542101694444 ] } },
{ "type": "Feature", "properties": { "bridge_id": "110039", "SL": 15873, "image_pop": "8088/bms/assets/uploads/images/prudential_images/bridges/bridge_10039/1717329239.jpg", "bridge_name": "West Jousar PC Girder Bridge", "bridge_type": "PC Girder Bridge", "road_no": "Z8716", "zone": "Barishal", "circle": "Barishal", "division": "Pirojpur", "sub-division": "Kawkhali", "sae": "SO-Kawkhali-1", "bridge_length_(m)": 25.4, "bridge_width_(m)": 9.9, "chainage_(km)": "8+885", "xcoord": 90.133090194443994, "ycoord": 22.697057083333, "map_link": "https://maps.google.com/?q=22.69705708333300000,90.13309019444400000&z=8&t=k", "bms_detail": "http://bms.rhd.gov.bd:8088/bms/bridges/detail_view/110039", "bms_inventory": "http://bms.rhd.gov.bd:8088/bms/bridges/inventory_view/110039", "keys": "[bridge_name, Bridge Name], [bridge_type,Type], [chainage_(km), Chainage (km)], [road_no, On Road], [division, Division], [subdivision, Subdivision], [bridge_length_(m), Length (m)], [bridge_width_(m), Width (m)],[map_link(=>{type:link, format:weblink}, Google Map,newtab=>),Google Map View],[bms_inventory(=>{type:link, format:weblink}, BMS Link,newtab=>), BMS Inventory],[bms_detail(=>{type:link, format:weblink},BMS Link,newtab=>), BMS Detailed View]", "f_class_color": "#6ebed6", "spans": 1.0, "span_arrangement": "25.4", "completion_year": "2024", "bridge_no": "224149900859" }, "geometry": { "type": "Point", "coordinates": [ 90.133090194443994, 22.697057083333 ] } },
{ "type": "Feature", "properties": { "bridge_id": "109421", "SL": 15874, "image_pop": "8088/bms/assets/uploads/images/prudential_images/bridges/bridge_9421/1715247526.jpg", "bridge_name": "West Joynagor PC Girder Bridge", "bridge_type": "PC Girder Bridge", "road_no": "R890", "zone": "Barishal", "circle": "Barishal", "division": "Bhola", "sub-division": "Bhola", "sae": "SO-Bhola-2", "bridge_length_(m)": 31.1, "bridge_width_(m)": 10.2, "chainage_(km)": "21+760", "xcoord": 90.685193388889004, "ycoord": 22.556445388888999, "map_link": "https://maps.google.com/?q=22.55644538888900000,90.68519338888900000&z=8&t=k", "bms_detail": "http://bms.rhd.gov.bd:8088/bms/bridges/detail_view/109421", "bms_inventory": "http://bms.rhd.gov.bd:8088/bms/bridges/inventory_view/109421", "keys": "[bridge_name, Bridge Name], [bridge_type,Type], [chainage_(km), Chainage (km)], [road_no, On Road], [division, Division], [subdivision, Subdivision], [bridge_length_(m), Length (m)], [bridge_width_(m), Width (m)],[map_link(=>{type:link, format:weblink}, Google Map,newtab=>),Google Map View],[bms_inventory(=>{type:link, format:weblink}, BMS Link,newtab=>), BMS Inventory],[bms_detail(=>{type:link, format:weblink},BMS Link,newtab=>), BMS Detailed View]", "f_class_color": "#6ebed6", "spans": 1.0, "span_arrangement": "31.1", "completion_year": "2018", "bridge_no": "223323904107" }, "geometry": { "type": "Point", "coordinates": [ 90.685193388889004, 22.556445388888999 ] } },
{ "type": "Feature", "properties": { "bridge_id": "108850", "SL": 15893, "image_pop": "8088/bms/assets/uploads/images/prudential_images/bridges/bridge_8850/1713430256.jpg", "bridge_name": "West Shofipur Bailey Bridge", "bridge_type": "Portable Steel Bridge", "road_no": "Z8708", "zone": "Barishal", "circle": "Patuakhali", "division": "Barguna", "sub-division": "Barguna", "sae": "SO-Barguna-1", "bridge_length_(m)": 24.4, "bridge_width_(m)": 3.7, "chainage_(km)": "37+345", "xcoord": 90.084915, "ycoord": 22.3026185, "map_link": "https://maps.google.com/?q=22.30261850000000000,90.08491500000000000&z=8&t=k", "bms_detail": "http://bms.rhd.gov.bd:8088/bms/bridges/detail_view/108850", "bms_inventory": "http://bms.rhd.gov.bd:8088/bms/bridges/inventory_view/108850", "keys": "[bridge_name, Bridge Name], [bridge_type,Type], [chainage_(km), Chainage (km)], [road_no, On Road], [division, Division], [subdivision, Subdivision], [bridge_length_(m), Length (m)], [bridge_width_(m), Width (m)],[map_link(=>{type:link, format:weblink}, Google Map,newtab=>),Google Map View],[bms_inventory(=>{type:link, format:weblink}, BMS Link,newtab=>), BMS Inventory],[bms_detail(=>{type:link, format:weblink},BMS Link,newtab=>), BMS Detailed View]", "f_class_color": "#29ffa4", "spans": 1.0, "span_arrangement": "24.4", "completion_year": "1993", "bridge_no": "221809900506" }, "geometry": { "type": "Point", "coordinates": [ 90.084915, 22.3026185 ] } },
{ "type": "Feature", "properties": { "bridge_id": "108849", "SL": 15895, "image_pop": "8088/bms/assets/uploads/images/prudential_images/bridges/bridge_8849/1713433814.jpg", "bridge_name": "West Shofipur RCC Girder Bridge", "bridge_type": "RC Girder Bridge", "road_no": "Z8708", "zone": "Barishal", "circle": "Patuakhali", "division": "Barguna", "sub-division": "Barguna", "sae": "SO-Barguna-1", "bridge_length_(m)": 18.0, "bridge_width_(m)": 6.9, "chainage_(km)": "37+030", "xcoord": 90.084877194444005, "ycoord": 22.305078583333, "map_link": "https://maps.google.com/?q=22.30507858333300000,90.08487719444400000&z=8&t=k", "bms_detail": "http://bms.rhd.gov.bd:8088/bms/bridges/detail_view/108849", "bms_inventory": "http://bms.rhd.gov.bd:8088/bms/bridges/inventory_view/108849", "keys": "[bridge_name, Bridge Name], [bridge_type,Type], [chainage_(km), Chainage (km)], [road_no, On Road], [division, Division], [subdivision, Subdivision], [bridge_length_(m), Length (m)], [bridge_width_(m), Width (m)],[map_link(=>{type:link, format:weblink}, Google Map,newtab=>),Google Map View],[bms_inventory(=>{type:link, format:weblink}, BMS Link,newtab=>), BMS Inventory],[bms_detail(=>{type:link, format:weblink},BMS Link,newtab=>), BMS Detailed View]", "f_class_color": "#e8f674", "spans": 1.0, "span_arrangement": "18", "completion_year": "2009", "bridge_no": "221818900506" }, "geometry": { "type": "Point", "coordinates": [ 90.084877194444005, 22.305078583333 ] } },
{ "type": "Feature", "properties": { "bridge_id": "107719", "SL": 15905, "image_pop": "8088/bms/assets/uploads/images/prudential_images/bridges/bridge_7719/1709966443.jpg", "bridge_name": "West Subidkhali Rcc Girder Bridge", "bridge_type": "RC Girder Bridge", "road_no": "Z8810", "zone": "Barishal", "circle": "Patuakhali", "division": "Barguna", "sub-division": "Barguna", "sae": "SO-Barguna-1", "bridge_length_(m)": 10.5, "bridge_width_(m)": 4.8, "chainage_(km)": "29+655", "xcoord": 90.2071235, "ycoord": 22.345986, "map_link": "https://maps.google.com/?q=22.34598600000000000,90.20712350000000000&z=8&t=k", "bms_detail": "http://bms.rhd.gov.bd:8088/bms/bridges/detail_view/107719", "bms_inventory": "http://bms.rhd.gov.bd:8088/bms/bridges/inventory_view/107719", "keys": "[bridge_name, Bridge Name], [bridge_type,Type], [chainage_(km), Chainage (km)], [road_no, On Road], [division, Division], [subdivision, Subdivision], [bridge_length_(m), Length (m)], [bridge_width_(m), Width (m)],[map_link(=>{type:link, format:weblink}, Google Map,newtab=>),Google Map View],[bms_inventory(=>{type:link, format:weblink}, BMS Link,newtab=>), BMS Inventory],[bms_detail(=>{type:link, format:weblink},BMS Link,newtab=>), BMS Detailed View]", "f_class_color": "#e8f674", "spans": 1.0, "span_arrangement": "10.5", "completion_year": "2005", "bridge_no": "222046901226" }, "geometry": { "type": "Point", "coordinates": [ 90.2071235, 22.345986 ] } },
{ "type": "Feature", "properties": { "bridge_id": "106743", "SL": 15926, "image_pop": "8088/bms/assets/uploads/images/prudential_images/bridges/bridge_6743/1706348560.jpg", "bridge_name": "Yar Uddin Khalifa PC Girder Bridge", "bridge_type": "PC Girder Bridge", "road_no": "Z8052", "zone": "Barishal", "circle": "Patuakhali", "division": "Patuakhali", "sub-division": "Patuakhali", "sae": "SO-Patuakhali-1", "bridge_length_(m)": 139.9, "bridge_width_(m)": 7.5, "chainage_(km)": "15+441", "xcoord": 90.220413888888999, "ycoord": 22.3690455, "map_link": "https://maps.google.com/?q=22.36904550000000000,90.22041388888900000&z=8&t=k", "bms_detail": "http://bms.rhd.gov.bd:8088/bms/bridges/detail_view/106743", "bms_inventory": "http://bms.rhd.gov.bd:8088/bms/bridges/inventory_view/106743", "keys": "[bridge_name, Bridge Name], [bridge_type,Type], [chainage_(km), Chainage (km)], [road_no, On Road], [division, Division], [subdivision, Subdivision], [bridge_length_(m), Length (m)], [bridge_width_(m), Width (m)],[map_link(=>{type:link, format:weblink}, Google Map,newtab=>),Google Map View],[bms_inventory(=>{type:link, format:weblink}, BMS Link,newtab=>), BMS Inventory],[bms_detail(=>{type:link, format:weblink},BMS Link,newtab=>), BMS Detailed View]", "f_class_color": "#6ebed6", "spans": 5.0, "span_arrangement": "28+28+27.9+28+28", "completion_year": "2005", "bridge_no": "222209901313" }, "geometry": { "type": "Point", "coordinates": [ 90.220413888888999, 22.3690455 ] } }
]
}
