{"type": "FeatureCollection", "features": [{"type": "Feature", "id": 1, "geometry": {"type": "Point", "coordinates": [91.25125000625849, 25.191424004733562]}, "properties": {"gid": 1, "objectid": 30, "organizati": "BWDB", "station_id": "SW131.5", "wl_station": "Laurergarh Saktiarkhola", "st_name": "SW131.5 (Laurergarh Saktiarkhola)", "river_name": "Jadukata", "district": "Sunamganj", "upazila": "Tahirpur", "region": "North-East", "tidal_stat": "Non-Tidal (Flashy)", "latitude": 25.191424, "longitude": 91.25125, "btm_x": 626356, "btm_y": 786433.77, "sob_effect": "2018-03-01 00:00:00", "sob_conver": "-0.55200000", "pwd_cd": "-", "msl": "-", "f5__exceed": "8.48", "f95__excee": "2.26", "m2__m_": "0.00000000", "s2__m_": "0.00000000", "msf__m_": "0.00000000", "tidal_addi": "0.00000000", "spring_tid": "0.00000000", "neap_tidal": "0.00000000", "tidal_redu": "0.00000000", "shwl__mmsl": "8.48", "slwl__mmsl": "2.26", "comment": "-", "updated_at": "2024-02-05 12:21:38.784486", "updated_by": "Arif", "observed_y": 27, "class_of_r": "III", "flow_statu": "Perennial", "islwl": "-", "exceedance": 2, "exceedan_1": 8.05, "exceedan_2": 95, "exceedan_3": 2.26, "spring_red": 0, "neap_reduc": 0, "final_redu": 0, "shwl__mm_1": "-", "slwl__mm_1": "-", "used_for_s": 1, "used_fo_01": 1}}, {"type": "Feature", "id": 2, "geometry": {"type": "Point", "coordinates": [89.83179580420256, 23.60074070096016]}, "properties": {"gid": 2, "objectid": 73, "organizati": "BWDB", "station_id": "SW168", "wl_station": "Faridpur", "st_name": "SW168 (Faridpur)", "river_name": "Kumar_Faridpur", "district": "Faridpur", "upazila": "Faridpur Sadar", "region": "South-West", "tidal_stat": "Non-Tidal (Non Flashy)", "latitude": 23.60074073, "longitude": 89.8317958, "btm_x": 483123.14, "btm_y": 609739.28, "sob_effect": "2023-01-01", "sob_conver": "-0.739", "pwd_cd": null, "msl": null, "f5__exceed": "4.51", "f95__excee": "0.13", "m2__m_": "0.00000000", "s2__m_": "0.00000000", "msf__m_": "0.00000000", "tidal_addi": "0.00000000", "spring_tid": "0.00000000", "neap_tidal": "0.00000000", "tidal_redu": "0.00000000", "shwl__mmsl": "4.51", "slwl__mmsl": "0.13", "comment": "Datum Problem or, Problem in Gauge Zero Value. Both SHWL & SLWL are not used in contour map creation.", "updated_at": "2024-02-05 12:56:37.93722", "updated_by": "Arif", "observed_y": 27, "class_of_r": "IV", "flow_statu": "Seasonal", "islwl": "-", "exceedance": 2, "exceedan_1": 5.18, "exceedan_2": 95, "exceedan_3": 0.81, "spring_red": 0, "neap_reduc": 0, "final_redu": 0, "shwl__mm_1": "-", "slwl__mm_1": "-", "used_for_s": 0, "used_fo_01": 0}}, {"type": "Feature", "id": 3, "geometry": {"type": "Point", "coordinates": [89.04911000281572, 25.811926007270813]}, "properties": {"gid": 3, "objectid": 289, "organizati": "BWDB", "station_id": "SW61.5", "wl_station": "Barati", "st_name": "SW61.5 (Barati)", "river_name": "Deonai_Charalkata_Jamuneswari_Karatoa", "district": "Rangpur", "upazila": "Taraganj", "region": "North-West", "tidal_stat": "Non-Tidal (Flashy)", "latitude": 25.811926, "longitude": 89.04911, "btm_x": 404967.75, "btm_y": 854903.61, "sob_effect": "2022-11-01", "sob_conver": "-0.82000000", "pwd_cd": null, "msl": null, "f5__exceed": "34.17", "f95__excee": "31.49", "m2__m_": "0.00000000", "s2__m_": "0.00000000", "msf__m_": "0.00000000", "tidal_addi": "0.00000000", "spring_tid": "0.00000000", "neap_tidal": "0.00000000", "tidal_redu": "0.00000000", "shwl__mmsl": "34.17", "slwl__mmsl": "31.49", "comment": "-", "updated_at": "2024-02-05 15:17:43.335377", "updated_by": "Arif", "observed_y": 27, "class_of_r": "V", "flow_statu": "Seasonal", "islwl": "-", "exceedance": 2, "exceedan_1": 34.87, "exceedan_2": 95, "exceedan_3": 32.19, "spring_red": 0, "neap_reduc": 0, "final_redu": 0, "shwl__mm_1": "-", "slwl__mm_1": "-", "used_for_s": 1, "used_fo_01": 1}}, {"type": "Feature", "id": 4, "geometry": {"type": "Point", "coordinates": [89.36946700513363, 24.870597004890442]}, "properties": {"gid": 4, "objectid": 294, "organizati": "BWDB", "station_id": "SW65", "wl_station": "Bogra", "st_name": "SW65 (Bogra)", "river_name": "Deonai_Charalkata_Jamuneswari_Karatoa", "district": "Bogura", "upazila": "Bogura Sadar", "region": "North-West", "tidal_stat": "Non-Tidal (Non Flashy)", "latitude": 24.870597, "longitude": 89.369467, "btm_x": 436589.9, "btm_y": 750470.59, "sob_effect": "2022-11-01", "sob_conver": "-0.48000000", "pwd_cd": null, "msl": null, "f5__exceed": "14.54", "f95__excee": "10.41", "m2__m_": "0.00000000", "s2__m_": "0.00000000", "msf__m_": "0.00000000", "tidal_addi": "0.00000000", "spring_tid": "0.00000000", "neap_tidal": "0.00000000", "tidal_redu": "0.00000000", "shwl__mmsl": "14.54", "slwl__mmsl": "10.41", "comment": "-", "updated_at": "2024-02-05 15:21:00.828076", "updated_by": "Arif", "observed_y": 27, "class_of_r": "V", "flow_statu": "Perennial", "islwl": "-", "exceedance": 2, "exceedan_1": 14.18, "exceedan_2": 95, "exceedan_3": 10.04, "spring_red": 0, "neap_reduc": 0, "final_redu": 0, "shwl__mm_1": "-", "slwl__mm_1": "-", "used_for_s": 1, "used_fo_01": 1}}, {"type": "Feature", "id": 5, "geometry": {"type": "Point", "coordinates": [91.23609760403633, 23.469279006123543]}, "properties": {"gid": 5, "objectid": 10, "organizati": "BWDB", "station_id": "SW109", "wl_station": "Bibir Bazar", "st_name": "SW109 (Bibir Bazar)", "river_name": "Gumti-Burinadi", "district": "Cumilla", "upazila": "Cumilla Sadar", "region": "South-East", "tidal_stat": "Non-Tidal (Flashy)", "latitude": 23.46927904, "longitude": 91.23609764000001, "btm_x": 626524.34, "btm_y": 595717.93, "sob_effect": "2021-04-01 00:00:00", "sob_conver": "-0.83200000", "pwd_cd": "-", "msl": "-", "f5__exceed": "10.28200000", "f95__excee": "5.20600000", "m2__m_": "0.00000000", "s2__m_": "0.00000000", "msf__m_": "0.00000000", "tidal_addi": "0.00000000", "spring_tid": "0.00000000", "neap_tidal": "0.00000000", "tidal_redu": "0.00000000", "shwl__mmsl": "10.28200000", "slwl__mmsl": "5.20600000", "comment": "-", "updated_at": "2023-12-19 11:16:12.6216", "updated_by": "osk", "observed_y": 27, "class_of_r": "III", "flow_statu": "Perennial", "islwl": "-", "exceedance": 2, "exceedan_1": 10.28, "exceedan_2": 95, "exceedan_3": 5.21, "spring_red": 0, "neap_reduc": 0, "final_redu": 0, "shwl__mm_1": "-", "slwl__mm_1": "-", "used_for_s": 1, "used_fo_01": 1}}, {"type": "Feature", "id": 6, "geometry": {"type": "Point", "coordinates": [90.99020800739527, 24.046560004353523]}, "properties": {"gid": 6, "objectid": 176, "organizati": "BWDB", "station_id": "SW273", "wl_station": "Bhairab Bazar", "st_name": "SW273 (Bhairab Bazar)", "river_name": "Surma-Meghna", "district": "Kishoreganj", "upazila": "Bhairab", "region": "North-East", "tidal_stat": "Tidal", "latitude": 24.046560000000003, "longitude": 90.990208, "btm_x": 600965.02, "btm_y": 659440.59, "sob_effect": "2020-01-01", "sob_conver": "-1.08900000", "pwd_cd": null, "msl": null, "f5__exceed": "5.31100000", "f95__excee": "0.33100000", "m2__m_": "0.05400000", "s2__m_": "8.60600000", "msf__m_": "0.11400000", "tidal_addi": "9.64000000", "spring_tid": "-9.41100000", "neap_tidal": "9.29200000", "tidal_redu": "-9.41100000", "shwl__mmsl": "14.95100000", "slwl__mmsl": "-9.08100000", "comment": "MIKE/GeoTide Software provides very high value of tidal constituents. So, SHWL & SLWL values are not correct and will not be usable", "updated_at": "2023-12-19 11:16:12.6216", "updated_by": "osk", "observed_y": 27, "class_of_r": "I", "flow_statu": "Perennial", "islwl": "-", "exceedance": 2, "exceedan_1": 5.31, "exceedan_2": 95, "exceedan_3": 0.33, "spring_red": -9.41, "neap_reduc": 9.29, "final_redu": -9.41, "shwl__mm_1": "5.733", "slwl__mm_1": "0.187", "used_for_s": 0, "used_fo_01": 0}}, {"type": "Feature", "id": 7, "geometry": {"type": "Point", "coordinates": [89.59245300292969, 24.42383300513029]}, "properties": {"gid": 7, "objectid": 12, "organizati": "BWDB", "station_id": "SW11.5", "wl_station": "Nalkasengati", "st_name": "SW11.5 (Nalkasengati)", "river_name": "Bangali", "district": "Sirajganj", "upazila": "Raiganj", "region": "North-West", "tidal_stat": "Non-Tidal (Non Flashy)", "latitude": 24.423833, "longitude": 89.59245299999999, "btm_x": 458968.56, "btm_y": 700917.14, "sob_effect": "2022-11-01 00:00:00", "sob_conver": "-0.36000000", "pwd_cd": "-", "msl": "-", "f5__exceed": "11.80200000", "f95__excee": "6.01800000", "m2__m_": "0.00000000", "s2__m_": "0.00000000", "msf__m_": "0.00000000", "tidal_addi": "0.00000000", "spring_tid": "0.00000000", "neap_tidal": "0.00000000", "tidal_redu": "0.00000000", "shwl__mmsl": "11.80200000", "slwl__mmsl": "6.01800000", "comment": "-", "updated_at": "2023-12-19 11:16:12.6216", "updated_by": "osk", "observed_y": 24, "class_of_r": "III", "flow_statu": "Perennial", "islwl": "-", "exceedance": 2, "exceedan_1": 11.8, "exceedan_2": 95, "exceedan_3": 6.02, "spring_red": 0, "neap_reduc": 0, "final_redu": 0, "shwl__mm_1": "-", "slwl__mm_1": "-", "used_for_s": 1, "used_fo_01": 1}}, {"type": "Feature", "id": 8, "geometry": {"type": "Point", "coordinates": [91.20467050373554, 23.470645502209663]}, "properties": {"gid": 8, "objectid": 13, "organizati": "BWDB", "station_id": "SW110", "wl_station": "Cumilla", "st_name": "SW110 (Cumilla)", "river_name": "Gumti-Burinadi", "district": "Cumilla", "upazila": "Cumilla Sadar", "region": "South-East", "tidal_stat": "Non-Tidal (Flashy)", "latitude": 23.47064547, "longitude": 91.2046705, "btm_x": 623313.14, "btm_y": 595841.99, "sob_effect": "2023-01-01 00:00:00", "sob_conver": "-1.01200000", "pwd_cd": "-", "msl": "-", "f5__exceed": "9.35900000", "f95__excee": "3.74900000", "m2__m_": "0.00000000", "s2__m_": "0.00000000", "msf__m_": "0.00000000", "tidal_addi": "0.00000000", "spring_tid": "0.00000000", "neap_tidal": "0.00000000", "tidal_redu": "0.00000000", "shwl__mmsl": "9.35900000", "slwl__mmsl": "3.74900000", "comment": "-", "updated_at": "2023-12-19 11:16:12.6216", "updated_by": "osk", "observed_y": 27, "class_of_r": "III", "flow_statu": "Perennial", "islwl": "-", "exceedance": 2, "exceedan_1": 9.36, "exceedan_2": 95, "exceedan_3": 3.75, "spring_red": 0, "neap_reduc": 0, "final_redu": 0, "shwl__mm_1": "-", "slwl__mm_1": "-", "used_for_s": 1, "used_fo_01": 1}}, {"type": "Feature", "id": 9, "geometry": {"type": "Point", "coordinates": [91.06414020061493, 23.55532170087099]}, "properties": {"gid": 9, "objectid": 14, "organizati": "BWDB", "station_id": "SW113", "wl_station": "Kangsanagar", "st_name": "SW113 (Kangsanagar)", "river_name": "Gumti-Burinadi", "district": "Cumilla", "upazila": "Burichang", "region": "South-East", "tidal_stat": "Non-Tidal (Flashy)", "latitude": 23.55532169, "longitude": 91.06414018, "btm_x": 608890.5, "btm_y": 605104.07, "sob_effect": "2021-03-01 00:00:00", "sob_conver": "-1.29000000", "pwd_cd": "-", "msl": "-", "f5__exceed": "7.08700000", "f95__excee": "1.77100000", "m2__m_": "0.00000000", "s2__m_": "0.00000000", "msf__m_": "0.00000000", "tidal_addi": "0.00000000", "spring_tid": "0.00000000", "neap_tidal": "0.00000000", "tidal_redu": "0.00000000", "shwl__mmsl": "7.08700000", "slwl__mmsl": "1.77100000", "comment": "-", "updated_at": "2023-12-19 11:16:12.6216", "updated_by": "osk", "observed_y": 27, "class_of_r": "III", "flow_statu": "Perennial", "islwl": "-", "exceedance": 2, "exceedan_1": 7.09, "exceedan_2": 95, "exceedan_3": 1.77, "spring_red": 0, "neap_reduc": 0, "final_redu": 0, "shwl__mm_1": "-", "slwl__mm_1": "-", "used_for_s": 1, "used_fo_01": 1}}, {"type": "Feature", "id": 10, "geometry": {"type": "Point", "coordinates": [90.9933463037014, 23.606592305004597]}, "properties": {"gid": 10, "objectid": 15, "organizati": "BWDB", "station_id": "SW114", "wl_station": "Jibanpur_Gumti", "st_name": "SW114 (Jibanpur_Gumti)", "river_name": "Gumti-Burinadi", "district": "Cumilla", "upazila": "Debidwar", "region": "South-East", "tidal_stat": "Non-Tidal (Non Flashy)", "latitude": 23.606592290000002, "longitude": 90.99334633000001, "btm_x": 601625.34, "btm_y": 610728.82, "sob_effect": "2021-03-01 00:00:00", "sob_conver": "-0.62000000", "pwd_cd": "-", "msl": "-", "f5__exceed": "6.53100000", "f95__excee": "1.13700000", "m2__m_": "0.00000000", "s2__m_": "0.00000000", "msf__m_": "0.00000000", "tidal_addi": "0.00000000", "spring_tid": "0.00000000", "neap_tidal": "0.00000000", "tidal_redu": "0.00000000", "shwl__mmsl": "6.53100000", "slwl__mmsl": "1.13700000", "comment": "-", "updated_at": "2023-12-19 11:16:12.6216", "updated_by": "osk", "observed_y": 27, "class_of_r": "III", "flow_statu": "Perennial", "islwl": "-", "exceedance": 2, "exceedan_1": 6.53, "exceedan_2": 95, "exceedan_3": 1.1400000000000001, "spring_red": 0, "neap_reduc": 0, "final_redu": 0, "shwl__mm_1": "-", "slwl__mm_1": "-", "used_for_s": 1, "used_fo_01": 1}}, {"type": "Feature", "id": 11, "geometry": {"type": "Point", "coordinates": [90.71498520672321, 23.54101310670376]}, "properties": {"gid": 11, "objectid": 16, "organizati": "BWDB", "station_id": "SW115", "wl_station": "Daudkandi", "st_name": "SW115 (Daudkandi)", "river_name": "Gumti-Burinadi", "district": "Cumilla", "upazila": "Daudkandi", "region": "South-East", "tidal_stat": "Tidal", "latitude": 23.54101308, "longitude": 90.71498517, "btm_x": 573261.81, "btm_y": 603298.81, "sob_effect": "2021-12-19 00:00:00", "sob_conver": "-1.00500000", "pwd_cd": "-", "msl": "-", "f5__exceed": "4.98900000", "f95__excee": "0.48500000", "m2__m_": "0.01100000", "s2__m_": "2.28100000", "msf__m_": "0.03900000", "tidal_addi": "2.56000000", "spring_tid": "-2.48300000", "neap_tidal": "2.45900000", "tidal_redu": "-2.48300000", "shwl__mmsl": "7.54900000", "slwl__mmsl": "-1.99700000", "comment": "MIKE/GeoTide Software provides very high value of tidal constituents. So, SHWL & SLWL values are not correct and will not be usable.", "updated_at": "2023-12-19 11:16:12.6216", "updated_by": "osk", "observed_y": 27, "class_of_r": "III", "flow_statu": "Perennial", "islwl": "-", "exceedance": 2, "exceedan_1": 4.99, "exceedan_2": 95, "exceedan_3": 0.49000000000000005, "spring_red": -2.48, "neap_reduc": 2.46, "final_redu": -2.48, "shwl__mm_1": "5.019", "slwl__mm_1": "0.117", "used_for_s": 0, "used_fo_01": 0}}, {"type": "Feature", "id": 12, "geometry": {"type": "Point", "coordinates": [91.72173240035772, 22.811513900756836]}, "properties": {"gid": 12, "objectid": 17, "organizati": "BWDB", "station_id": "SW117", "wl_station": "Narayanhat", "st_name": "SW117 (Narayanhat)", "river_name": "Halda", "district": "Chattogram", "upazila": "Fatikchhari", "region": "Eastern Hilly", "tidal_stat": "Non-Tidal (Flashy)", "latitude": 22.81151391, "longitude": 91.72173239, "btm_x": 676990.66, "btm_y": 523389.99, "sob_effect": "2021-02-01 00:00:00", "sob_conver": "-1.18000000", "pwd_cd": "-", "msl": "-", "f5__exceed": "13.51100000", "f95__excee": "9.08900000", "m2__m_": "0.00000000", "s2__m_": "0.00000000", "msf__m_": "0.00000000", "tidal_addi": "0.00000000", "spring_tid": "0.00000000", "neap_tidal": "0.00000000", "tidal_redu": "0.00000000", "shwl__mmsl": "13.51100000", "slwl__mmsl": "9.08900000", "comment": "-", "updated_at": "2023-12-19 11:16:12.6216", "updated_by": "osk", "observed_y": 27, "class_of_r": "Unclassified", "flow_statu": "Perennial", "islwl": "-", "exceedance": 2, "exceedan_1": 13.51, "exceedan_2": 95, "exceedan_3": 9.09, "spring_red": 0, "neap_reduc": 0, "final_redu": 0, "shwl__mm_1": "-", "slwl__mm_1": "-", "used_for_s": 1, "used_fo_01": 1}}, {"type": "Feature", "id": 13, "geometry": {"type": "Point", "coordinates": [89.52235800027847, 25.048802003264427]}, "properties": {"gid": 13, "objectid": 2, "organizati": "BWDB", "station_id": "SW10", "wl_station": "Simulbari", "st_name": "SW10 (Simulbari)", "river_name": "Bangali", "district": "Bogura", "upazila": "Sonatola", "region": "North-West", "tidal_stat": "Non-Tidal (Non Flashy)", "latitude": 25.048802, "longitude": 89.522358, "btm_x": 452103.97, "btm_y": 770140.34, "sob_effect": "2022-11-01", "sob_conver": "-0.85000000", "pwd_cd": null, "msl": null, "f5__exceed": "17.09200000", "f95__excee": "12.04800000", "m2__m_": "0.00000000", "s2__m_": "0.00000000", "msf__m_": "0.00000000", "tidal_addi": "0.00000000", "spring_tid": "0.00000000", "neap_tidal": "0.00000000", "tidal_redu": "0.00000000", "shwl__mmsl": "17.09200000", "slwl__mmsl": "12.04800000", "comment": "-", "updated_at": "2023-12-19 11:16:12.6216", "updated_by": "osk", "observed_y": 27, "class_of_r": "III", "flow_statu": "Perennial", "islwl": "-", "exceedance": 2, "exceedan_1": 17.09, "exceedan_2": 95, "exceedan_3": 12.05, "spring_red": 0, "neap_reduc": 0, "final_redu": 0, "shwl__mm_1": "-", "slwl__mm_1": "-", "used_for_s": 1, "used_fo_01": 1}}, {"type": "Feature", "id": 14, "geometry": {"type": "Point", "coordinates": [89.51708310097456, 23.539274506270885]}, "properties": {"gid": 14, "objectid": 3, "organizati": "BWDB", "station_id": "SW101", "wl_station": "Kamarkhali Transit", "st_name": "SW101 (Kamarkhali Transit)", "river_name": "Gorai-Madhumati-Haringhata-Baleswar", "district": "Faridpur", "upazila": "Madhukhali", "region": "South-West", "tidal_stat": "Non-Tidal (Non Flashy)", "latitude": 23.53927454, "longitude": 89.51708314, "btm_x": 450992.34, "btm_y": 603007.43, "sob_effect": "2023-01-01", "sob_conver": "-0.76000000", "pwd_cd": null, "msl": null, "f5__exceed": "7.50600000", "f95__excee": "0.32500000", "m2__m_": "0.00000000", "s2__m_": "0.00000000", "msf__m_": "0.00000000", "tidal_addi": "0.00000000", "spring_tid": "0.00000000", "neap_tidal": "0.00000000", "tidal_redu": "0.00000000", "shwl__mmsl": "7.50600000", "slwl__mmsl": "0.32500000", "comment": "-", "updated_at": "2023-12-19 11:16:12.6216", "updated_by": "osk", "observed_y": 25, "class_of_r": "III", "flow_statu": "Perennial", "islwl": "-", "exceedance": 2, "exceedan_1": 7.51, "exceedan_2": 95, "exceedan_3": 0.33, "spring_red": 0, "neap_reduc": 0, "final_redu": 0, "shwl__mm_1": "-", "slwl__mm_1": "-", "used_for_s": 1, "used_fo_01": 1}}, {"type": "Feature", "id": 15, "geometry": {"type": "Point", "coordinates": [91.7821134030819, 22.66706020385027]}, "properties": {"gid": 15, "objectid": 18, "organizati": "BWDB", "station_id": "SW119.1", "wl_station": "Panchpukuria", "st_name": "SW119.1 (Panchpukuria)", "river_name": "Halda", "district": "Chattogram", "upazila": "Fatikchhari", "region": "Eastern Hilly", "tidal_stat": "Non-Tidal (Flashy)", "latitude": 22.66706019, "longitude": 91.78211338, "btm_x": 683381.52, "btm_y": 507467.7, "sob_effect": "2021-02-02 00:00:00", "sob_conver": "-1.07900000", "pwd_cd": "-", "msl": "-", "f5__exceed": "6.67500000", "f95__excee": "1.19500000", "m2__m_": "0.00000000", "s2__m_": "0.00000000", "msf__m_": "0.00000000", "tidal_addi": "0.00000000", "spring_tid": "0.00000000", "neap_tidal": "0.00000000", "tidal_redu": "0.00000000", "shwl__mmsl": "6.67500000", "slwl__mmsl": "1.19500000", "comment": "-", "updated_at": "2023-12-19 11:16:12.6216", "updated_by": "osk", "observed_y": 27, "class_of_r": "Unclassified", "flow_statu": "Perennial", "islwl": "-", "exceedance": 2, "exceedan_1": 6.68, "exceedan_2": 95, "exceedan_3": 1.2, "spring_red": 0, "neap_reduc": 0, "final_redu": 0, "shwl__mm_1": "-", "slwl__mm_1": "-", "used_for_s": 1, "used_fo_01": 1}}, {"type": "Feature", "id": 16, "geometry": {"type": "Point", "coordinates": [91.54653700441122, 24.29304100573063]}, "properties": {"gid": 16, "objectid": 41, "organizati": "BWDB", "station_id": "SW138", "wl_station": "Sofiabad", "st_name": "SW138 (Sofiabad)", "river_name": "Korangi", "district": "Habiganj", "upazila": "Bahubal", "region": "North-East", "tidal_stat": "Non-Tidal (Flashy)", "latitude": 24.293041, "longitude": 91.546537, "btm_x": 657236.74, "btm_y": 687246.9, "sob_effect": "2022-01-01", "sob_conver": "-1.348", "pwd_cd": null, "msl": null, "f5__exceed": "9.63", "f95__excee": "5.81", "m2__m_": "0.00000000", "s2__m_": "0.00000000", "msf__m_": "0.00000000", "tidal_addi": "0.00000000", "spring_tid": "0.00000000", "neap_tidal": "0.00000000", "tidal_redu": "0.00000000", "shwl__mmsl": "9.63", "slwl__mmsl": "5.81", "comment": "-", "updated_at": "2024-02-05 12:38:54.783501", "updated_by": "Arif", "observed_y": 24, "class_of_r": "Unclassified", "flow_statu": "Perennial", "islwl": "-", "exceedance": 2, "exceedan_1": 9.84, "exceedan_2": 95, "exceedan_3": 6.1, "spring_red": 0, "neap_reduc": 0, "final_redu": 0, "shwl__mm_1": "-", "slwl__mm_1": "-", "used_for_s": 1, "used_fo_01": 1}}, {"type": "Feature", "id": 17, "geometry": {"type": "Point", "coordinates": [89.87467300146818, 24.290457002818584]}, "properties": {"gid": 17, "objectid": 92, "organizati": "BWDB", "station_id": "SW186", "wl_station": "Jugini", "st_name": "SW186 (Jugini)", "river_name": "Lohajang", "district": "Tangail", "upazila": "Tangail Sadar", "region": "North-Central", "tidal_stat": "Non-Tidal (Non Flashy)", "latitude": 24.290457, "longitude": 89.874673, "btm_x": 487565.34, "btm_y": 686094.95, "sob_effect": "2022-05-22 00:00:00", "sob_conver": "-1.03000000", "pwd_cd": "-", "msl": "-", "f5__exceed": "11.21", "f95__excee": "6.63", "m2__m_": "0.00000000", "s2__m_": "0.00000000", "msf__m_": "0.00000000", "tidal_addi": "0.00000000", "spring_tid": "0.00000000", "neap_tidal": "0.00000000", "tidal_redu": "0.00000000", "shwl__mmsl": "11.21", "slwl__mmsl": "6.63", "comment": "The u/s of the river is closed. Besides, continuous data gaps, frequent data shifting, abnormal pattern of data etc make the station imperfect to use in contour map generation.", "updated_at": "2024-02-05 13:06:27.669572", "updated_by": "Arif", "observed_y": 23, "class_of_r": "V", "flow_statu": "Seasonal", "islwl": "-", "exceedance": 2, "exceedan_1": 11.44, "exceedan_2": 95, "exceedan_3": 6.63, "spring_red": 0, "neap_reduc": 0, "final_redu": 0, "shwl__mm_1": "-", "slwl__mm_1": "-", "used_for_s": 0, "used_fo_01": 0}}, {"type": "Feature", "id": 18, "geometry": {"type": "Point", "coordinates": [90.86333100497723, 24.813143007457256]}, "properties": {"gid": 18, "objectid": 214, "organizati": "BWDB", "station_id": "SW311", "wl_station": "Atpara", "st_name": "SW311 (Atpara)", "river_name": "Mogra", "district": "Netrokona", "upazila": "Atpara", "region": "North-East", "tidal_stat": "Non-Tidal (Non Flashy)", "latitude": 24.813143, "longitude": 90.863331, "btm_x": 587534.85, "btm_y": 744237.45, "sob_effect": "2022-01-01", "sob_conver": "-0.12800000", "pwd_cd": null, "msl": null, "f5__exceed": "8.88", "f95__excee": "1.88", "m2__m_": "0.00000000", "s2__m_": "0.00000000", "msf__m_": "0.00000000", "tidal_addi": "0.00000000", "spring_tid": "0.00000000", "neap_tidal": "0.00000000", "tidal_redu": "0.00000000", "shwl__mmsl": "8.88", "slwl__mmsl": "1.88", "comment": "There seems several shifting of data during 2002-03, 2006-07 and 2013-16. That's why, the determined SHWL & SLWL for this station is differed from surrounding values.", "updated_at": "2024-02-05 14:35:16.263338", "updated_by": "Arif", "observed_y": 24, "class_of_r": "V", "flow_statu": "Seasonal", "islwl": "-", "exceedance": 2, "exceedan_1": 9.13, "exceedan_2": 95, "exceedan_3": 2.13, "spring_red": 0, "neap_reduc": 0, "final_redu": 0, "shwl__mm_1": "-", "slwl__mm_1": "-", "used_for_s": 0, "used_fo_01": 0}}, {"type": "Feature", "id": 19, "geometry": {"type": "Point", "coordinates": [89.69538370519876, 23.214804500341415]}, "properties": {"gid": 19, "objectid": 5, "organizati": "BWDB", "station_id": "SW102", "wl_station": "Bhatiapara", "st_name": "SW102 (Bhatiapara)", "river_name": "Gorai-Madhumati-Haringhata-Baleswar", "district": "Gopalganj", "upazila": "Kashiani", "region": "South-West", "tidal_stat": "Tidal", "latitude": 23.21480448, "longitude": 89.69538372000001, "btm_x": 469115.84, "btm_y": 567036.97, "sob_effect": "2023-01-01 00:00:00", "sob_conver": "-0.59000000", "pwd_cd": "-", "msl": "-", "f5__exceed": "4.19100000", "f95__excee": "0.29900000", "m2__m_": "0.17100000", "s2__m_": "0.06500000", "msf__m_": "0.11200000", "tidal_addi": "0.37200000", "spring_tid": "-0.14800000", "neap_tidal": "-0.22900000", "tidal_redu": "-0.22900000", "shwl__mmsl": "4.56300000", "slwl__mmsl": "0.07000000", "comment": "-", "updated_at": "2023-12-19 11:16:12.6216", "updated_by": "osk", "observed_y": 27, "class_of_r": "III", "flow_statu": "Perennial", "islwl": "-", "exceedance": 2, "exceedan_1": 4.19, "exceedan_2": 95, "exceedan_3": 0.3, "spring_red": -0.15, "neap_reduc": -0.23, "final_redu": -0.23, "shwl__mm_1": "-", "slwl__mm_1": "-", "used_for_s": 1, "used_fo_01": 1}}, {"type": "Feature", "id": 20, "geometry": {"type": "Point", "coordinates": [89.27334800362587, 25.678891003131866]}, "properties": {"gid": 20, "objectid": 339, "organizati": "BWDB", "station_id": "SW96", "wl_station": "Islampur", "st_name": "SW96 (Islampur)", "river_name": "Ghagot", "district": "Rangpur", "upazila": "Mithapukur", "region": "North-West", "tidal_stat": "Non-Tidal (Flashy)", "latitude": 25.678891, "longitude": 89.27334800000001, "btm_x": 427364.75, "btm_y": 840027.43, "sob_effect": "2022-11-01", "sob_conver": "-0.41000000", "pwd_cd": null, "msl": null, "f5__exceed": "28.61", "f95__excee": "24.43", "m2__m_": "0.00000000", "s2__m_": "0.00000000", "msf__m_": "0.00000000", "tidal_addi": "0.00000000", "spring_tid": "0.00000000", "neap_tidal": "0.00000000", "tidal_redu": "0.00000000", "shwl__mmsl": "28.61", "slwl__mmsl": "24.43", "comment": "-", "updated_at": "2024-02-05 16:40:33.257562", "updated_by": "Arif", "observed_y": 27, "class_of_r": "IV", "flow_statu": "Seasonal", "islwl": "-", "exceedance": 2, "exceedan_1": 29.01, "exceedan_2": 95, "exceedan_3": 24.83, "spring_red": 0, "neap_reduc": 0, "final_redu": 0, "shwl__mm_1": "-", "slwl__mm_1": "-", "used_for_s": 1, "used_fo_01": 1}}, {"type": "Feature", "id": 21, "geometry": {"type": "Point", "coordinates": [88.43536400049925, 25.7097550034523]}, "properties": {"gid": 21, "objectid": 192, "organizati": "BWDB", "station_id": "SW287", "wl_station": "Kodalkatigaon", "st_name": "SW287 (Kodalkatigaon)", "river_name": "Tangon", "district": "Dinajpur", "upazila": "Bochaganj", "region": "North-West", "tidal_stat": "Non-Tidal (Non Flashy)", "latitude": 25.709755, "longitude": 88.43536399999999, "btm_x": 343304.69, "btm_y": 844174.85, "sob_effect": "2022-11-01", "sob_conver": "-0.47500000", "pwd_cd": null, "msl": null, "f5__exceed": "33.41", "f95__excee": "30.29", "m2__m_": "0.00000000", "s2__m_": "0.00000000", "msf__m_": "0.00000000", "tidal_addi": "0.00000000", "spring_tid": "0.00000000", "neap_tidal": "0.00000000", "tidal_redu": "0.00000000", "shwl__mmsl": "33.41", "slwl__mmsl": "30.29", "comment": "-", "updated_at": "2024-02-05 14:14:29.224559", "updated_by": "Arif", "observed_y": 27, "class_of_r": "V", "flow_statu": "Perennial", "islwl": "-", "exceedance": 2, "exceedan_1": 33.44, "exceedan_2": 95, "exceedan_3": 30.32, "spring_red": 0, "neap_reduc": 0, "final_redu": 0, "shwl__mm_1": "-", "slwl__mm_1": "-", "used_for_s": 1, "used_fo_01": 1}}, {"type": "Feature", "id": 22, "geometry": {"type": "Point", "coordinates": [91.38484600186348, 25.157320000231266]}, "properties": {"gid": 22, "objectid": 234, "organizati": "BWDB", "station_id": "SW333A", "wl_station": "Dulura", "st_name": "SW333A (Dulura)", "river_name": "Jhalukhali", "district": "Sunamganj", "upazila": "Bishwamvarpur", "region": "North-East", "tidal_stat": "Non-Tidal (Non Flashy)", "latitude": 25.15732, "longitude": 91.384846, "btm_x": 639857.2, "btm_y": 782788.56, "sob_effect": "2018-03-01 00:00:00", "sob_conver": "-0.84900000", "pwd_cd": "-", "msl": "-", "f5__exceed": "10.51", "f95__excee": "3.19", "m2__m_": "0.00000000", "s2__m_": "0.00000000", "msf__m_": "0.00000000", "tidal_addi": "0.00000000", "spring_tid": "0.00000000", "neap_tidal": "0.00000000", "tidal_redu": "0.00000000", "shwl__mmsl": "10.51", "slwl__mmsl": "3.19", "comment": "Limited data and the data is in worst quality to determine SHWL & SLWL. So, determined SHWL ands SLWL for this station will be unusable.", "updated_at": "2024-02-05 14:45:34.978463", "updated_by": "Arif", "observed_y": 16, "class_of_r": "IV", "flow_statu": "Perennial", "islwl": "-", "exceedance": 2, "exceedan_1": 11.35, "exceedan_2": 95, "exceedan_3": 3.19, "spring_red": 0, "neap_reduc": 0, "final_redu": 0, "shwl__mm_1": "-", "slwl__mm_1": "-", "used_for_s": 0, "used_fo_01": 0}}, {"type": "Feature", "id": 23, "geometry": {"type": "Point", "coordinates": [89.02411000430584, 26.341839000582695]}, "properties": {"gid": 23, "objectid": 310, "organizati": "BWDB", "station_id": "SW75", "wl_station": "Patgram", "st_name": "SW75 (Patgram)", "river_name": "Dharla", "district": "Lalmonirhat", "upazila": "Patgram", "region": "North-West", "tidal_stat": "Non-Tidal (Flashy)", "latitude": 26.341839, "longitude": 89.02411000000001, "btm_x": 402901.09, "btm_y": 913611.91, "sob_effect": "2022-11-01", "sob_conver": "-0.41000000", "pwd_cd": null, "msl": null, "f5__exceed": "58.96", "f95__excee": "56.40", "m2__m_": "0.00000000", "s2__m_": "0.00000000", "msf__m_": "0.00000000", "tidal_addi": "0.00000000", "spring_tid": "0.00000000", "neap_tidal": "0.00000000", "tidal_redu": "0.00000000", "shwl__mmsl": "58.96", "slwl__mmsl": "56.40", "comment": "-", "updated_at": "2024-02-05 16:00:17.39258", "updated_by": "Arif", "observed_y": 26, "class_of_r": "Unclassified", "flow_statu": "Perennial", "islwl": "-", "exceedance": 2, "exceedan_1": 59.12, "exceedan_2": 95, "exceedan_3": 56.56, "spring_red": 0, "neap_reduc": 0, "final_redu": 0, "shwl__mm_1": "-", "slwl__mm_1": "-", "used_for_s": 1, "used_fo_01": 1}}, {"type": "Feature", "id": 24, "geometry": {"type": "Point", "coordinates": [89.52464090287685, 23.528870806097984]}, "properties": {"gid": 24, "objectid": 4, "organizati": "BWDB", "station_id": "SW101.5", "wl_station": "Kamarkhali_Gondhakhali", "st_name": "SW101.5 (Kamarkhali_Gondhakhali)", "river_name": "Gorai-Madhumati-Haringhata-Baleswar", "district": "Faridpur", "upazila": "Madhukhali", "region": "South-West", "tidal_stat": "Non-Tidal (Non Flashy)", "latitude": 23.52887084, "longitude": 89.52464089, "btm_x": 451759.96, "btm_y": 601853.07, "sob_effect": "2023-01-01", "sob_conver": "-0.90000000", "pwd_cd": null, "msl": null, "f5__exceed": "7.25", "f95__excee": "0.19", "m2__m_": "0", "s2__m_": "0.00000000", "msf__m_": "0.00000000", "tidal_addi": "0", "spring_tid": "0.00000000", "neap_tidal": "0.00000000", "tidal_redu": "0", "shwl__mmsl": "7.25", "slwl__mmsl": "0.19", "comment": "-", "updated_at": "2024-02-06 17:13:49.169927", "updated_by": "Arif", "observed_y": 27, "class_of_r": "III", "flow_statu": "Perennial", "islwl": "-", "exceedance": 2, "exceedan_1": 7.25, "exceedan_2": 95, "exceedan_3": 0.19, "spring_red": 0, "neap_reduc": 0, "final_redu": 0, "shwl__mm_1": "-", "slwl__mm_1": "-", "used_for_s": 1, "used_fo_01": 1}}, {"type": "Feature", "id": 25, "geometry": {"type": "Point", "coordinates": [88.49922700226307, 25.62024200707674]}, "properties": {"gid": 25, "objectid": 243, "organizati": "BWDB", "station_id": "SW340", "wl_station": "Kazipara", "st_name": "SW340 (Kazipara)", "river_name": "Tentulia (Dinajpur)", "district": "Dinajpur", "upazila": "Biral", "region": "North-West", "tidal_stat": "Non-Tidal (Non Flashy)", "latitude": 25.620242, "longitude": 88.499227, "btm_x": 349600.46, "btm_y": 834185.86, "sob_effect": "2022-11-01", "sob_conver": "0.189", "pwd_cd": null, "msl": null, "f5__exceed": "31.03", "f95__excee": "27.83", "m2__m_": "0.00000000", "s2__m_": "0.00000000", "msf__m_": "0.00000000", "tidal_addi": "0.00000000", "spring_tid": "0.00000000", "neap_tidal": "0.00000000", "tidal_redu": "0.00000000", "shwl__mmsl": "31.03", "slwl__mmsl": "27.83", "comment": "-", "updated_at": "2024-02-05 14:48:48.608411", "updated_by": "Arif", "observed_y": 27, "class_of_r": "V", "flow_statu": "Seasonal", "islwl": "-", "exceedance": 2, "exceedan_1": 32.03, "exceedan_2": 95, "exceedan_3": 28.83, "spring_red": 0, "neap_reduc": 0, "final_redu": 0, "shwl__mm_1": "-", "slwl__mm_1": "-", "used_for_s": 1, "used_fo_01": 1}}, {"type": "Feature", "id": 26, "geometry": {"type": "Point", "coordinates": [91.5441370010376, 22.506007000803947]}, "properties": {"gid": 26, "objectid": 390, "organizati": "BIWTA", "station_id": "Sandwip 1410", "wl_station": "Sandwip 1410", "st_name": "Sandwip 1410", "river_name": "Sandwip Channel", "district": "Chattogram", "upazila": "Sandwip", "region": "South-East", "tidal_stat": "Tidal", "latitude": 22.506007, "longitude": 91.544137, "btm_x": 659111.45, "btm_y": 489362.01, "sob_effect": null, "sob_conver": "0.00000000", "pwd_cd": null, "msl": "5.5", "f5__exceed": "1.19", "f95__excee": "-0.90", "m2__m_": "1.99400000", "s2__m_": "0.58700000", "msf__m_": "0.08700000", "tidal_addi": "2.927", "spring_tid": "-2.75200000", "neap_tidal": "-1.63500000", "tidal_redu": "-2.752", "shwl__mmsl": "4.117", "slwl__mmsl": "-3.652", "comment": "Removing data from Oct'2016 to 2019, with the remaings are used for the computation of T.C. & full timeseries is used for DML computation", "updated_at": "2024-02-07 13:41:41.415696", "updated_by": "Arif", "observed_y": 25, "class_of_r": "S", "flow_statu": "Perennial", "islwl": "-", "exceedance": 2, "exceedan_1": 0.76, "exceedan_2": 95, "exceedan_3": -0.9, "spring_red": -2.75, "neap_reduc": -1.6400000000000001, "final_redu": -2.75, "shwl__mm_1": "-", "slwl__mm_1": "-", "used_for_s": 1, "used_fo_01": 1}}, {"type": "Feature", "id": 27, "geometry": {"type": "Point", "coordinates": [89.78206230700016, 22.96710330247879]}, "properties": {"gid": 27, "objectid": 6, "organizati": "BWDB", "station_id": "SW105", "wl_station": "Off take at Atharobanka", "st_name": "SW105 (Off take at Atharobanka)", "river_name": "Gorai-Madhumati-Haringhata-Baleswar", "district": "Bagerhat", "upazila": "Mollahat", "region": "South-West", "tidal_stat": "Tidal", "latitude": 22.96710328, "longitude": 89.78206234, "btm_x": 477943.77, "btm_y": 539600.35, "sob_effect": "2023-01-01 00:00:00", "sob_conver": "-1.09500000", "pwd_cd": "-", "msl": "-", "f5__exceed": "2.03900000", "f95__excee": "-0.24000000", "m2__m_": "0.16700000", "s2__m_": "0.05300000", "msf__m_": "0.11600000", "tidal_addi": "0.35700000", "spring_tid": "-0.12600000", "neap_tidal": "-0.24100000", "tidal_redu": "-0.24100000", "shwl__mmsl": "2.39600000", "slwl__mmsl": "-0.48100000", "comment": "SLWL omitted during contour map creation", "updated_at": "2023-12-19 11:16:12.6216", "updated_by": "osk", "observed_y": 20, "class_of_r": "II", "flow_statu": "Perennial", "islwl": "-", "exceedance": 2, "exceedan_1": 2.04, "exceedan_2": 95, "exceedan_3": -0.24000000000000002, "spring_red": -0.13, "neap_reduc": -0.24000000000000002, "final_redu": -0.24000000000000002, "shwl__mm_1": "-", "slwl__mm_1": "-", "used_for_s": 1, "used_fo_01": 0}}, {"type": "Feature", "id": 28, "geometry": {"type": "Point", "coordinates": [91.22600200027227, 24.552759006619453]}, "properties": {"gid": 28, "objectid": 173, "organizati": "BWDB", "station_id": "SW271", "wl_station": "Azmiriganj", "st_name": "SW271 (Azmiriganj)", "river_name": "Surma-Meghna", "district": "Habiganj", "upazila": "Ajmiriganj", "region": "North-East", "tidal_stat": "Non-Tidal (Non Flashy)", "latitude": 24.552759000000002, "longitude": 91.226002, "btm_x": 624448.44, "btm_y": 715683.13, "sob_effect": "2018-06-01", "sob_conver": "-1.2", "pwd_cd": null, "msl": null, "f5__exceed": "6.31800000", "f95__excee": "1.43600000", "m2__m_": "0.00000000", "s2__m_": "0.00000000", "msf__m_": "0.00000000", "tidal_addi": "0.00000000", "spring_tid": "0.00000000", "neap_tidal": "0.00000000", "tidal_redu": "0.00000000", "shwl__mmsl": "6.31800000", "slwl__mmsl": "1.43600000", "comment": "-", "updated_at": "2023-12-19 11:16:12.6216", "updated_by": "osk", "observed_y": 24, "class_of_r": "II", "flow_statu": "Perennial", "islwl": "-", "exceedance": 2, "exceedan_1": 6.32, "exceedan_2": 95, "exceedan_3": 1.44, "spring_red": 0, "neap_reduc": 0, "final_redu": 0, "shwl__mm_1": "-", "slwl__mm_1": "-", "used_for_s": 1, "used_fo_01": 1}}, {"type": "Feature", "id": 29, "geometry": {"type": "Point", "coordinates": [89.96437530219555, 22.01334200054407]}, "properties": {"gid": 29, "objectid": 259, "organizati": "BWDB", "station_id": "SW39", "wl_station": "Patharghata", "st_name": "SW39 (Patharghata)", "river_name": "Bishkhali", "district": "Barguna", "upazila": "Patharghata", "region": "South-West", "tidal_stat": "Tidal", "latitude": 22.01334198, "longitude": 89.9643753, "btm_x": 496606.78, "btm_y": 434010.71, "sob_effect": "2023-01-01", "sob_conver": "-1.00000000", "pwd_cd": null, "msl": null, "f5__exceed": "1.11", "f95__excee": "-0.46", "m2__m_": "0.76100000", "s2__m_": "0.27100000", "msf__m_": "0.08400000", "tidal_addi": "1.22000000", "spring_tid": "-1.05100000", "neap_tidal": "-0.62300000", "tidal_redu": "-1.0510", "shwl__mmsl": "2.33000000", "slwl__mmsl": "-1.5110", "comment": "Datum Problem or, Problem in Gauge Zero Value. SLWL used in contour map creation, but SHWL is omitted during contour map creation", "updated_at": "2024-02-07 13:40:05.403494", "updated_by": "Arif", "observed_y": 27, "class_of_r": "I", "flow_statu": "Perennial", "islwl": "-", "exceedance": 2, "exceedan_1": 0.8, "exceedan_2": 95, "exceedan_3": -0.76, "spring_red": -1.05, "neap_reduc": -0.62, "final_redu": -1.05, "shwl__mm_1": "-", "slwl__mm_1": "-", "used_for_s": 0, "used_fo_01": 1}}, {"type": "Feature", "id": 30, "geometry": {"type": "Point", "coordinates": [89.96776240319014, 22.707115404307842]}, "properties": {"gid": 30, "objectid": 9, "organizati": "BWDB", "station_id": "SW107A", "wl_station": "Nazirpur", "st_name": "SW107A (Nazirpur)", "river_name": "Gorai-Madhumati-Haringhata-Baleswar", "district": "Pirojpur", "upazila": "Nazirpiur", "region": "South-West", "tidal_stat": "Tidal", "latitude": 22.707115390000002, "longitude": 89.96776238999999, "btm_x": 496972.8, "btm_y": 510804.38, "sob_effect": "2023-01-01 00:00:00", "sob_conver": "-0.70000000", "pwd_cd": "-", "msl": "-", "f5__exceed": "1.42800000", "f95__excee": "-0.07000000", "m2__m_": "0.21100000", "s2__m_": "0.19700000", "msf__m_": "0.08900000", "tidal_addi": "0.53700000", "spring_tid": "-0.36000000", "neap_tidal": "-0.10500000", "tidal_redu": "-0.36000000", "shwl__mmsl": "1.96600000", "slwl__mmsl": "-0.42900000", "comment": "SLWL omitted during contour map creation", "updated_at": "2023-12-19 11:16:12.6216", "updated_by": "osk", "observed_y": 10, "class_of_r": "IV", "flow_statu": "Perennial", "islwl": "-", "exceedance": 2, "exceedan_1": 1.43, "exceedan_2": 95, "exceedan_3": -0.07, "spring_red": -0.36000000000000004, "neap_reduc": -0.11, "final_redu": -0.36000000000000004, "shwl__mm_1": "-", "slwl__mm_1": "-", "used_for_s": 1, "used_fo_01": 0}}, {"type": "Feature", "id": 31, "geometry": {"type": "Point", "coordinates": [89.46419500559568, 24.627171002328396]}, "properties": {"gid": 31, "objectid": 11, "organizati": "BWDB", "station_id": "SW11", "wl_station": "Khanpur", "st_name": "SW11 (Khanpur)", "river_name": "Bangali", "district": "Bogura", "upazila": "Sherpur", "region": "North-West", "tidal_stat": "Non-Tidal (Non Flashy)", "latitude": 24.627170999999997, "longitude": 89.464195, "btm_x": 446053.59, "btm_y": 723475.77, "sob_effect": "2022-11-01 00:00:00", "sob_conver": "-0.01000000", "pwd_cd": "-", "msl": "-", "f5__exceed": "13.66000000", "f95__excee": "6.08300000", "m2__m_": "0.00000000", "s2__m_": "0.00000000", "msf__m_": "0.00000000", "tidal_addi": "0.00000000", "spring_tid": "0.00000000", "neap_tidal": "0.00000000", "tidal_redu": "0.00000000", "shwl__mmsl": "13.66000000", "slwl__mmsl": "6.08300000", "comment": "-", "updated_at": "2023-12-19 11:16:12.6216", "updated_by": "osk", "observed_y": 27, "class_of_r": "III", "flow_statu": "Perennial", "islwl": "-", "exceedance": 2, "exceedan_1": 13.66, "exceedan_2": 95, "exceedan_3": 6.08, "spring_red": 0, "neap_reduc": 0, "final_redu": 0, "shwl__mm_1": "-", "slwl__mm_1": "-", "used_for_s": 1, "used_fo_01": 1}}, {"type": "Feature", "id": 32, "geometry": {"type": "Point", "coordinates": [89.56177200376987, 24.887212000787258]}, "properties": {"gid": 32, "objectid": 19, "organizati": "BWDB", "station_id": "SW11A", "wl_station": "Shariakandi", "st_name": "SW11A (Shariakandi)", "river_name": "Bangali", "district": "Bogura", "upazila": "Shariakandi", "region": "North-West", "tidal_stat": "Non-Tidal (Non Flashy)", "latitude": 24.887212, "longitude": 89.561772, "btm_x": 456021.94, "btm_y": 752234.14, "sob_effect": "2022-11-01 00:00:00", "sob_conver": "-0.49000000", "pwd_cd": "-", "msl": "-", "f5__exceed": "15.91400000", "f95__excee": "11.08500000", "m2__m_": "0.00000000", "s2__m_": "0.00000000", "msf__m_": "0.00000000", "tidal_addi": "0.00000000", "spring_tid": "0.00000000", "neap_tidal": "0.00000000", "tidal_redu": "0.00000000", "shwl__mmsl": "15.91400000", "slwl__mmsl": "11.08500000", "comment": "-", "updated_at": "2023-12-19 11:16:12.6216", "updated_by": "osk", "observed_y": 27, "class_of_r": "III", "flow_statu": "Perennial", "islwl": "-", "exceedance": 2, "exceedan_1": 15.91, "exceedan_2": 95, "exceedan_3": 11.09, "spring_red": 0, "neap_reduc": 0, "final_redu": 0, "shwl__mm_1": "-", "slwl__mm_1": "-", "used_for_s": 1, "used_fo_01": 1}}, {"type": "Feature", "id": 33, "geometry": {"type": "Point", "coordinates": [90.02759400755167, 24.605941005051136]}, "properties": {"gid": 33, "objectid": 20, "organizati": "BWDB", "station_id": "SW12", "wl_station": "Madhupur", "st_name": "SW12 (Madhupur)", "river_name": "Bangshi", "district": "Tangail", "upazila": "Madhupur", "region": "North-Central", "tidal_stat": "Non-Tidal (Non Flashy)", "latitude": 24.605940999999998, "longitude": 90.02759400000001, "btm_x": 503076.91, "btm_y": 721019.75, "sob_effect": "2022-01-01 00:00:00", "sob_conver": "0.74000000", "pwd_cd": "-", "msl": "-", "f5__exceed": "10.80200000", "f95__excee": "6.56900000", "m2__m_": "0.00000000", "s2__m_": "0.00000000", "msf__m_": "0.00000000", "tidal_addi": "0.00000000", "spring_tid": "0.00000000", "neap_tidal": "0.00000000", "tidal_redu": "0.00000000", "shwl__mmsl": "10.80200000", "slwl__mmsl": "6.56900000", "comment": "-", "updated_at": "2023-12-19 11:16:12.6216", "updated_by": "osk", "observed_y": 25, "class_of_r": "III", "flow_statu": "Perennial", "islwl": "-", "exceedance": 2, "exceedan_1": 10.8, "exceedan_2": 95, "exceedan_3": 6.57, "spring_red": 0, "neap_reduc": 0, "final_redu": 0, "shwl__mm_1": "-", "slwl__mm_1": "-", "used_for_s": 1, "used_fo_01": 1}}, {"type": "Feature", "id": 34, "geometry": {"type": "Point", "coordinates": [91.84444020688534, 22.557648301124573]}, "properties": {"gid": 34, "objectid": 21, "organizati": "BWDB", "station_id": "SW120", "wl_station": "Telpari", "st_name": "SW120 (Telpari)", "river_name": "Halda", "district": "Chattogram", "upazila": "Hathazari", "region": "Eastern Hilly", "tidal_stat": "Tidal", "latitude": 22.55764826, "longitude": 91.84444024, "btm_x": 689936.65, "btm_y": 495430.21, "sob_effect": "2021-06-01 00:00:00", "sob_conver": "-0.71900000", "pwd_cd": "-", "msl": "-", "f5__exceed": "2.89800000", "f95__excee": "-0.07600000", "m2__m_": "0.54000000", "s2__m_": "0.38100000", "msf__m_": "0.13800000", "tidal_addi": "1.15100000", "spring_tid": "-0.87400000", "neap_tidal": "-0.31400000", "tidal_redu": "-0.87400000", "shwl__mmsl": "4.04900000", "slwl__mmsl": "-0.95000000", "comment": "-", "updated_at": "2023-12-19 11:16:12.6216", "updated_by": "osk", "observed_y": 27, "class_of_r": "Unclassified", "flow_statu": "Perennial", "islwl": "-", "exceedance": 2, "exceedan_1": 2.9, "exceedan_2": 95, "exceedan_3": -0.08, "spring_red": -0.87, "neap_reduc": -0.31, "final_redu": -0.87, "shwl__mm_1": "-", "slwl__mm_1": "-", "used_for_s": 1, "used_fo_01": 1}}, {"type": "Feature", "id": 35, "geometry": {"type": "Point", "coordinates": [92.04001710563898, 22.569982305169106]}, "properties": {"gid": 35, "objectid": 24, "organizati": "BWDB", "station_id": "SW124", "wl_station": "Thandachari", "st_name": "SW124 (Thandachari)", "river_name": "Ichamati (Tributary to Karnafuli)", "district": "Chattogram", "upazila": "Rangunia", "region": "Eastern Hilly", "tidal_stat": "Non-Tidal (Flashy)", "latitude": 22.56998226, "longitude": 92.04001708000001, "btm_x": 710033.76, "btm_y": 497057.79, "sob_effect": "2021-02-01 00:00:00", "sob_conver": "-0.87800000", "pwd_cd": "-", "msl": "-", "f5__exceed": "11.92300000", "f95__excee": "8.59700000", "m2__m_": "0.00000000", "s2__m_": "0.00000000", "msf__m_": "0.00000000", "tidal_addi": "0.00000000", "spring_tid": "0.00000000", "neap_tidal": "0.00000000", "tidal_redu": "0.00000000", "shwl__mmsl": "11.92300000", "slwl__mmsl": "8.59700000", "comment": "-", "updated_at": "2023-12-19 11:16:12.6216", "updated_by": "osk", "observed_y": 27, "class_of_r": "IV", "flow_statu": "Seasonal", "islwl": "-", "exceedance": 2, "exceedan_1": 11.92, "exceedan_2": 95, "exceedan_3": 8.6, "spring_red": 0, "neap_reduc": 0, "final_redu": 0, "shwl__mm_1": "-", "slwl__mm_1": "-", "used_for_s": 1, "used_fo_01": 1}}, {"type": "Feature", "id": 36, "geometry": {"type": "Point", "coordinates": [88.96083590388298, 22.617272801697254]}, "properties": {"gid": 36, "objectid": 26, "organizati": "BWDB", "station_id": "SW128", "wl_station": "Shakra", "st_name": "SW128 (Shakra)", "river_name": "Ichamati (Western Border)", "district": "Satkhira", "upazila": "Debhata", "region": "South-West", "tidal_stat": "Tidal", "latitude": 22.61727283, "longitude": 88.9608359, "btm_x": 393487.36, "btm_y": 501231.44, "sob_effect": "2023-01-01 00:00:00", "sob_conver": "-0.71300000", "pwd_cd": "-", "msl": "-", "f5__exceed": "0.90100000", "f95__excee": "-0.26800000", "m2__m_": "0.85400000", "s2__m_": "0.35100000", "msf__m_": "0.10400000", "tidal_addi": "1.43000000", "spring_tid": "-1.22100000", "neap_tidal": "-0.65800000", "tidal_redu": "-1.22100000", "shwl__mmsl": "2.33000000", "slwl__mmsl": "-1.48900000", "comment": "Datum Problem or, Problem in Gauge Zero Value. So, determined SHWL ands SLWL for this station will be unusable.", "updated_at": "2023-12-19 11:16:12.6216", "updated_by": "osk", "observed_y": 26, "class_of_r": "Unclassified", "flow_statu": "Perennial", "islwl": "-", "exceedance": 2, "exceedan_1": 0.9, "exceedan_2": 95, "exceedan_3": -0.27, "spring_red": -1.22, "neap_reduc": -0.66, "final_redu": -1.22, "shwl__mm_1": "-", "slwl__mm_1": "-", "used_for_s": 0, "used_fo_01": 0}}, {"type": "Feature", "id": 37, "geometry": {"type": "Point", "coordinates": [88.99933580309153, 22.46887920051813]}, "properties": {"gid": 37, "objectid": 27, "organizati": "BWDB", "station_id": "SW129", "wl_station": "Basantapur", "st_name": "SW129 (Basantapur)", "river_name": "Ichamati (Western Border)", "district": "Satkhira", "upazila": "Kaliganj", "region": "South-West", "tidal_stat": "Tidal", "latitude": 22.46887921, "longitude": 88.99933579, "btm_x": 397334.34, "btm_y": 484776.52, "sob_effect": "2023-01-01 00:00:00", "sob_conver": "-0.70400000", "pwd_cd": "-", "msl": "-", "f5__exceed": "0.93500000", "f95__excee": "-0.33000000", "m2__m_": "1.67000000", "s2__m_": "0.61700000", "msf__m_": "0.07500000", "tidal_addi": "2.59100000", "spring_tid": "-2.44000000", "neap_tidal": "-1.23400000", "tidal_redu": "-2.44000000", "shwl__mmsl": "3.52600000", "slwl__mmsl": "-2.77000000", "comment": "Datum Problem or, Problem in Gauge Zero Value. SHWL used in contour map creation", "updated_at": "2023-12-19 11:16:12.6216", "updated_by": "osk", "observed_y": 27, "class_of_r": "Unclassified", "flow_statu": "Perennial", "islwl": "-", "exceedance": 2, "exceedan_1": 0.9400000000000001, "exceedan_2": 95, "exceedan_3": -0.33, "spring_red": -2.44, "neap_reduc": -1.23, "final_redu": -2.44, "shwl__mm_1": "-", "slwl__mm_1": "-2.614", "used_for_s": 1, "used_fo_01": 0}}, {"type": "Feature", "id": 38, "geometry": {"type": "Point", "coordinates": [90.05735900253057, 24.299234002828598]}, "properties": {"gid": 38, "objectid": 28, "organizati": "BWDB", "station_id": "SW13", "wl_station": "Kawaljani", "st_name": "SW13 (Kawaljani)", "river_name": "Bangshi", "district": "Tangail", "upazila": "Tangail Sadar", "region": "North-Central", "tidal_stat": "Non-Tidal (Non Flashy)", "latitude": 24.299234, "longitude": 90.05735899999999, "btm_x": 506104.04, "btm_y": 687062.19, "sob_effect": "2022-01-01 00:00:00", "sob_conver": "-0.41900000", "pwd_cd": "-", "msl": "-", "f5__exceed": "10.04200000", "f95__excee": "3.91000000", "m2__m_": "0.00000000", "s2__m_": "0.00000000", "msf__m_": "0.00000000", "tidal_addi": "0.00000000", "spring_tid": "0.00000000", "neap_tidal": "0.00000000", "tidal_redu": "0.00000000", "shwl__mmsl": "10.04200000", "slwl__mmsl": "3.91000000", "comment": "-", "updated_at": "2023-12-19 11:16:12.6216", "updated_by": "osk", "observed_y": 25, "class_of_r": "III", "flow_statu": "Perennial", "islwl": "-", "exceedance": 2, "exceedan_1": 10.04, "exceedan_2": 95, "exceedan_3": 3.91, "spring_red": 0, "neap_reduc": 0, "final_redu": 0, "shwl__mm_1": "-", "slwl__mm_1": "-", "used_for_s": 1, "used_fo_01": 1}}, {"type": "Feature", "id": 39, "geometry": {"type": "Point", "coordinates": [89.07167510688305, 22.200789906084538]}, "properties": {"gid": 39, "objectid": 29, "organizati": "BWDB", "station_id": "SW130", "wl_station": "Kaikhali", "st_name": "SW130 (Kaikhali)", "river_name": "Ichamati (Western Border)", "district": "Satkhira", "upazila": "Shyamnagar", "region": "South-West", "tidal_stat": "Tidal", "latitude": 22.200789890000003, "longitude": 89.07167509, "btm_x": 404594.42, "btm_y": 455051.15, "sob_effect": "2023-01-01 00:00:00", "sob_conver": "-0.52400000", "pwd_cd": "-", "msl": "-", "f5__exceed": "0.94700000", "f95__excee": "-0.05100000", "m2__m_": "1.49700000", "s2__m_": "0.61100000", "msf__m_": "0.03600000", "tidal_addi": "2.35400000", "spring_tid": "-2.28200000", "neap_tidal": "-1.01000000", "tidal_redu": "-2.28200000", "shwl__mmsl": "3.30100000", "slwl__mmsl": "-2.33300000", "comment": "Datum Problem or, Problem in Gauge Zero Value. SHWL used in contour map creation, SLWL is omitted.", "updated_at": "2023-12-19 11:16:12.6216", "updated_by": "osk", "observed_y": 27, "class_of_r": "I", "flow_statu": "Perennial", "islwl": "-", "exceedance": 2, "exceedan_1": 0.9500000000000001, "exceedan_2": 95, "exceedan_3": -0.05, "spring_red": -2.2800000000000002, "neap_reduc": -1.01, "final_redu": -2.2800000000000002, "shwl__mm_1": "-", "slwl__mm_1": "-", "used_for_s": 1, "used_fo_01": 0}}, {"type": "Feature", "id": 40, "geometry": {"type": "Point", "coordinates": [88.84154300391674, 25.657143004238605]}, "properties": {"gid": 40, "objectid": 31, "organizati": "BWDB", "station_id": "SW132", "wl_station": "Manmathpur", "st_name": "SW132 (Manmathpur)", "river_name": "Little Jamuna", "district": "Dinajpur", "upazila": "Parbatipur", "region": "North-West", "tidal_stat": "Non-Tidal (Non Flashy)", "latitude": 25.657143, "longitude": 88.841543, "btm_x": 384009.4, "btm_y": 837927.73, "sob_effect": "2022-11-01 00:00:00", "sob_conver": "-0.69000000", "pwd_cd": "-", "msl": "-", "f5__exceed": "35.47700000", "f95__excee": "30.83900000", "m2__m_": "0.00000000", "s2__m_": "0.00000000", "msf__m_": "0.00000000", "tidal_addi": "0.00000000", "spring_tid": "0.00000000", "neap_tidal": "0.00000000", "tidal_redu": "0.00000000", "shwl__mmsl": "35.47700000", "slwl__mmsl": "30.83900000", "comment": "-", "updated_at": "2023-12-19 11:16:12.6216", "updated_by": "osk", "observed_y": 27, "class_of_r": "Unclassified", "flow_statu": "Seasonal", "islwl": "-", "exceedance": 2, "exceedan_1": 35.48, "exceedan_2": 95, "exceedan_3": 30.84, "spring_red": 0, "neap_reduc": 0, "final_redu": 0, "shwl__mm_1": "-", "slwl__mm_1": "-", "used_for_s": 1, "used_fo_01": 1}}, {"type": "Feature", "id": 41, "geometry": {"type": "Point", "coordinates": [88.94622400403023, 24.806677006185055]}, "properties": {"gid": 41, "objectid": 34, "organizati": "BWDB", "station_id": "SW133", "wl_station": "Naogaon", "st_name": "SW133 (Naogaon)", "river_name": "Little Jamuna", "district": "Naogaon", "upazila": "Naogaon Sadar", "region": "North-West", "tidal_stat": "Non-Tidal (Non Flashy)", "latitude": 24.806677, "longitude": 88.946224, "btm_x": 393778.53, "btm_y": 743656.58, "sob_effect": "2022-11-01 00:00:00", "sob_conver": "-0.59000000", "pwd_cd": "-", "msl": "-", "f5__exceed": "14.43700000", "f95__excee": "6.82300000", "m2__m_": "0.00000000", "s2__m_": "0.00000000", "msf__m_": "0.00000000", "tidal_addi": "0.00000000", "spring_tid": "0.00000000", "neap_tidal": "0.00000000", "tidal_redu": "0.00000000", "shwl__mmsl": "14.43700000", "slwl__mmsl": "6.82300000", "comment": "-", "updated_at": "2023-12-19 11:16:12.6216", "updated_by": "osk", "observed_y": 27, "class_of_r": "III", "flow_statu": "Seasonal", "islwl": "-", "exceedance": 2, "exceedan_1": 14.44, "exceedan_2": 95, "exceedan_3": 6.82, "spring_red": 0, "neap_reduc": 0, "final_redu": 0, "shwl__mm_1": "-", "slwl__mm_1": "-", "used_for_s": 1, "used_fo_01": 1}}, {"type": "Feature", "id": 42, "geometry": {"type": "Point", "coordinates": [89.85256100445986, 24.377858005464077]}, "properties": {"gid": 42, "objectid": 35, "organizati": "BWDB", "station_id": "SW134", "wl_station": "Jukerchar", "st_name": "SW134 (Jukerchar)", "river_name": "Jhenai", "district": "Tangail", "upazila": "Kalihati", "region": "North-Central", "tidal_stat": "Non-Tidal (Non Flashy)", "latitude": 24.377858, "longitude": 89.85256100000001, "btm_x": 485331.65, "btm_y": 695774.02, "sob_effect": "2022-01-01 00:00:00", "sob_conver": "-1.17800000", "pwd_cd": "-", "msl": "-", "f5__exceed": "11.75200000", "f95__excee": "5.06200000", "m2__m_": "0.00000000", "s2__m_": "0.00000000", "msf__m_": "0.00000000", "tidal_addi": "0.00000000", "spring_tid": "0.00000000", "neap_tidal": "0.00000000", "tidal_redu": "0.00000000", "shwl__mmsl": "11.75200000", "slwl__mmsl": "5.06200000", "comment": "-", "updated_at": "2023-12-19 11:16:12.6216", "updated_by": "osk", "observed_y": 27, "class_of_r": "Unclassified", "flow_statu": "Seasonal", "islwl": "-", "exceedance": 2, "exceedan_1": 11.75, "exceedan_2": 95, "exceedan_3": 5.06, "spring_red": 0, "neap_reduc": 0, "final_redu": 0, "shwl__mm_1": "-", "slwl__mm_1": "-", "used_for_s": 1, "used_fo_01": 1}}, {"type": "Feature", "id": 43, "geometry": {"type": "Point", "coordinates": [89.8518900051713, 24.780267000198364]}, "properties": {"gid": 43, "objectid": 36, "organizati": "BWDB", "station_id": "SW134A", "wl_station": "Baushi Bridge", "st_name": "SW134A (Baushi Bridge)", "river_name": "Jhenai", "district": "Jamalpur", "upazila": "Sarishabari", "region": "North-Central", "tidal_stat": "Non-Tidal (Non Flashy)", "latitude": 24.780267000000002, "longitude": 89.85189, "btm_x": 485311.51, "btm_y": 740329.51, "sob_effect": "2022-06-01 00:00:00", "sob_conver": "-0.85400000", "pwd_cd": "-", "msl": "-", "f5__exceed": "14.66800000", "f95__excee": "9.06900000", "m2__m_": "0.00000000", "s2__m_": "0.00000000", "msf__m_": "0.00000000", "tidal_addi": "0.00000000", "spring_tid": "0.00000000", "neap_tidal": "0.00000000", "tidal_redu": "0.00000000", "shwl__mmsl": "14.66800000", "slwl__mmsl": "9.06900000", "comment": "-", "updated_at": "2023-12-19 11:16:12.6216", "updated_by": "osk", "observed_y": 24, "class_of_r": "IV", "flow_statu": "Seasonal", "islwl": "-", "exceedance": 2, "exceedan_1": 14.67, "exceedan_2": 95, "exceedan_3": 9.07, "spring_red": 0, "neap_reduc": 0, "final_redu": 0, "shwl__mm_1": "-", "slwl__mm_1": "-", "used_for_s": 1, "used_fo_01": 1}}, {"type": "Feature", "id": 44, "geometry": {"type": "Point", "coordinates": [89.89877200126648, 24.94897200167179]}, "properties": {"gid": 44, "objectid": 37, "organizati": "BWDB", "station_id": "SW134B", "wl_station": "Offtake of Jhenai", "st_name": "SW134B (Offtake of Jhenai)", "river_name": "Jhenai", "district": "Jamalpur", "upazila": "Melandaha", "region": "North-Central", "tidal_stat": "Non-Tidal (Non Flashy)", "latitude": 24.948972, "longitude": 89.89877200000001, "btm_x": 490064.59, "btm_y": 759005.18, "sob_effect": "2022-06-01 00:00:00", "sob_conver": "-2.40100000", "pwd_cd": "-", "msl": "-", "f5__exceed": "14.62800000", "f95__excee": "8.80900000", "m2__m_": "0.00000000", "s2__m_": "0.00000000", "msf__m_": "0.00000000", "tidal_addi": "0.00000000", "spring_tid": "0.00000000", "neap_tidal": "0.00000000", "tidal_redu": "0.00000000", "shwl__mmsl": "14.62800000", "slwl__mmsl": "8.80900000", "comment": "The water level data is so bad that estimated SHWL & SLWL for this station is totally inadmissible. The river is dried up at several places during dry season which also makes discontinuity of river's main flow.", "updated_at": "2023-12-19 11:16:12.6216", "updated_by": "osk", "observed_y": 23, "class_of_r": "IV", "flow_statu": "Seasonal", "islwl": "-", "exceedance": 2, "exceedan_1": 14.63, "exceedan_2": 95, "exceedan_3": 8.81, "spring_red": 0, "neap_reduc": 0, "final_redu": 0, "shwl__mm_1": "-", "slwl__mm_1": "-", "used_for_s": 0, "used_fo_01": 0}}, {"type": "Feature", "id": 45, "geometry": {"type": "Point", "coordinates": [88.9967170059681, 25.106713004410267]}, "properties": {"gid": 45, "objectid": 33, "organizati": "BWDB", "station_id": "SW132.5", "wl_station": "Joypurhat", "st_name": "SW132.5 (Joypurhat)", "river_name": "Little Jamuna", "district": "Joypurhat", "upazila": "Joypurhat Sadar", "region": "North-West", "tidal_stat": "Non-Tidal (Non Flashy)", "latitude": 25.106713, "longitude": 88.996717, "btm_x": 399127.7, "btm_y": 776843.54, "sob_effect": "2022-11-01", "sob_conver": "-0.79", "pwd_cd": null, "msl": null, "f5__exceed": "18.74", "f95__excee": "14.47", "m2__m_": "0.00000000", "s2__m_": "0.00000000", "msf__m_": "0.00000000", "tidal_addi": "0.00000000", "spring_tid": "0.00000000", "neap_tidal": "0.00000000", "tidal_redu": "0.00000000", "shwl__mmsl": "18.74", "slwl__mmsl": "14.47", "comment": "-", "updated_at": "2024-02-05 12:34:34.79686", "updated_by": "Arif", "observed_y": 27, "class_of_r": "Unclassified", "flow_statu": "Seasonal", "islwl": "-", "exceedance": 2, "exceedan_1": 16.66, "exceedan_2": 95, "exceedan_3": 12.4, "spring_red": 0, "neap_reduc": 0, "final_redu": 0, "shwl__mm_1": "-", "slwl__mm_1": "-", "used_for_s": 1, "used_fo_01": 1}}, {"type": "Feature", "id": 46, "geometry": {"type": "Point", "coordinates": [88.94873800128698, 25.50077400356531]}, "properties": {"gid": 46, "objectid": 32, "organizati": "BWDB", "station_id": "SW132.2", "wl_station": "Phulbari", "st_name": "SW132.2 (Phulbari)", "river_name": "Little Jamuna", "district": "Dinajpur", "upazila": "Fulbari", "region": "North-West", "tidal_stat": "Non-Tidal (Non Flashy)", "latitude": 25.500774, "longitude": 88.948738, "btm_x": 394632.15, "btm_y": 820520.3, "sob_effect": "2022-11-01", "sob_conver": "-0.496", "pwd_cd": null, "msl": null, "f5__exceed": "28.44", "f95__excee": "24.94", "m2__m_": "0.00000000", "s2__m_": "0.00000000", "msf__m_": "0.00000000", "tidal_addi": "0.00000000", "spring_tid": "0.00000000", "neap_tidal": "0.00000000", "tidal_redu": "0.00000000", "shwl__mmsl": "28.44", "slwl__mmsl": "24.94", "comment": "-", "updated_at": "2024-02-05 12:30:27.297308", "updated_by": "Arif", "observed_y": 26, "class_of_r": "Unclassified", "flow_statu": "Seasonal", "islwl": "-", "exceedance": 2, "exceedan_1": 27.44, "exceedan_2": 95, "exceedan_3": 23.95, "spring_red": 0, "neap_reduc": 0, "final_redu": 0, "shwl__mm_1": "-", "slwl__mm_1": "-", "used_for_s": 1, "used_fo_01": 1}}, {"type": "Feature", "id": 47, "geometry": {"type": "Point", "coordinates": [92.11703500151634, 24.59001100063324]}, "properties": {"gid": 47, "objectid": 38, "organizati": "BWDB", "station_id": "SW135", "wl_station": "JuriCont_Silghat", "st_name": "SW135 (Juricont_Silghat)", "river_name": "Juri", "district": "Moulvi Bazar", "upazila": "Maulvibazar Sadar", "region": "North-East", "tidal_stat": "Non-Tidal (Non Flashy)", "latitude": 24.590011, "longitude": 92.117035, "btm_x": 714646.84, "btm_y": 720904.1, "sob_effect": "2022-01-01", "sob_conver": "-1.12500000", "pwd_cd": null, "msl": null, "f5__exceed": "10.09500000", "f95__excee": "6.32300000", "m2__m_": "0.00000000", "s2__m_": "0.00000000", "msf__m_": "0.00000000", "tidal_addi": "0.00000000", "spring_tid": "0.00000000", "neap_tidal": "0.00000000", "tidal_redu": "0.00000000", "shwl__mmsl": "10.09500000", "slwl__mmsl": "6.32300000", "comment": "null", "updated_at": "2023-12-19 11:16:12.6216", "updated_by": "osk", "observed_y": 23, "class_of_r": "V", "flow_statu": "Seasonal", "islwl": "-", "exceedance": 2, "exceedan_1": 10.1, "exceedan_2": 95, "exceedan_3": 6.32, "spring_red": 0, "neap_reduc": 0, "final_redu": 0, "shwl__mm_1": "-", "slwl__mm_1": "-", "used_for_s": 1, "used_fo_01": 1}}, {"type": "Feature", "id": 48, "geometry": {"type": "Point", "coordinates": [91.88299030065536, 22.419542901217937]}, "properties": {"gid": 48, "objectid": 22, "organizati": "BWDB", "station_id": "SW121", "wl_station": "Enayethat", "st_name": "SW121 (Enayethat)", "river_name": "Halda", "district": "Chattogram", "upazila": "Chittagong Sadar", "region": "Eastern Hilly", "tidal_stat": "Tidal", "latitude": 22.41954291, "longitude": 91.8829903, "btm_x": 694093.84, "btm_y": 480186.71, "sob_effect": "2021-02-01", "sob_conver": "-1.72900000", "pwd_cd": null, "msl": null, "f5__exceed": "1.68100000", "f95__excee": "-0.13400000", "m2__m_": "1.30700000", "s2__m_": "0.25700000", "msf__m_": "0.24100000", "tidal_addi": "1.96100000", "spring_tid": "-1.48000000", "neap_tidal": "-1.39600000", "tidal_redu": "-1.48000000", "shwl__mmsl": "3.64200000", "slwl__mmsl": "-1.61400000", "comment": "(2009-2022) will be used both for the computation of DML & Tidal Constituents", "updated_at": "2023-12-19 11:16:12.6216", "updated_by": "osk", "observed_y": 22, "class_of_r": "Unclassified", "flow_statu": "Perennial", "islwl": "-", "exceedance": 2, "exceedan_1": 1.6800000000000002, "exceedan_2": 95, "exceedan_3": -0.13, "spring_red": -1.48, "neap_reduc": -1.4, "final_redu": -1.48, "shwl__mm_1": "-", "slwl__mm_1": "-", "used_for_s": 1, "used_fo_01": 1}}, {"type": "Feature", "id": 49, "geometry": {"type": "Point", "coordinates": [88.49244400113821, 26.50398800522089]}, "properties": {"gid": 49, "objectid": 42, "organizati": "BWDB", "station_id": "SW139", "wl_station": "Bardeswari", "st_name": "SW139 (Bardeswari)", "river_name": "Karatoa-Atrai-Gur-Gumani-Hurasagar", "district": "Panchagarh", "upazila": "Tentulia", "region": "North-West", "tidal_stat": "Non-Tidal (Flashy)", "latitude": 26.503988000000003, "longitude": 88.492444, "btm_x": 350051.16, "btm_y": 932083.92, "sob_effect": "2022-11-01 00:00:00", "sob_conver": "1.16000000", "pwd_cd": "-", "msl": "-", "f5__exceed": "86.06400000", "f95__excee": "83.16900000", "m2__m_": "0.00000000", "s2__m_": "0.00000000", "msf__m_": "0.00000000", "tidal_addi": "0.00000000", "spring_tid": "0.00000000", "neap_tidal": "0.00000000", "tidal_redu": "0.00000000", "shwl__mmsl": "86.06400000", "slwl__mmsl": "83.16900000", "comment": "-", "updated_at": "2023-12-19 11:16:12.6216", "updated_by": "osk", "observed_y": 26, "class_of_r": "Unclassified", "flow_statu": "Perennial", "islwl": "-", "exceedance": 2, "exceedan_1": 86.06, "exceedan_2": 95, "exceedan_3": 83.17, "spring_red": 0, "neap_reduc": 0, "final_redu": 0, "shwl__mm_1": "-", "slwl__mm_1": "-", "used_for_s": 1, "used_fo_01": 1}}, {"type": "Feature", "id": 50, "geometry": {"type": "Point", "coordinates": [90.09806900471449, 24.109169006347656]}, "properties": {"gid": 50, "objectid": 43, "organizati": "BWDB", "station_id": "SW14", "wl_station": "Mirzapur_Bangshi", "st_name": "SW14 (Mirzapur_Bangshi)", "river_name": "Bangshi", "district": "Tangail", "upazila": "Mirzapur", "region": "North-Central", "tidal_stat": "Non-Tidal (Non Flashy)", "latitude": 24.109169, "longitude": 90.098069, "btm_x": 510249.81, "btm_y": 666021.25, "sob_effect": "2022-01-01 00:00:00", "sob_conver": "-0.82500000", "pwd_cd": "-", "msl": "-", "f5__exceed": "8.29800000", "f95__excee": "0.68200000", "m2__m_": "0.00000000", "s2__m_": "0.00000000", "msf__m_": "0.00000000", "tidal_addi": "0.00000000", "spring_tid": "0.00000000", "neap_tidal": "0.00000000", "tidal_redu": "0.00000000", "shwl__mmsl": "8.29800000", "slwl__mmsl": "0.68200000", "comment": "-", "updated_at": "2023-12-19 11:16:12.6216", "updated_by": "osk", "observed_y": 27, "class_of_r": "IV", "flow_statu": "Perennial", "islwl": "-", "exceedance": 2, "exceedan_1": 8.3, "exceedan_2": 95, "exceedan_3": 0.68, "spring_red": 0, "neap_reduc": 0, "final_redu": 0, "shwl__mm_1": "-", "slwl__mm_1": "-", "used_for_s": 1, "used_fo_01": 1}}, {"type": "Feature", "id": 51, "geometry": {"type": "Point", "coordinates": [90.2304780036211, 23.909502007067204]}, "properties": {"gid": 51, "objectid": 44, "organizati": "BWDB", "station_id": "SW14.5", "wl_station": "Nayarhat", "st_name": "SW14.5 (Nayarhat)", "river_name": "Bangshi", "district": "Dhaka", "upazila": "Savar", "region": "North-Central", "tidal_stat": "Tidal", "latitude": 23.909502, "longitude": 90.230478, "btm_x": 523741.99, "btm_y": 643931.12, "sob_effect": "2022-01-01 00:00:00", "sob_conver": "-0.71700000", "pwd_cd": "-", "msl": "-", "f5__exceed": "5.73100000", "f95__excee": "0.38100000", "m2__m_": "0.01300000", "s2__m_": "0.07400000", "msf__m_": "0.09600000", "tidal_addi": "0.19200000", "spring_tid": "0.00000000", "neap_tidal": "-0.03000000", "tidal_redu": "-0.03000000", "shwl__mmsl": "5.92300000", "slwl__mmsl": "0.35200000", "comment": "-", "updated_at": "2023-12-19 11:16:12.6216", "updated_by": "osk", "observed_y": 27, "class_of_r": "III", "flow_statu": "Perennial", "islwl": "-", "exceedance": 2, "exceedan_1": 5.73, "exceedan_2": 95, "exceedan_3": 0.38, "spring_red": 0, "neap_reduc": -0.030000000000000002, "final_redu": -0.030000000000000002, "shwl__mm_1": "-", "slwl__mm_1": "-", "used_for_s": 1, "used_fo_01": 1}}, {"type": "Feature", "id": 52, "geometry": {"type": "Point", "coordinates": [88.55373600125313, 26.330727003514767]}, "properties": {"gid": 52, "objectid": 45, "organizati": "BWDB", "station_id": "SW140", "wl_station": "Panchagarh", "st_name": "SW140 (Panchagarh)", "river_name": "Karatoa-Atrai-Gur-Gumani-Hurasagar", "district": "Panchagarh", "upazila": "Panchagarh Sadar", "region": "North-West", "tidal_stat": "Non-Tidal (Flashy)", "latitude": 26.330727, "longitude": 88.553736, "btm_x": 355944.32, "btm_y": 912821.39, "sob_effect": "2022-11-01 00:00:00", "sob_conver": "-0.39000000", "pwd_cd": "-", "msl": "-", "f5__exceed": "68.82600000", "f95__excee": "65.97800000", "m2__m_": "0.00000000", "s2__m_": "0.00000000", "msf__m_": "0.00000000", "tidal_addi": "0.00000000", "spring_tid": "0.00000000", "neap_tidal": "0.00000000", "tidal_redu": "0.00000000", "shwl__mmsl": "68.82600000", "slwl__mmsl": "65.97800000", "comment": "-", "updated_at": "2023-12-19 11:16:12.6216", "updated_by": "osk", "observed_y": 27, "class_of_r": "V", "flow_statu": "Perennial", "islwl": "-", "exceedance": 2, "exceedan_1": 68.83, "exceedan_2": 95, "exceedan_3": 65.98, "spring_red": 0, "neap_reduc": 0, "final_redu": 0, "shwl__mm_1": "-", "slwl__mm_1": "-", "used_for_s": 1, "used_fo_01": 1}}, {"type": "Feature", "id": 53, "geometry": {"type": "Point", "coordinates": [88.74991100281477, 26.119797006249428]}, "properties": {"gid": 53, "objectid": 46, "organizati": "BWDB", "station_id": "SW141", "wl_station": "Debiganj", "st_name": "SW141 (Debiganj)", "river_name": "Karatoa-Atrai-Gur-Gumani-Hurasagar", "district": "Panchagarh", "upazila": "Debiganj", "region": "North-West", "tidal_stat": "Non-Tidal (Flashy)", "latitude": 26.119797000000002, "longitude": 88.749911, "btm_x": 375299.64, "btm_y": 889253.87, "sob_effect": "2022-11-01 00:00:00", "sob_conver": "0.19000000", "pwd_cd": "-", "msl": "-", "f5__exceed": "54.33600000", "f95__excee": "51.19400000", "m2__m_": "0.00000000", "s2__m_": "0.00000000", "msf__m_": "0.00000000", "tidal_addi": "0.00000000", "spring_tid": "0.00000000", "neap_tidal": "0.00000000", "tidal_redu": "0.00000000", "shwl__mmsl": "54.33600000", "slwl__mmsl": "51.19400000", "comment": "-", "updated_at": "2023-12-19 11:16:12.6216", "updated_by": "osk", "observed_y": 26, "class_of_r": "V", "flow_statu": "Perennial", "islwl": "-", "exceedance": 2, "exceedan_1": 54.34, "exceedan_2": 95, "exceedan_3": 51.19, "spring_red": 0, "neap_reduc": 0, "final_redu": 0, "shwl__mm_1": "-", "slwl__mm_1": "-", "used_for_s": 1, "used_fo_01": 1}}, {"type": "Feature", "id": 54, "geometry": {"type": "Point", "coordinates": [88.72544700652361, 25.930828005075455]}, "properties": {"gid": 54, "objectid": 47, "organizati": "BWDB", "station_id": "SW142", "wl_station": "Khansama", "st_name": "SW142 (Khansama)", "river_name": "Karatoa-Atrai-Gur-Gumani-Hurasagar", "district": "Dinajpur", "upazila": "Khansama", "region": "North-West", "tidal_stat": "Non-Tidal (Flashy)", "latitude": 25.930828, "longitude": 88.72544699999999, "btm_x": 372649.16, "btm_y": 868347.36, "sob_effect": "2022-11-01 00:00:00", "sob_conver": "0.64000000", "pwd_cd": "-", "msl": "-", "f5__exceed": "45.03900000", "f95__excee": "42.07000000", "m2__m_": "0.00000000", "s2__m_": "0.00000000", "msf__m_": "0.00000000", "tidal_addi": "0.00000000", "spring_tid": "0.00000000", "neap_tidal": "0.00000000", "tidal_redu": "0.00000000", "shwl__mmsl": "45.03900000", "slwl__mmsl": "42.07000000", "comment": "-", "updated_at": "2023-12-19 11:16:12.6216", "updated_by": "osk", "observed_y": 24, "class_of_r": "V", "flow_statu": "Perennial", "islwl": "-", "exceedance": 2, "exceedan_1": 45.04, "exceedan_2": 95, "exceedan_3": 42.07, "spring_red": 0, "neap_reduc": 0, "final_redu": 0, "shwl__mm_1": "-", "slwl__mm_1": "-", "used_for_s": 1, "used_fo_01": 1}}, {"type": "Feature", "id": 55, "geometry": {"type": "Point", "coordinates": [88.7312800064683, 25.77046700567007]}, "properties": {"gid": 55, "objectid": 48, "organizati": "BWDB", "station_id": "SW142.1", "wl_station": "Bhushirbandar", "st_name": "SW142.1 (Bhushirbandar)", "river_name": "Karatoa-Atrai-Gur-Gumani-Hurasagar", "district": "Dinajpur", "upazila": "Dinajpur Sadar", "region": "North-West", "tidal_stat": "Non-Tidal (Flashy)", "latitude": 25.770467, "longitude": 88.73128, "btm_x": 373061.83, "btm_y": 850580.51, "sob_effect": "2022-11-01 00:00:00", "sob_conver": "-0.53000000", "pwd_cd": "-", "msl": "-", "f5__exceed": "38.09200000", "f95__excee": "35.02800000", "m2__m_": "0.00000000", "s2__m_": "0.00000000", "msf__m_": "0.00000000", "tidal_addi": "0.00000000", "spring_tid": "0.00000000", "neap_tidal": "0.00000000", "tidal_redu": "0.00000000", "shwl__mmsl": "38.09200000", "slwl__mmsl": "35.02800000", "comment": "-", "updated_at": "2023-12-19 11:16:12.6216", "updated_by": "osk", "observed_y": 27, "class_of_r": "V", "flow_statu": "Perennial", "islwl": "-", "exceedance": 2, "exceedan_1": 38.09, "exceedan_2": 95, "exceedan_3": 35.03, "spring_red": 0, "neap_reduc": 0, "final_redu": 0, "shwl__mm_1": "-", "slwl__mm_1": "-", "used_for_s": 1, "used_fo_01": 1}}, {"type": "Feature", "id": 56, "geometry": {"type": "Point", "coordinates": [88.7461490035057, 24.915044002234936]}, "properties": {"gid": 56, "objectid": 51, "organizati": "BWDB", "station_id": "SW145", "wl_station": "Mohadebpur", "st_name": "SW145 (Mohadebpur)", "river_name": "Karatoa-Atrai-Gur-Gumani-Hurasagar", "district": "Naogaon", "upazila": "Mahadebpur", "region": "North-West", "tidal_stat": "Non-Tidal (Non Flashy)", "latitude": 24.915043999999998, "longitude": 88.746149, "btm_x": 373665.45, "btm_y": 755828.34, "sob_effect": "2022-11-01 00:00:00", "sob_conver": "-0.49000000", "pwd_cd": "-", "msl": "-", "f5__exceed": "17.30800000", "f95__excee": "11.93400000", "m2__m_": "0.00000000", "s2__m_": "0.00000000", "msf__m_": "0.00000000", "tidal_addi": "0.00000000", "spring_tid": "0.00000000", "neap_tidal": "0.00000000", "tidal_redu": "0.00000000", "shwl__mmsl": "17.30800000", "slwl__mmsl": "11.93400000", "comment": "-", "updated_at": "2023-12-19 11:16:12.6216", "updated_by": "osk", "observed_y": 27, "class_of_r": "IV", "flow_statu": "Perennial", "islwl": "-", "exceedance": 2, "exceedan_1": 17.31, "exceedan_2": 95, "exceedan_3": 11.93, "spring_red": 0, "neap_reduc": 0, "final_redu": 0, "shwl__mm_1": "-", "slwl__mm_1": "-", "used_for_s": 1, "used_fo_01": 1}}, {"type": "Feature", "id": 57, "geometry": {"type": "Point", "coordinates": [88.97802600264549, 24.61234000325203]}, "properties": {"gid": 57, "objectid": 52, "organizati": "BWDB", "station_id": "SW147", "wl_station": "Atrai Rly. Bridge", "st_name": "SW147 (Atrai Rly. Bridge)", "river_name": "Karatoa-Atrai-Gur-Gumani-Hurasagar", "district": "Naogaon", "upazila": "Atrai", "region": "North-West", "tidal_stat": "Non-Tidal (Non Flashy)", "latitude": 24.61234, "longitude": 88.978026, "btm_x": 396832.51, "btm_y": 722112.25, "sob_effect": "2022-11-01 00:00:00", "sob_conver": "-0.44000000", "pwd_cd": "-", "msl": "-", "f5__exceed": "13.11000000", "f95__excee": "6.61600000", "m2__m_": "0.00000000", "s2__m_": "0.00000000", "msf__m_": "0.00000000", "tidal_addi": "0.00000000", "spring_tid": "0.00000000", "neap_tidal": "0.00000000", "tidal_redu": "0.00000000", "shwl__mmsl": "13.11000000", "slwl__mmsl": "6.61600000", "comment": "-", "updated_at": "2023-12-19 11:16:12.6216", "updated_by": "osk", "observed_y": 27, "class_of_r": "III", "flow_statu": "Perennial", "islwl": "-", "exceedance": 2, "exceedan_1": 13.11, "exceedan_2": 95, "exceedan_3": 6.62, "spring_red": 0, "neap_reduc": 0, "final_redu": 0, "shwl__mm_1": "-", "slwl__mm_1": "-", "used_for_s": 1, "used_fo_01": 1}}, {"type": "Feature", "id": 58, "geometry": {"type": "Point", "coordinates": [89.13879200071096, 24.49771000444889]}, "properties": {"gid": 58, "objectid": 53, "organizati": "BWDB", "station_id": "SW147.5", "wl_station": "Singra", "st_name": "SW147.5 (Singra)", "river_name": "Karatoa-Atrai-Gur-Gumani-Hurasagar", "district": "Natore", "upazila": "Singra", "region": "North-West", "tidal_stat": "Non-Tidal (Non Flashy)", "latitude": 24.49771, "longitude": 89.138792, "btm_x": 413027.93, "btm_y": 709307.95, "sob_effect": "2022-11-01 00:00:00", "sob_conver": "-0.92000000", "pwd_cd": "-", "msl": "-", "f5__exceed": "11.94500000", "f95__excee": "6.40000000", "m2__m_": "0.00000000", "s2__m_": "0.00000000", "msf__m_": "0.00000000", "tidal_addi": "0.00000000", "spring_tid": "0.00000000", "neap_tidal": "0.00000000", "tidal_redu": "0.00000000", "shwl__mmsl": "11.94500000", "slwl__mmsl": "6.40000000", "comment": "-", "updated_at": "2023-12-19 11:16:12.6216", "updated_by": "osk", "observed_y": 27, "class_of_r": "III", "flow_statu": "Perennial", "islwl": "-", "exceedance": 2, "exceedan_1": 11.95, "exceedan_2": 95, "exceedan_3": 6.4, "spring_red": 0, "neap_reduc": 0, "final_redu": 0, "shwl__mm_1": "-", "slwl__mm_1": "-", "used_for_s": 1, "used_fo_01": 1}}, {"type": "Feature", "id": 59, "geometry": {"type": "Point", "coordinates": [89.25216700136662, 24.373861007392406]}, "properties": {"gid": 59, "objectid": 54, "organizati": "BWDB", "station_id": "SW148", "wl_station": "Chanchkair", "st_name": "SW148 (Chanchkair)", "river_name": "Karatoa-Atrai-Gur-Gumani-Hurasagar", "district": "Natore", "upazila": "Gurudaspur", "region": "North-West", "tidal_stat": "Non-Tidal (Non Flashy)", "latitude": 24.373860999999998, "longitude": 89.252167, "btm_x": 424441.25, "btm_y": 695527.8, "sob_effect": "2022-11-01 00:00:00", "sob_conver": "-0.52000000", "pwd_cd": "-", "msl": "-", "f5__exceed": "11.31300000", "f95__excee": "4.92900000", "m2__m_": "0.00000000", "s2__m_": "0.00000000", "msf__m_": "0.00000000", "tidal_addi": "0.00000000", "spring_tid": "0.00000000", "neap_tidal": "0.00000000", "tidal_redu": "0.00000000", "shwl__mmsl": "11.31300000", "slwl__mmsl": "4.92900000", "comment": "Datum Problem or, Problem in Gauge Zero Value.  So, SHWL is ignored in contour map creation. SLWL is OK.", "updated_at": "2023-12-19 11:16:12.6216", "updated_by": "osk", "observed_y": 27, "class_of_r": "III", "flow_statu": "Perennial", "islwl": "-", "exceedance": 2, "exceedan_1": 11.31, "exceedan_2": 95, "exceedan_3": 4.93, "spring_red": 0, "neap_reduc": 0, "final_redu": 0, "shwl__mm_1": "11.781", "slwl__mm_1": "-", "used_for_s": 0, "used_fo_01": 1}}, {"type": "Feature", "id": 60, "geometry": {"type": "Point", "coordinates": [89.35268300026655, 24.25985800474882]}, "properties": {"gid": 60, "objectid": 55, "organizati": "BWDB", "station_id": "SW149", "wl_station": "Astamanisha", "st_name": "SW149 (Astamanisha)", "river_name": "Karatoa-Atrai-Gur-Gumani-Hurasagar", "district": "Pabna", "upazila": "Bhangura", "region": "North-West", "tidal_stat": "Non-Tidal (Non Flashy)", "latitude": 24.259857999999998, "longitude": 89.352683, "btm_x": 434576.78, "btm_y": 682853.91, "sob_effect": "2022-11-01 00:00:00", "sob_conver": "0.42000000", "pwd_cd": "-", "msl": "-", "f5__exceed": "11.60600000", "f95__excee": "2.82200000", "m2__m_": "0.00000000", "s2__m_": "0.00000000", "msf__m_": "0.00000000", "tidal_addi": "0.00000000", "spring_tid": "0.00000000", "neap_tidal": "0.00000000", "tidal_redu": "0.00000000", "shwl__mmsl": "11.60600000", "slwl__mmsl": "2.82200000", "comment": "Datum Problem or, Problem in Gauge Zero Value.  So, SHWL & SLWL are being ignored in contour map creation.", "updated_at": "2023-12-19 11:16:12.6216", "updated_by": "osk", "observed_y": 27, "class_of_r": "III", "flow_statu": "Perennial", "islwl": "-", "exceedance": 2, "exceedan_1": 11.61, "exceedan_2": 95, "exceedan_3": 2.8200000000000003, "spring_red": 0, "neap_reduc": 0, "final_redu": 0, "shwl__mm_1": "-", "slwl__mm_1": "-", "used_for_s": 0, "used_fo_01": 0}}, {"type": "Feature", "id": 61, "geometry": {"type": "Point", "coordinates": [89.42016500234604, 24.227715000510216]}, "properties": {"gid": 61, "objectid": 56, "organizati": "BWDB", "station_id": "SW149.1", "wl_station": "Gumani Rly. Bridge", "st_name": "SW149.1 (Gumani Rly. Bridge)", "river_name": "Karatoa-Atrai-Gur-Gumani-Hurasagar", "district": "Pabna", "upazila": "Bhangura", "region": "North-West", "tidal_stat": "Non-Tidal (Non Flashy)", "latitude": 24.227715, "longitude": 89.42016500000001, "btm_x": 441412.02, "btm_y": 679264.88, "sob_effect": "2022-11-01 00:00:00", "sob_conver": "0.11000000", "pwd_cd": "-", "msl": "-", "f5__exceed": "11.49600000", "f95__excee": "3.29400000", "m2__m_": "0.00000000", "s2__m_": "0.00000000", "msf__m_": "0.00000000", "tidal_addi": "0.00000000", "spring_tid": "0.00000000", "neap_tidal": "0.00000000", "tidal_redu": "0.00000000", "shwl__mmsl": "11.49600000", "slwl__mmsl": "3.29400000", "comment": "-", "updated_at": "2023-12-19 11:16:12.6216", "updated_by": "osk", "observed_y": 18, "class_of_r": "III", "flow_statu": "Perennial", "islwl": "-", "exceedance": 2, "exceedan_1": 11.5, "exceedan_2": 95, "exceedan_3": 3.29, "spring_red": 0, "neap_reduc": 0, "final_redu": 0, "shwl__mm_1": "-", "slwl__mm_1": "-", "used_for_s": 1, "used_fo_01": 1}}, {"type": "Feature", "id": 62, "geometry": {"type": "Point", "coordinates": [88.75896300375462, 25.540292002260685]}, "properties": {"gid": 62, "objectid": 49, "organizati": "BWDB", "station_id": "SW143", "wl_station": "Shamjhiaghat", "st_name": "SW143 (Shamjhiaghat)", "river_name": "Karatoa-Atrai-Gur-Gumani-Hurasagar", "district": "Dinajpur", "upazila": "Dinajpur Sadar", "region": "North-West", "tidal_stat": "Non-Tidal (Non Flashy)", "latitude": 25.540291999999997, "longitude": 88.758963, "btm_x": 375598.93, "btm_y": 825061.28, "sob_effect": "2022-11-01", "sob_conver": "-0.71000000", "pwd_cd": null, "msl": null, "f5__exceed": "29.53", "f95__excee": "25.71", "m2__m_": "0.00000000", "s2__m_": "0.00000000", "msf__m_": "0.00000000", "tidal_addi": "0.00000000", "spring_tid": "0.00000000", "neap_tidal": "0.00000000", "tidal_redu": "0.00000000", "shwl__mmsl": "29.53", "slwl__mmsl": "25.71", "comment": "-", "updated_at": "2024-02-05 12:44:00.246737", "updated_by": "Arif", "observed_y": 22, "class_of_r": "V", "flow_statu": "Perennial", "islwl": "-", "exceedance": 2, "exceedan_1": 29.53, "exceedan_2": 95, "exceedan_3": 25.71, "spring_red": 0, "neap_reduc": 0, "final_redu": 0, "shwl__mm_1": "-", "slwl__mm_1": "-", "used_for_s": 1, "used_fo_01": 1}}, {"type": "Feature", "id": 63, "geometry": {"type": "Point", "coordinates": [88.75175200402737, 25.168842002749443]}, "properties": {"gid": 63, "objectid": 50, "organizati": "BWDB", "station_id": "SW144", "wl_station": "Chak Hariharpur", "st_name": "SW144 (Chak Hariharpur)", "river_name": "Karatoa-Atrai-Gur-Gumani-Hurasagar", "district": "Naogaon", "upazila": "Dhamoirhat", "region": "North-West", "tidal_stat": "Non-Tidal (Non Flashy)", "latitude": 25.168842, "longitude": 88.751752, "btm_x": 374490.55, "btm_y": 783930.07, "sob_effect": "2022-11-01", "sob_conver": "0.04000000", "pwd_cd": null, "msl": null, "f5__exceed": "20.89", "f95__excee": "15.89", "m2__m_": "0.00000000", "s2__m_": "0.00000000", "msf__m_": "0.00000000", "tidal_addi": "0.00000000", "spring_tid": "0.00000000", "neap_tidal": "0.00000000", "tidal_redu": "0.00000000", "shwl__mmsl": "20.89", "slwl__mmsl": "15.89", "comment": "-", "updated_at": "2024-02-05 12:52:04.333893", "updated_by": "Arif", "observed_y": 27, "class_of_r": "IV", "flow_statu": "Perennial", "islwl": "-", "exceedance": 2, "exceedan_1": 20.82, "exceedan_2": 95, "exceedan_3": 15.81, "spring_red": 0, "neap_reduc": 0, "final_redu": 0, "shwl__mm_1": "-", "slwl__mm_1": "-", "used_for_s": 1, "used_fo_01": 1}}, {"type": "Feature", "id": 64, "geometry": {"type": "Point", "coordinates": [89.47140500694513, 24.175130002200603]}, "properties": {"gid": 64, "objectid": 57, "organizati": "BWDB", "station_id": "SW150", "wl_station": "Dohakoladanga", "st_name": "SW150 (Dohakoladanga)", "river_name": "Karatoa-Atrai-Gur-Gumani-Hurasagar", "district": "Pabna", "upazila": "Faridpur", "region": "North-West", "tidal_stat": "Non-Tidal (Non Flashy)", "latitude": 24.17513, "longitude": 89.471405, "btm_x": 446592.58, "btm_y": 673422.07, "sob_effect": "2022-11-01 00:00:00", "sob_conver": "-0.46000000", "pwd_cd": "-", "msl": "-", "f5__exceed": "10.77600000", "f95__excee": "3.07300000", "m2__m_": "0.00000000", "s2__m_": "0.00000000", "msf__m_": "0.00000000", "tidal_addi": "0.00000000", "spring_tid": "0.00000000", "neap_tidal": "0.00000000", "tidal_redu": "0.00000000", "shwl__mmsl": "10.77600000", "slwl__mmsl": "3.07300000", "comment": "-", "updated_at": "2023-12-19 11:16:12.6216", "updated_by": "osk", "observed_y": 17, "class_of_r": "III", "flow_statu": "Perennial", "islwl": "-", "exceedance": 2, "exceedan_1": 10.78, "exceedan_2": 95, "exceedan_3": 3.07, "spring_red": 0, "neap_reduc": 0, "final_redu": 0, "shwl__mm_1": "-", "slwl__mm_1": "-", "used_for_s": 1, "used_fo_01": 1}}, {"type": "Feature", "id": 65, "geometry": {"type": "Point", "coordinates": [89.58052200078964, 24.130969002842903]}, "properties": {"gid": 65, "objectid": 58, "organizati": "BWDB", "station_id": "SW151", "wl_station": "Baghabari", "st_name": "SW151 (Baghabari)", "river_name": "Karatoa-Atrai-Gur-Gumani-Hurasagar", "district": "Sirajganj", "upazila": "Shahjadpur", "region": "North-West", "tidal_stat": "Non-Tidal (Non Flashy)", "latitude": 24.130969, "longitude": 89.580522, "btm_x": 457661.43, "btm_y": 668495.13, "sob_effect": "2022-11-01 00:00:00", "sob_conver": "-0.65000000", "pwd_cd": "-", "msl": "-", "f5__exceed": "10.59300000", "f95__excee": "2.86800000", "m2__m_": "0.00000000", "s2__m_": "0.00000000", "msf__m_": "0.00000000", "tidal_addi": "0.00000000", "spring_tid": "0.00000000", "neap_tidal": "0.00000000", "tidal_redu": "0.00000000", "shwl__mmsl": "10.59300000", "slwl__mmsl": "2.86800000", "comment": "Baghabari 2720 (BIWTA) is near to this station. So, it is omitted for contour map creatrion", "updated_at": "2023-12-19 11:16:12.6216", "updated_by": "osk", "observed_y": 27, "class_of_r": "I", "flow_statu": "Perennial", "islwl": "-", "exceedance": 2, "exceedan_1": 10.59, "exceedan_2": 95, "exceedan_3": 2.87, "spring_red": 0, "neap_reduc": 0, "final_redu": 0, "shwl__mm_1": "10.192", "slwl__mm_1": "2.769", "used_for_s": 0, "used_fo_01": 0}}, {"type": "Feature", "id": 66, "geometry": {"type": "Point", "coordinates": [91.88746130466461, 22.397521801292896]}, "properties": {"gid": 66, "objectid": 59, "organizati": "BWDB", "station_id": "SW152.2", "wl_station": "Kalurghat", "st_name": "SW152.2 (Kalurghat)", "river_name": "Karnafuli", "district": "Chattogram", "upazila": "Chittagong Sadar", "region": "Eastern Hilly", "tidal_stat": "Tidal", "latitude": 22.39752181, "longitude": 91.88746135, "btm_x": 694584.78, "btm_y": 477754.01, "sob_effect": "2021-02-01 00:00:00", "sob_conver": "-1.88000000", "pwd_cd": "-", "msl": "-", "f5__exceed": "1.06700000", "f95__excee": "-0.76200000", "m2__m_": "0.89200000", "s2__m_": "0.27900000", "msf__m_": "0.09100000", "tidal_addi": "1.37900000", "spring_tid": "-1.19800000", "neap_tidal": "-0.76400000", "tidal_redu": "-1.19800000", "shwl__mmsl": "2.44600000", "slwl__mmsl": "-1.96000000", "comment": "Datum Problem or, Problem in Gauge Zero Value.  So, SHWL & SLWL are being ignored in contour map creation.", "updated_at": "2023-12-19 11:16:12.6216", "updated_by": "osk", "observed_y": 23, "class_of_r": "I", "flow_statu": "Perennial", "islwl": "-", "exceedance": 2, "exceedan_1": 1.07, "exceedan_2": 95, "exceedan_3": -0.76, "spring_red": -1.2, "neap_reduc": -0.76, "final_redu": -1.2, "shwl__mm_1": "-", "slwl__mm_1": "-", "used_for_s": 0, "used_fo_01": 0}}, {"type": "Feature", "id": 67, "geometry": {"type": "Point", "coordinates": [89.50414600223303, 25.110245004296303]}, "properties": {"gid": 67, "objectid": 60, "organizati": "BWDB", "station_id": "SW155", "wl_station": "Mohimaganj Railway Crossing", "st_name": "SW155 (Mohimaganj Railway Crossing)", "river_name": "Katakhali", "district": "Gaibandha", "upazila": "Gobindaganj", "region": "North-West", "tidal_stat": "Non-Tidal (Non Flashy)", "latitude": 25.110245, "longitude": 89.50414599999999, "btm_x": 450291.86, "btm_y": 776950.63, "sob_effect": "2022-11-01 00:00:00", "sob_conver": "-0.56000000", "pwd_cd": "-", "msl": "-", "f5__exceed": "17.80900000", "f95__excee": "12.81900000", "m2__m_": "0.00000000", "s2__m_": "0.00000000", "msf__m_": "0.00000000", "tidal_addi": "0.00000000", "spring_tid": "0.00000000", "neap_tidal": "0.00000000", "tidal_redu": "0.00000000", "shwl__mmsl": "17.80900000", "slwl__mmsl": "12.81900000", "comment": "-", "updated_at": "2023-12-19 11:16:12.6216", "updated_by": "osk", "observed_y": 27, "class_of_r": "Unclassified", "flow_statu": "Perennial", "islwl": "-", "exceedance": 2, "exceedan_1": 17.81, "exceedan_2": 95, "exceedan_3": 12.82, "spring_red": 0, "neap_reduc": 0, "final_redu": 0, "shwl__mm_1": "-", "slwl__mm_1": "-", "used_for_s": 1, "used_fo_01": 1}}, {"type": "Feature", "id": 68, "geometry": {"type": "Point", "coordinates": [88.87691900134087, 25.773838005959988]}, "properties": {"gid": 68, "objectid": 61, "organizati": "BWDB", "station_id": "SW156A", "wl_station": "Kundal", "st_name": "SW156A (Kundal)", "river_name": "Kharkhuria", "district": "Nilphamari", "upazila": "Saidpur", "region": "North-West", "tidal_stat": "Non-Tidal (Flashy)", "latitude": 25.773838, "longitude": 88.876919, "btm_x": 387670.31, "btm_y": 850821.3, "sob_effect": "2022-11-01 00:00:00", "sob_conver": "-0.92000000", "pwd_cd": "-", "msl": "-", "f5__exceed": "37.96100000", "f95__excee": "34.87700000", "m2__m_": "0.00000000", "s2__m_": "0.00000000", "msf__m_": "0.00000000", "tidal_addi": "0.00000000", "spring_tid": "0.00000000", "neap_tidal": "0.00000000", "tidal_redu": "0.00000000", "shwl__mmsl": "37.96100000", "slwl__mmsl": "34.87700000", "comment": "-", "updated_at": "2023-12-19 11:16:12.6216", "updated_by": "osk", "observed_y": 26, "class_of_r": "Unclassified", "flow_statu": "Seasonal", "islwl": "-", "exceedance": 2, "exceedan_1": 37.96, "exceedan_2": 95, "exceedan_3": 34.88, "spring_red": 0, "neap_reduc": 0, "final_redu": 0, "shwl__mm_1": "-", "slwl__mm_1": "-", "used_for_s": 1, "used_fo_01": 1}}, {"type": "Feature", "id": 69, "geometry": {"type": "Point", "coordinates": [91.59481600672007, 24.083520002663136]}, "properties": {"gid": 69, "objectid": 62, "organizati": "BWDB", "station_id": "SW157", "wl_station": "Ballah", "st_name": "SW157 (Ballah)", "river_name": "Khowai", "district": "Habiganj", "upazila": "Chunarughat", "region": "North-East", "tidal_stat": "Non-Tidal (Flashy)", "latitude": 24.08352, "longitude": 91.59481600000001, "btm_x": 662401.95, "btm_y": 664098.9, "sob_effect": "2018-05-18 00:00:00", "sob_conver": "-0.57900000", "pwd_cd": "-", "msl": "-", "f5__exceed": "21.42000000", "f95__excee": "19.18700000", "m2__m_": "0.00000000", "s2__m_": "0.00000000", "msf__m_": "0.00000000", "tidal_addi": "0.00000000", "spring_tid": "0.00000000", "neap_tidal": "0.00000000", "tidal_redu": "0.00000000", "shwl__mmsl": "21.42000000", "slwl__mmsl": "19.18700000", "comment": "-", "updated_at": "2023-12-19 11:16:12.6216", "updated_by": "osk", "observed_y": 27, "class_of_r": "IV", "flow_statu": "Perennial", "islwl": "-", "exceedance": 2, "exceedan_1": 21.42, "exceedan_2": 95, "exceedan_3": 19.19, "spring_red": 0, "neap_reduc": 0, "final_redu": 0, "shwl__mm_1": "-", "slwl__mm_1": "-", "used_for_s": 1, "used_fo_01": 1}}, {"type": "Feature", "id": 70, "geometry": {"type": "Point", "coordinates": [91.52724300324917, 24.202746003866196]}, "properties": {"gid": 70, "objectid": 63, "organizati": "BWDB", "station_id": "SW158", "wl_station": "Chunarghat", "st_name": "SW158 (Chunarghat)", "river_name": "Khowai", "district": "Habiganj", "upazila": "Chunarughat", "region": "North-East", "tidal_stat": "Non-Tidal (Flashy)", "latitude": 24.202746, "longitude": 91.527243, "btm_x": 655387.83, "btm_y": 677225.76, "sob_effect": "2022-01-01 00:00:00", "sob_conver": "-1.16400000", "pwd_cd": "-", "msl": "-", "f5__exceed": "14.24000000", "f95__excee": "11.12700000", "m2__m_": "0.00000000", "s2__m_": "0.00000000", "msf__m_": "0.00000000", "tidal_addi": "0.00000000", "spring_tid": "0.00000000", "neap_tidal": "0.00000000", "tidal_redu": "0.00000000", "shwl__mmsl": "14.24000000", "slwl__mmsl": "11.12700000", "comment": "-", "updated_at": "2023-12-19 11:16:12.6216", "updated_by": "osk", "observed_y": 27, "class_of_r": "IV", "flow_statu": "Perennial", "islwl": "-", "exceedance": 2, "exceedan_1": 14.24, "exceedan_2": 95, "exceedan_3": 11.13, "spring_red": 0, "neap_reduc": 0, "final_redu": 0, "shwl__mm_1": "-", "slwl__mm_1": "-", "used_for_s": 1, "used_fo_01": 1}}, {"type": "Feature", "id": 71, "geometry": {"type": "Point", "coordinates": [91.47386300563812, 24.273245006799698]}, "properties": {"gid": 71, "objectid": 64, "organizati": "BWDB", "station_id": "SW158.1", "wl_station": "Shaistaganj", "st_name": "SW158.1 (Shaistaganj)", "river_name": "Khowai", "district": "Habiganj", "upazila": "Habiganj Sadar", "region": "North-East", "tidal_stat": "Non-Tidal (Flashy)", "latitude": 24.273245, "longitude": 91.473863, "btm_x": 649883.38, "btm_y": 684974.65, "sob_effect": "2022-01-01 00:00:00", "sob_conver": "-1.42400000", "pwd_cd": "-", "msl": "-", "f5__exceed": "10.71600000", "f95__excee": "6.29200000", "m2__m_": "0.00000000", "s2__m_": "0.00000000", "msf__m_": "0.00000000", "tidal_addi": "0.00000000", "spring_tid": "0.00000000", "neap_tidal": "0.00000000", "tidal_redu": "0.00000000", "shwl__mmsl": "10.71600000", "slwl__mmsl": "6.29200000", "comment": "-", "updated_at": "2023-12-19 11:16:12.6216", "updated_by": "osk", "observed_y": 27, "class_of_r": "IV", "flow_statu": "Perennial", "islwl": "-", "exceedance": 2, "exceedan_1": 10.72, "exceedan_2": 95, "exceedan_3": 6.29, "spring_red": 0, "neap_reduc": 0, "final_redu": 0, "shwl__mm_1": "-", "slwl__mm_1": "-", "used_for_s": 1, "used_fo_01": 1}}, {"type": "Feature", "id": 72, "geometry": {"type": "Point", "coordinates": [91.42780200392008, 24.368017002940178]}, "properties": {"gid": 72, "objectid": 65, "organizati": "BWDB", "station_id": "SW159", "wl_station": "Habiganj", "st_name": "SW159 (Habiganj)", "river_name": "Khowai", "district": "Habiganj", "upazila": "Habiganj Sadar", "region": "North-East", "tidal_stat": "Non-Tidal (Flashy)", "latitude": 24.368017, "longitude": 91.427802, "btm_x": 645099.71, "btm_y": 695421.07, "sob_effect": "2018-05-21 00:00:00", "sob_conver": "-1.37000000", "pwd_cd": "-", "msl": "-", "f5__exceed": "7.71000000", "f95__excee": "4.04400000", "m2__m_": "0.00000000", "s2__m_": "0.00000000", "msf__m_": "0.00000000", "tidal_addi": "0.00000000", "spring_tid": "0.00000000", "neap_tidal": "0.00000000", "tidal_redu": "0.00000000", "shwl__mmsl": "7.71000000", "slwl__mmsl": "4.04400000", "comment": "-", "updated_at": "2023-12-19 11:16:12.6216", "updated_by": "osk", "observed_y": 27, "class_of_r": "IV", "flow_statu": "Perennial", "islwl": "-", "exceedance": 2, "exceedan_1": 7.71, "exceedan_2": 95, "exceedan_3": 4.04, "spring_red": 0, "neap_reduc": 0, "final_redu": 0, "shwl__mm_1": "-", "slwl__mm_1": "-", "used_for_s": 1, "used_fo_01": 1}}, {"type": "Feature", "id": 73, "geometry": {"type": "Point", "coordinates": [89.58565300703049, 24.85011800378561]}, "properties": {"gid": 73, "objectid": 66, "organizati": "BWDB", "station_id": "SW15J", "wl_station": "Mathurpara-Milanpur", "st_name": "SW15J (Mathurpara-Milanpur)", "river_name": "Brahmaputra-Jamuna", "district": "Bogura", "upazila": "Shariakandi", "region": "North-West", "tidal_stat": "Non-Tidal (Non Flashy)", "latitude": 24.850118000000002, "longitude": 89.585653, "btm_x": 458421.49, "btm_y": 748119.25, "sob_effect": "2022-11-01 00:00:00", "sob_conver": "-0.48000000", "pwd_cd": "-", "msl": "-", "f5__exceed": "16.81900000", "f95__excee": "9.17000000", "m2__m_": "0.00000000", "s2__m_": "0.00000000", "msf__m_": "0.00000000", "tidal_addi": "0.00000000", "spring_tid": "0.00000000", "neap_tidal": "0.00000000", "tidal_redu": "0.00000000", "shwl__mmsl": "16.81900000", "slwl__mmsl": "9.17000000", "comment": "-", "updated_at": "2023-12-19 11:16:12.6216", "updated_by": "osk", "observed_y": 27, "class_of_r": "II", "flow_statu": "Perennial", "islwl": "-", "exceedance": 2, "exceedan_1": 16.82, "exceedan_2": 95, "exceedan_3": 9.17, "spring_red": 0, "neap_reduc": 0, "final_redu": 0, "shwl__mm_1": "-", "slwl__mm_1": "-", "used_for_s": 1, "used_fo_01": 1}}, {"type": "Feature", "id": 74, "geometry": {"type": "Point", "coordinates": [88.96289900690317, 24.292729005217552]}, "properties": {"gid": 74, "objectid": 67, "organizati": "BWDB", "station_id": "SW16.1", "wl_station": "Malanchi", "st_name": "SW16.1 (Malanchi)", "river_name": "Baral", "district": "Natore", "upazila": "Bagatipara", "region": "North-West", "tidal_stat": "Non-Tidal (Non Flashy)", "latitude": 24.292729, "longitude": 88.96289900000001, "btm_x": 395035.95, "btm_y": 686732.67, "sob_effect": "2022-11-01 00:00:00", "sob_conver": "-0.72000000", "pwd_cd": "-", "msl": "-", "f5__exceed": "12.90300000", "f95__excee": "8.70800000", "m2__m_": "0.00000000", "s2__m_": "0.00000000", "msf__m_": "0.00000000", "tidal_addi": "0.00000000", "spring_tid": "0.00000000", "neap_tidal": "0.00000000", "tidal_redu": "0.00000000", "shwl__mmsl": "12.90300000", "slwl__mmsl": "8.70800000", "comment": "-", "updated_at": "2023-12-19 11:16:12.6216", "updated_by": "osk", "observed_y": 27, "class_of_r": "III", "flow_statu": "Seasonal", "islwl": "-", "exceedance": 2, "exceedan_1": 12.9, "exceedan_2": 95, "exceedan_3": 8.71, "spring_red": 0, "neap_reduc": 0, "final_redu": 0, "shwl__mm_1": "-", "slwl__mm_1": "-", "used_for_s": 1, "used_fo_01": 1}}, {"type": "Feature", "id": 75, "geometry": {"type": "Point", "coordinates": [89.02780540287495, 23.348261900246143]}, "properties": {"gid": 75, "objectid": 68, "organizati": "BWDB", "station_id": "SW161", "wl_station": "Tahirpur", "st_name": "SW161 (Tahirpur)", "river_name": "Kobadak", "district": "Jessore", "upazila": "Chaugachha", "region": "South-West", "tidal_stat": "Non-Tidal (Non Flashy)", "latitude": 23.34826192, "longitude": 89.02780539, "btm_x": 400906.59, "btm_y": 582112.57, "sob_effect": "2023-01-01 00:00:00", "sob_conver": "-0.57900000", "pwd_cd": "-", "msl": "-", "f5__exceed": "5.18300000", "f95__excee": "2.16800000", "m2__m_": "0.00000000", "s2__m_": "0.00000000", "msf__m_": "0.00000000", "tidal_addi": "0.00000000", "spring_tid": "0.00000000", "neap_tidal": "0.00000000", "tidal_redu": "0.00000000", "shwl__mmsl": "5.18300000", "slwl__mmsl": "2.16800000", "comment": "-", "updated_at": "2023-12-19 11:16:12.6216", "updated_by": "osk", "observed_y": 26, "class_of_r": "V", "flow_statu": "Seasonal", "islwl": "-", "exceedance": 2, "exceedan_1": 5.18, "exceedan_2": 95, "exceedan_3": 2.17, "spring_red": 0, "neap_reduc": 0, "final_redu": 0, "shwl__mm_1": "-", "slwl__mm_1": "-", "used_for_s": 1, "used_fo_01": 1}}, {"type": "Feature", "id": 76, "geometry": {"type": "Point", "coordinates": [89.09412510693073, 23.10504560172558]}, "properties": {"gid": 76, "objectid": 69, "organizati": "BWDB", "station_id": "SW162", "wl_station": "Jhikargacha", "st_name": "SW162 (Jhikargacha)", "river_name": "Kobadak", "district": "Jessore", "upazila": "Jhikargachha", "region": "South-West", "tidal_stat": "Non-Tidal (Non Flashy)", "latitude": 23.10504557, "longitude": 89.09412506, "btm_x": 407518.24, "btm_y": 555141.66, "sob_effect": "2023-01-01 00:00:00", "sob_conver": "-0.51500000", "pwd_cd": "-", "msl": "-", "f5__exceed": "4.23500000", "f95__excee": "1.00200000", "m2__m_": "0.00000000", "s2__m_": "0.00000000", "msf__m_": "0.00000000", "tidal_addi": "0.00000000", "spring_tid": "0.00000000", "neap_tidal": "0.00000000", "tidal_redu": "0.00000000", "shwl__mmsl": "4.23500000", "slwl__mmsl": "1.00200000", "comment": "-", "updated_at": "2023-12-19 11:16:12.6216", "updated_by": "osk", "observed_y": 27, "class_of_r": "V", "flow_statu": "Perennial", "islwl": "-", "exceedance": 2, "exceedan_1": 4.24, "exceedan_2": 95, "exceedan_3": 1, "spring_red": 0, "neap_reduc": 0, "final_redu": 0, "shwl__mm_1": "-", "slwl__mm_1": "-", "used_for_s": 1, "used_fo_01": 1}}, {"type": "Feature", "id": 77, "geometry": {"type": "Point", "coordinates": [89.23670580238104, 22.728571504354477]}, "properties": {"gid": 77, "objectid": 70, "organizati": "BWDB", "station_id": "SW163", "wl_station": "Tala Magura", "st_name": "SW163 (Tala Magura)", "river_name": "Kobadak", "district": "Satkhira", "upazila": "Tala", "region": "South-West", "tidal_stat": "Tidal", "latitude": 22.72857145, "longitude": 89.23670579, "btm_x": 421903.55, "btm_y": 513380.81, "sob_effect": "2023-01-01 00:00:00", "sob_conver": "-0.74100000", "pwd_cd": "-", "msl": "-", "f5__exceed": "2.16100000", "f95__excee": "-1.12800000", "m2__m_": "0.36700000", "s2__m_": "0.09800000", "msf__m_": "0.06900000", "tidal_addi": "0.58000000", "spring_tid": "-0.44200000", "neap_tidal": "-0.36500000", "tidal_redu": "-0.44200000", "shwl__mmsl": "2.74100000", "slwl__mmsl": "-1.57000000", "comment": "There is seemed several data shifting in the time series. Due to this frequent data shifting, the estimated SHWL & SLWL are not matched with the nearest values. So, the station is not considered in contour map creation.", "updated_at": "2023-12-19 11:16:12.6216", "updated_by": "osk", "observed_y": 24, "class_of_r": "V", "flow_statu": "Perennial", "islwl": "-", "exceedance": 2, "exceedan_1": 2.16, "exceedan_2": 95, "exceedan_3": -1.13, "spring_red": -0.44, "neap_reduc": -0.37, "final_redu": -0.44, "shwl__mm_1": "-", "slwl__mm_1": "-", "used_for_s": 0, "used_fo_01": 0}}, {"type": "Feature", "id": 78, "geometry": {"type": "Point", "coordinates": [89.24790300428867, 22.536047004163265]}, "properties": {"gid": 78, "objectid": 71, "organizati": "BWDB", "station_id": "SW164", "wl_station": "Chandkhali", "st_name": "SW164 (Chandkhali)", "river_name": "Kobadak", "district": "Khulna", "upazila": "Paikgachha", "region": "South-West", "tidal_stat": "Tidal", "latitude": 22.536047, "longitude": 89.24790300000001, "btm_x": 422945.74, "btm_y": 492062.4, "sob_effect": "2023-01-01 00:00:00", "sob_conver": "-0.47900000", "pwd_cd": "-", "msl": "-", "f5__exceed": "2.10600000", "f95__excee": "-0.25800000", "m2__m_": "0.45900000", "s2__m_": "1.63700000", "msf__m_": "0.01600000", "tidal_addi": "2.32200000", "spring_tid": "-2.29000000", "neap_tidal": "1.27900000", "tidal_redu": "-2.29000000", "shwl__mmsl": "4.42800000", "slwl__mmsl": "-2.54800000", "comment": "Data availability from 1996 to Feb'01 and Aug'20 to 2022. Due to insufficient amount of data, this station was omitted.", "updated_at": "2023-12-19 11:16:12.6216", "updated_by": "osk", "observed_y": 9, "class_of_r": "IV", "flow_statu": "Perennial", "islwl": "-", "exceedance": 2, "exceedan_1": 2.11, "exceedan_2": 95, "exceedan_3": -0.26, "spring_red": -2.29, "neap_reduc": 1.28, "final_redu": -2.29, "shwl__mm_1": "-", "slwl__mm_1": "-", "used_for_s": 0, "used_fo_01": 0}}, {"type": "Feature", "id": 79, "geometry": {"type": "Point", "coordinates": [89.31073400378227, 22.222762003540993]}, "properties": {"gid": 79, "objectid": 72, "organizati": "BWDB", "station_id": "SW165", "wl_station": "Kobadak Forest Office", "st_name": "SW165 (Kobadak Forest Office)", "river_name": "Kobadak", "district": "Khulna", "upazila": "Koyra", "region": "South-West", "tidal_stat": "Tidal", "latitude": 22.222762, "longitude": 89.310734, "btm_x": 429248.02, "btm_y": 457351.88, "sob_effect": "2023-01-01 00:00:00", "sob_conver": "-0.44300000", "pwd_cd": "-", "msl": "-", "f5__exceed": "0.18500000", "f95__excee": "-1.04800000", "m2__m_": "1.10900000", "s2__m_": "0.46200000", "msf__m_": "0.04000000", "tidal_addi": "1.76800000", "spring_tid": "-1.68800000", "neap_tidal": "-0.75200000", "tidal_redu": "-1.68800000", "shwl__mmsl": "1.95300000", "slwl__mmsl": "-2.73600000", "comment": "-", "updated_at": "2023-12-19 11:16:12.6216", "updated_by": "osk", "observed_y": 21, "class_of_r": "III", "flow_statu": "Perennial", "islwl": "-", "exceedance": 2, "exceedan_1": 0.19, "exceedan_2": 95, "exceedan_3": -1.05, "spring_red": -1.69, "neap_reduc": -0.75, "final_redu": -1.69, "shwl__mm_1": "-", "slwl__mm_1": "-", "used_for_s": 1, "used_fo_01": 1}}, {"type": "Feature", "id": 80, "geometry": {"type": "Point", "coordinates": [88.86275390535593, 23.826278902590275]}, "properties": {"gid": 80, "objectid": 107, "organizati": "BWDB", "station_id": "SW206", "wl_station": "Hatboalia", "st_name": "SW206 (Hatboalia)", "river_name": "Mathabhanga", "district": "Chuadanga", "upazila": "Alamdanga", "region": "South-West", "tidal_stat": "Non-Tidal (Non Flashy)", "latitude": 23.82627886, "longitude": 88.86275389000001, "btm_x": 384454.13, "btm_y": 635162.67, "sob_effect": "2023-01-01 00:00:00", "sob_conver": "-1.37800000", "pwd_cd": "-", "msl": "-", "f5__exceed": "11.08500000", "f95__excee": "5.97500000", "m2__m_": "0.00000000", "s2__m_": "0.00000000", "msf__m_": "0.00000000", "tidal_addi": "0.00000000", "spring_tid": "0.00000000", "neap_tidal": "0.00000000", "tidal_redu": "0.00000000", "shwl__mmsl": "11.08500000", "slwl__mmsl": "5.97500000", "comment": "-", "updated_at": "2023-12-19 11:16:12.6216", "updated_by": "osk", "observed_y": 27, "class_of_r": "V", "flow_statu": "Perennial", "islwl": "-", "exceedance": 2, "exceedan_1": 11.09, "exceedan_2": 95, "exceedan_3": 5.98, "spring_red": 0, "neap_reduc": 0, "final_redu": 0, "shwl__mm_1": "-", "slwl__mm_1": "-", "used_for_s": 1, "used_fo_01": 1}}, {"type": "Feature", "id": 81, "geometry": {"type": "Point", "coordinates": [89.38038300722837, 24.21765100210905]}, "properties": {"gid": 81, "objectid": 75, "organizati": "BWDB", "station_id": "SW17.1", "wl_station": "Baral Rly. Bridge", "st_name": "SW17.1 (Baral Rly. Bridge)", "river_name": "Baral", "district": "Pabna", "upazila": "Bhangura", "region": "North-West", "tidal_stat": "Non-Tidal (Non Flashy)", "latitude": 24.217651, "longitude": 89.38038300000001, "btm_x": 437367.84, "btm_y": 678167.94, "sob_effect": "2022-11-01 00:00:00", "sob_conver": "-0.35000000", "pwd_cd": "-", "msl": "-", "f5__exceed": "10.82900000", "f95__excee": "2.93900000", "m2__m_": "0.00000000", "s2__m_": "0.00000000", "msf__m_": "0.00000000", "tidal_addi": "0.00000000", "spring_tid": "0.00000000", "neap_tidal": "0.00000000", "tidal_redu": "0.00000000", "shwl__mmsl": "10.82900000", "slwl__mmsl": "2.93900000", "comment": "-", "updated_at": "2023-12-19 11:16:12.6216", "updated_by": "osk", "observed_y": 27, "class_of_r": "Unclassified", "flow_statu": "Seasonal", "islwl": "-", "exceedance": 2, "exceedan_1": 10.83, "exceedan_2": 95, "exceedan_3": 2.94, "spring_red": 0, "neap_reduc": 0, "final_redu": 0, "shwl__mm_1": "-", "slwl__mm_1": "-", "used_for_s": 1, "used_fo_01": 1}}, {"type": "Feature", "id": 82, "geometry": {"type": "Point", "coordinates": [89.97066770493984, 23.387981601059437]}, "properties": {"gid": 82, "objectid": 76, "organizati": "BWDB", "station_id": "SW170", "wl_station": "Bhanga", "st_name": "SW170 (Bhanga)", "river_name": "Kumar_Faridpur", "district": "Faridpur", "upazila": "Bhanga", "region": "South-West", "tidal_stat": "Non-Tidal (Non Flashy)", "latitude": 23.38798156, "longitude": 89.97066775, "btm_x": 497286.28, "btm_y": 586175.84, "sob_effect": "2023-01-01 00:00:00", "sob_conver": "-0.81000000", "pwd_cd": "-", "msl": "-", "f5__exceed": "3.70700000", "f95__excee": "-0.08100000", "m2__m_": "0.00000000", "s2__m_": "0.00000000", "msf__m_": "0.00000000", "tidal_addi": "0.00000000", "spring_tid": "0.00000000", "neap_tidal": "0.00000000", "tidal_redu": "0.00000000", "shwl__mmsl": "3.70700000", "slwl__mmsl": "-0.08100000", "comment": "-", "updated_at": "2023-12-19 11:16:12.6216", "updated_by": "osk", "observed_y": 27, "class_of_r": "IV", "flow_statu": "Perennial", "islwl": "-", "exceedance": 2, "exceedan_1": 3.71, "exceedan_2": 95, "exceedan_3": -0.08, "spring_red": 0, "neap_reduc": 0, "final_redu": 0, "shwl__mm_1": "-", "slwl__mm_1": "-", "used_for_s": 1, "used_fo_01": 1}}, {"type": "Feature", "id": 83, "geometry": {"type": "Point", "coordinates": [89.19834810495377, 23.669375002384186]}, "properties": {"gid": 83, "objectid": 77, "organizati": "BWDB", "station_id": "SW171", "wl_station": "Garaganj", "st_name": "SW171 (Garaganj)", "river_name": "Kumar (Jessore)", "district": "Jhenaidah", "upazila": "Shailkupa", "region": "South-West", "tidal_stat": "Non-Tidal (Non Flashy)", "latitude": 23.66937505, "longitude": 89.19834814000001, "btm_x": 418538.63, "btm_y": 617557.14, "sob_effect": "2023-01-01 00:00:00", "sob_conver": "1.45600000", "pwd_cd": "-", "msl": "-", "f5__exceed": "7.56400000", "f95__excee": "3.45300000", "m2__m_": "0.00000000", "s2__m_": "0.00000000", "msf__m_": "0.00000000", "tidal_addi": "0.00000000", "spring_tid": "0.00000000", "neap_tidal": "0.00000000", "tidal_redu": "0.00000000", "shwl__mmsl": "7.56400000", "slwl__mmsl": "3.45300000", "comment": "-", "updated_at": "2023-12-19 11:16:12.6216", "updated_by": "osk", "observed_y": 27, "class_of_r": "V", "flow_statu": "Seasonal", "islwl": "-", "exceedance": 2, "exceedan_1": 7.5600000000000005, "exceedan_2": 95, "exceedan_3": 3.45, "spring_red": 0, "neap_reduc": 0, "final_redu": 0, "shwl__mm_1": "-", "slwl__mm_1": "-", "used_for_s": 1, "used_fo_01": 1}}, {"type": "Feature", "id": 84, "geometry": {"type": "Point", "coordinates": [92.19059200584888, 24.889826007187366]}, "properties": {"gid": 84, "objectid": 79, "organizati": "BWDB", "station_id": "SW173", "wl_station": "Sheola", "st_name": "SW173 (Sheola)", "river_name": "Kushiyara", "district": "Sylhet", "upazila": "Beanibazar", "region": "North-East", "tidal_stat": "Non-Tidal (Non Flashy)", "latitude": 24.889826, "longitude": 92.190592, "btm_x": 721565.63, "btm_y": 754233.24, "sob_effect": "2018-05-16 00:00:00", "sob_conver": "-1.03800000", "pwd_cd": "-", "msl": "-", "f5__exceed": "13.06200000", "f95__excee": "3.25800000", "m2__m_": "0.00000000", "s2__m_": "0.00000000", "msf__m_": "0.00000000", "tidal_addi": "0.00000000", "spring_tid": "0.00000000", "neap_tidal": "0.00000000", "tidal_redu": "0.00000000", "shwl__mmsl": "13.06200000", "slwl__mmsl": "3.25800000", "comment": "-", "updated_at": "2023-12-19 11:16:12.6216", "updated_by": "osk", "observed_y": 27, "class_of_r": "II", "flow_statu": "Perennial", "islwl": "-", "exceedance": 2, "exceedan_1": 13.06, "exceedan_2": 95, "exceedan_3": 3.26, "spring_red": 0, "neap_reduc": 0, "final_redu": 0, "shwl__mm_1": "-", "slwl__mm_1": "-", "used_for_s": 1, "used_fo_01": 1}}, {"type": "Feature", "id": 85, "geometry": {"type": "Point", "coordinates": [91.94111800193787, 24.701204001903534]}, "properties": {"gid": 85, "objectid": 80, "organizati": "BWDB", "station_id": "SW174", "wl_station": "Fenchuganj", "st_name": "SW174 (Fenchuganj)", "river_name": "Kushiyara", "district": "Sylhet", "upazila": "Fenchuganj", "region": "North-East", "tidal_stat": "Non-Tidal (Non Flashy)", "latitude": 24.701204, "longitude": 91.941118, "btm_x": 696655.37, "btm_y": 732957.63, "sob_effect": "2020-01-01 00:00:00", "sob_conver": "-0.96000000", "pwd_cd": "-", "msl": "-", "f5__exceed": "10.05900000", "f95__excee": "2.14400000", "m2__m_": "0.00000000", "s2__m_": "0.00000000", "msf__m_": "0.00000000", "tidal_addi": "0.00000000", "spring_tid": "0.00000000", "neap_tidal": "0.00000000", "tidal_redu": "0.00000000", "shwl__mmsl": "10.05900000", "slwl__mmsl": "2.14400000", "comment": "-", "updated_at": "2023-12-19 11:16:12.6216", "updated_by": "osk", "observed_y": 27, "class_of_r": "II", "flow_statu": "Perennial", "islwl": "-", "exceedance": 2, "exceedan_1": 10.06, "exceedan_2": 95, "exceedan_3": 2.14, "spring_red": 0, "neap_reduc": 0, "final_redu": 0, "shwl__mm_1": "-", "slwl__mm_1": "-", "used_for_s": 1, "used_fo_01": 1}}, {"type": "Feature", "id": 86, "geometry": {"type": "Point", "coordinates": [91.68122600018978, 24.62984700500965]}, "properties": {"gid": 86, "objectid": 81, "organizati": "BWDB", "station_id": "SW175.5", "wl_station": "Sherpur", "st_name": "SW175.5 (Sherpur)", "river_name": "Kushiyara", "district": "Sylhet", "upazila": "Osmani Nagar", "region": "North-East", "tidal_stat": "Non-Tidal (Non Flashy)", "latitude": 24.629846999999998, "longitude": 91.68122600000001, "btm_x": 670455.06, "btm_y": 724707.07, "sob_effect": "2018-05-16 00:00:00", "sob_conver": "-0.97700000", "pwd_cd": "-", "msl": "-", "f5__exceed": "8.21000000", "f95__excee": "1.63200000", "m2__m_": "0.00000000", "s2__m_": "0.00000000", "msf__m_": "0.00000000", "tidal_addi": "0.00000000", "spring_tid": "0.00000000", "neap_tidal": "0.00000000", "tidal_redu": "0.00000000", "shwl__mmsl": "8.21000000", "slwl__mmsl": "1.63200000", "comment": "-", "updated_at": "2023-12-19 11:16:12.6216", "updated_by": "osk", "observed_y": 27, "class_of_r": "II", "flow_statu": "Perennial", "islwl": "-", "exceedance": 2, "exceedan_1": 8.21, "exceedan_2": 95, "exceedan_3": 1.63, "spring_red": 0, "neap_reduc": 0, "final_redu": 0, "shwl__mm_1": "-", "slwl__mm_1": "-", "used_for_s": 1, "used_fo_01": 1}}, {"type": "Feature", "id": 87, "geometry": {"type": "Point", "coordinates": [91.87551510334015, 21.814079001545906]}, "properties": {"gid": 87, "objectid": 82, "organizati": "BWDB", "station_id": "SW176", "wl_station": "Lemsikhali", "st_name": "SW176 (Lemsikhali)", "river_name": "Kutubdia Channel", "district": "Coxs Bazar", "upazila": "Kutubdia", "region": "Eastern Hilly", "tidal_stat": "Tidal", "latitude": 21.81407901, "longitude": 91.87551509000001, "btm_x": 694150.76, "btm_y": 413134.42, "sob_effect": "2021-03-01 00:00:00", "sob_conver": "-0.96900000", "pwd_cd": "-", "msl": "-", "f5__exceed": "0.81700000", "f95__excee": "-0.51900000", "m2__m_": "0.13100000", "s2__m_": "0.33200000", "msf__m_": "0.01700000", "tidal_addi": "0.52700000", "spring_tid": "-0.49300000", "neap_tidal": "0.20400000", "tidal_redu": "-0.49300000", "shwl__mmsl": "1.34300000", "slwl__mmsl": "-1.01200000", "comment": "The quality of data is not so good and there seems low water problem in the overall time series.", "updated_at": "2023-12-19 11:16:12.6216", "updated_by": "osk", "observed_y": 27, "class_of_r": "S", "flow_statu": "Perennial", "islwl": "-", "exceedance": 2, "exceedan_1": 0.8200000000000001, "exceedan_2": 95, "exceedan_3": -0.52, "spring_red": -0.49000000000000005, "neap_reduc": 0.2, "final_redu": -0.49000000000000005, "shwl__mm_1": "-", "slwl__mm_1": "-", "used_for_s": 0, "used_fo_01": 0}}, {"type": "Feature", "id": 88, "geometry": {"type": "Point", "coordinates": [90.63794300705194, 24.066866002976894]}, "properties": {"gid": 88, "objectid": 83, "organizati": "BWDB", "station_id": "SW177", "wl_station": "Lakhpur", "st_name": "SW177 (Lakhpur)", "river_name": "Lakhya", "district": "Narsingdi", "upazila": "Shibpur", "region": "North-Central", "tidal_stat": "Tidal", "latitude": 24.066866, "longitude": 90.637943, "btm_x": 565136.29, "btm_y": 661481.45, "sob_effect": "2022-01-01 00:00:00", "sob_conver": "-1.03000000", "pwd_cd": "-", "msl": "-", "f5__exceed": "5.36800000", "f95__excee": "0.45800000", "m2__m_": "0.04100000", "s2__m_": "0.01300000", "msf__m_": "0.08800000", "tidal_addi": "0.14800000", "spring_tid": "0.02800000", "neap_tidal": "-0.11900000", "tidal_redu": "-0.11900000", "shwl__mmsl": "5.51600000", "slwl__mmsl": "0.33900000", "comment": "-", "updated_at": "2023-12-19 11:16:12.6216", "updated_by": "osk", "observed_y": 27, "class_of_r": "II", "flow_statu": "Perennial", "islwl": "-", "exceedance": 2, "exceedan_1": 5.37, "exceedan_2": 95, "exceedan_3": 0.46, "spring_red": 0.030000000000000002, "neap_reduc": -0.12000000000000001, "final_redu": -0.12000000000000001, "shwl__mm_1": "-", "slwl__mm_1": "-", "used_for_s": 1, "used_fo_01": 1}}, {"type": "Feature", "id": 89, "geometry": {"type": "Point", "coordinates": [90.37416020035744, 22.696265503764153]}, "properties": {"gid": 89, "objectid": 85, "organizati": "BWDB", "station_id": "SW18", "wl_station": "Barisal", "st_name": "SW18 (Barisal)", "river_name": "Barisal-Buriswar", "district": "Barisal", "upazila": "Barisal Sadar", "region": "South-West", "tidal_stat": "Tidal", "latitude": 22.69626551, "longitude": 90.37416022, "btm_x": 538713.25, "btm_y": 509651.41, "sob_effect": "2023-01-01 00:00:00", "sob_conver": "-0.40900000", "pwd_cd": "-", "msl": "-", "f5__exceed": "1.55300000", "f95__excee": "-0.27400000", "m2__m_": "0.32200000", "s2__m_": "0.08900000", "msf__m_": "0.08200000", "tidal_addi": "0.53500000", "spring_tid": "-0.37100000", "neap_tidal": "-0.33800000", "tidal_redu": "-0.37100000", "shwl__mmsl": "2.08800000", "slwl__mmsl": "-0.64500000", "comment": "SLWL is used in contour map, but SHWL is omitted.", "updated_at": "2023-12-19 11:16:12.6216", "updated_by": "osk", "observed_y": 27, "class_of_r": "I", "flow_statu": "Perennial", "islwl": "-", "exceedance": 2, "exceedan_1": 1.55, "exceedan_2": 95, "exceedan_3": -0.27, "spring_red": -0.37, "neap_reduc": -0.34, "final_redu": -0.37, "shwl__mm_1": "2.079", "slwl__mm_1": "-", "used_for_s": 0, "used_fo_01": 1}}, {"type": "Feature", "id": 90, "geometry": {"type": "Point", "coordinates": [90.33855590224266, 22.543098501861095]}, "properties": {"gid": 90, "objectid": 86, "organizati": "BWDB", "station_id": "SW18.1", "wl_station": "Bakerganj", "st_name": "SW18.1 (Bakerganj)", "river_name": "Barisal-Buriswar", "district": "Barisal", "upazila": "Bakerganj", "region": "South-West", "tidal_stat": "Tidal", "latitude": 22.543098479999998, "longitude": 90.33855588, "btm_x": 535094.86, "btm_y": 492687.83, "sob_effect": "2023-01-01 00:00:00", "sob_conver": "-0.55900000", "pwd_cd": "-", "msl": "-", "f5__exceed": "1.26400000", "f95__excee": "-0.18400000", "m2__m_": "0.38700000", "s2__m_": "0.12700000", "msf__m_": "0.10200000", "tidal_addi": "0.66700000", "spring_tid": "-0.46400000", "neap_tidal": "-0.38800000", "tidal_redu": "-0.46400000", "shwl__mmsl": "1.93100000", "slwl__mmsl": "-0.64800000", "comment": "-", "updated_at": "2023-12-19 11:16:12.6216", "updated_by": "osk", "observed_y": 25, "class_of_r": "II", "flow_statu": "Perennial", "islwl": "-", "exceedance": 2, "exceedan_1": 1.26, "exceedan_2": 95, "exceedan_3": -0.18000000000000002, "spring_red": -0.46, "neap_reduc": -0.39, "final_redu": -0.46, "shwl__mm_1": "-", "slwl__mm_1": "-", "used_for_s": 1, "used_fo_01": 1}}, {"type": "Feature", "id": 91, "geometry": {"type": "Point", "coordinates": [90.51430800557137, 23.630748003721237]}, "properties": {"gid": 91, "objectid": 87, "organizati": "BWDB", "station_id": "SW180", "wl_station": "Narayanganj", "st_name": "SW180 (Narayanganj)", "river_name": "Lakhya", "district": "Narayanganj", "upazila": "Narayanganj Sadar", "region": "North-Central", "tidal_stat": "Tidal", "latitude": 23.630748, "longitude": 90.514308, "btm_x": 552742.66, "btm_y": 613145.61, "sob_effect": "2022-01-01 00:00:00", "sob_conver": "-1.31400000", "pwd_cd": "-", "msl": "-", "f5__exceed": "4.35500000", "f95__excee": "0.25700000", "m2__m_": "0.12700000", "s2__m_": "0.04800000", "msf__m_": "0.14600000", "tidal_addi": "0.33800000", "spring_tid": "-0.04600000", "neap_tidal": "-0.23200000", "tidal_redu": "-0.23200000", "shwl__mmsl": "4.69300000", "slwl__mmsl": "0.02500000", "comment": "Narayanganj 3220 (BIWTA) is near to this station. So, it is omitted for contour map creatrion.", "updated_at": "2023-12-19 11:16:12.6216", "updated_by": "osk", "observed_y": 27, "class_of_r": "S", "flow_statu": "Perennial", "islwl": "-", "exceedance": 2, "exceedan_1": 4.36, "exceedan_2": 95, "exceedan_3": 0.26, "spring_red": -0.05, "neap_reduc": -0.23, "final_redu": -0.23, "shwl__mm_1": "5.039", "slwl__mm_1": "0.130", "used_for_s": 0, "used_fo_01": 0}}, {"type": "Feature", "id": 92, "geometry": {"type": "Point", "coordinates": [91.27783880382776, 23.101032502949238]}, "properties": {"gid": 92, "objectid": 88, "organizati": "BWDB", "station_id": "SW181", "wl_station": "Gunabati Rly. Bridge", "st_name": "SW181 (Gunabati Rly. Bridge)", "river_name": "Little Feni Dakatia", "district": "Cumilla", "upazila": "Chauddagram", "region": "South-East", "tidal_stat": "Non-Tidal (Non Flashy)", "latitude": 23.10103254, "longitude": 91.27783881, "btm_x": 631147.29, "btm_y": 554982.25, "sob_effect": "2022-11-01 00:00:00", "sob_conver": "-0.41000000", "pwd_cd": "-", "msl": "-", "f5__exceed": "5.16800000", "f95__excee": "1.29000000", "m2__m_": "0.00000000", "s2__m_": "0.00000000", "msf__m_": "0.00000000", "tidal_addi": "0.00000000", "spring_tid": "0.00000000", "neap_tidal": "0.00000000", "tidal_redu": "0.00000000", "shwl__mmsl": "5.16800000", "slwl__mmsl": "1.29000000", "comment": "-", "updated_at": "2023-12-19 11:16:12.6216", "updated_by": "osk", "observed_y": 27, "class_of_r": "IV", "flow_statu": "Seasonal", "islwl": "-", "exceedance": 2, "exceedan_1": 5.17, "exceedan_2": 95, "exceedan_3": 1.29, "spring_red": 0, "neap_reduc": 0, "final_redu": 0, "shwl__mm_1": "-", "slwl__mm_1": "-", "used_for_s": 1, "used_fo_01": 1}}, {"type": "Feature", "id": 93, "geometry": {"type": "Point", "coordinates": [90.50264600664377, 23.72349700331688]}, "properties": {"gid": 93, "objectid": 84, "organizati": "BWDB", "station_id": "SW179", "wl_station": "Demra", "st_name": "SW179 (Demra_Lakhya)", "river_name": "Lakhya", "district": "Dhaka", "upazila": "Demra", "region": "North-Central", "tidal_stat": "Tidal", "latitude": 23.723497000000002, "longitude": 90.502646, "btm_x": 551516.95, "btm_y": 623409.73, "sob_effect": "2022-01-01", "sob_conver": "-1.08500000", "pwd_cd": null, "msl": null, "f5__exceed": "4.73300000", "f95__excee": "0.36900000", "m2__m_": "0.12800000", "s2__m_": "0.08700000", "msf__m_": "0.14100000", "tidal_addi": "0.37700000", "spring_tid": "-0.09500000", "neap_tidal": "-0.18600000", "tidal_redu": "-0.18600000", "shwl__mmsl": "5.11000000", "slwl__mmsl": "0.18300000", "comment": "-", "updated_at": "2023-12-19 11:16:12.6216", "updated_by": "osk", "observed_y": 27, "class_of_r": "I", "flow_statu": "Perennial", "islwl": "-", "exceedance": 2, "exceedan_1": 4.73, "exceedan_2": 95, "exceedan_3": 0.37, "spring_red": -0.1, "neap_reduc": -0.19, "final_redu": -0.19, "shwl__mm_1": "-", "slwl__mm_1": "-", "used_for_s": 1, "used_fo_01": 1}}, {"type": "Feature", "id": 94, "geometry": {"type": "Point", "coordinates": [91.33791320025921, 22.98211770504713]}, "properties": {"gid": 94, "objectid": 89, "organizati": "BWDB", "station_id": "SW181A", "wl_station": "Selonia", "st_name": "SW181A (Selonia)", "river_name": "Little Feni Dakatia", "district": "Cumilla", "upazila": "Chauddagram", "region": "South-East", "tidal_stat": "Non-Tidal (Non Flashy)", "latitude": 22.982117669999997, "longitude": 91.33791324, "btm_x": 637420.64, "btm_y": 541871.05, "sob_effect": "2021-10-31", "sob_conver": "0.19000000", "pwd_cd": null, "msl": null, "f5__exceed": "4.96", "f95__excee": "1.77", "m2__m_": "0.00000000", "s2__m_": "0.00000000", "msf__m_": "0.00000000", "tidal_addi": "0.00000000", "spring_tid": "0.00000000", "neap_tidal": "0.00000000", "tidal_redu": "0.00000000", "shwl__mmsl": "4.96", "slwl__mmsl": "1.77", "comment": "Datum Problem or, Problem in Gauge Zero Value. Though data quality is not so good, estimated SHWL for this station seems OK, but not SLWL.", "updated_at": "2024-02-05 13:01:48.056815", "updated_by": "Arif", "observed_y": 27, "class_of_r": "IV", "flow_statu": "Perennial", "islwl": "-", "exceedance": 2, "exceedan_1": 4.58, "exceedan_2": 95, "exceedan_3": 1.47, "spring_red": 0, "neap_reduc": 0, "final_redu": 0, "shwl__mm_1": "-", "slwl__mm_1": "0.705", "used_for_s": 1, "used_fo_01": 0}}, {"type": "Feature", "id": 95, "geometry": {"type": "Point", "coordinates": [92.48797800391912, 24.875126004219055]}, "properties": {"gid": 95, "objectid": 78, "organizati": "BWDB", "station_id": "SW172", "wl_station": "Amalshid", "st_name": "SW172 (Amalshid)", "river_name": "Kushiyara", "district": "Sylhet", "upazila": "Zakiganj", "region": "North-East", "tidal_stat": "Non-Tidal (Non Flashy)", "latitude": 24.875125999999998, "longitude": 92.487978, "btm_x": 751647.31, "btm_y": 753121.25, "sob_effect": "2018-05-16", "sob_conver": "-0.93200000", "pwd_cd": null, "msl": null, "f5__exceed": "15.90900000", "f95__excee": "5.37300000", "m2__m_": "0.00000000", "s2__m_": "0.00000000", "msf__m_": "0.00000000", "tidal_addi": "0.00000000", "spring_tid": "0.00000000", "neap_tidal": "0.00000000", "tidal_redu": "0.00000000", "shwl__mmsl": "15.90900000", "slwl__mmsl": "5.37300000", "comment": "null", "updated_at": "2023-12-19 11:16:12.6216", "updated_by": "osk", "observed_y": 27, "class_of_r": "II", "flow_statu": "Perennial", "islwl": "-", "exceedance": 2, "exceedan_1": 15.91, "exceedan_2": 95, "exceedan_3": 5.37, "spring_red": 0, "neap_reduc": 0, "final_redu": 0, "shwl__mm_1": "-", "slwl__mm_1": "-", "used_for_s": 1, "used_fo_01": 1}}, {"type": "Feature", "id": 96, "geometry": {"type": "Point", "coordinates": [90.43208040297031, 22.513927206397057]}, "properties": {"gid": 96, "objectid": 91, "organizati": "BWDB", "station_id": "SW183", "wl_station": "Kaitpara", "st_name": "SW183 (Kaitpara)", "river_name": "Lohalia", "district": "Barisal", "upazila": "Bakerganj", "region": "South-West", "tidal_stat": "Tidal", "latitude": 22.51392723, "longitude": 90.43208044000001, "btm_x": 544720.76, "btm_y": 489483.53, "sob_effect": "2023-01-01 00:00:00", "sob_conver": "-0.68400000", "pwd_cd": "-", "msl": "-", "f5__exceed": "1.37300000", "f95__excee": "-0.01800000", "m2__m_": "0.43900000", "s2__m_": "0.15100000", "msf__m_": "0.11700000", "tidal_addi": "0.76600000", "spring_tid": "-0.53200000", "neap_tidal": "-0.43400000", "tidal_redu": "-0.53200000", "shwl__mmsl": "2.13900000", "slwl__mmsl": "-0.55100000", "comment": "-", "updated_at": "2023-12-19 11:16:12.6216", "updated_by": "osk", "observed_y": 12, "class_of_r": "I", "flow_statu": "Perennial", "islwl": "-", "exceedance": 2, "exceedan_1": 1.37, "exceedan_2": 95, "exceedan_3": -0.02, "spring_red": -0.53, "neap_reduc": -0.43, "final_redu": -0.53, "shwl__mm_1": "-", "slwl__mm_1": "-", "used_for_s": 1, "used_fo_01": 1}}, {"type": "Feature", "id": 97, "geometry": {"type": "Point", "coordinates": [90.23014720529318, 22.35857680439949]}, "properties": {"gid": 97, "objectid": 93, "organizati": "BWDB", "station_id": "SW19", "wl_station": "Mirzaganj", "st_name": "SW19 (Mirzaganj)", "river_name": "Barisal-Buriswar", "district": "Patuakhali", "upazila": "Mirzaganj", "region": "South-West", "tidal_stat": "Tidal", "latitude": 22.358576839999998, "longitude": 90.23014724999999, "btm_x": 523979.27, "btm_y": 472241.59, "sob_effect": "2023-01-01 00:00:00", "sob_conver": "-1.01300000", "pwd_cd": "-", "msl": "-", "f5__exceed": "0.86700000", "f95__excee": "-0.60000000", "m2__m_": "0.62800000", "s2__m_": "0.23000000", "msf__m_": "0.09900000", "tidal_addi": "1.04300000", "spring_tid": "-0.84500000", "neap_tidal": "-0.53700000", "tidal_redu": "-0.84500000", "shwl__mmsl": "1.91000000", "slwl__mmsl": "-1.44500000", "comment": "SLWL is omitted during contour map creation.", "updated_at": "2023-12-19 11:16:12.6216", "updated_by": "osk", "observed_y": 23, "class_of_r": "II", "flow_statu": "Perennial", "islwl": "-", "exceedance": 2, "exceedan_1": 0.87, "exceedan_2": 95, "exceedan_3": -0.6, "spring_red": -0.8500000000000001, "neap_reduc": -0.54, "final_redu": -0.8500000000000001, "shwl__mm_1": "-", "slwl__mm_1": "-1.017", "used_for_s": 1, "used_fo_01": 0}}, {"type": "Feature", "id": 98, "geometry": {"type": "Point", "coordinates": [90.13813050091267, 23.161760203540325]}, "properties": {"gid": 98, "objectid": 94, "organizati": "BWDB", "station_id": "SW190", "wl_station": "Mostafapur", "st_name": "SW190 (Mostafapur)", "river_name": "Lower Kumar", "district": "Madaripur", "upazila": "Rajori", "region": "South-West", "tidal_stat": "Tidal", "latitude": 23.1617602, "longitude": 90.13813049999999, "btm_x": 514422.41, "btm_y": 561138.93, "sob_effect": "2023-01-01 00:00:00", "sob_conver": "-0.66000000", "pwd_cd": "-", "msl": "-", "f5__exceed": "3.22700000", "f95__excee": "-0.03700000", "m2__m_": "0.01000000", "s2__m_": "0.26300000", "msf__m_": "0.06400000", "tidal_addi": "0.36500000", "spring_tid": "-0.23600000", "neap_tidal": "0.21400000", "tidal_redu": "-0.23600000", "shwl__mmsl": "3.59100000", "slwl__mmsl": "-0.27400000", "comment": "-", "updated_at": "2023-12-19 11:16:12.6216", "updated_by": "osk", "observed_y": 27, "class_of_r": "III", "flow_statu": "Perennial", "islwl": "-", "exceedance": 2, "exceedan_1": 3.23, "exceedan_2": 95, "exceedan_3": -0.04, "spring_red": -0.24000000000000002, "neap_reduc": 0.21000000000000002, "final_redu": -0.24000000000000002, "shwl__mm_1": "-", "slwl__mm_1": "-", "used_for_s": 1, "used_fo_01": 1}}, {"type": "Feature", "id": 99, "geometry": {"type": "Point", "coordinates": [91.68149000406265, 24.30475700646639]}, "properties": {"gid": 99, "objectid": 95, "organizati": "BWDB", "station_id": "SW192", "wl_station": "Motiganj", "st_name": "SW192 (Motiganj)", "river_name": "Lungla", "district": "Moulvi Bazar", "upazila": "Sreemangal", "region": "North-East", "tidal_stat": "Non-Tidal (Flashy)", "latitude": 24.304757000000002, "longitude": 91.68149, "btm_x": 670919.54, "btm_y": 688703.23, "sob_effect": "2022-01-01 00:00:00", "sob_conver": "-1.47800000", "pwd_cd": "-", "msl": "-", "f5__exceed": "7.31200000", "f95__excee": "4.82000000", "m2__m_": "0.00000000", "s2__m_": "0.00000000", "msf__m_": "0.00000000", "tidal_addi": "0.00000000", "spring_tid": "0.00000000", "neap_tidal": "0.00000000", "tidal_redu": "0.00000000", "shwl__mmsl": "7.31200000", "slwl__mmsl": "4.82000000", "comment": "-", "updated_at": "2023-12-19 11:16:12.6216", "updated_by": "osk", "observed_y": 22, "class_of_r": "IV", "flow_statu": "Seasonal", "islwl": "-", "exceedance": 2, "exceedan_1": 7.31, "exceedan_2": 95, "exceedan_3": 4.82, "spring_red": 0, "neap_reduc": 0, "final_redu": 0, "shwl__mm_1": "-", "slwl__mm_1": "-", "used_for_s": 1, "used_fo_01": 1}}, {"type": "Feature", "id": 100, "geometry": {"type": "Point", "coordinates": [90.08122030645609, 23.270755901932716]}, "properties": {"gid": 100, "objectid": 96, "organizati": "BWDB", "station_id": "SW193", "wl_station": "Kabirajpur", "st_name": "SW193 (Kabirajpur)", "river_name": "Madaripur Beel Route", "district": "Madaripur", "upazila": "Rajori", "region": "South-West", "tidal_stat": "Tidal", "latitude": 23.27075595, "longitude": 90.08122028, "btm_x": 508590.43, "btm_y": 573200.58, "sob_effect": "2023-01-01 00:00:00", "sob_conver": "-0.87900000", "pwd_cd": "-", "msl": "-", "f5__exceed": "4.21000000", "f95__excee": "0.01700000", "m2__m_": "0.03900000", "s2__m_": "0.01900000", "msf__m_": "0.11100000", "tidal_addi": "0.17500000", "spring_tid": "0.04800000", "neap_tidal": "-0.13400000", "tidal_redu": "-0.13400000", "shwl__mmsl": "4.38500000", "slwl__mmsl": "-0.11700000", "comment": "-", "updated_at": "2023-12-19 11:16:12.6216", "updated_by": "osk", "observed_y": 22, "class_of_r": "III", "flow_statu": "Perennial", "islwl": "-", "exceedance": 2, "exceedan_1": 4.21, "exceedan_2": 95, "exceedan_3": 0.02, "spring_red": 0.05, "neap_reduc": -0.13, "final_redu": -0.13, "shwl__mm_1": "-", "slwl__mm_1": "-", "used_for_s": 1, "used_fo_01": 1}}, {"type": "Feature", "id": 101, "geometry": {"type": "Point", "coordinates": [89.81410160660744, 23.02967530488968]}, "properties": {"gid": 101, "objectid": 97, "organizati": "BWDB", "station_id": "SW198", "wl_station": "Haridaspur", "st_name": "SW198 (Haridaspur)", "river_name": "Madaripur Beel Route", "district": "Gopalganj", "upazila": "Gopalganj Sadar", "region": "South-West", "tidal_stat": "Tidal", "latitude": 23.029675349999998, "longitude": 89.81410156, "btm_x": 481236.76, "btm_y": 546522.51, "sob_effect": "2023-01-01 00:00:00", "sob_conver": "-1.03000000", "pwd_cd": "-", "msl": "-", "f5__exceed": "2.48000000", "f95__excee": "-0.33500000", "m2__m_": "0.12100000", "s2__m_": "0.04200000", "msf__m_": "0.10400000", "tidal_addi": "0.28300000", "spring_tid": "-0.07500000", "neap_tidal": "-0.19100000", "tidal_redu": "-0.19100000", "shwl__mmsl": "2.76200000", "slwl__mmsl": "-0.52600000", "comment": "-", "updated_at": "2023-12-19 11:16:12.6216", "updated_by": "osk", "observed_y": 24, "class_of_r": "III", "flow_statu": "Perennial", "islwl": "-", "exceedance": 2, "exceedan_1": 2.48, "exceedan_2": 95, "exceedan_3": -0.34, "spring_red": -0.08, "neap_reduc": -0.19, "final_redu": -0.19, "shwl__mm_1": "-", "slwl__mm_1": "-", "used_for_s": 1, "used_fo_01": 1}}, {"type": "Feature", "id": 102, "geometry": {"type": "Point", "coordinates": [90.22397570312023, 22.14220180362463]}, "properties": {"gid": 102, "objectid": 98, "organizati": "BWDB", "station_id": "SW20", "wl_station": "Amtali", "st_name": "SW20 (Amtali)", "river_name": "Barisal-Buriswar", "district": "Barguna", "upazila": "Amtali", "region": "South-West", "tidal_stat": "Tidal", "latitude": 22.1422018, "longitude": 90.22397571, "btm_x": 523379.3, "btm_y": 448290.29, "sob_effect": "2023-01-01 00:00:00", "sob_conver": "-0.81100000", "pwd_cd": "-", "msl": "-", "f5__exceed": "0.88900000", "f95__excee": "-0.43100000", "m2__m_": "0.72200000", "s2__m_": "0.18200000", "msf__m_": "0.07300000", "tidal_addi": "1.06600000", "spring_tid": "-0.92100000", "neap_tidal": "-0.66600000", "tidal_redu": "-0.92100000", "shwl__mmsl": "1.95500000", "slwl__mmsl": "-1.35200000", "comment": "Removing data from 2001 to 2012 and with the remainings, both DML and T.C. were computed", "updated_at": "2023-12-19 11:16:12.6216", "updated_by": "osk", "observed_y": 23, "class_of_r": "I", "flow_statu": "Perennial", "islwl": "-", "exceedance": 2, "exceedan_1": 0.89, "exceedan_2": 95, "exceedan_3": -0.43, "spring_red": -0.92, "neap_reduc": -0.67, "final_redu": -0.92, "shwl__mm_1": "-", "slwl__mm_1": "-", "used_for_s": 1, "used_fo_01": 1}}, {"type": "Feature", "id": 103, "geometry": {"type": "Point", "coordinates": [91.95963900536299, 21.67301870137453]}, "properties": {"gid": 103, "objectid": 99, "organizati": "BWDB", "station_id": "SW200", "wl_station": "Saflapur_Moheshkhali", "st_name": "SW200 (Saflapur_Moheshkhali)", "river_name": "Moheshkhali Channel", "district": "Coxs Bazar", "upazila": "Maheshkhali", "region": "Eastern Hilly", "tidal_stat": "Tidal", "latitude": 21.67301867, "longitude": 91.959639, "btm_x": 703046.82, "btm_y": 397623.17, "sob_effect": "2021-01-01 00:00:00", "sob_conver": "-1.61000000", "pwd_cd": "-", "msl": "-", "f5__exceed": "0.76700000", "f95__excee": "-1.78600000", "m2__m_": "0.56100000", "s2__m_": "1.58700000", "msf__m_": "0.11900000", "tidal_addi": "2.48300000", "spring_tid": "-2.24400000", "neap_tidal": "1.01000000", "tidal_redu": "-2.24400000", "shwl__mmsl": "3.24900000", "slwl__mmsl": "-4.03000000", "comment": "The quality of data is not so good and there seems low water problem in the overall time series.", "updated_at": "2023-12-19 11:16:12.6216", "updated_by": "osk", "observed_y": 22, "class_of_r": "II", "flow_statu": "Perennial", "islwl": "-", "exceedance": 2, "exceedan_1": 0.77, "exceedan_2": 95, "exceedan_3": -1.79, "spring_red": -2.24, "neap_reduc": 1.01, "final_redu": -2.24, "shwl__mm_1": "-", "slwl__mm_1": "-", "used_for_s": 0, "used_fo_01": 0}}, {"type": "Feature", "id": 104, "geometry": {"type": "Point", "coordinates": [91.93997300416231, 24.425975002348423]}, "properties": {"gid": 104, "objectid": 100, "organizati": "BWDB", "station_id": "SW201", "wl_station": "Monu Rly. Bridge", "st_name": "SW201 (Monu Rly. Bridge)", "river_name": "Monu", "district": "Moulvi Bazar", "upazila": "Kamalganj", "region": "North-East", "tidal_stat": "Non-Tidal (Flashy)", "latitude": 24.425974999999998, "longitude": 91.939973, "btm_x": 696968.75, "btm_y": 702470.78, "sob_effect": "2018-05-16 00:00:00", "sob_conver": "-0.87800000", "pwd_cd": "-", "msl": "-", "f5__exceed": "16.17200000", "f95__excee": "12.07900000", "m2__m_": "0.00000000", "s2__m_": "0.00000000", "msf__m_": "0.00000000", "tidal_addi": "0.00000000", "spring_tid": "0.00000000", "neap_tidal": "0.00000000", "tidal_redu": "0.00000000", "shwl__mmsl": "16.17200000", "slwl__mmsl": "12.07900000", "comment": "-", "updated_at": "2023-12-19 11:16:12.6216", "updated_by": "osk", "observed_y": 27, "class_of_r": "V", "flow_statu": "Perennial", "islwl": "-", "exceedance": 2, "exceedan_1": 16.17, "exceedan_2": 95, "exceedan_3": 12.08, "spring_red": 0, "neap_reduc": 0, "final_redu": 0, "shwl__mm_1": "-", "slwl__mm_1": "-", "used_for_s": 1, "used_fo_01": 1}}, {"type": "Feature", "id": 105, "geometry": {"type": "Point", "coordinates": [91.9600630030036, 24.36403300613165]}, "properties": {"gid": 105, "objectid": 101, "organizati": "BWDB", "station_id": "SW201.5", "wl_station": "Chatlaghat", "st_name": "SW201.5 (Chatalaghat)", "river_name": "Monu", "district": "Moulvi Bazar", "upazila": "Kulaura", "region": "North-East", "tidal_stat": "Non-Tidal (Flashy)", "latitude": 24.364033, "longitude": 91.96006299999999, "btm_x": 699103.08, "btm_y": 695638.66, "sob_effect": null, "sob_conver": "0.00000000", "pwd_cd": "-", "msl": "-", "f5__exceed": "19.67000000", "f95__excee": "16.04200000", "m2__m_": "0.00000000", "s2__m_": "0.00000000", "msf__m_": "0.00000000", "tidal_addi": "0.00000000", "spring_tid": "0.00000000", "neap_tidal": "0.00000000", "tidal_redu": "0.00000000", "shwl__mmsl": "19.67000000", "slwl__mmsl": "16.04200000", "comment": "All data in mMSL", "updated_at": "2023-12-19 11:16:12.6216", "updated_by": "osk", "observed_y": 0, "class_of_r": "Unclassified", "flow_statu": "Seasonal", "islwl": "-", "exceedance": 2, "exceedan_1": 19.67, "exceedan_2": 95, "exceedan_3": 16.04, "spring_red": 0, "neap_reduc": 0, "final_redu": 0, "shwl__mm_1": "-", "slwl__mm_1": "-", "used_for_s": 1, "used_fo_01": 1}}, {"type": "Feature", "id": 106, "geometry": {"type": "Point", "coordinates": [91.77429400384426, 24.49439300596714]}, "properties": {"gid": 106, "objectid": 102, "organizati": "BWDB", "station_id": "SW202", "wl_station": "Moulvi Bazar", "st_name": "SW202 (Moulvi Bazar)", "river_name": "Monu", "district": "Moulvi Bazar", "upazila": "Maulvibazar Sadar", "region": "North-East", "tidal_stat": "Non-Tidal (Flashy)", "latitude": 24.494393, "longitude": 91.774294, "btm_x": 680070.39, "btm_y": 709823.14, "sob_effect": "2018-05-16 00:00:00", "sob_conver": "-1.05300000", "pwd_cd": "-", "msl": "-", "f5__exceed": "10.17600000", "f95__excee": "4.82500000", "m2__m_": "0.00000000", "s2__m_": "0.00000000", "msf__m_": "0.00000000", "tidal_addi": "0.00000000", "spring_tid": "0.00000000", "neap_tidal": "0.00000000", "tidal_redu": "0.00000000", "shwl__mmsl": "10.17600000", "slwl__mmsl": "4.82500000", "comment": "-", "updated_at": "2023-12-19 11:16:12.6216", "updated_by": "osk", "observed_y": 27, "class_of_r": "IV", "flow_statu": "Seasonal", "islwl": "-", "exceedance": 2, "exceedan_1": 10.18, "exceedan_2": 95, "exceedan_3": 4.83, "spring_red": 0, "neap_reduc": 0, "final_redu": 0, "shwl__mm_1": "-", "slwl__mm_1": "-", "used_for_s": 1, "used_fo_01": 1}}, {"type": "Feature", "id": 107, "geometry": {"type": "Point", "coordinates": [92.08091220259666, 21.771366000175476]}, "properties": {"gid": 107, "objectid": 104, "organizati": "BWDB", "station_id": "SW204", "wl_station": "Chiringa", "st_name": "SW204 (Chiringa)", "river_name": "Matamuhuri", "district": "Coxs Bazar", "upazila": "Chakaria", "region": "Eastern Hilly", "tidal_stat": "Non-Tidal (Flashy)", "latitude": 21.771366, "longitude": 92.08091224, "btm_x": 715452.4, "btm_y": 408677.15, "sob_effect": "2021-02-01 00:00:00", "sob_conver": "-0.55000000", "pwd_cd": "-", "msl": "-", "f5__exceed": "3.71500000", "f95__excee": "0.34100000", "m2__m_": "0.00000000", "s2__m_": "0.00000000", "msf__m_": "0.00000000", "tidal_addi": "0.00000000", "spring_tid": "0.00000000", "neap_tidal": "0.00000000", "tidal_redu": "0.00000000", "shwl__mmsl": "3.71500000", "slwl__mmsl": "0.34100000", "comment": "-", "updated_at": "2023-12-19 11:16:12.6216", "updated_by": "osk", "observed_y": 27, "class_of_r": "IV", "flow_statu": "Seasonal", "islwl": "-", "exceedance": 2, "exceedan_1": 3.72, "exceedan_2": 95, "exceedan_3": 0.34, "spring_red": 0, "neap_reduc": 0, "final_redu": 0, "shwl__mm_1": "-", "slwl__mm_1": "-", "used_for_s": 1, "used_fo_01": 1}}, {"type": "Feature", "id": 108, "geometry": {"type": "Point", "coordinates": [88.74432650208473, 23.964045703411102]}, "properties": {"gid": 108, "objectid": 105, "organizati": "BWDB", "station_id": "SW205", "wl_station": "Kazipur", "st_name": "SW205 (Kazipur)", "river_name": "Mathabhanga", "district": "Meherpur", "upazila": "Gangni", "region": "South-West", "tidal_stat": "Non-Tidal (Non Flashy)", "latitude": 23.964045679999998, "longitude": 88.74432646, "btm_x": 372526.39, "btm_y": 650519.3, "sob_effect": "2023-01-01 00:00:00", "sob_conver": "-1.82400000", "pwd_cd": "-", "msl": "-", "f5__exceed": "12.94900000", "f95__excee": "7.49300000", "m2__m_": "0.00000000", "s2__m_": "0.00000000", "msf__m_": "0.00000000", "tidal_addi": "0.00000000", "spring_tid": "0.00000000", "neap_tidal": "0.00000000", "tidal_redu": "0.00000000", "shwl__mmsl": "12.94900000", "slwl__mmsl": "7.49300000", "comment": "-", "updated_at": "2023-12-19 11:16:12.6216", "updated_by": "osk", "observed_y": 27, "class_of_r": "V", "flow_statu": "Seasonal", "islwl": "-", "exceedance": 2, "exceedan_1": 12.95, "exceedan_2": 95, "exceedan_3": 7.49, "spring_red": 0, "neap_reduc": 0, "final_redu": 0, "shwl__mm_1": "-", "slwl__mm_1": "-", "used_for_s": 1, "used_fo_01": 1}}, {"type": "Feature", "id": 109, "geometry": {"type": "Point", "coordinates": [88.74190580099821, 24.048800006508827]}, "properties": {"gid": 109, "objectid": 106, "organizati": "BWDB", "station_id": "SW205A", "wl_station": "Insafnagar", "st_name": "SW205A (Insafnagar)", "river_name": "Mathabhanga", "district": "Kushtia", "upazila": "Daulatpur", "region": "South-West", "tidal_stat": "Non-Tidal (Non Flashy)", "latitude": 24.04879997, "longitude": 88.74190576, "btm_x": 372363.92, "btm_y": 659906.43, "sob_effect": "2023-01-01 00:00:00", "sob_conver": "-0.18400000", "pwd_cd": "-", "msl": "-", "f5__exceed": "14.87300000", "f95__excee": "9.26400000", "m2__m_": "0.00000000", "s2__m_": "0.00000000", "msf__m_": "0.00000000", "tidal_addi": "0.00000000", "spring_tid": "0.00000000", "neap_tidal": "0.00000000", "tidal_redu": "0.00000000", "shwl__mmsl": "14.87300000", "slwl__mmsl": "9.26400000", "comment": "-", "updated_at": "2023-12-19 11:16:12.6216", "updated_by": "osk", "observed_y": 27, "class_of_r": "Unclassified", "flow_statu": "Seasonal", "islwl": "-", "exceedance": 2, "exceedan_1": 14.87, "exceedan_2": 95, "exceedan_3": 9.26, "spring_red": 0, "neap_reduc": 0, "final_redu": 0, "shwl__mm_1": "-", "slwl__mm_1": "-", "used_for_s": 1, "used_fo_01": 1}}, {"type": "Feature", "id": 110, "geometry": {"type": "Point", "coordinates": [92.19098510593176, 21.783129200339317]}, "properties": {"gid": 110, "objectid": 103, "organizati": "BWDB", "station_id": "SW203", "wl_station": "Lama", "st_name": "SW203 (Lama)", "river_name": "Matamuhuri", "district": "Bandarban", "upazila": "Lama", "region": "Eastern Hilly", "tidal_stat": "Non-Tidal (Flashy)", "latitude": 21.7831292, "longitude": 92.19098509, "btm_x": 726819.52, "btm_y": 410137.31, "sob_effect": "2022-02-19", "sob_conver": "-0.53800000", "pwd_cd": null, "msl": null, "f5__exceed": "9.46", "f95__excee": "5.54", "m2__m_": "0.00000000", "s2__m_": "0.00000000", "msf__m_": "0.00000000", "tidal_addi": "0.00000000", "spring_tid": "0.00000000", "neap_tidal": "0.00000000", "tidal_redu": "0.00000000", "shwl__mmsl": "9.46", "slwl__mmsl": "5.54", "comment": "-", "updated_at": "2024-02-05 13:32:16.054596", "updated_by": "Arif", "observed_y": 27, "class_of_r": "IV", "flow_statu": "Seasonal", "islwl": "-", "exceedance": 2, "exceedan_1": 9.46, "exceedan_2": 95, "exceedan_3": 5.54, "spring_red": 0, "neap_reduc": 0, "final_redu": 0, "shwl__mm_1": "-", "slwl__mm_1": "-", "used_for_s": 1, "used_fo_01": 1}}, {"type": "Feature", "id": 111, "geometry": {"type": "Point", "coordinates": [88.84320510178804, 23.64554600417614]}, "properties": {"gid": 111, "objectid": 108, "organizati": "BWDB", "station_id": "SW207", "wl_station": "Chuadanga", "st_name": "SW207 (Chuadanga)", "river_name": "Mathabhanga", "district": "Chuadanga", "upazila": "Chuadanga Sadar", "region": "South-West", "tidal_stat": "Non-Tidal (Non Flashy)", "latitude": 23.645545969999997, "longitude": 88.84320507, "btm_x": 382300.24, "btm_y": 615167.21, "sob_effect": "2023-01-01 00:00:00", "sob_conver": "-0.82900000", "pwd_cd": "-", "msl": "-", "f5__exceed": "9.78300000", "f95__excee": "3.84200000", "m2__m_": "0.00000000", "s2__m_": "0.00000000", "msf__m_": "0.00000000", "tidal_addi": "0.00000000", "spring_tid": "0.00000000", "neap_tidal": "0.00000000", "tidal_redu": "0.00000000", "shwl__mmsl": "9.78300000", "slwl__mmsl": "3.84200000", "comment": "-", "updated_at": "2023-12-19 11:16:12.6216", "updated_by": "osk", "observed_y": 27, "class_of_r": "V", "flow_statu": "Perennial", "islwl": "-", "exceedance": 2, "exceedan_1": 9.78, "exceedan_2": 95, "exceedan_3": 3.84, "spring_red": 0, "neap_reduc": 0, "final_redu": 0, "shwl__mm_1": "-", "slwl__mm_1": "-", "used_for_s": 1, "used_fo_01": 1}}, {"type": "Feature", "id": 112, "geometry": {"type": "Point", "coordinates": [88.78615970164537, 23.524938702583313]}, "properties": {"gid": 112, "objectid": 109, "organizati": "BWDB", "station_id": "SW208", "wl_station": "Darsana", "st_name": "SW208 (Darsana)", "river_name": "Mathabhanga", "district": "Chuadanga", "upazila": "Damurhuda", "region": "South-West", "tidal_stat": "Non-Tidal (Non Flashy)", "latitude": 23.524938709999997, "longitude": 88.78615966000001, "btm_x": 376368.29, "btm_y": 601861.37, "sob_effect": "2023-01-01 00:00:00", "sob_conver": "-0.13800000", "pwd_cd": "-", "msl": "-", "f5__exceed": "9.02400000", "f95__excee": "2.55600000", "m2__m_": "0.00000000", "s2__m_": "0.00000000", "msf__m_": "0.00000000", "tidal_addi": "0.00000000", "spring_tid": "0.00000000", "neap_tidal": "0.00000000", "tidal_redu": "0.00000000", "shwl__mmsl": "9.02400000", "slwl__mmsl": "2.55600000", "comment": "-", "updated_at": "2023-12-19 11:16:12.6216", "updated_by": "osk", "observed_y": 27, "class_of_r": "V", "flow_statu": "Perennial", "islwl": "-", "exceedance": 2, "exceedan_1": 9.02, "exceedan_2": 95, "exceedan_3": 2.56, "spring_red": 0, "neap_reduc": 0, "final_redu": 0, "shwl__mm_1": "-", "slwl__mm_1": "-", "used_for_s": 1, "used_fo_01": 1}}, {"type": "Feature", "id": 113, "geometry": {"type": "Point", "coordinates": [88.34390200674534, 26.503683000802994]}, "properties": {"gid": 113, "objectid": 110, "organizati": "BWDB", "station_id": "SW209A", "wl_station": "Tentulia", "st_name": "SW209A (Tentulia)", "river_name": "Mohananda", "district": "Panchagarh", "upazila": "Tentulia", "region": "North-West", "tidal_stat": "Non-Tidal (Flashy)", "latitude": 26.503683, "longitude": 88.343902, "btm_x": 335245.69, "btm_y": 932232.58, "sob_effect": "2022-11-01 00:00:00", "sob_conver": "-0.44000000", "pwd_cd": "-", "msl": "-", "f5__exceed": "85.98500000", "f95__excee": "83.78500000", "m2__m_": "0.00000000", "s2__m_": "0.00000000", "msf__m_": "0.00000000", "tidal_addi": "0.00000000", "spring_tid": "0.00000000", "neap_tidal": "0.00000000", "tidal_redu": "0.00000000", "shwl__mmsl": "85.98500000", "slwl__mmsl": "83.78500000", "comment": "-", "updated_at": "2023-12-19 11:16:12.6216", "updated_by": "osk", "observed_y": 27, "class_of_r": "Unclassified", "flow_statu": "Seasonal", "islwl": "-", "exceedance": 2, "exceedan_1": 85.99, "exceedan_2": 95, "exceedan_3": 83.79, "spring_red": 0, "neap_reduc": 0, "final_redu": 0, "shwl__mm_1": "-", "slwl__mm_1": "-", "used_for_s": 1, "used_fo_01": 1}}, {"type": "Feature", "id": 114, "geometry": {"type": "Point", "coordinates": [89.37215320020914, 23.376788407564163]}, "properties": {"gid": 114, "objectid": 111, "organizati": "BWDB", "station_id": "SW21", "wl_station": "Arpara", "st_name": "SW21 (Arpara)", "river_name": "Begabati", "district": "Magura", "upazila": "Magura Sadar", "region": "South-West", "tidal_stat": "Tidal", "latitude": 23.37678838, "longitude": 89.37215324, "btm_x": 436120.54, "btm_y": 585075.89, "sob_effect": "2023-01-01 00:00:00", "sob_conver": "-0.70700000", "pwd_cd": "-", "msl": "-", "f5__exceed": "3.49100000", "f95__excee": "0.13900000", "m2__m_": "0.03500000", "s2__m_": "0.04000000", "msf__m_": "0.08900000", "tidal_addi": "0.17200000", "spring_tid": "0.00700000", "neap_tidal": "-0.08400000", "tidal_redu": "-0.08400000", "shwl__mmsl": "3.66300000", "slwl__mmsl": "0.05500000", "comment": "-", "updated_at": "2023-12-19 11:16:12.6216", "updated_by": "osk", "observed_y": 27, "class_of_r": "V", "flow_statu": "Perennial", "islwl": "-", "exceedance": 2, "exceedan_1": 3.49, "exceedan_2": 95, "exceedan_3": 0.14, "spring_red": 0.01, "neap_reduc": -0.08, "final_redu": -0.08, "shwl__mm_1": "-", "slwl__mm_1": "-", "used_for_s": 1, "used_fo_01": 1}}, {"type": "Feature", "id": 115, "geometry": {"type": "Point", "coordinates": [88.28165600448847, 24.603885002434254]}, "properties": {"gid": 115, "objectid": 112, "organizati": "BWDB", "station_id": "SW211.5", "wl_station": "Chapai Nawabganj", "st_name": "SW211.5 (Chapai Nawabganj)", "river_name": "Mohananda", "district": "Nawabganj", "upazila": "Nawabganj Sadar", "region": "North-West", "tidal_stat": "Non-Tidal (Non Flashy)", "latitude": 24.603885, "longitude": 88.281656, "btm_x": 326318.47, "btm_y": 721878.12, "sob_effect": "2022-11-01 00:00:00", "sob_conver": "-0.62000000", "pwd_cd": "-", "msl": "-", "f5__exceed": "20.44500000", "f95__excee": "11.17100000", "m2__m_": "0.00000000", "s2__m_": "0.00000000", "msf__m_": "0.00000000", "tidal_addi": "0.00000000", "spring_tid": "0.00000000", "neap_tidal": "0.00000000", "tidal_redu": "0.00000000", "shwl__mmsl": "20.44500000", "slwl__mmsl": "11.17100000", "comment": "-", "updated_at": "2023-12-19 11:16:12.6216", "updated_by": "osk", "observed_y": 27, "class_of_r": "V", "flow_statu": "Perennial", "islwl": "-", "exceedance": 2, "exceedan_1": 20.45, "exceedan_2": 95, "exceedan_3": 11.17, "spring_red": 0, "neap_reduc": 0, "final_redu": 0, "shwl__mm_1": "-", "slwl__mm_1": "-", "used_for_s": 1, "used_fo_01": 1}}, {"type": "Feature", "id": 116, "geometry": {"type": "Point", "coordinates": [91.44568030536175, 23.22627740353346]}, "properties": {"gid": 116, "objectid": 113, "organizati": "BWDB", "station_id": "SW212", "wl_station": "Parshuram", "st_name": "SW212 (Parshuram)", "river_name": "Muhuri", "district": "Feni", "upazila": "Parshuram", "region": "Eastern Hilly", "tidal_stat": "Non-Tidal (Flashy)", "latitude": 23.22627737, "longitude": 91.44568035, "btm_x": 648200.7, "btm_y": 569010.39, "sob_effect": "2022-01-01 00:00:00", "sob_conver": "-1.54000000", "pwd_cd": "-", "msl": "-", "f5__exceed": "10.50700000", "f95__excee": "6.62800000", "m2__m_": "0.00000000", "s2__m_": "0.00000000", "msf__m_": "0.00000000", "tidal_addi": "0.00000000", "spring_tid": "0.00000000", "neap_tidal": "0.00000000", "tidal_redu": "0.00000000", "shwl__mmsl": "10.50700000", "slwl__mmsl": "6.62800000", "comment": "-", "updated_at": "2023-12-19 11:16:12.6216", "updated_by": "osk", "observed_y": 27, "class_of_r": "IV", "flow_statu": "Perennial", "islwl": "-", "exceedance": 2, "exceedan_1": 10.51, "exceedan_2": 95, "exceedan_3": 6.63, "spring_red": 0, "neap_reduc": 0, "final_redu": 0, "shwl__mm_1": "-", "slwl__mm_1": "-", "used_for_s": 1, "used_fo_01": 1}}, {"type": "Feature", "id": 117, "geometry": {"type": "Point", "coordinates": [91.48572400212288, 23.035334907472134]}, "properties": {"gid": 117, "objectid": 114, "organizati": "BWDB", "station_id": "SW213", "wl_station": "Haripur C&B Road Crossing", "st_name": "SW213 (Haripur C&B Road Crossing)", "river_name": "Muhuri", "district": "Feni", "upazila": "Chhagalnaiya", "region": "Eastern Hilly", "tidal_stat": "Non-Tidal (Flashy)", "latitude": 23.03533486, "longitude": 91.48572401999999, "btm_x": 652513.87, "btm_y": 547909.33, "sob_effect": "2022-01-01 00:00:00", "sob_conver": "-0.41000000", "pwd_cd": "-", "msl": "-", "f5__exceed": "5.04600000", "f95__excee": "2.36500000", "m2__m_": "0.00000000", "s2__m_": "0.00000000", "msf__m_": "0.00000000", "tidal_addi": "0.00000000", "spring_tid": "0.00000000", "neap_tidal": "0.00000000", "tidal_redu": "0.00000000", "shwl__mmsl": "5.04600000", "slwl__mmsl": "2.36500000", "comment": "-", "updated_at": "2023-12-19 11:16:12.6216", "updated_by": "osk", "observed_y": 27, "class_of_r": "IV", "flow_statu": "Perennial", "islwl": "-", "exceedance": 2, "exceedan_1": 5.05, "exceedan_2": 95, "exceedan_3": 2.37, "spring_red": 0, "neap_reduc": 0, "final_redu": 0, "shwl__mm_1": "-", "slwl__mm_1": "-", "used_for_s": 1, "used_fo_01": 1}}, {"type": "Feature", "id": 118, "geometry": {"type": "Point", "coordinates": [89.17600900679827, 23.548101000487804]}, "properties": {"gid": 118, "objectid": 115, "organizati": "BWDB", "station_id": "SW215", "wl_station": "Jhenaidaha", "st_name": "SW215 (Jhenaidaha)", "river_name": "Nabaganga", "district": "Jhenaidah", "upazila": "Jhenaidah Sadar", "region": "South-West", "tidal_stat": "Non-Tidal (Non Flashy)", "latitude": 23.548101000000003, "longitude": 89.17600900000001, "btm_x": 416183.26, "btm_y": 604143.23, "sob_effect": "2023-01-01 00:00:00", "sob_conver": "-0.63100000", "pwd_cd": "-", "msl": "-", "f5__exceed": "5.83400000", "f95__excee": "3.14700000", "m2__m_": "0.00000000", "s2__m_": "0.00000000", "msf__m_": "0.00000000", "tidal_addi": "0.00000000", "spring_tid": "0.00000000", "neap_tidal": "0.00000000", "tidal_redu": "0.00000000", "shwl__mmsl": "5.83400000", "slwl__mmsl": "3.14700000", "comment": "-", "updated_at": "2023-12-19 11:16:12.6216", "updated_by": "osk", "observed_y": 27, "class_of_r": "V", "flow_statu": "Perennial", "islwl": "-", "exceedance": 2, "exceedan_1": 5.83, "exceedan_2": 95, "exceedan_3": 3.15, "spring_red": 0, "neap_reduc": 0, "final_redu": 0, "shwl__mm_1": "-", "slwl__mm_1": "-", "used_for_s": 1, "used_fo_01": 1}}, {"type": "Feature", "id": 119, "geometry": {"type": "Point", "coordinates": [89.42400000244379, 23.49500000476837]}, "properties": {"gid": 119, "objectid": 116, "organizati": "BWDB", "station_id": "SW216", "wl_station": "Magura", "st_name": "SW216 (Magura)", "river_name": "Nabaganga", "district": "Magura", "upazila": "Magura Sadar", "region": "South-West", "tidal_stat": "Non-Tidal (Non Flashy)", "latitude": 23.495, "longitude": 89.424, "btm_x": 441471.49, "btm_y": 598140.87, "sob_effect": "2023-01-01 00:00:00", "sob_conver": "-0.55100000", "pwd_cd": "-", "msl": "-", "f5__exceed": "4.65400000", "f95__excee": "0.93200000", "m2__m_": "0.00000000", "s2__m_": "0.00000000", "msf__m_": "0.00000000", "tidal_addi": "0.00000000", "spring_tid": "0.00000000", "neap_tidal": "0.00000000", "tidal_redu": "0.00000000", "shwl__mmsl": "4.65400000", "slwl__mmsl": "0.93200000", "comment": "-", "updated_at": "2023-12-19 11:16:12.6216", "updated_by": "osk", "observed_y": 27, "class_of_r": "V", "flow_statu": "Perennial", "islwl": "-", "exceedance": 2, "exceedan_1": 4.65, "exceedan_2": 95, "exceedan_3": 0.93, "spring_red": 0, "neap_reduc": 0, "final_redu": 0, "shwl__mm_1": "-", "slwl__mm_1": "-", "used_for_s": 1, "used_fo_01": 1}}, {"type": "Feature", "id": 120, "geometry": {"type": "Point", "coordinates": [89.42457900196314, 23.491291500627995]}, "properties": {"gid": 120, "objectid": 117, "organizati": "BWDB", "station_id": "SW216A", "wl_station": "Magura Diversion", "st_name": "SW216A (Magura Diversion)", "river_name": "Nabaganga", "district": "Magura", "upazila": "Magura Sadar", "region": "South-West", "tidal_stat": "Non-Tidal (Non Flashy)", "latitude": 23.49129152, "longitude": 89.42457897999999, "btm_x": 441528.97, "btm_y": 597730.07, "sob_effect": "2023-01-01 00:00:00", "sob_conver": "-0.75600000", "pwd_cd": "-", "msl": "-", "f5__exceed": "3.56400000", "f95__excee": "0.26400000", "m2__m_": "0.00000000", "s2__m_": "0.00000000", "msf__m_": "0.00000000", "tidal_addi": "0.00000000", "spring_tid": "0.00000000", "neap_tidal": "0.00000000", "tidal_redu": "0.00000000", "shwl__mmsl": "3.56400000", "slwl__mmsl": "0.26400000", "comment": "WL is totally controlled by Magura Sluice gate. So, both SHWL & SLWL are omitted during creation of contour maps.", "updated_at": "2023-12-19 11:16:12.6216", "updated_by": "osk", "observed_y": 27, "class_of_r": "IV", "flow_statu": "Perennial", "islwl": "-", "exceedance": 2, "exceedan_1": 3.56, "exceedan_2": 95, "exceedan_3": 0.26, "spring_red": 0, "neap_reduc": 0, "final_redu": 0, "shwl__mm_1": "-", "slwl__mm_1": "-", "used_for_s": 0, "used_fo_01": 0}}, {"type": "Feature", "id": 121, "geometry": {"type": "Point", "coordinates": [89.52967540174723, 23.24164990335703]}, "properties": {"gid": 121, "objectid": 118, "organizati": "BWDB", "station_id": "SW217", "wl_station": "Kala Chandpur", "st_name": "SW217 (Kala Chandpur)", "river_name": "Nabaganga", "district": "Narail", "upazila": "Narail Sadar", "region": "South-West", "tidal_stat": "Tidal", "latitude": 23.24164994, "longitude": 89.5296754, "btm_x": 452170.28, "btm_y": 570054.08, "sob_effect": "2023-01-01 00:00:00", "sob_conver": "-0.70700000", "pwd_cd": "-", "msl": "-", "f5__exceed": "2.48700000", "f95__excee": "0.08200000", "m2__m_": "0.26200000", "s2__m_": "0.07900000", "msf__m_": "0.11700000", "tidal_addi": "0.49200000", "spring_tid": "-0.25700000", "neap_tidal": "-0.31900000", "tidal_redu": "-0.31900000", "shwl__mmsl": "2.97900000", "slwl__mmsl": "-0.23700000", "comment": "-", "updated_at": "2023-12-19 11:16:12.6216", "updated_by": "osk", "observed_y": 26, "class_of_r": "IV", "flow_statu": "Perennial", "islwl": "-", "exceedance": 2, "exceedan_1": 2.49, "exceedan_2": 95, "exceedan_3": 0.08, "spring_red": -0.26, "neap_reduc": -0.32, "final_redu": -0.32, "shwl__mm_1": "-", "slwl__mm_1": "-", "used_for_s": 1, "used_fo_01": 1}}, {"type": "Feature", "id": 122, "geometry": {"type": "Point", "coordinates": [89.65320700407028, 23.181712105870247]}, "properties": {"gid": 122, "objectid": 119, "organizati": "BWDB", "station_id": "SW217A", "wl_station": "Lohagara", "st_name": "SW217A (Lohagara)", "river_name": "Nabaganga", "district": "Narail", "upazila": "Lohagara", "region": "South-West", "tidal_stat": "Tidal", "latitude": 23.18171208, "longitude": 89.65320695, "btm_x": 464791.63, "btm_y": 563383.21, "sob_effect": "2023-01-01 00:00:00", "sob_conver": "0.43800000", "pwd_cd": "-", "msl": "-", "f5__exceed": "3.98800000", "f95__excee": "0.47900000", "m2__m_": "0.03100000", "s2__m_": "0.06200000", "msf__m_": "0.03800000", "tidal_addi": "0.14000000", "spring_tid": "-0.06500000", "neap_tidal": "-0.00400000", "tidal_redu": "-0.06500000", "shwl__mmsl": "4.12800000", "slwl__mmsl": "0.41500000", "comment": "The d/s of the river is fully closed and no connection with the nearest perennial river.", "updated_at": "2023-12-19 11:16:12.6216", "updated_by": "osk", "observed_y": 26, "class_of_r": "IV", "flow_statu": "Seasonal", "islwl": "-", "exceedance": 2, "exceedan_1": 3.99, "exceedan_2": 95, "exceedan_3": 0.48000000000000004, "spring_red": -0.07, "neap_reduc": 0, "final_redu": -0.07, "shwl__mm_1": "-", "slwl__mm_1": "-", "used_for_s": 0, "used_fo_01": 0}}, {"type": "Feature", "id": 123, "geometry": {"type": "Point", "coordinates": [89.56333300471306, 22.981272004544735]}, "properties": {"gid": 123, "objectid": 120, "organizati": "BWDB", "station_id": "SW219", "wl_station": "Gazirhat", "st_name": "SW219 (Gazirhat)", "river_name": "Nabaganga", "district": "Narail", "upazila": "Kalia", "region": "South-West", "tidal_stat": "Tidal", "latitude": 22.981272, "longitude": 89.563333, "btm_x": 455527.21, "btm_y": 541218.81, "sob_effect": "2023-01-01 00:00:00", "sob_conver": "-1.11000000", "pwd_cd": "-", "msl": "-", "f5__exceed": "2.30000000", "f95__excee": "-0.07500000", "m2__m_": "0.86200000", "s2__m_": "0.28100000", "msf__m_": "0.12700000", "tidal_addi": "1.38500000", "spring_tid": "-1.13100000", "neap_tidal": "-0.76600000", "tidal_redu": "-1.13100000", "shwl__mmsl": "3.68400000", "slwl__mmsl": "-1.20600000", "comment": "Datum Problem or, Problem in Gauge Zero Value. Besides, there is low water problem in data from 2018 to 2022.", "updated_at": "2023-12-19 11:16:12.6216", "updated_by": "osk", "observed_y": 21, "class_of_r": "III", "flow_statu": "Perennial", "islwl": "-", "exceedance": 2, "exceedan_1": 2.3, "exceedan_2": 95, "exceedan_3": -0.08, "spring_red": -1.13, "neap_reduc": -0.77, "final_redu": -1.13, "shwl__mm_1": "3.089", "slwl__mm_1": "-1.244", "used_for_s": 0, "used_fo_01": 0}}, {"type": "Feature", "id": 124, "geometry": {"type": "Point", "coordinates": [91.10978220403194, 22.9444393068552]}, "properties": {"gid": 124, "objectid": 121, "organizati": "BWDB", "station_id": "SW221.5", "wl_station": "Begumganj", "st_name": "SW221.5 (Begumganj)", "river_name": "Noakhali Khal", "district": "Noakhali", "upazila": "Begumganj", "region": "South-East", "tidal_stat": "Non-Tidal (Non Flashy)", "latitude": 22.944439260000003, "longitude": 91.10978221, "btm_x": 614066.32, "btm_y": 537504.51, "sob_effect": "2022-01-01 00:00:00", "sob_conver": "-0.94000000", "pwd_cd": "-", "msl": "-", "f5__exceed": "3.99500000", "f95__excee": "0.33600000", "m2__m_": "0.00000000", "s2__m_": "0.00000000", "msf__m_": "0.00000000", "tidal_addi": "0.00000000", "spring_tid": "0.00000000", "neap_tidal": "0.00000000", "tidal_redu": "0.00000000", "shwl__mmsl": "3.99500000", "slwl__mmsl": "0.33600000", "comment": "Datum Problem or, Problem in Gauge Zero Value, continuous data shifting. So, determined SHWL ands SLWL for this station will be unusable.", "updated_at": "2023-12-19 11:16:12.6216", "updated_by": "osk", "observed_y": 27, "class_of_r": "Unclassified", "flow_statu": "Perennial", "islwl": "-", "exceedance": 2, "exceedan_1": 4, "exceedan_2": 95, "exceedan_3": 0.34, "spring_red": 0, "neap_reduc": 0, "final_redu": 0, "shwl__mm_1": "-", "slwl__mm_1": "-", "used_for_s": 0, "used_fo_01": 0}}, {"type": "Feature", "id": 125, "geometry": {"type": "Point", "coordinates": [91.10208510607481, 22.8448474034667]}, "properties": {"gid": 125, "objectid": 122, "organizati": "BWDB", "station_id": "SW222", "wl_station": "Noakhali", "st_name": "SW222 (Noakhali)", "river_name": "Noakhali Khal", "district": "Noakhali", "upazila": "Noakhali Sadar", "region": "South-East", "tidal_stat": "Non-Tidal (Non Flashy)", "latitude": 22.84484745, "longitude": 91.10208513, "btm_x": 613359.61, "btm_y": 526472.59, "sob_effect": "2022-01-01 00:00:00", "sob_conver": "-0.68000000", "pwd_cd": "-", "msl": "-", "f5__exceed": "4.58600000", "f95__excee": "1.05700000", "m2__m_": "0.00000000", "s2__m_": "0.00000000", "msf__m_": "0.00000000", "tidal_addi": "0.00000000", "spring_tid": "0.00000000", "neap_tidal": "0.00000000", "tidal_redu": "0.00000000", "shwl__mmsl": "4.58600000", "slwl__mmsl": "1.05700000", "comment": "-", "updated_at": "2023-12-19 11:16:12.6216", "updated_by": "osk", "observed_y": 27, "class_of_r": "Unclassified", "flow_statu": "Perennial", "islwl": "-", "exceedance": 2, "exceedan_1": 4.59, "exceedan_2": 95, "exceedan_3": 1.06, "spring_red": 0, "neap_reduc": 0, "final_redu": 0, "shwl__mm_1": "-", "slwl__mm_1": "-", "used_for_s": 1, "used_fo_01": 1}}, {"type": "Feature", "id": 126, "geometry": {"type": "Point", "coordinates": [89.80897100269794, 25.36448100209236]}, "properties": {"gid": 126, "objectid": 123, "organizati": "BWDB", "station_id": "SW223", "wl_station": "Goal Kanda", "st_name": "SW223 (Goalkanda)", "river_name": "Nil Jinjiram", "district": "Jamalpur", "upazila": "Dewanganj", "region": "North-Central", "tidal_stat": "Non-Tidal (Non Flashy)", "latitude": 25.364481, "longitude": 89.808971, "btm_x": 481064.32, "btm_y": 805024.42, "sob_effect": "2022-01-01 00:00:00", "sob_conver": "-1.24100000", "pwd_cd": "-", "msl": "-", "f5__exceed": "20.86800000", "f95__excee": "16.11800000", "m2__m_": "0.00000000", "s2__m_": "0.00000000", "msf__m_": "0.00000000", "tidal_addi": "0.00000000", "spring_tid": "0.00000000", "neap_tidal": "0.00000000", "tidal_redu": "0.00000000", "shwl__mmsl": "20.86800000", "slwl__mmsl": "16.11800000", "comment": "-", "updated_at": "2023-12-19 11:16:12.6216", "updated_by": "osk", "observed_y": 27, "class_of_r": "Unclassified", "flow_statu": "Seasonal", "islwl": "-", "exceedance": 2, "exceedan_1": 20.87, "exceedan_2": 95, "exceedan_3": 16.12, "spring_red": 0, "neap_reduc": 0, "final_redu": 0, "shwl__mm_1": "-", "slwl__mm_1": "-", "used_for_s": 1, "used_fo_01": 1}}, {"type": "Feature", "id": 127, "geometry": {"type": "Point", "coordinates": [89.96954700350761, 24.922006003558636]}, "properties": {"gid": 127, "objectid": 124, "organizati": "BWDB", "station_id": "SW225", "wl_station": "Jamalpur", "st_name": "SW225 (Jamalpur)", "river_name": "Old Brahmaputra", "district": "Jamalpur", "upazila": "Jamalpur Sadar", "region": "North-Central", "tidal_stat": "Non-Tidal (Non Flashy)", "latitude": 24.922006, "longitude": 89.96954699999999, "btm_x": 497208.7, "btm_y": 756015.86, "sob_effect": "2022-01-01 00:00:00", "sob_conver": "-0.79400000", "pwd_cd": "-", "msl": "-", "f5__exceed": "15.72200000", "f95__excee": "9.44500000", "m2__m_": "0.00000000", "s2__m_": "0.00000000", "msf__m_": "0.00000000", "tidal_addi": "0.00000000", "spring_tid": "0.00000000", "neap_tidal": "0.00000000", "tidal_redu": "0.00000000", "shwl__mmsl": "15.72200000", "slwl__mmsl": "9.44500000", "comment": "-", "updated_at": "2023-12-19 11:16:12.6216", "updated_by": "osk", "observed_y": 27, "class_of_r": "II", "flow_statu": "Perennial", "islwl": "-", "exceedance": 2, "exceedan_1": 15.72, "exceedan_2": 95, "exceedan_3": 9.45, "spring_red": 0, "neap_reduc": 0, "final_redu": 0, "shwl__mm_1": "-", "slwl__mm_1": "-", "used_for_s": 1, "used_fo_01": 1}}, {"type": "Feature", "id": 128, "geometry": {"type": "Point", "coordinates": [90.33063700050116, 24.796564005315304]}, "properties": {"gid": 128, "objectid": 125, "organizati": "BWDB", "station_id": "SW227", "wl_station": "Offtake of Suti", "st_name": "SW227 (Offtake of Suti)", "river_name": "Old Brahmaputra", "district": "Mymensingh", "upazila": "Mymensingh Sadar", "region": "North-Central", "tidal_stat": "Non-Tidal (Non Flashy)", "latitude": 24.796564, "longitude": 90.33063700000001, "btm_x": 533702.68, "btm_y": 742166.31, "sob_effect": "2022-01-01 00:00:00", "sob_conver": "-0.42800000", "pwd_cd": "-", "msl": "-", "f5__exceed": "11.76300000", "f95__excee": "4.39300000", "m2__m_": "0.00000000", "s2__m_": "0.00000000", "msf__m_": "0.00000000", "tidal_addi": "0.00000000", "spring_tid": "0.00000000", "neap_tidal": "0.00000000", "tidal_redu": "0.00000000", "shwl__mmsl": "11.76300000", "slwl__mmsl": "4.39300000", "comment": "PWD to MSL conversion value provided at mentioned effective date provided by BWDB, but besides this on 01/01/2020, there observed a large data shifting which is also adjusted by 0.41 m reduction with the previous data before 01/01/2020.", "updated_at": "2023-12-19 11:16:12.6216", "updated_by": "osk", "observed_y": 21, "class_of_r": "II", "flow_statu": "Perennial", "islwl": "-", "exceedance": 2, "exceedan_1": 11.76, "exceedan_2": 95, "exceedan_3": 4.39, "spring_red": 0, "neap_reduc": 0, "final_redu": 0, "shwl__mm_1": "-", "slwl__mm_1": "-", "used_for_s": 1, "used_fo_01": 1}}, {"type": "Feature", "id": 129, "geometry": {"type": "Point", "coordinates": [90.43003500252962, 24.73639700561762]}, "properties": {"gid": 129, "objectid": 126, "organizati": "BWDB", "station_id": "SW228.5", "wl_station": "Mymensingh", "st_name": "SW228.5 (Mymensingh)", "river_name": "Old Brahmaputra", "district": "Mymensingh", "upazila": "Mymensingh Sadar", "region": "North-Central", "tidal_stat": "Non-Tidal (Non Flashy)", "latitude": 24.736397, "longitude": 90.430035, "btm_x": 543770.37, "btm_y": 735532.22, "sob_effect": "2022-01-01 00:00:00", "sob_conver": "-0.98400000", "pwd_cd": "-", "msl": "-", "f5__exceed": "10.87100000", "f95__excee": "3.75100000", "m2__m_": "0.00000000", "s2__m_": "0.00000000", "msf__m_": "0.00000000", "tidal_addi": "0.00000000", "spring_tid": "0.00000000", "neap_tidal": "0.00000000", "tidal_redu": "0.00000000", "shwl__mmsl": "10.87100000", "slwl__mmsl": "3.75100000", "comment": "-", "updated_at": "2023-12-19 11:16:12.6216", "updated_by": "osk", "observed_y": 24, "class_of_r": "II", "flow_statu": "Perennial", "islwl": "-", "exceedance": 2, "exceedan_1": 10.87, "exceedan_2": 95, "exceedan_3": 3.75, "spring_red": 0, "neap_reduc": 0, "final_redu": 0, "shwl__mm_1": "-", "slwl__mm_1": "-", "used_for_s": 1, "used_fo_01": 1}}, {"type": "Feature", "id": 130, "geometry": {"type": "Point", "coordinates": [90.64320800453424, 24.262449003756046]}, "properties": {"gid": 130, "objectid": 127, "organizati": "BWDB", "station_id": "SW229", "wl_station": "Toke", "st_name": "SW229 (Toke)", "river_name": "Old Brahmaputra", "district": "Gazipur", "upazila": "Sreepur", "region": "North-Central", "tidal_stat": "Mixed Tidal", "latitude": 24.262449, "longitude": 90.64320799999999, "btm_x": 565572.02, "btm_y": 683138.86, "sob_effect": "2022-01-01 00:00:00", "sob_conver": "-0.92100000", "pwd_cd": "-", "msl": "-", "f5__exceed": "6.74200000", "f95__excee": "0.39900000", "m2__m_": "0.05700000", "s2__m_": "0.46800000", "msf__m_": "0.11300000", "tidal_addi": "0.00000000", "spring_tid": "-0.46400000", "neap_tidal": "0.34000000", "tidal_redu": "-0.46400000", "shwl__mmsl": "6.74200000", "slwl__mmsl": "-0.06500000", "comment": "SLWL is omitted during contour map creation.", "updated_at": "2023-12-19 11:16:12.6216", "updated_by": "osk", "observed_y": 27, "class_of_r": "II", "flow_statu": "Perennial", "islwl": "-", "exceedance": 2, "exceedan_1": 6.74, "exceedan_2": 95, "exceedan_3": 0.4, "spring_red": -0.46, "neap_reduc": 0.34, "final_redu": -0.46, "shwl__mm_1": "-", "slwl__mm_1": "0.553", "used_for_s": 1, "used_fo_01": 0}}, {"type": "Feature", "id": 131, "geometry": {"type": "Point", "coordinates": [89.04270580410957, 22.861401602625847]}, "properties": {"gid": 131, "objectid": 128, "organizati": "BWDB", "station_id": "SW23", "wl_station": "Kalaroa", "st_name": "SW23 (Kalaroa)", "river_name": "Betna-Kholpetua", "district": "Satkhira", "upazila": "Kalaroa", "region": "South-West", "tidal_stat": "Non-Tidal (Non Flashy)", "latitude": 22.86140158, "longitude": 89.04270579, "btm_x": 402076.37, "btm_y": 528201.59, "sob_effect": "2023-01-01 00:00:00", "sob_conver": "-0.90400000", "pwd_cd": "-", "msl": "-", "f5__exceed": "4.17500000", "f95__excee": "0.56500000", "m2__m_": "0.00000000", "s2__m_": "0.00000000", "msf__m_": "0.00000000", "tidal_addi": "0.00000000", "spring_tid": "0.00000000", "neap_tidal": "0.00000000", "tidal_redu": "0.00000000", "shwl__mmsl": "4.17500000", "slwl__mmsl": "0.56500000", "comment": "-", "updated_at": "2023-12-19 11:16:12.6216", "updated_by": "osk", "observed_y": 26, "class_of_r": "IV", "flow_statu": "Perennial", "islwl": "-", "exceedance": 2, "exceedan_1": 4.18, "exceedan_2": 95, "exceedan_3": 0.5700000000000001, "spring_red": 0, "neap_reduc": 0, "final_redu": 0, "shwl__mm_1": "-", "slwl__mm_1": "-", "used_for_s": 1, "used_fo_01": 1}}, {"type": "Feature", "id": 132, "geometry": {"type": "Point", "coordinates": [90.95903600752354, 24.037579007446766]}, "properties": {"gid": 132, "objectid": 129, "organizati": "BWDB", "station_id": "SW230.1", "wl_station": "Ramnagar", "st_name": "SW230.1 (Ramnagar)", "river_name": "Old Brahmaputra", "district": "Narsingdi", "upazila": "Roypura", "region": "North-Central", "tidal_stat": "Tidal", "latitude": 24.037579, "longitude": 90.959036, "btm_x": 597802.12, "btm_y": 658424.2, "sob_effect": "2022-01-01 00:00:00", "sob_conver": "-1.18700000", "pwd_cd": "-", "msl": "-", "f5__exceed": "5.27300000", "f95__excee": "0.27100000", "m2__m_": "0.05100000", "s2__m_": "0.09100000", "msf__m_": "0.11800000", "tidal_addi": "0.27300000", "spring_tid": "-0.03800000", "neap_tidal": "-0.07300000", "tidal_redu": "-0.07300000", "shwl__mmsl": "5.54600000", "slwl__mmsl": "0.19800000", "comment": "-", "updated_at": "2023-12-19 11:16:12.6216", "updated_by": "osk", "observed_y": 27, "class_of_r": "II", "flow_statu": "Perennial", "islwl": "-", "exceedance": 2, "exceedan_1": 5.27, "exceedan_2": 95, "exceedan_3": 0.27, "spring_red": -0.04, "neap_reduc": -0.07, "final_redu": -0.07, "shwl__mm_1": "-", "slwl__mm_1": "-", "used_for_s": 1, "used_fo_01": 1}}, {"type": "Feature", "id": 133, "geometry": {"type": "Point", "coordinates": [88.69072700291872, 26.0552040040493]}, "properties": {"gid": 133, "objectid": 130, "organizati": "BWDB", "station_id": "SW232", "wl_station": "Phulbari Outfall", "st_name": "SW232 (Phulbari Outfall)", "river_name": "Pathraj", "district": "Panchagarh", "upazila": "Boda", "region": "North-West", "tidal_stat": "Non-Tidal (Flashy)", "latitude": 26.055204, "longitude": 88.69072700000001, "btm_x": 369309.89, "btm_y": 882157.61, "sob_effect": "2022-11-01 00:00:00", "sob_conver": "-0.41400000", "pwd_cd": "-", "msl": "-", "f5__exceed": "49.73100000", "f95__excee": "46.17400000", "m2__m_": "0.00000000", "s2__m_": "0.00000000", "msf__m_": "0.00000000", "tidal_addi": "0.00000000", "spring_tid": "0.00000000", "neap_tidal": "0.00000000", "tidal_redu": "0.00000000", "shwl__mmsl": "49.73100000", "slwl__mmsl": "46.17400000", "comment": "-", "updated_at": "2023-12-19 11:16:12.6216", "updated_by": "osk", "observed_y": 27, "class_of_r": "Unclassified", "flow_statu": "Perennial", "islwl": "-", "exceedance": 2, "exceedan_1": 49.73, "exceedan_2": 95, "exceedan_3": 46.17, "spring_red": 0, "neap_reduc": 0, "final_redu": 0, "shwl__mm_1": "-", "slwl__mm_1": "-", "used_for_s": 1, "used_fo_01": 1}}, {"type": "Feature", "id": 134, "geometry": {"type": "Point", "coordinates": [91.96898500621319, 25.162081003189087]}, "properties": {"gid": 134, "objectid": 131, "organizati": "BWDB", "station_id": "SW233", "wl_station": "Ratnar bhanga_Piyan gang", "st_name": "SW233 (Ratnar bhanga_Piyan gang)", "river_name": "Piyan", "district": "Sylhet", "upazila": "Gowainghat", "region": "North-East", "tidal_stat": "Non-Tidal (Flashy)", "latitude": 25.162081, "longitude": 91.968985, "btm_x": 698735.43, "btm_y": 784048.8, "sob_effect": "2022-01-01 00:00:00", "sob_conver": "-1.27800000", "pwd_cd": "-", "msl": "-", "f5__exceed": "10.64000000", "f95__excee": "6.94300000", "m2__m_": "0.00000000", "s2__m_": "0.00000000", "msf__m_": "0.00000000", "tidal_addi": "0.00000000", "spring_tid": "0.00000000", "neap_tidal": "0.00000000", "tidal_redu": "0.00000000", "shwl__mmsl": "10.64000000", "slwl__mmsl": "6.94300000", "comment": "-", "updated_at": "2023-12-19 11:16:12.6216", "updated_by": "osk", "observed_y": 22, "class_of_r": "IV", "flow_statu": "Seasonal", "islwl": "-", "exceedance": 2, "exceedan_1": 10.64, "exceedan_2": 95, "exceedan_3": 6.94, "spring_red": 0, "neap_reduc": 0, "final_redu": 0, "shwl__mm_1": "-", "slwl__mm_1": "-", "used_for_s": 1, "used_fo_01": 1}}, {"type": "Feature", "id": 135, "geometry": {"type": "Point", "coordinates": [92.01846500486135, 25.155621007084846]}, "properties": {"gid": 135, "objectid": 132, "organizati": "BWDB", "station_id": "SW233A", "wl_station": "Jaflong_Spill", "st_name": "SW233A (Jaflong_Spill)", "river_name": "Piyan", "district": "Sylhet", "upazila": "Jaintiapur", "region": "North-East", "tidal_stat": "Non-Tidal (Flashy)", "latitude": 25.155621, "longitude": 92.018465, "btm_x": 703734.49, "btm_y": 783407.03, "sob_effect": "2022-01-01 00:00:00", "sob_conver": "-0.92400000", "pwd_cd": "-", "msl": "-", "f5__exceed": "11.33400000", "f95__excee": "5.10200000", "m2__m_": "0.00000000", "s2__m_": "0.00000000", "msf__m_": "0.00000000", "tidal_addi": "0.00000000", "spring_tid": "0.00000000", "neap_tidal": "0.00000000", "tidal_redu": "0.00000000", "shwl__mmsl": "11.33400000", "slwl__mmsl": "5.10200000", "comment": "-", "updated_at": "2023-12-19 11:16:12.6216", "updated_by": "osk", "observed_y": 27, "class_of_r": "IV", "flow_statu": "Seasonal", "islwl": "-", "exceedance": 2, "exceedan_1": 11.33, "exceedan_2": 95, "exceedan_3": 5.1, "spring_red": 0, "neap_reduc": 0, "final_redu": 0, "shwl__mm_1": "-", "slwl__mm_1": "-", "used_for_s": 1, "used_fo_01": 1}}, {"type": "Feature", "id": 136, "geometry": {"type": "Point", "coordinates": [91.75957700610161, 25.090146005153656]}, "properties": {"gid": 136, "objectid": 133, "organizati": "BWDB", "station_id": "SW234", "wl_station": "Companiganj", "st_name": "SW234 (Companiganj)", "river_name": "Piyan", "district": "Sylhet", "upazila": "Companiganj", "region": "North-East", "tidal_stat": "Non-Tidal (Flashy)", "latitude": 25.090146, "longitude": 91.75957700000001, "btm_x": 677728.83, "btm_y": 775788.9, "sob_effect": "2022-01-01 00:00:00", "sob_conver": "-0.52500000", "pwd_cd": "-", "msl": "-", "f5__exceed": "10.09700000", "f95__excee": "3.66900000", "m2__m_": "0.00000000", "s2__m_": "0.00000000", "msf__m_": "0.00000000", "tidal_addi": "0.00000000", "spring_tid": "0.00000000", "neap_tidal": "0.00000000", "tidal_redu": "0.00000000", "shwl__mmsl": "10.09700000", "slwl__mmsl": "3.66900000", "comment": "-", "updated_at": "2023-12-19 11:16:12.6216", "updated_by": "osk", "observed_y": 17, "class_of_r": "V", "flow_statu": "Seasonal", "islwl": "-", "exceedance": 2, "exceedan_1": 10.1, "exceedan_2": 95, "exceedan_3": 3.67, "spring_red": 0, "neap_reduc": 0, "final_redu": 0, "shwl__mm_1": "-", "slwl__mm_1": "-", "used_for_s": 1, "used_fo_01": 1}}, {"type": "Feature", "id": 137, "geometry": {"type": "Point", "coordinates": [88.57122500240803, 25.908077001571655]}, "properties": {"gid": 137, "objectid": 134, "organizati": "BWDB", "station_id": "SW235A", "wl_station": "Prannagar", "st_name": "SW235A (Prannagar)", "river_name": "Punarbhaba", "district": "Dinajpur", "upazila": "Birganj", "region": "North-West", "tidal_stat": "Non-Tidal (Flashy)", "latitude": 25.908077000000002, "longitude": 88.571225, "btm_x": 357175.92, "btm_y": 865986.75, "sob_effect": "2022-11-01 00:00:00", "sob_conver": "1.61000000", "pwd_cd": "-", "msl": "-", "f5__exceed": "43.71400000", "f95__excee": "40.98500000", "m2__m_": "0.00000000", "s2__m_": "0.00000000", "msf__m_": "0.00000000", "tidal_addi": "0.00000000", "spring_tid": "0.00000000", "neap_tidal": "0.00000000", "tidal_redu": "0.00000000", "shwl__mmsl": "43.71400000", "slwl__mmsl": "40.98500000", "comment": "-", "updated_at": "2023-12-19 11:16:12.6216", "updated_by": "osk", "observed_y": 27, "class_of_r": "V", "flow_statu": "Seasonal", "islwl": "-", "exceedance": 2, "exceedan_1": 43.71, "exceedan_2": 95, "exceedan_3": 40.99, "spring_red": 0, "neap_reduc": 0, "final_redu": 0, "shwl__mm_1": "-", "slwl__mm_1": "-", "used_for_s": 1, "used_fo_01": 1}}, {"type": "Feature", "id": 138, "geometry": {"type": "Point", "coordinates": [88.62616500258446, 25.614664003252983]}, "properties": {"gid": 138, "objectid": 135, "organizati": "BWDB", "station_id": "SW236", "wl_station": "Dinajpur_Pulhat", "st_name": "SW236 (Dinajpur_Pulhat)", "river_name": "Punarbhaba", "district": "Dinajpur", "upazila": "Dinajpur Sadar", "region": "North-West", "tidal_stat": "Non-Tidal (Non Flashy)", "latitude": 25.614663999999998, "longitude": 88.626165, "btm_x": 362340.71, "btm_y": 833429.76, "sob_effect": "2022-11-01 00:00:00", "sob_conver": "0.05000000", "pwd_cd": "-", "msl": "-", "f5__exceed": "32.11800000", "f95__excee": "27.32900000", "m2__m_": "0.00000000", "s2__m_": "0.00000000", "msf__m_": "0.00000000", "tidal_addi": "0.00000000", "spring_tid": "0.00000000", "neap_tidal": "0.00000000", "tidal_redu": "0.00000000", "shwl__mmsl": "32.11800000", "slwl__mmsl": "27.32900000", "comment": "-", "updated_at": "2023-12-19 11:16:12.6216", "updated_by": "osk", "observed_y": 27, "class_of_r": "V", "flow_statu": "Seasonal", "islwl": "-", "exceedance": 2, "exceedan_1": 32.12, "exceedan_2": 95, "exceedan_3": 27.33, "spring_red": 0, "neap_reduc": 0, "final_redu": 0, "shwl__mm_1": "-", "slwl__mm_1": "-", "used_for_s": 1, "used_fo_01": 1}}, {"type": "Feature", "id": 139, "geometry": {"type": "Point", "coordinates": [88.44453000277281, 25.0247820019722]}, "properties": {"gid": 139, "objectid": 136, "organizati": "BWDB", "station_id": "SW237", "wl_station": "Nithpur", "st_name": "SW237 (Nithpur)", "river_name": "Punarbhaba", "district": "Naogaon", "upazila": "Porsha", "region": "North-West", "tidal_stat": "Non-Tidal (Non Flashy)", "latitude": 25.024782, "longitude": 88.44453, "btm_x": 343341.86, "btm_y": 768296.9, "sob_effect": "2022-11-01 00:00:00", "sob_conver": "-0.43000000", "pwd_cd": "-", "msl": "-", "f5__exceed": "21.43000000", "f95__excee": "12.24400000", "m2__m_": "0.00000000", "s2__m_": "0.00000000", "msf__m_": "0.00000000", "tidal_addi": "0.00000000", "spring_tid": "0.00000000", "neap_tidal": "0.00000000", "tidal_redu": "0.00000000", "shwl__mmsl": "21.43000000", "slwl__mmsl": "12.24400000", "comment": "-", "updated_at": "2023-12-19 11:16:12.6216", "updated_by": "osk", "observed_y": 27, "class_of_r": "Unclassified", "flow_statu": "Seasonal", "islwl": "-", "exceedance": 2, "exceedan_1": 21.43, "exceedan_2": 95, "exceedan_3": 12.24, "spring_red": 0, "neap_reduc": 0, "final_redu": 0, "shwl__mm_1": "-", "slwl__mm_1": "-", "used_for_s": 1, "used_fo_01": 1}}, {"type": "Feature", "id": 140, "geometry": {"type": "Point", "coordinates": [88.31776500493288, 24.82301500439644]}, "properties": {"gid": 140, "objectid": 137, "organizati": "BWDB", "station_id": "SW238", "wl_station": "Rohanpur", "st_name": "SW238 (Rohanpur)", "river_name": "Punarbhaba", "district": "Nawabganj", "upazila": "Gomastapur", "region": "North-West", "tidal_stat": "Non-Tidal (Non Flashy)", "latitude": 24.823015, "longitude": 88.31776500000001, "btm_x": 330272.83, "btm_y": 746102.61, "sob_effect": "2022-11-01 00:00:00", "sob_conver": "-0.81000000", "pwd_cd": "-", "msl": "-", "f5__exceed": "20.89300000", "f95__excee": "11.57400000", "m2__m_": "0.00000000", "s2__m_": "0.00000000", "msf__m_": "0.00000000", "tidal_addi": "0.00000000", "spring_tid": "0.00000000", "neap_tidal": "0.00000000", "tidal_redu": "0.00000000", "shwl__mmsl": "20.89300000", "slwl__mmsl": "11.57400000", "comment": "-", "updated_at": "2023-12-19 11:16:12.6216", "updated_by": "osk", "observed_y": 27, "class_of_r": "Unclassified", "flow_statu": "Perennial", "islwl": "-", "exceedance": 2, "exceedan_1": 20.89, "exceedan_2": 95, "exceedan_3": 11.57, "spring_red": 0, "neap_reduc": 0, "final_redu": 0, "shwl__mm_1": "-", "slwl__mm_1": "-", "used_for_s": 1, "used_fo_01": 1}}, {"type": "Feature", "id": 141, "geometry": {"type": "Point", "coordinates": [90.83443680405617, 22.937513202428818]}, "properties": {"gid": 141, "objectid": 138, "organizati": "BWDB", "station_id": "SW239", "wl_station": "Lakshmipur", "st_name": "SW239 (Lakshmipur)", "river_name": "Rahmat Khali Khal", "district": "Lakshmipur", "upazila": "Lakshmipur Sadar", "region": "South-East", "tidal_stat": "Tidal", "latitude": 22.93751323, "longitude": 90.83443685, "btm_x": 585838.69, "btm_y": 536551.01, "sob_effect": "2022-01-17 00:00:00", "sob_conver": "0.09900000", "pwd_cd": "-", "msl": "-", "f5__exceed": "3.48400000", "f95__excee": "0.97000000", "m2__m_": "0.00900000", "s2__m_": "3.32500000", "msf__m_": "0.02600000", "tidal_addi": "3.69400000", "spring_tid": "-3.64100000", "neap_tidal": "3.62100000", "tidal_redu": "-3.64100000", "shwl__mmsl": "7.17700000", "slwl__mmsl": "-2.67200000", "comment": "WL is controlled by 'Old Sluicegate' & 'Rahmatkhali Regulator', situated at the d/s of Rahmatkhali Khal.", "updated_at": "2023-12-19 11:16:12.6216", "updated_by": "osk", "observed_y": 27, "class_of_r": "Unclassified", "flow_statu": "Perennial", "islwl": "-", "exceedance": 2, "exceedan_1": 3.48, "exceedan_2": 95, "exceedan_3": 0.9700000000000001, "spring_red": -3.64, "neap_reduc": 3.62, "final_redu": -3.64, "shwl__mm_1": "-", "slwl__mm_1": "-", "used_for_s": 0, "used_fo_01": 0}}, {"type": "Feature", "id": 142, "geometry": {"type": "Point", "coordinates": [90.84684920310974, 22.902713403105736]}, "properties": {"gid": 142, "objectid": 139, "organizati": "BWDB", "station_id": "SW239.5", "wl_station": "Piarpur", "st_name": "SW239.5 (Piarpur)", "river_name": "Rahmat Khali Khal", "district": "Lakshmipur", "upazila": "Lakshmipur Sadar", "region": "South-East", "tidal_stat": "Tidal", "latitude": 22.902713379999998, "longitude": 90.84684918, "btm_x": 587133.57, "btm_y": 532705.73, "sob_effect": "2022-01-22 00:00:00", "sob_conver": "-0.29300000", "pwd_cd": "-", "msl": "-", "f5__exceed": "3.68500000", "f95__excee": "1.05300000", "m2__m_": "0.00500000", "s2__m_": "0.77400000", "msf__m_": "0.01000000", "tidal_addi": "0.86700000", "spring_tid": "-0.84700000", "neap_tidal": "0.83700000", "tidal_redu": "-0.84700000", "shwl__mmsl": "4.55100000", "slwl__mmsl": "0.20600000", "comment": "WL is controlled by 'Old Sluicegate' & 'Rahmatkhali Regulator', situated at the d/s of Rahmatkhali Khal.", "updated_at": "2023-12-19 11:16:12.6216", "updated_by": "osk", "observed_y": 27, "class_of_r": "Unclassified", "flow_statu": "Perennial", "islwl": "-", "exceedance": 2, "exceedan_1": 3.69, "exceedan_2": 95, "exceedan_3": 1.05, "spring_red": -0.8500000000000001, "neap_reduc": 0.8400000000000001, "final_redu": -0.8500000000000001, "shwl__mm_1": "-", "slwl__mm_1": "-", "used_for_s": 0, "used_fo_01": 0}}, {"type": "Feature", "id": 143, "geometry": {"type": "Point", "coordinates": [89.10213200747967, 22.752912007272243]}, "properties": {"gid": 143, "objectid": 140, "organizati": "BWDB", "station_id": "SW24", "wl_station": "Benarpota", "st_name": "SW24 (Benarpota)", "river_name": "Betna-Kholpetua", "district": "Satkhira", "upazila": "Satkhira Sadar", "region": "South-West", "tidal_stat": "Tidal", "latitude": 22.752912000000002, "longitude": 89.102132, "btm_x": 408100.21, "btm_y": 516152.83, "sob_effect": "2023-01-01 00:00:00", "sob_conver": "-2.06000000", "pwd_cd": "-", "msl": "-", "f5__exceed": "3.00500000", "f95__excee": "-1.18900000", "m2__m_": "0.51100000", "s2__m_": "0.63500000", "msf__m_": "0.10000000", "tidal_addi": "1.36100000", "spring_tid": "-1.16100000", "neap_tidal": "0.03600000", "tidal_redu": "-1.16100000", "shwl__mmsl": "4.36600000", "slwl__mmsl": "-2.35000000", "comment": "The water level data is so bad to estimate SHWL & SLWL. After 2009, the WL pattern changed abruptly & after 2019, no tide effect was observed. That's why, this station is fully omitted.", "updated_at": "2023-12-19 11:16:12.6216", "updated_by": "osk", "observed_y": 26, "class_of_r": "IV", "flow_statu": "Perennial", "islwl": "-", "exceedance": 2, "exceedan_1": 3.01, "exceedan_2": 95, "exceedan_3": -1.19, "spring_red": -1.16, "neap_reduc": 0.04, "final_redu": -1.16, "shwl__mm_1": "-", "slwl__mm_1": "-", "used_for_s": 0, "used_fo_01": 0}}, {"type": "Feature", "id": 144, "geometry": {"type": "Point", "coordinates": [90.84873640537262, 22.878880500793457]}, "properties": {"gid": 144, "objectid": 141, "organizati": "BWDB", "station_id": "SW240", "wl_station": "Bhawaniganj", "st_name": "SW240 (Bhawaniganj)", "river_name": "Rahmat Khali Khal", "district": "Lakshmipur", "upazila": "Lakshmipur Sadar", "region": "South-East", "tidal_stat": "Tidal", "latitude": 22.878880499999998, "longitude": 90.84873644999999, "btm_x": 587342.34, "btm_y": 530068.41, "sob_effect": "2022-01-01 00:00:00", "sob_conver": "-0.46000000", "pwd_cd": "-", "msl": "-", "f5__exceed": "2.67100000", "f95__excee": "0.67800000", "m2__m_": "0.00300000", "s2__m_": "0.16700000", "msf__m_": "0.00700000", "tidal_addi": "0.19400000", "spring_tid": "-0.17900000", "neap_tidal": "0.17400000", "tidal_redu": "-0.17900000", "shwl__mmsl": "2.86500000", "slwl__mmsl": "0.49900000", "comment": "WL is controlled by 'Old Sluicegate' & 'Rahmatkhali Regulator', situated at the d/s of Rahmatkhali Khal.", "updated_at": "2023-12-19 11:16:12.6216", "updated_by": "osk", "observed_y": 25, "class_of_r": "Unclassified", "flow_statu": "Perennial", "islwl": "-", "exceedance": 2, "exceedan_1": 2.67, "exceedan_2": 95, "exceedan_3": 0.68, "spring_red": -0.18000000000000002, "neap_reduc": 0.17, "final_redu": -0.18000000000000002, "shwl__mm_1": "-", "slwl__mm_1": "-", "used_for_s": 0, "used_fo_01": 0}}, {"type": "Feature", "id": 145, "geometry": {"type": "Point", "coordinates": [89.57005100697279, 22.81664300709963]}, "properties": {"gid": 145, "objectid": 142, "organizati": "BWDB", "station_id": "SW241", "wl_station": "Khulna", "st_name": "SW241 (Khulna)", "river_name": "Rupsa-Pasur", "district": "Khulna", "upazila": "Khulna Sadar", "region": "South-West", "tidal_stat": "Tidal", "latitude": 22.816643000000003, "longitude": 89.57005099999999, "btm_x": 456162.57, "btm_y": 522992.42, "sob_effect": "2023-01-01 00:00:00", "sob_conver": "-0.73600000", "pwd_cd": "-", "msl": "-", "f5__exceed": "1.15100000", "f95__excee": "-0.23900000", "m2__m_": "1.07400000", "s2__m_": "0.38400000", "msf__m_": "0.09200000", "tidal_addi": "1.69600000", "spring_tid": "-1.51200000", "neap_tidal": "-0.85100000", "tidal_redu": "-1.51200000", "shwl__mmsl": "2.84700000", "slwl__mmsl": "-1.75100000", "comment": "-", "updated_at": "2023-12-19 11:16:12.6216", "updated_by": "osk", "observed_y": 27, "class_of_r": "I", "flow_statu": "Perennial", "islwl": "-", "exceedance": 2, "exceedan_1": 1.15, "exceedan_2": 95, "exceedan_3": -0.24000000000000002, "spring_red": -1.51, "neap_reduc": -0.8500000000000001, "final_redu": -1.51, "shwl__mm_1": "-", "slwl__mm_1": "-", "used_for_s": 1, "used_fo_01": 1}}, {"type": "Feature", "id": 146, "geometry": {"type": "Point", "coordinates": [89.521284006536, 22.5990749001503]}, "properties": {"gid": 146, "objectid": 143, "organizati": "BWDB", "station_id": "SW243", "wl_station": "Chalna", "st_name": "SW243 (Chalna)", "river_name": "Rupsa-Pasur", "district": "Khulna", "upazila": "Dacope", "region": "South-West", "tidal_stat": "Tidal", "latitude": 22.59907492, "longitude": 89.521284, "btm_x": 451080.38, "btm_y": 498923.58, "sob_effect": "2023-01-01 00:00:00", "sob_conver": "-1.02100000", "pwd_cd": "-", "msl": "-", "f5__exceed": "1.39000000", "f95__excee": "-0.45800000", "m2__m_": "0.97300000", "s2__m_": "0.30800000", "msf__m_": "0.03400000", "tidal_addi": "1.44400000", "spring_tid": "-1.37500000", "neap_tidal": "-0.76700000", "tidal_redu": "-1.37500000", "shwl__mmsl": "2.83300000", "slwl__mmsl": "-1.83300000", "comment": "-", "updated_at": "2023-12-19 11:16:12.6216", "updated_by": "osk", "observed_y": 24, "class_of_r": "I", "flow_statu": "Perennial", "islwl": "-", "exceedance": 2, "exceedan_1": 1.3900000000000001, "exceedan_2": 95, "exceedan_3": -0.46, "spring_red": -1.38, "neap_reduc": -0.77, "final_redu": -1.38, "shwl__mm_1": "-", "slwl__mm_1": "-", "used_for_s": 1, "used_fo_01": 1}}, {"type": "Feature", "id": 147, "geometry": {"type": "Point", "coordinates": [89.60727720707655, 22.480671502649784]}, "properties": {"gid": 147, "objectid": 144, "organizati": "BWDB", "station_id": "SW244", "wl_station": "Mongla", "st_name": "SW244 (Mongla)", "river_name": "Rupsa-Pasur", "district": "Bagerhat", "upazila": "Mongla", "region": "South-West", "tidal_stat": "Tidal", "latitude": 22.48067154, "longitude": 89.60727720000001, "btm_x": 459884.58, "btm_y": 485791.18, "sob_effect": "2023-01-01 00:00:00", "sob_conver": "-0.87300000", "pwd_cd": "-", "msl": "-", "f5__exceed": "0.82900000", "f95__excee": "-0.60800000", "m2__m_": "1.07800000", "s2__m_": "0.38800000", "msf__m_": "0.04200000", "tidal_addi": "1.65400000", "spring_tid": "-1.57100000", "neap_tidal": "-0.80100000", "tidal_redu": "-1.57100000", "shwl__mmsl": "2.48300000", "slwl__mmsl": "-2.17900000", "comment": "-", "updated_at": "2023-12-19 11:16:12.6216", "updated_by": "osk", "observed_y": 22, "class_of_r": "I", "flow_statu": "Perennial", "islwl": "-", "exceedance": 2, "exceedan_1": 0.8300000000000001, "exceedan_2": 95, "exceedan_3": -0.61, "spring_red": -1.57, "neap_reduc": -0.8, "final_redu": -1.57, "shwl__mm_1": "-", "slwl__mm_1": "-", "used_for_s": 1, "used_fo_01": 1}}, {"type": "Feature", "id": 148, "geometry": {"type": "Point", "coordinates": [92.38058290630579, 22.06085380166769]}, "properties": {"gid": 148, "objectid": 145, "organizati": "BWDB", "station_id": "SW245", "wl_station": "Ruma", "st_name": "SW245 (Ruma)", "river_name": "Sangu", "district": "Bandarban", "upazila": "Ruma", "region": "Eastern Hilly", "tidal_stat": "Non-Tidal (Flashy)", "latitude": 22.06085381, "longitude": 92.38058289, "btm_x": 745953.41, "btm_y": 441186.74, "sob_effect": null, "sob_conver": "0.00000000", "pwd_cd": "-", "msl": "-", "f5__exceed": "0.00000000", "f95__excee": "0.00000000", "m2__m_": "0.00000000", "s2__m_": "0.00000000", "msf__m_": "0.00000000", "tidal_addi": "0.00000000", "spring_tid": "0.00000000", "neap_tidal": "0.00000000", "tidal_redu": "0.00000000", "shwl__mmsl": "0.00000000", "slwl__mmsl": "0.00000000", "comment": "No relation provided by BWDB, very limited period of data (1996-97)", "updated_at": "2023-12-19 11:16:12.6216", "updated_by": "osk", "observed_y": 3, "class_of_r": "IV", "flow_statu": "Seasonal", "islwl": "-", "exceedance": 2, "exceedan_1": 0, "exceedan_2": 95, "exceedan_3": 0, "spring_red": 0, "neap_reduc": 0, "final_redu": 0, "shwl__mm_1": "-", "slwl__mm_1": "-", "used_for_s": 0, "used_fo_01": 0}}, {"type": "Feature", "id": 149, "geometry": {"type": "Point", "coordinates": [92.2146059051156, 22.194007605314255]}, "properties": {"gid": 149, "objectid": 146, "organizati": "BWDB", "station_id": "SW247", "wl_station": "Bandarban", "st_name": "SW247 (Bandarban)", "river_name": "Sangu", "district": "Bandarban", "upazila": "Bandarban Sadar", "region": "Eastern Hilly", "tidal_stat": "Non-Tidal (Flashy)", "latitude": 22.194007629999998, "longitude": 92.21460593, "btm_x": 728603.84, "btm_y": 455674.84, "sob_effect": "2021-06-07 00:00:00", "sob_conver": "-0.36100000", "pwd_cd": "-", "msl": "-", "f5__exceed": "10.32500000", "f95__excee": "4.21300000", "m2__m_": "0.00000000", "s2__m_": "0.00000000", "msf__m_": "0.00000000", "tidal_addi": "0.00000000", "spring_tid": "0.00000000", "neap_tidal": "0.00000000", "tidal_redu": "0.00000000", "shwl__mmsl": "14.26500000", "slwl__mmsl": "4.21300000", "comment": "2.33 Yr Return Period value (14.265 mMSL) is used as SHWL", "updated_at": "2023-12-19 11:16:12.6216", "updated_by": "osk", "observed_y": 27, "class_of_r": "III", "flow_statu": "Seasonal", "islwl": "-", "exceedance": 2, "exceedan_1": 10.33, "exceedan_2": 95, "exceedan_3": 4.21, "spring_red": 0, "neap_reduc": 0, "final_redu": 0, "shwl__mm_1": "-", "slwl__mm_1": "-", "used_for_s": 1, "used_fo_01": 1}}, {"type": "Feature", "id": 150, "geometry": {"type": "Point", "coordinates": [92.06702830642462, 22.1590224057436]}, "properties": {"gid": 150, "objectid": 147, "organizati": "BWDB", "station_id": "SW248", "wl_station": "Dohazari", "st_name": "SW248 (Dohazari)", "river_name": "Sangu", "district": "Chattogram", "upazila": "Chandanaish", "region": "Eastern Hilly", "tidal_stat": "Tidal", "latitude": 22.159022349999997, "longitude": 92.06702825999999, "btm_x": 713436.81, "btm_y": 451585.69, "sob_effect": "2020-12-03 00:00:00", "sob_conver": "-0.96700000", "pwd_cd": "-", "msl": "-", "f5__exceed": "4.12900000", "f95__excee": "0.27300000", "m2__m_": "0.17200000", "s2__m_": "0.01700000", "msf__m_": "0.06900000", "tidal_addi": "0.27700000", "spring_tid": "-0.13900000", "neap_tidal": "-0.23900000", "tidal_redu": "-0.23900000", "shwl__mmsl": "4.40600000", "slwl__mmsl": "0.03400000", "comment": "-", "updated_at": "2023-12-19 11:16:12.6216", "updated_by": "osk", "observed_y": 27, "class_of_r": "II", "flow_statu": "Perennial", "islwl": "-", "exceedance": 2, "exceedan_1": 4.13, "exceedan_2": 95, "exceedan_3": 0.27, "spring_red": -0.14, "neap_reduc": -0.24000000000000002, "final_redu": -0.24000000000000002, "shwl__mm_1": "-", "slwl__mm_1": "-", "used_for_s": 1, "used_fo_01": 1}}, {"type": "Feature", "id": 151, "geometry": {"type": "Point", "coordinates": [89.18755100667477, 22.569184005260468]}, "properties": {"gid": 151, "objectid": 148, "organizati": "BWDB", "station_id": "SW25", "wl_station": "Chapra", "st_name": "SW25 (Chapra)", "river_name": "Betna-Kholpetua", "district": "Satkhira", "upazila": "Assasuni", "region": "South-West", "tidal_stat": "Tidal", "latitude": 22.569184, "longitude": 89.187551, "btm_x": 416759.43, "btm_y": 495763.16, "sob_effect": "2023-01-01 00:00:00", "sob_conver": "-0.69000000", "pwd_cd": "-", "msl": "-", "f5__exceed": "1.00400000", "f95__excee": "-0.42100000", "m2__m_": "1.51200000", "s2__m_": "0.50800000", "msf__m_": "0.05800000", "tidal_addi": "2.28000000", "spring_tid": "-2.16300000", "neap_tidal": "-1.16300000", "tidal_redu": "-2.16300000", "shwl__mmsl": "3.28400000", "slwl__mmsl": "-2.58400000", "comment": "-", "updated_at": "2023-12-19 11:16:12.6216", "updated_by": "osk", "observed_y": 27, "class_of_r": "IV", "flow_statu": "Perennial", "islwl": "-", "exceedance": 2, "exceedan_1": 1, "exceedan_2": 95, "exceedan_3": -0.42000000000000004, "spring_red": -2.16, "neap_reduc": -1.16, "final_redu": -2.16, "shwl__mm_1": "-", "slwl__mm_1": "-", "used_for_s": 1, "used_fo_01": 1}}, {"type": "Feature", "id": 152, "geometry": {"type": "Point", "coordinates": [91.89341360330582, 22.122576005756855]}, "properties": {"gid": 152, "objectid": 149, "organizati": "BWDB", "station_id": "SW250", "wl_station": "Banigram", "st_name": "SW250 (Banigram)", "river_name": "Sangu", "district": "Chattogram", "upazila": "Banshkhali", "region": "Eastern Hilly", "tidal_stat": "Tidal", "latitude": 22.122575989999998, "longitude": 91.89341362, "btm_x": 695578.94, "btm_y": 447316.43, "sob_effect": "2020-12-31 00:00:00", "sob_conver": "-0.79400000", "pwd_cd": "-", "msl": "-", "f5__exceed": "1.17500000", "f95__excee": "-0.68100000", "m2__m_": "1.03300000", "s2__m_": "0.16600000", "msf__m_": "0.10100000", "tidal_addi": "1.41900000", "spring_tid": "-1.21700000", "neap_tidal": "-1.05400000", "tidal_redu": "-1.21700000", "shwl__mmsl": "2.59400000", "slwl__mmsl": "-1.89800000", "comment": "Data quality is quite trashy, has excessive low water problem throughout the entire time series. So, the station was omitted during analysis period.", "updated_at": "2023-12-19 11:16:12.6216", "updated_by": "osk", "observed_y": 27, "class_of_r": "I", "flow_statu": "Perennial", "islwl": "-", "exceedance": 2, "exceedan_1": 1.18, "exceedan_2": 95, "exceedan_3": -0.68, "spring_red": -1.22, "neap_reduc": -1.05, "final_redu": -1.22, "shwl__mm_1": "3.106", "slwl__mm_1": "-", "used_for_s": 0, "used_fo_01": 0}}, {"type": "Feature", "id": 153, "geometry": {"type": "Point", "coordinates": [92.11748100072145, 25.093561001121998]}, "properties": {"gid": 153, "objectid": 150, "organizati": "BWDB", "station_id": "SW251", "wl_station": "Sarighat", "st_name": "SW251 (Sarighat)", "river_name": "Sari-Gowain", "district": "Sylhet", "upazila": "Jaintiapur", "region": "North-East", "tidal_stat": "Non-Tidal (Non Flashy)", "latitude": 25.093560999999998, "longitude": 92.117481, "btm_x": 713825.57, "btm_y": 776685.36, "sob_effect": "2018-05-16 00:00:00", "sob_conver": "-1.02900000", "pwd_cd": "-", "msl": "-", "f5__exceed": "11.56800000", "f95__excee": "3.53700000", "m2__m_": "0.00000000", "s2__m_": "0.00000000", "msf__m_": "0.00000000", "tidal_addi": "0.00000000", "spring_tid": "0.00000000", "neap_tidal": "0.00000000", "tidal_redu": "0.00000000", "shwl__mmsl": "11.56800000", "slwl__mmsl": "3.53700000", "comment": "-", "updated_at": "2023-12-19 11:16:12.6216", "updated_by": "osk", "observed_y": 27, "class_of_r": "IV", "flow_statu": "Seasonal", "islwl": "-", "exceedance": 2, "exceedan_1": 11.57, "exceedan_2": 95, "exceedan_3": 3.54, "spring_red": 0, "neap_reduc": 0, "final_redu": 0, "shwl__mm_1": "-", "slwl__mm_1": "-", "used_for_s": 1, "used_fo_01": 1}}, {"type": "Feature", "id": 154, "geometry": {"type": "Point", "coordinates": [91.98138700425625, 25.090416006743908]}, "properties": {"gid": 154, "objectid": 151, "organizati": "BWDB", "station_id": "SW252", "wl_station": "Gowainghat", "st_name": "SW252 (Gowainghat)", "river_name": "Sari-Gowain", "district": "Sylhet", "upazila": "Gowainghat", "region": "North-East", "tidal_stat": "Non-Tidal (Non Flashy)", "latitude": 25.090415999999998, "longitude": 91.981387, "btm_x": 700102.34, "btm_y": 776128.64, "sob_effect": "2022-01-01 00:00:00", "sob_conver": "-1.04600000", "pwd_cd": "-", "msl": "-", "f5__exceed": "10.30700000", "f95__excee": "1.31400000", "m2__m_": "0.00000000", "s2__m_": "0.00000000", "msf__m_": "0.00000000", "tidal_addi": "0.00000000", "spring_tid": "0.00000000", "neap_tidal": "0.00000000", "tidal_redu": "0.00000000", "shwl__mmsl": "10.30700000", "slwl__mmsl": "1.31400000", "comment": "-", "updated_at": "2023-12-19 11:16:12.6216", "updated_by": "osk", "observed_y": 17, "class_of_r": "IV", "flow_statu": "Perennial", "islwl": "-", "exceedance": 2, "exceedan_1": 10.31, "exceedan_2": 95, "exceedan_3": 1.31, "spring_red": 0, "neap_reduc": 0, "final_redu": 0, "shwl__mm_1": "-", "slwl__mm_1": "-", "used_for_s": 1, "used_fo_01": 1}}, {"type": "Feature", "id": 155, "geometry": {"type": "Point", "coordinates": [91.85244600474834, 24.99157700687647]}, "properties": {"gid": 155, "objectid": 152, "organizati": "BWDB", "station_id": "SW252.1", "wl_station": "Salutikar", "st_name": "SW252.1 (Salutikar)", "river_name": "Sari-Gowain", "district": "Sylhet", "upazila": "Sylhet Sadar", "region": "North-East", "tidal_stat": "Non-Tidal (Non Flashy)", "latitude": 24.991577, "longitude": 91.852446, "btm_x": 687245.76, "btm_y": 764996.08, "sob_effect": "2022-01-01 00:00:00", "sob_conver": "-0.95100000", "pwd_cd": "-", "msl": "-", "f5__exceed": "9.59800000", "f95__excee": "0.75600000", "m2__m_": "0.00000000", "s2__m_": "0.00000000", "msf__m_": "0.00000000", "tidal_addi": "0.00000000", "spring_tid": "0.00000000", "neap_tidal": "0.00000000", "tidal_redu": "0.00000000", "shwl__mmsl": "9.59800000", "slwl__mmsl": "0.75600000", "comment": "-", "updated_at": "2023-12-19 11:16:12.6216", "updated_by": "osk", "observed_y": 26, "class_of_r": "Unclassified", "flow_statu": "Perennial", "islwl": "-", "exceedance": 2, "exceedan_1": 9.6, "exceedan_2": 95, "exceedan_3": 0.76, "spring_red": 0, "neap_reduc": 0, "final_redu": 0, "shwl__mm_1": "-", "slwl__mm_1": "-", "used_for_s": 1, "used_fo_01": 1}}, {"type": "Feature", "id": 156, "geometry": {"type": "Point", "coordinates": [90.10400000214577, 22.74600000679493]}, "properties": {"gid": 156, "objectid": 153, "organizati": "BWDB", "station_id": "SW253", "wl_station": "Swarupkati", "st_name": "SW253 (Swarupkati)", "river_name": "Swarupkati", "district": "Pirojpur", "upazila": "Swarupkati", "region": "South-West", "tidal_stat": "Tidal", "latitude": 22.746, "longitude": 90.104, "btm_x": 510961.44, "btm_y": 515112.1, "sob_effect": "2023-01-01 00:00:00", "sob_conver": "-0.96000000", "pwd_cd": "-", "msl": "-", "f5__exceed": "0.96900000", "f95__excee": "-0.48900000", "m2__m_": "0.48200000", "s2__m_": "0.14600000", "msf__m_": "0.06200000", "tidal_addi": "0.75300000", "spring_tid": "-0.62800000", "neap_tidal": "-0.43200000", "tidal_redu": "-0.62800000", "shwl__mmsl": "1.72200000", "slwl__mmsl": "-1.11700000", "comment": "-", "updated_at": "2023-12-19 11:16:12.6216", "updated_by": "osk", "observed_y": 21, "class_of_r": "III", "flow_statu": "Perennial", "islwl": "-", "exceedance": 2, "exceedan_1": 0.9700000000000001, "exceedan_2": 95, "exceedan_3": -0.49000000000000005, "spring_red": -0.63, "neap_reduc": -0.43, "final_redu": -0.63, "shwl__mm_1": "-", "slwl__mm_1": "-", "used_for_s": 1, "used_fo_01": 1}}, {"type": "Feature", "id": 157, "geometry": {"type": "Point", "coordinates": [90.23925890028477, 22.807801105082035]}, "properties": {"gid": 157, "objectid": 154, "organizati": "BWDB", "station_id": "SW253A", "wl_station": "Uzirpur", "st_name": "SW253A (Uzirpur)", "river_name": "Swarupkati", "district": "Barisal", "upazila": "Wazirpur", "region": "South-West", "tidal_stat": "Tidal", "latitude": 22.80780107, "longitude": 90.23925885999999, "btm_x": 524837.65, "btm_y": 521969.33, "sob_effect": "2023-01-01 00:00:00", "sob_conver": "-0.85600000", "pwd_cd": "-", "msl": "-", "f5__exceed": "1.25600000", "f95__excee": "-0.43600000", "m2__m_": "0.32700000", "s2__m_": "0.08100000", "msf__m_": "0.07600000", "tidal_addi": "0.52500000", "spring_tid": "-0.37200000", "neap_tidal": "-0.34700000", "tidal_redu": "-0.37200000", "shwl__mmsl": "1.78000000", "slwl__mmsl": "-0.80800000", "comment": "Datum Problem or, Problem in Gauge Zero Value. So, both SHWL & SLWL are omitted during creation of contour maps.", "updated_at": "2023-12-19 11:16:12.6216", "updated_by": "osk", "observed_y": 24, "class_of_r": "I", "flow_statu": "Perennial", "islwl": "-", "exceedance": 2, "exceedan_1": 1.26, "exceedan_2": 95, "exceedan_3": -0.44, "spring_red": -0.37, "neap_reduc": -0.35000000000000003, "final_redu": -0.37, "shwl__mm_1": "-", "slwl__mm_1": "-", "used_for_s": 0, "used_fo_01": 0}}, {"type": "Feature", "id": 158, "geometry": {"type": "Point", "coordinates": [89.10582840442657, 22.60069440305233]}, "properties": {"gid": 158, "objectid": 155, "organizati": "BWDB", "station_id": "SW254.5", "wl_station": "Elarchar", "st_name": "SW254.5 (Elarchar)", "river_name": "Satkhira Khal", "district": "Satkhira", "upazila": "Satkhira Sadar", "region": "South-West", "tidal_stat": "Tidal", "latitude": 22.60069444, "longitude": 89.10582842000001, "btm_x": 408378.35, "btm_y": 499299.47, "sob_effect": "2023-01-01 00:00:00", "sob_conver": "-0.29700000", "pwd_cd": "-", "msl": "-", "f5__exceed": "2.57600000", "f95__excee": "0.60900000", "m2__m_": "0.52000000", "s2__m_": "0.30000000", "msf__m_": "0.13800000", "tidal_addi": "1.03900000", "spring_tid": "-0.76300000", "neap_tidal": "-0.37900000", "tidal_redu": "-0.76300000", "shwl__mmsl": "3.61500000", "slwl__mmsl": "-0.15500000", "comment": "The data is in worst quality to determine SHWL & SLWL. So, both SHWL & SLWL are omitted during creation of contour maps.", "updated_at": "2023-12-19 11:16:12.6216", "updated_by": "osk", "observed_y": 24, "class_of_r": "Unclassified", "flow_statu": "Seasonal", "islwl": "-", "exceedance": 2, "exceedan_1": 2.58, "exceedan_2": 95, "exceedan_3": 0.61, "spring_red": -0.76, "neap_reduc": -0.38, "final_redu": -0.76, "shwl__mm_1": "-", "slwl__mm_1": "-", "used_for_s": 0, "used_fo_01": 0}}, {"type": "Feature", "id": 159, "geometry": {"type": "Point", "coordinates": [91.43896040320396, 23.037445403635502]}, "properties": {"gid": 159, "objectid": 156, "organizati": "BWDB", "station_id": "SW257", "wl_station": "Malipur C&B Rd Crossing", "st_name": "SW257 (Malipur C&B Rd Crossing)", "river_name": "Selonia", "district": "Feni", "upazila": "Chhagalnaiya", "region": "Eastern Hilly", "tidal_stat": "Non-Tidal (Flashy)", "latitude": 23.03744541, "longitude": 91.43896044, "btm_x": 647719.37, "btm_y": 548095.15, "sob_effect": "2022-01-01 00:00:00", "sob_conver": "-0.90000000", "pwd_cd": "-", "msl": "-", "f5__exceed": "4.30200000", "f95__excee": "1.98300000", "m2__m_": "0.00000000", "s2__m_": "0.00000000", "msf__m_": "0.00000000", "tidal_addi": "0.00000000", "spring_tid": "0.00000000", "neap_tidal": "0.00000000", "tidal_redu": "0.00000000", "shwl__mmsl": "4.30200000", "slwl__mmsl": "1.98300000", "comment": "-", "updated_at": "2023-12-19 11:16:12.6216", "updated_by": "osk", "observed_y": 27, "class_of_r": "IV", "flow_statu": "Perennial", "islwl": "-", "exceedance": 2, "exceedan_1": 4.3, "exceedan_2": 95, "exceedan_3": 1.98, "spring_red": 0, "neap_reduc": 0, "final_redu": 0, "shwl__mm_1": "-", "slwl__mm_1": "-", "used_for_s": 1, "used_fo_01": 1}}, {"type": "Feature", "id": 160, "geometry": {"type": "Point", "coordinates": [89.30473240464926, 22.58144000172615]}, "properties": {"gid": 160, "objectid": 157, "organizati": "BWDB", "station_id": "SW258", "wl_station": "Paikgacha", "st_name": "SW258 (Paikgacha)", "river_name": "Sibsa", "district": "Khulna", "upazila": "Paikgachha", "region": "South-West", "tidal_stat": "Tidal", "latitude": 22.581439959999997, "longitude": 89.30473243, "btm_x": 428813.1, "btm_y": 497059.04, "sob_effect": "2023-01-01 00:00:00", "sob_conver": "-1.25900000", "pwd_cd": "-", "msl": "-", "f5__exceed": "0.77000000", "f95__excee": "-0.75000000", "m2__m_": "1.26100000", "s2__m_": "0.44900000", "msf__m_": "0.03300000", "tidal_addi": "1.91300000", "spring_tid": "-1.84800000", "neap_tidal": "-0.92600000", "tidal_redu": "-1.84800000", "shwl__mmsl": "2.68400000", "slwl__mmsl": "-2.59700000", "comment": "Datum Problem or, Problem in Gauge Zero Value. So, both SHWL & SLWL are omitted during creation of contour maps.", "updated_at": "2023-12-19 11:16:12.6216", "updated_by": "osk", "observed_y": 23, "class_of_r": "III", "flow_statu": "Perennial", "islwl": "-", "exceedance": 2, "exceedan_1": 0.77, "exceedan_2": 95, "exceedan_3": -0.75, "spring_red": -1.85, "neap_reduc": -0.93, "final_redu": -1.85, "shwl__mm_1": "-", "slwl__mm_1": "-", "used_for_s": 0, "used_fo_01": 0}}, {"type": "Feature", "id": 161, "geometry": {"type": "Point", "coordinates": [89.1967030018568, 22.378547005355358]}, "properties": {"gid": 161, "objectid": 159, "organizati": "BWDB", "station_id": "SW26", "wl_station": "Protapnagar", "st_name": "SW26 (Protapnagar)", "river_name": "Betna-Kholpetua", "district": "Satkhira", "upazila": "Assasuni", "region": "South-West", "tidal_stat": "Tidal", "latitude": 22.378546999999998, "longitude": 89.19670300000001, "btm_x": 417587.25, "btm_y": 474654.69, "sob_effect": "2023-01-01 00:00:00", "sob_conver": "-0.77700000", "pwd_cd": "-", "msl": "-", "f5__exceed": "0.36200000", "f95__excee": "-0.89700000", "m2__m_": "1.23500000", "s2__m_": "0.42500000", "msf__m_": "0.04100000", "tidal_addi": "1.86700000", "spring_tid": "-1.78400000", "neap_tidal": "-0.93200000", "tidal_redu": "-1.78400000", "shwl__mmsl": "2.22900000", "slwl__mmsl": "-2.68200000", "comment": "-", "updated_at": "2023-12-19 11:16:12.6216", "updated_by": "osk", "observed_y": 24, "class_of_r": "III", "flow_statu": "Perennial", "islwl": "-", "exceedance": 2, "exceedan_1": 0.36000000000000004, "exceedan_2": 95, "exceedan_3": -0.9, "spring_red": -1.78, "neap_reduc": -0.93, "final_redu": -1.78, "shwl__mm_1": "-", "slwl__mm_1": "-", "used_for_s": 1, "used_fo_01": 1}}, {"type": "Feature", "id": 162, "geometry": {"type": "Point", "coordinates": [88.61284700036049, 24.45933100581169]}, "properties": {"gid": 162, "objectid": 160, "organizati": "BWDB", "station_id": "SW261", "wl_station": "Nawhata", "st_name": "SW261 (Nawhata)", "river_name": "Siva-Barnai-Gurnai", "district": "Rajshahi", "upazila": "Paba", "region": "North-West", "tidal_stat": "Non-Tidal (Non Flashy)", "latitude": 24.459331, "longitude": 88.61284699999999, "btm_x": 359692.12, "btm_y": 705491.44, "sob_effect": "2022-11-01 00:00:00", "sob_conver": "-0.62000000", "pwd_cd": "-", "msl": "-", "f5__exceed": "14.06600000", "f95__excee": "8.56900000", "m2__m_": "0.00000000", "s2__m_": "0.00000000", "msf__m_": "0.00000000", "tidal_addi": "0.00000000", "spring_tid": "0.00000000", "neap_tidal": "0.00000000", "tidal_redu": "0.00000000", "shwl__mmsl": "14.06600000", "slwl__mmsl": "8.56900000", "comment": "-", "updated_at": "2023-12-19 11:16:12.6216", "updated_by": "osk", "observed_y": 27, "class_of_r": "V", "flow_statu": "Seasonal", "islwl": "-", "exceedance": 2, "exceedan_1": 14.07, "exceedan_2": 95, "exceedan_3": 8.57, "spring_red": 0, "neap_reduc": 0, "final_redu": 0, "shwl__mm_1": "-", "slwl__mm_1": "-", "used_for_s": 1, "used_fo_01": 1}}, {"type": "Feature", "id": 163, "geometry": {"type": "Point", "coordinates": [90.65984900295734, 25.171332001686096]}, "properties": {"gid": 163, "objectid": 161, "organizati": "BWDB", "station_id": "SW262", "wl_station": "Bijoypur", "st_name": "SW262 (Bijoypur)", "river_name": "Someswari", "district": "Netrokona", "upazila": "Durgapur", "region": "North-East", "tidal_stat": "Non-Tidal (Flashy)", "latitude": 25.171332, "longitude": 90.65984900000001, "btm_x": 566776.57, "btm_y": 783785.83, "sob_effect": "2018-05-24 00:00:00", "sob_conver": "-1.12000000", "pwd_cd": "-", "msl": "-", "f5__exceed": "14.85500000", "f95__excee": "11.49800000", "m2__m_": "0.00000000", "s2__m_": "0.00000000", "msf__m_": "0.00000000", "tidal_addi": "0.00000000", "spring_tid": "0.00000000", "neap_tidal": "0.00000000", "tidal_redu": "0.00000000", "shwl__mmsl": "14.85500000", "slwl__mmsl": "11.49800000", "comment": "-", "updated_at": "2023-12-19 11:16:12.6216", "updated_by": "osk", "observed_y": 27, "class_of_r": "IV", "flow_statu": "Seasonal", "islwl": "-", "exceedance": 2, "exceedan_1": 14.86, "exceedan_2": 95, "exceedan_3": 11.5, "spring_red": 0, "neap_reduc": 0, "final_redu": 0, "shwl__mm_1": "-", "slwl__mm_1": "-", "used_for_s": 1, "used_fo_01": 1}}, {"type": "Feature", "id": 164, "geometry": {"type": "Point", "coordinates": [90.6703610047698, 25.113591000437737]}, "properties": {"gid": 164, "objectid": 162, "organizati": "BWDB", "station_id": "SW263", "wl_station": "Durgapur", "st_name": "SW263 (Durgapur)", "river_name": "Someswari", "district": "Netrokona", "upazila": "Durgapur", "region": "North-East", "tidal_stat": "Non-Tidal (Flashy)", "latitude": 25.113591, "longitude": 90.670361, "btm_x": 567867.68, "btm_y": 777397.13, "sob_effect": "2018-05-16 00:00:00", "sob_conver": "-0.60000000", "pwd_cd": "-", "msl": "-", "f5__exceed": "12.09500000", "f95__excee": "8.10600000", "m2__m_": "0.00000000", "s2__m_": "0.00000000", "msf__m_": "0.00000000", "tidal_addi": "0.00000000", "spring_tid": "0.00000000", "neap_tidal": "0.00000000", "tidal_redu": "0.00000000", "shwl__mmsl": "12.09500000", "slwl__mmsl": "8.10600000", "comment": "-", "updated_at": "2023-12-19 11:16:12.6216", "updated_by": "osk", "observed_y": 27, "class_of_r": "IV", "flow_statu": "Seasonal", "islwl": "-", "exceedance": 2, "exceedan_1": 12.1, "exceedan_2": 95, "exceedan_3": 8.11, "spring_red": 0, "neap_reduc": 0, "final_redu": 0, "shwl__mm_1": "-", "slwl__mm_1": "-", "used_for_s": 1, "used_fo_01": 1}}, {"type": "Feature", "id": 165, "geometry": {"type": "Point", "coordinates": [90.89459600299597, 25.076741002500057]}, "properties": {"gid": 165, "objectid": 163, "organizati": "BWDB", "station_id": "SW263.1", "wl_station": "Kalmakanda", "st_name": "SW263.1 (Kalmakanda)", "river_name": "Someswari", "district": "Netrokona", "upazila": "Kalmakanda", "region": "North-East", "tidal_stat": "Non-Tidal (Non Flashy)", "latitude": 25.076741, "longitude": 90.89459599999999, "btm_x": 590502.54, "btm_y": 773447.49, "sob_effect": "2018-05-29 00:00:00", "sob_conver": "-0.67000000", "pwd_cd": "-", "msl": "-", "f5__exceed": "6.93500000", "f95__excee": "1.02900000", "m2__m_": "0.00000000", "s2__m_": "0.00000000", "msf__m_": "0.00000000", "tidal_addi": "0.00000000", "spring_tid": "0.00000000", "neap_tidal": "0.00000000", "tidal_redu": "0.00000000", "shwl__mmsl": "6.93500000", "slwl__mmsl": "1.02900000", "comment": "-", "updated_at": "2023-12-19 11:16:12.6216", "updated_by": "osk", "observed_y": 24, "class_of_r": "IV", "flow_statu": "Seasonal", "islwl": "-", "exceedance": 2, "exceedan_1": 6.94, "exceedan_2": 95, "exceedan_3": 1.03, "spring_red": 0, "neap_reduc": 0, "final_redu": 0, "shwl__mm_1": "-", "slwl__mm_1": "-", "used_for_s": 1, "used_fo_01": 1}}, {"type": "Feature", "id": 166, "geometry": {"type": "Point", "coordinates": [91.35029700398445, 24.083616003394127]}, "properties": {"gid": 166, "objectid": 164, "organizati": "BWDB", "station_id": "SW264A", "wl_station": "Montala", "st_name": "SW264A (Montala)", "river_name": "Sonai", "district": "Habiganj", "upazila": "Madhabpur", "region": "North-East", "tidal_stat": "Non-Tidal (Non Flashy)", "latitude": 24.083616, "longitude": 91.350297, "btm_x": 637542.31, "btm_y": 663848.75, "sob_effect": "2022-01-01 00:00:00", "sob_conver": "-1.58700000", "pwd_cd": "-", "msl": "-", "f5__exceed": "7.16300000", "f95__excee": "5.31900000", "m2__m_": "0.00000000", "s2__m_": "0.00000000", "msf__m_": "0.00000000", "tidal_addi": "0.00000000", "spring_tid": "0.00000000", "neap_tidal": "0.00000000", "tidal_redu": "0.00000000", "shwl__mmsl": "7.16300000", "slwl__mmsl": "5.31900000", "comment": "-", "updated_at": "2023-12-19 11:16:12.6216", "updated_by": "osk", "observed_y": 27, "class_of_r": "Unclassified", "flow_statu": "Seasonal", "islwl": "-", "exceedance": 2, "exceedan_1": 7.16, "exceedan_2": 95, "exceedan_3": 5.32, "spring_red": 0, "neap_reduc": 0, "final_redu": 0, "shwl__mm_1": "-", "slwl__mm_1": "-", "used_for_s": 1, "used_fo_01": 1}}, {"type": "Feature", "id": 167, "geometry": {"type": "Point", "coordinates": [92.17288300395012, 24.773716002702713]}, "properties": {"gid": 167, "objectid": 165, "organizati": "BWDB", "station_id": "SW265", "wl_station": "Jaldhup", "st_name": "SW265 (Jaldhup)", "river_name": "Sonai-Bardal", "district": "Sylhet", "upazila": "Fenchuganj", "region": "North-East", "tidal_stat": "Non-Tidal (Non Flashy)", "latitude": 24.773716, "longitude": 92.172883, "btm_x": 719981.15, "btm_y": 741342.22, "sob_effect": "2022-01-01 00:00:00", "sob_conver": "-0.95500000", "pwd_cd": "-", "msl": "-", "f5__exceed": "11.14600000", "f95__excee": "5.41400000", "m2__m_": "0.00000000", "s2__m_": "0.00000000", "msf__m_": "0.00000000", "tidal_addi": "0.00000000", "spring_tid": "0.00000000", "neap_tidal": "0.00000000", "tidal_redu": "0.00000000", "shwl__mmsl": "11.14600000", "slwl__mmsl": "5.41400000", "comment": "-", "updated_at": "2023-12-19 11:16:12.6216", "updated_by": "osk", "observed_y": 23, "class_of_r": "Unclassified", "flow_statu": "Perennial", "islwl": "-", "exceedance": 2, "exceedan_1": 11.15, "exceedan_2": 95, "exceedan_3": 5.41, "spring_red": 0, "neap_reduc": 0, "final_redu": 0, "shwl__mm_1": "-", "slwl__mm_1": "-", "used_for_s": 1, "used_fo_01": 1}}, {"type": "Feature", "id": 168, "geometry": {"type": "Point", "coordinates": [92.25900300592184, 24.999368004500866]}, "properties": {"gid": 168, "objectid": 166, "organizati": "BWDB", "station_id": "SW266", "wl_station": "Kanairghat", "st_name": "SW266 (Kanairghat)", "river_name": "Surma-Meghna", "district": "Sylhet", "upazila": "Kanairghat", "region": "North-East", "tidal_stat": "Non-Tidal (Non Flashy)", "latitude": 24.999368, "longitude": 92.259003, "btm_x": 728276.55, "btm_y": 766481.63, "sob_effect": "2018-05-16 00:00:00", "sob_conver": "-0.95500000", "pwd_cd": "-", "msl": "-", "f5__exceed": "13.26800000", "f95__excee": "3.62000000", "m2__m_": "0.00000000", "s2__m_": "0.00000000", "msf__m_": "0.00000000", "tidal_addi": "0.00000000", "spring_tid": "0.00000000", "neap_tidal": "0.00000000", "tidal_redu": "0.00000000", "shwl__mmsl": "13.26800000", "slwl__mmsl": "3.62000000", "comment": "-", "updated_at": "2023-12-19 11:16:12.6216", "updated_by": "osk", "observed_y": 27, "class_of_r": "IV", "flow_statu": "Perennial", "islwl": "-", "exceedance": 2, "exceedan_1": 13.27, "exceedan_2": 95, "exceedan_3": 3.62, "spring_red": 0, "neap_reduc": 0, "final_redu": 0, "shwl__mm_1": "-", "slwl__mm_1": "-", "used_for_s": 1, "used_fo_01": 1}}, {"type": "Feature", "id": 169, "geometry": {"type": "Point", "coordinates": [91.867396004498, 24.887785002589226]}, "properties": {"gid": 169, "objectid": 167, "organizati": "BWDB", "station_id": "SW267", "wl_station": "Sylhet", "st_name": "SW267 (Sylhet)", "river_name": "Surma-Meghna", "district": "Sylhet", "upazila": "Sylhet Sadar", "region": "North-East", "tidal_stat": "Non-Tidal (Non Flashy)", "latitude": 24.887784999999997, "longitude": 91.867396, "btm_x": 688913.01, "btm_y": 753520.27, "sob_effect": "2018-05-16 00:00:00", "sob_conver": "-1.09100000", "pwd_cd": "-", "msl": "-", "f5__exceed": "10.18200000", "f95__excee": "1.09300000", "m2__m_": "0.00000000", "s2__m_": "0.00000000", "msf__m_": "0.00000000", "tidal_addi": "0.00000000", "spring_tid": "0.00000000", "neap_tidal": "0.00000000", "tidal_redu": "0.00000000", "shwl__mmsl": "10.18200000", "slwl__mmsl": "1.09300000", "comment": "-", "updated_at": "2023-12-19 11:16:12.6216", "updated_by": "osk", "observed_y": 27, "class_of_r": "III", "flow_statu": "Perennial", "islwl": "-", "exceedance": 2, "exceedan_1": 10.18, "exceedan_2": 95, "exceedan_3": 1.09, "spring_red": 0, "neap_reduc": 0, "final_redu": 0, "shwl__mm_1": "-", "slwl__mm_1": "-", "used_for_s": 1, "used_fo_01": 1}}, {"type": "Feature", "id": 170, "geometry": {"type": "Point", "coordinates": [91.66801100224257, 25.038741007447243]}, "properties": {"gid": 170, "objectid": 168, "organizati": "BWDB", "station_id": "SW268", "wl_station": "Chhatak", "st_name": "SW268 (Chhatak)", "river_name": "Surma-Meghna", "district": "Sunamganj", "upazila": "Chhatak", "region": "North-East", "tidal_stat": "Non-Tidal (Non Flashy)", "latitude": 25.038740999999998, "longitude": 91.668011, "btm_x": 668563.34, "btm_y": 769978.16, "sob_effect": "2022-01-01 00:00:00", "sob_conver": "-1.03200000", "pwd_cd": "-", "msl": "-", "f5__exceed": "9.09200000", "f95__excee": "0.75500000", "m2__m_": "0.00000000", "s2__m_": "0.00000000", "msf__m_": "0.00000000", "tidal_addi": "0.00000000", "spring_tid": "0.00000000", "neap_tidal": "0.00000000", "tidal_redu": "0.00000000", "shwl__mmsl": "9.09200000", "slwl__mmsl": "0.75500000", "comment": "-", "updated_at": "2023-12-19 11:16:12.6216", "updated_by": "osk", "observed_y": 22, "class_of_r": "I", "flow_statu": "Perennial", "islwl": "-", "exceedance": 2, "exceedan_1": 9.09, "exceedan_2": 95, "exceedan_3": 0.76, "spring_red": 0, "neap_reduc": 0, "final_redu": 0, "shwl__mm_1": "-", "slwl__mm_1": "-", "used_for_s": 1, "used_fo_01": 1}}, {"type": "Feature", "id": 171, "geometry": {"type": "Point", "coordinates": [91.41137900203466, 25.077044002711773]}, "properties": {"gid": 171, "objectid": 169, "organizati": "BWDB", "station_id": "SW269", "wl_station": "Sunamganj", "st_name": "SW269 (Sunamganj)", "river_name": "Surma-Meghna", "district": "Sunamganj", "upazila": "Sunamganj Sadar", "region": "North-East", "tidal_stat": "Non-Tidal (Non Flashy)", "latitude": 25.077044, "longitude": 91.411379, "btm_x": 642624.68, "btm_y": 773925.65, "sob_effect": "2019-01-01 00:00:00", "sob_conver": "-1.02900000", "pwd_cd": "-", "msl": "-", "f5__exceed": "7.67400000", "f95__excee": "0.68100000", "m2__m_": "0.00000000", "s2__m_": "0.00000000", "msf__m_": "0.00000000", "tidal_addi": "0.00000000", "spring_tid": "0.00000000", "neap_tidal": "0.00000000", "tidal_redu": "0.00000000", "shwl__mmsl": "7.67400000", "slwl__mmsl": "0.68100000", "comment": "-", "updated_at": "2023-12-19 11:16:12.6216", "updated_by": "osk", "observed_y": 27, "class_of_r": "I", "flow_statu": "Perennial", "islwl": "-", "exceedance": 2, "exceedan_1": 7.67, "exceedan_2": 95, "exceedan_3": 0.68, "spring_red": 0, "neap_reduc": 0, "final_redu": 0, "shwl__mm_1": "-", "slwl__mm_1": "-", "used_for_s": 1, "used_fo_01": 1}}, {"type": "Feature", "id": 172, "geometry": {"type": "Point", "coordinates": [91.35407400131226, 24.79866200685501]}, "properties": {"gid": 172, "objectid": 170, "organizati": "BWDB", "station_id": "SW269.5", "wl_station": "Dirai_on Kalni", "st_name": "SW269.5 (Dirai_on Kalni)", "river_name": "Surma-Meghna", "district": "Sunamganj", "upazila": "Derai", "region": "North-East", "tidal_stat": "Non-Tidal (Non Flashy)", "latitude": 24.798662, "longitude": 91.354074, "btm_x": 637151.88, "btm_y": 743036.59, "sob_effect": "2018-03-01 00:00:00", "sob_conver": "-1.19200000", "pwd_cd": "-", "msl": "-", "f5__exceed": "6.99300000", "f95__excee": "0.60700000", "m2__m_": "0.00000000", "s2__m_": "0.00000000", "msf__m_": "0.00000000", "tidal_addi": "0.00000000", "spring_tid": "0.00000000", "neap_tidal": "0.00000000", "tidal_redu": "0.00000000", "shwl__mmsl": "6.99300000", "slwl__mmsl": "0.60700000", "comment": "-", "updated_at": "2023-12-19 11:16:12.6216", "updated_by": "osk", "observed_y": 15, "class_of_r": "III", "flow_statu": "Perennial", "islwl": "-", "exceedance": 2, "exceedan_1": 6.99, "exceedan_2": 95, "exceedan_3": 0.61, "spring_red": 0, "neap_reduc": 0, "final_redu": 0, "shwl__mm_1": "-", "slwl__mm_1": "-", "used_for_s": 1, "used_fo_01": 1}}, {"type": "Feature", "id": 173, "geometry": {"type": "Point", "coordinates": [89.22161020338535, 22.909334205091]}, "properties": {"gid": 173, "objectid": 171, "organizati": "BWDB", "station_id": "SW27", "wl_station": "Keshabpur", "st_name": "SW27 (Keshabpur)", "river_name": "Bhadra", "district": "Jessore", "upazila": "Keshabpur", "region": "South-West", "tidal_stat": "Tidal", "latitude": 22.909334150000003, "longitude": 89.2216102, "btm_x": 420458.8, "btm_y": 533399.93, "sob_effect": "2023-01-01 00:00:00", "sob_conver": "-0.93700000", "pwd_cd": "-", "msl": "-", "f5__exceed": "2.84100000", "f95__excee": "-0.06700000", "m2__m_": "0.00300000", "s2__m_": "0.10500000", "msf__m_": "0.01100000", "tidal_addi": "0.12900000", "spring_tid": "-0.10700000", "neap_tidal": "0.10100000", "tidal_redu": "-0.10700000", "shwl__mmsl": "2.97000000", "slwl__mmsl": "-0.17400000", "comment": "No continuous tide effect through the long time series. Besides, the data shifts year to year continuously which is totally inappropriate. Due to extreme low quality of data, this station is omitted.", "updated_at": "2023-12-19 11:16:12.6216", "updated_by": "osk", "observed_y": 24, "class_of_r": "V", "flow_statu": "Perennial", "islwl": "-", "exceedance": 2, "exceedan_1": 2.84, "exceedan_2": 95, "exceedan_3": -0.07, "spring_red": -0.11, "neap_reduc": 0.1, "final_redu": -0.11, "shwl__mm_1": "-", "slwl__mm_1": "-", "used_for_s": 0, "used_fo_01": 0}}, {"type": "Feature", "id": 174, "geometry": {"type": "Point", "coordinates": [91.2372070029378, 24.33618800342083]}, "properties": {"gid": 174, "objectid": 174, "organizati": "BWDB", "station_id": "SW272", "wl_station": "Madna", "st_name": "SW272 (Madna)", "river_name": "Surma-Meghna", "district": "Habiganj", "upazila": "Lakhai", "region": "North-East", "tidal_stat": "Non-Tidal (Non Flashy)", "latitude": 24.336188, "longitude": 91.237207, "btm_x": 625797.68, "btm_y": 691710.94, "sob_effect": "2019-03-01", "sob_conver": "-0.57400000", "pwd_cd": null, "msl": null, "f5__exceed": "6.33100000", "f95__excee": "1.01900000", "m2__m_": "0.00000000", "s2__m_": "0.00000000", "msf__m_": "0.00000000", "tidal_addi": "0.00000000", "spring_tid": "0.00000000", "neap_tidal": "0.00000000", "tidal_redu": "0.00000000", "shwl__mmsl": "6.33100000", "slwl__mmsl": "1.01900000", "comment": "-", "updated_at": "2023-12-19 11:16:12.6216", "updated_by": "osk", "observed_y": 25, "class_of_r": "III", "flow_statu": "Perennial", "islwl": "-", "exceedance": 2, "exceedan_1": 6.33, "exceedan_2": 95, "exceedan_3": 1.02, "spring_red": 0, "neap_reduc": 0, "final_redu": 0, "shwl__mm_1": "-", "slwl__mm_1": "-", "used_for_s": 1, "used_fo_01": 1}}, {"type": "Feature", "id": 175, "geometry": {"type": "Point", "coordinates": [91.09758500754833, 24.275790005922318]}, "properties": {"gid": 175, "objectid": 175, "organizati": "BWDB", "station_id": "SW272.1", "wl_station": "Austogram", "st_name": "SW272.1 (Austogram)", "river_name": "Surma-Meghna", "district": "Kishoreganj", "upazila": "Astagram", "region": "North-East", "tidal_stat": "Tidal", "latitude": 24.27579, "longitude": 91.097585, "btm_x": 611684.61, "btm_y": 684904.05, "sob_effect": "2021-03-01", "sob_conver": "-0.54000000", "pwd_cd": null, "msl": null, "f5__exceed": "5.93", "f95__excee": "0.76", "m2__m_": "0.02100000", "s2__m_": "0.07600000", "msf__m_": "0.0900000", "tidal_addi": "0.196", "spring_tid": "-0.00400000", "neap_tidal": "-0.04200000", "tidal_redu": "-0.03", "shwl__mmsl": "6.126", "slwl__mmsl": "0.73", "comment": "-", "updated_at": "2024-02-07 13:52:58.103024", "updated_by": "Arif", "observed_y": 23, "class_of_r": "III", "flow_statu": "Perennial", "islwl": "-", "exceedance": 2, "exceedan_1": 5.95, "exceedan_2": 95, "exceedan_3": 0.8300000000000001, "spring_red": 0, "neap_reduc": -0.04, "final_redu": -0.04, "shwl__mm_1": "-", "slwl__mm_1": "-", "used_for_s": 1, "used_fo_01": 1}}, {"type": "Feature", "id": 176, "geometry": {"type": "Point", "coordinates": [91.3799550011754, 24.694173000752926]}, "properties": {"gid": 176, "objectid": 172, "organizati": "BWDB", "station_id": "SW270", "wl_station": "Markuli", "st_name": "SW270 (Markuli)", "river_name": "Surma-Meghna", "district": "Habiganj", "upazila": "Baniachong", "region": "North-East", "tidal_stat": "Non-Tidal (Non Flashy)", "latitude": 24.694173, "longitude": 91.37995500000001, "btm_x": 639884.91, "btm_y": 731491.15, "sob_effect": "2018-06-01", "sob_conver": "-1.03000000", "pwd_cd": null, "msl": null, "f5__exceed": "6.87200000", "f95__excee": "1.61800000", "m2__m_": "0.00000000", "s2__m_": "0.00000000", "msf__m_": "0.00000000", "tidal_addi": "0.00000000", "spring_tid": "0.00000000", "neap_tidal": "0.00000000", "tidal_redu": "0.00000000", "shwl__mmsl": "6.87200000", "slwl__mmsl": "1.61800000", "comment": "-", "updated_at": "2023-12-19 11:16:12.6216", "updated_by": "osk", "observed_y": 25, "class_of_r": "II", "flow_statu": "Perennial", "islwl": "-", "exceedance": 2, "exceedan_1": 6.87, "exceedan_2": 95, "exceedan_3": 1.62, "spring_red": 0, "neap_reduc": 0, "final_redu": 0, "shwl__mm_1": "-", "slwl__mm_1": "-", "used_for_s": 1, "used_fo_01": 1}}, {"type": "Feature", "id": 177, "geometry": {"type": "Point", "coordinates": [90.57948550581932, 23.18351400643587]}, "properties": {"gid": 177, "objectid": 182, "organizati": "BWDB", "station_id": "SW277.1R", "wl_station": "Ibrahimpur", "st_name": "SW277.1R (Ibrahimpur)", "river_name": "Surma-Meghna", "district": "Shariatpur", "upazila": "Bhedarganj", "region": "South-West", "tidal_stat": "Tidal", "latitude": 23.183513979999997, "longitude": 90.57948549000001, "btm_x": 559589.8, "btm_y": 563658.47, "sob_effect": "2023-01-01 00:00:00", "sob_conver": "-1.92000000", "pwd_cd": "-", "msl": "-", "f5__exceed": "3.81100000", "f95__excee": "0.03300000", "m2__m_": "0.20500000", "s2__m_": "0.06800000", "msf__m_": "0.12600000", "tidal_addi": "0.42700000", "spring_tid": "-0.17400000", "neap_tidal": "-0.27600000", "tidal_redu": "-0.27600000", "shwl__mmsl": "4.23800000", "slwl__mmsl": "-0.24300000", "comment": "-", "updated_at": "2023-12-19 11:16:12.6216", "updated_by": "osk", "observed_y": 27, "class_of_r": "I", "flow_statu": "Perennial", "islwl": "-", "exceedance": 2, "exceedan_1": 3.81, "exceedan_2": 95, "exceedan_3": 0.030000000000000002, "spring_red": -0.17, "neap_reduc": -0.28, "final_redu": -0.28, "shwl__mm_1": "-", "slwl__mm_1": "-", "used_for_s": 1, "used_fo_01": 1}}, {"type": "Feature", "id": 178, "geometry": {"type": "Point", "coordinates": [90.64026480168104, 23.13053860515356]}, "properties": {"gid": 178, "objectid": 183, "organizati": "BWDB", "station_id": "SW277.3", "wl_station": "Nilkamal", "st_name": "SW277.3 (Nilkamal)", "river_name": "Surma-Meghna", "district": "Chandpur", "upazila": "Haimchar", "region": "South-East", "tidal_stat": "Tidal", "latitude": 23.130538650000002, "longitude": 90.64026483999999, "btm_x": 565836.07, "btm_y": 557819.86, "sob_effect": "2022-07-01 00:00:00", "sob_conver": "-0.59000000", "pwd_cd": "-", "msl": "-", "f5__exceed": "3.37500000", "f95__excee": "0.16800000", "m2__m_": "0.29900000", "s2__m_": "0.06600000", "msf__m_": "0.13500000", "tidal_addi": "0.53600000", "spring_tid": "-0.26600000", "neap_tidal": "-0.39100000", "tidal_redu": "-0.39100000", "shwl__mmsl": "3.91100000", "slwl__mmsl": "-0.22300000", "comment": "-", "updated_at": "2023-12-19 11:16:12.6216", "updated_by": "osk", "observed_y": 27, "class_of_r": "S", "flow_statu": "Perennial", "islwl": "-", "exceedance": 2, "exceedan_1": 3.38, "exceedan_2": 95, "exceedan_3": 0.17, "spring_red": -0.27, "neap_reduc": -0.39, "final_redu": -0.39, "shwl__mm_1": "-", "slwl__mm_1": "-", "used_for_s": 1, "used_fo_01": 1}}, {"type": "Feature", "id": 179, "geometry": {"type": "Point", "coordinates": [90.75187310576439, 22.60309860110283]}, "properties": {"gid": 179, "objectid": 184, "organizati": "BWDB", "station_id": "SW278", "wl_station": "Daulatkhan", "st_name": "SW278 (Daulatkhan)", "river_name": "Surma-Meghna", "district": "Bhola", "upazila": "Daulatkhan", "region": "South-West", "tidal_stat": "Tidal", "latitude": 22.603098600000003, "longitude": 90.75187306000001, "btm_x": 577561.07, "btm_y": 499484.87, "sob_effect": "2023-01-01 00:00:00", "sob_conver": "-0.66000000", "pwd_cd": "-", "msl": "-", "f5__exceed": "2.14500000", "f95__excee": "-0.08400000", "m2__m_": "0.71300000", "s2__m_": "0.33200000", "msf__m_": "0.12500000", "tidal_addi": "1.27500000", "spring_tid": "-1.02600000", "neap_tidal": "-0.54400000", "tidal_redu": "-1.02600000", "shwl__mmsl": "3.42000000", "slwl__mmsl": "-1.11000000", "comment": "-", "updated_at": "2023-12-19 11:16:12.6216", "updated_by": "osk", "observed_y": 25, "class_of_r": "I", "flow_statu": "Perennial", "islwl": "-", "exceedance": 2, "exceedan_1": 2.15, "exceedan_2": 95, "exceedan_3": -0.08, "spring_red": -1.03, "neap_reduc": -0.54, "final_redu": -1.03, "shwl__mm_1": "-", "slwl__mm_1": "-", "used_for_s": 1, "used_fo_01": 1}}, {"type": "Feature", "id": 180, "geometry": {"type": "Point", "coordinates": [90.85461810231209, 22.408442303538322]}, "properties": {"gid": 180, "objectid": 185, "organizati": "BWDB", "station_id": "SW279", "wl_station": "Tajumuddin", "st_name": "SW279 (Tajumuddin)", "river_name": "Surma-Meghna", "district": "Bhola", "upazila": "Tazumuddin", "region": "South-West", "tidal_stat": "Tidal", "latitude": 22.40844232, "longitude": 90.85461815000001, "btm_x": 588244.76, "btm_y": 477993.19, "sob_effect": "2023-01-01 00:00:00", "sob_conver": "-0.61500000", "pwd_cd": "-", "msl": "-", "f5__exceed": "1.48500000", "f95__excee": "-0.17500000", "m2__m_": "0.94700000", "s2__m_": "0.44100000", "msf__m_": "0.15100000", "tidal_addi": "1.67800000", "spring_tid": "-1.37500000", "neap_tidal": "-0.70900000", "tidal_redu": "-1.37500000", "shwl__mmsl": "3.16200000", "slwl__mmsl": "-1.55000000", "comment": "-", "updated_at": "2023-12-19 11:16:12.6216", "updated_by": "osk", "observed_y": 11, "class_of_r": "I", "flow_statu": "Perennial", "islwl": "-", "exceedance": 2, "exceedan_1": 1.49, "exceedan_2": 95, "exceedan_3": -0.18000000000000002, "spring_red": -1.38, "neap_reduc": -0.7100000000000001, "final_redu": -1.38, "shwl__mm_1": "-", "slwl__mm_1": "-", "used_for_s": 1, "used_fo_01": 1}}, {"type": "Feature", "id": 181, "geometry": {"type": "Point", "coordinates": [89.42948650568724, 22.646157205104828]}, "properties": {"gid": 181, "objectid": 186, "organizati": "BWDB", "station_id": "SW28", "wl_station": "Dumuria", "st_name": "SW28 (Dumuria)", "river_name": "Bhadra", "district": "Khulna", "upazila": "Dumuria", "region": "South-West", "tidal_stat": "Tidal", "latitude": 22.64615724, "longitude": 89.42948647, "btm_x": 441665.04, "btm_y": 504168.67, "sob_effect": "2023-01-01 00:00:00", "sob_conver": "-1.12300000", "pwd_cd": "-", "msl": "-", "f5__exceed": "0.49600000", "f95__excee": "-0.53300000", "m2__m_": "0.90800000", "s2__m_": "0.31800000", "msf__m_": "0.04400000", "tidal_addi": "1.39300000", "spring_tid": "-1.30500000", "neap_tidal": "-0.69300000", "tidal_redu": "-1.30500000", "shwl__mmsl": "1.88900000", "slwl__mmsl": "-1.83800000", "comment": "Datum Problem or, Problem in Gauge Zero Value. Besides, after Sept'2018, there is observed a major data shifting.", "updated_at": "2023-12-19 11:16:12.6216", "updated_by": "osk", "observed_y": 26, "class_of_r": "III", "flow_statu": "Perennial", "islwl": "-", "exceedance": 2, "exceedan_1": 0.5, "exceedan_2": 95, "exceedan_3": -0.53, "spring_red": -1.31, "neap_reduc": -0.6900000000000001, "final_redu": -1.31, "shwl__mm_1": "-", "slwl__mm_1": "-", "used_for_s": 0, "used_fo_01": 0}}, {"type": "Feature", "id": 182, "geometry": {"type": "Point", "coordinates": [88.58555400371552, 26.414720006287098]}, "properties": {"gid": 182, "objectid": 188, "organizati": "BWDB", "station_id": "SW282", "wl_station": "Bhitargarh", "st_name": "SW282 (Bhitargarh)", "river_name": "Talma", "district": "Panchagarh", "upazila": "Panchagarh Sadar", "region": "North-West", "tidal_stat": "Non-Tidal (Flashy)", "latitude": 26.41472, "longitude": 88.585554, "btm_x": 359222.25, "btm_y": 922090.04, "sob_effect": "2022-11-01 00:00:00", "sob_conver": "-0.45000000", "pwd_cd": "-", "msl": "-", "f5__exceed": "75.64500000", "f95__excee": "73.23000000", "m2__m_": "0.00000000", "s2__m_": "0.00000000", "msf__m_": "0.00000000", "tidal_addi": "0.00000000", "spring_tid": "0.00000000", "neap_tidal": "0.00000000", "tidal_redu": "0.00000000", "shwl__mmsl": "75.64500000", "slwl__mmsl": "73.23000000", "comment": "-", "updated_at": "2023-12-19 11:16:12.6216", "updated_by": "osk", "observed_y": 27, "class_of_r": "Unclassified", "flow_statu": "Seasonal", "islwl": "-", "exceedance": 2, "exceedan_1": 75.65, "exceedan_2": 95, "exceedan_3": 73.23, "spring_red": 0, "neap_reduc": 0, "final_redu": 0, "shwl__mm_1": "-", "slwl__mm_1": "-", "used_for_s": 1, "used_fo_01": 1}}, {"type": "Feature", "id": 183, "geometry": {"type": "Point", "coordinates": [88.5896180048585, 26.33466900140047]}, "properties": {"gid": 183, "objectid": 189, "organizati": "BWDB", "station_id": "SW283", "wl_station": "Molani", "st_name": "SW283 (Molani)", "river_name": "Talma", "district": "Panchagarh", "upazila": "Panchagarh Sadar", "region": "North-West", "tidal_stat": "Non-Tidal (Flashy)", "latitude": 26.334669, "longitude": 88.589618, "btm_x": 359530.61, "btm_y": 913218.43, "sob_effect": "2022-11-01 00:00:00", "sob_conver": "0.05000000", "pwd_cd": "-", "msl": "-", "f5__exceed": "70.36", "f95__excee": "66.38", "m2__m_": "0.00000000", "s2__m_": "0.00000000", "msf__m_": "0.00000000", "tidal_addi": "0.00000000", "spring_tid": "0.00000000", "neap_tidal": "0.00000000", "tidal_redu": "0.00000000", "shwl__mmsl": "70.36", "slwl__mmsl": "66.38", "comment": "-", "updated_at": "2024-02-05 13:59:42.409903", "updated_by": "Arif", "observed_y": 23, "class_of_r": "Unclassified", "flow_statu": "Seasonal", "islwl": "-", "exceedance": 2, "exceedan_1": 70.26, "exceedan_2": 95, "exceedan_3": 66.28, "spring_red": 0, "neap_reduc": 0, "final_redu": 0, "shwl__mm_1": "-", "slwl__mm_1": "-", "used_for_s": 1, "used_fo_01": 1}}, {"type": "Feature", "id": 184, "geometry": {"type": "Point", "coordinates": [90.62562850117683, 23.6489330008626]}, "properties": {"gid": 184, "objectid": 178, "organizati": "BWDB", "station_id": "SW275", "wl_station": "Badyar Bazar", "st_name": "SW275 (Badyar Bazar)", "river_name": "Surma-Meghna", "district": "Narayanganj", "upazila": "Sonargaon", "region": "South-East", "tidal_stat": "Tidal", "latitude": 23.64893297, "longitude": 90.62562848, "btm_x": 564088.73, "btm_y": 615204.18, "sob_effect": "2023-01-01", "sob_conver": "-0.46400000", "pwd_cd": null, "msl": null, "f5__exceed": "5.14", "f95__excee": "0.73", "m2__m_": "0.09300000", "s2__m_": "0.04100000", "msf__m_": "0.09000000", "tidal_addi": "0.238", "spring_tid": "-0.05800000", "neap_tidal": "-0.14700000", "tidal_redu": "-0.14700000", "shwl__mmsl": "5.378", "slwl__mmsl": "0.58300000", "comment": "The quality of data is not so good, specially during the period from 2012 to 2018. Also, there may be problem in Gauge Zero Value for which the calculated SHWL seems higher than the surrounding ones.", "updated_at": "2024-02-07 13:58:37.053723", "updated_by": "Arif", "observed_y": 27, "class_of_r": "I", "flow_statu": "Perennial", "islwl": "-", "exceedance": 2, "exceedan_1": 5.14, "exceedan_2": 95, "exceedan_3": 0.7100000000000001, "spring_red": -0.060000000000000005, "neap_reduc": -0.15, "final_redu": -0.15, "shwl__mm_1": "5.240", "slwl__mm_1": "0.120", "used_for_s": 0, "used_fo_01": 0}}, {"type": "Feature", "id": 185, "geometry": {"type": "Point", "coordinates": [88.45651400089264, 26.03583200275898]}, "properties": {"gid": 185, "objectid": 191, "organizati": "BWDB", "station_id": "SW285", "wl_station": "Thakurgaon", "st_name": "SW285 (Thakurgaon)", "river_name": "Tangon", "district": "Thakurgaon", "upazila": "Thakurgaon", "region": "North-West", "tidal_stat": "Non-Tidal (Flashy)", "latitude": 26.035832, "longitude": 88.456514, "btm_x": 345851.66, "btm_y": 880268.09, "sob_effect": "2022-11-01", "sob_conver": "-0.41000000", "pwd_cd": null, "msl": null, "f5__exceed": "48.72", "f95__excee": "46.00", "m2__m_": "0.00000000", "s2__m_": "0.00000000", "msf__m_": "0.00000000", "tidal_addi": "0.00000000", "spring_tid": "0.00000000", "neap_tidal": "0.00000000", "tidal_redu": "0.00000000", "shwl__mmsl": "48.72", "slwl__mmsl": "46.00", "comment": "-", "updated_at": "2024-02-05 14:08:33.862146", "updated_by": "Arif", "observed_y": 27, "class_of_r": "V", "flow_statu": "Seasonal", "islwl": "-", "exceedance": 2, "exceedan_1": 48.7, "exceedan_2": 95, "exceedan_3": 45.98, "spring_red": 0, "neap_reduc": 0, "final_redu": 0, "shwl__mm_1": "-", "slwl__mm_1": "-", "used_for_s": 1, "used_fo_01": 1}}, {"type": "Feature", "id": 186, "geometry": {"type": "Point", "coordinates": [88.46760300546885, 26.191982001066208]}, "properties": {"gid": 186, "objectid": 190, "organizati": "BWDB", "station_id": "SW284", "wl_station": "Raniganj", "st_name": "SW284 (Raniganj)", "river_name": "Tangon", "district": "Thakurgaon", "upazila": "Thakurgaon", "region": "North-West", "tidal_stat": "Non-Tidal (Flashy)", "latitude": 26.191982, "longitude": 88.46760300000001, "btm_x": 347164.99, "btm_y": 897551.59, "sob_effect": "2022-11-01", "sob_conver": "-0.39", "pwd_cd": null, "msl": null, "f5__exceed": "59.52", "f95__excee": "55.75", "m2__m_": "0.00000000", "s2__m_": "0.00000000", "msf__m_": "0.00000000", "tidal_addi": "0.00000000", "spring_tid": "0.00000000", "neap_tidal": "0.00000000", "tidal_redu": "0.00000000", "shwl__mmsl": "59.52", "slwl__mmsl": "55.75", "comment": "-", "updated_at": "2024-02-05 14:03:15.567393", "updated_by": "Arif", "observed_y": 26, "class_of_r": "V", "flow_statu": "Seasonal", "islwl": "-", "exceedance": 2, "exceedan_1": 58.84, "exceedan_2": 95, "exceedan_3": 55.12, "spring_red": 0, "neap_reduc": 0, "final_redu": 0, "shwl__mm_1": "-", "slwl__mm_1": "-", "used_for_s": 1, "used_fo_01": 1}}, {"type": "Feature", "id": 187, "geometry": {"type": "Point", "coordinates": [90.59248800575733, 23.480563700199127]}, "properties": {"gid": 187, "objectid": 180, "organizati": "BWDB", "station_id": "SW276", "wl_station": "Satnal", "st_name": "SW276 (Satnal)", "river_name": "Surma-Meghna", "district": "Chandpur", "upazila": "Matlab Dakshin", "region": "South-East", "tidal_stat": "Tidal", "latitude": 23.48056368, "longitude": 90.59248794999999, "btm_x": 560785.85, "btm_y": 596549.47, "sob_effect": "2021-12-31", "sob_conver": "-0.73900000", "pwd_cd": null, "msl": null, "f5__exceed": "4.27700000", "f95__excee": "0.23500000", "m2__m_": "0.17100000", "s2__m_": "0.12100000", "msf__m_": "0.13800000", "tidal_addi": "0.46000000", "spring_tid": "-0.18300000", "neap_tidal": "-0.19400000", "tidal_redu": "-0.19400000", "shwl__mmsl": "4.73700000", "slwl__mmsl": "0.04100000", "comment": "-", "updated_at": "2023-12-19 11:16:12.6216", "updated_by": "osk", "observed_y": 27, "class_of_r": "S", "flow_statu": "Perennial", "islwl": "-", "exceedance": 2, "exceedan_1": 4.28, "exceedan_2": 95, "exceedan_3": 0.24000000000000002, "spring_red": -0.18000000000000002, "neap_reduc": -0.19, "final_redu": -0.19, "shwl__mm_1": "-", "slwl__mm_1": "-", "used_for_s": 1, "used_fo_01": 1}}, {"type": "Feature", "id": 188, "geometry": {"type": "Point", "coordinates": [90.64453320205212, 23.22875840216875]}, "properties": {"gid": 188, "objectid": 181, "organizati": "BWDB", "station_id": "SW277", "wl_station": "Chandpur", "st_name": "SW277 (Chandpur)", "river_name": "Surma-Meghna", "district": "Chandpur", "upazila": "Chandpur Sadar", "region": "South-East", "tidal_stat": "Tidal", "latitude": 23.2287584, "longitude": 90.6445332, "btm_x": 566224.95, "btm_y": 568695.32, "sob_effect": "2023-01-01", "sob_conver": "-0.51000000", "pwd_cd": null, "msl": null, "f5__exceed": "3.50800000", "f95__excee": "0.30900000", "m2__m_": "0.26600000", "s2__m_": "0.08900000", "msf__m_": "0.13600000", "tidal_addi": "0.52600000", "spring_tid": "-0.25400000", "neap_tidal": "-0.33100000", "tidal_redu": "-0.33100000", "shwl__mmsl": "4.03400000", "slwl__mmsl": "-0.02100000", "comment": "Chandpur 1640 (BIWTA) is near to this station. So, it is omitted for contour map creatrion.", "updated_at": "2023-12-19 11:16:12.6216", "updated_by": "osk", "observed_y": 27, "class_of_r": "II", "flow_statu": "Perennial", "islwl": "-", "exceedance": 2, "exceedan_1": 3.51, "exceedan_2": 95, "exceedan_3": 0.31, "spring_red": -0.25, "neap_reduc": -0.33, "final_redu": -0.33, "shwl__mm_1": "4.058", "slwl__mm_1": "-0.160", "used_for_s": 0, "used_fo_01": 0}}, {"type": "Feature", "id": 189, "geometry": {"type": "Point", "coordinates": [91.40287600457668, 24.28312300145626]}, "properties": {"gid": 189, "objectid": 187, "organizati": "BWDB", "station_id": "SW280", "wl_station": "Sutang Rly. Bridge", "st_name": "SW280 (Sutang Rly. Bridge)", "river_name": "Sutang", "district": "Habiganj", "upazila": "Habiganj Sadar", "region": "North-East", "tidal_stat": "Non-Tidal (Non Flashy)", "latitude": 24.283123, "longitude": 91.402876, "btm_x": 642666.07, "btm_y": 685994.15, "sob_effect": "2022-01-01", "sob_conver": "-1.167", "pwd_cd": null, "msl": null, "f5__exceed": "5.72600000", "f95__excee": "1.81100000", "m2__m_": "0.00000000", "s2__m_": "0.00000000", "msf__m_": "0.00000000", "tidal_addi": "0.00000000", "spring_tid": "0.00000000", "neap_tidal": "0.00000000", "tidal_redu": "0.00000000", "shwl__mmsl": "5.72600000", "slwl__mmsl": "1.81100000", "comment": "There may be problem in relation (PWD to MSL conversion value). So, both SHWL and SLWL computed for this station are omitted in contour map creation. Besides, these SHWL & SLWL will not be usable at any case", "updated_at": "2023-12-19 11:16:12.6216", "updated_by": "osk", "observed_y": 27, "class_of_r": "Unclassified", "flow_statu": "Seasonal", "islwl": "-", "exceedance": 2, "exceedan_1": 5.73, "exceedan_2": 95, "exceedan_3": 1.81, "spring_red": 0, "neap_reduc": 0, "final_redu": 0, "shwl__mm_1": "-", "slwl__mm_1": "-", "used_for_s": 0, "used_fo_01": 0}}, {"type": "Feature", "id": 190, "geometry": {"type": "Point", "coordinates": [90.61653810739517, 23.603239104151726]}, "properties": {"gid": 190, "objectid": 179, "organizati": "BWDB", "station_id": "SW275.5", "wl_station": "Meghna Ferry Ghat", "st_name": "SW275.5 (Meghna Ferry Ghat)", "river_name": "Surma-Meghna", "district": "Munshiganj", "upazila": "Gazaria", "region": "South-East", "tidal_stat": "Tidal", "latitude": 23.60323906, "longitude": 90.61653812, "btm_x": 563183.44, "btm_y": 610141.29, "sob_effect": "2021-01-01", "sob_conver": "-1.79400000", "pwd_cd": null, "msl": null, "f5__exceed": "3.72", "f95__excee": "-0.55", "m2__m_": "0.09800000", "s2__m_": "0.29000000", "msf__m_": "0.08200000", "tidal_addi": "0.51", "spring_tid": "-0.33000000", "neap_tidal": "0.10700000", "tidal_redu": "-0.34", "shwl__mmsl": "4.23", "slwl__mmsl": "-0.89", "comment": "Datum Problem or, Problem in Gauge Zero Value. Both SHWL & SLWL are not used in contour map creation.", "updated_at": "2024-02-05 13:55:49.711278", "updated_by": "Arif", "observed_y": 27, "class_of_r": "I", "flow_statu": "Perennial", "islwl": "-", "exceedance": 2, "exceedan_1": 4.72, "exceedan_2": 95, "exceedan_3": 0.45, "spring_red": -0.33, "neap_reduc": 0.11, "final_redu": -0.33, "shwl__mm_1": "-", "slwl__mm_1": "-", "used_for_s": 0, "used_fo_01": 0}}, {"type": "Feature", "id": 191, "geometry": {"type": "Point", "coordinates": [90.60600000619888, 22.677000001072884]}, "properties": {"gid": 191, "objectid": 194, "organizati": "BWDB", "station_id": "SW288.4", "wl_station": "Bhola Kheya ghat", "st_name": "SW288.4 (Bhola Kheya Ghat)", "river_name": "Tentulia (Barisal-Bhola)", "district": "Bhola", "upazila": "Bhola Sadar", "region": "South-West", "tidal_stat": "Tidal", "latitude": 22.677, "longitude": 90.606, "btm_x": 562534.5, "btm_y": 507597.33, "sob_effect": "2023-01-01 00:00:00", "sob_conver": "-0.99000000", "pwd_cd": "-", "msl": "-", "f5__exceed": "1.21000000", "f95__excee": "-0.53000000", "m2__m_": "0.39500000", "s2__m_": "0.19600000", "msf__m_": "0.13600000", "tidal_addi": "0.78600000", "spring_tid": "-0.51500000", "neap_tidal": "-0.35500000", "tidal_redu": "-0.51500000", "shwl__mmsl": "1.99600000", "slwl__mmsl": "-1.04500000", "comment": "-", "updated_at": "2023-12-19 11:16:12.6216", "updated_by": "osk", "observed_y": 27, "class_of_r": "II", "flow_statu": "Perennial", "islwl": "-", "exceedance": 2, "exceedan_1": 1.21, "exceedan_2": 95, "exceedan_3": -0.53, "spring_red": -0.52, "neap_reduc": -0.36000000000000004, "final_redu": -0.52, "shwl__mm_1": "-", "slwl__mm_1": "-", "used_for_s": 1, "used_fo_01": 1}}, {"type": "Feature", "id": 192, "geometry": {"type": "Point", "coordinates": [89.49143850058317, 22.50105980038643]}, "properties": {"gid": 192, "objectid": 195, "organizati": "BWDB", "station_id": "SW29", "wl_station": "Sutarkhali Forest Office", "st_name": "SW29 (Sutarkhali Forest Office)", "river_name": "Bhadra", "district": "Khulna", "upazila": "Dacope", "region": "South-West", "tidal_stat": "Tidal", "latitude": 22.501059830000003, "longitude": 89.49143851, "btm_x": 447975.83, "btm_y": 488083.89, "sob_effect": "2023-01-01 00:00:00", "sob_conver": "-0.75700000", "pwd_cd": "-", "msl": "-", "f5__exceed": "1.06800000", "f95__excee": "-0.29500000", "m2__m_": "1.11600000", "s2__m_": "0.40500000", "msf__m_": "0.04000000", "tidal_addi": "1.71200000", "spring_tid": "-1.63200000", "neap_tidal": "-0.82200000", "tidal_redu": "-1.63200000", "shwl__mmsl": "2.78000000", "slwl__mmsl": "-1.92700000", "comment": "-", "updated_at": "2023-12-19 11:16:12.6216", "updated_by": "osk", "observed_y": 22, "class_of_r": "III", "flow_statu": "Perennial", "islwl": "-", "exceedance": 2, "exceedan_1": 1.07, "exceedan_2": 95, "exceedan_3": -0.3, "spring_red": -1.63, "neap_reduc": -0.8200000000000001, "final_redu": -1.63, "shwl__mm_1": "-", "slwl__mm_1": "-", "used_for_s": 1, "used_fo_01": 1}}, {"type": "Feature", "id": 193, "geometry": {"type": "Point", "coordinates": [89.05868100374937, 26.17899700254202]}, "properties": {"gid": 193, "objectid": 197, "organizati": "BWDB", "station_id": "SW291.5L", "wl_station": "Doani", "st_name": "SW291.5L (Doani)", "river_name": "Teesta", "district": "Lalmonirhat", "upazila": "Hatibandha", "region": "North-West", "tidal_stat": "Non-Tidal (Flashy)", "latitude": 26.178997, "longitude": 89.05868099999999, "btm_x": 406219.95, "btm_y": 895550.57, "sob_effect": "2022-11-01 00:00:00", "sob_conver": "-0.48000000", "pwd_cd": "-", "msl": "-", "f5__exceed": "51.87000000", "f95__excee": "48.56900000", "m2__m_": "0.00000000", "s2__m_": "0.00000000", "msf__m_": "0.00000000", "tidal_addi": "0.00000000", "spring_tid": "0.00000000", "neap_tidal": "0.00000000", "tidal_redu": "0.00000000", "shwl__mmsl": "51.87000000", "slwl__mmsl": "48.56900000", "comment": "-", "updated_at": "2023-12-19 11:16:12.6216", "updated_by": "osk", "observed_y": 26, "class_of_r": "IV", "flow_statu": "Seasonal", "islwl": "-", "exceedance": 2, "exceedan_1": 51.87, "exceedan_2": 95, "exceedan_3": 48.57, "spring_red": 0, "neap_reduc": 0, "final_redu": 0, "shwl__mm_1": "-", "slwl__mm_1": "-", "used_for_s": 1, "used_fo_01": 1}}, {"type": "Feature", "id": 194, "geometry": {"type": "Point", "coordinates": [89.04969300329685, 26.176408000290394]}, "properties": {"gid": 194, "objectid": 198, "organizati": "BWDB", "station_id": "SW291.5R", "wl_station": "Dalia", "st_name": "SW291.5R (Dalia)", "river_name": "Teesta", "district": "Nilphamari", "upazila": "Dimla", "region": "North-West", "tidal_stat": "Non-Tidal (Flashy)", "latitude": 26.176408000000002, "longitude": 89.049693, "btm_x": 405319.65, "btm_y": 895270.37, "sob_effect": "2022-11-01 00:00:00", "sob_conver": "-0.40000000", "pwd_cd": "-", "msl": "-", "f5__exceed": "52.00000000", "f95__excee": "48.63500000", "m2__m_": "0.00000000", "s2__m_": "0.00000000", "msf__m_": "0.00000000", "tidal_addi": "0.00000000", "spring_tid": "0.00000000", "neap_tidal": "0.00000000", "tidal_redu": "0.00000000", "shwl__mmsl": "52.00000000", "slwl__mmsl": "48.63500000", "comment": "-", "updated_at": "2023-12-19 11:16:12.6216", "updated_by": "osk", "observed_y": 27, "class_of_r": "IV", "flow_statu": "Seasonal", "islwl": "-", "exceedance": 2, "exceedan_1": 52, "exceedan_2": 95, "exceedan_3": 48.64, "spring_red": 0, "neap_reduc": 0, "final_redu": 0, "shwl__mm_1": "-", "slwl__mm_1": "-", "used_for_s": 1, "used_fo_01": 1}}, {"type": "Feature", "id": 195, "geometry": {"type": "Point", "coordinates": [89.65002400428057, 25.52709800750017]}, "properties": {"gid": 195, "objectid": 201, "organizati": "BWDB", "station_id": "SW294.5", "wl_station": "Haripur", "st_name": "SW294.5 (Haripur)", "river_name": "Teesta", "district": "Gaibandha", "upazila": "Sundarganj", "region": "North-West", "tidal_stat": "Non-Tidal (Non Flashy)", "latitude": 25.527098000000002, "longitude": 89.650024, "btm_x": 465119.93, "btm_y": 823064.27, "sob_effect": "2022-11-01 00:00:00", "sob_conver": "-0.73000000", "pwd_cd": "-", "msl": "-", "f5__exceed": "22.83400000", "f95__excee": "17.57700000", "m2__m_": "0.00000000", "s2__m_": "0.00000000", "msf__m_": "0.00000000", "tidal_addi": "0.00000000", "spring_tid": "0.00000000", "neap_tidal": "0.00000000", "tidal_redu": "0.00000000", "shwl__mmsl": "22.83400000", "slwl__mmsl": "17.57700000", "comment": "-", "updated_at": "2023-12-19 11:16:12.6216", "updated_by": "osk", "observed_y": 27, "class_of_r": "IV", "flow_statu": "Perennial", "islwl": "-", "exceedance": 2, "exceedan_1": 22.83, "exceedan_2": 95, "exceedan_3": 17.58, "spring_red": 0, "neap_reduc": 0, "final_redu": 0, "shwl__mm_1": "-", "slwl__mm_1": "-", "used_for_s": 1, "used_fo_01": 1}}, {"type": "Feature", "id": 196, "geometry": {"type": "Point", "coordinates": [91.05520000308752, 24.120900005102158]}, "properties": {"gid": 196, "objectid": 202, "organizati": "BWDB", "station_id": "SW295", "wl_station": "Ajabpur", "st_name": "SW295 (Ajabpur)", "river_name": "Titas", "district": "Brahmanbaria", "upazila": "Sarail", "region": "North-East", "tidal_stat": "Tidal", "latitude": 24.1209, "longitude": 91.0552, "btm_x": 607511.83, "btm_y": 667720.09, "sob_effect": "2021-02-01 00:00:00", "sob_conver": "-1.04300000", "pwd_cd": "-", "msl": "-", "f5__exceed": "5.50000000", "f95__excee": "0.39500000", "m2__m_": "0.06100000", "s2__m_": "0.80500000", "msf__m_": "0.11700000", "tidal_addi": "1.07000000", "spring_tid": "-0.83600000", "neap_tidal": "0.70100000", "tidal_redu": "-0.83600000", "shwl__mmsl": "6.57000000", "slwl__mmsl": "-0.44100000", "comment": "Datum Problem or, Problem in Gauge Zero Value.", "updated_at": "2023-12-19 11:16:12.6216", "updated_by": "osk", "observed_y": 27, "class_of_r": "III", "flow_statu": "Perennial", "islwl": "-", "exceedance": 2, "exceedan_1": 5.5, "exceedan_2": 95, "exceedan_3": 0.4, "spring_red": -0.8400000000000001, "neap_reduc": 0.7000000000000001, "final_redu": -0.8400000000000001, "shwl__mm_1": "5.815", "slwl__mm_1": "0.353", "used_for_s": 0, "used_fo_01": 0}}, {"type": "Feature", "id": 197, "geometry": {"type": "Point", "coordinates": [91.20052500069141, 23.878889001905918]}, "properties": {"gid": 197, "objectid": 203, "organizati": "BWDB", "station_id": "SW296", "wl_station": "Akhaura", "st_name": "SW296 (Akhaura)", "river_name": "Titas", "district": "Brahmanbaria", "upazila": "Akhaura", "region": "South-East", "tidal_stat": "Non-Tidal (Non Flashy)", "latitude": 23.878888999999997, "longitude": 91.200525, "btm_x": 622509.36, "btm_y": 641041.18, "sob_effect": "2021-02-01 00:00:00", "sob_conver": "-1.07000000", "pwd_cd": "-", "msl": "-", "f5__exceed": "5.19400000", "f95__excee": "0.29900000", "m2__m_": "0.00000000", "s2__m_": "0.00000000", "msf__m_": "0.00000000", "tidal_addi": "0.00000000", "spring_tid": "0.00000000", "neap_tidal": "0.00000000", "tidal_redu": "0.00000000", "shwl__mmsl": "5.19400000", "slwl__mmsl": "0.29900000", "comment": "-", "updated_at": "2023-12-19 11:16:12.6216", "updated_by": "osk", "observed_y": 27, "class_of_r": "Unclassified", "flow_statu": "Seasonal", "islwl": "-", "exceedance": 2, "exceedan_1": 5.19, "exceedan_2": 95, "exceedan_3": 0.3, "spring_red": 0, "neap_reduc": 0, "final_redu": 0, "shwl__mm_1": "-", "slwl__mm_1": "-", "used_for_s": 1, "used_fo_01": 1}}, {"type": "Feature", "id": 198, "geometry": {"type": "Point", "coordinates": [90.84698600322008, 23.849296003580093]}, "properties": {"gid": 198, "objectid": 206, "organizati": "BWDB", "station_id": "SW298.5", "wl_station": "Salimganj", "st_name": "SW298.5 (Salimganj)", "river_name": "Titas", "district": "Brahmanbaria", "upazila": "Nabinagar", "region": "South-East", "tidal_stat": "Tidal", "latitude": 23.849296, "longitude": 90.846986, "btm_x": 586532.92, "btm_y": 637504.29, "sob_effect": "2022-01-01 00:00:00", "sob_conver": "-0.54400000", "pwd_cd": "-", "msl": "-", "f5__exceed": "5.75000000", "f95__excee": "0.54600000", "m2__m_": "0.06700000", "s2__m_": "1.31000000", "msf__m_": "0.13600000", "tidal_addi": "1.65000000", "spring_tid": "-1.37900000", "neap_tidal": "1.23100000", "tidal_redu": "-1.37900000", "shwl__mmsl": "7.40000000", "slwl__mmsl": "-0.83200000", "comment": "Datum Problem or, Problem in Gauge Zero Value.", "updated_at": "2023-12-19 11:16:12.6216", "updated_by": "osk", "observed_y": 27, "class_of_r": "III", "flow_statu": "Perennial", "islwl": "-", "exceedance": 2, "exceedan_1": 5.75, "exceedan_2": 95, "exceedan_3": 0.55, "spring_red": -1.38, "neap_reduc": 1.23, "final_redu": -1.38, "shwl__mm_1": "5.510", "slwl__mm_1": "0.150", "used_for_s": 0, "used_fo_01": 0}}, {"type": "Feature", "id": 199, "geometry": {"type": "Point", "coordinates": [90.40171200037003, 23.88186200708151]}, "properties": {"gid": 199, "objectid": 207, "organizati": "BWDB", "station_id": "SW299", "wl_station": "Tongi", "st_name": "SW299 (Tongi)", "river_name": "Tongi Khal", "district": "Dhaka", "upazila": "Uttara", "region": "North-Central", "tidal_stat": "Tidal", "latitude": 23.881861999999998, "longitude": 90.401712, "btm_x": 541179.28, "btm_y": 640909.98, "sob_effect": "2022-01-01 00:00:00", "sob_conver": "-1.16100000", "pwd_cd": "-", "msl": "-", "f5__exceed": "5.43900000", "f95__excee": "0.78800000", "m2__m_": "0.03800000", "s2__m_": "0.07400000", "msf__m_": "0.09000000", "tidal_addi": "0.21300000", "spring_tid": "-0.03300000", "neap_tidal": "-0.05100000", "tidal_redu": "-0.05100000", "shwl__mmsl": "5.65200000", "slwl__mmsl": "0.73800000", "comment": "SLWL is omitted during contour map creation.", "updated_at": "2023-12-19 11:16:12.6216", "updated_by": "osk", "observed_y": 27, "class_of_r": "II", "flow_statu": "Perennial", "islwl": "-", "exceedance": 2, "exceedan_1": 5.44, "exceedan_2": 95, "exceedan_3": 0.79, "spring_red": -0.030000000000000002, "neap_reduc": -0.05, "final_redu": -0.05, "shwl__mm_1": "-", "slwl__mm_1": "0.366", "used_for_s": 1, "used_fo_01": 0}}, {"type": "Feature", "id": 200, "geometry": {"type": "Point", "coordinates": [89.38542350381613, 23.117505602538586]}, "properties": {"gid": 200, "objectid": 208, "organizati": "BWDB", "station_id": "SW30", "wl_station": "Afraghat", "st_name": "SW30 (Afraghat)", "river_name": "Bhairab(lower)", "district": "Jessore", "upazila": "Jessore Sadar", "region": "South-West", "tidal_stat": "Tidal", "latitude": 23.11750563, "longitude": 89.38542354, "btm_x": 437355.21, "btm_y": 556365.72, "sob_effect": "2023-01-01 00:00:00", "sob_conver": "-0.78900000", "pwd_cd": "-", "msl": "-", "f5__exceed": "1.94500000", "f95__excee": "-0.00500000", "m2__m_": "0.56800000", "s2__m_": "0.18300000", "msf__m_": "0.15100000", "tidal_addi": "0.97700000", "spring_tid": "-0.67400000", "neap_tidal": "-0.57500000", "tidal_redu": "-0.67400000", "shwl__mmsl": "2.92200000", "slwl__mmsl": "-0.68000000", "comment": "-", "updated_at": "2023-12-19 11:16:12.6216", "updated_by": "osk", "observed_y": 27, "class_of_r": "IV", "flow_statu": "Perennial", "islwl": "-", "exceedance": 2, "exceedan_1": 1.9500000000000002, "exceedan_2": 95, "exceedan_3": -0.01, "spring_red": -0.67, "neap_reduc": -0.5800000000000001, "final_redu": -0.67, "shwl__mm_1": "-", "slwl__mm_1": "-", "used_for_s": 1, "used_fo_01": 1}}, {"type": "Feature", "id": 201, "geometry": {"type": "Point", "coordinates": [89.43679400533438, 25.7888940051198]}, "properties": {"gid": 201, "objectid": 200, "organizati": "BWDB", "station_id": "SW294", "wl_station": "Kaunia", "st_name": "SW294 (Kaunia)", "river_name": "Teesta", "district": "Rangpur", "upazila": "Kaunia", "region": "North-West", "tidal_stat": "Non-Tidal (Non Flashy)", "latitude": 25.788894, "longitude": 89.436794, "btm_x": 443818.78, "btm_y": 852129.39, "sob_effect": "2022-11-01", "sob_conver": "0.11", "pwd_cd": null, "msl": null, "f5__exceed": "29.30", "f95__excee": "25.74", "m2__m_": "0.00000000", "s2__m_": "0.00000000", "msf__m_": "0.00000000", "tidal_addi": "0.00000000", "spring_tid": "0.00000000", "neap_tidal": "0.00000000", "tidal_redu": "0.00000000", "shwl__mmsl": "29.30", "slwl__mmsl": "25.74", "comment": "-", "updated_at": "2024-02-05 14:22:42.722816", "updated_by": "Arif", "observed_y": 27, "class_of_r": "IV", "flow_statu": "Perennial", "islwl": "-", "exceedance": 2, "exceedan_1": 29.15, "exceedan_2": 95, "exceedan_3": 25.59, "spring_red": 0, "neap_reduc": 0, "final_redu": 0, "shwl__mm_1": "-", "slwl__mm_1": "-", "used_for_s": 1, "used_fo_01": 1}}, {"type": "Feature", "id": 202, "geometry": {"type": "Point", "coordinates": [89.17611200362444, 25.973792001605034]}, "properties": {"gid": 202, "objectid": 199, "organizati": "BWDB", "station_id": "SW293", "wl_station": "Kaliganj", "st_name": "SW293 (Kaliganj)", "river_name": "Teesta", "district": "Lalmonirhat", "upazila": "Kaliganj", "region": "North-West", "tidal_stat": "Non-Tidal (Non Flashy)", "latitude": 25.973792, "longitude": 89.176112, "btm_x": 417811.41, "btm_y": 872744.14, "sob_effect": "2021-06-28", "sob_conver": "0.04", "pwd_cd": null, "msl": null, "f5__exceed": "40.54", "f95__excee": "37.19", "m2__m_": "0.00000000", "s2__m_": "0.00000000", "msf__m_": "0.00000000", "tidal_addi": "0.00000000", "spring_tid": "0.00000000", "neap_tidal": "0.00000000", "tidal_redu": "0.00000000", "shwl__mmsl": "40.54", "slwl__mmsl": "37.19", "comment": "-", "updated_at": "2024-02-05 14:18:34.145177", "updated_by": "Arif", "observed_y": 26, "class_of_r": "Unclassified", "flow_statu": "Seasonal", "islwl": "-", "exceedance": 2, "exceedan_1": 40.43, "exceedan_2": 95, "exceedan_3": 37.08, "spring_red": 0, "neap_reduc": 0, "final_redu": 0, "shwl__mm_1": "-", "slwl__mm_1": "-", "used_for_s": 1, "used_fo_01": 1}}, {"type": "Feature", "id": 203, "geometry": {"type": "Point", "coordinates": [90.97586900740862, 23.903315000236034]}, "properties": {"gid": 203, "objectid": 205, "organizati": "BWDB", "station_id": "SW298", "wl_station": "Nabinagar", "st_name": "SW298 (Nabinagar)", "river_name": "Titas", "district": "Brahmanbaria", "upazila": "Nabinagar", "region": "South-East", "tidal_stat": "Mixed Tidal", "latitude": 23.903315000000003, "longitude": 90.975869, "btm_x": 599616.75, "btm_y": 643569.81, "sob_effect": "2021-02-01", "sob_conver": "-0.96900000", "pwd_cd": null, "msl": null, "f5__exceed": "5.19700000", "f95__excee": "0.25000000", "m2__m_": "0.06000000", "s2__m_": "0.70700000", "msf__m_": "0.12300000", "tidal_addi": "0.00000000", "spring_tid": "-0.72200000", "neap_tidal": "0.58900000", "tidal_redu": "-0.72200000", "shwl__mmsl": "5.19700000", "slwl__mmsl": "-0.47100000", "comment": "Datum Problem or, Problem in Gauge Zero Value.", "updated_at": "2023-12-19 11:16:12.6216", "updated_by": "osk", "observed_y": 27, "class_of_r": "III", "flow_statu": "Perennial", "islwl": "-", "exceedance": 2, "exceedan_1": 5.2, "exceedan_2": 95, "exceedan_3": 0.25, "spring_red": -0.7200000000000001, "neap_reduc": 0.5900000000000001, "final_redu": -0.7200000000000001, "shwl__mm_1": "5.541", "slwl__mm_1": "0.160", "used_for_s": 0, "used_fo_01": 0}}, {"type": "Feature", "id": 204, "geometry": {"type": "Point", "coordinates": [88.98000000417233, 26.21000000089407]}, "properties": {"gid": 204, "objectid": 196, "organizati": "BWDB", "station_id": "SW291.2L", "wl_station": "Uttar Kharibari", "st_name": "SW291.2L (Uttar Kharibari)", "river_name": "Teesta", "district": "Nilphamari", "upazila": "Dimla", "region": "North-West", "tidal_stat": "Non-Tidal (Flashy)", "latitude": 26.21, "longitude": 88.98, "btm_x": 398384.05, "btm_y": 899043.73, "sob_effect": "2022-11-01", "sob_conver": "-0.44000000", "pwd_cd": null, "msl": null, "f5__exceed": "54.86900000", "f95__excee": "53.03500000", "m2__m_": "0.00000000", "s2__m_": "0.00000000", "msf__m_": "0.00000000", "tidal_addi": "0.00000000", "spring_tid": "0.00000000", "neap_tidal": "0.00000000", "tidal_redu": "0.00000000", "shwl__mmsl": "54.86900000", "slwl__mmsl": "53.03500000", "comment": "Insufficient data (2001 to 2005). SHWL & SLWL computed from limited data will not appropriate with existing scenerios.", "updated_at": "2023-12-19 11:16:12.6216", "updated_by": "osk", "observed_y": 7, "class_of_r": "Unclassified", "flow_statu": "Perennial", "islwl": "-", "exceedance": 2, "exceedan_1": 54.87, "exceedan_2": 95, "exceedan_3": 53.04, "spring_red": 0, "neap_reduc": 0, "final_redu": 0, "shwl__mm_1": "-", "slwl__mm_1": "-", "used_for_s": 0, "used_fo_01": 0}}, {"type": "Feature", "id": 205, "geometry": {"type": "Point", "coordinates": [91.08365300297737, 23.95296100527048]}, "properties": {"gid": 205, "objectid": 204, "organizati": "BWDB", "station_id": "SW297", "wl_station": "Gokarnaghat", "st_name": "SW297 (Gokarnaghat)", "river_name": "Titas", "district": "Brahmanbaria", "upazila": "Brahamanbaria Sadar", "region": "South-East", "tidal_stat": "Mixed Tidal", "latitude": 23.952961, "longitude": 91.083653, "btm_x": 610546.69, "btm_y": 649146.79, "sob_effect": "2021-02-01", "sob_conver": "-1.03300000", "pwd_cd": null, "msl": null, "f5__exceed": "5.07", "f95__excee": "0.26", "m2__m_": "0.02000000", "s2__m_": "0.18700000", "msf__m_": "0.09500000", "tidal_addi": "0", "spring_tid": "-0.13300000", "neap_tidal": "0.08900000", "tidal_redu": "-0.13300000", "shwl__mmsl": "5.07000000", "slwl__mmsl": "0.12700000", "comment": "-", "updated_at": "2024-02-05 14:27:40.296016", "updated_by": "Arif", "observed_y": 27, "class_of_r": "III", "flow_statu": "Perennial", "islwl": "-", "exceedance": 2, "exceedan_1": 5.07, "exceedan_2": 95, "exceedan_3": 0.26, "spring_red": -0.13, "neap_reduc": 0.09000000000000001, "final_redu": -0.13, "shwl__mm_1": "-", "slwl__mm_1": "-", "used_for_s": 1, "used_fo_01": 1}}, {"type": "Feature", "id": 206, "geometry": {"type": "Point", "coordinates": [90.20849300175905, 24.082083001732826]}, "properties": {"gid": 206, "objectid": 210, "organizati": "BWDB", "station_id": "SW301", "wl_station": "Kaliakoir", "st_name": "SW301 (Kaliakoir)", "river_name": "Turag", "district": "Gazipur", "upazila": "Kaliakair", "region": "North-Central", "tidal_stat": "Non-Tidal (Non Flashy)", "latitude": 24.082083, "longitude": 90.208493, "btm_x": 521476.05, "btm_y": 663034.69, "sob_effect": "2022-01-01 00:00:00", "sob_conver": "-0.98800000", "pwd_cd": "-", "msl": "-", "f5__exceed": "7.41600000", "f95__excee": "0.27000000", "m2__m_": "0.00000000", "s2__m_": "0.00000000", "msf__m_": "0.00000000", "tidal_addi": "0.00000000", "spring_tid": "0.00000000", "neap_tidal": "0.00000000", "tidal_redu": "0.00000000", "shwl__mmsl": "7.41600000", "slwl__mmsl": "0.27000000", "comment": "-", "updated_at": "2023-12-19 11:16:12.6216", "updated_by": "osk", "observed_y": 27, "class_of_r": "III", "flow_statu": "Perennial", "islwl": "-", "exceedance": 2, "exceedan_1": 7.42, "exceedan_2": 95, "exceedan_3": 0.27, "spring_red": 0, "neap_reduc": 0, "final_redu": 0, "shwl__mm_1": "-", "slwl__mm_1": "-", "used_for_s": 1, "used_fo_01": 1}}, {"type": "Feature", "id": 207, "geometry": {"type": "Point", "coordinates": [90.33549600094557, 23.783862002193928]}, "properties": {"gid": 207, "objectid": 211, "organizati": "BWDB", "station_id": "SW302", "wl_station": "Mirpur", "st_name": "SW302 (Mirpur)", "river_name": "Turag", "district": "Dhaka", "upazila": "Mirpur", "region": "North-Central", "tidal_stat": "Tidal", "latitude": 23.783862, "longitude": 90.335496, "btm_x": 534463.87, "btm_y": 630042.65, "sob_effect": "2022-01-01 00:00:00", "sob_conver": "-1.13500000", "pwd_cd": "-", "msl": "-", "f5__exceed": "4.85700000", "f95__excee": "0.21900000", "m2__m_": "0.09000000", "s2__m_": "0.01800000", "msf__m_": "0.13500000", "tidal_addi": "0.25300000", "spring_tid": "0.01600000", "neap_tidal": "-0.21400000", "tidal_redu": "-0.21400000", "shwl__mmsl": "5.11000000", "slwl__mmsl": "0.00500000", "comment": "SLWL is omitted during contour map creation.", "updated_at": "2023-12-19 11:16:12.6216", "updated_by": "osk", "observed_y": 27, "class_of_r": "I", "flow_statu": "Perennial", "islwl": "-", "exceedance": 2, "exceedan_1": 4.86, "exceedan_2": 95, "exceedan_3": 0.22, "spring_red": 0.02, "neap_reduc": -0.21000000000000002, "final_redu": -0.21000000000000002, "shwl__mm_1": "-", "slwl__mm_1": "0.160", "used_for_s": 1, "used_fo_01": 0}}, {"type": "Feature", "id": 208, "geometry": {"type": "Point", "coordinates": [88.69570700079203, 26.260652005672455]}, "properties": {"gid": 208, "objectid": 212, "organizati": "BWDB", "station_id": "SW305.5", "wl_station": "Ghoramaraghat", "st_name": "SW305.5 (Ghoramaraghat)", "river_name": "Ghoramara", "district": "Panchagarh", "upazila": "Panchagarh Sadar", "region": "North-West", "tidal_stat": "Non-Tidal (Flashy)", "latitude": 26.260652, "longitude": 88.695707, "btm_x": 370036.53, "btm_y": 904908.64, "sob_effect": "2022-11-01 00:00:00", "sob_conver": "-0.31000000", "pwd_cd": "-", "msl": "-", "f5__exceed": "60.29800000", "f95__excee": "57.59700000", "m2__m_": "0.00000000", "s2__m_": "0.00000000", "msf__m_": "0.00000000", "tidal_addi": "0.00000000", "spring_tid": "0.00000000", "neap_tidal": "0.00000000", "tidal_redu": "0.00000000", "shwl__mmsl": "60.29800000", "slwl__mmsl": "57.59700000", "comment": "-", "updated_at": "2023-12-19 11:16:12.6216", "updated_by": "osk", "observed_y": 27, "class_of_r": "Unclassified", "flow_statu": "Seasonal", "islwl": "-", "exceedance": 2, "exceedan_1": 60.3, "exceedan_2": 95, "exceedan_3": 57.6, "spring_red": 0, "neap_reduc": 0, "final_redu": 0, "shwl__mm_1": "-", "slwl__mm_1": "-", "used_for_s": 1, "used_fo_01": 1}}, {"type": "Feature", "id": 209, "geometry": {"type": "Point", "coordinates": [90.72551200538874, 24.884649001061916]}, "properties": {"gid": 209, "objectid": 213, "organizati": "BWDB", "station_id": "SW310", "wl_station": "Netrokona", "st_name": "SW310 (Netrokona)", "river_name": "Mogra", "district": "Netrokona", "upazila": "Netrokona Sadar", "region": "North-East", "tidal_stat": "Non-Tidal (Non Flashy)", "latitude": 24.884649, "longitude": 90.725512, "btm_x": 573563.71, "btm_y": 752074.35, "sob_effect": "2018-05-16 00:00:00", "sob_conver": "-1.05000000", "pwd_cd": "-", "msl": "-", "f5__exceed": "7.50900000", "f95__excee": "1.47800000", "m2__m_": "0.00000000", "s2__m_": "0.00000000", "msf__m_": "0.00000000", "tidal_addi": "0.00000000", "spring_tid": "0.00000000", "neap_tidal": "0.00000000", "tidal_redu": "0.00000000", "shwl__mmsl": "7.50900000", "slwl__mmsl": "1.47800000", "comment": "-", "updated_at": "2023-12-19 11:16:12.6216", "updated_by": "osk", "observed_y": 27, "class_of_r": "V", "flow_statu": "Seasonal", "islwl": "-", "exceedance": 2, "exceedan_1": 7.51, "exceedan_2": 95, "exceedan_3": 1.48, "spring_red": 0, "neap_reduc": 0, "final_redu": 0, "shwl__mm_1": "-", "slwl__mm_1": "-", "used_for_s": 1, "used_fo_01": 1}}, {"type": "Feature", "id": 210, "geometry": {"type": "Point", "coordinates": [90.98027700185776, 24.45533300191164]}, "properties": {"gid": 210, "objectid": 215, "organizati": "BWDB", "station_id": "SW311.4", "wl_station": "Chamraghat", "st_name": "SW311.4 (Chamraghat)", "river_name": "Mogra", "district": "Kishoreganj", "upazila": "Karimgonj", "region": "North-East", "tidal_stat": "Mixed Tidal", "latitude": 24.455333, "longitude": 90.980277, "btm_x": 599637.1, "btm_y": 704695.91, "sob_effect": "2022-02-01 00:00:00", "sob_conver": "-1.86400000", "pwd_cd": "-", "msl": "-", "f5__exceed": "6.17600000", "f95__excee": "0.43900000", "m2__m_": "0.00000000", "s2__m_": "0.00000000", "msf__m_": "0.00000000", "tidal_addi": "0.00000000", "spring_tid": "0.00000000", "neap_tidal": "0.00000000", "tidal_redu": "0.00000000", "shwl__mmsl": "6.17600000", "slwl__mmsl": "0.43900000", "comment": "-", "updated_at": "2023-12-19 11:16:12.6216", "updated_by": "osk", "observed_y": 24, "class_of_r": "I", "flow_statu": "Perennial", "islwl": "-", "exceedance": 2, "exceedan_1": 6.18, "exceedan_2": 95, "exceedan_3": 0.44, "spring_red": 0, "neap_reduc": 0, "final_redu": 0, "shwl__mm_1": "-", "slwl__mm_1": "-", "used_for_s": 1, "used_fo_01": 1}}, {"type": "Feature", "id": 211, "geometry": {"type": "Point", "coordinates": [89.1902570053935, 24.824184000492096]}, "properties": {"gid": 211, "objectid": 216, "organizati": "BWDB", "station_id": "SW312", "wl_station": "Talora Rly. Crossing", "st_name": "SW312 (Talora Rly. Crossing)", "river_name": "Nagor", "district": "Bogura", "upazila": "Dhupchanchia", "region": "North-West", "tidal_stat": "Non-Tidal (Non Flashy)", "latitude": 24.824184000000002, "longitude": 89.190257, "btm_x": 418455.66, "btm_y": 745426.86, "sob_effect": "2022-11-01 00:00:00", "sob_conver": "-0.61000000", "pwd_cd": "-", "msl": "-", "f5__exceed": "14.26400000", "f95__excee": "9.54800000", "m2__m_": "0.00000000", "s2__m_": "0.00000000", "msf__m_": "0.00000000", "tidal_addi": "0.00000000", "spring_tid": "0.00000000", "neap_tidal": "0.00000000", "tidal_redu": "0.00000000", "shwl__mmsl": "14.26400000", "slwl__mmsl": "9.54800000", "comment": "-", "updated_at": "2023-12-19 11:16:12.6216", "updated_by": "osk", "observed_y": 25, "class_of_r": "IV", "flow_statu": "Seasonal", "islwl": "-", "exceedance": 2, "exceedan_1": 14.26, "exceedan_2": 95, "exceedan_3": 9.55, "spring_red": 0, "neap_reduc": 0, "final_redu": 0, "shwl__mm_1": "-", "slwl__mm_1": "-", "used_for_s": 1, "used_fo_01": 1}}, {"type": "Feature", "id": 212, "geometry": {"type": "Point", "coordinates": [89.48966500163078, 24.256646007299423]}, "properties": {"gid": 212, "objectid": 217, "organizati": "BWDB", "station_id": "SW313", "wl_station": "Nangoora Bridge", "st_name": "SW313 (Nangoora Bridge)", "river_name": "Nangoora", "district": "Sirajganj", "upazila": "Ullapara", "region": "North-West", "tidal_stat": "Non-Tidal (Non Flashy)", "latitude": 24.256646, "longitude": 89.489665, "btm_x": 448480.31, "btm_y": 682440.56, "sob_effect": "2022-11-01 00:00:00", "sob_conver": "-0.09000000", "pwd_cd": "-", "msl": "-", "f5__exceed": "11.45600000", "f95__excee": "3.23500000", "m2__m_": "0.00000000", "s2__m_": "0.00000000", "msf__m_": "0.00000000", "tidal_addi": "0.00000000", "spring_tid": "0.00000000", "neap_tidal": "0.00000000", "tidal_redu": "0.00000000", "shwl__mmsl": "11.45600000", "slwl__mmsl": "3.23500000", "comment": "-", "updated_at": "2023-12-19 11:16:12.6216", "updated_by": "osk", "observed_y": 23, "class_of_r": "V", "flow_statu": "Seasonal", "islwl": "-", "exceedance": 2, "exceedan_1": 11.46, "exceedan_2": 95, "exceedan_3": 3.24, "spring_red": 0, "neap_reduc": 0, "final_redu": 0, "shwl__mm_1": "-", "slwl__mm_1": "-", "used_for_s": 1, "used_fo_01": 1}}, {"type": "Feature", "id": 213, "geometry": {"type": "Point", "coordinates": [90.32107370346785, 22.81807990372181]}, "properties": {"gid": 213, "objectid": 219, "organizati": "BWDB", "station_id": "SW318", "wl_station": "Babuganj", "st_name": "SW318 (Babuganj)", "river_name": "Babuganj", "district": "Barisal", "upazila": "Babuganj", "region": "South-West", "tidal_stat": "Tidal", "latitude": 22.81807985, "longitude": 90.32107375, "btm_x": 533231.52, "btm_y": 523123.08, "sob_effect": "2023-01-01 00:00:00", "sob_conver": "-0.45600000", "pwd_cd": "-", "msl": "-", "f5__exceed": "1.77700000", "f95__excee": "0.02500000", "m2__m_": "0.23300000", "s2__m_": "0.03700000", "msf__m_": "0.09400000", "tidal_addi": "0.39100000", "spring_tid": "-0.20400000", "neap_tidal": "-0.30900000", "tidal_redu": "-0.30900000", "shwl__mmsl": "2.16800000", "slwl__mmsl": "-0.28500000", "comment": "-", "updated_at": "2023-12-19 11:16:12.6216", "updated_by": "osk", "observed_y": 18, "class_of_r": "I", "flow_statu": "Perennial", "islwl": "-", "exceedance": 2, "exceedan_1": 1.78, "exceedan_2": 95, "exceedan_3": 0.030000000000000002, "spring_red": -0.2, "neap_reduc": -0.31, "final_redu": -0.31, "shwl__mm_1": "-", "slwl__mm_1": "-", "used_for_s": 1, "used_fo_01": 1}}, {"type": "Feature", "id": 214, "geometry": {"type": "Point", "coordinates": [88.64916760474443, 23.860123604536057]}, "properties": {"gid": 214, "objectid": 220, "organizati": "BWDB", "station_id": "SW32", "wl_station": "Kathuli", "st_name": "SW32 (Kathuli)", "river_name": "Bhairab (upper)", "district": "Meherpur", "upazila": "Gangni", "region": "South-West", "tidal_stat": "Non-Tidal (Non Flashy)", "latitude": 23.860123639999998, "longitude": 88.64916758000001, "btm_x": 362733.39, "btm_y": 639101.22, "sob_effect": "2023-01-01 00:00:00", "sob_conver": "-0.94200000", "pwd_cd": "-", "msl": "-", "f5__exceed": "12.11000000", "f95__excee": "9.60700000", "m2__m_": "0.00000000", "s2__m_": "0.00000000", "msf__m_": "0.00000000", "tidal_addi": "0.00000000", "spring_tid": "0.00000000", "neap_tidal": "0.00000000", "tidal_redu": "0.00000000", "shwl__mmsl": "12.11000000", "slwl__mmsl": "9.60700000", "comment": "In India, the river has been closed by earthen dam. That's why, water is dried up during dry season. At the d/s, 'Rashikpur Sluicegate' and an earthen dam emediate after sluicegate are situated on Bhairab River which controls the upstream flow completely.", "updated_at": "2023-12-19 11:16:12.6216", "updated_by": "osk", "observed_y": 25, "class_of_r": "Unclassified", "flow_statu": "Seasonal", "islwl": "-", "exceedance": 2, "exceedan_1": 12.11, "exceedan_2": 95, "exceedan_3": 9.61, "spring_red": 0, "neap_reduc": 0, "final_redu": 0, "shwl__mm_1": "12.110", "slwl__mm_1": "9.607", "used_for_s": 0, "used_fo_01": 0}}, {"type": "Feature", "id": 215, "geometry": {"type": "Point", "coordinates": [90.5040388032794, 22.891198806464672]}, "properties": {"gid": 215, "objectid": 221, "organizati": "BWDB", "station_id": "SW320", "wl_station": "Hizla", "st_name": "SW320 (Hizla)", "river_name": "Dharmajani", "district": "Barisal", "upazila": "Hizla", "region": "South-West", "tidal_stat": "Tidal", "latitude": 22.8911988, "longitude": 90.50403875, "btm_x": 551979.62, "btm_y": 531269.76, "sob_effect": "2023-01-01 00:00:00", "sob_conver": "-0.22000000", "pwd_cd": "-", "msl": "-", "f5__exceed": "2.09800000", "f95__excee": "0.43700000", "m2__m_": "0.05400000", "s2__m_": "0.05700000", "msf__m_": "0.04500000", "tidal_addi": "0.16700000", "spring_tid": "-0.07700000", "neap_tidal": "-0.04200000", "tidal_redu": "-0.07700000", "shwl__mmsl": "2.26500000", "slwl__mmsl": "0.36000000", "comment": "Datum Problem or, Problem in Gauge Zero Value. SHWL seems Ok, but SLWL misbalances the SLWL pattern of the river profile. So, SLWL is being ignored in contour map creation.", "updated_at": "2023-12-19 11:16:12.6216", "updated_by": "osk", "observed_y": 27, "class_of_r": "I", "flow_statu": "Perennial", "islwl": "-", "exceedance": 2, "exceedan_1": 2.1, "exceedan_2": 95, "exceedan_3": 0.44, "spring_red": -0.08, "neap_reduc": -0.04, "final_redu": -0.08, "shwl__mm_1": "-", "slwl__mm_1": "-", "used_for_s": 0, "used_fo_01": 0}}, {"type": "Feature", "id": 216, "geometry": {"type": "Point", "coordinates": [91.13974960148335, 22.24851880222559]}, "properties": {"gid": 216, "objectid": 222, "organizati": "BWDB", "station_id": "SW321", "wl_station": "Hatiya", "st_name": "SW321 (Hatiya)", "river_name": "Hatiya", "district": "Noakhali", "upazila": "Hatiya", "region": "South-East", "tidal_stat": "Tidal", "latitude": 22.24851884, "longitude": 91.13974959000001, "btm_x": 617728.01, "btm_y": 460483.56, "sob_effect": "2021-04-01 00:00:00", "sob_conver": "0.46000000", "pwd_cd": "-", "msl": "-", "f5__exceed": "2.81100000", "f95__excee": "0.71800000", "m2__m_": "1.05800000", "s2__m_": "0.92700000", "msf__m_": "0.12100000", "tidal_addi": "2.30600000", "spring_tid": "-2.06300000", "neap_tidal": "-0.26500000", "tidal_redu": "-2.06300000", "shwl__mmsl": "5.11600000", "slwl__mmsl": "-1.34500000", "comment": "From Sept'2020, there may be a chance of changing gauge location. Besides, the estimated SHWL for the station seems very high, may be for errorneous gauge zero value.", "updated_at": "2023-12-19 11:16:12.6216", "updated_by": "osk", "observed_y": 27, "class_of_r": "Unclassified", "flow_statu": "Perennial", "islwl": "-", "exceedance": 2, "exceedan_1": 2.81, "exceedan_2": 95, "exceedan_3": 0.7200000000000001, "spring_red": -2.06, "neap_reduc": -0.27, "final_redu": -2.06, "shwl__mm_1": "-", "slwl__mm_1": "-", "used_for_s": 0, "used_fo_01": 0}}, {"type": "Feature", "id": 217, "geometry": {"type": "Point", "coordinates": [90.46437690407038, 22.974029302597046]}, "properties": {"gid": 217, "objectid": 223, "organizati": "BWDB", "station_id": "SW323", "wl_station": "Abupur", "st_name": "SW323 (Abupur)", "river_name": "Naya Bhangani", "district": "Barisal", "upazila": "Hizla", "region": "South-West", "tidal_stat": "Tidal", "latitude": 22.97402927, "longitude": 90.46437687, "btm_x": 547882.73, "btm_y": 540425.75, "sob_effect": "2023-01-01 00:00:00", "sob_conver": "-0.92000000", "pwd_cd": "-", "msl": "-", "f5__exceed": "1.54800000", "f95__excee": "-0.31400000", "m2__m_": "0.14600000", "s2__m_": "0.03800000", "msf__m_": "0.14900000", "tidal_addi": "0.35200000", "spring_tid": "-0.05300000", "neap_tidal": "-0.26800000", "tidal_redu": "-0.26800000", "shwl__mmsl": "1.90000000", "slwl__mmsl": "-0.58200000", "comment": "Datum Problem or, Problem in Gauge Zero Value. SHWL seems Ok, but SLWL misbalances the SLWL pattern of the river profile. So, SLWL is being ignored in contour map creation.", "updated_at": "2023-12-19 11:16:12.6216", "updated_by": "osk", "observed_y": 27, "class_of_r": "II", "flow_statu": "Perennial", "islwl": "-", "exceedance": 2, "exceedan_1": 1.55, "exceedan_2": 95, "exceedan_3": -0.31, "spring_red": -0.05, "neap_reduc": -0.27, "final_redu": -0.27, "shwl__mm_1": "-", "slwl__mm_1": "-", "used_for_s": 0, "used_fo_01": 0}}, {"type": "Feature", "id": 218, "geometry": {"type": "Point", "coordinates": [89.54706900566816, 24.687445007264614]}, "properties": {"gid": 218, "objectid": 224, "organizati": "BWDB", "station_id": "SW324", "wl_station": "Dhunot", "st_name": "SW324 (Dhunot)", "river_name": "Old Bangali", "district": "Bogura", "upazila": "Dhunot", "region": "North-West", "tidal_stat": "Non-Tidal (Non Flashy)", "latitude": 24.687445, "longitude": 89.547069, "btm_x": 454463.59, "btm_y": 730119.44, "sob_effect": "2022-11-01 00:00:00", "sob_conver": "-0.52000000", "pwd_cd": "-", "msl": "-", "f5__exceed": "13.45300000", "f95__excee": "9.37900000", "m2__m_": "0.00000000", "s2__m_": "0.00000000", "msf__m_": "0.00000000", "tidal_addi": "0.00000000", "spring_tid": "0.00000000", "neap_tidal": "0.00000000", "tidal_redu": "0.00000000", "shwl__mmsl": "13.45300000", "slwl__mmsl": "9.37900000", "comment": "-", "updated_at": "2023-12-19 11:16:12.6216", "updated_by": "osk", "observed_y": 24, "class_of_r": "Unclassified", "flow_statu": "Seasonal", "islwl": "-", "exceedance": 2, "exceedan_1": 13.45, "exceedan_2": 95, "exceedan_3": 9.38, "spring_red": 0, "neap_reduc": 0, "final_redu": 0, "shwl__mm_1": "-", "slwl__mm_1": "-", "used_for_s": 1, "used_fo_01": 1}}, {"type": "Feature", "id": 219, "geometry": {"type": "Point", "coordinates": [90.51789800077677, 25.149821005761623]}, "properties": {"gid": 219, "objectid": 218, "organizati": "BWDB", "station_id": "SW314", "wl_station": "Ghosegaon", "st_name": "SW314 (Ghosegaon)", "river_name": "Nitai", "district": "Mymensingh", "upazila": "Dhobaura", "region": "North-East", "tidal_stat": "Non-Tidal (Flashy)", "latitude": 25.149821, "longitude": 90.51789799999999, "btm_x": 552481.04, "btm_y": 781341.32, "sob_effect": "2022-01-01 00:00:00", "sob_conver": "-0.04800000", "pwd_cd": "-", "msl": "-", "f5__exceed": "15.40", "f95__excee": "11.92", "m2__m_": "0.00000000", "s2__m_": "0.00000000", "msf__m_": "0.00000000", "tidal_addi": "0.00000000", "spring_tid": "0.00000000", "neap_tidal": "0.00000000", "tidal_redu": "0.00000000", "shwl__mmsl": "15.40", "slwl__mmsl": "11.92", "comment": "-", "updated_at": "2024-02-05 14:43:03.912587", "updated_by": "Arif", "observed_y": 27, "class_of_r": "Unclassified", "flow_statu": "Seasonal", "islwl": "-", "exceedance": 2, "exceedan_1": 15.18, "exceedan_2": 95, "exceedan_3": 11.92, "spring_red": 0, "neap_reduc": 0, "final_redu": 0, "shwl__mm_1": "-", "slwl__mm_1": "-", "used_for_s": 1, "used_fo_01": 1}}, {"type": "Feature", "id": 220, "geometry": {"type": "Point", "coordinates": [92.3377760052681, 25.053286001086235]}, "properties": {"gid": 220, "objectid": 227, "organizati": "BWDB", "station_id": "SW326A", "wl_station": "Borogram", "st_name": "SW326A (Borogram)", "river_name": "Lubachara", "district": "Sylhet", "upazila": "Kanairghat", "region": "North-East", "tidal_stat": "Non-Tidal (Flashy)", "latitude": 25.053286, "longitude": 92.337776, "btm_x": 736126.47, "btm_y": 772589.98, "sob_effect": "2022-01-01 00:00:00", "sob_conver": "-0.75900000", "pwd_cd": "-", "msl": "-", "f5__exceed": "14.09900000", "f95__excee": "4.74300000", "m2__m_": "0.00000000", "s2__m_": "0.00000000", "msf__m_": "0.00000000", "tidal_addi": "0.00000000", "spring_tid": "0.00000000", "neap_tidal": "0.00000000", "tidal_redu": "0.00000000", "shwl__mmsl": "14.09900000", "slwl__mmsl": "4.74300000", "comment": "-", "updated_at": "2023-12-19 11:16:12.6216", "updated_by": "osk", "observed_y": 10, "class_of_r": "IV", "flow_statu": "Seasonal", "islwl": "-", "exceedance": 2, "exceedan_1": 14.1, "exceedan_2": 95, "exceedan_3": 4.74, "spring_red": 0, "neap_reduc": 0, "final_redu": 0, "shwl__mm_1": "-", "slwl__mm_1": "-", "used_for_s": 1, "used_fo_01": 1}}, {"type": "Feature", "id": 221, "geometry": {"type": "Point", "coordinates": [89.86618000268936, 25.615756005048752]}, "properties": {"gid": 221, "objectid": 228, "organizati": "BWDB", "station_id": "SW327", "wl_station": "Boalmari", "st_name": "SW327 (Boalmari)", "river_name": "Nil Jinjiram", "district": "Kurigram", "upazila": "Raumari", "region": "North-Central", "tidal_stat": "Non-Tidal (Non Flashy)", "latitude": 25.615756, "longitude": 89.86618, "btm_x": 486848.05, "btm_y": 832842.43, "sob_effect": "2022-03-01 00:00:00", "sob_conver": "-1.00100000", "pwd_cd": "-", "msl": "-", "f5__exceed": "24.25800000", "f95__excee": "20.02400000", "m2__m_": "0.00000000", "s2__m_": "0.00000000", "msf__m_": "0.00000000", "tidal_addi": "0.00000000", "spring_tid": "0.00000000", "neap_tidal": "0.00000000", "tidal_redu": "0.00000000", "shwl__mmsl": "24.25800000", "slwl__mmsl": "20.02400000", "comment": "-", "updated_at": "2023-12-19 11:16:12.6216", "updated_by": "osk", "observed_y": 26, "class_of_r": "Unclassified", "flow_statu": "Seasonal", "islwl": "-", "exceedance": 2, "exceedan_1": 24.26, "exceedan_2": 95, "exceedan_3": 20.02, "spring_red": 0, "neap_reduc": 0, "final_redu": 0, "shwl__mm_1": "-", "slwl__mm_1": "-", "used_for_s": 1, "used_fo_01": 1}}, {"type": "Feature", "id": 222, "geometry": {"type": "Point", "coordinates": [90.44574100524187, 23.140569001436234]}, "properties": {"gid": 222, "objectid": 229, "organizati": "BWDB", "station_id": "SW329", "wl_station": "Damudya", "st_name": "SW329 (Damudya)", "river_name": "Damudya Khal", "district": "Shariatpur", "upazila": "Damudya", "region": "South-West", "tidal_stat": "Tidal", "latitude": 23.140569, "longitude": 90.445741, "btm_x": 545916.33, "btm_y": 558856.1, "sob_effect": "2023-01-01 00:00:00", "sob_conver": "-0.46000000", "pwd_cd": "-", "msl": "-", "f5__exceed": "2.73500000", "f95__excee": "0.47100000", "m2__m_": "0.34400000", "s2__m_": "0.08700000", "msf__m_": "0.09300000", "tidal_addi": "0.56800000", "spring_tid": "-0.38200000", "neap_tidal": "-0.37600000", "tidal_redu": "-0.38200000", "shwl__mmsl": "3.30200000", "slwl__mmsl": "0.08900000", "comment": "SHWL & SLWL determined for this station are not useable for contour map creation and also for any analysis due to very limited period of data (Aug'2020 to 2022)", "updated_at": "2023-12-19 11:16:12.6216", "updated_by": "osk", "observed_y": 3, "class_of_r": "II", "flow_statu": "Perennial", "islwl": "-", "exceedance": 2, "exceedan_1": 2.74, "exceedan_2": 95, "exceedan_3": 0.47000000000000003, "spring_red": -0.38, "neap_reduc": -0.38, "final_redu": -0.38, "shwl__mm_1": "-", "slwl__mm_1": "-", "used_for_s": 0, "used_fo_01": 0}}, {"type": "Feature", "id": 223, "geometry": {"type": "Point", "coordinates": [91.10020900517702, 23.7520290017128]}, "properties": {"gid": 223, "objectid": 230, "organizati": "BWDB", "station_id": "SW330", "wl_station": "Bijni Rly. Bridge", "st_name": "SW330 (Bijni Rly. Bridge)", "river_name": "Bijni", "district": "Brahmanbaria", "upazila": "Kasba", "region": "South-East", "tidal_stat": "Non-Tidal (Non Flashy)", "latitude": 23.752029, "longitude": 91.100209, "btm_x": 612404.2, "btm_y": 626911.69, "sob_effect": null, "sob_conver": "0.00000000", "pwd_cd": "-", "msl": "-", "f5__exceed": "0.00000000", "f95__excee": "0.00000000", "m2__m_": "0.00000000", "s2__m_": "0.00000000", "msf__m_": "0.00000000", "tidal_addi": "0.00000000", "spring_tid": "0.00000000", "neap_tidal": "0.00000000", "tidal_redu": "0.00000000", "shwl__mmsl": "0.00000000", "slwl__mmsl": "0.00000000", "comment": "mPWD to mMSL relation factor was not found from BWDB yet.", "updated_at": "2023-12-19 11:16:12.6216", "updated_by": "osk", "observed_y": 25, "class_of_r": "Unclassified", "flow_statu": "Seasonal", "islwl": "-", "exceedance": 2, "exceedan_1": 0, "exceedan_2": 95, "exceedan_3": 0, "spring_red": 0, "neap_reduc": 0, "final_redu": 0, "shwl__mm_1": "-", "slwl__mm_1": "-", "used_for_s": 0, "used_fo_01": 0}}, {"type": "Feature", "id": 224, "geometry": {"type": "Point", "coordinates": [88.86619800329208, 26.230507001280785]}, "properties": {"gid": 224, "objectid": 231, "organizati": "BWDB", "station_id": "SW331", "wl_station": "Uttar Gomanati", "st_name": "SW331 (Uttar Gomanati)", "river_name": "Buri Teesta", "district": "Nilphamari", "upazila": "Dimla", "region": "North-West", "tidal_stat": "Non-Tidal (Flashy)", "latitude": 26.230507, "longitude": 88.866198, "btm_x": 387034.05, "btm_y": 901409.47, "sob_effect": "2022-11-01 00:00:00", "sob_conver": "0.66000000", "pwd_cd": "-", "msl": "-", "f5__exceed": "58.93400000", "f95__excee": "56.70900000", "m2__m_": "0.00000000", "s2__m_": "0.00000000", "msf__m_": "0.00000000", "tidal_addi": "0.00000000", "spring_tid": "0.00000000", "neap_tidal": "0.00000000", "tidal_redu": "0.00000000", "shwl__mmsl": "58.93400000", "slwl__mmsl": "56.70900000", "comment": "-", "updated_at": "2023-12-19 11:16:12.6216", "updated_by": "osk", "observed_y": 27, "class_of_r": "Unclassified", "flow_statu": "Seasonal", "islwl": "-", "exceedance": 2, "exceedan_1": 58.93, "exceedan_2": 95, "exceedan_3": 56.71, "spring_red": 0, "neap_reduc": 0, "final_redu": 0, "shwl__mm_1": "-", "slwl__mm_1": "-", "used_for_s": 1, "used_fo_01": 1}}, {"type": "Feature", "id": 225, "geometry": {"type": "Point", "coordinates": [91.7525920048356, 25.136771000921726]}, "properties": {"gid": 225, "objectid": 232, "organizati": "BWDB", "station_id": "SW332", "wl_station": "Islampur", "st_name": "SW332 (Islampur)", "river_name": "Dhala", "district": "Sylhet", "upazila": "Companiganj", "region": "North-East", "tidal_stat": "Non-Tidal (Flashy)", "latitude": 25.136771, "longitude": 91.75259199999999, "btm_x": 676957.22, "btm_y": 780944.05, "sob_effect": "2022-01-01 00:00:00", "sob_conver": "-0.44500000", "pwd_cd": "-", "msl": "-", "f5__exceed": "11.06800000", "f95__excee": "5.34800000", "m2__m_": "0.00000000", "s2__m_": "0.00000000", "msf__m_": "0.00000000", "tidal_addi": "0.00000000", "spring_tid": "0.00000000", "neap_tidal": "0.00000000", "tidal_redu": "0.00000000", "shwl__mmsl": "11.06800000", "slwl__mmsl": "5.34800000", "comment": "-", "updated_at": "2023-12-19 11:16:12.6216", "updated_by": "osk", "observed_y": 27, "class_of_r": "V", "flow_statu": "Seasonal", "islwl": "-", "exceedance": 2, "exceedan_1": 11.07, "exceedan_2": 95, "exceedan_3": 5.35, "spring_red": 0, "neap_reduc": 0, "final_redu": 0, "shwl__mm_1": "-", "slwl__mm_1": "-", "used_for_s": 1, "used_fo_01": 1}}, {"type": "Feature", "id": 226, "geometry": {"type": "Point", "coordinates": [91.39087800681591, 25.110526002943516]}, "properties": {"gid": 226, "objectid": 233, "organizati": "BWDB", "station_id": "SW333", "wl_station": "Muslimpur", "st_name": "SW333 (Muslimpur)", "river_name": "Jhalukhali", "district": "Sunamganj", "upazila": "Sunamganj Sadar", "region": "North-East", "tidal_stat": "Non-Tidal (Non Flashy)", "latitude": 25.110525999999997, "longitude": 91.390878, "btm_x": 640518.66, "btm_y": 777612.35, "sob_effect": "2018-03-01 00:00:00", "sob_conver": "-1.01100000", "pwd_cd": "-", "msl": "-", "f5__exceed": "7.69900000", "f95__excee": "0.88900000", "m2__m_": "0.00000000", "s2__m_": "0.00000000", "msf__m_": "0.00000000", "tidal_addi": "0.00000000", "spring_tid": "0.00000000", "neap_tidal": "0.00000000", "tidal_redu": "0.00000000", "shwl__mmsl": "7.69900000", "slwl__mmsl": "0.88900000", "comment": "-", "updated_at": "2023-12-19 11:16:12.6216", "updated_by": "osk", "observed_y": 27, "class_of_r": "IV", "flow_statu": "Perennial", "islwl": "-", "exceedance": 2, "exceedan_1": 7.7, "exceedan_2": 95, "exceedan_3": 0.89, "spring_red": 0, "neap_reduc": 0, "final_redu": 0, "shwl__mm_1": "-", "slwl__mm_1": "-", "used_for_s": 1, "used_fo_01": 1}}, {"type": "Feature", "id": 227, "geometry": {"type": "Point", "coordinates": [88.23745400458574, 25.819782003760338]}, "properties": {"gid": 227, "objectid": 236, "organizati": "BWDB", "station_id": "SW335", "wl_station": "Bhutdangi", "st_name": "SW335 (Bhutdangi)", "river_name": "Kulik", "district": "Thakurgaon", "upazila": "Haripur", "region": "North-West", "tidal_stat": "Non-Tidal (Non Flashy)", "latitude": 25.819782, "longitude": 88.237454, "btm_x": 323607.81, "btm_y": 856612.98, "sob_effect": "2022-11-01 00:00:00", "sob_conver": "1.34000000", "pwd_cd": "-", "msl": "-", "f5__exceed": "39.42100000", "f95__excee": "34.99600000", "m2__m_": "0.00000000", "s2__m_": "0.00000000", "msf__m_": "0.00000000", "tidal_addi": "0.00000000", "spring_tid": "0.00000000", "neap_tidal": "0.00000000", "tidal_redu": "0.00000000", "shwl__mmsl": "39.42100000", "slwl__mmsl": "34.99600000", "comment": "-", "updated_at": "2023-12-19 11:16:12.6216", "updated_by": "osk", "observed_y": 27, "class_of_r": "Unclassified", "flow_statu": "Seasonal", "islwl": "-", "exceedance": 2, "exceedan_1": 39.42, "exceedan_2": 95, "exceedan_3": 35, "spring_red": 0, "neap_reduc": 0, "final_redu": 0, "shwl__mm_1": "-", "slwl__mm_1": "-", "used_for_s": 1, "used_fo_01": 1}}, {"type": "Feature", "id": 228, "geometry": {"type": "Point", "coordinates": [88.10629600286484, 25.870699003338814]}, "properties": {"gid": 228, "objectid": 237, "organizati": "BWDB", "station_id": "SW336", "wl_station": "Bujruk", "st_name": "SW336 (Bujruk)", "river_name": "Nagar (NW border)", "district": "Thakurgaon", "upazila": "Haripur", "region": "North-West", "tidal_stat": "Non-Tidal (Non Flashy)", "latitude": 25.870699, "longitude": 88.106296, "btm_x": 310539.08, "btm_y": 862436.28, "sob_effect": "2022-11-01 00:00:00", "sob_conver": "0.43000000", "pwd_cd": "-", "msl": "-", "f5__exceed": "38.01100000", "f95__excee": "34.43000000", "m2__m_": "0.00000000", "s2__m_": "0.00000000", "msf__m_": "0.00000000", "tidal_addi": "0.00000000", "spring_tid": "0.00000000", "neap_tidal": "0.00000000", "tidal_redu": "0.00000000", "shwl__mmsl": "38.01100000", "slwl__mmsl": "34.43000000", "comment": "-", "updated_at": "2023-12-19 11:16:12.6216", "updated_by": "osk", "observed_y": 27, "class_of_r": "Unclassified", "flow_statu": "Seasonal", "islwl": "-", "exceedance": 2, "exceedan_1": 38.01, "exceedan_2": 95, "exceedan_3": 34.43, "spring_red": 0, "neap_reduc": 0, "final_redu": 0, "shwl__mm_1": "-", "slwl__mm_1": "-", "used_for_s": 1, "used_fo_01": 1}}, {"type": "Feature", "id": 229, "geometry": {"type": "Point", "coordinates": [91.59374000132084, 25.120815001428127]}, "properties": {"gid": 229, "objectid": 238, "organizati": "BWDB", "station_id": "SW337", "wl_station": "Urargaon", "st_name": "SW337 (Urargaon)", "river_name": "Noyagang", "district": "Sunamganj", "upazila": "Dowarabazar", "region": "North-East", "tidal_stat": "Non-Tidal (Flashy)", "latitude": 25.120815, "longitude": 91.59374, "btm_x": 660961.91, "btm_y": 778978.08, "sob_effect": "2022-01-01 00:00:00", "sob_conver": "-0.97400000", "pwd_cd": "-", "msl": "-", "f5__exceed": "10.22500000", "f95__excee": "6.71300000", "m2__m_": "0.00000000", "s2__m_": "0.00000000", "msf__m_": "0.00000000", "tidal_addi": "0.00000000", "spring_tid": "0.00000000", "neap_tidal": "0.00000000", "tidal_redu": "0.00000000", "shwl__mmsl": "10.22500000", "slwl__mmsl": "6.71300000", "comment": "-", "updated_at": "2023-12-19 11:16:12.6216", "updated_by": "osk", "observed_y": 19, "class_of_r": "IV", "flow_statu": "Seasonal", "islwl": "-", "exceedance": 2, "exceedan_1": 10.23, "exceedan_2": 95, "exceedan_3": 6.71, "spring_red": 0, "neap_reduc": 0, "final_redu": 0, "shwl__mm_1": "-", "slwl__mm_1": "-", "used_for_s": 1, "used_fo_01": 1}}, {"type": "Feature", "id": 230, "geometry": {"type": "Point", "coordinates": [88.16880700737238, 24.733976006507874]}, "properties": {"gid": 230, "objectid": 239, "organizati": "BWDB", "station_id": "SW338", "wl_station": "Cansart", "st_name": "SW338 (Cansart)", "river_name": "Pagla", "district": "Nawabganj", "upazila": "Shibganj", "region": "North-West", "tidal_stat": "Non-Tidal (Non Flashy)", "latitude": 24.733976, "longitude": 88.168807, "btm_x": 315083.42, "btm_y": 736434.41, "sob_effect": "2022-11-01 00:00:00", "sob_conver": "-0.51000000", "pwd_cd": "-", "msl": "-", "f5__exceed": "21.30300000", "f95__excee": "15.58000000", "m2__m_": "0.00000000", "s2__m_": "0.00000000", "msf__m_": "0.00000000", "tidal_addi": "0.00000000", "spring_tid": "0.00000000", "neap_tidal": "0.00000000", "tidal_redu": "0.00000000", "shwl__mmsl": "21.30300000", "slwl__mmsl": "15.58000000", "comment": "-", "updated_at": "2023-12-19 11:16:12.6216", "updated_by": "osk", "observed_y": 25, "class_of_r": "Unclassified", "flow_statu": "Seasonal", "islwl": "-", "exceedance": 2, "exceedan_1": 21.3, "exceedan_2": 95, "exceedan_3": 15.58, "spring_red": 0, "neap_reduc": 0, "final_redu": 0, "shwl__mm_1": "-", "slwl__mm_1": "-", "used_for_s": 1, "used_fo_01": 1}}, {"type": "Feature", "id": 231, "geometry": {"type": "Point", "coordinates": [88.20578800141811, 24.568988002836704]}, "properties": {"gid": 231, "objectid": 240, "organizati": "BWDB", "station_id": "SW338.5", "wl_station": "Ramkrishnapur", "st_name": "SW338.5 (Ramkrishnapur)", "river_name": "Pagla", "district": "Nawabganj", "upazila": "Shibganj", "region": "North-West", "tidal_stat": "Non-Tidal (Non Flashy)", "latitude": 24.568988, "longitude": 88.205788, "btm_x": 318585.6, "btm_y": 718111.1, "sob_effect": "2022-11-01 00:00:00", "sob_conver": "-1.13000000", "pwd_cd": "-", "msl": "-", "f5__exceed": "20.53700000", "f95__excee": "11.80800000", "m2__m_": "0.00000000", "s2__m_": "0.00000000", "msf__m_": "0.00000000", "tidal_addi": "0.00000000", "spring_tid": "0.00000000", "neap_tidal": "0.00000000", "tidal_redu": "0.00000000", "shwl__mmsl": "20.53700000", "slwl__mmsl": "11.80800000", "comment": "-", "updated_at": "2023-12-19 11:16:12.6216", "updated_by": "osk", "observed_y": 24, "class_of_r": "Unclassified", "flow_statu": "Perennial", "islwl": "-", "exceedance": 2, "exceedan_1": 20.54, "exceedan_2": 95, "exceedan_3": 11.81, "spring_red": 0, "neap_reduc": 0, "final_redu": 0, "shwl__mm_1": "-", "slwl__mm_1": "-", "used_for_s": 1, "used_fo_01": 1}}, {"type": "Feature", "id": 232, "geometry": {"type": "Point", "coordinates": [91.15602900087833, 23.67178700119257]}, "properties": {"gid": 232, "objectid": 241, "organizati": "BWDB", "station_id": "SW339", "wl_station": "Salda Rly. Bridge", "st_name": "SW339 (Salda Rly. Bridge)", "river_name": "Salda", "district": "Cumilla", "upazila": "Brahmanpara", "region": "South-East", "tidal_stat": "Non-Tidal (Non Flashy)", "latitude": 23.671787000000002, "longitude": 91.156029, "btm_x": 618165.34, "btm_y": 618072.07, "sob_effect": "2021-11-01 00:00:00", "sob_conver": "-0.50000000", "pwd_cd": "-", "msl": "-", "f5__exceed": "5.88800000", "f95__excee": "2.12000000", "m2__m_": "0.00000000", "s2__m_": "0.00000000", "msf__m_": "0.00000000", "tidal_addi": "0.00000000", "spring_tid": "0.00000000", "neap_tidal": "0.00000000", "tidal_redu": "0.00000000", "shwl__mmsl": "5.88800000", "slwl__mmsl": "2.12000000", "comment": "-", "updated_at": "2023-12-19 11:16:12.6216", "updated_by": "osk", "observed_y": 27, "class_of_r": "Unclassified", "flow_statu": "Perennial", "islwl": "-", "exceedance": 2, "exceedan_1": 5.89, "exceedan_2": 95, "exceedan_3": 2.12, "spring_red": 0, "neap_reduc": 0, "final_redu": 0, "shwl__mm_1": "-", "slwl__mm_1": "-", "used_for_s": 1, "used_fo_01": 1}}, {"type": "Feature", "id": 233, "geometry": {"type": "Point", "coordinates": [91.26965030282736, 23.335342705249786]}, "properties": {"gid": 233, "objectid": 235, "organizati": "BWDB", "station_id": "SW334", "wl_station": "Miar Bazar", "st_name": "SW334 (Miar Bazar)", "river_name": "Kakri", "district": "Cumilla", "upazila": "Chauddagram", "region": "South-East", "tidal_stat": "Non-Tidal (Flashy)", "latitude": 23.33534271, "longitude": 91.26965031, "btm_x": 630081.94, "btm_y": 580917.92, "sob_effect": "2021-01-09", "sob_conver": "-0.93", "pwd_cd": null, "msl": null, "f5__exceed": "8.36300000", "f95__excee": "5.03700000", "m2__m_": "0.00000000", "s2__m_": "0.00000000", "msf__m_": "0.00000000", "tidal_addi": "0.00000000", "spring_tid": "0.00000000", "neap_tidal": "0.00000000", "tidal_redu": "0.00000000", "shwl__mmsl": "8.36300000", "slwl__mmsl": "5.03700000", "comment": "-", "updated_at": "2023-12-19 11:16:12.6216", "updated_by": "osk", "observed_y": 27, "class_of_r": "IV", "flow_statu": "Seasonal", "islwl": "-", "exceedance": 2, "exceedan_1": 8.36, "exceedan_2": 95, "exceedan_3": 5.04, "spring_red": 0, "neap_reduc": 0, "final_redu": 0, "shwl__mm_1": "-", "slwl__mm_1": "-", "used_for_s": 1, "used_fo_01": 1}}, {"type": "Feature", "id": 234, "geometry": {"type": "Point", "coordinates": [91.66966300457716, 25.124773003160954]}, "properties": {"gid": 234, "objectid": 244, "organizati": "BWDB", "station_id": "SW341", "wl_station": "Chella Sonapur", "st_name": "SW341 (Chella Sonapur)", "river_name": "Omayan Chella", "district": "Sunamganj", "upazila": "Dowarabazar", "region": "North-East", "tidal_stat": "Non-Tidal (Flashy)", "latitude": 25.124773, "longitude": 91.669663, "btm_x": 668612.29, "btm_y": 779509.05, "sob_effect": "2022-01-01 00:00:00", "sob_conver": "-0.46400000", "pwd_cd": "-", "msl": "-", "f5__exceed": "10.36600000", "f95__excee": "4.35000000", "m2__m_": "0.00000000", "s2__m_": "0.00000000", "msf__m_": "0.00000000", "tidal_addi": "0.00000000", "spring_tid": "0.00000000", "neap_tidal": "0.00000000", "tidal_redu": "0.00000000", "shwl__mmsl": "10.36600000", "slwl__mmsl": "4.35000000", "comment": "-", "updated_at": "2023-12-19 11:16:12.6216", "updated_by": "osk", "observed_y": 21, "class_of_r": "IV", "flow_statu": "Seasonal", "islwl": "-", "exceedance": 2, "exceedan_1": 10.37, "exceedan_2": 95, "exceedan_3": 4.35, "spring_red": 0, "neap_reduc": 0, "final_redu": 0, "shwl__mm_1": "-", "slwl__mm_1": "-", "used_for_s": 1, "used_fo_01": 1}}, {"type": "Feature", "id": 235, "geometry": {"type": "Point", "coordinates": [89.89904500544071, 24.488162003457546]}, "properties": {"gid": 235, "objectid": 245, "organizati": "BWDB", "station_id": "SW342", "wl_station": "Nolsafa", "st_name": "SW342 (Nolsafa)", "river_name": "Futikjani", "district": "Tangail", "upazila": "Ghatail", "region": "North-Central", "tidal_stat": "Non-Tidal (Non Flashy)", "latitude": 24.488162, "longitude": 89.899045, "btm_x": 490054.56, "btm_y": 707982.6, "sob_effect": "2022-01-01 00:00:00", "sob_conver": "-0.52300000", "pwd_cd": "-", "msl": "-", "f5__exceed": "11.63600000", "f95__excee": "5.69600000", "m2__m_": "0.00000000", "s2__m_": "0.00000000", "msf__m_": "0.00000000", "tidal_addi": "0.00000000", "spring_tid": "0.00000000", "neap_tidal": "0.00000000", "tidal_redu": "0.00000000", "shwl__mmsl": "11.63600000", "slwl__mmsl": "5.69600000", "comment": "-", "updated_at": "2023-12-19 11:16:12.6216", "updated_by": "osk", "observed_y": 24, "class_of_r": "IV", "flow_statu": "Seasonal", "islwl": "-", "exceedance": 2, "exceedan_1": 11.64, "exceedan_2": 95, "exceedan_3": 5.7, "spring_red": 0, "neap_reduc": 0, "final_redu": 0, "shwl__mm_1": "-", "slwl__mm_1": "-", "used_for_s": 1, "used_fo_01": 1}}, {"type": "Feature", "id": 236, "geometry": {"type": "Point", "coordinates": [89.87490300089121, 24.468877002596855]}, "properties": {"gid": 236, "objectid": 246, "organizati": "BWDB", "station_id": "SW343.5", "wl_station": "Bhuiyanpur d/s", "st_name": "SW343.5 (Bhuiyanpur ds)", "river_name": "Futikjani", "district": "Tangail", "upazila": "Bhuapur", "region": "North-Central", "tidal_stat": "Non-Tidal (Non Flashy)", "latitude": 24.468877000000003, "longitude": 89.874903, "btm_x": 487606.48, "btm_y": 705849.36, "sob_effect": "2022-06-01 00:00:00", "sob_conver": "-0.38100000", "pwd_cd": "-", "msl": "-", "f5__exceed": "11.62500000", "f95__excee": "6.82200000", "m2__m_": "0.00000000", "s2__m_": "0.00000000", "msf__m_": "0.00000000", "tidal_addi": "0.00000000", "spring_tid": "0.00000000", "neap_tidal": "0.00000000", "tidal_redu": "0.00000000", "shwl__mmsl": "11.62500000", "slwl__mmsl": "6.82200000", "comment": "There exists long time data gap from 2010 to 2012 and 2018 to 2020. WL is fully controlled by nearby 'Bhuiyanpur Sluicegate'.", "updated_at": "2023-12-19 11:16:12.6216", "updated_by": "osk", "observed_y": 22, "class_of_r": "Unclassified", "flow_statu": "Seasonal", "islwl": "-", "exceedance": 2, "exceedan_1": 11.63, "exceedan_2": 95, "exceedan_3": 6.82, "spring_red": 0, "neap_reduc": 0, "final_redu": 0, "shwl__mm_1": "-", "slwl__mm_1": "-", "used_for_s": 0, "used_fo_01": 0}}, {"type": "Feature", "id": 237, "geometry": {"type": "Point", "coordinates": [90.86474200338125, 24.68885300308466]}, "properties": {"gid": 237, "objectid": 247, "organizati": "BWDB", "station_id": "SW344", "wl_station": "Ghog Bazar", "st_name": "SW344 (Ghog Bazar)", "river_name": "Saiduli Baruni", "district": "Netrokona", "upazila": "Kendua", "region": "North-East", "tidal_stat": "Non-Tidal (Non Flashy)", "latitude": 24.688853, "longitude": 90.86474199999999, "btm_x": 587764.43, "btm_y": 730475.44, "sob_effect": "2022-01-01 00:00:00", "sob_conver": "-1.00000000", "pwd_cd": "-", "msl": "-", "f5__exceed": "6.95800000", "f95__excee": "0.40400000", "m2__m_": "0.00000000", "s2__m_": "0.00000000", "msf__m_": "0.00000000", "tidal_addi": "0.00000000", "spring_tid": "0.00000000", "neap_tidal": "0.00000000", "tidal_redu": "0.00000000", "shwl__mmsl": "6.95800000", "slwl__mmsl": "0.40400000", "comment": "-", "updated_at": "2023-12-19 11:16:12.6216", "updated_by": "osk", "observed_y": 24, "class_of_r": "V", "flow_statu": "Seasonal", "islwl": "-", "exceedance": 2, "exceedan_1": 6.96, "exceedan_2": 95, "exceedan_3": 0.4, "spring_red": 0, "neap_reduc": 0, "final_redu": 0, "shwl__mm_1": "-", "slwl__mm_1": "-", "used_for_s": 1, "used_fo_01": 1}}, {"type": "Feature", "id": 238, "geometry": {"type": "Point", "coordinates": [91.26282900571823, 24.99652800709009]}, "properties": {"gid": 238, "objectid": 248, "organizati": "BWDB", "station_id": "SW345", "wl_station": "Durlavpur", "st_name": "SW345 (Durlavpur)", "river_name": "Surma-Noya", "district": "Sunamganj", "upazila": "Jamalganj", "region": "North-East", "tidal_stat": "Non-Tidal (Non Flashy)", "latitude": 24.996528, "longitude": 91.262829, "btm_x": 627724.57, "btm_y": 764860.63, "sob_effect": "2018-03-01 00:00:00", "sob_conver": "-0.55100000", "pwd_cd": "-", "msl": "-", "f5__exceed": "7.09000000", "f95__excee": "0.85100000", "m2__m_": "0.00000000", "s2__m_": "0.00000000", "msf__m_": "0.00000000", "tidal_addi": "0.00000000", "spring_tid": "0.00000000", "neap_tidal": "0.00000000", "tidal_redu": "0.00000000", "shwl__mmsl": "7.09000000", "slwl__mmsl": "0.85100000", "comment": "-", "updated_at": "2023-12-19 11:16:12.6216", "updated_by": "osk", "observed_y": 13, "class_of_r": "I", "flow_statu": "Perennial", "islwl": "-", "exceedance": 2, "exceedan_1": 7.09, "exceedan_2": 95, "exceedan_3": 0.8500000000000001, "spring_red": 0, "neap_reduc": 0, "final_redu": 0, "shwl__mm_1": "-", "slwl__mm_1": "-", "used_for_s": 1, "used_fo_01": 1}}, {"type": "Feature", "id": 239, "geometry": {"type": "Point", "coordinates": [88.95337200164795, 26.10690000653267]}, "properties": {"gid": 239, "objectid": 249, "organizati": "BWDB", "station_id": "SW346", "wl_station": "Pocharhat", "st_name": "SW346 (Pocharhat)", "river_name": "Buri Teesta", "district": "Nilphamari", "upazila": "Dimla", "region": "North-West", "tidal_stat": "Non-Tidal (Flashy)", "latitude": 26.1069, "longitude": 88.953372, "btm_x": 395631.72, "btm_y": 887645.92, "sob_effect": "2022-11-01 00:00:00", "sob_conver": "0.16000000", "pwd_cd": "-", "msl": "-", "f5__exceed": "49.17900000", "f95__excee": "47.00600000", "m2__m_": "0.00000000", "s2__m_": "0.00000000", "msf__m_": "0.00000000", "tidal_addi": "0.00000000", "spring_tid": "0.00000000", "neap_tidal": "0.00000000", "tidal_redu": "0.00000000", "shwl__mmsl": "49.17900000", "slwl__mmsl": "47.00600000", "comment": "-", "updated_at": "2023-12-19 11:16:12.6216", "updated_by": "osk", "observed_y": 24, "class_of_r": "V", "flow_statu": "Seasonal", "islwl": "-", "exceedance": 2, "exceedan_1": 49.18, "exceedan_2": 95, "exceedan_3": 47.01, "spring_red": 0, "neap_reduc": 0, "final_redu": 0, "shwl__mm_1": "-", "slwl__mm_1": "-", "used_for_s": 1, "used_fo_01": 1}}, {"type": "Feature", "id": 240, "geometry": {"type": "Point", "coordinates": [90.19541400671005, 25.085306003689766]}, "properties": {"gid": 240, "objectid": 250, "organizati": "BWDB", "station_id": "SW35", "wl_station": "Nalitabari", "st_name": "SW35 (Nalitabari)", "river_name": "Bhogai-Kangsa", "district": "Sherpur", "upazila": "Nalitabari", "region": "North-East", "tidal_stat": "Non-Tidal (Flashy)", "latitude": 25.085306, "longitude": 90.195414, "btm_x": 519989.02, "btm_y": 774111.6, "sob_effect": "2022-01-01 00:00:00", "sob_conver": "-0.23200000", "pwd_cd": "-", "msl": "-", "f5__exceed": "16.76400000", "f95__excee": "13.23800000", "m2__m_": "0.00000000", "s2__m_": "0.00000000", "msf__m_": "0.00000000", "tidal_addi": "0.00000000", "spring_tid": "0.00000000", "neap_tidal": "0.00000000", "tidal_redu": "0.00000000", "shwl__mmsl": "16.76400000", "slwl__mmsl": "13.23800000", "comment": "-", "updated_at": "2023-12-19 11:16:12.6216", "updated_by": "osk", "observed_y": 27, "class_of_r": "IV", "flow_statu": "Seasonal", "islwl": "-", "exceedance": 2, "exceedan_1": 16.76, "exceedan_2": 95, "exceedan_3": 13.24, "spring_red": 0, "neap_reduc": 0, "final_redu": 0, "shwl__mm_1": "-", "slwl__mm_1": "-", "used_for_s": 1, "used_fo_01": 1}}, {"type": "Feature", "id": 241, "geometry": {"type": "Point", "coordinates": [90.3586860075593, 24.997602000832558]}, "properties": {"gid": 241, "objectid": 251, "organizati": "BWDB", "station_id": "SW35.5", "wl_station": "Sarchapur_Mymensingh", "st_name": "SW35.5 (Sarchapur_Mymensingh)", "river_name": "Bhogai-Kangsa", "district": "Mymensingh", "upazila": "Phulpur", "region": "North-East", "tidal_stat": "Non-Tidal (Non Flashy)", "latitude": 24.997601999999997, "longitude": 90.35868599999999, "btm_x": 536479.08, "btm_y": 764433.92, "sob_effect": "2022-01-01 00:00:00", "sob_conver": "-0.90000000", "pwd_cd": "-", "msl": "-", "f5__exceed": "12.09700000", "f95__excee": "5.71000000", "m2__m_": "0.00000000", "s2__m_": "0.00000000", "msf__m_": "0.00000000", "tidal_addi": "0.00000000", "spring_tid": "0.00000000", "neap_tidal": "0.00000000", "tidal_redu": "0.00000000", "shwl__mmsl": "12.09700000", "slwl__mmsl": "5.71000000", "comment": "-", "updated_at": "2023-12-19 11:16:12.6216", "updated_by": "osk", "observed_y": 25, "class_of_r": "IV", "flow_statu": "Perennial", "islwl": "-", "exceedance": 2, "exceedan_1": 12.1, "exceedan_2": 95, "exceedan_3": 5.71, "spring_red": 0, "neap_reduc": 0, "final_redu": 0, "shwl__mm_1": "-", "slwl__mm_1": "-", "used_for_s": 1, "used_fo_01": 1}}, {"type": "Feature", "id": 242, "geometry": {"type": "Point", "coordinates": [90.33915820717812, 23.220584005117416]}, "properties": {"gid": 242, "objectid": 252, "organizati": "BWDB", "station_id": "SW350", "wl_station": "Rajnganj", "st_name": "SW350 (Rajnganj)", "river_name": "Kirtinasha", "district": "Shariatpur", "upazila": "Sariatpur Sadar", "region": "South-West", "tidal_stat": "Tidal", "latitude": 23.22058397, "longitude": 90.33915823, "btm_x": 534984.18, "btm_y": 567684.6, "sob_effect": "2023-01-01 00:00:00", "sob_conver": "-0.95000000", "pwd_cd": "-", "msl": "-", "f5__exceed": "4.08900000", "f95__excee": "0.48500000", "m2__m_": "0.08200000", "s2__m_": "0.05300000", "msf__m_": "0.13100000", "tidal_addi": "0.28000000", "spring_tid": "-0.01800000", "neap_tidal": "-0.16400000", "tidal_redu": "-0.16400000", "shwl__mmsl": "4.36900000", "slwl__mmsl": "0.32100000", "comment": "-", "updated_at": "2023-12-19 11:16:12.6216", "updated_by": "osk", "observed_y": 19, "class_of_r": "II", "flow_statu": "Perennial", "islwl": "-", "exceedance": 2, "exceedan_1": 4.09, "exceedan_2": 95, "exceedan_3": 0.49000000000000005, "spring_red": -0.02, "neap_reduc": -0.16, "final_redu": -0.16, "shwl__mm_1": "-", "slwl__mm_1": "-", "used_for_s": 1, "used_fo_01": 1}}, {"type": "Feature", "id": 243, "geometry": {"type": "Point", "coordinates": [90.65360000729561, 25.01060000061989]}, "properties": {"gid": 243, "objectid": 253, "organizati": "BWDB", "station_id": "SW36", "wl_station": "Jaria-Jhanjail", "st_name": "SW36 (Jaria-Jhanjail)", "river_name": "Bhogai-Kangsa", "district": "Netrokona", "upazila": "Purbadhala", "region": "North-East", "tidal_stat": "Non-Tidal (Non Flashy)", "latitude": 25.0106, "longitude": 90.6536, "btm_x": 566232.94, "btm_y": 765984.31, "sob_effect": "2018-05-16 00:00:00", "sob_conver": "-1.07200000", "pwd_cd": "-", "msl": "-", "f5__exceed": "9.60800000", "f95__excee": "3.19300000", "m2__m_": "0.00000000", "s2__m_": "0.00000000", "msf__m_": "0.00000000", "tidal_addi": "0.00000000", "spring_tid": "0.00000000", "neap_tidal": "0.00000000", "tidal_redu": "0.00000000", "shwl__mmsl": "9.60800000", "slwl__mmsl": "3.19300000", "comment": "-", "updated_at": "2023-12-19 11:16:12.6216", "updated_by": "osk", "observed_y": 27, "class_of_r": "IV", "flow_statu": "Perennial", "islwl": "-", "exceedance": 2, "exceedan_1": 9.61, "exceedan_2": 95, "exceedan_3": 3.19, "spring_red": 0, "neap_reduc": 0, "final_redu": 0, "shwl__mm_1": "-", "slwl__mm_1": "-", "used_for_s": 1, "used_fo_01": 1}}, {"type": "Feature", "id": 244, "geometry": {"type": "Point", "coordinates": [90.20771180093288, 22.640685603022575]}, "properties": {"gid": 244, "objectid": 255, "organizati": "BWDB", "station_id": "SW37", "wl_station": "Jhalokati", "st_name": "SW37 (Jhalokati)", "river_name": "Bishkhali", "district": "Jhalokathi", "upazila": "Jhalokati Sadar", "region": "South-West", "tidal_stat": "Tidal", "latitude": 22.640685649999998, "longitude": 90.20771178, "btm_x": 521626.01, "btm_y": 503465.52, "sob_effect": "2023-01-01 00:00:00", "sob_conver": "-0.69000000", "pwd_cd": "-", "msl": "-", "f5__exceed": "1.22000000", "f95__excee": "-0.19000000", "m2__m_": "0.37100000", "s2__m_": "0.09000000", "msf__m_": "0.11300000", "tidal_addi": "0.62000000", "spring_tid": "-0.39500000", "neap_tidal": "-0.42100000", "tidal_redu": "-0.42100000", "shwl__mmsl": "1.83900000", "slwl__mmsl": "-0.61100000", "comment": "Datum Problem or, Problem in Gauge Zero Value. Besides, WL pattern from 2005 to 2015 is totally abnormal  w.r.t. remaining data.", "updated_at": "2023-12-19 11:16:12.6216", "updated_by": "osk", "observed_y": 27, "class_of_r": "I", "flow_statu": "Perennial", "islwl": "-", "exceedance": 2, "exceedan_1": 1.22, "exceedan_2": 95, "exceedan_3": -0.19, "spring_red": -0.4, "neap_reduc": -0.42000000000000004, "final_redu": -0.42000000000000004, "shwl__mm_1": "-", "slwl__mm_1": "-", "used_for_s": 0, "used_fo_01": 0}}, {"type": "Feature", "id": 245, "geometry": {"type": "Point", "coordinates": [90.16456230729818, 22.41851370036602]}, "properties": {"gid": 245, "objectid": 256, "organizati": "BWDB", "station_id": "SW37.5", "wl_station": "Betagi", "st_name": "SW37.5 (Betagi)", "river_name": "Bishkhali", "district": "Barguna", "upazila": "Betagi", "region": "South-West", "tidal_stat": "Tidal", "latitude": 22.418513710000003, "longitude": 90.16456231000001, "btm_x": 517219.45, "btm_y": 478867.19, "sob_effect": "2023-01-01 00:00:00", "sob_conver": "-0.98000000", "pwd_cd": "-", "msl": "-", "f5__exceed": "1.20100000", "f95__excee": "-0.30500000", "m2__m_": "0.44800000", "s2__m_": "0.13700000", "msf__m_": "0.06800000", "tidal_addi": "0.71100000", "spring_tid": "-0.57600000", "neap_tidal": "-0.41000000", "tidal_redu": "-0.57600000", "shwl__mmsl": "1.91200000", "slwl__mmsl": "-0.88100000", "comment": "-", "updated_at": "2023-12-19 11:16:12.6216", "updated_by": "osk", "observed_y": 23, "class_of_r": "I", "flow_statu": "Perennial", "islwl": "-", "exceedance": 2, "exceedan_1": 1.2, "exceedan_2": 95, "exceedan_3": -0.31, "spring_red": -0.5800000000000001, "neap_reduc": -0.41000000000000003, "final_redu": -0.5800000000000001, "shwl__mm_1": "-", "slwl__mm_1": "-", "used_for_s": 1, "used_fo_01": 1}}, {"type": "Feature", "id": 246, "geometry": {"type": "Point", "coordinates": [90.09128250181675, 22.324296206235886]}, "properties": {"gid": 246, "objectid": 257, "organizati": "BWDB", "station_id": "SW38", "wl_station": "Bamna", "st_name": "SW38 (Bamna)", "river_name": "Bishkhali", "district": "Barguna", "upazila": "Bamna", "region": "South-West", "tidal_stat": "Tidal", "latitude": 22.32429616, "longitude": 90.09128253, "btm_x": 509684.22, "btm_y": 468431.81, "sob_effect": "2023-01-01 00:00:00", "sob_conver": "-1.04800000", "pwd_cd": "-", "msl": "-", "f5__exceed": "0.87800000", "f95__excee": "-0.64900000", "m2__m_": "0.55500000", "s2__m_": "0.17200000", "msf__m_": "0.07200000", "tidal_addi": "0.87100000", "spring_tid": "-0.72800000", "neap_tidal": "-0.49300000", "tidal_redu": "-0.72800000", "shwl__mmsl": "1.74900000", "slwl__mmsl": "-1.37700000", "comment": "-", "updated_at": "2023-12-19 11:16:12.6216", "updated_by": "osk", "observed_y": 27, "class_of_r": "I", "flow_statu": "Perennial", "islwl": "-", "exceedance": 2, "exceedan_1": 0.88, "exceedan_2": 95, "exceedan_3": -0.65, "spring_red": -0.73, "neap_reduc": -0.49000000000000005, "final_redu": -0.73, "shwl__mm_1": "-", "slwl__mm_1": "-", "used_for_s": 1, "used_fo_01": 1}}, {"type": "Feature", "id": 247, "geometry": {"type": "Point", "coordinates": [90.10500310361385, 22.15861090272665]}, "properties": {"gid": 247, "objectid": 258, "organizati": "BWDB", "station_id": "SW38.1", "wl_station": "Barguna", "st_name": "SW38.1 (Barguna)", "river_name": "Bishkhali", "district": "Barguna", "upazila": "Barguna Sadar", "region": "South-West", "tidal_stat": "Tidal", "latitude": 22.1586109, "longitude": 90.10500309000001, "btm_x": 511109.94, "btm_y": 450093.29, "sob_effect": "2023-01-01 00:00:00", "sob_conver": "-0.88000000", "pwd_cd": "-", "msl": "-", "f5__exceed": "0.92800000", "f95__excee": "-0.46800000", "m2__m_": "0.67500000", "s2__m_": "0.25500000", "msf__m_": "0.07900000", "tidal_addi": "1.10200000", "spring_tid": "-0.94500000", "neap_tidal": "-0.54100000", "tidal_redu": "-0.94500000", "shwl__mmsl": "2.03000000", "slwl__mmsl": "-1.41300000", "comment": "-", "updated_at": "2023-12-19 11:16:12.6216", "updated_by": "osk", "observed_y": 27, "class_of_r": "II", "flow_statu": "Perennial", "islwl": "-", "exceedance": 2, "exceedan_1": 0.93, "exceedan_2": 95, "exceedan_3": -0.47000000000000003, "spring_red": -0.9500000000000001, "neap_reduc": -0.54, "final_redu": -0.9500000000000001, "shwl__mm_1": "-", "slwl__mm_1": "-", "used_for_s": 1, "used_fo_01": 1}}, {"type": "Feature", "id": 248, "geometry": {"type": "Point", "coordinates": [89.35853400081396, 25.147620007395744]}, "properties": {"gid": 248, "objectid": 292, "organizati": "BWDB", "station_id": "SW63", "wl_station": "Chak-Rahimpur", "st_name": "SW63 (Chak-Rahimpur)", "river_name": "Deonai_Charalkata_Jamuneswari_Karatoa", "district": "Gaibandha", "upazila": "Gobindaganj", "region": "North-West", "tidal_stat": "Non-Tidal (Non Flashy)", "latitude": 25.14762, "longitude": 89.358534, "btm_x": 435630.66, "btm_y": 781151.15, "sob_effect": "2021-05-12 00:00:00", "sob_conver": "-1.43000000", "pwd_cd": "-", "msl": "-", "f5__exceed": "18.85700000", "f95__excee": "13.86800000", "m2__m_": "0.00000000", "s2__m_": "0.00000000", "msf__m_": "0.00000000", "tidal_addi": "0.00000000", "spring_tid": "0.00000000", "neap_tidal": "0.00000000", "tidal_redu": "0.00000000", "shwl__mmsl": "18.85700000", "slwl__mmsl": "13.86800000", "comment": "-", "updated_at": "2023-12-19 11:16:12.6216", "updated_by": "osk", "observed_y": 27, "class_of_r": "V", "flow_statu": "Perennial", "islwl": "-", "exceedance": 2, "exceedan_1": 18.86, "exceedan_2": 95, "exceedan_3": 13.87, "spring_red": 0, "neap_reduc": 0, "final_redu": 0, "shwl__mm_1": "-", "slwl__mm_1": "-", "used_for_s": 1, "used_fo_01": 1}}, {"type": "Feature", "id": 249, "geometry": {"type": "Point", "coordinates": [90.97383800148964, 24.87297000735998]}, "properties": {"gid": 249, "objectid": 254, "organizati": "BWDB", "station_id": "SW36.1", "wl_station": "Mohanganj", "st_name": "SW36.1 (Mohanganj)", "river_name": "Bhogai-Kangsa", "district": "Netrokona", "upazila": "Mohanganj", "region": "North-East", "tidal_stat": "Non-Tidal (Non Flashy)", "latitude": 24.872970000000002, "longitude": 90.973838, "btm_x": 598656.42, "btm_y": 750937.59, "sob_effect": "2022-04-10", "sob_conver": "-0.64400000", "pwd_cd": null, "msl": null, "f5__exceed": "7.28", "f95__excee": "2.09", "m2__m_": "0.00000000", "s2__m_": "0.00000000", "msf__m_": "0.00000000", "tidal_addi": "0.00000000", "spring_tid": "0.00000000", "neap_tidal": "0.00000000", "tidal_redu": "0.00000000", "shwl__mmsl": "7.28", "slwl__mmsl": "2.09", "comment": "-", "updated_at": "2024-02-05 14:52:10.458841", "updated_by": "Arif", "observed_y": 27, "class_of_r": "III", "flow_statu": "Perennial", "islwl": "-", "exceedance": 2, "exceedan_1": 7.26, "exceedan_2": 95, "exceedan_3": 2.09, "spring_red": 0, "neap_reduc": 0, "final_redu": 0, "shwl__mm_1": "-", "slwl__mm_1": "-", "used_for_s": 1, "used_fo_01": 1}}, {"type": "Feature", "id": 250, "geometry": {"type": "Point", "coordinates": [90.46917300671339, 23.63358700275421]}, "properties": {"gid": 250, "objectid": 263, "organizati": "BWDB", "station_id": "SW43", "wl_station": "Hariharpara", "st_name": "SW43 (Hariharpara)", "river_name": "Buriganga", "district": "Narayanganj", "upazila": "Narayanganj Sadar", "region": "North-Central", "tidal_stat": "Tidal", "latitude": 23.633587000000002, "longitude": 90.469173, "btm_x": 548137.81, "btm_y": 613444.07, "sob_effect": "2022-01-01 00:00:00", "sob_conver": "-0.87200000", "pwd_cd": "-", "msl": "-", "f5__exceed": "4.48000000", "f95__excee": "0.18800000", "m2__m_": "0.14000000", "s2__m_": "0.07200000", "msf__m_": "0.14300000", "tidal_addi": "0.37500000", "spring_tid": "-0.09000000", "neap_tidal": "-0.21700000", "tidal_redu": "-0.21700000", "shwl__mmsl": "4.85500000", "slwl__mmsl": "-0.02900000", "comment": "Datum Problem or, Problem in Gauge Zero Value. SHWL used in contour map creation.", "updated_at": "2023-12-19 11:16:12.6216", "updated_by": "osk", "observed_y": 27, "class_of_r": "I", "flow_statu": "Perennial", "islwl": "-", "exceedance": 2, "exceedan_1": 4.48, "exceedan_2": 95, "exceedan_3": 0.19, "spring_red": -0.09000000000000001, "neap_reduc": -0.22, "final_redu": -0.22, "shwl__mm_1": "-", "slwl__mm_1": "0.121", "used_for_s": 1, "used_fo_01": 0}}, {"type": "Feature", "id": 251, "geometry": {"type": "Point", "coordinates": [89.73355300724506, 25.8395010009408]}, "properties": {"gid": 251, "objectid": 265, "organizati": "BWDB", "station_id": "SW45", "wl_station": "Noonkhawa", "st_name": "SW45 (Noonkhawa)", "river_name": "Brahmaputra-Jamuna", "district": "Kurigram", "upazila": "Kurigram Sadar", "region": "North-West", "tidal_stat": "Non-Tidal (Non Flashy)", "latitude": 25.839501000000002, "longitude": 89.733553, "btm_x": 473582.24, "btm_y": 857639.93, "sob_effect": "2022-11-01 00:00:00", "sob_conver": "-0.44000000", "pwd_cd": "-", "msl": "-", "f5__exceed": "26.12500000", "f95__excee": "19.57800000", "m2__m_": "0.00000000", "s2__m_": "0.00000000", "msf__m_": "0.00000000", "tidal_addi": "0.00000000", "spring_tid": "0.00000000", "neap_tidal": "0.00000000", "tidal_redu": "0.00000000", "shwl__mmsl": "26.12500000", "slwl__mmsl": "19.57800000", "comment": "-", "updated_at": "2023-12-19 11:16:12.6216", "updated_by": "osk", "observed_y": 27, "class_of_r": "IV", "flow_statu": "Perennial", "islwl": "-", "exceedance": 2, "exceedan_1": 26.13, "exceedan_2": 95, "exceedan_3": 19.58, "spring_red": 0, "neap_reduc": 0, "final_redu": 0, "shwl__mm_1": "-", "slwl__mm_1": "-", "used_for_s": 1, "used_fo_01": 1}}, {"type": "Feature", "id": 252, "geometry": {"type": "Point", "coordinates": [89.68016600608826, 25.573811002075672]}, "properties": {"gid": 252, "objectid": 266, "organizati": "BWDB", "station_id": "SW45.5", "wl_station": "Chilmari", "st_name": "SW45.5 (Chilmari)", "river_name": "Brahmaputra-Jamuna", "district": "Kurigram", "upazila": "Chilmari", "region": "North-West", "tidal_stat": "Non-Tidal (Non Flashy)", "latitude": 25.573811, "longitude": 89.680166, "btm_x": 468160.91, "btm_y": 828229.5, "sob_effect": "2022-11-01 00:00:00", "sob_conver": "-0.70000000", "pwd_cd": "-", "msl": "-", "f5__exceed": "23.32000000", "f95__excee": "16.60400000", "m2__m_": "0.00000000", "s2__m_": "0.00000000", "msf__m_": "0.00000000", "tidal_addi": "0.00000000", "spring_tid": "0.00000000", "neap_tidal": "0.00000000", "tidal_redu": "0.00000000", "shwl__mmsl": "23.32000000", "slwl__mmsl": "16.60400000", "comment": "-", "updated_at": "2023-12-19 11:16:12.6216", "updated_by": "osk", "observed_y": 27, "class_of_r": "Unclassified", "flow_statu": "Perennial", "islwl": "-", "exceedance": 2, "exceedan_1": 23.32, "exceedan_2": 95, "exceedan_3": 16.6, "spring_red": 0, "neap_reduc": 0, "final_redu": 0, "shwl__mm_1": "-", "slwl__mm_1": "-", "used_for_s": 1, "used_fo_01": 1}}, {"type": "Feature", "id": 253, "geometry": {"type": "Point", "coordinates": [89.63043300062418, 25.40437500178814]}, "properties": {"gid": 253, "objectid": 267, "organizati": "BWDB", "station_id": "SW46", "wl_station": "Kamarjani", "st_name": "SW46 (Kamarjani)", "river_name": "Brahmaputra-Jamuna", "district": "Gaibandha", "upazila": "Fulchhari", "region": "North-West", "tidal_stat": "Non-Tidal (Non Flashy)", "latitude": 25.404374999999998, "longitude": 89.630433, "btm_x": 463113.83, "btm_y": 809479.73, "sob_effect": "2021-05-02 00:00:00", "sob_conver": "-0.41000000", "pwd_cd": "-", "msl": "-", "f5__exceed": "21.54100000", "f95__excee": "14.65200000", "m2__m_": "0.00000000", "s2__m_": "0.00000000", "msf__m_": "0.00000000", "tidal_addi": "0.00000000", "spring_tid": "0.00000000", "neap_tidal": "0.00000000", "tidal_redu": "0.00000000", "shwl__mmsl": "21.54100000", "slwl__mmsl": "14.65200000", "comment": "-", "updated_at": "2023-12-19 11:16:12.6216", "updated_by": "osk", "observed_y": 22, "class_of_r": "Unclassified", "flow_statu": "Perennial", "islwl": "-", "exceedance": 2, "exceedan_1": 21.54, "exceedan_2": 95, "exceedan_3": 14.65, "spring_red": 0, "neap_reduc": 0, "final_redu": 0, "shwl__mm_1": "-", "slwl__mm_1": "-", "used_for_s": 1, "used_fo_01": 1}}, {"type": "Feature", "id": 254, "geometry": {"type": "Point", "coordinates": [89.75291300565004, 25.227293007075787]}, "properties": {"gid": 254, "objectid": 268, "organizati": "BWDB", "station_id": "SW46.7L", "wl_station": "Kholabarichar", "st_name": "SW46.7L (Kholabarichar)", "river_name": "Old Brahmaputra", "district": "Jamalpur", "upazila": "Dewanganj", "region": "North-Central", "tidal_stat": "Non-Tidal (Non Flashy)", "latitude": 25.227293, "longitude": 89.75291299999999, "btm_x": 475396.35, "btm_y": 789842.45, "sob_effect": "2022-01-01 00:00:00", "sob_conver": "-0.84500000", "pwd_cd": "-", "msl": "-", "f5__exceed": "19.91300000", "f95__excee": "14.82500000", "m2__m_": "0.00000000", "s2__m_": "0.00000000", "msf__m_": "0.00000000", "tidal_addi": "0.00000000", "spring_tid": "0.00000000", "neap_tidal": "0.00000000", "tidal_redu": "0.00000000", "shwl__mmsl": "19.91300000", "slwl__mmsl": "14.82500000", "comment": "-", "updated_at": "2023-12-19 11:16:12.6216", "updated_by": "osk", "observed_y": 25, "class_of_r": "II", "flow_statu": "Perennial", "islwl": "-", "exceedance": 2, "exceedan_1": 19.91, "exceedan_2": 95, "exceedan_3": 14.83, "spring_red": 0, "neap_reduc": 0, "final_redu": 0, "shwl__mm_1": "-", "slwl__mm_1": "-", "used_for_s": 1, "used_fo_01": 1}}, {"type": "Feature", "id": 255, "geometry": {"type": "Point", "coordinates": [89.73686900734901, 25.13170200586319]}, "properties": {"gid": 255, "objectid": 269, "organizati": "BWDB", "station_id": "SW46.9L", "wl_station": "Bahadurabad Transit", "st_name": "SW46.9L (Bahadurabad Transit)", "river_name": "Brahmaputra-Jamuna", "district": "Jamalpur", "upazila": "Islampur", "region": "North-Central", "tidal_stat": "Non-Tidal (Non Flashy)", "latitude": 25.131701999999997, "longitude": 89.736869, "btm_x": 473759.66, "btm_y": 779260.62, "sob_effect": "2022-01-01 00:00:00", "sob_conver": "-0.53300000", "pwd_cd": "-", "msl": "-", "f5__exceed": "19.29600000", "f95__excee": "11.95600000", "m2__m_": "0.00000000", "s2__m_": "0.00000000", "msf__m_": "0.00000000", "tidal_addi": "0.00000000", "spring_tid": "0.00000000", "neap_tidal": "0.00000000", "tidal_redu": "0.00000000", "shwl__mmsl": "19.29600000", "slwl__mmsl": "11.95600000", "comment": "-", "updated_at": "2023-12-19 11:16:12.6216", "updated_by": "osk", "observed_y": 26, "class_of_r": "II", "flow_statu": "Perennial", "islwl": "-", "exceedance": 2, "exceedan_1": 19.3, "exceedan_2": 95, "exceedan_3": 11.96, "spring_red": 0, "neap_reduc": 0, "final_redu": 0, "shwl__mm_1": "-", "slwl__mm_1": "-", "used_for_s": 1, "used_fo_01": 1}}, {"type": "Feature", "id": 256, "geometry": {"type": "Point", "coordinates": [89.59483100473881, 25.188404001295567]}, "properties": {"gid": 256, "objectid": 270, "organizati": "BWDB", "station_id": "SW46.9R", "wl_station": "Fulchari Transit", "st_name": "SW46.9R (Fulchari Transit)", "river_name": "Brahmaputra-Jamuna", "district": "Gaibandha", "upazila": "Fulchhari", "region": "North-West", "tidal_stat": "Non-Tidal (Non Flashy)", "latitude": 25.188404000000002, "longitude": 89.59483100000001, "btm_x": 459460.8, "btm_y": 785574.8, "sob_effect": "2022-01-01 00:00:00", "sob_conver": "-0.66100000", "pwd_cd": "-", "msl": "-", "f5__exceed": "19.63800000", "f95__excee": "12.16400000", "m2__m_": "0.00000000", "s2__m_": "0.00000000", "msf__m_": "0.00000000", "tidal_addi": "0.00000000", "spring_tid": "0.00000000", "neap_tidal": "0.00000000", "tidal_redu": "0.00000000", "shwl__mmsl": "19.63800000", "slwl__mmsl": "12.16400000", "comment": "-", "updated_at": "2023-12-19 11:16:12.6216", "updated_by": "osk", "observed_y": 26, "class_of_r": "Unclassified", "flow_statu": "Perennial", "islwl": "-", "exceedance": 2, "exceedan_1": 19.64, "exceedan_2": 95, "exceedan_3": 12.16, "spring_red": 0, "neap_reduc": 0, "final_redu": 0, "shwl__mm_1": "-", "slwl__mm_1": "-", "used_for_s": 1, "used_fo_01": 1}}, {"type": "Feature", "id": 257, "geometry": {"type": "Point", "coordinates": [89.80511600524187, 24.64274900406599]}, "properties": {"gid": 257, "objectid": 271, "organizati": "BWDB", "station_id": "SW48", "wl_station": "Jaganathganj", "st_name": "SW48 (Jaganathganj)", "river_name": "Brahmaputra-Jamuna", "district": "Jamalpur", "upazila": "Sarishabari", "region": "North-Central", "tidal_stat": "Non-Tidal (Non Flashy)", "latitude": 24.642749000000002, "longitude": 89.805116, "btm_x": 480561.58, "btm_y": 725108.92, "sob_effect": "2022-01-01 00:00:00", "sob_conver": "-1.33400000", "pwd_cd": "-", "msl": "-", "f5__exceed": "14.65700000", "f95__excee": "7.02400000", "m2__m_": "0.00000000", "s2__m_": "0.00000000", "msf__m_": "0.00000000", "tidal_addi": "0.00000000", "spring_tid": "0.00000000", "neap_tidal": "0.00000000", "tidal_redu": "0.00000000", "shwl__mmsl": "14.65700000", "slwl__mmsl": "7.02400000", "comment": "-", "updated_at": "2023-12-19 11:16:12.6216", "updated_by": "osk", "observed_y": 27, "class_of_r": "Unclassified", "flow_statu": "Perennial", "islwl": "-", "exceedance": 2, "exceedan_1": 14.66, "exceedan_2": 95, "exceedan_3": 7.02, "spring_red": 0, "neap_reduc": 0, "final_redu": 0, "shwl__mm_1": "-", "slwl__mm_1": "-", "used_for_s": 1, "used_fo_01": 1}}, {"type": "Feature", "id": 258, "geometry": {"type": "Point", "coordinates": [89.71959100663662, 24.467334002256393]}, "properties": {"gid": 258, "objectid": 272, "organizati": "BWDB", "station_id": "SW49", "wl_station": "Sirajganj", "st_name": "SW49 (Sirajganj)", "river_name": "Brahmaputra-Jamuna", "district": "Sirajganj", "upazila": "Sirajganj Sadar", "region": "North-West", "tidal_stat": "Non-Tidal (Non Flashy)", "latitude": 24.467334, "longitude": 89.719591, "btm_x": 471867.01, "btm_y": 705701.59, "sob_effect": "2022-11-01 00:00:00", "sob_conver": "-0.42000000", "pwd_cd": "-", "msl": "-", "f5__exceed": "13.43900000", "f95__excee": "5.79000000", "m2__m_": "0.00000000", "s2__m_": "0.00000000", "msf__m_": "0.00000000", "tidal_addi": "0.00000000", "spring_tid": "0.00000000", "neap_tidal": "0.00000000", "tidal_redu": "0.00000000", "shwl__mmsl": "13.43900000", "slwl__mmsl": "5.79000000", "comment": "-", "updated_at": "2023-12-19 11:16:12.6216", "updated_by": "osk", "observed_y": 27, "class_of_r": "II", "flow_statu": "Perennial", "islwl": "-", "exceedance": 2, "exceedan_1": 13.44, "exceedan_2": 95, "exceedan_3": 5.79, "spring_red": 0, "neap_reduc": 0, "final_redu": 0, "shwl__mm_1": "-", "slwl__mm_1": "-", "used_for_s": 1, "used_fo_01": 1}}, {"type": "Feature", "id": 259, "geometry": {"type": "Point", "coordinates": [89.6486470028758, 24.670050002634525]}, "properties": {"gid": 259, "objectid": 273, "organizati": "BWDB", "station_id": "SW49A", "wl_station": "Kazipur", "st_name": "SW49A (Kazipur)", "river_name": "Brahmaputra-Jamuna", "district": "Sirajganj", "upazila": "Kazipur", "region": "North-West", "tidal_stat": "Non-Tidal (Non Flashy)", "latitude": 24.670050000000003, "longitude": 89.648647, "btm_x": 464734.72, "btm_y": 728163.26, "sob_effect": "2022-11-01 00:00:00", "sob_conver": "-0.88000000", "pwd_cd": "-", "msl": "-", "f5__exceed": "14.84900000", "f95__excee": "7.26400000", "m2__m_": "0.00000000", "s2__m_": "0.00000000", "msf__m_": "0.00000000", "tidal_addi": "0.00000000", "spring_tid": "0.00000000", "neap_tidal": "0.00000000", "tidal_redu": "0.00000000", "shwl__mmsl": "14.84900000", "slwl__mmsl": "7.26400000", "comment": "-", "updated_at": "2023-12-19 11:16:12.6216", "updated_by": "osk", "observed_y": 27, "class_of_r": "II", "flow_statu": "Perennial", "islwl": "-", "exceedance": 2, "exceedan_1": 14.85, "exceedan_2": 95, "exceedan_3": 7.26, "spring_red": 0, "neap_reduc": 0, "final_redu": 0, "shwl__mm_1": "-", "slwl__mm_1": "-", "used_for_s": 1, "used_fo_01": 1}}, {"type": "Feature", "id": 260, "geometry": {"type": "Point", "coordinates": [90.08781360089779, 23.43332200497389]}, "properties": {"gid": 260, "objectid": 274, "organizati": "BWDB", "station_id": "SW4A", "wl_station": "Offtake of Arialkhan", "st_name": "SW4A (Offtake of Arialkhan)", "river_name": "Arial Khan", "district": "Faridpur", "upazila": "Sadarpur", "region": "South-West", "tidal_stat": "Tidal", "latitude": 23.433322009999998, "longitude": 90.08781364000001, "btm_x": 509253.84, "btm_y": 591197.66, "sob_effect": "2023-01-01 00:00:00", "sob_conver": "-0.71000000", "pwd_cd": "-", "msl": "-", "f5__exceed": "5.75800000", "f95__excee": "0.28000000", "m2__m_": "0.03200000", "s2__m_": "0.02700000", "msf__m_": "0.11000000", "tidal_addi": "0.17400000", "spring_tid": "0.04500000", "neap_tidal": "-0.11500000", "tidal_redu": "-0.11500000", "shwl__mmsl": "5.93200000", "slwl__mmsl": "0.16500000", "comment": "-", "updated_at": "2023-12-19 11:16:12.6216", "updated_by": "osk", "observed_y": 27, "class_of_r": "II", "flow_statu": "Perennial", "islwl": "-", "exceedance": 2, "exceedan_1": 5.76, "exceedan_2": 95, "exceedan_3": 0.28, "spring_red": 0.05, "neap_reduc": -0.12000000000000001, "final_redu": -0.12000000000000001, "shwl__mm_1": "-", "slwl__mm_1": "-", "used_for_s": 1, "used_fo_01": 1}}, {"type": "Feature", "id": 261, "geometry": {"type": "Point", "coordinates": [92.10940690338612, 21.42060510069132]}, "properties": {"gid": 261, "objectid": 261, "organizati": "BWDB", "station_id": "SW40", "wl_station": "Ramu", "st_name": "SW40 (Ramu)", "river_name": "Bogkhali", "district": "Coxs Bazar", "upazila": "Ramu", "region": "Eastern Hilly", "tidal_stat": "Non-Tidal (Flashy)", "latitude": 21.42060507, "longitude": 92.10940687, "btm_x": 718926.28, "btm_y": 369875.74, "sob_effect": "2019-10-19", "sob_conver": "-0.505", "pwd_cd": null, "msl": null, "f5__exceed": "5.33", "f95__excee": "1.16", "m2__m_": "0.00000000", "s2__m_": "0.00000000", "msf__m_": "0.00000000", "tidal_addi": "0.00000000", "spring_tid": "0.00000000", "neap_tidal": "0.00000000", "tidal_redu": "0.00000000", "shwl__mmsl": "5.33", "slwl__mmsl": "1.16", "comment": "-", "updated_at": "2024-02-05 15:07:02.580994", "updated_by": "Arif", "observed_y": 24, "class_of_r": "IV", "flow_statu": "Perennial", "islwl": "-", "exceedance": 2, "exceedan_1": 4.83, "exceedan_2": 95, "exceedan_3": 0.66, "spring_red": 0, "neap_reduc": 0, "final_redu": 0, "shwl__mm_1": "-", "slwl__mm_1": "-", "used_for_s": 1, "used_fo_01": 1}}, {"type": "Feature", "id": 262, "geometry": {"type": "Point", "coordinates": [90.41879300028086, 23.698212005198002]}, "properties": {"gid": 262, "objectid": 262, "organizati": "BWDB", "station_id": "SW42", "wl_station": "Dhaka Mill Barrack", "st_name": "SW42 (Dhaka Mill Barrack)", "river_name": "Buriganga", "district": "Dhaka", "upazila": "Dhaka Sadar(Kotwal", "region": "North-Central", "tidal_stat": "Tidal", "latitude": 23.698212, "longitude": 90.41879300000001, "btm_x": 542978.15, "btm_y": 620582.76, "sob_effect": "2022-01-01", "sob_conver": "-0.88700000", "pwd_cd": null, "msl": null, "f5__exceed": "4.61", "f95__excee": "0.29", "m2__m_": "0.15800000", "s2__m_": "0.06200000", "msf__m_": "0.14200000", "tidal_addi": "0.38", "spring_tid": "-0.09000000", "neap_tidal": "-0.26300000", "tidal_redu": "-0.25", "shwl__mmsl": "4.99", "slwl__mmsl": "0.04", "comment": "Datum Problem or, Problem in Gauge Zero Value. SHWL used in contour map creation.", "updated_at": "2024-02-07 13:59:42.426805", "updated_by": "Arif", "observed_y": 27, "class_of_r": "I", "flow_statu": "Perennial", "islwl": "-", "exceedance": 2, "exceedan_1": 4.61, "exceedan_2": 95, "exceedan_3": 0.29000000000000004, "spring_red": -0.09000000000000001, "neap_reduc": -0.26, "final_redu": -0.26, "shwl__mm_1": "-", "slwl__mm_1": "0.140", "used_for_s": 1, "used_fo_01": 0}}, {"type": "Feature", "id": 263, "geometry": {"type": "Point", "coordinates": [88.9550350010395, 25.796502001583576]}, "properties": {"gid": 263, "objectid": 264, "organizati": "BWDB", "station_id": "SW44.1", "wl_station": "Nizbari Road Crossing", "st_name": "SW44.1 (Nizbari Road Crossing)", "river_name": "Burikhora Chiki", "district": "Rangpur", "upazila": "Taraganj", "region": "North-West", "tidal_stat": "Non-Tidal (Flashy)", "latitude": 25.796502, "longitude": 88.955035, "btm_x": 395523.62, "btm_y": 853266.91, "sob_effect": "2022-11-01", "sob_conver": "1.32", "pwd_cd": null, "msl": null, "f5__exceed": "37.29", "f95__excee": "33.39", "m2__m_": "0.00000000", "s2__m_": "0.00000000", "msf__m_": "0.00000000", "tidal_addi": "0.00000000", "spring_tid": "0.00000000", "neap_tidal": "0.00000000", "tidal_redu": "0.00000000", "shwl__mmsl": "37.29", "slwl__mmsl": "33.39", "comment": "-", "updated_at": "2024-02-05 15:14:16.449511", "updated_by": "Arif", "observed_y": 24, "class_of_r": "Unclassified", "flow_statu": "Seasonal", "islwl": "-", "exceedance": 2, "exceedan_1": 35.96, "exceedan_2": 95, "exceedan_3": 32.06, "spring_red": 0, "neap_reduc": 0, "final_redu": 0, "shwl__mm_1": "-", "slwl__mm_1": "-", "used_for_s": 1, "used_fo_01": 1}}, {"type": "Feature", "id": 264, "geometry": {"type": "Point", "coordinates": [89.80411000549793, 24.287929005920887]}, "properties": {"gid": 264, "objectid": 276, "organizati": "BWDB", "station_id": "SW50", "wl_station": "Porabari", "st_name": "SW50 (Porabari)", "river_name": "Brahmaputra-Jamuna", "district": "Tangail", "upazila": "Tangail Sadar", "region": "North-Central", "tidal_stat": "Non-Tidal (Non Flashy)", "latitude": 24.287929000000002, "longitude": 89.80411000000001, "btm_x": 480404.15, "btm_y": 685823.31, "sob_effect": "2022-01-01 00:00:00", "sob_conver": "-0.14100000", "pwd_cd": "-", "msl": "-", "f5__exceed": "12.29100000", "f95__excee": "5.28900000", "m2__m_": "0.00000000", "s2__m_": "0.00000000", "msf__m_": "0.00000000", "tidal_addi": "0.00000000", "spring_tid": "0.00000000", "neap_tidal": "0.00000000", "tidal_redu": "0.00000000", "shwl__mmsl": "12.29100000", "slwl__mmsl": "5.28900000", "comment": "The u/s of the river branch is fully closed and water is dried up near the gauge station area during dry season. The estimated SHWL & SLWL of this station is not consistent with other surrounding values. So, the station is not considered  for contour map", "updated_at": "2023-12-19 11:16:12.6216", "updated_by": "osk", "observed_y": 25, "class_of_r": "II", "flow_statu": "Perennial", "islwl": "-", "exceedance": 2, "exceedan_1": 12.29, "exceedan_2": 95, "exceedan_3": 5.29, "spring_red": 0, "neap_reduc": 0, "final_redu": 0, "shwl__mm_1": "11.999", "slwl__mm_1": "4.725", "used_for_s": 0, "used_fo_01": 0}}, {"type": "Feature", "id": 265, "geometry": {"type": "Point", "coordinates": [89.7795010060072, 23.834960006177425]}, "properties": {"gid": 265, "objectid": 278, "organizati": "BWDB", "station_id": "SW50.6", "wl_station": "Aricha", "st_name": "SW50.6 (Aricha)", "river_name": "Brahmaputra-Jamuna", "district": "Manikganj", "upazila": "Shivalaya", "region": "North-Central", "tidal_stat": "Non-Tidal (Non Flashy)", "latitude": 23.834960000000002, "longitude": 89.779501, "btm_x": 477828.06, "btm_y": 635676.83, "sob_effect": "2022-01-01 00:00:00", "sob_conver": "-0.85700000", "pwd_cd": "-", "msl": "-", "f5__exceed": "8.68600000", "f95__excee": "1.73300000", "m2__m_": "0.00000000", "s2__m_": "0.00000000", "msf__m_": "0.00000000", "tidal_addi": "0.00000000", "spring_tid": "0.00000000", "neap_tidal": "0.00000000", "tidal_redu": "0.00000000", "shwl__mmsl": "8.68600000", "slwl__mmsl": "1.73300000", "comment": "-", "updated_at": "2023-12-19 11:16:12.6216", "updated_by": "osk", "observed_y": 27, "class_of_r": "II", "flow_statu": "Perennial", "islwl": "-", "exceedance": 2, "exceedan_1": 8.69, "exceedan_2": 95, "exceedan_3": 1.73, "spring_red": 0, "neap_reduc": 0, "final_redu": 0, "shwl__mm_1": "-", "slwl__mm_1": "-", "used_for_s": 1, "used_fo_01": 1}}, {"type": "Feature", "id": 266, "geometry": {"type": "Point", "coordinates": [89.52567560225725, 23.703970603644848]}, "properties": {"gid": 266, "objectid": 279, "organizati": "BWDB", "station_id": "SW51", "wl_station": "Ramdia", "st_name": "SW51 (Ramdia)", "river_name": "Chandana Arakandikhal", "district": "Rajbari", "upazila": "Baliakandi", "region": "South-West", "tidal_stat": "Non-Tidal (Non Flashy)", "latitude": 23.70397064, "longitude": 89.52567561, "btm_x": 451929.87, "btm_y": 621238.04, "sob_effect": "2023-01-01 00:00:00", "sob_conver": "-0.46000000", "pwd_cd": "-", "msl": "-", "f5__exceed": "7.57000000", "f95__excee": "3.84300000", "m2__m_": "0.00000000", "s2__m_": "0.00000000", "msf__m_": "0.00000000", "tidal_addi": "0.00000000", "spring_tid": "0.00000000", "neap_tidal": "0.00000000", "tidal_redu": "0.00000000", "shwl__mmsl": "7.57000000", "slwl__mmsl": "3.84300000", "comment": "SHWL & SLWL determined for this station are not useable for contour map creation due to limited period of data & also for long gap in data series. SHWL & SLWL computed from limited data will not appropriate with existing scenerios.", "updated_at": "2023-12-19 11:16:12.6216", "updated_by": "osk", "observed_y": 7, "class_of_r": "Unclassified", "flow_statu": "Seasonal", "islwl": "-", "exceedance": 2, "exceedan_1": 7.57, "exceedan_2": 95, "exceedan_3": 3.84, "spring_red": 0, "neap_reduc": 0, "final_redu": 0, "shwl__mm_1": "-", "slwl__mm_1": "-", "used_for_s": 0, "used_fo_01": 0}}, {"type": "Feature", "id": 267, "geometry": {"type": "Point", "coordinates": [89.66251320391893, 23.435646802186966]}, "properties": {"gid": 267, "objectid": 280, "organizati": "BWDB", "station_id": "SW52", "wl_station": "Ghosepur", "st_name": "SW52 (Ghosepur)", "river_name": "Chandana Arakandikhal", "district": "Faridpur", "upazila": "Boalmari", "region": "South-West", "tidal_stat": "Non-Tidal (Non Flashy)", "latitude": 23.435646780000003, "longitude": 89.66251324999999, "btm_x": 465809.59, "btm_y": 591492.67, "sob_effect": "2023-01-01 00:00:00", "sob_conver": "-0.46000000", "pwd_cd": "-", "msl": "-", "f5__exceed": "5.38300000", "f95__excee": "2.32800000", "m2__m_": "0.00000000", "s2__m_": "0.00000000", "msf__m_": "0.00000000", "tidal_addi": "0.00000000", "spring_tid": "0.00000000", "neap_tidal": "0.00000000", "tidal_redu": "0.00000000", "shwl__mmsl": "5.38300000", "slwl__mmsl": "2.32800000", "comment": "SHWL & SLWL determined for this station are not useable for contour map creation due to limited period of data & also for long gap in data series. SHWL & SLWL computed from limited data will not appropriate with existing scenerios.", "updated_at": "2023-12-19 11:16:12.6216", "updated_by": "osk", "observed_y": 6, "class_of_r": "Unclassified", "flow_statu": "Seasonal", "islwl": "-", "exceedance": 2, "exceedan_1": 5.38, "exceedan_2": 95, "exceedan_3": 2.33, "spring_red": 0, "neap_reduc": 0, "final_redu": 0, "shwl__mm_1": "-", "slwl__mm_1": "-", "used_for_s": 0, "used_fo_01": 0}}, {"type": "Feature", "id": 268, "geometry": {"type": "Point", "coordinates": [90.17639300227165, 25.19683500379324]}, "properties": {"gid": 268, "objectid": 281, "organizati": "BWDB", "station_id": "SW53", "wl_station": "Bath Kuchi", "st_name": "SW53 (Bath Kuchi)", "river_name": "Chellakhali", "district": "Sherpur", "upazila": "Nalitabari", "region": "North-East", "tidal_stat": "Non-Tidal (Flashy)", "latitude": 25.196835, "longitude": 90.176393, "btm_x": 518054.8, "btm_y": 786458.59, "sob_effect": "2022-01-01 00:00:00", "sob_conver": "-0.61500000", "pwd_cd": "-", "msl": "-", "f5__exceed": "24.08100000", "f95__excee": "20.82500000", "m2__m_": "0.00000000", "s2__m_": "0.00000000", "msf__m_": "0.00000000", "tidal_addi": "0.00000000", "spring_tid": "0.00000000", "neap_tidal": "0.00000000", "tidal_redu": "0.00000000", "shwl__mmsl": "24.08100000", "slwl__mmsl": "20.82500000", "comment": "-", "updated_at": "2023-12-19 11:16:12.6216", "updated_by": "osk", "observed_y": 27, "class_of_r": "Unclassified", "flow_statu": "Seasonal", "islwl": "-", "exceedance": 2, "exceedan_1": 24.08, "exceedan_2": 95, "exceedan_3": 20.83, "spring_red": 0, "neap_reduc": 0, "final_redu": 0, "shwl__mm_1": "-", "slwl__mm_1": "-", "used_for_s": 1, "used_fo_01": 1}}, {"type": "Feature", "id": 269, "geometry": {"type": "Point", "coordinates": [89.99646170437336, 22.507453002035618]}, "properties": {"gid": 269, "objectid": 39, "organizati": "BWDB", "station_id": "SW136.1", "wl_station": "Umedpur", "st_name": "SW136.1 (Umedpur)", "river_name": "Kocha", "district": "Pirojpur", "upazila": "Pirojpur Sadar", "region": "South-West", "tidal_stat": "Tidal", "latitude": 22.50745304, "longitude": 89.99646172, "btm_x": 499919.71, "btm_y": 488702.73, "sob_effect": "2023-01-01 00:00:00", "sob_conver": "-1.00000000", "pwd_cd": "-", "msl": "-", "f5__exceed": "0.77500000", "f95__excee": "-0.56700000", "m2__m_": "0.59300000", "s2__m_": "0.22700000", "msf__m_": "0.05900000", "tidal_addi": "0.96100000", "spring_tid": "-0.84300000", "neap_tidal": "-0.46100000", "tidal_redu": "-0.84300000", "shwl__mmsl": "1.73600000", "slwl__mmsl": "-1.41000000", "comment": "-", "updated_at": "2023-12-19 11:16:12.6216", "updated_by": "osk", "observed_y": 27, "class_of_r": "I", "flow_statu": "Perennial", "islwl": "-", "exceedance": 2, "exceedan_1": 0.78, "exceedan_2": 95, "exceedan_3": -0.5700000000000001, "spring_red": -0.8400000000000001, "neap_reduc": -0.46, "final_redu": -0.8400000000000001, "shwl__mm_1": "-", "slwl__mm_1": "-", "used_for_s": 1, "used_fo_01": 1}}, {"type": "Feature", "id": 270, "geometry": {"type": "Point", "coordinates": [89.4412452057004, 23.259199805557728]}, "properties": {"gid": 270, "objectid": 282, "organizati": "BWDB", "station_id": "SW55", "wl_station": "Khatur Magura", "st_name": "SW55 (Khatur Magura)", "river_name": "Chitra", "district": "Narail", "upazila": "Narail Sadar", "region": "South-West", "tidal_stat": "Tidal", "latitude": 23.25919976, "longitude": 89.44124517, "btm_x": 443131.33, "btm_y": 572029.01, "sob_effect": "2023-01-01 00:00:00", "sob_conver": "-1.14600000", "pwd_cd": "-", "msl": "-", "f5__exceed": "2.28900000", "f95__excee": "-0.12200000", "m2__m_": "0.18200000", "s2__m_": "0.05000000", "msf__m_": "0.10100000", "tidal_addi": "0.35700000", "spring_tid": "-0.15400000", "neap_tidal": "-0.24600000", "tidal_redu": "-0.24600000", "shwl__mmsl": "2.64500000", "slwl__mmsl": "-0.36800000", "comment": "-", "updated_at": "2023-12-19 11:16:12.6216", "updated_by": "osk", "observed_y": 27, "class_of_r": "IV", "flow_statu": "Perennial", "islwl": "-", "exceedance": 2, "exceedan_1": 2.29, "exceedan_2": 95, "exceedan_3": -0.12000000000000001, "spring_red": -0.15, "neap_reduc": -0.25, "final_redu": -0.25, "shwl__mm_1": "-", "slwl__mm_1": "-", "used_for_s": 1, "used_fo_01": 1}}, {"type": "Feature", "id": 271, "geometry": {"type": "Point", "coordinates": [89.5160000026226, 23.19700000435114]}, "properties": {"gid": 271, "objectid": 283, "organizati": "BWDB", "station_id": "SW55.1", "wl_station": "Rathandanga", "st_name": "SW55.1 (Rathandanga)", "river_name": "Chitra", "district": "Narail", "upazila": "Narail Sadar", "region": "South-West", "tidal_stat": "Tidal", "latitude": 23.197, "longitude": 89.516, "btm_x": 450754.83, "btm_y": 565115.72, "sob_effect": "2023-01-01 00:00:00", "sob_conver": "-1.33000000", "pwd_cd": "-", "msl": "-", "f5__exceed": "2.01900000", "f95__excee": "-0.28100000", "m2__m_": "0.32000000", "s2__m_": "0.08500000", "msf__m_": "0.14000000", "tidal_addi": "0.58500000", "spring_tid": "-0.30600000", "neap_tidal": "-0.39800000", "tidal_redu": "-0.39800000", "shwl__mmsl": "2.60400000", "slwl__mmsl": "-0.67900000", "comment": "-", "updated_at": "2023-12-19 11:16:12.6216", "updated_by": "osk", "observed_y": 14, "class_of_r": "IV", "flow_statu": "Perennial", "islwl": "-", "exceedance": 2, "exceedan_1": 2.02, "exceedan_2": 95, "exceedan_3": -0.28, "spring_red": -0.31, "neap_reduc": -0.4, "final_redu": -0.4, "shwl__mm_1": "-", "slwl__mm_1": "-", "used_for_s": 1, "used_fo_01": 1}}, {"type": "Feature", "id": 272, "geometry": {"type": "Point", "coordinates": [89.51262700557709, 23.16957900673151]}, "properties": {"gid": 272, "objectid": 284, "organizati": "BWDB", "station_id": "SW56.1", "wl_station": "Narail", "st_name": "SW56.1 (Narail)", "river_name": "Chitra", "district": "Narail", "upazila": "Narail Sadar", "region": "South-West", "tidal_stat": "Tidal", "latitude": 23.169579, "longitude": 89.51262700000001, "btm_x": 450399.49, "btm_y": 562081.26, "sob_effect": "2023-01-01 00:00:00", "sob_conver": "-1.28800000", "pwd_cd": "-", "msl": "-", "f5__exceed": "1.93900000", "f95__excee": "-0.36400000", "m2__m_": "0.28100000", "s2__m_": "0.08400000", "msf__m_": "0.08300000", "tidal_addi": "0.48300000", "spring_tid": "-0.31700000", "neap_tidal": "-0.30000000", "tidal_redu": "-0.31700000", "shwl__mmsl": "2.42200000", "slwl__mmsl": "-0.68200000", "comment": "-", "updated_at": "2023-12-19 11:16:12.6216", "updated_by": "osk", "observed_y": 27, "class_of_r": "IV", "flow_statu": "Perennial", "islwl": "-", "exceedance": 2, "exceedan_1": 1.94, "exceedan_2": 95, "exceedan_3": -0.36000000000000004, "spring_red": -0.32, "neap_reduc": -0.3, "final_redu": -0.32, "shwl__mm_1": "-", "slwl__mm_1": "-", "used_for_s": 1, "used_fo_01": 1}}, {"type": "Feature", "id": 273, "geometry": {"type": "Point", "coordinates": [88.42939200252295, 26.542993001639843]}, "properties": {"gid": 273, "objectid": 285, "organizati": "BWDB", "station_id": "SW57A", "wl_station": "Rowshanpur", "st_name": "SW57A (Rowshanpur)", "river_name": "Dahuk", "district": "Panchagarh", "upazila": "Tentulia", "region": "North-West", "tidal_stat": "Non-Tidal (Flashy)", "latitude": 26.542993, "longitude": 88.42939199999999, "btm_x": 343819.82, "btm_y": 936480.09, "sob_effect": "2022-11-01 00:00:00", "sob_conver": "-0.50000000", "pwd_cd": "-", "msl": "-", "f5__exceed": "88.95300000", "f95__excee": "87.43000000", "m2__m_": "0.00000000", "s2__m_": "0.00000000", "msf__m_": "0.00000000", "tidal_addi": "0.00000000", "spring_tid": "0.00000000", "neap_tidal": "0.00000000", "tidal_redu": "0.00000000", "shwl__mmsl": "88.95300000", "slwl__mmsl": "87.43000000", "comment": "-", "updated_at": "2023-12-19 11:16:12.6216", "updated_by": "osk", "observed_y": 27, "class_of_r": "V", "flow_statu": "Seasonal", "islwl": "-", "exceedance": 2, "exceedan_1": 88.95, "exceedan_2": 95, "exceedan_3": 87.43, "spring_red": 0, "neap_reduc": 0, "final_redu": 0, "shwl__mm_1": "-", "slwl__mm_1": "-", "used_for_s": 1, "used_fo_01": 1}}, {"type": "Feature", "id": 274, "geometry": {"type": "Point", "coordinates": [90.86031260341406, 23.250095203518867]}, "properties": {"gid": 274, "objectid": 286, "organizati": "BWDB", "station_id": "SW58", "wl_station": "Hajiganj", "st_name": "SW58 (Hajiganj)", "river_name": "Dakatia", "district": "Chandpur", "upazila": "Hajiganj", "region": "South-East", "tidal_stat": "Tidal", "latitude": 23.25009521, "longitude": 90.86031258, "btm_x": 588288.06, "btm_y": 571171.88, "sob_effect": "2022-01-01 00:00:00", "sob_conver": "-1.59000000", "pwd_cd": "-", "msl": "-", "f5__exceed": "3.69600000", "f95__excee": "-0.29700000", "m2__m_": "0.04600000", "s2__m_": "0.10200000", "msf__m_": "0.08800000", "tidal_addi": "0.25000000", "spring_tid": "-0.07400000", "neap_tidal": "-0.02600000", "tidal_redu": "-0.07400000", "shwl__mmsl": "3.94500000", "slwl__mmsl": "-0.37100000", "comment": "Datum Problem or, Problem in Gauge Zero Value. SHWL seems Ok, but SLWL misbalances the SLWL pattern of the river profile. So, SLWL is being ignored in contour map creation.", "updated_at": "2023-12-19 11:16:12.6216", "updated_by": "osk", "observed_y": 27, "class_of_r": "II", "flow_statu": "Perennial", "islwl": "-", "exceedance": 2, "exceedan_1": 3.7, "exceedan_2": 95, "exceedan_3": -0.3, "spring_red": -0.07, "neap_reduc": -0.030000000000000002, "final_redu": -0.07, "shwl__mm_1": "-", "slwl__mm_1": "-0.110", "used_for_s": 0, "used_fo_01": 0}}, {"type": "Feature", "id": 275, "geometry": {"type": "Point", "coordinates": [88.85774400085211, 26.10572600364685]}, "properties": {"gid": 275, "objectid": 288, "organizati": "BWDB", "station_id": "SW61", "wl_station": "Boragari", "st_name": "SW61 (Boragari)", "river_name": "Deonai_Charalkata_Jamuneswari_Karatoa", "district": "Nilphamari", "upazila": "Dimla", "region": "North-West", "tidal_stat": "Non-Tidal (Flashy)", "latitude": 26.105725999999997, "longitude": 88.857744, "btm_x": 386068.03, "btm_y": 887596.28, "sob_effect": "2022-11-01 00:00:00", "sob_conver": "1.21000000", "pwd_cd": "-", "msl": "-", "f5__exceed": "52.42000000", "f95__excee": "48.56700000", "m2__m_": "0.00000000", "s2__m_": "0.00000000", "msf__m_": "0.00000000", "tidal_addi": "0.00000000", "spring_tid": "0.00000000", "neap_tidal": "0.00000000", "tidal_redu": "0.00000000", "shwl__mmsl": "52.42000000", "slwl__mmsl": "48.56700000", "comment": "-", "updated_at": "2023-12-19 11:16:12.6216", "updated_by": "osk", "observed_y": 27, "class_of_r": "V", "flow_statu": "Seasonal", "islwl": "-", "exceedance": 2, "exceedan_1": 52.42, "exceedan_2": 95, "exceedan_3": 48.57, "spring_red": 0, "neap_reduc": 0, "final_redu": 0, "shwl__mm_1": "-", "slwl__mm_1": "-", "used_for_s": 1, "used_fo_01": 1}}, {"type": "Feature", "id": 276, "geometry": {"type": "Point", "coordinates": [89.07582900673151, 25.68230800330639]}, "properties": {"gid": 276, "objectid": 290, "organizati": "BWDB", "station_id": "SW62", "wl_station": "Badarganj", "st_name": "SW62 (Badarganj)", "river_name": "Deonai_Charalkata_Jamuneswari_Karatoa", "district": "Rangpur", "upazila": "Badarganj", "region": "North-West", "tidal_stat": "Non-Tidal (Flashy)", "latitude": 25.682308000000003, "longitude": 89.075829, "btm_x": 407545.58, "btm_y": 840529.6, "sob_effect": "2022-11-01 00:00:00", "sob_conver": "-0.51000000", "pwd_cd": "-", "msl": "-", "f5__exceed": "30.72300000", "f95__excee": "26.97800000", "m2__m_": "0.00000000", "s2__m_": "0.00000000", "msf__m_": "0.00000000", "tidal_addi": "0.00000000", "spring_tid": "0.00000000", "neap_tidal": "0.00000000", "tidal_redu": "0.00000000", "shwl__mmsl": "30.72300000", "slwl__mmsl": "26.97800000", "comment": "-", "updated_at": "2023-12-19 11:16:12.6216", "updated_by": "osk", "observed_y": 27, "class_of_r": "V", "flow_statu": "Perennial", "islwl": "-", "exceedance": 2, "exceedan_1": 30.72, "exceedan_2": 95, "exceedan_3": 26.98, "spring_red": 0, "neap_reduc": 0, "final_redu": 0, "shwl__mm_1": "-", "slwl__mm_1": "-", "used_for_s": 1, "used_fo_01": 1}}, {"type": "Feature", "id": 277, "geometry": {"type": "Point", "coordinates": [89.14896900206804, 25.407746002078056]}, "properties": {"gid": 277, "objectid": 291, "organizati": "BWDB", "station_id": "SW62.5", "wl_station": "Siraj", "st_name": "SW62.5 (Siraj)", "river_name": "Deonai_Charalkata_Jamuneswari_Karatoa", "district": "Dinajpur", "upazila": "Nawabganj", "region": "North-West", "tidal_stat": "Non-Tidal (Non Flashy)", "latitude": 25.407746, "longitude": 89.148969, "btm_x": 414690.57, "btm_y": 810074.33, "sob_effect": "2022-11-01 00:00:00", "sob_conver": "-0.32000000", "pwd_cd": "-", "msl": "-", "f5__exceed": "27.68700000", "f95__excee": "20.08800000", "m2__m_": "0.00000000", "s2__m_": "0.00000000", "msf__m_": "0.00000000", "tidal_addi": "0.00000000", "spring_tid": "0.00000000", "neap_tidal": "0.00000000", "tidal_redu": "0.00000000", "shwl__mmsl": "27.68700000", "slwl__mmsl": "20.08800000", "comment": "-", "updated_at": "2023-12-19 11:16:12.6216", "updated_by": "osk", "observed_y": 19, "class_of_r": "V", "flow_statu": "Perennial", "islwl": "-", "exceedance": 2, "exceedan_1": 27.69, "exceedan_2": 95, "exceedan_3": 20.09, "spring_red": 0, "neap_reduc": 0, "final_redu": 0, "shwl__mm_1": "-", "slwl__mm_1": "-", "used_for_s": 1, "used_fo_01": 1}}, {"type": "Feature", "id": 278, "geometry": {"type": "Point", "coordinates": [91.11880580335855, 23.234834901988506]}, "properties": {"gid": 278, "objectid": 287, "organizati": "BWDB", "station_id": "SW58A", "wl_station": "Laksam", "st_name": "SW58A (Laksam)", "river_name": "Dakatia", "district": "Chandpur", "upazila": "Hajiganj", "region": "South-East", "tidal_stat": "Non-Tidal (Non Flashy)", "latitude": 23.23483487, "longitude": 91.11880579999999, "btm_x": 614745.33, "btm_y": 569662.61, "sob_effect": "2022-01-01", "sob_conver": "-0.46000000", "pwd_cd": null, "msl": null, "f5__exceed": "4.73900000", "f95__excee": "0.78300000", "m2__m_": "0.00000000", "s2__m_": "0.00000000", "msf__m_": "0.00000000", "tidal_addi": "0.00000000", "spring_tid": "0.00000000", "neap_tidal": "0.00000000", "tidal_redu": "0.00000000", "shwl__mmsl": "4.73900000", "slwl__mmsl": "0.78300000", "comment": "-", "updated_at": "2023-12-19 11:16:12.6216", "updated_by": "osk", "observed_y": 27, "class_of_r": "Unclassified", "flow_statu": "Perennial", "islwl": "-", "exceedance": 2, "exceedan_1": 4.74, "exceedan_2": 95, "exceedan_3": 0.78, "spring_red": 0, "neap_reduc": 0, "final_redu": 0, "shwl__mm_1": "-", "slwl__mm_1": "-", "used_for_s": 1, "used_fo_01": 1}}, {"type": "Feature", "id": 279, "geometry": {"type": "Point", "coordinates": [89.59402500092983, 24.29754100739956]}, "properties": {"gid": 279, "objectid": 295, "organizati": "BWDB", "station_id": "SW66", "wl_station": "Ullapara Rly. Crossing", "st_name": "SW66 (Ullapara Rly. Crossing)", "river_name": "Deonai_Charalkata_Jamuneswari_Karatoa", "district": "Sirajganj", "upazila": "Ullapara", "region": "North-West", "tidal_stat": "Non-Tidal (Non Flashy)", "latitude": 24.297541, "longitude": 89.59402499999999, "btm_x": 459087.06, "btm_y": 686933.61, "sob_effect": "2022-11-01 00:00:00", "sob_conver": "-0.73000000", "pwd_cd": "-", "msl": "-", "f5__exceed": "11.68400000", "f95__excee": "4.03100000", "m2__m_": "0.00000000", "s2__m_": "0.00000000", "msf__m_": "0.00000000", "tidal_addi": "0.00000000", "spring_tid": "0.00000000", "neap_tidal": "0.00000000", "tidal_redu": "0.00000000", "shwl__mmsl": "11.68400000", "slwl__mmsl": "4.03100000", "comment": "-", "updated_at": "2023-12-19 11:16:12.6216", "updated_by": "osk", "observed_y": 27, "class_of_r": "III", "flow_statu": "Perennial", "islwl": "-", "exceedance": 2, "exceedan_1": 11.68, "exceedan_2": 95, "exceedan_3": 4.03, "spring_red": 0, "neap_reduc": 0, "final_redu": 0, "shwl__mm_1": "-", "slwl__mm_1": "-", "used_for_s": 1, "used_fo_01": 1}}, {"type": "Feature", "id": 280, "geometry": {"type": "Point", "coordinates": [91.84781300276518, 24.35641400516033]}, "properties": {"gid": 280, "objectid": 296, "organizati": "BWDB", "station_id": "SW67", "wl_station": "Kamalganj", "st_name": "SW67 (Kamalganj)", "river_name": "Dhalai", "district": "Moulvi Bazar", "upazila": "Kamalganj", "region": "North-East", "tidal_stat": "Non-Tidal (Flashy)", "latitude": 24.356414, "longitude": 91.847813, "btm_x": 687725.5, "btm_y": 694638.63, "sob_effect": "2018-05-16 00:00:00", "sob_conver": "-1.01800000", "pwd_cd": "-", "msl": "-", "f5__exceed": "18.36300000", "f95__excee": "15.15800000", "m2__m_": "0.00000000", "s2__m_": "0.00000000", "msf__m_": "0.00000000", "tidal_addi": "0.00000000", "spring_tid": "0.00000000", "neap_tidal": "0.00000000", "tidal_redu": "0.00000000", "shwl__mmsl": "18.36300000", "slwl__mmsl": "15.15800000", "comment": "-", "updated_at": "2023-12-19 11:16:12.6216", "updated_by": "osk", "observed_y": 27, "class_of_r": "IV", "flow_statu": "Seasonal", "islwl": "-", "exceedance": 2, "exceedan_1": 18.36, "exceedan_2": 95, "exceedan_3": 15.16, "spring_red": 0, "neap_reduc": 0, "final_redu": 0, "shwl__mm_1": "-", "slwl__mm_1": "-", "used_for_s": 1, "used_fo_01": 1}}, {"type": "Feature", "id": 281, "geometry": {"type": "Point", "coordinates": [90.02506500482559, 23.87915800511837]}, "properties": {"gid": 281, "objectid": 298, "organizati": "BWDB", "station_id": "SW68.5", "wl_station": "Jagir_Dhaleswari", "st_name": "SW68.5 (Jagir_Dhaleswari)", "river_name": "Dhaleswari", "district": "Manikganj", "upazila": "Manikganj Sadar", "region": "North-Central", "tidal_stat": "Non-Tidal (Non Flashy)", "latitude": 23.879158, "longitude": 90.02506500000001, "btm_x": 502835.36, "btm_y": 640552.8, "sob_effect": "2023-01-01 00:00:00", "sob_conver": "-0.80900000", "pwd_cd": "-", "msl": "-", "f5__exceed": "7.86000000", "f95__excee": "1.99100000", "m2__m_": "0.00000000", "s2__m_": "0.00000000", "msf__m_": "0.00000000", "tidal_addi": "0.00000000", "spring_tid": "0.00000000", "neap_tidal": "0.00000000", "tidal_redu": "0.00000000", "shwl__mmsl": "7.86000000", "slwl__mmsl": "1.99100000", "comment": "In the timeseries, it is seen that there is no data during dry season at allmost everey year. That's why estimated SLWL for this station is quite higher than the surrounding ones.", "updated_at": "2023-12-19 11:16:12.6216", "updated_by": "osk", "observed_y": 26, "class_of_r": "IV", "flow_statu": "Perennial", "islwl": "-", "exceedance": 2, "exceedan_1": 7.86, "exceedan_2": 95, "exceedan_3": 1.9900000000000002, "spring_red": 0, "neap_reduc": 0, "final_redu": 0, "shwl__mm_1": "-", "slwl__mm_1": "-", "used_for_s": 1, "used_fo_01": 0}}, {"type": "Feature", "id": 282, "geometry": {"type": "Point", "coordinates": [89.8869150057435, 24.118687003850937]}, "properties": {"gid": 282, "objectid": 299, "organizati": "BWDB", "station_id": "SW68A", "wl_station": "Elashin", "st_name": "SW68A (Elashin)", "river_name": "Dhaleswari", "district": "Tangail", "upazila": "Delduar", "region": "North-Central", "tidal_stat": "Non-Tidal (Non Flashy)", "latitude": 24.118687, "longitude": 89.886915, "btm_x": 488792.28, "btm_y": 667076.18, "sob_effect": "2022-01-01 00:00:00", "sob_conver": "-1.98200000", "pwd_cd": "-", "msl": "-", "f5__exceed": "9.77600000", "f95__excee": "3.85900000", "m2__m_": "0.00000000", "s2__m_": "0.00000000", "msf__m_": "0.00000000", "tidal_addi": "0.00000000", "spring_tid": "0.00000000", "neap_tidal": "0.00000000", "tidal_redu": "0.00000000", "shwl__mmsl": "9.77600000", "slwl__mmsl": "3.85900000", "comment": "-", "updated_at": "2023-12-19 11:16:12.6216", "updated_by": "osk", "observed_y": 25, "class_of_r": "III", "flow_statu": "Perennial", "islwl": "-", "exceedance": 2, "exceedan_1": 9.78, "exceedan_2": 95, "exceedan_3": 3.86, "spring_red": 0, "neap_reduc": 0, "final_redu": 0, "shwl__mm_1": "-", "slwl__mm_1": "-", "used_for_s": 1, "used_fo_01": 1}}, {"type": "Feature", "id": 283, "geometry": {"type": "Point", "coordinates": [90.2455400004983, 23.83940800279379]}, "properties": {"gid": 283, "objectid": 300, "organizati": "BWDB", "station_id": "SW69", "wl_station": "Savar", "st_name": "SW69 (Savar)", "river_name": "Dhaleswari", "district": "Dhaka", "upazila": "Savar", "region": "North-Central", "tidal_stat": "Tidal", "latitude": 23.839408000000002, "longitude": 90.24554, "btm_x": 525288.49, "btm_y": 636173.47, "sob_effect": "2022-01-01 00:00:00", "sob_conver": "-0.92400000", "pwd_cd": "-", "msl": "-", "f5__exceed": "5.41300000", "f95__excee": "0.22500000", "m2__m_": "0.01300000", "s2__m_": "0.05500000", "msf__m_": "0.09000000", "tidal_addi": "0.16500000", "spring_tid": "0.01500000", "neap_tidal": "-0.04300000", "tidal_redu": "-0.04300000", "shwl__mmsl": "5.57800000", "slwl__mmsl": "0.18200000", "comment": "-", "updated_at": "2023-12-19 11:16:12.6216", "updated_by": "osk", "observed_y": 25, "class_of_r": "III", "flow_statu": "Perennial", "islwl": "-", "exceedance": 2, "exceedan_1": 5.41, "exceedan_2": 95, "exceedan_3": 0.23, "spring_red": 0.02, "neap_reduc": -0.04, "final_redu": -0.04, "shwl__mm_1": "-", "slwl__mm_1": "-", "used_for_s": 1, "used_fo_01": 1}}, {"type": "Feature", "id": 284, "geometry": {"type": "Point", "coordinates": [90.25686200708151, 23.73056000471115]}, "properties": {"gid": 284, "objectid": 303, "organizati": "BWDB", "station_id": "SW70", "wl_station": "Kalatia Outfall", "st_name": "SW70 (Kalatia Outfall)", "river_name": "Dhaleswari", "district": "Dhaka", "upazila": "Keraniganj", "region": "North-Central", "tidal_stat": "Tidal", "latitude": 23.73056, "longitude": 90.256862, "btm_x": 526463.27, "btm_y": 624124.87, "sob_effect": "2022-01-01 00:00:00", "sob_conver": "-0.98300000", "pwd_cd": "-", "msl": "-", "f5__exceed": "5.31200000", "f95__excee": "0.43200000", "m2__m_": "0.10300000", "s2__m_": "0.10900000", "msf__m_": "0.11300000", "tidal_addi": "0.34600000", "spring_tid": "-0.12000000", "neap_tidal": "-0.10700000", "tidal_redu": "-0.12000000", "shwl__mmsl": "5.65800000", "slwl__mmsl": "0.31200000", "comment": "-", "updated_at": "2023-12-19 11:16:12.6216", "updated_by": "osk", "observed_y": 26, "class_of_r": "II", "flow_statu": "Perennial", "islwl": "-", "exceedance": 2, "exceedan_1": 5.31, "exceedan_2": 95, "exceedan_3": 0.43, "spring_red": -0.12000000000000001, "neap_reduc": -0.11, "final_redu": -0.12000000000000001, "shwl__mm_1": "-", "slwl__mm_1": "-", "used_for_s": 1, "used_fo_01": 1}}, {"type": "Feature", "id": 285, "geometry": {"type": "Point", "coordinates": [90.53971100598574, 23.579885005950928]}, "properties": {"gid": 285, "objectid": 304, "organizati": "BWDB", "station_id": "SW71", "wl_station": "Kalagachia", "st_name": "SW71 (Kalagachia)", "river_name": "Dhaleswari", "district": "Narayanganj", "upazila": "Narayanganj Sadar", "region": "North-Central", "tidal_stat": "Tidal", "latitude": 23.579884999999997, "longitude": 90.539711, "btm_x": 555355.04, "btm_y": 607524.08, "sob_effect": "2022-01-01 00:00:00", "sob_conver": "-0.70400000", "pwd_cd": "-", "msl": "-", "f5__exceed": "4.57700000", "f95__excee": "0.37100000", "m2__m_": "0.11500000", "s2__m_": "0.06700000", "msf__m_": "0.09700000", "tidal_addi": "0.29600000", "spring_tid": "-0.10300000", "neap_tidal": "-0.14900000", "tidal_redu": "-0.14900000", "shwl__mmsl": "4.87400000", "slwl__mmsl": "0.22100000", "comment": "Datum Problem or, Problem in Gauge Zero Value. SHWL used in contour map creation.", "updated_at": "2023-12-19 11:16:12.6216", "updated_by": "osk", "observed_y": 26, "class_of_r": "III", "flow_statu": "Perennial", "islwl": "-", "exceedance": 2, "exceedan_1": 4.58, "exceedan_2": 95, "exceedan_3": 0.37, "spring_red": -0.1, "neap_reduc": -0.15, "final_redu": -0.15, "shwl__mm_1": "-", "slwl__mm_1": "0.099", "used_for_s": 1, "used_fo_01": 0}}, {"type": "Feature", "id": 286, "geometry": {"type": "Point", "coordinates": [90.50346400588751, 23.57021800428629]}, "properties": {"gid": 286, "objectid": 305, "organizati": "BWDB", "station_id": "SW71A", "wl_station": "Rekabi Bazar", "st_name": "SW71A (Rekabi Bazar)", "river_name": "Dhaleswari", "district": "Munshiganj", "upazila": "Munshiganj Sadar", "region": "North-Central", "tidal_stat": "Tidal", "latitude": 23.570218, "longitude": 90.503464, "btm_x": 551660.13, "btm_y": 606440.38, "sob_effect": "2022-01-01 00:00:00", "sob_conver": "-0.95400000", "pwd_cd": "-", "msl": "-", "f5__exceed": "4.41600000", "f95__excee": "0.25500000", "m2__m_": "0.14100000", "s2__m_": "0.05500000", "msf__m_": "0.14300000", "tidal_addi": "0.35800000", "spring_tid": "-0.07300000", "neap_tidal": "-0.23700000", "tidal_redu": "-0.23700000", "shwl__mmsl": "4.77400000", "slwl__mmsl": "0.01800000", "comment": "Datum Problem or, Problem in Gauge Zero Value. SHWL used in contour map creation.", "updated_at": "2023-12-19 11:16:12.6216", "updated_by": "osk", "observed_y": 27, "class_of_r": "I", "flow_statu": "Perennial", "islwl": "-", "exceedance": 2, "exceedan_1": 4.42, "exceedan_2": 95, "exceedan_3": 0.26, "spring_red": -0.07, "neap_reduc": -0.24000000000000002, "final_redu": -0.24000000000000002, "shwl__mm_1": "-", "slwl__mm_1": "0.113", "used_for_s": 1, "used_fo_01": 0}}, {"type": "Feature", "id": 287, "geometry": {"type": "Point", "coordinates": [91.16257500648499, 24.879552006721497]}, "properties": {"gid": 287, "objectid": 307, "organizati": "BWDB", "station_id": "SW72B", "wl_station": "Sukdebpur", "st_name": "SW72B (Sukdebpur)", "river_name": "Dhanu-Baulai-Ghorautra", "district": "Sunamganj", "upazila": "Jamalganj", "region": "North-East", "tidal_stat": "Non-Tidal (Non Flashy)", "latitude": 24.879552, "longitude": 91.16257499999999, "btm_x": 617717.14, "btm_y": 751816.02, "sob_effect": "2018-03-01 00:00:00", "sob_conver": "-0.58900000", "pwd_cd": "-", "msl": "-", "f5__exceed": "6.84100000", "f95__excee": "0.85900000", "m2__m_": "0.00000000", "s2__m_": "0.00000000", "msf__m_": "0.00000000", "tidal_addi": "0.00000000", "spring_tid": "0.00000000", "neap_tidal": "0.00000000", "tidal_redu": "0.00000000", "shwl__mmsl": "6.84100000", "slwl__mmsl": "0.85900000", "comment": "-", "updated_at": "2023-12-19 11:16:12.6216", "updated_by": "osk", "observed_y": 21, "class_of_r": "I", "flow_statu": "Perennial", "islwl": "-", "exceedance": 2, "exceedan_1": 6.84, "exceedan_2": 95, "exceedan_3": 0.86, "spring_red": 0, "neap_reduc": 0, "final_redu": 0, "shwl__mm_1": "-", "slwl__mm_1": "-", "used_for_s": 1, "used_fo_01": 1}}, {"type": "Feature", "id": 288, "geometry": {"type": "Point", "coordinates": [91.088837005198, 24.52785300463438]}, "properties": {"gid": 288, "objectid": 308, "organizati": "BWDB", "station_id": "SW73", "wl_station": "Itna", "st_name": "SW73 (Itna)", "river_name": "Dhanu-Baulai-Ghorautra", "district": "Kishoreganj", "upazila": "Itna", "region": "North-East", "tidal_stat": "Mixed Tidal", "latitude": 24.527853, "longitude": 91.08883700000001, "btm_x": 610577.49, "btm_y": 712808.56, "sob_effect": "2019-03-22 00:00:00", "sob_conver": "-1.43500000", "pwd_cd": "-", "msl": "-", "f5__exceed": "6.16500000", "f95__excee": "0.51400000", "m2__m_": "0.01800000", "s2__m_": "0.07200000", "msf__m_": "0.08000000", "tidal_addi": "0.00000000", "spring_tid": "-0.01900000", "neap_tidal": "-0.02100000", "tidal_redu": "-0.02100000", "shwl__mmsl": "6.16500000", "slwl__mmsl": "0.49300000", "comment": "-", "updated_at": "2023-12-19 11:16:12.6216", "updated_by": "osk", "observed_y": 27, "class_of_r": "I", "flow_statu": "Perennial", "islwl": "-", "exceedance": 2, "exceedan_1": 6.17, "exceedan_2": 95, "exceedan_3": 0.51, "spring_red": -0.02, "neap_reduc": -0.02, "final_redu": -0.02, "shwl__mm_1": "-", "slwl__mm_1": "-", "used_for_s": 1, "used_fo_01": 1}}, {"type": "Feature", "id": 289, "geometry": {"type": "Point", "coordinates": [89.96007400751114, 23.93850600719452]}, "properties": {"gid": 289, "objectid": 297, "organizati": "BWDB", "station_id": "SW68", "wl_station": "Tilli", "st_name": "SW68 (Tilli)", "river_name": "Dhaleswari", "district": "Manikganj", "upazila": "Saturia", "region": "North-Central", "tidal_stat": "Non-Tidal (Non Flashy)", "latitude": 23.938506, "longitude": 89.96007399999999, "btm_x": 496220.8, "btm_y": 647123.66, "sob_effect": "2022-01-01 00:00:00", "sob_conver": "-0.24600000", "pwd_cd": "-", "msl": "-", "f5__exceed": "8.87", "f95__excee": "1.78", "m2__m_": "0.00000000", "s2__m_": "0.00000000", "msf__m_": "0.00000000", "tidal_addi": "0.00000000", "spring_tid": "0.00000000", "neap_tidal": "0.00000000", "tidal_redu": "0.00000000", "shwl__mmsl": "8.87", "slwl__mmsl": "1.78", "comment": "PWD to MSL conversion value provided at mentioned effective date provided by BWDB, but besides this on 03/01/2020, there observed a large data shifting which is also adjusted by 0.18 m reduction with the previous data before 03/01/2020.", "updated_at": "2024-02-05 15:36:27.905868", "updated_by": "Arif", "observed_y": 25, "class_of_r": "V", "flow_statu": "Perennial", "islwl": "-", "exceedance": 2, "exceedan_1": 8.87, "exceedan_2": 95, "exceedan_3": 1.78, "spring_red": 0, "neap_reduc": 0, "final_redu": 0, "shwl__mm_1": "-", "slwl__mm_1": "-", "used_for_s": 1, "used_fo_01": 1}}, {"type": "Feature", "id": 290, "geometry": {"type": "Point", "coordinates": [90.49590300023556, 23.732976004481316]}, "properties": {"gid": 290, "objectid": 302, "organizati": "BWDB", "station_id": "SW7.5", "wl_station": "Demra", "st_name": "SW7.5 (Demra_Balu)", "river_name": "Balu", "district": "Dhaka", "upazila": "Demra", "region": "North-Central", "tidal_stat": "Tidal", "latitude": 23.732976, "longitude": 90.49590300000001, "btm_x": 550825.98, "btm_y": 624456.76, "sob_effect": "2022-01-01", "sob_conver": "-1.19000000", "pwd_cd": null, "msl": null, "f5__exceed": "4.40700000", "f95__excee": "0.30500000", "m2__m_": "0.12700000", "s2__m_": "0.05800000", "msf__m_": "0.12000000", "tidal_addi": "0.32300000", "spring_tid": "-0.08300000", "neap_tidal": "-0.19500000", "tidal_redu": "-0.19500000", "shwl__mmsl": "4.73000000", "slwl__mmsl": "0.11000000", "comment": "Omitted during SHWL contour map creation. SLWL is used in contour map creation.", "updated_at": "2023-12-19 11:16:12.6216", "updated_by": "osk", "observed_y": 18, "class_of_r": "II", "flow_statu": "Perennial", "islwl": "-", "exceedance": 2, "exceedan_1": 4.41, "exceedan_2": 95, "exceedan_3": 0.31, "spring_red": -0.08, "neap_reduc": -0.2, "final_redu": -0.2, "shwl__mm_1": "5.121", "slwl__mm_1": "-", "used_for_s": 0, "used_fo_01": 1}}, {"type": "Feature", "id": 291, "geometry": {"type": "Point", "coordinates": [91.13477800041437, 24.6878300011158]}, "properties": {"gid": 291, "objectid": 306, "organizati": "BWDB", "station_id": "SW72", "wl_station": "Khaliajuri", "st_name": "SW72 (Khaliajuri)", "river_name": "Dhanu-Baulai-Ghorautra", "district": "Netrokona", "upazila": "Khaliajuri", "region": "North-East", "tidal_stat": "Mixed Tidal", "latitude": 24.687829999999998, "longitude": 91.134778, "btm_x": 615085.37, "btm_y": 730561.29, "sob_effect": "2018-06-01", "sob_conver": "-1.45000000", "pwd_cd": null, "msl": null, "f5__exceed": "6.56", "f95__excee": "0.60", "m2__m_": "0.011", "s2__m_": "0.509", "msf__m_": "0.083", "tidal_addi": "0", "spring_tid": "0.02200000", "neap_tidal": "-0.03600000", "tidal_redu": "-0.49", "shwl__mmsl": "6.56", "slwl__mmsl": "0.11", "comment": "Datum Problem or, Problem in Gauge Zero Value. SHWL used in contour map creation, but SLWL is omitted during contour map creation", "updated_at": "2024-02-07 14:03:28.206434", "updated_by": "Arif", "observed_y": 27, "class_of_r": "IV", "flow_statu": "Perennial", "islwl": "-", "exceedance": 2, "exceedan_1": 6.41, "exceedan_2": 95, "exceedan_3": 0.66, "spring_red": 0.02, "neap_reduc": -0.04, "final_redu": -0.04, "shwl__mm_1": "-", "slwl__mm_1": "-", "used_for_s": 1, "used_fo_01": 0}}, {"type": "Feature", "id": 292, "geometry": {"type": "Point", "coordinates": [90.48973500728607, 23.934084005653858]}, "properties": {"gid": 292, "objectid": 301, "organizati": "BWDB", "station_id": "SW7", "wl_station": "Pubail", "st_name": "SW7 (Pubail)", "river_name": "Balu", "district": "Gazipur", "upazila": "Gazipur Sadar", "region": "North-Central", "tidal_stat": "Mixed Tidal", "latitude": 23.934084000000002, "longitude": 90.489735, "btm_x": 550120.43, "btm_y": 646719.93, "sob_effect": "2022-01-01", "sob_conver": "-1.3920000", "pwd_cd": null, "msl": null, "f5__exceed": "4.57", "f95__excee": "-0.04", "m2__m_": "0.04600000", "s2__m_": "0.14800000", "msf__m_": "0.10200000", "tidal_addi": "0", "spring_tid": "-0.10500000", "neap_tidal": "0.00400000", "tidal_redu": "-0.10500000", "shwl__mmsl": "4.57000000", "slwl__mmsl": "-0.14500000", "comment": "Datum Problem or, Problem in Gauge Zero Value. Both SHWL & SLWL are not used in contour map creation.", "updated_at": "2024-02-05 15:45:01.635392", "updated_by": "Arif", "observed_y": 26, "class_of_r": "III", "flow_statu": "Perennial", "islwl": "-", "exceedance": 2, "exceedan_1": 4.92, "exceedan_2": 95, "exceedan_3": 0.31, "spring_red": -0.11, "neap_reduc": 0, "final_redu": -0.11, "shwl__mm_1": "5.440", "slwl__mm_1": "-", "used_for_s": 0, "used_fo_01": 0}}, {"type": "Feature", "id": 293, "geometry": {"type": "Point", "coordinates": [89.66840800642967, 25.819765001535416]}, "properties": {"gid": 293, "objectid": 312, "organizati": "BWDB", "station_id": "SW77", "wl_station": "Kurigram", "st_name": "SW77 (Kurigram)", "river_name": "Dharla", "district": "Kurigram", "upazila": "Kurigram Sadar", "region": "North-West", "tidal_stat": "Non-Tidal (Non Flashy)", "latitude": 25.819765, "longitude": 89.668408, "btm_x": 467048.33, "btm_y": 855469.19, "sob_effect": "2022-11-01 00:00:00", "sob_conver": "-0.66000000", "pwd_cd": "-", "msl": "-", "f5__exceed": "26.03100000", "f95__excee": "21.54000000", "m2__m_": "0.00000000", "s2__m_": "0.00000000", "msf__m_": "0.00000000", "tidal_addi": "0.00000000", "spring_tid": "0.00000000", "neap_tidal": "0.00000000", "tidal_redu": "0.00000000", "shwl__mmsl": "26.03100000", "slwl__mmsl": "21.54000000", "comment": "-", "updated_at": "2023-12-19 11:16:12.6216", "updated_by": "osk", "observed_y": 27, "class_of_r": "IV", "flow_statu": "Perennial", "islwl": "-", "exceedance": 2, "exceedan_1": 26.03, "exceedan_2": 95, "exceedan_3": 21.54, "spring_red": 0, "neap_reduc": 0, "final_redu": 0, "shwl__mm_1": "-", "slwl__mm_1": "-", "used_for_s": 1, "used_fo_01": 1}}, {"type": "Feature", "id": 294, "geometry": {"type": "Point", "coordinates": [90.71078180521727, 23.3543584048748]}, "properties": {"gid": 294, "objectid": 314, "organizati": "BWDB", "station_id": "SW79", "wl_station": "Matlab Bazar", "st_name": "SW79 (Matlab Bazar)", "river_name": "Dhanagoda", "district": "Chandpur", "upazila": "Matlab Uttar", "region": "South-East", "tidal_stat": "Tidal", "latitude": 23.354358389999998, "longitude": 90.7107818, "btm_x": 572934.77, "btm_y": 582631.96, "sob_effect": "2022-01-01 00:00:00", "sob_conver": "-0.94000000", "pwd_cd": "-", "msl": "-", "f5__exceed": "3.83000000", "f95__excee": "0.13000000", "m2__m_": "0.12000000", "s2__m_": "0.25600000", "msf__m_": "0.08300000", "tidal_addi": "0.49600000", "spring_tid": "-0.33100000", "neap_tidal": "0.06700000", "tidal_redu": "-0.33100000", "shwl__mmsl": "4.32600000", "slwl__mmsl": "-0.20100000", "comment": "Removing data of 1998 and with the remainings, both DML and T.C. were computed", "updated_at": "2023-12-19 11:16:12.6216", "updated_by": "osk", "observed_y": 27, "class_of_r": "II", "flow_statu": "Perennial", "islwl": "-", "exceedance": 2, "exceedan_1": 3.83, "exceedan_2": 95, "exceedan_3": 0.13, "spring_red": -0.33, "neap_reduc": 0.07, "final_redu": -0.33, "shwl__mm_1": "-", "slwl__mm_1": "-", "used_for_s": 1, "used_fo_01": 1}}, {"type": "Feature", "id": 295, "geometry": {"type": "Point", "coordinates": [88.80641800165176, 24.557616002857685]}, "properties": {"gid": 295, "objectid": 318, "organizati": "BWDB", "station_id": "SW83", "wl_station": "Bagmara", "st_name": "SW83 (Bagmara)", "river_name": "Fakirni Barnai", "district": "Rajshahi", "upazila": "Baghmara", "region": "North-West", "tidal_stat": "Non-Tidal (Non Flashy)", "latitude": 24.557616, "longitude": 88.806418, "btm_x": 379407.13, "btm_y": 716192.16, "sob_effect": "2022-11-01 00:00:00", "sob_conver": "-0.45000000", "pwd_cd": "-", "msl": "-", "f5__exceed": "13.50900000", "f95__excee": "7.25900000", "m2__m_": "0.00000000", "s2__m_": "0.00000000", "msf__m_": "0.00000000", "tidal_addi": "0.00000000", "spring_tid": "0.00000000", "neap_tidal": "0.00000000", "tidal_redu": "0.00000000", "shwl__mmsl": "13.50900000", "slwl__mmsl": "7.25900000", "comment": "-", "updated_at": "2023-12-19 11:16:12.6216", "updated_by": "osk", "observed_y": 24, "class_of_r": "V", "flow_statu": "Seasonal", "islwl": "-", "exceedance": 2, "exceedan_1": 13.51, "exceedan_2": 95, "exceedan_3": 7.26, "spring_red": 0, "neap_reduc": 0, "final_redu": 0, "shwl__mm_1": "-", "slwl__mm_1": "-", "used_for_s": 1, "used_fo_01": 1}}, {"type": "Feature", "id": 296, "geometry": {"type": "Point", "coordinates": [88.9594020023942, 24.503258004784584]}, "properties": {"gid": 296, "objectid": 319, "organizati": "BWDB", "station_id": "SW83.1", "wl_station": "Naldanga Rly. Crossing", "st_name": "SW83.1 (Naldanga Rly. Crossing)", "river_name": "Fakirni Barnai", "district": "Natore", "upazila": "Gurudaspur", "region": "North-West", "tidal_stat": "Non-Tidal (Non Flashy)", "latitude": 24.503258, "longitude": 88.959402, "btm_x": 394855.95, "btm_y": 710047.39, "sob_effect": "2022-11-01 00:00:00", "sob_conver": "-0.23000000", "pwd_cd": "-", "msl": "-", "f5__exceed": "12.91000000", "f95__excee": "6.40400000", "m2__m_": "0.00000000", "s2__m_": "0.00000000", "msf__m_": "0.00000000", "tidal_addi": "0.00000000", "spring_tid": "0.00000000", "neap_tidal": "0.00000000", "tidal_redu": "0.00000000", "shwl__mmsl": "12.91000000", "slwl__mmsl": "6.40400000", "comment": "-", "updated_at": "2023-12-19 11:16:12.6216", "updated_by": "osk", "observed_y": 26, "class_of_r": "V", "flow_statu": "Perennial", "islwl": "-", "exceedance": 2, "exceedan_1": 12.91, "exceedan_2": 95, "exceedan_3": 6.4, "spring_red": 0, "neap_reduc": 0, "final_redu": 0, "shwl__mm_1": "-", "slwl__mm_1": "-", "used_for_s": 1, "used_fo_01": 1}}, {"type": "Feature", "id": 297, "geometry": {"type": "Point", "coordinates": [91.73153920471668, 23.000426307320595]}, "properties": {"gid": 297, "objectid": 320, "organizati": "BWDB", "station_id": "SW84", "wl_station": "Ramgarh", "st_name": "SW84 (Ramgarh)", "river_name": "Feni", "district": "Khagrachhari", "upazila": "Ramgarh", "region": "Eastern Hilly", "tidal_stat": "Non-Tidal (Flashy)", "latitude": 23.000426299999997, "longitude": 91.73153922, "btm_x": 677751.26, "btm_y": 544320.58, "sob_effect": "2021-10-02 00:00:00", "sob_conver": "-1.39200000", "pwd_cd": "-", "msl": "-", "f5__exceed": "13.61200000", "f95__excee": "10.45800000", "m2__m_": "0.00000000", "s2__m_": "0.00000000", "msf__m_": "0.00000000", "tidal_addi": "0.00000000", "spring_tid": "0.00000000", "neap_tidal": "0.00000000", "tidal_redu": "0.00000000", "shwl__mmsl": "13.61200000", "slwl__mmsl": "10.45800000", "comment": "-", "updated_at": "2023-12-19 11:16:12.6216", "updated_by": "osk", "observed_y": 27, "class_of_r": "Unclassified", "flow_statu": "Perennial", "islwl": "-", "exceedance": 2, "exceedan_1": 13.61, "exceedan_2": 95, "exceedan_3": 10.46, "spring_red": 0, "neap_reduc": 0, "final_redu": 0, "shwl__mm_1": "-", "slwl__mm_1": "-", "used_for_s": 1, "used_fo_01": 1}}, {"type": "Feature", "id": 298, "geometry": {"type": "Point", "coordinates": [91.61571180075407, 22.939282603561878]}, "properties": {"gid": 298, "objectid": 321, "organizati": "BWDB", "station_id": "SW84.1", "wl_station": "Kaliachari", "st_name": "SW84.1 (Kaliachari)", "river_name": "Feni", "district": "Chattogram", "upazila": "Mirsharai", "region": "Eastern Hilly", "tidal_stat": "Non-Tidal (Flashy)", "latitude": 22.93928263, "longitude": 91.61571176000001, "btm_x": 665952.2, "btm_y": 537414.64, "sob_effect": "2021-04-01 00:00:00", "sob_conver": "-0.82000000", "pwd_cd": "-", "msl": "-", "f5__exceed": "7.40400000", "f95__excee": "3.22200000", "m2__m_": "0.00000000", "s2__m_": "0.00000000", "msf__m_": "0.00000000", "tidal_addi": "0.00000000", "spring_tid": "0.00000000", "neap_tidal": "0.00000000", "tidal_redu": "0.00000000", "shwl__mmsl": "7.40400000", "slwl__mmsl": "3.22200000", "comment": "-", "updated_at": "2023-12-19 11:16:12.6216", "updated_by": "osk", "observed_y": 27, "class_of_r": "Unclassified", "flow_statu": "Perennial", "islwl": "-", "exceedance": 2, "exceedan_1": 7.4, "exceedan_2": 95, "exceedan_3": 3.22, "spring_red": 0, "neap_reduc": 0, "final_redu": 0, "shwl__mm_1": "-", "slwl__mm_1": "-", "used_for_s": 1, "used_fo_01": 1}}, {"type": "Feature", "id": 299, "geometry": {"type": "Point", "coordinates": [91.54744830727577, 22.955966107547283]}, "properties": {"gid": 299, "objectid": 322, "organizati": "BWDB", "station_id": "SW86", "wl_station": "Shuvopur_Dhumghat", "st_name": "SW86 (Shuvopur_Dhumghat)", "river_name": "Feni", "district": "Feni", "upazila": "Chhagalnaiya", "region": "Eastern Hilly", "tidal_stat": "Non-Tidal (Flashy)", "latitude": 22.95596609, "longitude": 91.54744831, "btm_x": 658932.06, "btm_y": 539186.6, "sob_effect": "2022-01-01 00:00:00", "sob_conver": "-0.46000000", "pwd_cd": "-", "msl": "-", "f5__exceed": "4.91000000", "f95__excee": "1.98700000", "m2__m_": "0.00000000", "s2__m_": "0.00000000", "msf__m_": "0.00000000", "tidal_addi": "0.00000000", "spring_tid": "0.00000000", "neap_tidal": "0.00000000", "tidal_redu": "0.00000000", "shwl__mmsl": "4.91000000", "slwl__mmsl": "1.98700000", "comment": "-", "updated_at": "2023-12-19 11:16:12.6216", "updated_by": "osk", "observed_y": 20, "class_of_r": "IV", "flow_statu": "Perennial", "islwl": "-", "exceedance": 2, "exceedan_1": 4.91, "exceedan_2": 95, "exceedan_3": 1.9900000000000002, "spring_red": 0, "neap_reduc": 0, "final_redu": 0, "shwl__mm_1": "-", "slwl__mm_1": "-", "used_for_s": 1, "used_fo_01": 1}}, {"type": "Feature", "id": 300, "geometry": {"type": "Point", "coordinates": [91.4533325061202, 22.8368866071105]}, "properties": {"gid": 300, "objectid": 323, "organizati": "BWDB", "station_id": "SW87", "wl_station": "Sonapur", "st_name": "SW87 (Sonapur)", "river_name": "Feni", "district": "Feni", "upazila": "Sonagazi", "region": "Eastern Hilly", "tidal_stat": "Non-Tidal (Non Flashy)", "latitude": 22.83688663, "longitude": 91.45333249, "btm_x": 649411.71, "btm_y": 525903.26, "sob_effect": "2022-01-01 00:00:00", "sob_conver": "-0.58000000", "pwd_cd": "-", "msl": "-", "f5__exceed": "3.95300000", "f95__excee": "1.37800000", "m2__m_": "0.00000000", "s2__m_": "0.00000000", "msf__m_": "0.00000000", "tidal_addi": "0.00000000", "spring_tid": "0.00000000", "neap_tidal": "0.00000000", "tidal_redu": "0.00000000", "shwl__mmsl": "3.95300000", "slwl__mmsl": "1.37800000", "comment": "-", "updated_at": "2023-12-19 11:16:12.6216", "updated_by": "osk", "observed_y": 25, "class_of_r": "I", "flow_statu": "Perennial", "islwl": "-", "exceedance": 2, "exceedan_1": 3.95, "exceedan_2": 95, "exceedan_3": 1.38, "spring_red": 0, "neap_reduc": 0, "final_redu": 0, "shwl__mm_1": "-", "slwl__mm_1": "-", "used_for_s": 1, "used_fo_01": 1}}, {"type": "Feature", "id": 301, "geometry": {"type": "Point", "coordinates": [88.56819400191307, 24.36149500310421]}, "properties": {"gid": 301, "objectid": 324, "organizati": "BWDB", "station_id": "SW88", "wl_station": "Rajshahi", "st_name": "SW88 (Rajshahi)", "river_name": "Ganges-Padma", "district": "Rajshahi", "upazila": "Boalia", "region": "North-West", "tidal_stat": "Non-Tidal (Non Flashy)", "latitude": 24.361495, "longitude": 88.568194, "btm_x": 355053.9, "btm_y": 694703, "sob_effect": "2022-11-01 00:00:00", "sob_conver": "-0.53000000", "pwd_cd": "-", "msl": "-", "f5__exceed": "17.54100000", "f95__excee": "7.96600000", "m2__m_": "0.00000000", "s2__m_": "0.00000000", "msf__m_": "0.00000000", "tidal_addi": "0.00000000", "spring_tid": "0.00000000", "neap_tidal": "0.00000000", "tidal_redu": "0.00000000", "shwl__mmsl": "17.54100000", "slwl__mmsl": "7.96600000", "comment": "-", "updated_at": "2023-12-19 11:16:12.6216", "updated_by": "osk", "observed_y": 27, "class_of_r": "II", "flow_statu": "Perennial", "islwl": "-", "exceedance": 2, "exceedan_1": 17.54, "exceedan_2": 95, "exceedan_3": 7.97, "spring_red": 0, "neap_reduc": 0, "final_redu": 0, "shwl__mm_1": "-", "slwl__mm_1": "-", "used_for_s": 1, "used_fo_01": 1}}, {"type": "Feature", "id": 302, "geometry": {"type": "Point", "coordinates": [88.1567650064826, 24.64342100173235]}, "properties": {"gid": 302, "objectid": 325, "organizati": "BWDB", "station_id": "SW88A", "wl_station": "Panka", "st_name": "SW88A (Panka)", "river_name": "Ganges-Padma", "district": "Nawabganj", "upazila": "Shibganj", "region": "North-West", "tidal_stat": "Non-Tidal (Non Flashy)", "latitude": 24.643421, "longitude": 88.15676500000001, "btm_x": 313730.44, "btm_y": 726420.82, "sob_effect": "2022-11-01 00:00:00", "sob_conver": "-0.47000000", "pwd_cd": "-", "msl": "-", "f5__exceed": "21.81900000", "f95__excee": "11.93900000", "m2__m_": "0.00000000", "s2__m_": "0.00000000", "msf__m_": "0.00000000", "tidal_addi": "0.00000000", "spring_tid": "0.00000000", "neap_tidal": "0.00000000", "tidal_redu": "0.00000000", "shwl__mmsl": "21.81900000", "slwl__mmsl": "11.93900000", "comment": "-", "updated_at": "2023-12-19 11:16:12.6216", "updated_by": "osk", "observed_y": 27, "class_of_r": "Unclassified", "flow_statu": "Perennial", "islwl": "-", "exceedance": 2, "exceedan_1": 21.82, "exceedan_2": 95, "exceedan_3": 11.94, "spring_red": 0, "neap_reduc": 0, "final_redu": 0, "shwl__mm_1": "-", "slwl__mm_1": "-", "used_for_s": 1, "used_fo_01": 1}}, {"type": "Feature", "id": 303, "geometry": {"type": "Point", "coordinates": [89.47030100226402, 25.97120600193739]}, "properties": {"gid": 303, "objectid": 311, "organizati": "BWDB", "station_id": "SW76", "wl_station": "Taluk-Simulbari", "st_name": "SW76 (Taluk-Simulbari)", "river_name": "Dharla", "district": "Lalmonirhat", "upazila": "Lalmonirhat Sadar", "region": "North-West", "tidal_stat": "Non-Tidal (Non Flashy)", "latitude": 25.971206, "longitude": 89.47030099999999, "btm_x": 447259.6, "btm_y": 872305.4, "sob_effect": "2022-11-01", "sob_conver": "-0.22000000", "pwd_cd": null, "msl": null, "f5__exceed": "30.57", "f95__excee": "27.16", "m2__m_": "0.00000000", "s2__m_": "0.00000000", "msf__m_": "0.00000000", "tidal_addi": "0.00000000", "spring_tid": "0.00000000", "neap_tidal": "0.00000000", "tidal_redu": "0.00000000", "shwl__mmsl": "30.57", "slwl__mmsl": "27.16", "comment": "-", "updated_at": "2024-02-05 16:04:03.933022", "updated_by": "Arif", "observed_y": 27, "class_of_r": "IV", "flow_statu": "Perennial", "islwl": "-", "exceedance": 2, "exceedan_1": 30.48, "exceedan_2": 95, "exceedan_3": 27.07, "spring_red": 0, "neap_reduc": 0, "final_redu": 0, "shwl__mm_1": "-", "slwl__mm_1": "-", "used_for_s": 1, "used_fo_01": 1}}, {"type": "Feature", "id": 304, "geometry": {"type": "Point", "coordinates": [88.6650540009141, 25.812092006206512]}, "properties": {"gid": 304, "objectid": 313, "organizati": "BWDB", "station_id": "SW78", "wl_station": "Kantanagar", "st_name": "SW78 (Kantanagar)", "river_name": "Dhepa", "district": "Dinajpur", "upazila": "Kaharole", "region": "North-West", "tidal_stat": "Non-Tidal (Non Flashy)", "latitude": 25.812092, "longitude": 88.66505400000001, "btm_x": 366466.98, "btm_y": 855256.44, "sob_effect": "2022-11-01", "sob_conver": "-0.942", "pwd_cd": null, "msl": null, "f5__exceed": "37.90", "f95__excee": "34.26", "m2__m_": "0.00000000", "s2__m_": "0.00000000", "msf__m_": "0.00000000", "tidal_addi": "0.00000000", "spring_tid": "0.00000000", "neap_tidal": "0.00000000", "tidal_redu": "0.00000000", "shwl__mmsl": "37.90", "slwl__mmsl": "34.26", "comment": "PWD to MSL conversion value provided at mentioned effective date provided by BWDB, but besides this on 01/06/2017, there observed a large data shifting which is also adjusted by 1.01 m addition with the previous data before 01/06/2017.", "updated_at": "2024-02-05 16:07:36.586037", "updated_by": "Arif", "observed_y": 26, "class_of_r": "Unclassified", "flow_statu": "Seasonal", "islwl": "-", "exceedance": 2, "exceedan_1": 36.64, "exceedan_2": 95, "exceedan_3": 33, "spring_red": 0, "neap_reduc": 0, "final_redu": 0, "shwl__mm_1": "-", "slwl__mm_1": "-", "used_for_s": 1, "used_fo_01": 1}}, {"type": "Feature", "id": 305, "geometry": {"type": "Point", "coordinates": [89.72087800502777, 26.096179001033306]}, "properties": {"gid": 305, "objectid": 316, "organizati": "BWDB", "station_id": "SW81", "wl_station": "Pateswari", "st_name": "SW81 (Pateswari)", "river_name": "Dudhkumar", "district": "Kurigram", "upazila": "Bhurungamari", "region": "North-West", "tidal_stat": "Non-Tidal (Non Flashy)", "latitude": 26.096179, "longitude": 89.720878, "btm_x": 472372.67, "btm_y": 886067.89, "sob_effect": "2022-11-01", "sob_conver": "-0.60000000", "pwd_cd": null, "msl": null, "f5__exceed": "29.41", "f95__excee": "25.79", "m2__m_": "0.00000000", "s2__m_": "0.00000000", "msf__m_": "0.00000000", "tidal_addi": "0.00000000", "spring_tid": "0.00000000", "neap_tidal": "0.00000000", "tidal_redu": "0.00000000", "shwl__mmsl": "29.41", "slwl__mmsl": "25.79", "comment": "-", "updated_at": "2024-02-05 16:34:36.267935", "updated_by": "Arif", "observed_y": 27, "class_of_r": "IV", "flow_statu": "Perennial", "islwl": "-", "exceedance": 2, "exceedan_1": 29.43, "exceedan_2": 95, "exceedan_3": 25.81, "spring_red": 0, "neap_reduc": 0, "final_redu": 0, "shwl__mm_1": "-", "slwl__mm_1": "-", "used_for_s": 1, "used_fo_01": 1}}, {"type": "Feature", "id": 306, "geometry": {"type": "Point", "coordinates": [88.74530500173569, 24.72392000257969]}, "properties": {"gid": 306, "objectid": 317, "organizati": "BWDB", "station_id": "SW82", "wl_station": "Jote Bazar Offtake", "st_name": "SW82 (Jote Bazar Offtake)", "river_name": "Karatoa-Atrai-Gur-Gumani-Hurasagar", "district": "Naogaon", "upazila": "Manda", "region": "North-West", "tidal_stat": "Non-Tidal (Non Flashy)", "latitude": 24.72392, "longitude": 88.745305, "btm_x": 373385.63, "btm_y": 734663.61, "sob_effect": "2022-11-01", "sob_conver": "-1.06000000", "pwd_cd": null, "msl": null, "f5__exceed": "15.00", "f95__excee": "10.03", "m2__m_": "0.00000000", "s2__m_": "0.00000000", "msf__m_": "0.00000000", "tidal_addi": "0.00000000", "spring_tid": "0.00000000", "neap_tidal": "0.00000000", "tidal_redu": "0.00000000", "shwl__mmsl": "15.00", "slwl__mmsl": "10.03", "comment": "-", "updated_at": "2024-02-05 16:37:42.113892", "updated_by": "Arif", "observed_y": 27, "class_of_r": "IV", "flow_statu": "Perennial", "islwl": "-", "exceedance": 2, "exceedan_1": 14.91, "exceedan_2": 95, "exceedan_3": 9.94, "spring_red": 0, "neap_reduc": 0, "final_redu": 0, "shwl__mm_1": "-", "slwl__mm_1": "-", "used_for_s": 1, "used_fo_01": 1}}, {"type": "Feature", "id": 307, "geometry": {"type": "Point", "coordinates": [90.51384900510311, 24.31172700226307]}, "properties": {"gid": 307, "objectid": 327, "organizati": "BWDB", "station_id": "SW9", "wl_station": "Kauraid", "st_name": "SW9 (Kauraid)", "river_name": "Banar", "district": "Mymensingh", "upazila": "Gaffargaon", "region": "North-Central", "tidal_stat": "Tidal", "latitude": 24.311726999999998, "longitude": 90.51384900000001, "btm_x": 552421.13, "btm_y": 688540.44, "sob_effect": "2022-01-01 00:00:00", "sob_conver": "-0.64700000", "pwd_cd": "-", "msl": "-", "f5__exceed": "7.88600000", "f95__excee": "0.58600000", "m2__m_": "0.04200000", "s2__m_": "0.08000000", "msf__m_": "0.07400000", "tidal_addi": "0.20800000", "spring_tid": "-0.06100000", "neap_tidal": "-0.03200000", "tidal_redu": "-0.06100000", "shwl__mmsl": "8.09400000", "slwl__mmsl": "0.52500000", "comment": "-", "updated_at": "2023-12-19 11:16:12.6216", "updated_by": "osk", "observed_y": 26, "class_of_r": "IV", "flow_statu": "Perennial", "islwl": "-", "exceedance": 2, "exceedan_1": 7.89, "exceedan_2": 95, "exceedan_3": 0.5900000000000001, "spring_red": -0.060000000000000005, "neap_reduc": -0.030000000000000002, "final_redu": -0.060000000000000005, "shwl__mm_1": "-", "slwl__mm_1": "-", "used_for_s": 1, "used_fo_01": 1}}, {"type": "Feature", "id": 308, "geometry": {"type": "Point", "coordinates": [90.54636500030756, 24.272649005055428]}, "properties": {"gid": 308, "objectid": 328, "organizati": "BWDB", "station_id": "SW9.5", "wl_station": "Trimohini", "st_name": "SW9.5 (Trimohini)", "river_name": "Banar", "district": "Mymensingh", "upazila": "Gaffargaon", "region": "North-Central", "tidal_stat": "Tidal", "latitude": 24.272649, "longitude": 90.54636500000001, "btm_x": 555737.39, "btm_y": 684226.27, "sob_effect": "2022-01-01 00:00:00", "sob_conver": "-1.08700000", "pwd_cd": "-", "msl": "-", "f5__exceed": "5.91800000", "f95__excee": "1.58600000", "m2__m_": "0.02000000", "s2__m_": "0.01900000", "msf__m_": "0.06000000", "tidal_addi": "0.10200000", "spring_tid": "0.01700000", "neap_tidal": "-0.06100000", "tidal_redu": "-0.06100000", "shwl__mmsl": "6.02000000", "slwl__mmsl": "1.52500000", "comment": "SLWL is omitted during contour map creation", "updated_at": "2023-12-19 11:16:12.6216", "updated_by": "osk", "observed_y": 26, "class_of_r": "IV", "flow_statu": "Perennial", "islwl": "-", "exceedance": 2, "exceedan_1": 5.92, "exceedan_2": 95, "exceedan_3": 1.59, "spring_red": 0.02, "neap_reduc": -0.060000000000000005, "final_redu": -0.060000000000000005, "shwl__mm_1": "-", "slwl__mm_1": "0.500", "used_for_s": 1, "used_fo_01": 0}}, {"type": "Feature", "id": 309, "geometry": {"type": "Point", "coordinates": [89.03312250226736, 24.07041010260582]}, "properties": {"gid": 309, "objectid": 329, "organizati": "BWDB", "station_id": "SW90", "wl_station": "Hardinge Bridge", "st_name": "SW90 (Hardinge Bridge)", "river_name": "Ganges-Padma", "district": "Pabna", "upazila": "Ishwardi", "region": "North-West", "tidal_stat": "Non-Tidal (Non Flashy)", "latitude": 24.07041006, "longitude": 89.03312255, "btm_x": 401992.71, "btm_y": 662064.86, "sob_effect": "2022-11-01 00:00:00", "sob_conver": "-0.86000000", "pwd_cd": "-", "msl": "-", "f5__exceed": "12.96000000", "f95__excee": "4.17900000", "m2__m_": "0.00000000", "s2__m_": "0.00000000", "msf__m_": "0.00000000", "tidal_addi": "0.00000000", "spring_tid": "0.00000000", "neap_tidal": "0.00000000", "tidal_redu": "0.00000000", "shwl__mmsl": "12.96000000", "slwl__mmsl": "4.17900000", "comment": "-", "updated_at": "2023-12-19 11:16:12.6216", "updated_by": "osk", "observed_y": 27, "class_of_r": "II", "flow_statu": "Perennial", "islwl": "-", "exceedance": 2, "exceedan_1": 12.96, "exceedan_2": 95, "exceedan_3": 4.18, "spring_red": 0, "neap_reduc": 0, "final_redu": 0, "shwl__mm_1": "-", "slwl__mm_1": "-", "used_for_s": 1, "used_fo_01": 1}}, {"type": "Feature", "id": 310, "geometry": {"type": "Point", "coordinates": [89.08626010268927, 23.963183507323265]}, "properties": {"gid": 310, "objectid": 330, "organizati": "BWDB", "station_id": "SW91", "wl_station": "Talbaria", "st_name": "SW91 (Talbaria)", "river_name": "Ganges-Padma", "district": "Kushtia", "upazila": "Mirpur", "region": "South-West", "tidal_stat": "Non-Tidal (Non Flashy)", "latitude": 23.96318346, "longitude": 89.08626006, "btm_x": 407317.82, "btm_y": 650156.28, "sob_effect": "2022-11-01 00:00:00", "sob_conver": "-0.43000000", "pwd_cd": "-", "msl": "-", "f5__exceed": "12.31800000", "f95__excee": "4.05800000", "m2__m_": "0.00000000", "s2__m_": "0.00000000", "msf__m_": "0.00000000", "tidal_addi": "0.00000000", "spring_tid": "0.00000000", "neap_tidal": "0.00000000", "tidal_redu": "0.00000000", "shwl__mmsl": "12.31800000", "slwl__mmsl": "4.05800000", "comment": "-", "updated_at": "2023-12-19 11:16:12.6216", "updated_by": "osk", "observed_y": 27, "class_of_r": "II", "flow_statu": "Perennial", "islwl": "-", "exceedance": 2, "exceedan_1": 12.32, "exceedan_2": 95, "exceedan_3": 4.06, "spring_red": 0, "neap_reduc": 0, "final_redu": 0, "shwl__mm_1": "-", "slwl__mm_1": "-", "used_for_s": 1, "used_fo_01": 1}}, {"type": "Feature", "id": 311, "geometry": {"type": "Point", "coordinates": [89.37000870704651, 23.89094590395689]}, "properties": {"gid": 311, "objectid": 331, "organizati": "BWDB", "station_id": "SW91.1", "wl_station": "Sengram", "st_name": "SW91.1 (Sengram)", "river_name": "Ganges-Padma", "district": "Rajbari", "upazila": "Pangsha", "region": "South-West", "tidal_stat": "Non-Tidal (Non Flashy)", "latitude": 23.890945879999997, "longitude": 89.37000871000001, "btm_x": 436152.29, "btm_y": 642000.42, "sob_effect": "2022-11-01 00:00:00", "sob_conver": "-1.21000000", "pwd_cd": "-", "msl": "-", "f5__exceed": "10.56200000", "f95__excee": "2.35900000", "m2__m_": "0.00000000", "s2__m_": "0.00000000", "msf__m_": "0.00000000", "tidal_addi": "0.00000000", "spring_tid": "0.00000000", "neap_tidal": "0.00000000", "tidal_redu": "0.00000000", "shwl__mmsl": "10.56200000", "slwl__mmsl": "2.35900000", "comment": "-", "updated_at": "2023-12-19 11:16:12.6216", "updated_by": "osk", "observed_y": 25, "class_of_r": "II", "flow_statu": "Perennial", "islwl": "-", "exceedance": 2, "exceedan_1": 10.56, "exceedan_2": 95, "exceedan_3": 2.36, "spring_red": 0, "neap_reduc": 0, "final_redu": 0, "shwl__mm_1": "-", "slwl__mm_1": "-", "used_for_s": 1, "used_fo_01": 1}}, {"type": "Feature", "id": 312, "geometry": {"type": "Point", "coordinates": [89.57443690299988, 23.80452760308981]}, "properties": {"gid": 312, "objectid": 332, "organizati": "BWDB", "station_id": "SW91.2", "wl_station": "Mohendrapur", "st_name": "SW91.2 (Mohendrapur)", "river_name": "Ganges-Padma", "district": "Rajbari", "upazila": "Rajbari Sadar", "region": "South-West", "tidal_stat": "Non-Tidal (Non Flashy)", "latitude": 23.804527580000002, "longitude": 89.57443685, "btm_x": 456934.08, "btm_y": 632355.16, "sob_effect": "2023-01-01 00:00:00", "sob_conver": "-0.34000000", "pwd_cd": "-", "msl": "-", "f5__exceed": "10.13200000", "f95__excee": "2.03900000", "m2__m_": "0.00000000", "s2__m_": "0.00000000", "msf__m_": "0.00000000", "tidal_addi": "0.00000000", "spring_tid": "0.00000000", "neap_tidal": "0.00000000", "tidal_redu": "0.00000000", "shwl__mmsl": "10.13200000", "slwl__mmsl": "2.03900000", "comment": "-", "updated_at": "2023-12-19 11:16:12.6216", "updated_by": "osk", "observed_y": 27, "class_of_r": "II", "flow_statu": "Perennial", "islwl": "-", "exceedance": 2, "exceedan_1": 10.13, "exceedan_2": 95, "exceedan_3": 2.04, "spring_red": 0, "neap_reduc": 0, "final_redu": 0, "shwl__mm_1": "-", "slwl__mm_1": "-", "used_for_s": 1, "used_fo_01": 1}}, {"type": "Feature", "id": 313, "geometry": {"type": "Point", "coordinates": [89.81244200468063, 23.78405900299549]}, "properties": {"gid": 313, "objectid": 333, "organizati": "BWDB", "station_id": "SW91.9L", "wl_station": "Baruria Transit", "st_name": "SW91.9L (Baruria Transit)", "river_name": "Ganges-Padma", "district": "Manikganj", "upazila": "Harirampur", "region": "South-West", "tidal_stat": "Non-Tidal (Non Flashy)", "latitude": 23.784059, "longitude": 89.81244199999999, "btm_x": 481175.32, "btm_y": 630036.72, "sob_effect": "2023-01-01 00:00:00", "sob_conver": "-0.14000000", "pwd_cd": "-", "msl": "-", "f5__exceed": "8.32000000", "f95__excee": "1.66300000", "m2__m_": "0.00000000", "s2__m_": "0.00000000", "msf__m_": "0.00000000", "tidal_addi": "0.00000000", "spring_tid": "0.00000000", "neap_tidal": "0.00000000", "tidal_redu": "0.00000000", "shwl__mmsl": "8.32000000", "slwl__mmsl": "1.66300000", "comment": "-", "updated_at": "2023-12-19 11:16:12.6216", "updated_by": "osk", "observed_y": 27, "class_of_r": "I", "flow_statu": "Perennial", "islwl": "-", "exceedance": 2, "exceedan_1": 8.32, "exceedan_2": 95, "exceedan_3": 1.6600000000000001, "spring_red": 0, "neap_reduc": 0, "final_redu": 0, "shwl__mm_1": "-", "slwl__mm_1": "-", "used_for_s": 1, "used_fo_01": 1}}, {"type": "Feature", "id": 314, "geometry": {"type": "Point", "coordinates": [90.43793900310993, 23.552334003150463]}, "properties": {"gid": 314, "objectid": 376, "organizati": "BIWTA", "station_id": "Kunderbazar 1920", "wl_station": "Kunderbazar 1920", "st_name": "Kunderbazar 1920", "river_name": "Katpotty-Taltoli", "district": "Munshiganj", "upazila": "Serajdi Khan", "region": "North-Central", "tidal_stat": "Tidal", "latitude": 23.552334, "longitude": 90.437939, "btm_x": 544979.52, "btm_y": 604438.49, "sob_effect": null, "sob_conver": "0.00000000", "pwd_cd": "6.482m PWD", "msl": "5.8594", "f5__exceed": "4.82700000", "f95__excee": "0.34200000", "m2__m_": "0.10100000", "s2__m_": "0.03400000", "msf__m_": "0.10800000", "tidal_addi": "0.25600000", "spring_tid": "-0.04000000", "neap_tidal": "-0.18200000", "tidal_redu": "-0.18200000", "shwl__mmsl": "5.08300000", "slwl__mmsl": "0.16100000", "comment": "Deleting data from Aug'2011 to 2016, with the remainings, both DML & T.C. were computed", "updated_at": "2023-12-19 11:16:12.6216", "updated_by": "osk", "observed_y": 27, "class_of_r": "III", "flow_statu": "Perennial", "islwl": "-", "exceedance": 2, "exceedan_1": 4.83, "exceedan_2": 95, "exceedan_3": 0.34, "spring_red": -0.04, "neap_reduc": -0.18000000000000002, "final_redu": -0.18000000000000002, "shwl__mm_1": "-", "slwl__mm_1": "-", "used_for_s": 1, "used_fo_01": 1}}, {"type": "Feature", "id": 315, "geometry": {"type": "Point", "coordinates": [89.77717350423336, 23.767355605959892]}, "properties": {"gid": 315, "objectid": 334, "organizati": "BWDB", "station_id": "SW91.9R", "wl_station": "Goalundo Transit", "st_name": "SW91.9R (Goalundo Transit)", "river_name": "Ganges-Padma", "district": "Rajbari", "upazila": "Goalandaghat", "region": "South-West", "tidal_stat": "Non-Tidal (Non Flashy)", "latitude": 23.767355629999997, "longitude": 89.77717348, "btm_x": 477579.28, "btm_y": 628192.67, "sob_effect": "2023-01-01 00:00:00", "sob_conver": "-0.76000000", "pwd_cd": "-", "msl": "-", "f5__exceed": "8.32800000", "f95__excee": "1.58100000", "m2__m_": "0.00000000", "s2__m_": "0.00000000", "msf__m_": "0.00000000", "tidal_addi": "0.00000000", "spring_tid": "0.00000000", "neap_tidal": "0.00000000", "tidal_redu": "0.00000000", "shwl__mmsl": "8.32800000", "slwl__mmsl": "1.58100000", "comment": "SLWL and SHWL are omitted during contour map creation.", "updated_at": "2023-12-19 11:16:12.6216", "updated_by": "osk", "observed_y": 27, "class_of_r": "I", "flow_statu": "Perennial", "islwl": "-", "exceedance": 2, "exceedan_1": 8.33, "exceedan_2": 95, "exceedan_3": 1.58, "spring_red": 0, "neap_reduc": 0, "final_redu": 0, "shwl__mm_1": "8.399", "slwl__mm_1": "1.668", "used_for_s": 0, "used_fo_01": 0}}, {"type": "Feature", "id": 316, "geometry": {"type": "Point", "coordinates": [90.21755600720644, 23.50603900104761]}, "properties": {"gid": 316, "objectid": 335, "organizati": "BWDB", "station_id": "SW93.4L", "wl_station": "Bhagyakul", "st_name": "SW93.4L (Bhagyakul)", "river_name": "Ganges-Padma", "district": "Munshiganj", "upazila": "Sreenagar", "region": "North-Central", "tidal_stat": "Tidal", "latitude": 23.506039, "longitude": 90.217556, "btm_x": 522494.96, "btm_y": 599261.91, "sob_effect": "2022-01-01 00:00:00", "sob_conver": "-0.74000000", "pwd_cd": "-", "msl": "-", "f5__exceed": "5.85100000", "f95__excee": "0.76800000", "m2__m_": "0.07600000", "s2__m_": "0.28500000", "msf__m_": "0.10600000", "tidal_addi": "0.50300000", "spring_tid": "-0.29000000", "neap_tidal": "0.12300000", "tidal_redu": "-0.29000000", "shwl__mmsl": "6.35400000", "slwl__mmsl": "0.47800000", "comment": "-", "updated_at": "2023-12-19 11:16:12.6216", "updated_by": "osk", "observed_y": 27, "class_of_r": "I", "flow_statu": "Perennial", "islwl": "-", "exceedance": 2, "exceedan_1": 5.85, "exceedan_2": 95, "exceedan_3": 0.77, "spring_red": -0.29000000000000004, "neap_reduc": 0.12000000000000001, "final_redu": -0.29000000000000004, "shwl__mm_1": "-", "slwl__mm_1": "-", "used_for_s": 1, "used_fo_01": 1}}, {"type": "Feature", "id": 317, "geometry": {"type": "Point", "coordinates": [90.25749900192022, 23.47104700654745]}, "properties": {"gid": 317, "objectid": 336, "organizati": "BWDB", "station_id": "SW93.5L", "wl_station": "Mawa", "st_name": "SW93.5L (Mawa)", "river_name": "Ganges-Padma", "district": "Munshiganj", "upazila": "Lohajang", "region": "North-Central", "tidal_stat": "Tidal", "latitude": 23.471047, "longitude": 90.25749900000001, "btm_x": 526579.89, "btm_y": 595394.81, "sob_effect": "2022-01-01 00:00:00", "sob_conver": "-0.71300000", "pwd_cd": "-", "msl": "-", "f5__exceed": "5.48100000", "f95__excee": "0.60900000", "m2__m_": "0.09300000", "s2__m_": "0.05900000", "msf__m_": "0.11900000", "tidal_addi": "0.28600000", "spring_tid": "-0.04800000", "neap_tidal": "-0.15600000", "tidal_redu": "-0.15600000", "shwl__mmsl": "5.76700000", "slwl__mmsl": "0.45200000", "comment": "-", "updated_at": "2023-12-19 11:16:12.6216", "updated_by": "osk", "observed_y": 27, "class_of_r": "I", "flow_statu": "Perennial", "islwl": "-", "exceedance": 2, "exceedan_1": 5.48, "exceedan_2": 95, "exceedan_3": 0.61, "spring_red": -0.05, "neap_reduc": -0.16, "final_redu": -0.16, "shwl__mm_1": "-", "slwl__mm_1": "-", "used_for_s": 1, "used_fo_01": 1}}, {"type": "Feature", "id": 318, "geometry": {"type": "Point", "coordinates": [90.33006900548935, 23.46680600196123]}, "properties": {"gid": 318, "objectid": 337, "organizati": "BWDB", "station_id": "SW94", "wl_station": "Tarpasa", "st_name": "SW94 (Tarpasa)", "river_name": "Ganges-Padma", "district": "Munshiganj", "upazila": "Lohajang", "region": "North-Central", "tidal_stat": "Tidal", "latitude": 23.466806, "longitude": 90.330069, "btm_x": 533992, "btm_y": 594940.44, "sob_effect": "2022-01-01 00:00:00", "sob_conver": "-0.69400000", "pwd_cd": "-", "msl": "-", "f5__exceed": "5.14400000", "f95__excee": "0.48900000", "m2__m_": "0.08900000", "s2__m_": "0.04300000", "msf__m_": "0.12700000", "tidal_addi": "0.27200000", "spring_tid": "-0.01800000", "neap_tidal": "-0.17700000", "tidal_redu": "-0.17700000", "shwl__mmsl": "5.41500000", "slwl__mmsl": "0.31200000", "comment": "-", "updated_at": "2023-12-19 11:16:12.6216", "updated_by": "osk", "observed_y": 24, "class_of_r": "I", "flow_statu": "Perennial", "islwl": "-", "exceedance": 2, "exceedan_1": 5.14, "exceedan_2": 95, "exceedan_3": 0.49000000000000005, "spring_red": -0.02, "neap_reduc": -0.18000000000000002, "final_redu": -0.18000000000000002, "shwl__mm_1": "-", "slwl__mm_1": "-", "used_for_s": 1, "used_fo_01": 1}}, {"type": "Feature", "id": 319, "geometry": {"type": "Point", "coordinates": [90.47134440392256, 23.31388820707798]}, "properties": {"gid": 319, "objectid": 338, "organizati": "BWDB", "station_id": "SW95", "wl_station": "Sureswar", "st_name": "SW95 (Sureswar)", "river_name": "Ganges-Padma", "district": "Shariatpur", "upazila": "Naria", "region": "South-West", "tidal_stat": "Tidal", "latitude": 23.31388823, "longitude": 90.47134444, "btm_x": 548475.28, "btm_y": 578051.58, "sob_effect": "2023-01-01 00:00:00", "sob_conver": "-1.02000000", "pwd_cd": "-", "msl": "-", "f5__exceed": "3.71800000", "f95__excee": "-0.23100000", "m2__m_": "0.19000000", "s2__m_": "0.06300000", "msf__m_": "0.13800000", "tidal_addi": "0.41600000", "spring_tid": "-0.14100000", "neap_tidal": "-0.27800000", "tidal_redu": "-0.27800000", "shwl__mmsl": "4.13300000", "slwl__mmsl": "-0.50800000", "comment": "There is seemed several data shifting in the time series. Due to this frequent data shifting, the estimated SHWL & SLWL are not matched with the nearest values. So, the station is not considered in contour map creation.", "updated_at": "2023-12-19 11:16:12.6216", "updated_by": "osk", "observed_y": 27, "class_of_r": "I", "flow_statu": "Perennial", "islwl": "-", "exceedance": 2, "exceedan_1": 3.72, "exceedan_2": 95, "exceedan_3": -0.23, "spring_red": -0.14, "neap_reduc": -0.28, "final_redu": -0.28, "shwl__mm_1": "-", "slwl__mm_1": "-", "used_for_s": 0, "used_fo_01": 0}}, {"type": "Feature", "id": 320, "geometry": {"type": "Point", "coordinates": [89.4027290046215, 25.548527002334595]}, "properties": {"gid": 320, "objectid": 340, "organizati": "BWDB", "station_id": "SW96.5", "wl_station": "Mirjapur", "st_name": "SW96.5 (Mirjapur)", "river_name": "Ghagot", "district": "Rangpur", "upazila": "Mithapukur", "region": "North-West", "tidal_stat": "Non-Tidal (Non Flashy)", "latitude": 25.548527, "longitude": 89.402729, "btm_x": 440283.29, "btm_y": 825525.82, "sob_effect": "2022-11-01 00:00:00", "sob_conver": "-0.71000000", "pwd_cd": "-", "msl": "-", "f5__exceed": "25.02600000", "f95__excee": "20.98900000", "m2__m_": "0.00000000", "s2__m_": "0.00000000", "msf__m_": "0.00000000", "tidal_addi": "0.00000000", "spring_tid": "0.00000000", "neap_tidal": "0.00000000", "tidal_redu": "0.00000000", "shwl__mmsl": "25.02600000", "slwl__mmsl": "20.98900000", "comment": "-", "updated_at": "2023-12-19 11:16:12.6216", "updated_by": "osk", "observed_y": 21, "class_of_r": "IV", "flow_statu": "Seasonal", "islwl": "-", "exceedance": 2, "exceedan_1": 25.03, "exceedan_2": 95, "exceedan_3": 20.99, "spring_red": 0, "neap_reduc": 0, "final_redu": 0, "shwl__mm_1": "-", "slwl__mm_1": "-", "used_for_s": 1, "used_fo_01": 1}}, {"type": "Feature", "id": 321, "geometry": {"type": "Point", "coordinates": [89.18828400224447, 25.799202002584934]}, "properties": {"gid": 321, "objectid": 341, "organizati": "BWDB", "station_id": "SW96A", "wl_station": "Jafarganj Road Crossing", "st_name": "SW96A (Jafarganj Road Crossing)", "river_name": "Ghagot", "district": "Rangpur", "upazila": "Rangpur Sadar", "region": "North-West", "tidal_stat": "Non-Tidal (Non Flashy)", "latitude": 25.799201999999998, "longitude": 89.188284, "btm_x": 418910.3, "btm_y": 853401.03, "sob_effect": "2022-11-01", "sob_conver": "-0.60000000", "pwd_cd": null, "msl": null, "f5__exceed": "33.06", "f95__excee": "29.32", "m2__m_": "0.00000000", "s2__m_": "0.00000000", "msf__m_": "0.00000000", "tidal_addi": "0.00000000", "spring_tid": "0.00000000", "neap_tidal": "0.00000000", "tidal_redu": "0.00000000", "shwl__mmsl": "33.06", "slwl__mmsl": "29.32", "comment": "-", "updated_at": "2024-02-05 16:43:25.133422", "updated_by": "Arif", "observed_y": 27, "class_of_r": "IV", "flow_statu": "Seasonal", "islwl": "-", "exceedance": 2, "exceedan_1": 33.3, "exceedan_2": 95, "exceedan_3": 29.56, "spring_red": 0, "neap_reduc": 0, "final_redu": 0, "shwl__mm_1": "-", "slwl__mm_1": "-", "used_for_s": 1, "used_fo_01": 1}}, {"type": "Feature", "id": 322, "geometry": {"type": "Point", "coordinates": [89.55103800445795, 25.33890900015831]}, "properties": {"gid": 322, "objectid": 342, "organizati": "BWDB", "station_id": "SW97", "wl_station": "Gaibandha", "st_name": "SW97 (Gaibandha)", "river_name": "Ghagot", "district": "Gaibandha", "upazila": "Gaibandha Sadar", "region": "North-West", "tidal_stat": "Non-Tidal (Non Flashy)", "latitude": 25.338908999999997, "longitude": 89.551038, "btm_x": 455104.11, "btm_y": 802254.79, "sob_effect": "2022-11-01 00:00:00", "sob_conver": "-0.75000000", "pwd_cd": "-", "msl": "-", "f5__exceed": "21.17600000", "f95__excee": "15.91800000", "m2__m_": "0.00000000", "s2__m_": "0.00000000", "msf__m_": "0.00000000", "tidal_addi": "0.00000000", "spring_tid": "0.00000000", "neap_tidal": "0.00000000", "tidal_redu": "0.00000000", "shwl__mmsl": "21.17600000", "slwl__mmsl": "15.91800000", "comment": "-", "updated_at": "2023-12-19 11:16:12.6216", "updated_by": "osk", "observed_y": 27, "class_of_r": "IV", "flow_statu": "Perennial", "islwl": "-", "exceedance": 2, "exceedan_1": 21.18, "exceedan_2": 95, "exceedan_3": 15.92, "spring_red": 0, "neap_reduc": 0, "final_redu": 0, "shwl__mm_1": "-", "slwl__mm_1": "-", "used_for_s": 1, "used_fo_01": 1}}, {"type": "Feature", "id": 323, "geometry": {"type": "Point", "coordinates": [89.17912750691175, 23.885100305080414]}, "properties": {"gid": 323, "objectid": 343, "organizati": "BWDB", "station_id": "SW99", "wl_station": "Gorai Railway Bridge", "st_name": "SW99 (Gorai Railway Bridge)", "river_name": "Gorai-Madhumati-Haringhata-Baleswar", "district": "Kushtia", "upazila": "Kushtia Sadar", "region": "South-West", "tidal_stat": "Non-Tidal (Non Flashy)", "latitude": 23.88510034, "longitude": 89.17912754000001, "btm_x": 416716.58, "btm_y": 641452.85, "sob_effect": "2022-11-01 00:00:00", "sob_conver": "-0.74000000", "pwd_cd": "-", "msl": "-", "f5__exceed": "11.40200000", "f95__excee": "3.11800000", "m2__m_": "0.00000000", "s2__m_": "0.00000000", "msf__m_": "0.00000000", "tidal_addi": "0.00000000", "spring_tid": "0.00000000", "neap_tidal": "0.00000000", "tidal_redu": "0.00000000", "shwl__mmsl": "11.40200000", "slwl__mmsl": "3.11800000", "comment": "-", "updated_at": "2023-12-19 11:16:12.6216", "updated_by": "osk", "observed_y": 26, "class_of_r": "III", "flow_statu": "Perennial", "islwl": "-", "exceedance": 2, "exceedan_1": 11.4, "exceedan_2": 95, "exceedan_3": 3.12, "spring_red": 0, "neap_reduc": 0, "final_redu": 0, "shwl__mm_1": "-", "slwl__mm_1": "-", "used_for_s": 1, "used_fo_01": 1}}, {"type": "Feature", "id": 324, "geometry": {"type": "Point", "coordinates": [91.22511200606823, 24.559898003935814]}, "properties": {"gid": 324, "objectid": 344, "organizati": "BIWTA", "station_id": "Ajmeriganj 4310", "wl_station": "Ajmeriganj 4310", "st_name": "Ajmeriganj 4310", "river_name": "Kushiyara", "district": "Kishoreganj", "upazila": "Itna", "region": "North-East", "tidal_stat": "Non-Tidal (Non Flashy)", "latitude": 24.559898, "longitude": 91.225112, "btm_x": 624351.27, "btm_y": 716472.89, "sob_effect": null, "sob_conver": "0.00000000", "pwd_cd": "-", "msl": "7.2795", "f5__exceed": "0.00000000", "f95__excee": "0.00000000", "m2__m_": "0.00000000", "s2__m_": "0.00000000", "msf__m_": "0.00000000", "tidal_addi": "0.00000000", "spring_tid": "0.00000000", "neap_tidal": "0.00000000", "tidal_redu": "0.00000000", "shwl__mmsl": "0.00000000", "slwl__mmsl": "0.00000000", "comment": "Not ready yet by BIWTA officials. They will inform us later after checking datum & WL of this station.", "updated_at": "2023-12-19 11:16:12.6216", "updated_by": "osk", "observed_y": 14, "class_of_r": "II", "flow_statu": "Perennial", "islwl": "-", "exceedance": 2, "exceedan_1": 0, "exceedan_2": 95, "exceedan_3": 0, "spring_red": 0, "neap_reduc": 0, "final_redu": 0, "shwl__mm_1": "-", "slwl__mm_1": "-", "used_for_s": 0, "used_fo_01": 0}}, {"type": "Feature", "id": 325, "geometry": {"type": "Point", "coordinates": [89.34420700371265, 22.219795003533363]}, "properties": {"gid": 325, "objectid": 345, "organizati": "BIWTA", "station_id": "Angti Hara 1038", "wl_station": "Angti Hara 1038", "st_name": "Angti Hara 1038", "river_name": "Shakbaria Khal", "district": "Khulna", "upazila": "Koyra", "region": "South-West", "tidal_stat": "Tidal", "latitude": 22.219795, "longitude": 89.344207, "btm_x": 432696.43, "btm_y": 457008.14, "sob_effect": null, "sob_conver": "0.00000000", "pwd_cd": "-", "msl": "2.46744", "f5__exceed": "0.48800000", "f95__excee": "-0.34400000", "m2__m_": "1.43200000", "s2__m_": "0.58500000", "msf__m_": "0.03300000", "tidal_addi": "2.25200000", "spring_tid": "-2.18500000", "neap_tidal": "-0.96600000", "tidal_redu": "-2.18500000", "shwl__mmsl": "2.74100000", "slwl__mmsl": "-2.52900000", "comment": "SHWL & SLWL determined for this station are not useable for contour map creation due to limited period of data (July'2019-March'21). SHWL & SLWL computed from limited data will not appropriate with existing scenerios", "updated_at": "2023-12-19 11:16:12.6216", "updated_by": "osk", "observed_y": 3, "class_of_r": "I", "flow_statu": "Perennial", "islwl": "-", "exceedance": 2, "exceedan_1": 0.49000000000000005, "exceedan_2": 95, "exceedan_3": -0.34, "spring_red": -2.19, "neap_reduc": -0.9700000000000001, "final_redu": -2.19, "shwl__mm_1": "1.956", "slwl__mm_1": "-2.735", "used_for_s": 0, "used_fo_01": 0}}, {"type": "Feature", "id": 326, "geometry": {"type": "Point", "coordinates": [90.36020600050688, 23.89171700179577]}, "properties": {"gid": 326, "objectid": 346, "organizati": "BIWTA", "station_id": "Ashulia 4110", "wl_station": "Ashulia 4110", "st_name": "Ashulia 4110", "river_name": "Tongi Khal", "district": "Dhaka", "upazila": "Uttara", "region": "North-Central", "tidal_stat": "Tidal", "latitude": 23.891717, "longitude": 90.360206, "btm_x": 536951.01, "btm_y": 641989.68, "sob_effect": null, "sob_conver": "0.00000000", "pwd_cd": "8.736m PWD", "msl": "7.6457", "f5__exceed": "4.84400000", "f95__excee": "0.28100000", "m2__m_": "0.03500000", "s2__m_": "0.04700000", "msf__m_": "0.08800000", "tidal_addi": "0.17800000", "spring_tid": "-0.00200000", "neap_tidal": "-0.07600000", "tidal_redu": "-0.07600000", "shwl__mmsl": "5.02200000", "slwl__mmsl": "0.20600000", "comment": "Full timeseries used for the computation of both tidal constituents and DML. SHWL is not used in contour map creation.", "updated_at": "2023-12-19 11:16:12.6216", "updated_by": "osk", "observed_y": 17, "class_of_r": "II", "flow_statu": "Perennial", "islwl": "-", "exceedance": 2, "exceedan_1": 4.84, "exceedan_2": 95, "exceedan_3": 0.28, "spring_red": 0, "neap_reduc": -0.08, "final_redu": -0.08, "shwl__mm_1": "5.561", "slwl__mm_1": "-", "used_for_s": 0, "used_fo_01": 1}}, {"type": "Feature", "id": 327, "geometry": {"type": "Point", "coordinates": [89.58731100708246, 24.132513001561165]}, "properties": {"gid": 327, "objectid": 347, "organizati": "BIWTA", "station_id": "Baghabari 2720", "wl_station": "Baghabari 2720", "st_name": "Baghabari 2720", "river_name": "Hurasagar", "district": "Sirajganj", "upazila": "Shahjadpur", "region": "North-West", "tidal_stat": "Non-Tidal (Non Flashy)", "latitude": 24.132513, "longitude": 89.587311, "btm_x": 458351.76, "btm_y": 668664.03, "sob_effect": null, "sob_conver": "0.00000000", "pwd_cd": "13.548m PWD", "msl": "12.79531", "f5__exceed": "10.17300000", "f95__excee": "2.76200000", "m2__m_": "0.00000000", "s2__m_": "0.00000000", "msf__m_": "0.00000000", "tidal_addi": "0.00000000", "spring_tid": "0.00000000", "neap_tidal": "0.00000000", "tidal_redu": "0.00000000", "shwl__mmsl": "10.17300000", "slwl__mmsl": "2.76200000", "comment": "-", "updated_at": "2023-12-19 11:16:12.6216", "updated_by": "osk", "observed_y": 27, "class_of_r": "I", "flow_statu": "Perennial", "islwl": "-", "exceedance": 2, "exceedan_1": 10.17, "exceedan_2": 95, "exceedan_3": 2.76, "spring_red": 0, "neap_reduc": 0, "final_redu": 0, "shwl__mm_1": "-", "slwl__mm_1": "-", "used_for_s": 1, "used_fo_01": 1}}, {"type": "Feature", "id": 328, "geometry": {"type": "Point", "coordinates": [89.67465700209141, 23.08566700667143]}, "properties": {"gid": 328, "objectid": 348, "organizati": "BIWTA", "station_id": "Bardia 2410", "wl_station": "Bardia 2410", "st_name": "Bardia 2410", "river_name": "Nabaganga", "district": "Narail", "upazila": "Lohagara", "region": "South-West", "tidal_stat": "Tidal", "latitude": 23.085667, "longitude": 89.674657, "btm_x": 466963.2, "btm_y": 552745.77, "sob_effect": null, "sob_conver": "0.00000000", "pwd_cd": "4.813m PWD", "msl": "3.9691", "f5__exceed": "2.74100000", "f95__excee": "-0.37600000", "m2__m_": "0.30100000", "s2__m_": "0.08900000", "msf__m_": "0.14800000", "tidal_addi": "0.57700000", "spring_tid": "-0.28100000", "neap_tidal": "-0.38100000", "tidal_redu": "-0.38100000", "shwl__mmsl": "3.31800000", "slwl__mmsl": "-0.75700000", "comment": "(2019-2022) timeseries used for the computation of tidal constants and Full timeseries used for the computation of DML", "updated_at": "2023-12-19 11:16:12.6216", "updated_by": "osk", "observed_y": 26, "class_of_r": "III", "flow_statu": "Perennial", "islwl": "-", "exceedance": 2, "exceedan_1": 2.74, "exceedan_2": 95, "exceedan_3": -0.38, "spring_red": -0.28, "neap_reduc": -0.38, "final_redu": -0.38, "shwl__mm_1": "-", "slwl__mm_1": "-", "used_for_s": 1, "used_fo_01": 1}}, {"type": "Feature", "id": 329, "geometry": {"type": "Point", "coordinates": [90.61904700100422, 23.49143200367689]}, "properties": {"gid": 329, "objectid": 391, "organizati": "BIWTA", "station_id": "Satnal 1660", "wl_station": "Satnal 1660", "st_name": "Satnal 1660", "river_name": "Meghna (upper)", "district": "Munshiganj", "upazila": "Gazaria", "region": "South-East", "tidal_stat": "Tidal", "latitude": 23.491432, "longitude": 90.619047, "btm_x": 563492.83, "btm_y": 597764.13, "sob_effect": null, "sob_conver": "0.00000000", "pwd_cd": "6.22m PWD", "msl": "5.285", "f5__exceed": "0.00000000", "f95__excee": "0.00000000", "m2__m_": "0.00000000", "s2__m_": "0.00000000", "msf__m_": "0.00000000", "tidal_addi": "0.00000000", "spring_tid": "0.00000000", "neap_tidal": "0.00000000", "tidal_redu": "0.00000000", "shwl__mmsl": "0.00000000", "slwl__mmsl": "0.00000000", "comment": "Not ready yet by BIWTA officials. They will inform us later after checking datum & WL of this station.", "updated_at": "2023-12-19 11:16:12.6216", "updated_by": "osk", "observed_y": 27, "class_of_r": "I", "flow_statu": "Perennial", "islwl": "-", "exceedance": 2, "exceedan_1": 0, "exceedan_2": 95, "exceedan_3": 0, "spring_red": 0, "neap_reduc": 0, "final_redu": 0, "shwl__mm_1": "-", "slwl__mm_1": "-", "used_for_s": 0, "used_fo_01": 0}}, {"type": "Feature", "id": 330, "geometry": {"type": "Point", "coordinates": [90.37368000298738, 22.69360100477934]}, "properties": {"gid": 330, "objectid": 349, "organizati": "BIWTA", "station_id": "Barisal 1810", "wl_station": "Barisal 1810", "st_name": "Barisal 1810", "river_name": "Kirtonkhola", "district": "Barishal", "upazila": "Barishal Sadar", "region": "South-West", "tidal_stat": "Tidal", "latitude": 22.693601, "longitude": 90.37368, "btm_x": 538664.67, "btm_y": 509356.33, "sob_effect": null, "sob_conver": "0.00000000", "pwd_cd": "4.360m PWD", "msl": "3.30495", "f5__exceed": "1.32800000", "f95__excee": "-0.41500000", "m2__m_": "0.40100000", "s2__m_": "0.15200000", "msf__m_": "0.14500000", "tidal_addi": "0.75300000", "spring_tid": "-0.46300000", "neap_tidal": "-0.41900000", "tidal_redu": "-0.46300000", "shwl__mmsl": "2.08000000", "slwl__mmsl": "-0.87800000", "comment": "Full timeseries used for the computation of both tidal constituents and DML. SHWL is used in contour map creation, but SLWL is omitted.", "updated_at": "2023-12-19 11:16:12.6216", "updated_by": "osk", "observed_y": 27, "class_of_r": "I", "flow_statu": "Perennial", "islwl": "-", "exceedance": 2, "exceedan_1": 1.33, "exceedan_2": 95, "exceedan_3": -0.42000000000000004, "spring_red": -0.46, "neap_reduc": -0.42000000000000004, "final_redu": -0.46, "shwl__mm_1": "-", "slwl__mm_1": "-0.647", "used_for_s": 1, "used_fo_01": 0}}, {"type": "Feature", "id": 331, "geometry": {"type": "Point", "coordinates": [89.69878900051117, 22.548892006278038]}, "properties": {"gid": 331, "objectid": 350, "organizati": "BIWTA", "station_id": "Betbunia 0310", "wl_station": "Betbunia 0310", "st_name": "Betbunia 0310", "river_name": "Bishnu-Kumarkhali", "district": "Bagerhat", "upazila": "Rampal", "region": "South-West", "tidal_stat": "Tidal", "latitude": 22.548892, "longitude": 89.698789, "btm_x": 469313.59, "btm_y": 493320.92, "sob_effect": null, "sob_conver": "0.00000000", "pwd_cd": "4.733m CD", "msl": "3.2502", "f5__exceed": "0.94800000", "f95__excee": "0.16700000", "m2__m_": "0.93200000", "s2__m_": "0.35100000", "msf__m_": "0.08500000", "tidal_addi": "1.49600000", "spring_tid": "-1.32600000", "neap_tidal": "-0.72400000", "tidal_redu": "-1.32600000", "shwl__mmsl": "2.44400000", "slwl__mmsl": "-1.16000000", "comment": "Full timeseries used for the computation of both tidal constituents and DML", "updated_at": "2023-12-19 11:16:12.6216", "updated_by": "osk", "observed_y": 25, "class_of_r": "I", "flow_statu": "Perennial", "islwl": "-", "exceedance": 2, "exceedan_1": 0.9500000000000001, "exceedan_2": 95, "exceedan_3": 0.17, "spring_red": -1.33, "neap_reduc": -0.7200000000000001, "final_redu": -1.33, "shwl__mm_1": "-", "slwl__mm_1": "-", "used_for_s": 1, "used_fo_01": 1}}, {"type": "Feature", "id": 332, "geometry": {"type": "Point", "coordinates": [90.43772900104523, 22.815931007266045]}, "properties": {"gid": 332, "objectid": 351, "organizati": "BIWTA", "station_id": "Bhashan Char (BR) 4030", "wl_station": "Bhashan Char (BR) 4030", "st_name": "Bhashan Char (BR) 4030", "river_name": "Kirtonkhola-Arial Khan-Tentulia", "district": "Barishal", "upazila": "Mehendiganj", "region": "South-West", "tidal_stat": "Tidal", "latitude": 22.815931, "longitude": 90.437729, "btm_x": 545203.28, "btm_y": 522915.95, "sob_effect": null, "sob_conver": "0.00000000", "pwd_cd": "4.460m/4.464m CD", "msl": "3.786", "f5__exceed": "2.17500000", "f95__excee": "0.26200000", "m2__m_": "0.63000000", "s2__m_": "0.24600000", "msf__m_": "0.16700000", "tidal_addi": "1.12900000", "spring_tid": "-0.79600000", "neap_tidal": "-0.58900000", "tidal_redu": "-0.79600000", "shwl__mmsl": "3.30400000", "slwl__mmsl": "-0.53400000", "comment": "(2019-2022) timeseries used for the computation of tidal constants and Full timeseries used for the computation of DML", "updated_at": "2023-12-19 11:16:12.6216", "updated_by": "osk", "observed_y": 27, "class_of_r": "II", "flow_statu": "Perennial", "islwl": "-", "exceedance": 2, "exceedan_1": 2.18, "exceedan_2": 95, "exceedan_3": 0.26, "spring_red": -0.8, "neap_reduc": -0.5900000000000001, "final_redu": -0.8, "shwl__mm_1": "-", "slwl__mm_1": "-", "used_for_s": 1, "used_fo_01": 1}}, {"type": "Feature", "id": 333, "geometry": {"type": "Point", "coordinates": [91.36735500395298, 22.3571520075202]}, "properties": {"gid": 333, "objectid": 352, "organizati": "BIWTA", "station_id": "Bhashan Char (CTG) 1050", "wl_station": "Bhashan Char (CTG) 1050", "st_name": "Bhashan Char (CTG) 1050", "river_name": "Meghna", "district": "Noakhali", "upazila": "Hatiya", "region": "South-East", "tidal_stat": "Tidal", "latitude": 22.357152, "longitude": 91.367355, "btm_x": 641075.38, "btm_y": 472704.86, "sob_effect": null, "sob_conver": "0.00000000", "pwd_cd": "6.219m CD", "msl": "-", "f5__exceed": "0.00000000", "f95__excee": "0.00000000", "m2__m_": "0.00000000", "s2__m_": "0.00000000", "msf__m_": "0.00000000", "tidal_addi": "0.00000000", "spring_tid": "0.00000000", "neap_tidal": "0.00000000", "tidal_redu": "0.00000000", "shwl__mmsl": "0.00000000", "slwl__mmsl": "0.00000000", "comment": "BIWTA informed that this station will be fully cancelled.", "updated_at": "2023-12-19 11:16:12.6216", "updated_by": "osk", "observed_y": 3, "class_of_r": "S", "flow_statu": "Perennial", "islwl": "-", "exceedance": 2, "exceedan_1": 0, "exceedan_2": 95, "exceedan_3": 0, "spring_red": 0, "neap_reduc": 0, "final_redu": 0, "shwl__mm_1": "-", "slwl__mm_1": "-", "used_for_s": 0, "used_fo_01": 0}}, {"type": "Feature", "id": 334, "geometry": {"type": "Point", "coordinates": [90.95763400197029, 24.48105400055647]}, "properties": {"gid": 334, "objectid": 353, "organizati": "BIWTA", "station_id": "Chamraghat 1013", "wl_station": "Chamraghat 1013", "st_name": "Chamraghat 1013", "river_name": "Narasundar", "district": "Kishoreganj", "upazila": "Karimganj", "region": "North-East", "tidal_stat": "Mixed Tidal", "latitude": 24.481054, "longitude": 90.957634, "btm_x": 597322.32, "btm_y": 707527.93, "sob_effect": null, "sob_conver": "0.00000000", "pwd_cd": "-", "msl": "7.3047", "f5__exceed": "0.00000000", "f95__excee": "0.00000000", "m2__m_": "0.00000000", "s2__m_": "0.00000000", "msf__m_": "0.00000000", "tidal_addi": "0.00000000", "spring_tid": "0.00000000", "neap_tidal": "0.00000000", "tidal_redu": "0.00000000", "shwl__mmsl": "0.00000000", "slwl__mmsl": "0.00000000", "comment": "BIWTA informed that this station will be fully cancelled.", "updated_at": "2023-12-19 11:16:12.6216", "updated_by": "osk", "observed_y": 4, "class_of_r": "III", "flow_statu": "Perennial", "islwl": "-", "exceedance": 2, "exceedan_1": 0, "exceedan_2": 95, "exceedan_3": 0, "spring_red": 0, "neap_reduc": 0, "final_redu": 0, "shwl__mm_1": "-", "slwl__mm_1": "-", "used_for_s": 0, "used_fo_01": 0}}, {"type": "Feature", "id": 335, "geometry": {"type": "Point", "coordinates": [90.6517160013318, 23.220980003476143]}, "properties": {"gid": 335, "objectid": 354, "organizati": "BIWTA", "station_id": "Chandpur 1640", "wl_station": "Chandpur 1640", "st_name": "Chandpur 1640", "river_name": "Dakatia", "district": "Chandpur", "upazila": "Chandpur Sadar", "region": "South-East", "tidal_stat": "Tidal", "latitude": 23.22098, "longitude": 90.65171600000001, "btm_x": 566963.69, "btm_y": 567837.47, "sob_effect": null, "sob_conver": "0.00000000", "pwd_cd": "5.197m PWD / 4.947m CD", "msl": "4.2576", "f5__exceed": "3.49300000", "f95__excee": "0.19200000", "m2__m_": "0.27700000", "s2__m_": "0.09900000", "msf__m_": "0.15600000", "tidal_addi": "0.56800000", "spring_tid": "-0.25700000", "neap_tidal": "-0.35200000", "tidal_redu": "-0.35200000", "shwl__mmsl": "4.06100000", "slwl__mmsl": "-0.16000000", "comment": "Full timeseries used for the computation of both tidal constituents and DML", "updated_at": "2023-12-19 11:16:12.6216", "updated_by": "osk", "observed_y": 27, "class_of_r": "II", "flow_statu": "Perennial", "islwl": "-", "exceedance": 2, "exceedan_1": 3.49, "exceedan_2": 95, "exceedan_3": 0.19, "spring_red": -0.26, "neap_reduc": -0.35000000000000003, "final_redu": -0.35000000000000003, "shwl__mm_1": "-", "slwl__mm_1": "-", "used_for_s": 1, "used_fo_01": 1}}, {"type": "Feature", "id": 336, "geometry": {"type": "Point", "coordinates": [91.07149500399828, 22.22970500588417]}, "properties": {"gid": 336, "objectid": 355, "organizati": "BIWTA", "station_id": "Char Changa 1010", "wl_station": "Char Changa 1010", "st_name": "Char Changa 1010", "river_name": "Shahbazpur Channnel", "district": "Noakhali", "upazila": "Hatiya", "region": "South-West", "tidal_stat": "Tidal", "latitude": 22.229705000000003, "longitude": 91.071495, "btm_x": 610708.91, "btm_y": 458349.44, "sob_effect": null, "sob_conver": "0.00000000", "pwd_cd": "5.940m CD", "msl": "3.928", "f5__exceed": "1.15600000", "f95__excee": "-0.08700000", "m2__m_": "1.13500000", "s2__m_": "0.43500000", "msf__m_": "0.08000000", "tidal_addi": "1.80700000", "spring_tid": "-1.64700000", "neap_tidal": "-0.85000000", "tidal_redu": "-1.64700000", "shwl__mmsl": "2.96300000", "slwl__mmsl": "-1.73400000", "comment": "(2019-2022) timeseries used for the computation of both tidal constants and DML", "updated_at": "2023-12-19 11:16:12.6216", "updated_by": "osk", "observed_y": 27, "class_of_r": "I", "flow_statu": "Perennial", "islwl": "-", "exceedance": 2, "exceedan_1": 1.16, "exceedan_2": 95, "exceedan_3": -0.09000000000000001, "spring_red": -1.65, "neap_reduc": -0.8500000000000001, "final_redu": -1.65, "shwl__mm_1": "-", "slwl__mm_1": "-", "used_for_s": 1, "used_fo_01": 1}}, {"type": "Feature", "id": 337, "geometry": {"type": "Point", "coordinates": [90.50974100083113, 21.904494002461433]}, "properties": {"gid": 337, "objectid": 356, "organizati": "BIWTA", "station_id": "Char Montaj", "wl_station": "Char Montaj", "st_name": "Char Montaj", "river_name": "Rabnabad Channel-Tentulia", "district": "Patuakhali", "upazila": "Galachipa", "region": "South-West", "tidal_stat": "Tidal", "latitude": 21.904494, "longitude": 90.50974099999999, "btm_x": 552934.72, "btm_y": 422049.88, "sob_effect": null, "sob_conver": "0.00000000", "pwd_cd": "-", "msl": "3.9545", "f5__exceed": "1.37100000", "f95__excee": "0.34600000", "m2__m_": "0.76100000", "s2__m_": "0.34300000", "msf__m_": "0.02900000", "tidal_addi": "1.24400000", "spring_tid": "-1.18600000", "neap_tidal": "-0.48900000", "tidal_redu": "-1.18600000", "shwl__mmsl": "2.61400000", "slwl__mmsl": "-0.84000000", "comment": "BIWTA informed that this station will be fully cancelled. (2019-2022) timeseries used for the computation of tidal constants and Full timeseries used for the computation of DML", "updated_at": "2023-12-19 11:16:12.6216", "updated_by": "osk", "observed_y": 4, "class_of_r": "I", "flow_statu": "Perennial", "islwl": "-", "exceedance": 2, "exceedan_1": 1.37, "exceedan_2": 95, "exceedan_3": 0.35000000000000003, "spring_red": -1.19, "neap_reduc": -0.49000000000000005, "final_redu": -1.19, "shwl__mm_1": "-", "slwl__mm_1": "-", "used_for_s": 0, "used_fo_01": 0}}, {"type": "Feature", "id": 338, "geometry": {"type": "Point", "coordinates": [90.59588900208473, 22.818138003349304]}, "properties": {"gid": 338, "objectid": 357, "organizati": "BIWTA", "station_id": "Char Ramdaspur 1620", "wl_station": "Char Ramdaspur 1620", "st_name": "Char Ramdaspur 1620", "river_name": "Tentulia", "district": "Barishal", "upazila": "Mehendiganj", "region": "South-West", "tidal_stat": "Tidal", "latitude": 22.818138, "longitude": 90.595889, "btm_x": 561432.99, "btm_y": 523217.03, "sob_effect": null, "sob_conver": "0.00000000", "pwd_cd": "-", "msl": "3.5522", "f5__exceed": "2.33700000", "f95__excee": "0.14100000", "m2__m_": "0.77500000", "s2__m_": "0.29100000", "msf__m_": "0.16800000", "tidal_addi": "1.34100000", "spring_tid": "-1.00500000", "neap_tidal": "-0.70000000", "tidal_redu": "-1.00500000", "shwl__mmsl": "3.67800000", "slwl__mmsl": "-0.86400000", "comment": "(2019-2022) timeseries used for the computation of tidal constants and Full timeseries used for the computation of DML", "updated_at": "2023-12-19 11:16:12.6216", "updated_by": "osk", "observed_y": 27, "class_of_r": "I", "flow_statu": "Perennial", "islwl": "-", "exceedance": 2, "exceedan_1": 2.34, "exceedan_2": 95, "exceedan_3": 0.14, "spring_red": -1.01, "neap_reduc": -0.7000000000000001, "final_redu": -1.01, "shwl__mm_1": "-", "slwl__mm_1": "-", "used_for_s": 1, "used_fo_01": 1}}, {"type": "Feature", "id": 339, "geometry": {"type": "Point", "coordinates": [90.90321300178766, 22.659409001469612]}, "properties": {"gid": 339, "objectid": 359, "organizati": "BIWTA", "station_id": "Chitalkhali 1610", "wl_station": "Chitalkhali 1610", "st_name": "Chitalkhali 1610", "river_name": "Shahbazpur Channel-Lower Meghna", "district": "Lakshmipur", "upazila": "Ramgati", "region": "South-East", "tidal_stat": "Tidal", "latitude": 22.659409, "longitude": 90.903213, "btm_x": 593078.8, "btm_y": 505804.97, "sob_effect": null, "sob_conver": "0.00000000", "pwd_cd": "6.534m CD", "msl": "4.02891", "f5__exceed": "1.87100000", "f95__excee": "-0.45600000", "m2__m_": "0.99200000", "s2__m_": "0.32900000", "msf__m_": "0.10100000", "tidal_addi": "1.55400000", "spring_tid": "-1.35200000", "neap_tidal": "-0.83000000", "tidal_redu": "-1.35200000", "shwl__mmsl": "3.42500000", "slwl__mmsl": "-1.80700000", "comment": "Full timeseries used for the computation of both tidal constituents and DML", "updated_at": "2023-12-19 11:16:12.6216", "updated_by": "osk", "observed_y": 27, "class_of_r": "S", "flow_statu": "Perennial", "islwl": "-", "exceedance": 2, "exceedan_1": 1.87, "exceedan_2": 95, "exceedan_3": -0.46, "spring_red": -1.35, "neap_reduc": -0.8300000000000001, "final_redu": -1.35, "shwl__mm_1": "-", "slwl__mm_1": "-", "used_for_s": 1, "used_fo_01": 1}}, {"type": "Feature", "id": 340, "geometry": {"type": "Point", "coordinates": [91.96910500526428, 21.461057007312775]}, "properties": {"gid": 340, "objectid": 360, "organizati": "BIWTA", "station_id": "Cox's Bazar 1210", "wl_station": "Cox's Bazar 1210", "st_name": "Cox's Bazar 1210", "river_name": "Bakkhali", "district": "Cox's Bazar", "upazila": "Cox's Bazar Sadar", "region": "Eastern Hilly", "tidal_stat": "Tidal", "latitude": 21.461057, "longitude": 91.969105, "btm_x": 704323.15, "btm_y": 374165.65, "sob_effect": null, "sob_conver": "0.00000000", "pwd_cd": "5.506m CD", "msl": "3.10151", "f5__exceed": "0.45500000", "f95__excee": "-0.74100000", "m2__m_": "1.09600000", "s2__m_": "0.47700000", "msf__m_": "0.02400000", "tidal_addi": "1.75400000", "spring_tid": "-1.70700000", "neap_tidal": "-0.70400000", "tidal_redu": "-1.70700000", "shwl__mmsl": "2.20900000", "slwl__mmsl": "-2.44800000", "comment": "(2019-2022) timeseries used for the computation of tidal constants and Full timeseries used for the computation of DML", "updated_at": "2023-12-19 11:16:12.6216", "updated_by": "osk", "observed_y": 27, "class_of_r": "I", "flow_statu": "Perennial", "islwl": "-", "exceedance": 2, "exceedan_1": 0.46, "exceedan_2": 95, "exceedan_3": -0.74, "spring_red": -1.71, "neap_reduc": -0.7000000000000001, "final_redu": -1.71, "shwl__mm_1": "-", "slwl__mm_1": "-", "used_for_s": 1, "used_fo_01": 1}}, {"type": "Feature", "id": 341, "geometry": {"type": "Point", "coordinates": [90.55149100720882, 22.235616005957127]}, "properties": {"gid": 341, "objectid": 361, "organizati": "BIWTA", "station_id": "Dasmina 0810", "wl_station": "Dasmina 0810", "st_name": "Dasmina 0810", "river_name": "Tentulia (Barisal)", "district": "Patuakhali", "upazila": "Dashmina", "region": "South-West", "tidal_stat": "Tidal", "latitude": 22.235616, "longitude": 90.551491, "btm_x": 557114.61, "btm_y": 458716.56, "sob_effect": null, "sob_conver": "0.00000000", "pwd_cd": "4.680m PWD", "msl": "3.4336", "f5__exceed": "0.90300000", "f95__excee": "-0.31800000", "m2__m_": "0.54200000", "s2__m_": "0.23800000", "msf__m_": "0.08400000", "tidal_addi": "0.94200000", "spring_tid": "-0.77400000", "neap_tidal": "-0.41800000", "tidal_redu": "-0.77400000", "shwl__mmsl": "1.84400000", "slwl__mmsl": "-1.09200000", "comment": "(2019-2022) timeseries used for the computation of tidal constants and Full timeseries used for the computation of DML", "updated_at": "2023-12-19 11:16:12.6216", "updated_by": "osk", "observed_y": 25, "class_of_r": "I", "flow_statu": "Perennial", "islwl": "-", "exceedance": 2, "exceedan_1": 0.9, "exceedan_2": 95, "exceedan_3": -0.32, "spring_red": -0.77, "neap_reduc": -0.42000000000000004, "final_redu": -0.77, "shwl__mm_1": "-", "slwl__mm_1": "-", "used_for_s": 1, "used_fo_01": 1}}, {"type": "Feature", "id": 342, "geometry": {"type": "Point", "coordinates": [89.77840300649405, 23.767866000533104]}, "properties": {"gid": 342, "objectid": 362, "organizati": "BIWTA", "station_id": "Daulatdia 2820", "wl_station": "Daulatdia 2820", "st_name": "Daulatdia 2820", "river_name": "Ganges (Padma)", "district": "Rajbari", "upazila": "GoalandaGhat", "region": "South-West", "tidal_stat": "Non-Tidal (Non Flashy)", "latitude": 23.767866, "longitude": 89.77840300000001, "btm_x": 477704.65, "btm_y": 628248.98, "sob_effect": null, "sob_conver": "0.00000000", "pwd_cd": "10.7959m PWD", "msl": "10.1459", "f5__exceed": "8.41900000", "f95__excee": "1.67400000", "m2__m_": "0.00000000", "s2__m_": "0.00000000", "msf__m_": "0.00000000", "tidal_addi": "0.00000000", "spring_tid": "0.00000000", "neap_tidal": "0.00000000", "tidal_redu": "0.00000000", "shwl__mmsl": "8.41900000", "slwl__mmsl": "1.67400000", "comment": "-", "updated_at": "2023-12-19 11:16:12.6216", "updated_by": "osk", "observed_y": 27, "class_of_r": "I", "flow_statu": "Perennial", "islwl": "-", "exceedance": 2, "exceedan_1": 8.42, "exceedan_2": 95, "exceedan_3": 1.67, "spring_red": 0, "neap_reduc": 0, "final_redu": 0, "shwl__mm_1": "-", "slwl__mm_1": "-", "used_for_s": 1, "used_fo_01": 1}}, {"type": "Feature", "id": 343, "geometry": {"type": "Point", "coordinates": [92.05133000016212, 21.294970005750656]}, "properties": {"gid": 343, "objectid": 438, "organizati": "CPA", "station_id": "Rezu Khal", "wl_station": "Rezu Khal", "st_name": "Rezu Khal", "river_name": "Rezu Canal", "district": "Chattogram", "upazila": "Ukhiya", "region": "Eastern Hilly", "tidal_stat": "Tidal", "latitude": 21.29497, "longitude": 92.05133, "btm_x": 713086.08, "btm_y": 355884.41, "sob_effect": null, "sob_conver": "0.00000000", "pwd_cd": "-", "msl": "8.063", "f5__exceed": "2.55500000", "f95__excee": "1.49000000", "m2__m_": "0.72100000", "s2__m_": "0.27800000", "msf__m_": "0.11900000", "tidal_addi": "1.21800000", "spring_tid": "-0.97900000", "neap_tidal": "-0.60700000", "tidal_redu": "-0.97900000", "shwl__mmsl": "3.77300000", "slwl__mmsl": "0.51100000", "comment": "Datum Problem or, Problem in Gauge Zero Value. So, determined SHWL ands SLWL for this station will be unusable.", "updated_at": "2023-12-19 11:16:12.6216", "updated_by": "osk", "observed_y": 2, "class_of_r": "III", "flow_statu": "Perennial", "islwl": "-", "exceedance": 2, "exceedan_1": 2.56, "exceedan_2": 95, "exceedan_3": 1.49, "spring_red": -0.9800000000000001, "neap_reduc": -0.61, "final_redu": -0.9800000000000001, "shwl__mm_1": "-", "slwl__mm_1": "-", "used_for_s": 0, "used_fo_01": 0}}, {"type": "Feature", "id": 344, "geometry": {"type": "Point", "coordinates": [90.25685400515795, 21.870721004903316]}, "properties": {"gid": 344, "objectid": 363, "organizati": "BIWTA", "station_id": "Dhulasur", "wl_station": "Dhulasur", "st_name": "Dhulasur", "river_name": "Tentulia, Rabnabad", "district": "Patuakhali", "upazila": "Kalapara", "region": "South-West", "tidal_stat": "Tidal", "latitude": 21.870721, "longitude": 90.256854, "btm_x": 526820.1, "btm_y": 418246.55, "sob_effect": null, "sob_conver": "0.00000000", "pwd_cd": "3.938m CD", "msl": "2.2319", "f5__exceed": "0.81600000", "f95__excee": "-0.23600000", "m2__m_": "0.76600000", "s2__m_": "0.33900000", "msf__m_": "0.04600000", "tidal_addi": "1.26200000", "spring_tid": "-1.17000000", "neap_tidal": "-0.51600000", "tidal_redu": "-1.17000000", "shwl__mmsl": "2.07800000", "slwl__mmsl": "-1.40600000", "comment": "Though this station has limited period of data, SLWL is used in contour map, but SHWL is omitted.", "updated_at": "2023-12-19 11:16:12.6216", "updated_by": "osk", "observed_y": 4, "class_of_r": "I", "flow_statu": "Perennial", "islwl": "-", "exceedance": 2, "exceedan_1": 0.8200000000000001, "exceedan_2": 95, "exceedan_3": -0.24000000000000002, "spring_red": -1.17, "neap_reduc": -0.52, "final_redu": -1.17, "shwl__mm_1": "2.170", "slwl__mm_1": "-", "used_for_s": 0, "used_fo_01": 1}}, {"type": "Feature", "id": 345, "geometry": {"type": "Point", "coordinates": [90.53328700363636, 22.55986300110817]}, "properties": {"gid": 345, "objectid": 364, "organizati": "BIWTA", "station_id": "Dhulia 0820", "wl_station": "Dhulia 0820", "st_name": "Dhulia 0820", "river_name": "Algi", "district": "Patuakhali", "upazila": "Bauphal", "region": "South-West", "tidal_stat": "Tidal", "latitude": 22.559863, "longitude": 90.53328699999999, "btm_x": 555111.36, "btm_y": 494602, "sob_effect": null, "sob_conver": "0.00000000", "pwd_cd": "4.365m CD", "msl": "3.0706", "f5__exceed": "1.23100000", "f95__excee": "-0.33300000", "m2__m_": "0.41900000", "s2__m_": "0.18000000", "msf__m_": "0.13700000", "tidal_addi": "0.79600000", "spring_tid": "-0.52100000", "neap_tidal": "-0.40100000", "tidal_redu": "-0.52100000", "shwl__mmsl": "2.02600000", "slwl__mmsl": "-0.85400000", "comment": "(2019-2022) timeseries used for the computation of tidal constants and Full timeseries used for the computation of DML", "updated_at": "2023-12-19 11:16:12.6216", "updated_by": "osk", "observed_y": 24, "class_of_r": "I", "flow_statu": "Perennial", "islwl": "-", "exceedance": 2, "exceedan_1": 1.23, "exceedan_2": 95, "exceedan_3": -0.33, "spring_red": -0.52, "neap_reduc": -0.4, "final_redu": -0.52, "shwl__mm_1": "-", "slwl__mm_1": "-", "used_for_s": 1, "used_fo_01": 1}}, {"type": "Feature", "id": 346, "geometry": {"type": "Point", "coordinates": [89.47758500277996, 22.97690600156784]}, "properties": {"gid": 346, "objectid": 365, "organizati": "BIWTA", "station_id": "Fultola 1037", "wl_station": "Fultola 1037", "st_name": "Fultola 1037", "river_name": "Bhairab", "district": "Khulna", "upazila": "Fultola", "region": "South-West", "tidal_stat": "Tidal", "latitude": 22.976906, "longitude": 89.477585, "btm_x": 446736.55, "btm_y": 540764.21, "sob_effect": null, "sob_conver": "0.00000000", "pwd_cd": "5.525m CD", "msl": "3.6021", "f5__exceed": "1.35600000", "f95__excee": "-0.02400000", "m2__m_": "0.98800000", "s2__m_": "0.37400000", "msf__m_": "0.13700000", "tidal_addi": "1.63500000", "spring_tid": "-1.36100000", "neap_tidal": "-0.81200000", "tidal_redu": "-1.36100000", "shwl__mmsl": "2.99100000", "slwl__mmsl": "-1.38500000", "comment": "SHWL & SLWL determined for this station are not useable for contour map creation due to limited period of data (May'2019-2022). SHWL & SLWL computed from limited data will not appropriate with existing scenerios.", "updated_at": "2023-12-19 11:16:12.6216", "updated_by": "osk", "observed_y": 4, "class_of_r": "I", "flow_statu": "Perennial", "islwl": "-", "exceedance": 2, "exceedan_1": 1.36, "exceedan_2": 95, "exceedan_3": -0.02, "spring_red": -1.36, "neap_reduc": -0.81, "final_redu": -1.36, "shwl__mm_1": "2.900", "slwl__mm_1": "-1.235", "used_for_s": 0, "used_fo_01": 0}}, {"type": "Feature", "id": 347, "geometry": {"type": "Point", "coordinates": [89.68718230724335, 23.481595002114773]}, "properties": {"gid": 347, "objectid": 74, "organizati": "BWDB", "station_id": "SW169", "wl_station": "Mazurdia", "st_name": "SW169 (Mazurdia)", "river_name": "Kumar_Faridpur", "district": "Faridpur", "upazila": "Boalmari", "region": "South-West", "tidal_stat": "Non-Tidal (Non Flashy)", "latitude": 23.48159502, "longitude": 89.6871823, "btm_x": 468340.59, "btm_y": 596573.75, "sob_effect": "2023-01-01 00:00:00", "sob_conver": "0.39000000", "pwd_cd": "-", "msl": "-", "f5__exceed": "4.64100000", "f95__excee": "0.62600000", "m2__m_": "0.00000000", "s2__m_": "0.00000000", "msf__m_": "0.00000000", "tidal_addi": "0.00000000", "spring_tid": "0.00000000", "neap_tidal": "0.00000000", "tidal_redu": "0.00000000", "shwl__mmsl": "4.64100000", "slwl__mmsl": "0.62600000", "comment": "-", "updated_at": "2023-12-19 11:16:12.6216", "updated_by": "osk", "observed_y": 27, "class_of_r": "IV", "flow_statu": "Perennial", "islwl": "-", "exceedance": 2, "exceedan_1": 4.64, "exceedan_2": 95, "exceedan_3": 0.63, "spring_red": 0, "neap_reduc": 0, "final_redu": 0, "shwl__mm_1": "-", "slwl__mm_1": "-", "used_for_s": 1, "used_fo_01": 1}}, {"type": "Feature", "id": 348, "geometry": {"type": "Point", "coordinates": [90.40455200523138, 22.168249003589153]}, "properties": {"gid": 348, "objectid": 366, "organizati": "BIWTA", "station_id": "Galachipa 0710", "wl_station": "Galachipa 0710", "st_name": "Galachipa 0710", "river_name": "Lohalia", "district": "Patuakhali", "upazila": "Galachipa", "region": "South-West", "tidal_stat": "Tidal", "latitude": 22.168249, "longitude": 90.404552, "btm_x": 541992.27, "btm_y": 451211.92, "sob_effect": null, "sob_conver": "0.00000000", "pwd_cd": "4.731m CD", "msl": "2.8848", "f5__exceed": "0.87800000", "f95__excee": "-0.17400000", "m2__m_": "0.79200000", "s2__m_": "0.34900000", "msf__m_": "0.04800000", "tidal_addi": "1.30200000", "spring_tid": "-1.20700000", "neap_tidal": "-0.53500000", "tidal_redu": "-1.20700000", "shwl__mmsl": "2.18000000", "slwl__mmsl": "-1.38000000", "comment": "There is huge problem between two provided timeseries at different time by BIWTA. Need more clarification to use this station from them.", "updated_at": "2023-12-19 11:16:12.6216", "updated_by": "osk", "observed_y": 4, "class_of_r": "I", "flow_statu": "Perennial", "islwl": "-", "exceedance": 2, "exceedan_1": 0.88, "exceedan_2": 95, "exceedan_3": -0.17, "spring_red": -1.21, "neap_reduc": -0.54, "final_redu": -1.21, "shwl__mm_1": "2.107", "slwl__mm_1": "-1.111", "used_for_s": 0, "used_fo_01": 0}}, {"type": "Feature", "id": 349, "geometry": {"type": "Point", "coordinates": [91.11468700319529, 24.811199001967907]}, "properties": {"gid": 349, "objectid": 367, "organizati": "BIWTA", "station_id": "Ghaghlajor 1014", "wl_station": "Ghaghlajor 1014", "st_name": "Ghaghlajor 1014", "river_name": "Dhanu", "district": "Netrakona", "upazila": "Mohanganj", "region": "North-East", "tidal_stat": "Non-Tidal (Non Flashy)", "latitude": 24.811199, "longitude": 91.11468699999999, "btm_x": 612941.37, "btm_y": 744206.22, "sob_effect": null, "sob_conver": "0.00000000", "pwd_cd": "-", "msl": "6.7184", "f5__exceed": "6.49000000", "f95__excee": "0.58200000", "m2__m_": "0.00000000", "s2__m_": "0.00000000", "msf__m_": "0.00000000", "tidal_addi": "0.00000000", "spring_tid": "0.00000000", "neap_tidal": "0.00000000", "tidal_redu": "0.00000000", "shwl__mmsl": "6.49000000", "slwl__mmsl": "0.58200000", "comment": "-", "updated_at": "2023-12-19 11:16:12.6216", "updated_by": "osk", "observed_y": 4, "class_of_r": "I", "flow_statu": "Perennial", "islwl": "-", "exceedance": 2, "exceedan_1": 6.49, "exceedan_2": 95, "exceedan_3": 0.5800000000000001, "spring_red": 0, "neap_reduc": 0, "final_redu": 0, "shwl__mm_1": "-", "slwl__mm_1": "-", "used_for_s": 1, "used_fo_01": 1}}, {"type": "Feature", "id": 350, "geometry": {"type": "Point", "coordinates": [89.7572930008173, 22.5271640047431]}, "properties": {"gid": 350, "objectid": 368, "organizati": "BIWTA", "station_id": "Ghashiakhali 0210", "wl_station": "Ghashiakhali 0210", "st_name": "Ghashiakhali 0210", "river_name": "M-G Canal", "district": "Bagerhat", "upazila": "Morelganj", "region": "South-West", "tidal_stat": "Tidal", "latitude": 22.527164, "longitude": 89.757293, "btm_x": 475325, "btm_y": 490904.83, "sob_effect": null, "sob_conver": "0.00000000", "pwd_cd": "4.341m CD", "msl": "2.25", "f5__exceed": "0.91300000", "f95__excee": "-0.29500000", "m2__m_": "0.92900000", "s2__m_": "0.37600000", "msf__m_": "0.08800000", "tidal_addi": "1.52400000", "spring_tid": "-1.34800000", "neap_tidal": "-0.69600000", "tidal_redu": "-1.34800000", "shwl__mmsl": "2.43700000", "slwl__mmsl": "-1.64200000", "comment": "Both high and low water level is continuously lifting upward which is really an unacceptable scenerio. For such kind of errorneous WL patten, there was no possibility to determine SHWL & SLWL. BIWTA's new provided difference= 2.09.", "updated_at": "2023-12-19 11:16:12.6216", "updated_by": "osk", "observed_y": 26, "class_of_r": "I", "flow_statu": "Perennial", "islwl": "-", "exceedance": 2, "exceedan_1": 0.91, "exceedan_2": 95, "exceedan_3": -0.3, "spring_red": -1.35, "neap_reduc": -0.7000000000000001, "final_redu": -1.35, "shwl__mm_1": "2.333", "slwl__mm_1": "-1.227", "used_for_s": 0, "used_fo_01": 0}}, {"type": "Feature", "id": 351, "geometry": {"type": "Point", "coordinates": [90.61729100346565, 23.936269000172615]}, "properties": {"gid": 351, "objectid": 369, "organizati": "BIWTA", "station_id": "Ghorasal 3240", "wl_station": "Ghorasal 3240", "st_name": "Ghorasal 3240", "river_name": "Sitalakhya", "district": "Narsingdi", "upazila": "Palash", "region": "North-Central", "tidal_stat": "Tidal", "latitude": 23.936269, "longitude": 90.617291, "btm_x": 563100.13, "btm_y": 647012.72, "sob_effect": null, "sob_conver": "0.00000000", "pwd_cd": "7.797m PWD", "msl": "7.0517", "f5__exceed": "5.24600000", "f95__excee": "0.36200000", "m2__m_": "0.11000000", "s2__m_": "0.03500000", "msf__m_": "0.13700000", "tidal_addi": "0.29600000", "spring_tid": "-0.02200000", "neap_tidal": "-0.22000000", "tidal_redu": "-0.22000000", "shwl__mmsl": "5.54200000", "slwl__mmsl": "0.14200000", "comment": "Full timeseries used for the computation of both tidal constituents and DML", "updated_at": "2023-12-19 11:16:12.6216", "updated_by": "osk", "observed_y": 26, "class_of_r": "I", "flow_statu": "Perennial", "islwl": "-", "exceedance": 2, "exceedan_1": 5.25, "exceedan_2": 95, "exceedan_3": 0.36000000000000004, "spring_red": -0.02, "neap_reduc": -0.22, "final_redu": -0.22, "shwl__mm_1": "-", "slwl__mm_1": "-", "used_for_s": 1, "used_fo_01": 1}}, {"type": "Feature", "id": 352, "geometry": {"type": "Point", "coordinates": [91.18604900687933, 22.25051100552082]}, "properties": {"gid": 352, "objectid": 370, "organizati": "BIWTA", "station_id": "Hatia", "wl_station": "Hatia", "st_name": "Hatia", "river_name": "Meghna", "district": "Noakhali", "upazila": "Hatiya", "region": "South-East", "tidal_stat": "Tidal", "latitude": 22.250511, "longitude": 91.18604900000001, "btm_x": 622497.64, "btm_y": 460740.78, "sob_effect": null, "sob_conver": "0.00000000", "pwd_cd": "-", "msl": "3.802", "f5__exceed": "1.21200000", "f95__excee": "0.06900000", "m2__m_": "1.38600000", "s2__m_": "0.49700000", "msf__m_": "0.07800000", "tidal_addi": "2.14900000", "spring_tid": "-1.99400000", "neap_tidal": "-1.05600000", "tidal_redu": "-1.99400000", "shwl__mmsl": "3.36100000", "slwl__mmsl": "-1.92400000", "comment": "SHWL & SLWL determined for this station are not useable for contour map creation due to limited period of data (May'2019-April'23). SHWL & SLWL computed from limited data will not appropriate with existing scenerios", "updated_at": "2023-12-19 11:16:12.6216", "updated_by": "osk", "observed_y": 4, "class_of_r": "S", "flow_statu": "Perennial", "islwl": "-", "exceedance": 2, "exceedan_1": 1.21, "exceedan_2": 95, "exceedan_3": 0.07, "spring_red": -1.9900000000000002, "neap_reduc": -1.06, "final_redu": -1.9900000000000002, "shwl__mm_1": "3.011", "slwl__mm_1": "-1.719", "used_for_s": 0, "used_fo_01": 0}}, {"type": "Feature", "id": 353, "geometry": {"type": "Point", "coordinates": [90.20761500298977, 23.18248600512743]}, "properties": {"gid": 353, "objectid": 371, "organizati": "BIWTA", "station_id": "Kalikapur 1730", "wl_station": "Kalikapur 1730", "st_name": "Kalikapur 1730", "river_name": "Arial Khan", "district": "Madaripur", "upazila": "Madaripur Sadar", "region": "South-West", "tidal_stat": "Tidal", "latitude": 23.182486, "longitude": 90.207615, "btm_x": 521531.46, "btm_y": 563441.76, "sob_effect": null, "sob_conver": "0.00000000", "pwd_cd": "6.227m PWD", "msl": "5.64707", "f5__exceed": "0.00000000", "f95__excee": "0.00000000", "m2__m_": "0.00000000", "s2__m_": "0.00000000", "msf__m_": "0.00000000", "tidal_addi": "0.00000000", "spring_tid": "0.00000000", "neap_tidal": "0.00000000", "tidal_redu": "0.00000000", "shwl__mmsl": "0.00000000", "slwl__mmsl": "0.00000000", "comment": "The quality of data is not so good as compared to BWDB WL station SW5. This station is very close to SW5. Abnormal data shifting is observed in the time series. That's why, this station is omitted during contour map creation. Besides, the calculated SHWL", "updated_at": "2023-12-19 11:16:12.6216", "updated_by": "osk", "observed_y": 27, "class_of_r": "II", "flow_statu": "Perennial", "islwl": "-", "exceedance": 2, "exceedan_1": 0, "exceedan_2": 95, "exceedan_3": 0, "spring_red": 0, "neap_reduc": 0, "final_redu": 0, "shwl__mm_1": "-", "slwl__mm_1": "-", "used_for_s": 0, "used_fo_01": 0}}, {"type": "Feature", "id": 354, "geometry": {"type": "Point", "coordinates": [90.05759400129318, 22.631320007145405]}, "properties": {"gid": 354, "objectid": 372, "organizati": "BIWTA", "station_id": "Kawkhali 2010", "wl_station": "Kawkhali 2010", "st_name": "Kawkhali 2010", "river_name": "Shaynda", "district": "Pirojpur", "upazila": "Kawkhali", "region": "South-West", "tidal_stat": "Tidal", "latitude": 22.63132, "longitude": 90.05759400000001, "btm_x": 506201.79, "btm_y": 502415.05, "sob_effect": null, "sob_conver": "0.00000000", "pwd_cd": "2.874m PWD", "msl": "1.6967", "f5__exceed": "0.74800000", "f95__excee": "-0.66400000", "m2__m_": "0.51600000", "s2__m_": "0.20200000", "msf__m_": "0.09200000", "tidal_addi": "0.88200000", "spring_tid": "-0.69700000", "neap_tidal": "-0.43700000", "tidal_redu": "-0.69700000", "shwl__mmsl": "1.62900000", "slwl__mmsl": "-1.36100000", "comment": "(2019-2022) timeseries used for the computation of tidal constants and Full timeseries used for the computation of DML", "updated_at": "2023-12-19 11:16:12.6216", "updated_by": "osk", "observed_y": 27, "class_of_r": "I", "flow_statu": "Perennial", "islwl": "-", "exceedance": 2, "exceedan_1": 0.75, "exceedan_2": 95, "exceedan_3": -0.66, "spring_red": -0.7000000000000001, "neap_reduc": -0.44, "final_redu": -0.7000000000000001, "shwl__mm_1": "-", "slwl__mm_1": "-", "used_for_s": 1, "used_fo_01": 1}}, {"type": "Feature", "id": 355, "geometry": {"type": "Point", "coordinates": [89.67078200727701, 23.88425000011921]}, "properties": {"gid": 355, "objectid": 373, "organizati": "BIWTA", "station_id": "Kazirhat LG", "wl_station": "Kazirhat LG", "st_name": "Kazirhat LG", "river_name": "Brahmaputra-Jamuna", "district": "Pabna", "upazila": "Bera", "region": "North-West", "tidal_stat": "Non-Tidal (Non Flashy)", "latitude": 23.88425, "longitude": 89.670782, "btm_x": 466768.76, "btm_y": 641155.3, "sob_effect": null, "sob_conver": "0.00000000", "pwd_cd": "-", "msl": "-", "f5__exceed": "0.00000000", "f95__excee": "0.00000000", "m2__m_": "0.00000000", "s2__m_": "0.00000000", "msf__m_": "0.00000000", "tidal_addi": "0.00000000", "spring_tid": "0.00000000", "neap_tidal": "0.00000000", "tidal_redu": "0.00000000", "shwl__mmsl": "0.00000000", "slwl__mmsl": "0.00000000", "comment": "Data is not ready yet by BIWTA", "updated_at": "2023-12-19 11:16:12.6216", "updated_by": "osk", "observed_y": 0, "class_of_r": "I", "flow_statu": "Perennial", "islwl": "-", "exceedance": 2, "exceedan_1": 0, "exceedan_2": 95, "exceedan_3": 0, "spring_red": 0, "neap_reduc": 0, "final_redu": 0, "shwl__mm_1": "-", "slwl__mm_1": "-", "used_for_s": 0, "used_fo_01": 0}}, {"type": "Feature", "id": 356, "geometry": {"type": "Point", "coordinates": [90.22543500363827, 21.981718003749847]}, "properties": {"gid": 356, "objectid": 374, "organizati": "BIWTA", "station_id": "Khepupara 0610", "wl_station": "Khepupara 0610", "st_name": "Khepupara 0610", "river_name": "Andharmanik", "district": "Patuakhali", "upazila": "Kalapara", "region": "South-West", "tidal_stat": "Tidal", "latitude": 21.981718, "longitude": 90.22543499999999, "btm_x": 523556.03, "btm_y": 430527.12, "sob_effect": null, "sob_conver": "0.00000000", "pwd_cd": "5.262m CD", "msl": "2.6893", "f5__exceed": "0.54700000", "f95__excee": "-0.72500000", "m2__m_": "0.87200000", "s2__m_": "0.39000000", "msf__m_": "0.04300000", "tidal_addi": "1.43100000", "spring_tid": "-1.34400000", "neap_tidal": "-0.57300000", "tidal_redu": "-1.34400000", "shwl__mmsl": "1.97800000", "slwl__mmsl": "-2.07000000", "comment": "Datum Problem or, Problem in Gauge Zero Value. SHWL seems Ok, but SLWL misbalances the SLWL pattern of the river profile. So, SLWL is being ignored in contour map creation. (2019-2022) timeseries used for the computation of tidal constants and Full timese", "updated_at": "2023-12-19 11:16:12.6216", "updated_by": "osk", "observed_y": 27, "class_of_r": "I", "flow_statu": "Perennial", "islwl": "-", "exceedance": 2, "exceedan_1": 0.55, "exceedan_2": 95, "exceedan_3": -0.73, "spring_red": -1.34, "neap_reduc": -0.5700000000000001, "final_redu": -1.34, "shwl__mm_1": "2.111", "slwl__mm_1": "-1.451", "used_for_s": 0, "used_fo_01": 0}}, {"type": "Feature", "id": 357, "geometry": {"type": "Point", "coordinates": [90.12790700048208, 21.857269003987312]}, "properties": {"gid": 357, "objectid": 375, "organizati": "BIWTA", "station_id": "Kuakata 3910", "wl_station": "Kuakata 3910", "st_name": "Kuakata 3910", "river_name": "Andharmanik", "district": "Patuakhali", "upazila": "Kalapara", "region": "South-West", "tidal_stat": "Tidal", "latitude": 21.857269, "longitude": 90.127907, "btm_x": 513499.35, "btm_y": 416740.97, "sob_effect": null, "sob_conver": "0.00000000", "pwd_cd": "5.01m CD", "msl": "3.1363", "f5__exceed": "0.78300000", "f95__excee": "-0.36300000", "m2__m_": "0.86600000", "s2__m_": "0.37000000", "msf__m_": "0.05700000", "tidal_addi": "1.41600000", "spring_tid": "-1.30200000", "neap_tidal": "-0.60200000", "tidal_redu": "-1.30200000", "shwl__mmsl": "2.19900000", "slwl__mmsl": "-1.66500000", "comment": "(2019-2022) timeseries used for the computation of tidal constants and Full timeseries used for the computation of DML", "updated_at": "2023-12-19 11:16:12.6216", "updated_by": "osk", "observed_y": 27, "class_of_r": "III", "flow_statu": "Perennial", "islwl": "-", "exceedance": 2, "exceedan_1": 0.78, "exceedan_2": 95, "exceedan_3": -0.36000000000000004, "spring_red": -1.3, "neap_reduc": -0.6, "final_redu": -1.3, "shwl__mm_1": "-", "slwl__mm_1": "-", "used_for_s": 1, "used_fo_01": 1}}, {"type": "Feature", "id": 358, "geometry": {"type": "Point", "coordinates": [91.8744350001216, 21.81386500597]}, "properties": {"gid": 358, "objectid": 377, "organizati": "BIWTA", "station_id": "Kutubdia 1048", "wl_station": "Kutubdia 1048", "st_name": "Kutubdia 1048", "river_name": "Kutubdia Channel", "district": "Cox's Bazar", "upazila": "Kutubdia", "region": "Eastern Hilly", "tidal_stat": "Tidal", "latitude": 21.813865, "longitude": 91.87443499999999, "btm_x": 694039.37, "btm_y": 413109.36, "sob_effect": null, "sob_conver": "0.00000000", "pwd_cd": "6.364m CD", "msl": "3.38777", "f5__exceed": "0.45000000", "f95__excee": "-0.40100000", "m2__m_": "1.33900000", "s2__m_": "0.54000000", "msf__m_": "0.01000000", "tidal_addi": "2.07700000", "spring_tid": "-2.05800000", "neap_tidal": "-0.88900000", "tidal_redu": "-2.05800000", "shwl__mmsl": "2.52700000", "slwl__mmsl": "-2.45900000", "comment": "Though this station has limited data (June'2019-2022), SHWL & SLWL computed for this station has been used in contour maps creation", "updated_at": "2023-12-19 11:16:12.6216", "updated_by": "osk", "observed_y": 23, "class_of_r": "S", "flow_statu": "Perennial", "islwl": "-", "exceedance": 2, "exceedan_1": 0.45, "exceedan_2": 95, "exceedan_3": -0.4, "spring_red": -2.06, "neap_reduc": -0.89, "final_redu": -2.06, "shwl__mm_1": "-", "slwl__mm_1": "-", "used_for_s": 1, "used_fo_01": 1}}, {"type": "Feature", "id": 359, "geometry": {"type": "Point", "coordinates": [90.49300400167704, 22.84960200637579]}, "properties": {"gid": 359, "objectid": 378, "organizati": "BIWTA", "station_id": "Lalkharabad 3810", "wl_station": "Lalkharabad 3810", "st_name": "Lalkharabad 3810", "river_name": "Arial Khan", "district": "Barishal", "upazila": "Mehendiganj", "region": "South-West", "tidal_stat": "Tidal", "latitude": 22.849601999999997, "longitude": 90.493004, "btm_x": 550863.23, "btm_y": 526661.17, "sob_effect": null, "sob_conver": "0.00000000", "pwd_cd": "4.023m/4.019m PWD", "msl": "3.3582", "f5__exceed": "2.01700000", "f95__excee": "0.02800000", "m2__m_": "0.67100000", "s2__m_": "0.26200000", "msf__m_": "0.17800000", "tidal_addi": "1.20400000", "spring_tid": "-0.84800000", "neap_tidal": "-0.62900000", "tidal_redu": "-0.84800000", "shwl__mmsl": "3.22100000", "slwl__mmsl": "-0.82000000", "comment": "(2019-2022) are used for the computation of both DML & T.C.", "updated_at": "2023-12-19 11:16:12.6216", "updated_by": "osk", "observed_y": 27, "class_of_r": "I", "flow_statu": "Perennial", "islwl": "-", "exceedance": 2, "exceedan_1": 2.02, "exceedan_2": 95, "exceedan_3": 0.030000000000000002, "spring_red": -0.8500000000000001, "neap_reduc": -0.63, "final_redu": -0.8500000000000001, "shwl__mm_1": "-", "slwl__mm_1": "-", "used_for_s": 1, "used_fo_01": 1}}, {"type": "Feature", "id": 360, "geometry": {"type": "Point", "coordinates": [90.96152600646019, 22.258550003170967]}, "properties": {"gid": 360, "objectid": 379, "organizati": "BIWTA", "station_id": "Monpura 1030", "wl_station": "Monpura 1030", "st_name": "Monpura 1030", "river_name": "Shahbazpur Channel", "district": "Bhola", "upazila": "Monpura", "region": "South-West", "tidal_stat": "Tidal", "latitude": 22.258550000000003, "longitude": 90.961526, "btm_x": 599354.72, "btm_y": 461466.49, "sob_effect": null, "sob_conver": "0.00000000", "pwd_cd": "6.476m CD", "msl": "4.125", "f5__exceed": "1.26500000", "f95__excee": "-0.07300000", "m2__m_": "1.06000000", "s2__m_": "0.40900000", "msf__m_": "0.07700000", "tidal_addi": "1.69300000", "spring_tid": "-1.53900000", "neap_tidal": "-0.79300000", "tidal_redu": "-1.53900000", "shwl__mmsl": "2.95800000", "slwl__mmsl": "-1.61100000", "comment": "Though this station has limited data (May'2019-2022), SHWL & SLWL computed for this station has been used in contour maps creation", "updated_at": "2023-12-19 11:16:12.6216", "updated_by": "osk", "observed_y": 23, "class_of_r": "I", "flow_statu": "Perennial", "islwl": "-", "exceedance": 2, "exceedan_1": 1.27, "exceedan_2": 95, "exceedan_3": -0.07, "spring_red": -1.54, "neap_reduc": -0.79, "final_redu": -1.54, "shwl__mm_1": "-", "slwl__mm_1": "-", "used_for_s": 1, "used_fo_01": 1}}, {"type": "Feature", "id": 361, "geometry": {"type": "Point", "coordinates": [90.43826900422573, 23.07277300208807]}, "properties": {"gid": 361, "objectid": 380, "organizati": "BIWTA", "station_id": "Nalmuri 1630", "wl_station": "Nalmuri 1630", "st_name": "Nalmuri 1630", "river_name": "Meghna", "district": "Shariatpur", "upazila": "Gosairhat", "region": "South-West", "tidal_stat": "Tidal", "latitude": 23.072773, "longitude": 90.43826899999999, "btm_x": 545173.91, "btm_y": 551348.59, "sob_effect": null, "sob_conver": "0.00000000", "pwd_cd": "5.3112m CD", "msl": "4.38418", "f5__exceed": "2.57900000", "f95__excee": "0.15500000", "m2__m_": "0.58400000", "s2__m_": "0.21200000", "msf__m_": "0.18900000", "tidal_addi": "1.06300000", "spring_tid": "-0.68600000", "neap_tidal": "-0.59800000", "tidal_redu": "-0.68600000", "shwl__mmsl": "3.64200000", "slwl__mmsl": "-0.53100000", "comment": "(2019-2022) are used for the computation of both DML & T.C.", "updated_at": "2023-12-19 11:16:12.6216", "updated_by": "osk", "observed_y": 27, "class_of_r": "II", "flow_statu": "Perennial", "islwl": "-", "exceedance": 2, "exceedan_1": 2.58, "exceedan_2": 95, "exceedan_3": 0.16, "spring_red": -0.6900000000000001, "neap_reduc": -0.6, "final_redu": -0.6900000000000001, "shwl__mm_1": "-", "slwl__mm_1": "-", "used_for_s": 1, "used_fo_01": 1}}, {"type": "Feature", "id": 362, "geometry": {"type": "Point", "coordinates": [90.37618800252676, 22.90676000714302]}, "properties": {"gid": 362, "objectid": 381, "organizati": "BIWTA", "station_id": "Nandir Bazar 1710", "wl_station": "Nandir Bazar 1710", "st_name": "Nandir Bazar 1710", "river_name": "Arial Khan", "district": "Barishal", "upazila": "Muladi", "region": "South-West", "tidal_stat": "Tidal", "latitude": 22.906760000000002, "longitude": 90.376188, "btm_x": 538862.23, "btm_y": 532953.19, "sob_effect": null, "sob_conver": "0.00000000", "pwd_cd": "3.723m/3.738m PWD", "msl": "2.9467", "f5__exceed": "1.91200000", "f95__excee": "-0.22100000", "m2__m_": "0.43800000", "s2__m_": "0.16600000", "msf__m_": "0.16500000", "tidal_addi": "0.82900000", "spring_tid": "-0.49900000", "neap_tidal": "-0.46400000", "tidal_redu": "-0.49900000", "shwl__mmsl": "2.74100000", "slwl__mmsl": "-0.72000000", "comment": "Full timeseries used for the computation of both tidal constituents and DML", "updated_at": "2023-12-19 11:16:12.6216", "updated_by": "osk", "observed_y": 25, "class_of_r": "I", "flow_statu": "Perennial", "islwl": "-", "exceedance": 2, "exceedan_1": 1.9100000000000001, "exceedan_2": 95, "exceedan_3": -0.22, "spring_red": -0.5, "neap_reduc": -0.46, "final_redu": -0.5, "shwl__mm_1": "-", "slwl__mm_1": "-", "used_for_s": 1, "used_fo_01": 1}}, {"type": "Feature", "id": 363, "geometry": {"type": "Point", "coordinates": [90.50619800388813, 23.6173490062356]}, "properties": {"gid": 363, "objectid": 382, "organizati": "BIWTA", "station_id": "Narayanganj 3220", "wl_station": "Narayanganj 3220", "st_name": "Narayanganj 3220", "river_name": "Sitalakhya", "district": "Narayanganj", "upazila": "Narayanginj Sadar", "region": "North-Central", "tidal_stat": "Tidal", "latitude": 23.617349, "longitude": 90.506198, "btm_x": 551920.68, "btm_y": 611659.24, "sob_effect": null, "sob_conver": "0.00000000", "pwd_cd": "6.6815m PWD", "msl": "5.6575", "f5__exceed": "4.79100000", "f95__excee": "0.11900000", "m2__m_": "0.24900000", "s2__m_": "0.09000000", "msf__m_": "0.17500000", "tidal_addi": "0.54800000", "spring_tid": "-0.19800000", "neap_tidal": "-0.34900000", "tidal_redu": "-0.34900000", "shwl__mmsl": "5.33900000", "slwl__mmsl": "-0.23000000", "comment": "Datum Problem or, Problem in Gauge Zero Value. SHWL seems Ok, but SLWL misbalances the SLWL pattern of the river profile. So, SLWL is being ignored in contour map creation. Full timeseries used for the computation of both tidal constants & DML.", "updated_at": "2023-12-19 11:16:12.6216", "updated_by": "osk", "observed_y": 26, "class_of_r": "S", "flow_statu": "Perennial", "islwl": "-", "exceedance": 2, "exceedan_1": 4.79, "exceedan_2": 95, "exceedan_3": 0.12000000000000001, "spring_red": -0.2, "neap_reduc": -0.35000000000000003, "final_redu": -0.35000000000000003, "shwl__mm_1": "5.039", "slwl__mm_1": "0.130", "used_for_s": 0, "used_fo_01": 0}}, {"type": "Feature", "id": 364, "geometry": {"type": "Point", "coordinates": [90.71928200125694, 23.914502002298832]}, "properties": {"gid": 364, "objectid": 383, "organizati": "BIWTA", "station_id": "Narshindi 1650", "wl_station": "Narshindi 1650", "st_name": "Narshindi 1650", "river_name": "Meghna (upper)", "district": "Narsingdi", "upazila": "Narsingdi Sadar", "region": "North-Central", "tidal_stat": "Tidal", "latitude": 23.914502, "longitude": 90.719282, "btm_x": 573491.51, "btm_y": 644651.84, "sob_effect": null, "sob_conver": "0.00000000", "pwd_cd": "7.370m PWD", "msl": "6.584", "f5__exceed": "4.89900000", "f95__excee": "0.38400000", "m2__m_": "0.17300000", "s2__m_": "0.06800000", "msf__m_": "0.08300000", "tidal_addi": "0.34800000", "spring_tid": "-0.18200000", "neap_tidal": "-0.19900000", "tidal_redu": "-0.19900000", "shwl__mmsl": "5.24700000", "slwl__mmsl": "0.18500000", "comment": "(2020-2022) are used for the computation of T.C. Full timeseries (skipping 1998 & 2004 flood year) is used for DMWL", "updated_at": "2023-12-19 11:16:12.6216", "updated_by": "osk", "observed_y": 27, "class_of_r": "II", "flow_statu": "Perennial", "islwl": "-", "exceedance": 2, "exceedan_1": 4.9, "exceedan_2": 95, "exceedan_3": 0.38, "spring_red": -0.18000000000000002, "neap_reduc": -0.2, "final_redu": -0.2, "shwl__mm_1": "-", "slwl__mm_1": "-", "used_for_s": 1, "used_fo_01": 1}}, {"type": "Feature", "id": 365, "geometry": {"type": "Point", "coordinates": [89.92315400391817, 22.88103000074625]}, "properties": {"gid": 365, "objectid": 385, "organizati": "BIWTA", "station_id": "Patgati 2310", "wl_station": "Patgati 2310", "st_name": "Patgati 2310", "river_name": "Kaliganga", "district": "Gopalganj", "upazila": "Tungipara", "region": "South-West", "tidal_stat": "Tidal", "latitude": 22.88103, "longitude": 89.92315400000001, "btm_x": 492401.5, "btm_y": 530057.71, "sob_effect": null, "sob_conver": "0.00000000", "pwd_cd": "3.248m CD", "msl": "2.0975", "f5__exceed": "1.27500000", "f95__excee": "-0.36600000", "m2__m_": "0.29300000", "s2__m_": "0.10100000", "msf__m_": "0.10500000", "tidal_addi": "0.53800000", "spring_tid": "-0.32800000", "neap_tidal": "-0.31600000", "tidal_redu": "-0.32800000", "shwl__mmsl": "1.81200000", "slwl__mmsl": "-0.69400000", "comment": "(2019-2022) are used for the computation of T.C. Full timeseries (skipping 1998 flood year) is used for DMWL", "updated_at": "2023-12-19 11:16:12.6216", "updated_by": "osk", "observed_y": 26, "class_of_r": "III", "flow_statu": "Perennial", "islwl": "-", "exceedance": 2, "exceedan_1": 1.28, "exceedan_2": 95, "exceedan_3": -0.37, "spring_red": -0.33, "neap_reduc": -0.32, "final_redu": -0.33, "shwl__mm_1": "-", "slwl__mm_1": "-", "used_for_s": 1, "used_fo_01": 1}}, {"type": "Feature", "id": 366, "geometry": {"type": "Point", "coordinates": [89.97604700177908, 22.049694001674652]}, "properties": {"gid": 366, "objectid": 386, "organizati": "BIWTA", "station_id": "Patharghata 1032", "wl_station": "Patharghata 1032", "st_name": "Patharghata 1032", "river_name": "Bishkhali", "district": "Barguna", "upazila": "Patharghata", "region": "South-West", "tidal_stat": "Tidal", "latitude": 22.049694000000002, "longitude": 89.976047, "btm_x": 497812.05, "btm_y": 438034.12, "sob_effect": null, "sob_conver": "0.00000000", "pwd_cd": "-", "msl": "4.7194", "f5__exceed": "0.73400000", "f95__excee": "-0.39000000", "m2__m_": "0.89700000", "s2__m_": "0.38900000", "msf__m_": "0.03700000", "tidal_addi": "1.45100000", "spring_tid": "-1.37700000", "neap_tidal": "-0.59600000", "tidal_redu": "-1.37700000", "shwl__mmsl": "2.18500000", "slwl__mmsl": "-1.76700000", "comment": "Datum Problem or, Problem in Gauge Zero Value. SHWL used in contour map creation, but SLWL is omitted during contour map creation", "updated_at": "2023-12-19 11:16:12.6216", "updated_by": "osk", "observed_y": 23, "class_of_r": "I", "flow_statu": "Perennial", "islwl": "-", "exceedance": 2, "exceedan_1": 0.73, "exceedan_2": 95, "exceedan_3": -0.39, "spring_red": -1.38, "neap_reduc": -0.6, "final_redu": -1.38, "shwl__mm_1": "-", "slwl__mm_1": "-", "used_for_s": 1, "used_fo_01": 0}}, {"type": "Feature", "id": 367, "geometry": {"type": "Point", "coordinates": [90.33825300633907, 22.365180000662804]}, "properties": {"gid": 367, "objectid": 387, "organizati": "BIWTA", "station_id": "Patuakhali 0910", "wl_station": "Patuakhali 0910", "st_name": "Patuakhali 0910", "river_name": "Patuakhali", "district": "Patuakhali", "upazila": "Patuakhali Sadar", "region": "South-West", "tidal_stat": "Tidal", "latitude": 22.365180000000002, "longitude": 90.338253, "btm_x": 535108.12, "btm_y": 472993.5, "sob_effect": null, "sob_conver": "0.00000000", "pwd_cd": "3.821m CD", "msl": "2.6649", "f5__exceed": "1.19200000", "f95__excee": "-0.08500000", "m2__m_": "0.53600000", "s2__m_": "0.22500000", "msf__m_": "0.10100000", "tidal_addi": "0.93800000", "spring_tid": "-0.73700000", "neap_tidal": "-0.44300000", "tidal_redu": "-0.73700000", "shwl__mmsl": "2.13100000", "slwl__mmsl": "-0.82200000", "comment": "(2019-2022) timeseries used for the computation of tidal constants and Full timeseries used for the computation of DML", "updated_at": "2023-12-19 11:16:12.6216", "updated_by": "osk", "observed_y": 27, "class_of_r": "II", "flow_statu": "Perennial", "islwl": "-", "exceedance": 2, "exceedan_1": 1.19, "exceedan_2": 95, "exceedan_3": -0.09000000000000001, "spring_red": -0.74, "neap_reduc": -0.44, "final_redu": -0.74, "shwl__mm_1": "-", "slwl__mm_1": "-", "used_for_s": 1, "used_fo_01": 1}}, {"type": "Feature", "id": 368, "geometry": {"type": "Point", "coordinates": [91.83784200251102, 22.320499002933502]}, "properties": {"gid": 368, "objectid": 388, "organizati": "BIWTA", "station_id": "Sadarghat (CTG) 1330", "wl_station": "Sadarghat (CTG) 1330", "st_name": "Sadarghat (CTG) 1330", "river_name": "Karnafuli", "district": "Chattogram", "upazila": "Patiya", "region": "Eastern Hilly", "tidal_stat": "Tidal", "latitude": 22.320498999999998, "longitude": 91.837842, "btm_x": 689579.64, "btm_y": 469161.92, "sob_effect": null, "sob_conver": "0.00000000", "pwd_cd": "7.026m CD", "msl": "4.72588", "f5__exceed": "0.89500000", "f95__excee": "-0.40500000", "m2__m_": "1.56000000", "s2__m_": "0.49700000", "msf__m_": "0.09800000", "tidal_addi": "2.36100000", "spring_tid": "-2.16400000", "neap_tidal": "-1.26700000", "tidal_redu": "-2.16400000", "shwl__mmsl": "3.25500000", "slwl__mmsl": "-2.56900000", "comment": "Full timeseries used for the computation of both tidal constituents and DML", "updated_at": "2023-12-19 11:16:12.6216", "updated_by": "osk", "observed_y": 27, "class_of_r": "S", "flow_statu": "Perennial", "islwl": "-", "exceedance": 2, "exceedan_1": 0.9, "exceedan_2": 95, "exceedan_3": -0.41000000000000003, "spring_red": -2.16, "neap_reduc": -1.27, "final_redu": -2.16, "shwl__mm_1": "-", "slwl__mm_1": "-", "used_for_s": 1, "used_fo_01": 1}}, {"type": "Feature", "id": 369, "geometry": {"type": "Point", "coordinates": [92.32905800640583, 20.631818003952503]}, "properties": {"gid": 369, "objectid": 389, "organizati": "BIWTA", "station_id": "Saintmartin 1047", "wl_station": "Saintmartin 1047", "st_name": "Saintmartin 1047", "river_name": "Naf", "district": "Cox's Bazar", "upazila": "Teknaf", "region": "Eastern Hilly", "tidal_stat": "Tidal", "latitude": 20.631818, "longitude": 92.32905799999999, "btm_x": 742976.88, "btm_y": 282847.39, "sob_effect": null, "sob_conver": "0.00000000", "pwd_cd": "-", "msl": "3.18", "f5__exceed": "0.37000000", "f95__excee": "-0.37400000", "m2__m_": "0.88400000", "s2__m_": "0.41400000", "msf__m_": "0.00800000", "tidal_addi": "1.43600000", "spring_tid": "-1.42000000", "neap_tidal": "-0.52500000", "tidal_redu": "-1.42000000", "shwl__mmsl": "1.80600000", "slwl__mmsl": "-1.79400000", "comment": "Though this station has limited data (2020-2022), SHWL & SLWL computed for this station have been used in contour map creation", "updated_at": "2023-12-19 11:16:12.6216", "updated_by": "osk", "observed_y": 4, "class_of_r": "I", "flow_statu": "Perennial", "islwl": "-", "exceedance": 2, "exceedan_1": 0.37, "exceedan_2": 95, "exceedan_3": -0.37, "spring_red": -1.42, "neap_reduc": -0.53, "final_redu": -1.42, "shwl__mm_1": "-", "slwl__mm_1": "-", "used_for_s": 1, "used_fo_01": 1}}, {"type": "Feature", "id": 370, "geometry": {"type": "Point", "coordinates": [89.2245510071516, 23.92577700316906]}, "properties": {"gid": 370, "objectid": 392, "organizati": "BIWTA", "station_id": "Shelaidah 1054", "wl_station": "Shelaidah 1054", "st_name": "Shelaidah 1054", "river_name": "Ganges", "district": "Kustia", "upazila": "Kumarkhali", "region": "South-West", "tidal_stat": "Non-Tidal (Non Flashy)", "latitude": 23.925777, "longitude": 89.224551, "btm_x": 421365.71, "btm_y": 645930.42, "sob_effect": null, "sob_conver": "0.00000000", "pwd_cd": "14.1378m PWD", "msl": "13.6778", "f5__exceed": "11.19600000", "f95__excee": "3.23000000", "m2__m_": "0.00000000", "s2__m_": "0.00000000", "msf__m_": "0.00000000", "tidal_addi": "0.00000000", "spring_tid": "0.00000000", "neap_tidal": "0.00000000", "tidal_redu": "0.00000000", "shwl__mmsl": "11.19600000", "slwl__mmsl": "3.23000000", "comment": "Instead of having limited period of data (2020-2022), SHWL & SLWL seems good & can be used in contour map.", "updated_at": "2023-12-19 11:16:12.6216", "updated_by": "osk", "observed_y": 4, "class_of_r": "II", "flow_statu": "Perennial", "islwl": "-", "exceedance": 2, "exceedan_1": 11.2, "exceedan_2": 95, "exceedan_3": 3.23, "spring_red": 0, "neap_reduc": 0, "final_redu": 0, "shwl__mm_1": "-", "slwl__mm_1": "-", "used_for_s": 1, "used_fo_01": 1}}, {"type": "Feature", "id": 371, "geometry": {"type": "Point", "coordinates": [90.23773100227118, 23.49236600100994]}, "properties": {"gid": 371, "objectid": 393, "organizati": "BIWTA", "station_id": "Shimulia 1015", "wl_station": "Shimulia 1015", "st_name": "Shimulia 1015", "river_name": "Padma", "district": "Munshiganj", "upazila": "Lohajang", "region": "North-Central", "tidal_stat": "Tidal", "latitude": 23.492366, "longitude": 90.23773100000001, "btm_x": 524557.24, "btm_y": 597751.49, "sob_effect": null, "sob_conver": "0.00000000", "pwd_cd": "7.316m PWD", "msl": "6.81274", "f5__exceed": "5.71500000", "f95__excee": "0.64000000", "m2__m_": "0.12300000", "s2__m_": "0.05000000", "msf__m_": "0.13200000", "tidal_addi": "0.32200000", "spring_tid": "-0.05800000", "neap_tidal": "-0.21300000", "tidal_redu": "-0.21300000", "shwl__mmsl": "6.03700000", "slwl__mmsl": "0.42700000", "comment": "SHWL & SLWL determined for this station are not useable for contour map creation due to limited period of data (May'2019-April'23). SHWL & SLWL computed from limited data will not appropriate with existing scenerios", "updated_at": "2023-12-19 11:16:12.6216", "updated_by": "osk", "observed_y": 4, "class_of_r": "I", "flow_statu": "Perennial", "islwl": "-", "exceedance": 2, "exceedan_1": 5.72, "exceedan_2": 95, "exceedan_3": 0.64, "spring_red": -0.060000000000000005, "neap_reduc": -0.21000000000000002, "final_redu": -0.21000000000000002, "shwl__mm_1": "6.080", "slwl__mm_1": "0.452", "used_for_s": 0, "used_fo_01": 0}}, {"type": "Feature", "id": 372, "geometry": {"type": "Point", "coordinates": [90.01033000648022, 23.2357180044055]}, "properties": {"gid": 372, "objectid": 394, "organizati": "BIWTA", "station_id": "Sindiaghat 2510", "wl_station": "Sindiaghat 2510", "st_name": "Sindiaghat 2510", "river_name": "Nabaganga", "district": "Gopalganj", "upazila": "Muksudpur", "region": "South-West", "tidal_stat": "Tidal", "latitude": 23.235718000000002, "longitude": 90.01033, "btm_x": 501340.39, "btm_y": 569319.51, "sob_effect": null, "sob_conver": "0.00000000", "pwd_cd": "5.983m PWD", "msl": "5.1869", "f5__exceed": "3.47900000", "f95__excee": "-0.07800000", "m2__m_": "0.08900000", "s2__m_": "0.02500000", "msf__m_": "0.10500000", "tidal_addi": "0.23100000", "spring_tid": "-0.02000000", "neap_tidal": "-0.17600000", "tidal_redu": "-0.17600000", "shwl__mmsl": "3.70900000", "slwl__mmsl": "-0.25400000", "comment": "(2019-2022) timeseries used for the computation of tidal constants and Full timeseries (except 1998) used for the computation of DML", "updated_at": "2023-12-19 11:16:12.6216", "updated_by": "osk", "observed_y": 24, "class_of_r": "III", "flow_statu": "Perennial", "islwl": "-", "exceedance": 2, "exceedan_1": 3.48, "exceedan_2": 95, "exceedan_3": -0.08, "spring_red": -0.02, "neap_reduc": -0.18000000000000002, "final_redu": -0.18000000000000002, "shwl__mm_1": "-", "slwl__mm_1": "-", "used_for_s": 1, "used_fo_01": 1}}, {"type": "Feature", "id": 373, "geometry": {"type": "Point", "coordinates": [89.80131900310516, 22.934219002723694]}, "properties": {"gid": 373, "objectid": 395, "organizati": "BIWTA", "station_id": "Singati 2320", "wl_station": "Singati 2320", "st_name": "Singati 2320", "river_name": "Kaliganga", "district": "Bagerhat", "upazila": "Mollahat", "region": "South-West", "tidal_stat": "Tidal", "latitude": 22.934219000000002, "longitude": 89.80131899999999, "btm_x": 479912.77, "btm_y": 535957.31, "sob_effect": null, "sob_conver": "0.00000000", "pwd_cd": "4.341m PWD", "msl": "3.4718", "f5__exceed": "1.72800000", "f95__excee": "-0.34500000", "m2__m_": "0.28100000", "s2__m_": "0.09200000", "msf__m_": "0.11100000", "tidal_addi": "0.52100000", "spring_tid": "-0.29800000", "neap_tidal": "-0.31900000", "tidal_redu": "-0.31900000", "shwl__mmsl": "2.24800000", "slwl__mmsl": "-0.66500000", "comment": "(2019-2022) timeseries used for the computation of tidal constants and Full timeseries used for the computation of DML", "updated_at": "2023-12-19 11:16:12.6216", "updated_by": "osk", "observed_y": 25, "class_of_r": "II", "flow_statu": "Perennial", "islwl": "-", "exceedance": 2, "exceedan_1": 1.73, "exceedan_2": 95, "exceedan_3": -0.35000000000000003, "spring_red": -0.3, "neap_reduc": -0.32, "final_redu": -0.32, "shwl__mm_1": "-", "slwl__mm_1": "-", "used_for_s": 1, "used_fo_01": 1}}, {"type": "Feature", "id": 374, "geometry": {"type": "Point", "coordinates": [90.83296700567007, 22.33610700070858]}, "properties": {"gid": 374, "objectid": 396, "organizati": "BIWTA", "station_id": "Tajumuddin 1031", "wl_station": "Tajumuddin 1031", "st_name": "Tajumuddin 1031", "river_name": "Shahbazpur Channel", "district": "Bhola", "upazila": "Lalmohon", "region": "South-West", "tidal_stat": "Tidal", "latitude": 22.336107, "longitude": 90.832967, "btm_x": 586060.53, "btm_y": 469973.27, "sob_effect": null, "sob_conver": "0.00000000", "pwd_cd": "-", "msl": "2.7152", "f5__exceed": "1.10900000", "f95__excee": "-0.19900000", "m2__m_": "1.07300000", "s2__m_": "0.40900000", "msf__m_": "0.08900000", "tidal_addi": "1.71800000", "spring_tid": "-1.54100000", "neap_tidal": "-0.81900000", "tidal_redu": "-1.54100000", "shwl__mmsl": "2.82800000", "slwl__mmsl": "-1.74000000", "comment": "SHWL & SLWL determined for this station are not useable for contour map creation due to limited period of data (May'2019-2022). SHWL & SLWL computed from limited data will not appropriate with existing scenerios.", "updated_at": "2023-12-19 11:16:12.6216", "updated_by": "osk", "observed_y": 4, "class_of_r": "I", "flow_statu": "Perennial", "islwl": "-", "exceedance": 2, "exceedan_1": 1.11, "exceedan_2": 95, "exceedan_3": -0.2, "spring_red": -1.54, "neap_reduc": -0.8200000000000001, "final_redu": -1.54, "shwl__mm_1": "3.104", "slwl__mm_1": "-1.523", "used_for_s": 0, "used_fo_01": 0}}, {"type": "Feature", "id": 375, "geometry": {"type": "Point", "coordinates": [89.96269680559635, 22.57998200505972]}, "properties": {"gid": 375, "objectid": 7, "organizati": "BWDB", "station_id": "SW107", "wl_station": "Pirojpur", "st_name": "SW107 (Pirojpur)", "river_name": "Gorai-Madhumati-Haringhata-Baleswar", "district": "Pirojpur", "upazila": "Pirojpur Sadar", "region": "South-West", "tidal_stat": "Tidal", "latitude": 22.579982049999998, "longitude": 89.96269681, "btm_x": 496449.03, "btm_y": 496731.62, "sob_effect": "2023-01-01 00:00:00", "sob_conver": "-1.19000000", "pwd_cd": "-", "msl": "-", "f5__exceed": "0.82200000", "f95__excee": "-0.56800000", "m2__m_": "0.41800000", "s2__m_": "0.13700000", "msf__m_": "0.06000000", "tidal_addi": "0.67000000", "spring_tid": "-0.55100000", "neap_tidal": "-0.36800000", "tidal_redu": "-0.55100000", "shwl__mmsl": "1.49200000", "slwl__mmsl": "-1.11900000", "comment": "-", "updated_at": "2023-12-19 11:16:12.6216", "updated_by": "osk", "observed_y": 27, "class_of_r": "III", "flow_statu": "Perennial", "islwl": "-", "exceedance": 2, "exceedan_1": 0.8200000000000001, "exceedan_2": 95, "exceedan_3": -0.5700000000000001, "spring_red": -0.55, "neap_reduc": -0.37, "final_redu": -0.55, "shwl__mm_1": "-", "slwl__mm_1": "-", "used_for_s": 1, "used_fo_01": 1}}, {"type": "Feature", "id": 376, "geometry": {"type": "Point", "coordinates": [92.27032600343227, 20.920970000326633]}, "properties": {"gid": 376, "objectid": 397, "organizati": "BIWTA", "station_id": "Teknaf 1120", "wl_station": "Teknaf 1120", "st_name": "Teknaf 1120", "river_name": "Naf", "district": "Cox's Bazar", "upazila": "Teknaf", "region": "Eastern Hilly", "tidal_stat": "Tidal", "latitude": 20.92097, "longitude": 92.27032600000001, "btm_x": 736404.14, "btm_y": 314779.82, "sob_effect": null, "sob_conver": "0.00000000", "pwd_cd": "4.558m CD", "msl": "2.2582", "f5__exceed": "0.57100000", "f95__excee": "-0.57500000", "m2__m_": "1.01400000", "s2__m_": "0.43300000", "msf__m_": "0.02700000", "tidal_addi": "1.61900000", "spring_tid": "-1.56500000", "neap_tidal": "-0.66600000", "tidal_redu": "-1.56500000", "shwl__mmsl": "2.19000000", "slwl__mmsl": "-2.14000000", "comment": "(2019-2022) timeseries used for the computation of tidal constants and Full timeseries used for the computation of DML", "updated_at": "2023-12-19 11:16:12.6216", "updated_by": "osk", "observed_y": 27, "class_of_r": "II", "flow_statu": "Perennial", "islwl": "-", "exceedance": 2, "exceedan_1": 0.5700000000000001, "exceedan_2": 95, "exceedan_3": -0.5800000000000001, "spring_red": -1.57, "neap_reduc": -0.67, "final_redu": -1.57, "shwl__mm_1": "-", "slwl__mm_1": "-", "used_for_s": 1, "used_fo_01": 1}}, {"type": "Feature", "id": 377, "geometry": {"type": "Point", "coordinates": [91.80119000375271, 22.22691000252962]}, "properties": {"gid": 377, "objectid": 434, "organizati": "CPA", "station_id": "KHAL_18", "wl_station": "KHAL_18", "st_name": "KHAL_18", "river_name": "Karnafuli", "district": "Chattogram", "upazila": "Chiitagong Port", "region": "Eastern Hilly", "tidal_stat": "Tidal", "latitude": 22.22691, "longitude": 91.80119, "btm_x": 685927.14, "btm_y": 458753.44, "sob_effect": null, "sob_conver": "0.00000000", "pwd_cd": "-", "msl": "4.632", "f5__exceed": "0.96500000", "f95__excee": "-0.15500000", "m2__m_": "1.73200000", "s2__m_": "0.62800000", "msf__m_": "0.05600000", "tidal_addi": "2.65100000", "spring_tid": "-2.54000000", "neap_tidal": "-1.27000000", "tidal_redu": "-2.54000000", "shwl__mmsl": "3.61600000", "slwl__mmsl": "-2.69500000", "comment": "Datum Problem or, Problem in Gauge Zero Value. So, determined SHWL ands SLWL for this station will be unusable.", "updated_at": "2023-12-19 11:16:12.6216", "updated_by": "osk", "observed_y": 25, "class_of_r": "S", "flow_statu": "Perennial", "islwl": "6.89", "exceedance": 2, "exceedan_1": 0.9700000000000001, "exceedan_2": 95, "exceedan_3": -0.16, "spring_red": -2.54, "neap_reduc": -1.27, "final_redu": -2.54, "shwl__mm_1": "-", "slwl__mm_1": "-", "used_for_s": 0, "used_fo_01": 0}}, {"type": "Feature", "id": 378, "geometry": {"type": "Point", "coordinates": [91.94692400097847, 21.716906003654003]}, "properties": {"gid": 378, "objectid": 398, "organizati": "BIWTA", "station_id": "1. Moheskhali (TBM-1)", "wl_station": "1. Moheskhali (TBM-1)", "st_name": "1. Moheskhali (TBM-1)", "river_name": "Maheshkhali Channel", "district": "Cox's Bazar", "upazila": "Chakaria", "region": "Eastern Hilly", "tidal_stat": "Tidal", "latitude": 21.716905999999998, "longitude": 91.946924, "btm_x": 701669.77, "btm_y": 402466.14, "sob_effect": null, "sob_conver": "0.00000000", "pwd_cd": "-", "msl": "-", "f5__exceed": "1.19500000", "f95__excee": "-0.48000000", "m2__m_": "0.90000000", "s2__m_": "0.37200000", "msf__m_": "0.12800000", "tidal_addi": "1.52700000", "spring_tid": "-1.27100000", "neap_tidal": "-0.71000000", "tidal_redu": "-1.27100000", "shwl__mmsl": "2.72200000", "slwl__mmsl": "-1.75100000", "comment": "SHWL & SLWL determined for this station are not useable for contour map creation due to very limited period of data. SHWL & SLWL computed from limited data will not appropriate with existing scenerios.", "updated_at": "2023-12-19 11:16:12.6216", "updated_by": "osk", "observed_y": 0, "class_of_r": "II", "flow_statu": "Perennial", "islwl": "-", "exceedance": 2, "exceedan_1": 1.2, "exceedan_2": 95, "exceedan_3": -0.48000000000000004, "spring_red": -1.27, "neap_reduc": -0.7100000000000001, "final_redu": -1.27, "shwl__mm_1": "-", "slwl__mm_1": "-", "used_for_s": 0, "used_fo_01": 0}}, {"type": "Feature", "id": 379, "geometry": {"type": "Point", "coordinates": [92.31191800534725, 21.643491007387638]}, "properties": {"gid": 379, "objectid": 399, "organizati": "BIWTA", "station_id": "2. Alikadam (TBM-1)", "wl_station": "2. Alikadam (TBM-1)", "st_name": "2. Alikadam (TBM-1)", "river_name": "Matamuhuri", "district": "Bandarban", "upazila": "Alikadam", "region": "Eastern Hilly", "tidal_stat": "Non-Tidal (Flashy)", "latitude": 21.643491, "longitude": 92.31191799999999, "btm_x": 739559.12, "btm_y": 394855.28, "sob_effect": null, "sob_conver": "0.00000000", "pwd_cd": "-", "msl": "-", "f5__exceed": "16.11000000", "f95__excee": "14.79600000", "m2__m_": "0.00000000", "s2__m_": "0.00000000", "msf__m_": "0.00000000", "tidal_addi": "0.00000000", "spring_tid": "0.00000000", "neap_tidal": "0.00000000", "tidal_redu": "0.00000000", "shwl__mmsl": "16.11000000", "slwl__mmsl": "14.79600000", "comment": "SHWL & SLWL determined for this station are not useable for contour map creation due to very limited period of data. SHWL & SLWL computed from limited data will not appropriate with existing scenerios.", "updated_at": "2023-12-19 11:16:12.6216", "updated_by": "osk", "observed_y": 0, "class_of_r": "Unclassified", "flow_statu": "Seasonal", "islwl": "-", "exceedance": 2, "exceedan_1": 16.11, "exceedan_2": 95, "exceedan_3": 14.8, "spring_red": 0, "neap_reduc": 0, "final_redu": 0, "shwl__mm_1": "-", "slwl__mm_1": "-", "used_for_s": 0, "used_fo_01": 0}}, {"type": "Feature", "id": 380, "geometry": {"type": "Point", "coordinates": [92.06644700467587, 22.15886900573969]}, "properties": {"gid": 380, "objectid": 401, "organizati": "BIWTA", "station_id": "4. Rajghata (BWDB-213)", "wl_station": "4. Rajghata (BWDB-213)", "st_name": "4. Rajghata (BWDB-213)", "river_name": "Sangu", "district": "Chattogram", "upazila": "Satkania", "region": "Eastern Hilly", "tidal_stat": "Tidal", "latitude": 22.158869, "longitude": 92.066447, "btm_x": 713377.09, "btm_y": 451567.89, "sob_effect": null, "sob_conver": "0.00000000", "pwd_cd": "-", "msl": "-", "f5__exceed": "2.40500000", "f95__excee": "0.36500000", "m2__m_": "0.71800000", "s2__m_": "0.18500000", "msf__m_": "0.14000000", "tidal_addi": "1.13400000", "spring_tid": "-0.85400000", "neap_tidal": "-0.72600000", "tidal_redu": "-0.85400000", "shwl__mmsl": "3.53900000", "slwl__mmsl": "-0.48900000", "comment": "SHWL & SLWL determined for this station are not useable for contour map creation due to very limited period of data. SHWL & SLWL computed from limited data will not appropriate with existing scenerios.", "updated_at": "2023-12-19 11:16:12.6216", "updated_by": "osk", "observed_y": 0, "class_of_r": "II", "flow_statu": "Perennial", "islwl": "-", "exceedance": 2, "exceedan_1": 2.41, "exceedan_2": 95, "exceedan_3": 0.37, "spring_red": -0.8500000000000001, "neap_reduc": -0.73, "final_redu": -0.8500000000000001, "shwl__mm_1": "-", "slwl__mm_1": "-", "used_for_s": 0, "used_fo_01": 0}}, {"type": "Feature", "id": 381, "geometry": {"type": "Point", "coordinates": [92.37714300304651, 22.723966002464294]}, "properties": {"gid": 381, "objectid": 402, "organizati": "BIWTA", "station_id": "5. Barkal Bazar (TBM-4)", "wl_station": "5. Barkal Bazar (TBM-4)", "st_name": "5. Barkal Bazar (TBM-4)", "river_name": "Karnafuli", "district": "Rangamati", "upazila": "Jurai Chhari", "region": "Eastern Hilly", "tidal_stat": "Non-Tidal (Flashy)", "latitude": 22.723966, "longitude": 92.377143, "btm_x": 744436.83, "btm_y": 514626.5, "sob_effect": null, "sob_conver": "0.00000000", "pwd_cd": "-", "msl": "-", "f5__exceed": "28.28500000", "f95__excee": "27.08300000", "m2__m_": "0.00000000", "s2__m_": "0.00000000", "msf__m_": "0.00000000", "tidal_addi": "0.00000000", "spring_tid": "0.00000000", "neap_tidal": "0.00000000", "tidal_redu": "0.00000000", "shwl__mmsl": "28.28500000", "slwl__mmsl": "27.08300000", "comment": "SHWL & SLWL determined for this station are not useable for contour map creation due to very limited period of data. SHWL & SLWL computed from limited data will not appropriate with existing scenerios.", "updated_at": "2023-12-19 11:16:12.6216", "updated_by": "osk", "observed_y": 0, "class_of_r": "III", "flow_statu": "Perennial", "islwl": "-", "exceedance": 2, "exceedan_1": 28.29, "exceedan_2": 95, "exceedan_3": 27.08, "spring_red": 0, "neap_reduc": 0, "final_redu": 0, "shwl__mm_1": "-", "slwl__mm_1": "-", "used_for_s": 0, "used_fo_01": 0}}, {"type": "Feature", "id": 382, "geometry": {"type": "Point", "coordinates": [92.21000600606203, 22.50076700747013]}, "properties": {"gid": 382, "objectid": 403, "organizati": "BIWTA", "station_id": "6. Kaptai (TBM-1)", "wl_station": "6. Kaptai (TBM-1)", "st_name": "6. Kaptai (TBM-1)", "river_name": "Karnafuli", "district": "Rangamati", "upazila": "Kaptai", "region": "Eastern Hilly", "tidal_stat": "Tidal", "latitude": 22.500767, "longitude": 92.21000599999999, "btm_x": 727630.95, "btm_y": 489641.12, "sob_effect": null, "sob_conver": "0.00000000", "pwd_cd": "-", "msl": "-", "f5__exceed": "2.19600000", "f95__excee": "1.38900000", "m2__m_": "0.37500000", "s2__m_": "0.04300000", "msf__m_": "0.67100000", "tidal_addi": "1.13100000", "spring_tid": "0.21100000", "neap_tidal": "-1.03700000", "tidal_redu": "-1.03700000", "shwl__mmsl": "3.32700000", "slwl__mmsl": "0.35200000", "comment": "SHWL & SLWL determined for this station are not useable for contour map creation due to very limited period of data. SHWL & SLWL computed from limited data will not appropriate with existing scenerios.", "updated_at": "2023-12-19 11:16:12.6216", "updated_by": "osk", "observed_y": 0, "class_of_r": "II", "flow_statu": "Perennial", "islwl": "-", "exceedance": 2, "exceedan_1": 2.2, "exceedan_2": 95, "exceedan_3": 1.3900000000000001, "spring_red": 0.21000000000000002, "neap_reduc": -1.04, "final_redu": -1.04, "shwl__mm_1": "-", "slwl__mm_1": "-", "used_for_s": 0, "used_fo_01": 0}}, {"type": "Feature", "id": 383, "geometry": {"type": "Point", "coordinates": [91.979747004807, 23.095767006278038]}, "properties": {"gid": 383, "objectid": 404, "organizati": "BIWTA", "station_id": "7. Khagrachari (TBM-1)", "wl_station": "7. Khagrachari (TBM-1)", "st_name": "7. Khagrachari (TBM-1)", "river_name": "Changi", "district": "Khagrachhari", "upazila": "Khagrachhari Sadar", "region": "Eastern Hilly", "tidal_stat": "Non-Tidal (Flashy)", "latitude": 23.095767000000002, "longitude": 91.97974699999999, "btm_x": 703054.14, "btm_y": 555201.26, "sob_effect": null, "sob_conver": "0.00000000", "pwd_cd": "-", "msl": "-", "f5__exceed": "35.34200000", "f95__excee": "33.15800000", "m2__m_": "0.00000000", "s2__m_": "0.00000000", "msf__m_": "0.00000000", "tidal_addi": "0.00000000", "spring_tid": "0.00000000", "neap_tidal": "0.00000000", "tidal_redu": "0.00000000", "shwl__mmsl": "35.34200000", "slwl__mmsl": "33.15800000", "comment": "SHWL & SLWL determined for this station are not useable for contour map creation due to very limited period of data. SHWL & SLWL computed from limited data will not appropriate with existing scenerios.", "updated_at": "2023-12-19 11:16:12.6216", "updated_by": "osk", "observed_y": 0, "class_of_r": "III", "flow_statu": "Perennial", "islwl": "-", "exceedance": 2, "exceedan_1": 35.34, "exceedan_2": 95, "exceedan_3": 33.16, "spring_red": 0, "neap_reduc": 0, "final_redu": 0, "shwl__mm_1": "-", "slwl__mm_1": "-", "used_for_s": 0, "used_fo_01": 0}}, {"type": "Feature", "id": 384, "geometry": {"type": "Point", "coordinates": [92.19031800329685, 23.16083400696516]}, "properties": {"gid": 384, "objectid": 405, "organizati": "BIWTA", "station_id": "8. Baghaichhari (2DGPS294)", "wl_station": "8. Baghaichhari (2DGPS294)", "st_name": "8. Baghaichhari (2DGPS294)", "river_name": "Kasalang", "district": "Rangamati", "upazila": "Bagaichhari", "region": "Eastern Hilly", "tidal_stat": "Non-Tidal (Flashy)", "latitude": 23.160833999999998, "longitude": 92.19031799999999, "btm_x": 724520.05, "btm_y": 562715.98, "sob_effect": null, "sob_conver": "0.00000000", "pwd_cd": "-", "msl": "-", "f5__exceed": "30.57100000", "f95__excee": "29.73400000", "m2__m_": "0.00000000", "s2__m_": "0.00000000", "msf__m_": "0.00000000", "tidal_addi": "0.00000000", "spring_tid": "0.00000000", "neap_tidal": "0.00000000", "tidal_redu": "0.00000000", "shwl__mmsl": "30.57100000", "slwl__mmsl": "29.73400000", "comment": "SHWL & SLWL determined for this station are not useable for contour map creation due to very limited period of data. SHWL & SLWL computed from limited data will not appropriate with existing scenerios.", "updated_at": "2023-12-19 11:16:12.6216", "updated_by": "osk", "observed_y": 0, "class_of_r": "III", "flow_statu": "Perennial", "islwl": "-", "exceedance": 2, "exceedan_1": 30.57, "exceedan_2": 95, "exceedan_3": 29.73, "spring_red": 0, "neap_reduc": 0, "final_redu": 0, "shwl__mm_1": "-", "slwl__mm_1": "-", "used_for_s": 0, "used_fo_01": 0}}, {"type": "Feature", "id": 385, "geometry": {"type": "Point", "coordinates": [91.73841800540686, 23.004008002579212]}, "properties": {"gid": 385, "objectid": 406, "organizati": "BIWTA", "station_id": "9. Pilak Bazar (TBM-1)", "wl_station": "9. Pilak Bazar (TBM-1)", "st_name": "9. Pilak Bazar (TBM-1)", "river_name": "Feni", "district": "Khagrachhari", "upazila": "Ramgarh", "region": "Eastern Hilly", "tidal_stat": "Non-Tidal (Flashy)", "latitude": 23.004008000000002, "longitude": 91.738418, "btm_x": 678451.72, "btm_y": 544725.54, "sob_effect": null, "sob_conver": "0.00000000", "pwd_cd": "-", "msl": "-", "f5__exceed": "12.83200000", "f95__excee": "10.54500000", "m2__m_": "0.00000000", "s2__m_": "0.00000000", "msf__m_": "0.00000000", "tidal_addi": "0.00000000", "spring_tid": "0.00000000", "neap_tidal": "0.00000000", "tidal_redu": "0.00000000", "shwl__mmsl": "12.83200000", "slwl__mmsl": "10.54500000", "comment": "SHWL & SLWL determined for this station are not useable for contour map creation due to very limited period of data. SHWL & SLWL computed from limited data will not appropriate with existing scenerios.", "updated_at": "2023-12-19 11:16:12.6216", "updated_by": "osk", "observed_y": 0, "class_of_r": "Unclassified", "flow_statu": "Perennial", "islwl": "-", "exceedance": 2, "exceedan_1": 12.83, "exceedan_2": 95, "exceedan_3": 10.55, "spring_red": 0, "neap_reduc": 0, "final_redu": 0, "shwl__mm_1": "-", "slwl__mm_1": "-", "used_for_s": 0, "used_fo_01": 0}}, {"type": "Feature", "id": 386, "geometry": {"type": "Point", "coordinates": [91.87195380032063, 21.704601503908634]}, "properties": {"gid": 386, "objectid": 439, "organizati": "CPA", "station_id": "Matarbari", "wl_station": "Matarbari", "st_name": "Matarbari", "river_name": "BoB", "district": "Chattogram", "upazila": null, "region": "Eastern Hilly", "tidal_stat": "Tidal", "latitude": 21.70460151, "longitude": 91.87195381, "btm_x": 693929.4, "btm_y": 401008.05, "sob_effect": null, "sob_conver": "0.00000000", "pwd_cd": "-", "msl": "3.518", "f5__exceed": "0.66100000", "f95__excee": "-0.31000000", "m2__m_": "1.23200000", "s2__m_": "0.50000000", "msf__m_": "0.02000000", "tidal_addi": "1.92600000", "spring_tid": "-1.88500000", "neap_tidal": "-0.82600000", "tidal_redu": "-1.88500000", "shwl__mmsl": "2.58700000", "slwl__mmsl": "-2.19500000", "comment": "Datum Problem or, Problem in Gauge Zero Value. So, determined SHWL ands SLWL for this station will be unusable.", "updated_at": "2023-12-19 11:16:12.6216", "updated_by": "osk", "observed_y": 3, "class_of_r": "S", "flow_statu": "Perennial", "islwl": "-", "exceedance": 2, "exceedan_1": 0.66, "exceedan_2": 95, "exceedan_3": -0.31, "spring_red": -1.8900000000000001, "neap_reduc": -0.8300000000000001, "final_redu": -1.8900000000000001, "shwl__mm_1": "-", "slwl__mm_1": "-", "used_for_s": 0, "used_fo_01": 0}}, {"type": "Feature", "id": 387, "geometry": {"type": "Point", "coordinates": [91.35125900059938, 22.76274800300598]}, "properties": {"gid": 387, "objectid": 407, "organizati": "BIWTA", "station_id": "10. Musapur (BWDB-193)", "wl_station": "10. Musapur (BWDB-193)", "st_name": "10. Musapur (BWDB-193)", "river_name": "Little Feni", "district": "Noakhali", "upazila": "Companiganj", "region": "South-East", "tidal_stat": "Tidal", "latitude": 22.762748, "longitude": 91.351259, "btm_x": 639011.44, "btm_y": 517595.28, "sob_effect": null, "sob_conver": "0.00000000", "pwd_cd": "-", "msl": "-", "f5__exceed": "1.68000000", "f95__excee": "-0.14600000", "m2__m_": "1.90000000", "s2__m_": "0.86000000", "msf__m_": "0.12500000", "tidal_addi": "3.16100000", "spring_tid": "-2.91100000", "neap_tidal": "-1.26800000", "tidal_redu": "-2.91100000", "shwl__mmsl": "4.84100000", "slwl__mmsl": "-3.05700000", "comment": "SHWL & SLWL determined for this station are not useable for contour map creation due to very limited period of data. SHWL & SLWL computed from limited data will not appropriate with existing scenerios.", "updated_at": "2023-12-19 11:16:12.6216", "updated_by": "osk", "observed_y": 0, "class_of_r": "Unclassified", "flow_statu": "Perennial", "islwl": "-", "exceedance": 2, "exceedan_1": 1.6800000000000002, "exceedan_2": 95, "exceedan_3": -0.15, "spring_red": -2.91, "neap_reduc": -1.27, "final_redu": -2.91, "shwl__mm_1": "-", "slwl__mm_1": "-", "used_for_s": 0, "used_fo_01": 0}}, {"type": "Feature", "id": 388, "geometry": {"type": "Point", "coordinates": [89.8048525005579, 22.64894090592861]}, "properties": {"gid": 388, "objectid": 1, "organizati": "BWDB", "station_id": "SW1", "wl_station": "Bagerhat", "st_name": "SW1 (Bagerhat)", "river_name": "Alaipur Khal Daratona", "district": "Bagerhat", "upazila": "Bagerhat Sadar", "region": "South-West", "tidal_stat": "Tidal", "latitude": 22.64894087, "longitude": 89.80485249, "btm_x": 480233.4, "btm_y": 504377.58, "sob_effect": "2023-01-01", "sob_conver": "-0.27600000", "pwd_cd": null, "msl": null, "f5__exceed": "1.34900000", "f95__excee": "-0.07700000", "m2__m_": "0.66800000", "s2__m_": "0.21400000", "msf__m_": "0.06500000", "tidal_addi": "1.03400000", "spring_tid": "-0.90500000", "neap_tidal": "-0.56300000", "tidal_redu": "-0.90500000", "shwl__mmsl": "2.38300000", "slwl__mmsl": "-0.98300000", "comment": "-", "updated_at": "2023-12-19 11:16:12.6216", "updated_by": "osk", "observed_y": 26, "class_of_r": "II", "flow_statu": "Perennial", "islwl": "-", "exceedance": 2, "exceedan_1": 1.35, "exceedan_2": 95, "exceedan_3": -0.08, "spring_red": -0.91, "neap_reduc": -0.56, "final_redu": -0.91, "shwl__mm_1": "-", "slwl__mm_1": "-", "used_for_s": 1, "used_fo_01": 1}}, {"type": "Feature", "id": 389, "geometry": {"type": "Point", "coordinates": [91.00526800751686, 23.167426005005836]}, "properties": {"gid": 389, "objectid": 408, "organizati": "BIWTA", "station_id": "11. Chitoishi Bazar (TBM-1)", "wl_station": "11. Chitoishi Bazar (TBM-1)", "st_name": "11. Chitoishi Bazar (TBM-1)", "river_name": "Mellar Khal", "district": "Chandpur", "upazila": "Shahrasti", "region": "South-East", "tidal_stat": "Tidal", "latitude": 23.167426, "longitude": 91.005268, "btm_x": 603180.33, "btm_y": 562114.58, "sob_effect": null, "sob_conver": "0.00000000", "pwd_cd": "-", "msl": "-", "f5__exceed": "2.82000000", "f95__excee": "0.24600000", "m2__m_": "0.00500000", "s2__m_": "0.06400000", "msf__m_": "0.05000000", "tidal_addi": "0.12700000", "spring_tid": "-0.02700000", "neap_tidal": "0.01500000", "tidal_redu": "-0.02700000", "shwl__mmsl": "2.94700000", "slwl__mmsl": "0.21900000", "comment": "SHWL & SLWL determined for this station are not useable for contour map creation due to very limited period of data. SHWL & SLWL computed from limited data will not appropriate with existing scenerios.", "updated_at": "2023-12-19 11:16:12.6216", "updated_by": "osk", "observed_y": 0, "class_of_r": "III", "flow_statu": "Perennial", "islwl": "-", "exceedance": 2, "exceedan_1": 2.8200000000000003, "exceedan_2": 95, "exceedan_3": 0.25, "spring_red": -0.030000000000000002, "neap_reduc": 0.02, "final_redu": -0.030000000000000002, "shwl__mm_1": "-", "slwl__mm_1": "-", "used_for_s": 0, "used_fo_01": 0}}, {"type": "Feature", "id": 390, "geometry": {"type": "Point", "coordinates": [90.83396500349045, 23.57966000586748]}, "properties": {"gid": 390, "objectid": 409, "organizati": "BIWTA", "station_id": "12. Balur Char Bazar (TBM-4)", "wl_station": "12. Balur Char Bazar (TBM-4)", "st_name": "12. Balur Char Bazar (TBM-4)", "river_name": "Gomti", "district": "Cumilla", "upazila": "Daudkandi", "region": "South-East", "tidal_stat": "Tidal", "latitude": 23.57966, "longitude": 90.833965, "btm_x": 585381.68, "btm_y": 607643.16, "sob_effect": null, "sob_conver": "0.00000000", "pwd_cd": "-", "msl": "-", "f5__exceed": "3.69400000", "f95__excee": "0.58100000", "m2__m_": "0.06200000", "s2__m_": "0.05800000", "msf__m_": "0.05100000", "tidal_addi": "0.18300000", "spring_tid": "-0.08100000", "neap_tidal": "-0.05500000", "tidal_redu": "-0.08100000", "shwl__mmsl": "3.87700000", "slwl__mmsl": "0.50000000", "comment": "SHWL & SLWL determined for this station are not useable for contour map creation due to very limited period of data. SHWL & SLWL computed from limited data will not appropriate with existing scenerios.", "updated_at": "2023-12-19 11:16:12.6216", "updated_by": "osk", "observed_y": 0, "class_of_r": "III", "flow_statu": "Perennial", "islwl": "-", "exceedance": 2, "exceedan_1": 3.69, "exceedan_2": 95, "exceedan_3": 0.5800000000000001, "spring_red": -0.08, "neap_reduc": -0.060000000000000005, "final_redu": -0.08, "shwl__mm_1": "-", "slwl__mm_1": "-", "used_for_s": 0, "used_fo_01": 0}}, {"type": "Feature", "id": 391, "geometry": {"type": "Point", "coordinates": [90.88262600451708, 23.770224004983902]}, "properties": {"gid": 391, "objectid": 410, "organizati": "BIWTA", "station_id": "13. Bangla Bazar (TBM-2)", "wl_station": "13. Bangla Bazar (TBM-2)", "st_name": "13. Bangla Bazar (TBM-2)", "river_name": "Meghna-titas", "district": "Brahmanbaria", "upazila": "Nabinagar", "region": "South-East", "tidal_stat": "Tidal", "latitude": 23.770224, "longitude": 90.882626, "btm_x": 590216.81, "btm_y": 628771.65, "sob_effect": null, "sob_conver": "0.00000000", "pwd_cd": "-", "msl": "-", "f5__exceed": "2.78000000", "f95__excee": "-0.67400000", "m2__m_": "0.07300000", "s2__m_": "0.03200000", "msf__m_": "0.13200000", "tidal_addi": "0.24700000", "spring_tid": "0.01600000", "neap_tidal": "-0.17700000", "tidal_redu": "-0.17700000", "shwl__mmsl": "3.02700000", "slwl__mmsl": "-0.85100000", "comment": "SHWL & SLWL determined for this station are not useable for contour map creation due to very limited period of data. SHWL & SLWL computed from limited data will not appropriate with existing scenerios.", "updated_at": "2023-12-19 11:16:12.6216", "updated_by": "osk", "observed_y": 0, "class_of_r": "Unclassified", "flow_statu": "Perennial", "islwl": "-", "exceedance": 2, "exceedan_1": 2.7800000000000002, "exceedan_2": 95, "exceedan_3": -0.67, "spring_red": 0.02, "neap_reduc": -0.18000000000000002, "final_redu": -0.18000000000000002, "shwl__mm_1": "-", "slwl__mm_1": "-", "used_for_s": 0, "used_fo_01": 0}}, {"type": "Feature", "id": 392, "geometry": {"type": "Point", "coordinates": [90.7448520064354, 22.060566000640392]}, "properties": {"gid": 392, "objectid": 411, "organizati": "BIWTA", "station_id": "14. Char Fakira (TBM-4)", "wl_station": "14. Char Fakira (TBM-4)", "st_name": "14. Char Fakira (TBM-4)", "river_name": "Shahbazpur Channel", "district": "Bhola", "upazila": "Char Fasson", "region": "South-West", "tidal_stat": "Tidal", "latitude": 22.060566, "longitude": 90.744852, "btm_x": 577136.08, "btm_y": 439424.92, "sob_effect": null, "sob_conver": "0.00000000", "pwd_cd": "-", "msl": "-", "f5__exceed": "0.16800000", "f95__excee": "-1.13100000", "m2__m_": "0.07300000", "s2__m_": "0.03200000", "msf__m_": "0.13200000", "tidal_addi": "0.24700000", "spring_tid": "0.01600000", "neap_tidal": "-0.17700000", "tidal_redu": "-0.17700000", "shwl__mmsl": "0.41500000", "slwl__mmsl": "-1.30800000", "comment": "SHWL & SLWL determined for this station are not useable for contour map creation due to very limited period of data. SHWL & SLWL computed from limited data will not appropriate with existing scenerios. Besides, there is low water problem in the data.", "updated_at": "2023-12-19 11:16:12.6216", "updated_by": "osk", "observed_y": 0, "class_of_r": "III", "flow_statu": "Perennial", "islwl": "-", "exceedance": 2, "exceedan_1": 0.17, "exceedan_2": 95, "exceedan_3": -1.13, "spring_red": 0.02, "neap_reduc": -0.18000000000000002, "final_redu": -0.18000000000000002, "shwl__mm_1": "-", "slwl__mm_1": "-", "used_for_s": 0, "used_fo_01": 0}}, {"type": "Feature", "id": 393, "geometry": {"type": "Point", "coordinates": [89.42538700252771, 22.644767001271248]}, "properties": {"gid": 393, "objectid": 412, "organizati": "BIWTA", "station_id": "15. Baroaria (TBM-1)", "wl_station": "15. Baroaria (TBM-1)", "st_name": "15. Baroaria (TBM-1)", "river_name": "Sibsha", "district": "Khulna", "upazila": "Pikegachha", "region": "South-West", "tidal_stat": "Tidal", "latitude": 22.644767, "longitude": 89.42538699999999, "btm_x": 441243.23, "btm_y": 504016.39, "sob_effect": null, "sob_conver": "0.00000000", "pwd_cd": "-", "msl": "-", "f5__exceed": "0.89200000", "f95__excee": "-0.15200000", "m2__m_": "0.86900000", "s2__m_": "0.46100000", "msf__m_": "0.07500000", "tidal_addi": "1.53800000", "spring_tid": "-1.38800000", "neap_tidal": "-0.52400000", "tidal_redu": "-1.38800000", "shwl__mmsl": "2.43000000", "slwl__mmsl": "-1.54000000", "comment": "SHWL & SLWL determined for this station are not useable for contour map creation due to very limited period of data. SHWL & SLWL computed from limited data will not appropriate with existing scenerios.", "updated_at": "2023-12-19 11:16:12.6216", "updated_by": "osk", "observed_y": 0, "class_of_r": "III", "flow_statu": "Perennial", "islwl": "-", "exceedance": 2, "exceedan_1": 0.89, "exceedan_2": 95, "exceedan_3": -0.15, "spring_red": -1.3900000000000001, "neap_reduc": -0.52, "final_redu": -1.3900000000000001, "shwl__mm_1": "-", "slwl__mm_1": "-", "used_for_s": 0, "used_fo_01": 0}}, {"type": "Feature", "id": 394, "geometry": {"type": "Point", "coordinates": [89.17100400477648, 22.76383800059557]}, "properties": {"gid": 394, "objectid": 413, "organizati": "BIWTA", "station_id": "16. Malek bari bazar (TBM-1)", "wl_station": "16. Malek bari bazar (TBM-1)", "st_name": "16. Malek bari bazar (TBM-1)", "river_name": "Kapatakshi", "district": "Satkhira", "upazila": "Tala", "region": "South-West", "tidal_stat": "Tidal", "latitude": 22.763838, "longitude": 89.17100400000001, "btm_x": 415178.38, "btm_y": 517321.16, "sob_effect": null, "sob_conver": "0.00000000", "pwd_cd": "-", "msl": "-", "f5__exceed": "1.61000000", "f95__excee": "0.41100000", "m2__m_": "0.23300000", "s2__m_": "0.19000000", "msf__m_": "0.14500000", "tidal_addi": "0.61000000", "spring_tid": "-0.32100000", "neap_tidal": "-0.19300000", "tidal_redu": "-0.32100000", "shwl__mmsl": "2.22000000", "slwl__mmsl": "0.09000000", "comment": "SHWL & SLWL determined for this station are not useable for contour map creation due to very limited period of data. SHWL & SLWL computed from limited data will not appropriate with existing scenerios.", "updated_at": "2023-12-19 11:16:12.6216", "updated_by": "osk", "observed_y": 0, "class_of_r": "V", "flow_statu": "Perennial", "islwl": "-", "exceedance": 2, "exceedan_1": 1.6099999999999999, "exceedan_2": 95, "exceedan_3": 0.41000000000000003, "spring_red": -0.32, "neap_reduc": -0.19, "final_redu": -0.32, "shwl__mm_1": "-", "slwl__mm_1": "-", "used_for_s": 0, "used_fo_01": 0}}, {"type": "Feature", "id": 395, "geometry": {"type": "Point", "coordinates": [89.05181400477886, 23.187525004148483]}, "properties": {"gid": 395, "objectid": 414, "organizati": "BIWTA", "station_id": "17. Paluya Bazar (TBM-1)", "wl_station": "17. Paluya Bazar (TBM-1)", "st_name": "17. Paluya Bazar (TBM-1)", "river_name": "Kapatakshi", "district": "Jashore", "upazila": "Chaugachha", "region": "South-West", "tidal_stat": "Non-Tidal (Non Flashy)", "latitude": 23.187525, "longitude": 89.051814, "btm_x": 403244.54, "btm_y": 564300.59, "sob_effect": null, "sob_conver": "0.00000000", "pwd_cd": "-", "msl": "-", "f5__exceed": "0.00000000", "f95__excee": "0.00000000", "m2__m_": "0.00000000", "s2__m_": "0.00000000", "msf__m_": "0.00000000", "tidal_addi": "0.00000000", "spring_tid": "0.00000000", "neap_tidal": "0.00000000", "tidal_redu": "0.00000000", "shwl__mmsl": "0.00000000", "slwl__mmsl": "0.00000000", "comment": "BIWTA informed that this station will be fully cancelled.", "updated_at": "2023-12-19 11:16:12.6216", "updated_by": "osk", "observed_y": 0, "class_of_r": "V", "flow_statu": "Perennial", "islwl": "-", "exceedance": 2, "exceedan_1": 0, "exceedan_2": 95, "exceedan_3": 0, "spring_red": 0, "neap_reduc": 0, "final_redu": 0, "shwl__mm_1": "-", "slwl__mm_1": "-", "used_for_s": 0, "used_fo_01": 0}}, {"type": "Feature", "id": 396, "geometry": {"type": "Point", "coordinates": [89.26625100523233, 23.302964001893997]}, "properties": {"gid": 396, "objectid": 415, "organizati": "BIWTA", "station_id": "18. Khajura (TBM-1 Madrasa)", "wl_station": "18. Khajura (TBM-1 Madrasa)", "st_name": "18. Khajura (TBM-1 Madrasa)", "river_name": "Chitra", "district": "Jashore", "upazila": "Bagher Para", "region": "South-West", "tidal_stat": "Non-Tidal (Non Flashy)", "latitude": 23.302964, "longitude": 89.266251, "btm_x": 425255.96, "btm_y": 576953.83, "sob_effect": null, "sob_conver": "0.00000000", "pwd_cd": "-", "msl": "-", "f5__exceed": "2.58800000", "f95__excee": "1.66500000", "m2__m_": "0.00000000", "s2__m_": "0.00000000", "msf__m_": "0.00000000", "tidal_addi": "0.00000000", "spring_tid": "0.00000000", "neap_tidal": "0.00000000", "tidal_redu": "0.00000000", "shwl__mmsl": "2.58800000", "slwl__mmsl": "1.66500000", "comment": "SHWL & SLWL determined for this station are not useable for contour map creation due to very limited period of data. SHWL & SLWL computed from limited data will not appropriate with existing scenerios.", "updated_at": "2023-12-19 11:16:12.6216", "updated_by": "osk", "observed_y": 0, "class_of_r": "V", "flow_statu": "Seasonal", "islwl": "-", "exceedance": 2, "exceedan_1": 2.59, "exceedan_2": 95, "exceedan_3": 1.67, "spring_red": 0, "neap_reduc": 0, "final_redu": 0, "shwl__mm_1": "-", "slwl__mm_1": "-", "used_for_s": 0, "used_fo_01": 0}}, {"type": "Feature", "id": 397, "geometry": {"type": "Point", "coordinates": [89.36417500674725, 23.667405001819134]}, "properties": {"gid": 397, "objectid": 416, "organizati": "BIWTA", "station_id": "19. Langolbadh (TBM-1)", "wl_station": "19. Langolbadh (TBM-1)", "st_name": "19. Langolbadh (TBM-1)", "river_name": "Gorai/Modhumoti", "district": "Jhenaidah", "upazila": "Pangsha", "region": "South-West", "tidal_stat": "Non-Tidal (Non Flashy)", "latitude": 23.667405000000002, "longitude": 89.36417499999999, "btm_x": 435447.67, "btm_y": 617253.86, "sob_effect": null, "sob_conver": "0.00000000", "pwd_cd": "-", "msl": "-", "f5__exceed": "0.00000000", "f95__excee": "0.00000000", "m2__m_": "0.00000000", "s2__m_": "0.00000000", "msf__m_": "0.00000000", "tidal_addi": "0.00000000", "spring_tid": "0.00000000", "neap_tidal": "0.00000000", "tidal_redu": "0.00000000", "shwl__mmsl": "0.00000000", "slwl__mmsl": "0.00000000", "comment": "BIWTA informed that this station will be fully cancelled.", "updated_at": "2023-12-19 11:16:12.6216", "updated_by": "osk", "observed_y": 0, "class_of_r": "III", "flow_statu": "Seasonal", "islwl": "-", "exceedance": 2, "exceedan_1": 0, "exceedan_2": 95, "exceedan_3": 0, "spring_red": 0, "neap_reduc": 0, "final_redu": 0, "shwl__mm_1": "-", "slwl__mm_1": "-", "used_for_s": 0, "used_fo_01": 0}}, {"type": "Feature", "id": 398, "geometry": {"type": "Point", "coordinates": [89.9653260037303, 22.819403000175953]}, "properties": {"gid": 398, "objectid": 417, "organizati": "BIWTA", "station_id": "20. Sachia Bazar (TBM-3)", "wl_station": "20. Sachia Bazar (TBM-3)", "st_name": "20. Sachia Bazar (TBM-3)", "river_name": "Kaliganga", "district": "Pirojpur", "upazila": "Nazirpur", "region": "South-West", "tidal_stat": "Tidal", "latitude": 22.819403, "longitude": 89.965326, "btm_x": 496725.49, "btm_y": 523234.17, "sob_effect": null, "sob_conver": "0.00000000", "pwd_cd": "-", "msl": "-", "f5__exceed": "1.54700000", "f95__excee": "-0.73500000", "m2__m_": "0.03400000", "s2__m_": "0.16200000", "msf__m_": "0.05900000", "tidal_addi": "0.27400000", "spring_tid": "-0.15600000", "neap_tidal": "0.08100000", "tidal_redu": "-0.15600000", "shwl__mmsl": "1.82100000", "slwl__mmsl": "-0.89100000", "comment": "SHWL & SLWL determined for this station are not useable for contour map creation due to very limited period of data. SHWL & SLWL computed from limited data will not appropriate with existing scenerios.", "updated_at": "2023-12-19 11:16:12.6216", "updated_by": "osk", "observed_y": 0, "class_of_r": "II", "flow_statu": "Perennial", "islwl": "-", "exceedance": 2, "exceedan_1": 1.55, "exceedan_2": 95, "exceedan_3": -0.74, "spring_red": -0.16, "neap_reduc": 0.08, "final_redu": -0.16, "shwl__mm_1": "-", "slwl__mm_1": "-", "used_for_s": 0, "used_fo_01": 0}}, {"type": "Feature", "id": 399, "geometry": {"type": "Point", "coordinates": [89.70554100722075, 24.044173002243042]}, "properties": {"gid": 399, "objectid": 418, "organizati": "BIWTA", "station_id": "21. Bausha Bazar (TBM-3)", "wl_station": "21. Bausha Bazar (TBM-3)", "st_name": "21. Bausha Bazar (TBM-3)", "river_name": "Brahammaputro-Jamuna", "district": "Sirajganj", "upazila": "Chauhali", "region": "North-West", "tidal_stat": "Non-Tidal (Non Flashy)", "latitude": 24.044173, "longitude": 89.705541, "btm_x": 470344.26, "btm_y": 658853.13, "sob_effect": null, "sob_conver": "0.00000000", "pwd_cd": "-", "msl": "-", "f5__exceed": "8.00600000", "f95__excee": "3.03900000", "m2__m_": "0.00000000", "s2__m_": "0.00000000", "msf__m_": "0.00000000", "tidal_addi": "0.00000000", "spring_tid": "0.00000000", "neap_tidal": "0.00000000", "tidal_redu": "0.00000000", "shwl__mmsl": "8.00600000", "slwl__mmsl": "3.03900000", "comment": "SHWL & SLWL determined for this station are not useable for contour map creation due to very limited period of data. SHWL & SLWL computed from limited data will not appropriate with existing scenerios.", "updated_at": "2023-12-19 11:16:12.6216", "updated_by": "osk", "observed_y": 0, "class_of_r": "II", "flow_statu": "Perennial", "islwl": "-", "exceedance": 2, "exceedan_1": 8.01, "exceedan_2": 95, "exceedan_3": 3.04, "spring_red": 0, "neap_reduc": 0, "final_redu": 0, "shwl__mm_1": "-", "slwl__mm_1": "-", "used_for_s": 0, "used_fo_01": 0}}, {"type": "Feature", "id": 400, "geometry": {"type": "Point", "coordinates": [89.71324200183153, 24.22697700560093]}, "properties": {"gid": 400, "objectid": 419, "organizati": "BIWTA", "station_id": "22. Al-Amin Market (TBM-1)", "wl_station": "22. Al-Amin Market (TBM-1)", "st_name": "22. Al-Amin Market (TBM-1)", "river_name": "Brahammaputro-Jamuna", "district": "Sirajganj", "upazila": "Chauhali", "region": "North-West", "tidal_stat": "Non-Tidal (Non Flashy)", "latitude": 24.226977, "longitude": 89.713242, "btm_x": 471168.69, "btm_y": 679090.83, "sob_effect": null, "sob_conver": "0.00000000", "pwd_cd": "-", "msl": "-", "f5__exceed": "11.04900000", "f95__excee": "8.87700000", "m2__m_": "0.00000000", "s2__m_": "0.00000000", "msf__m_": "0.00000000", "tidal_addi": "0.00000000", "spring_tid": "0.00000000", "neap_tidal": "0.00000000", "tidal_redu": "0.00000000", "shwl__mmsl": "11.04900000", "slwl__mmsl": "8.87700000", "comment": "SHWL & SLWL determined for this station are not useable for contour map creation due to very limited period of data. SHWL & SLWL computed from limited data will not appropriate with existing scenerios.", "updated_at": "2023-12-19 11:16:12.6216", "updated_by": "osk", "observed_y": 0, "class_of_r": "II", "flow_statu": "Perennial", "islwl": "-", "exceedance": 2, "exceedan_1": 11.05, "exceedan_2": 95, "exceedan_3": 8.88, "spring_red": 0, "neap_reduc": 0, "final_redu": 0, "shwl__mm_1": "-", "slwl__mm_1": "-", "used_for_s": 0, "used_fo_01": 0}}, {"type": "Feature", "id": 401, "geometry": {"type": "Point", "coordinates": [89.42465800046921, 24.66499100625515]}, "properties": {"gid": 401, "objectid": 420, "organizati": "BIWTA", "station_id": "23. Ramnagar (TBM-3)", "wl_station": "23. Ramnagar (TBM-3)", "st_name": "23. Ramnagar (TBM-3)", "river_name": "Jamuneswari/Karatoya", "district": "Bogra", "upazila": "Sherpur", "region": "North-West", "tidal_stat": "Non-Tidal (Non Flashy)", "latitude": 24.664991, "longitude": 89.424658, "btm_x": 442069.41, "btm_y": 727679.6, "sob_effect": null, "sob_conver": "0.00000000", "pwd_cd": "-", "msl": "-", "f5__exceed": "0.00000000", "f95__excee": "0.00000000", "m2__m_": "0.00000000", "s2__m_": "0.00000000", "msf__m_": "0.00000000", "tidal_addi": "0.00000000", "spring_tid": "0.00000000", "neap_tidal": "0.00000000", "tidal_redu": "0.00000000", "shwl__mmsl": "0.00000000", "slwl__mmsl": "0.00000000", "comment": "BIWTA informed that this station will be fully cancelled.", "updated_at": "2023-12-19 11:16:12.6216", "updated_by": "osk", "observed_y": 0, "class_of_r": "V", "flow_statu": "Seasonal", "islwl": "-", "exceedance": 2, "exceedan_1": 0, "exceedan_2": 95, "exceedan_3": 0, "spring_red": 0, "neap_reduc": 0, "final_redu": 0, "shwl__mm_1": "-", "slwl__mm_1": "-", "used_for_s": 0, "used_fo_01": 0}}, {"type": "Feature", "id": 402, "geometry": {"type": "Point", "coordinates": [91.79660760611296, 22.301898807287216]}, "properties": {"gid": 402, "objectid": 435, "organizati": "CPA", "station_id": "Dock Office", "wl_station": "Dock Office", "st_name": "Dock Office", "river_name": "Karnafuli", "district": "Chattogram", "upazila": "Chiitagong Port", "region": "Eastern Hilly", "tidal_stat": "Tidal", "latitude": 22.30189883, "longitude": 91.79660761, "btm_x": 685356.06, "btm_y": 467051.16, "sob_effect": null, "sob_conver": "0.00000000", "pwd_cd": "-", "msl": "4.17", "f5__exceed": "1.24000000", "f95__excee": "0.07000000", "m2__m_": "1.57200000", "s2__m_": "0.55100000", "msf__m_": "0.07000000", "tidal_addi": "2.40500000", "spring_tid": "-2.26500000", "neap_tidal": "-1.19300000", "tidal_redu": "-2.26500000", "shwl__mmsl": "3.64500000", "slwl__mmsl": "-2.19500000", "comment": "Datum Problem or, Problem in Gauge Zero Value. So, determined SHWL ands SLWL for this station will be unusable.", "updated_at": "2023-12-19 11:16:12.6216", "updated_by": "osk", "observed_y": 8, "class_of_r": "S", "flow_statu": "Perennial", "islwl": "5.98", "exceedance": 2, "exceedan_1": 1.24, "exceedan_2": 95, "exceedan_3": 0.07, "spring_red": -2.27, "neap_reduc": -1.19, "final_redu": -2.27, "shwl__mm_1": "-", "slwl__mm_1": "-", "used_for_s": 0, "used_fo_01": 0}}, {"type": "Feature", "id": 403, "geometry": {"type": "Point", "coordinates": [89.60818000137806, 25.327558003365993]}, "properties": {"gid": 403, "objectid": 421, "organizati": "BIWTA", "station_id": "24. Kanchipara (TBM-3)", "wl_station": "24. Kanchipara (TBM-3)", "st_name": "24. Kanchipara (TBM-3)", "river_name": "Ghagot", "district": "Gaibandha", "upazila": "Fulchhari", "region": "North-West", "tidal_stat": "Non-Tidal (Non Flashy)", "latitude": 25.327558, "longitude": 89.60817999999999, "btm_x": 460850.75, "btm_y": 800979.79, "sob_effect": null, "sob_conver": "0.00000000", "pwd_cd": "-", "msl": "-", "f5__exceed": "17.93700000", "f95__excee": "16.76100000", "m2__m_": "0.00000000", "s2__m_": "0.00000000", "msf__m_": "0.00000000", "tidal_addi": "0.00000000", "spring_tid": "0.00000000", "neap_tidal": "0.00000000", "tidal_redu": "0.00000000", "shwl__mmsl": "17.93700000", "slwl__mmsl": "16.76100000", "comment": "SHWL & SLWL determined for this station are not useable for contour map creation due to very limited period of data. SHWL & SLWL computed from limited data will not appropriate with existing scenerios.", "updated_at": "2023-12-19 11:16:12.6216", "updated_by": "osk", "observed_y": 0, "class_of_r": "IV", "flow_statu": "Perennial", "islwl": "-", "exceedance": 2, "exceedan_1": 17.94, "exceedan_2": 95, "exceedan_3": 16.76, "spring_red": 0, "neap_reduc": 0, "final_redu": 0, "shwl__mm_1": "-", "slwl__mm_1": "-", "used_for_s": 0, "used_fo_01": 0}}, {"type": "Feature", "id": 404, "geometry": {"type": "Point", "coordinates": [89.92958400398493, 22.159338004887104]}, "properties": {"gid": 404, "objectid": 422, "organizati": "BIWTA", "station_id": "25. Mathbaria (TBM Bridge)", "wl_station": "25. Mathbaria (TBM Bridge)", "st_name": "25. Mathbaria (TBM Bridge)", "river_name": "Baleswar", "district": "Pirojpur", "upazila": "Mathbaria", "region": "South-West", "tidal_stat": "Tidal", "latitude": 22.159338, "longitude": 89.929584, "btm_x": 493023.42, "btm_y": 450171.71, "sob_effect": null, "sob_conver": "0.00000000", "pwd_cd": "-", "msl": "-", "f5__exceed": "0.95500000", "f95__excee": "-0.26500000", "m2__m_": "0.90900000", "s2__m_": "0.01500000", "msf__m_": "0.07900000", "tidal_addi": "1.09600000", "spring_tid": "-0.93700000", "neap_tidal": "-1.06300000", "tidal_redu": "-1.06300000", "shwl__mmsl": "2.05100000", "slwl__mmsl": "-1.32800000", "comment": "SHWL & SLWL determined for this station are not useable for contour map creation due to very limited period of data. SHWL & SLWL computed from limited data will not appropriate with existing scenerios.", "updated_at": "2023-12-19 11:16:12.6216", "updated_by": "osk", "observed_y": 0, "class_of_r": "Unclassified", "flow_statu": "Perennial", "islwl": "-", "exceedance": 2, "exceedan_1": 0.9600000000000001, "exceedan_2": 95, "exceedan_3": -0.27, "spring_red": -0.9400000000000001, "neap_reduc": -1.06, "final_redu": -1.06, "shwl__mm_1": "-", "slwl__mm_1": "-", "used_for_s": 0, "used_fo_01": 0}}, {"type": "Feature", "id": 405, "geometry": {"type": "Point", "coordinates": [90.07954400032759, 22.973777003586292]}, "properties": {"gid": 405, "objectid": 423, "organizati": "BIWTA", "station_id": "26. Paisarhat (TBM-1)", "wl_station": "26. Paisarhat (TBM-1)", "st_name": "26. Paisarhat (TBM-1)", "river_name": "Bisarkand-Bagda Khal", "district": "Barishal", "upazila": "Agailjhara", "region": "South-West", "tidal_stat": "Tidal", "latitude": 22.973777000000002, "longitude": 90.079544, "btm_x": 508436.91, "btm_y": 540324.75, "sob_effect": null, "sob_conver": "0.00000000", "pwd_cd": "-", "msl": "-", "f5__exceed": "1.27100000", "f95__excee": "-0.54200000", "m2__m_": "0.13100000", "s2__m_": "0.11700000", "msf__m_": "0.08000000", "tidal_addi": "0.35300000", "spring_tid": "-0.19400000", "neap_tidal": "-0.09500000", "tidal_redu": "-0.19400000", "shwl__mmsl": "1.62400000", "slwl__mmsl": "-0.73600000", "comment": "SHWL & SLWL determined for this station are not useable for contour map creation due to very limited period of data. SHWL & SLWL computed from limited data will not appropriate with existing scenerios.", "updated_at": "2023-12-19 11:16:12.6216", "updated_by": "osk", "observed_y": 0, "class_of_r": "III", "flow_statu": "Perennial", "islwl": "-", "exceedance": 2, "exceedan_1": 1.27, "exceedan_2": 95, "exceedan_3": -0.54, "spring_red": -0.19, "neap_reduc": -0.1, "final_redu": -0.19, "shwl__mm_1": "-", "slwl__mm_1": "-", "used_for_s": 0, "used_fo_01": 0}}, {"type": "Feature", "id": 406, "geometry": {"type": "Point", "coordinates": [90.21271600574255, 23.983143001794815]}, "properties": {"gid": 406, "objectid": 424, "organizati": "BIWTA", "station_id": "27. Uttar Pakulia (TBM-2)", "wl_station": "27. Uttar Pakulia (TBM-2)", "st_name": "27. Uttar Pakulia (TBM-2)", "river_name": "Banshi", "district": "Dhaka", "upazila": "Savar", "region": "North-Central", "tidal_stat": "Non-Tidal (Non Flashy)", "latitude": 23.983143000000002, "longitude": 90.212716, "btm_x": 521921.86, "btm_y": 652081.29, "sob_effect": null, "sob_conver": "0.00000000", "pwd_cd": "-", "msl": "-", "f5__exceed": "5.47800000", "f95__excee": "3.41200000", "m2__m_": "0.00000000", "s2__m_": "0.00000000", "msf__m_": "0.00000000", "tidal_addi": "0.00000000", "spring_tid": "0.00000000", "neap_tidal": "0.00000000", "tidal_redu": "0.00000000", "shwl__mmsl": "5.47800000", "slwl__mmsl": "3.41200000", "comment": "SHWL & SLWL determined for this station are not useable for contour map creation due to very limited period of data. SHWL & SLWL computed from limited data will not appropriate with existing scenerios.", "updated_at": "2023-12-19 11:16:12.6216", "updated_by": "osk", "observed_y": 0, "class_of_r": "III", "flow_statu": "Perennial", "islwl": "-", "exceedance": 2, "exceedan_1": 5.48, "exceedan_2": 95, "exceedan_3": 3.41, "spring_red": 0, "neap_reduc": 0, "final_redu": 0, "shwl__mm_1": "-", "slwl__mm_1": "-", "used_for_s": 0, "used_fo_01": 0}}, {"type": "Feature", "id": 407, "geometry": {"type": "Point", "coordinates": [89.9506200030446, 24.03796000033617]}, "properties": {"gid": 407, "objectid": 425, "organizati": "BIWTA", "station_id": "28. Nagarpur (TBM-6)", "wl_station": "28. Nagarpur (TBM-6)", "st_name": "28. Nagarpur (TBM-6)", "river_name": "Dhaleswari", "district": "Tangail", "upazila": "Nagarpur", "region": "North-Central", "tidal_stat": "Non-Tidal (Non Flashy)", "latitude": 24.03796, "longitude": 89.95062, "btm_x": 495262.64, "btm_y": 658134.81, "sob_effect": null, "sob_conver": "0.00000000", "pwd_cd": "-", "msl": "-", "f5__exceed": "0.00000000", "f95__excee": "0.00000000", "m2__m_": "0.00000000", "s2__m_": "0.00000000", "msf__m_": "0.00000000", "tidal_addi": "0.00000000", "spring_tid": "0.00000000", "neap_tidal": "0.00000000", "tidal_redu": "0.00000000", "shwl__mmsl": "0.00000000", "slwl__mmsl": "0.00000000", "comment": "BIWTA informed that this station will be fully cancelled.", "updated_at": "2023-12-19 11:16:12.6216", "updated_by": "osk", "observed_y": 0, "class_of_r": "III", "flow_statu": "Perennial", "islwl": "-", "exceedance": 2, "exceedan_1": 0, "exceedan_2": 95, "exceedan_3": 0, "spring_red": 0, "neap_reduc": 0, "final_redu": 0, "shwl__mm_1": "-", "slwl__mm_1": "-", "used_for_s": 0, "used_fo_01": 0}}, {"type": "Feature", "id": 408, "geometry": {"type": "Point", "coordinates": [90.10282100737095, 23.739065006375313]}, "properties": {"gid": 408, "objectid": 426, "organizati": "BIWTA", "station_id": "29. Jamsha (TBM-6)", "wl_station": "29. Jamsha (TBM-6)", "st_name": "29. Jamsha (TBM-6)", "river_name": "Dhaleswari", "district": "Manikganj", "upazila": "Singair", "region": "North-Central", "tidal_stat": "Tidal", "latitude": 23.739065, "longitude": 90.102821, "btm_x": 510762.54, "btm_y": 625046.63, "sob_effect": null, "sob_conver": "0.00000000", "pwd_cd": "-", "msl": "-", "f5__exceed": "4.74500000", "f95__excee": "0.40800000", "m2__m_": "0.02400000", "s2__m_": "0.08300000", "msf__m_": "0.10400000", "tidal_addi": "0.22300000", "spring_tid": "-0.01400000", "neap_tidal": "-0.04000000", "tidal_redu": "-0.04000000", "shwl__mmsl": "4.96800000", "slwl__mmsl": "0.36800000", "comment": "SHWL & SLWL determined for this station are not useable for contour map creation due to very limited period of data. SHWL & SLWL computed from limited data will not appropriate with existing scenerios.", "updated_at": "2023-12-19 11:16:12.6216", "updated_by": "osk", "observed_y": 0, "class_of_r": "III", "flow_statu": "Perennial", "islwl": "-", "exceedance": 2, "exceedan_1": 4.75, "exceedan_2": 95, "exceedan_3": 0.41000000000000003, "spring_red": -0.01, "neap_reduc": -0.04, "final_redu": -0.04, "shwl__mm_1": "-", "slwl__mm_1": "-", "used_for_s": 0, "used_fo_01": 0}}, {"type": "Feature", "id": 409, "geometry": {"type": "Point", "coordinates": [88.82801400125027, 23.378364004194736]}, "properties": {"gid": 409, "objectid": 427, "organizati": "BIWTA", "station_id": "30. Mathpara (TBM-2)", "wl_station": "30. Mathpara (TBM-2)", "st_name": "30. Mathpara (TBM-2)", "river_name": "Chitra", "district": "Jhenaidah", "upazila": "Maheshpur", "region": "South-West", "tidal_stat": "Non-Tidal (Non Flashy)", "latitude": 23.378363999999998, "longitude": 88.828014, "btm_x": 380509.29, "btm_y": 585596.94, "sob_effect": null, "sob_conver": "0.00000000", "pwd_cd": "-", "msl": "-", "f5__exceed": "0.00000000", "f95__excee": "0.00000000", "m2__m_": "0.00000000", "s2__m_": "0.00000000", "msf__m_": "0.00000000", "tidal_addi": "0.00000000", "spring_tid": "0.00000000", "neap_tidal": "0.00000000", "tidal_redu": "0.00000000", "shwl__mmsl": "0.00000000", "slwl__mmsl": "0.00000000", "comment": "BIWTA informed that this station will be fully cancelled.", "updated_at": "2023-12-19 11:16:12.6216", "updated_by": "osk", "observed_y": 0, "class_of_r": "Unclassified", "flow_statu": "Seasonal", "islwl": "-", "exceedance": 2, "exceedan_1": 0, "exceedan_2": 95, "exceedan_3": 0, "spring_red": 0, "neap_reduc": 0, "final_redu": 0, "shwl__mm_1": "-", "slwl__mm_1": "-", "used_for_s": 0, "used_fo_01": 0}}, {"type": "Feature", "id": 410, "geometry": {"type": "Point", "coordinates": [92.3925120010972, 21.88644700497389]}, "properties": {"gid": 410, "objectid": 400, "organizati": "BIWTA", "station_id": "3. Bolipara", "wl_station": "3. Bolipara", "st_name": "3. Bolipara", "river_name": "Sangu", "district": "Bandarban", "upazila": "Thanchi", "region": "Eastern Hilly", "tidal_stat": "Non-Tidal (Flashy)", "latitude": 21.886447, "longitude": 92.392512, "btm_x": 747486.96, "btm_y": 421889.65, "sob_effect": null, "sob_conver": "0.00000000", "pwd_cd": "-", "msl": "-", "f5__exceed": "0.00000000", "f95__excee": "0.00000000", "m2__m_": "0.00000000", "s2__m_": "0.00000000", "msf__m_": "0.00000000", "tidal_addi": "0.00000000", "spring_tid": "0.00000000", "neap_tidal": "0.00000000", "tidal_redu": "0.00000000", "shwl__mmsl": "0.00000000", "slwl__mmsl": "0.00000000", "comment": "BIWTA informed that this station will be fully cancelled.", "updated_at": "2023-12-19 11:16:12.6216", "updated_by": "osk", "observed_y": 0, "class_of_r": "IV", "flow_statu": "Seasonal", "islwl": "-", "exceedance": 2, "exceedan_1": 0, "exceedan_2": 95, "exceedan_3": 0, "spring_red": 0, "neap_reduc": 0, "final_redu": 0, "shwl__mm_1": "-", "slwl__mm_1": "-", "used_for_s": 0, "used_fo_01": 0}}, {"type": "Feature", "id": 411, "geometry": {"type": "Point", "coordinates": [89.12577400356531, 23.654407002031803]}, "properties": {"gid": 411, "objectid": 428, "organizati": "BIWTA", "station_id": "31. Charpara Bazar (TBM-1)", "wl_station": "31. Charpara Bazar (TBM-1)", "st_name": "31. Charpara Bazar (TBM-1)", "river_name": "Kumar", "district": "Jhenaidah", "upazila": "Harinakunda", "region": "South-West", "tidal_stat": "Non-Tidal (Non Flashy)", "latitude": 23.654407, "longitude": 89.12577399999999, "btm_x": 411127.68, "btm_y": 615943.37, "sob_effect": null, "sob_conver": "0.00000000", "pwd_cd": "-", "msl": "-", "f5__exceed": "30.85900000", "f95__excee": "14.16400000", "m2__m_": "0.00000000", "s2__m_": "0.00000000", "msf__m_": "0.00000000", "tidal_addi": "0.00000000", "spring_tid": "0.00000000", "neap_tidal": "0.00000000", "tidal_redu": "0.00000000", "shwl__mmsl": "30.85900000", "slwl__mmsl": "14.16400000", "comment": "SHWL & SLWL determined for this station are not useable for contour map creation due to very limited period of data. SHWL & SLWL computed from limited data will not appropriate with existing scenerios.", "updated_at": "2023-12-19 11:16:12.6216", "updated_by": "osk", "observed_y": 0, "class_of_r": "Unclassified", "flow_statu": "Seasonal", "islwl": "-", "exceedance": 2, "exceedan_1": 30.86, "exceedan_2": 95, "exceedan_3": 14.16, "spring_red": 0, "neap_reduc": 0, "final_redu": 0, "shwl__mm_1": "-", "slwl__mm_1": "-", "used_for_s": 0, "used_fo_01": 0}}, {"type": "Feature", "id": 412, "geometry": {"type": "Point", "coordinates": [89.85014090687037, 22.316150203347206]}, "properties": {"gid": 412, "objectid": 8, "organizati": "BWDB", "station_id": "SW107.2", "wl_station": "Rayenda", "st_name": "SW107.2 (Rayenda)", "river_name": "Gorai-Madhumati-Haringhata-Baleswar", "district": "Bagerhat", "upazila": "Sarankhola", "region": "South-West", "tidal_stat": "Tidal", "latitude": 22.3161502, "longitude": 89.85014092, "btm_x": 484849.67, "btm_y": 467534.96, "sob_effect": "2023-01-01 00:00:00", "sob_conver": "-1.32000000", "pwd_cd": "-", "msl": "-", "f5__exceed": "0.91600000", "f95__excee": "-0.49100000", "m2__m_": "0.18400000", "s2__m_": "0.12100000", "msf__m_": "0.05100000", "tidal_addi": "0.38600000", "spring_tid": "-0.28500000", "neap_tidal": "-0.12000000", "tidal_redu": "-0.28500000", "shwl__mmsl": "1.30200000", "slwl__mmsl": "-0.77600000", "comment": "The water level data is so bad that estimated SHWL & SLWL for this station is totally inadmissible.", "updated_at": "2023-12-19 11:16:12.6216", "updated_by": "osk", "observed_y": 27, "class_of_r": "III", "flow_statu": "Perennial", "islwl": "-", "exceedance": 2, "exceedan_1": 0.92, "exceedan_2": 95, "exceedan_3": -0.49000000000000005, "spring_red": -0.29000000000000004, "neap_reduc": -0.12000000000000001, "final_redu": -0.29000000000000004, "shwl__mm_1": "1.855", "slwl__mm_1": "-", "used_for_s": 0, "used_fo_01": 0}}, {"type": "Feature", "id": 413, "geometry": {"type": "Point", "coordinates": [91.19832000136375, 23.83348800241947]}, "properties": {"gid": 413, "objectid": 23, "organizati": "BWDB", "station_id": "SW123", "wl_station": "Gangasagar Rly. Bridge", "st_name": "SW123 (Gangasagar Rly. Bridge)", "river_name": "Hawrah", "district": "Brahmanbaria", "upazila": "Akhaura", "region": "South-East", "tidal_stat": "Non-Tidal (Non Flashy)", "latitude": 23.833488000000003, "longitude": 91.19832000000001, "btm_x": 622327.38, "btm_y": 636012.15, "sob_effect": "2022-01-01 00:00:00", "sob_conver": "-0.54300000", "pwd_cd": "-", "msl": "-", "f5__exceed": "5.44200000", "f95__excee": "2.03000000", "m2__m_": "0.00000000", "s2__m_": "0.00000000", "msf__m_": "0.00000000", "tidal_addi": "0.00000000", "spring_tid": "0.00000000", "neap_tidal": "0.00000000", "tidal_redu": "0.00000000", "shwl__mmsl": "5.44200000", "slwl__mmsl": "2.03000000", "comment": "-", "updated_at": "2023-12-19 11:16:12.6216", "updated_by": "osk", "observed_y": 27, "class_of_r": "Unclassified", "flow_statu": "Seasonal", "islwl": "-", "exceedance": 2, "exceedan_1": 5.44, "exceedan_2": 95, "exceedan_3": 2.03, "spring_red": 0, "neap_reduc": 0, "final_redu": 0, "shwl__mm_1": "-", "slwl__mm_1": "-", "used_for_s": 1, "used_fo_01": 1}}, {"type": "Feature", "id": 414, "geometry": {"type": "Point", "coordinates": [89.95740700513124, 23.857699006795883]}, "properties": {"gid": 414, "objectid": 40, "organizati": "BWDB", "station_id": "SW137A", "wl_station": "Taraghat", "st_name": "SW137A (Taraghat)", "river_name": "Kaliganga-Bethua", "district": "Manikganj", "upazila": "Ghior", "region": "North-Central", "tidal_stat": "Non-Tidal (Non Flashy)", "latitude": 23.857699, "longitude": 89.957407, "btm_x": 495946.72, "btm_y": 638177.47, "sob_effect": "2022-01-01 00:00:00", "sob_conver": "-0.74700000", "pwd_cd": "-", "msl": "-", "f5__exceed": "8.00200000", "f95__excee": "0.84500000", "m2__m_": "0.00000000", "s2__m_": "0.00000000", "msf__m_": "0.00000000", "tidal_addi": "0.00000000", "spring_tid": "0.00000000", "neap_tidal": "0.00000000", "tidal_redu": "0.00000000", "shwl__mmsl": "8.00200000", "slwl__mmsl": "0.84500000", "comment": "-", "updated_at": "2023-12-19 11:16:12.6216", "updated_by": "osk", "observed_y": 27, "class_of_r": "III", "flow_statu": "Perennial", "islwl": "-", "exceedance": 2, "exceedan_1": 8, "exceedan_2": 95, "exceedan_3": 0.8500000000000001, "spring_red": 0, "neap_reduc": 0, "final_redu": 0, "shwl__mm_1": "-", "slwl__mm_1": "-", "used_for_s": 1, "used_fo_01": 1}}, {"type": "Feature", "id": 415, "geometry": {"type": "Point", "coordinates": [91.34974640607834, 22.767998106777668]}, "properties": {"gid": 415, "objectid": 90, "organizati": "BWDB", "station_id": "SW182", "wl_station": "Companyganj", "st_name": "SW182 (Companyganj)", "river_name": "Little Feni Dakatia", "district": "Noakhali", "upazila": "Companiganj", "region": "South-East", "tidal_stat": "Tidal", "latitude": 22.7679981, "longitude": 91.34974644, "btm_x": 638850.83, "btm_y": 518175.14, "sob_effect": "2022-01-01 00:00:00", "sob_conver": "-1.22000000", "pwd_cd": "-", "msl": "-", "f5__exceed": "2.63100000", "f95__excee": "-0.00700000", "m2__m_": "0.08100000", "s2__m_": "0.04300000", "msf__m_": "0.05700000", "tidal_addi": "0.19400000", "spring_tid": "-0.08000000", "neap_tidal": "-0.09900000", "tidal_redu": "-0.09900000", "shwl__mmsl": "2.82600000", "slwl__mmsl": "-0.10600000", "comment": "Just immediate u/s of the station, Musapur Regulator is situated. The quality of data is not good at all.", "updated_at": "2023-12-19 11:16:12.6216", "updated_by": "osk", "observed_y": 26, "class_of_r": "Unclassified", "flow_statu": "Perennial", "islwl": "-", "exceedance": 2, "exceedan_1": 2.63, "exceedan_2": 95, "exceedan_3": -0.01, "spring_red": -0.08, "neap_reduc": -0.1, "final_redu": -0.1, "shwl__mm_1": "-", "slwl__mm_1": "-", "used_for_s": 0, "used_fo_01": 0}}, {"type": "Feature", "id": 416, "geometry": {"type": "Point", "coordinates": [89.4339795038104, 22.462280102074146]}, "properties": {"gid": 416, "objectid": 158, "organizati": "BWDB", "station_id": "SW259", "wl_station": "Nalianala_Hadda", "st_name": "SW259 (Nalianala_Hadda)", "river_name": "Sibsa", "district": "Khulna", "upazila": "Dacope", "region": "South-West", "tidal_stat": "Tidal", "latitude": 22.462280149999998, "longitude": 89.43397952999999, "btm_x": 442049.57, "btm_y": 483812.37, "sob_effect": "2023-01-01 00:00:00", "sob_conver": "-0.06800000", "pwd_cd": "-", "msl": "-", "f5__exceed": "1.36800000", "f95__excee": "-0.16300000", "m2__m_": "1.08700000", "s2__m_": "0.38600000", "msf__m_": "0.00800000", "tidal_addi": "1.62900000", "spring_tid": "-1.61200000", "neap_tidal": "-0.78000000", "tidal_redu": "-1.61200000", "shwl__mmsl": "2.99700000", "slwl__mmsl": "-1.77500000", "comment": "Datum Problem or, Problem in Gauge Zero Value.", "updated_at": "2023-12-19 11:16:12.6216", "updated_by": "osk", "observed_y": 21, "class_of_r": "I", "flow_statu": "Perennial", "islwl": "-", "exceedance": 2, "exceedan_1": 1.37, "exceedan_2": 95, "exceedan_3": -0.16, "spring_red": -1.6099999999999999, "neap_reduc": -0.78, "final_redu": -1.6099999999999999, "shwl__mm_1": "2.745", "slwl__mm_1": "-1.993", "used_for_s": 0, "used_fo_01": 0}}, {"type": "Feature", "id": 417, "geometry": {"type": "Point", "coordinates": [90.72663900256157, 23.918281003832817]}, "properties": {"gid": 417, "objectid": 177, "organizati": "BWDB", "station_id": "SW274", "wl_station": "Narsingdi", "st_name": "SW274 (Narsingdi)", "river_name": "Surma-Meghna", "district": "Narsingdi", "upazila": "Narsingdi Sadar", "region": "North-Central", "tidal_stat": "Tidal", "latitude": 23.918281, "longitude": 90.726639, "btm_x": 574238.18, "btm_y": 645074.07, "sob_effect": "2018-05-01 00:00:00", "sob_conver": "-0.81000000", "pwd_cd": "-", "msl": "-", "f5__exceed": "4.93300000", "f95__excee": "0.43700000", "m2__m_": "0.10800000", "s2__m_": "0.02200000", "msf__m_": "0.11500000", "tidal_addi": "0.25700000", "spring_tid": "-0.02800000", "neap_tidal": "-0.21000000", "tidal_redu": "-0.21000000", "shwl__mmsl": "5.19000000", "slwl__mmsl": "0.22800000", "comment": "Narshingdi 1650 (BIWTA) is near to this station. So, it is omitted for contour map creatrion.", "updated_at": "2023-12-19 11:16:12.6216", "updated_by": "osk", "observed_y": 27, "class_of_r": "II", "flow_statu": "Perennial", "islwl": "-", "exceedance": 2, "exceedan_1": 4.93, "exceedan_2": 95, "exceedan_3": 0.44, "spring_red": -0.030000000000000002, "neap_reduc": -0.21000000000000002, "final_redu": -0.21000000000000002, "shwl__mm_1": "5.222", "slwl__mm_1": "0.190", "used_for_s": 0, "used_fo_01": 0}}, {"type": "Feature", "id": 418, "geometry": {"type": "Point", "coordinates": [90.48885950446129, 22.689355805516243]}, "properties": {"gid": 418, "objectid": 193, "organizati": "BWDB", "station_id": "SW288.3", "wl_station": "Tongibari", "st_name": "SW288.3 (Tongibari)", "river_name": "Tentulia (Barisal-Bhola)", "district": "Barisal", "upazila": "Barisal Sadar", "region": "South-West", "tidal_stat": "Tidal", "latitude": 22.68935582, "longitude": 90.48885955, "btm_x": 550496.6, "btm_y": 508920.76, "sob_effect": "2023-01-01 00:00:00", "sob_conver": "-0.71000000", "pwd_cd": "-", "msl": "-", "f5__exceed": "1.36900000", "f95__excee": "-0.42900000", "m2__m_": "0.27100000", "s2__m_": "0.03200000", "msf__m_": "0.06800000", "tidal_addi": "0.40200000", "spring_tid": "-0.26500000", "neap_tidal": "-0.33100000", "tidal_redu": "-0.33100000", "shwl__mmsl": "1.77100000", "slwl__mmsl": "-0.76000000", "comment": "The station is omitted because of Inadequate data, large data shifting, long data gap, low water problem, dissimilar tidal range, overally low quality.", "updated_at": "2023-12-19 11:16:12.6216", "updated_by": "osk", "observed_y": 18, "class_of_r": "II", "flow_statu": "Perennial", "islwl": "-", "exceedance": 2, "exceedan_1": 1.37, "exceedan_2": 95, "exceedan_3": -0.43, "spring_red": -0.27, "neap_reduc": -0.33, "final_redu": -0.33, "shwl__mm_1": "-", "slwl__mm_1": "-", "used_for_s": 0, "used_fo_01": 0}}, {"type": "Feature", "id": 419, "geometry": {"type": "Point", "coordinates": [90.23019590228796, 22.97586590051651]}, "properties": {"gid": 419, "objectid": 209, "organizati": "BWDB", "station_id": "SW300", "wl_station": "Gournadi", "st_name": "SW300 (Gournadi)", "river_name": "Torki", "district": "Barisal", "upazila": "Gaurnadi", "region": "South-West", "tidal_stat": "Tidal", "latitude": 22.97586586, "longitude": 90.23019586999999, "btm_x": 523878.48, "btm_y": 540572.28, "sob_effect": "2023-01-01 00:00:00", "sob_conver": "-0.48000000", "pwd_cd": "-", "msl": "-", "f5__exceed": "2.19500000", "f95__excee": "-0.06500000", "m2__m_": "0.18400000", "s2__m_": "0.02100000", "msf__m_": "0.12000000", "tidal_addi": "0.34400000", "spring_tid": "-0.10500000", "neap_tidal": "-0.29900000", "tidal_redu": "-0.29900000", "shwl__mmsl": "2.53900000", "slwl__mmsl": "-0.36400000", "comment": "Removing data from 1996 to 2000 and with the remainings, both DML and T.C. were computed", "updated_at": "2023-12-19 11:16:12.6216", "updated_by": "osk", "observed_y": 23, "class_of_r": "III", "flow_statu": "Perennial", "islwl": "-", "exceedance": 2, "exceedan_1": 2.2, "exceedan_2": 95, "exceedan_3": -0.07, "spring_red": -0.11, "neap_reduc": -0.3, "final_redu": -0.3, "shwl__mm_1": "-", "slwl__mm_1": "-", "used_for_s": 1, "used_fo_01": 1}}, {"type": "Feature", "id": 420, "geometry": {"type": "Point", "coordinates": [89.04323900490999, 24.973878003656864]}, "properties": {"gid": 420, "objectid": 225, "organizati": "BWDB", "station_id": "SW325", "wl_station": "Sonaimukhi", "st_name": "SW325 (Sonaimukhi)", "river_name": "Tulshiganga", "district": "Joypurhat", "upazila": "Akkelpur", "region": "North-West", "tidal_stat": "Non-Tidal (Non Flashy)", "latitude": 24.973878, "longitude": 89.043239, "btm_x": 403714.59, "btm_y": 762099.57, "sob_effect": "2022-11-01 00:00:00", "sob_conver": "-0.56000000", "pwd_cd": "-", "msl": "-", "f5__exceed": "15.82900000", "f95__excee": "8.74100000", "m2__m_": "0.00000000", "s2__m_": "0.00000000", "msf__m_": "0.00000000", "tidal_addi": "0.00000000", "spring_tid": "0.00000000", "neap_tidal": "0.00000000", "tidal_redu": "0.00000000", "shwl__mmsl": "15.82900000", "slwl__mmsl": "8.74100000", "comment": "-", "updated_at": "2023-12-19 11:16:12.6216", "updated_by": "osk", "observed_y": 27, "class_of_r": "IV", "flow_statu": "Seasonal", "islwl": "-", "exceedance": 2, "exceedan_1": 15.83, "exceedan_2": 95, "exceedan_3": 8.74, "spring_red": 0, "neap_reduc": 0, "final_redu": 0, "shwl__mm_1": "-", "slwl__mm_1": "-", "used_for_s": 1, "used_fo_01": 1}}, {"type": "Feature", "id": 421, "geometry": {"type": "Point", "coordinates": [92.30865300446749, 25.05129100382328]}, "properties": {"gid": 421, "objectid": 226, "organizati": "BWDB", "station_id": "SW326", "wl_station": "Lubachara", "st_name": "SW326 (Lubachara)", "river_name": "Lubachara", "district": "Sylhet", "upazila": "Kanairghat", "region": "North-East", "tidal_stat": "Non-Tidal (Flashy)", "latitude": 25.051291000000003, "longitude": 92.30865299999999, "btm_x": 733191.18, "btm_y": 772318.47, "sob_effect": "2022-01-01 00:00:00", "sob_conver": "-0.78400000", "pwd_cd": "-", "msl": "-", "f5__exceed": "13.78700000", "f95__excee": "4.42500000", "m2__m_": "0.00000000", "s2__m_": "0.00000000", "msf__m_": "0.00000000", "tidal_addi": "0.00000000", "spring_tid": "0.00000000", "neap_tidal": "0.00000000", "tidal_redu": "0.00000000", "shwl__mmsl": "13.78700000", "slwl__mmsl": "4.42500000", "comment": "-", "updated_at": "2023-12-19 11:16:12.6216", "updated_by": "osk", "observed_y": 23, "class_of_r": "IV", "flow_statu": "Seasonal", "islwl": "-", "exceedance": 2, "exceedan_1": 13.79, "exceedan_2": 95, "exceedan_3": 4.43, "spring_red": 0, "neap_reduc": 0, "final_redu": 0, "shwl__mm_1": "-", "slwl__mm_1": "-", "used_for_s": 1, "used_fo_01": 1}}, {"type": "Feature", "id": 422, "geometry": {"type": "Point", "coordinates": [90.2159880027175, 25.189491003751755]}, "properties": {"gid": 422, "objectid": 242, "organizati": "BWDB", "station_id": "SW34", "wl_station": "Nakuagaon", "st_name": "SW34 (Nakuagaon)", "river_name": "Bhogai-Kangsa", "district": "Sherpur", "upazila": "Nalitabari", "region": "North-East", "tidal_stat": "Non-Tidal (Flashy)", "latitude": 25.189491, "longitude": 90.21598800000001, "btm_x": 522045.21, "btm_y": 785651.19, "sob_effect": "2018-05-16 00:00:00", "sob_conver": "-0.50000000", "pwd_cd": "-", "msl": "-", "f5__exceed": "21.94700000", "f95__excee": "17.42800000", "m2__m_": "0.00000000", "s2__m_": "0.00000000", "msf__m_": "0.00000000", "tidal_addi": "0.00000000", "spring_tid": "0.00000000", "neap_tidal": "0.00000000", "tidal_redu": "0.00000000", "shwl__mmsl": "21.94700000", "slwl__mmsl": "17.42800000", "comment": "-", "updated_at": "2023-12-19 11:16:12.6216", "updated_by": "osk", "observed_y": 27, "class_of_r": "IV", "flow_statu": "Seasonal", "islwl": "-", "exceedance": 2, "exceedan_1": 21.95, "exceedan_2": 95, "exceedan_3": 17.43, "spring_red": 0, "neap_reduc": 0, "final_redu": 0, "shwl__mm_1": "-", "slwl__mm_1": "-", "used_for_s": 1, "used_fo_01": 1}}, {"type": "Feature", "id": 423, "geometry": {"type": "Point", "coordinates": [91.11474800109863, 23.955394007265568]}, "properties": {"gid": 423, "objectid": 260, "organizati": "BWDB", "station_id": "SW3A", "wl_station": "Brahmanbaria", "st_name": "SW3A (Brahmanbaria)", "river_name": "Anderson khal", "district": "Brahmanbaria", "upazila": "Brahamanbaria Sadar", "region": "South-East", "tidal_stat": "Non-Tidal (Non Flashy)", "latitude": 23.955394000000002, "longitude": 91.114748, "btm_x": 613708.79, "btm_y": 649440.83, "sob_effect": "2018-06-01 00:00:00", "sob_conver": "-1.02700000", "pwd_cd": "-", "msl": "-", "f5__exceed": "5.29800000", "f95__excee": "0.24700000", "m2__m_": "0.00000000", "s2__m_": "0.00000000", "msf__m_": "0.00000000", "tidal_addi": "0.00000000", "spring_tid": "0.00000000", "neap_tidal": "0.00000000", "tidal_redu": "0.00000000", "shwl__mmsl": "5.29800000", "slwl__mmsl": "0.24700000", "comment": "-", "updated_at": "2023-12-19 11:16:12.6216", "updated_by": "osk", "observed_y": 27, "class_of_r": "III", "flow_statu": "Perennial", "islwl": "-", "exceedance": 2, "exceedan_1": 5.3, "exceedan_2": 95, "exceedan_3": 0.25, "spring_red": 0, "neap_reduc": 0, "final_redu": 0, "shwl__mm_1": "-", "slwl__mm_1": "-", "used_for_s": 1, "used_fo_01": 1}}, {"type": "Feature", "id": 424, "geometry": {"type": "Point", "coordinates": [90.20933220535517, 23.178098902106285]}, "properties": {"gid": 424, "objectid": 275, "organizati": "BWDB", "station_id": "SW5", "wl_station": "Madaripur", "st_name": "SW5 (Madaripur)", "river_name": "Arial Khan", "district": "Madaripur", "upazila": "Madaripur Sadar", "region": "South-West", "tidal_stat": "Tidal", "latitude": 23.17809892, "longitude": 90.20933216, "btm_x": 521707.9, "btm_y": 562956.35, "sob_effect": "2023-01-01 00:00:00", "sob_conver": "-0.43000000", "pwd_cd": "-", "msl": "-", "f5__exceed": "4.04400000", "f95__excee": "0.13100000", "m2__m_": "0.06500000", "s2__m_": "0.03400000", "msf__m_": "0.11600000", "tidal_addi": "0.22500000", "spring_tid": "0.00700000", "neap_tidal": "-0.15100000", "tidal_redu": "-0.15100000", "shwl__mmsl": "4.26900000", "slwl__mmsl": "-0.02000000", "comment": "-", "updated_at": "2023-12-19 11:16:12.6216", "updated_by": "osk", "observed_y": 27, "class_of_r": "II", "flow_statu": "Perennial", "islwl": "-", "exceedance": 2, "exceedan_1": 4.04, "exceedan_2": 95, "exceedan_3": 0.13, "spring_red": 0.01, "neap_reduc": -0.15, "final_redu": -0.15, "shwl__mm_1": "-", "slwl__mm_1": "-", "used_for_s": 1, "used_fo_01": 1}}, {"type": "Feature", "id": 425, "geometry": {"type": "Point", "coordinates": [89.6532480046153, 23.94878900051117]}, "properties": {"gid": 425, "objectid": 277, "organizati": "BWDB", "station_id": "SW50.3", "wl_station": "Mathura", "st_name": "SW50.3 (Mathura)", "river_name": "Brahmaputra-Jamuna", "district": "Pabna", "upazila": "Bera", "region": "North-West", "tidal_stat": "Non-Tidal (Non Flashy)", "latitude": 23.948788999999998, "longitude": 89.653248, "btm_x": 465001.29, "btm_y": 648304.88, "sob_effect": "2022-11-01 00:00:00", "sob_conver": "-0.82000000", "pwd_cd": "-", "msl": "-", "f5__exceed": "9.54600000", "f95__excee": "2.11700000", "m2__m_": "0.00000000", "s2__m_": "0.00000000", "msf__m_": "0.00000000", "tidal_addi": "0.00000000", "spring_tid": "0.00000000", "neap_tidal": "0.00000000", "tidal_redu": "0.00000000", "shwl__mmsl": "9.54600000", "slwl__mmsl": "2.11700000", "comment": "-", "updated_at": "2023-12-19 11:16:12.6216", "updated_by": "osk", "observed_y": 27, "class_of_r": "I", "flow_statu": "Perennial", "islwl": "-", "exceedance": 2, "exceedan_1": 9.55, "exceedan_2": 95, "exceedan_3": 2.12, "spring_red": 0, "neap_reduc": 0, "final_redu": 0, "shwl__mm_1": "-", "slwl__mm_1": "-", "used_for_s": 1, "used_fo_01": 1}}, {"type": "Feature", "id": 426, "geometry": {"type": "Point", "coordinates": [89.32040900737047, 25.004048004746437]}, "properties": {"gid": 426, "objectid": 293, "organizati": "BWDB", "station_id": "SW64", "wl_station": "Shibganj", "st_name": "SW64 (Shibganj)", "river_name": "Deonai_Charalkata_Jamuneswari_Karatoa", "district": "Bogura", "upazila": "Shibganj", "region": "North-West", "tidal_stat": "Non-Tidal (Non Flashy)", "latitude": 25.004048, "longitude": 89.32040900000001, "btm_x": 431708.03, "btm_y": 765271.69, "sob_effect": "2022-11-01 00:00:00", "sob_conver": "-0.59000000", "pwd_cd": "-", "msl": "-", "f5__exceed": "16.90700000", "f95__excee": "12.87900000", "m2__m_": "0.00000000", "s2__m_": "0.00000000", "msf__m_": "0.00000000", "tidal_addi": "0.00000000", "spring_tid": "0.00000000", "neap_tidal": "0.00000000", "tidal_redu": "0.00000000", "shwl__mmsl": "16.90700000", "slwl__mmsl": "12.87900000", "comment": "-", "updated_at": "2023-12-19 11:16:12.6216", "updated_by": "osk", "observed_y": 27, "class_of_r": "V", "flow_statu": "Perennial", "islwl": "-", "exceedance": 2, "exceedan_1": 16.91, "exceedan_2": 95, "exceedan_3": 12.88, "spring_red": 0, "neap_reduc": 0, "final_redu": 0, "shwl__mm_1": "-", "slwl__mm_1": "-", "used_for_s": 1, "used_fo_01": 1}}, {"type": "Feature", "id": 427, "geometry": {"type": "Point", "coordinates": [90.97290400415659, 24.188751004636288]}, "properties": {"gid": 427, "objectid": 309, "organizati": "BWDB", "station_id": "SW74", "wl_station": "Dilalpur", "st_name": "SW74 (Dilalpur)", "river_name": "Dhanu-Baulai-Ghorautra", "district": "Kishoreganj", "upazila": "Bajitpur", "region": "North-East", "tidal_stat": "Tidal", "latitude": 24.188751, "longitude": 90.972904, "btm_x": 599096.24, "btm_y": 675172.46, "sob_effect": "2021-03-01 00:00:00", "sob_conver": "-1.27600000", "pwd_cd": "-", "msl": "-", "f5__exceed": "5.52500000", "f95__excee": "0.30200000", "m2__m_": "0.06700000", "s2__m_": "0.19300000", "msf__m_": "0.10800000", "tidal_addi": "0.39400000", "spring_tid": "-0.17700000", "neap_tidal": "0.03100000", "tidal_redu": "-0.17700000", "shwl__mmsl": "5.91900000", "slwl__mmsl": "0.12400000", "comment": "-", "updated_at": "2023-12-19 11:16:12.6216", "updated_by": "osk", "observed_y": 27, "class_of_r": "Unclassified", "flow_statu": "Perennial", "islwl": "-", "exceedance": 2, "exceedan_1": 5.53, "exceedan_2": 95, "exceedan_3": 0.3, "spring_red": -0.18000000000000002, "neap_reduc": 0.030000000000000002, "final_redu": -0.18000000000000002, "shwl__mm_1": "-", "slwl__mm_1": "-", "used_for_s": 1, "used_fo_01": 1}}, {"type": "Feature", "id": 428, "geometry": {"type": "Point", "coordinates": [90.15053900331259, 24.700110003352165]}, "properties": {"gid": 428, "objectid": 315, "organizati": "BWDB", "station_id": "SW8", "wl_station": "Basuri", "st_name": "SW8 (Basuri)", "river_name": "Banar", "district": "Mymensingh", "upazila": "Muktagachha", "region": "North-Central", "tidal_stat": "Non-Tidal (Non Flashy)", "latitude": 24.70011, "longitude": 90.150539, "btm_x": 515511.01, "btm_y": 731454.46, "sob_effect": "2022-01-01 00:00:00", "sob_conver": "-0.67100000", "pwd_cd": "-", "msl": "-", "f5__exceed": "10.40500000", "f95__excee": "6.22700000", "m2__m_": "0.00000000", "s2__m_": "0.00000000", "msf__m_": "0.00000000", "tidal_addi": "0.00000000", "spring_tid": "0.00000000", "neap_tidal": "0.00000000", "tidal_redu": "0.00000000", "shwl__mmsl": "10.40500000", "slwl__mmsl": "6.22700000", "comment": "-", "updated_at": "2023-12-19 11:16:12.6216", "updated_by": "osk", "observed_y": 25, "class_of_r": "IV", "flow_statu": "Perennial", "islwl": "-", "exceedance": 2, "exceedan_1": 10.41, "exceedan_2": 95, "exceedan_3": 6.23, "spring_red": 0, "neap_reduc": 0, "final_redu": 0, "shwl__mm_1": "-", "slwl__mm_1": "-", "used_for_s": 1, "used_fo_01": 1}}, {"type": "Feature", "id": 429, "geometry": {"type": "Point", "coordinates": [88.71878300607204, 24.306087002158165]}, "properties": {"gid": 429, "objectid": 326, "organizati": "BWDB", "station_id": "SW89", "wl_station": "Sardah", "st_name": "SW89 (Sardah)", "river_name": "Ganges-Padma", "district": "Rajshahi", "upazila": "Charghat", "region": "North-West", "tidal_stat": "Non-Tidal (Non Flashy)", "latitude": 24.306087, "longitude": 88.718783, "btm_x": 370273.56, "btm_y": 688418.11, "sob_effect": "2022-11-01 00:00:00", "sob_conver": "-0.70000000", "pwd_cd": "-", "msl": "-", "f5__exceed": "16.40900000", "f95__excee": "7.25000000", "m2__m_": "0.00000000", "s2__m_": "0.00000000", "msf__m_": "0.00000000", "tidal_addi": "0.00000000", "spring_tid": "0.00000000", "neap_tidal": "0.00000000", "tidal_redu": "0.00000000", "shwl__mmsl": "16.40900000", "slwl__mmsl": "7.25000000", "comment": "-", "updated_at": "2023-12-19 11:16:12.6216", "updated_by": "osk", "observed_y": 27, "class_of_r": "II", "flow_statu": "Perennial", "islwl": "-", "exceedance": 2, "exceedan_1": 16.41, "exceedan_2": 95, "exceedan_3": 7.25, "spring_red": 0, "neap_reduc": 0, "final_redu": 0, "shwl__mm_1": "-", "slwl__mm_1": "-", "used_for_s": 1, "used_fo_01": 1}}, {"type": "Feature", "id": 430, "geometry": {"type": "Point", "coordinates": [91.64767100661993, 25.024414002895355]}, "properties": {"gid": 430, "objectid": 358, "organizati": "BIWTA", "station_id": "Chatak 4210", "wl_station": "Chatak 4210", "st_name": "Chatak 4210", "river_name": "Surma", "district": "Sunamganj", "upazila": "Chhatak", "region": "North-East", "tidal_stat": "Non-Tidal (Non Flashy)", "latitude": 25.024414, "longitude": 91.647671, "btm_x": 666530.25, "btm_y": 768366.19, "sob_effect": null, "sob_conver": "0.00000000", "pwd_cd": "11.807m PWD", "msl": "10.7", "f5__exceed": "8.80300000", "f95__excee": "0.59300000", "m2__m_": "0.00000000", "s2__m_": "0.00000000", "msf__m_": "0.00000000", "tidal_addi": "0.00000000", "spring_tid": "0.00000000", "neap_tidal": "0.00000000", "tidal_redu": "0.00000000", "shwl__mmsl": "8.80300000", "slwl__mmsl": "0.59300000", "comment": "-", "updated_at": "2023-12-19 11:16:12.6216", "updated_by": "osk", "observed_y": 27, "class_of_r": "I", "flow_statu": "Perennial", "islwl": "-", "exceedance": 2, "exceedan_1": 8.8, "exceedan_2": 95, "exceedan_3": 0.5900000000000001, "spring_red": 0, "neap_reduc": 0, "final_redu": 0, "shwl__mm_1": "-", "slwl__mm_1": "-", "used_for_s": 1, "used_fo_01": 1}}, {"type": "Feature", "id": 431, "geometry": {"type": "Point", "coordinates": [90.45691000670195, 23.659176006913185]}, "properties": {"gid": 431, "objectid": 384, "organizati": "BIWTA", "station_id": "Pagla 4010", "wl_station": "Pagla 4010", "st_name": "Pagla 4010", "river_name": "Buriganga", "district": "Narayanganj", "upazila": "Narayanginj Sadar", "region": "North-Central", "tidal_stat": "Tidal", "latitude": 23.659176, "longitude": 90.45691000000001, "btm_x": 546877.95, "btm_y": 616272.99, "sob_effect": null, "sob_conver": "0.00000000", "pwd_cd": "7.490m PWD", "msl": "6.64", "f5__exceed": "4.56900000", "f95__excee": "0.30200000", "m2__m_": "0.14700000", "s2__m_": "0.04500000", "msf__m_": "0.12200000", "tidal_addi": "0.33200000", "spring_tid": "-0.08900000", "neap_tidal": "-0.23400000", "tidal_redu": "-0.23400000", "shwl__mmsl": "4.90200000", "slwl__mmsl": "0.06700000", "comment": "Data is Ok, even SHWL is Ok. But, SLWL is little bit higher than the nearest ones on the same river. Full timeseries used for the computation of both tidal constituents and DML.", "updated_at": "2023-12-19 11:16:12.6216", "updated_by": "osk", "observed_y": 27, "class_of_r": "I", "flow_statu": "Perennial", "islwl": "-", "exceedance": 2, "exceedan_1": 4.57, "exceedan_2": 95, "exceedan_3": 0.3, "spring_red": -0.09000000000000001, "neap_reduc": -0.23, "final_redu": -0.23, "shwl__mm_1": "-", "slwl__mm_1": "0.130", "used_for_s": 1, "used_fo_01": 0}}, {"type": "Feature", "id": 432, "geometry": {"type": "Point", "coordinates": [92.1900000050664, 22.494000002741814]}, "properties": {"gid": 432, "objectid": 440, "organizati": "CPA", "station_id": "Kaptai", "wl_station": "Kaptai", "st_name": "Kaptai", "river_name": "Karnafuli", "district": "Chattogram", "upazila": "Kaptai", "region": "Eastern Hilly", "tidal_stat": "Tidal", "latitude": 22.494, "longitude": 92.19, "btm_x": 725583.14, "btm_y": 488861.42, "sob_effect": null, "sob_conver": "0.00000000", "pwd_cd": "-", "msl": "5.006", "f5__exceed": "3.68000000", "f95__excee": "0.99500000", "m2__m_": "0.49800000", "s2__m_": "0.13300000", "msf__m_": "0.17200000", "tidal_addi": "0.86600000", "spring_tid": "-0.52300000", "neap_tidal": "-0.57400000", "tidal_redu": "-0.57400000", "shwl__mmsl": "4.54600000", "slwl__mmsl": "0.42100000", "comment": "Though SHWL & SLWL are used in contour map, but still there remains doubt about the conversion value from PWD to MSL.", "updated_at": "2023-12-19 11:16:12.6216", "updated_by": "osk", "observed_y": 12, "class_of_r": "II", "flow_statu": "Perennial", "islwl": "-", "exceedance": 2, "exceedan_1": 3.68, "exceedan_2": 95, "exceedan_3": 1, "spring_red": -0.52, "neap_reduc": -0.5700000000000001, "final_redu": -0.5700000000000001, "shwl__mm_1": "-", "slwl__mm_1": "-", "used_for_s": 1, "used_fo_01": 1}}, {"type": "Feature", "id": 433, "geometry": {"type": "Point", "coordinates": [89.54914800077677, 25.672253005206585]}, "properties": {"gid": 433, "objectid": 432, "organizati": "BIWTA", "station_id": "35. Ulipur (TBM-2)", "wl_station": "35. Ulipur (TBM-2)", "st_name": "35. Ulipur (TBM-2)", "river_name": "Teesta", "district": "Kurigram", "upazila": "Ulipur", "region": "North-West", "tidal_stat": "Non-Tidal (Non Flashy)", "latitude": 25.672253, "longitude": 89.549148, "btm_x": 455038.99, "btm_y": 839169.1, "sob_effect": null, "sob_conver": "0.00000000", "pwd_cd": "-", "msl": "-", "f5__exceed": "26.60500000", "f95__excee": "22.75100000", "m2__m_": "0.00000000", "s2__m_": "0.00000000", "msf__m_": "0.00000000", "tidal_addi": "0.00000000", "spring_tid": "0.00000000", "neap_tidal": "0.00000000", "tidal_redu": "0.00000000", "shwl__mmsl": "26.60500000", "slwl__mmsl": "22.75100000", "comment": "SHWL & SLWL determined for this station are not useable for contour map creation due to very limited period of data. SHWL & SLWL computed from limited data will not appropriate with existing scenerios.", "updated_at": "2023-12-19 11:16:12.6216", "updated_by": "osk", "observed_y": 0, "class_of_r": "IV", "flow_statu": "Perennial", "islwl": "-", "exceedance": 2, "exceedan_1": 26.61, "exceedan_2": 95, "exceedan_3": 22.75, "spring_red": 0, "neap_reduc": 0, "final_redu": 0, "shwl__mm_1": "-", "slwl__mm_1": "-", "used_for_s": 0, "used_fo_01": 0}}, {"type": "Feature", "id": 434, "geometry": {"type": "Point", "coordinates": [89.46400000154972, 21.81750000268221]}, "properties": {"gid": 434, "objectid": 441, "organizati": "MPA", "station_id": "Hiron Point", "wl_station": "Hiron Point", "st_name": "Hiron Point", "river_name": "Passur", "district": "Khulna", "upazila": "Koyra", "region": "South-West", "tidal_stat": "Tidal", "latitude": 21.8175, "longitude": 89.464, "btm_x": 444886.62, "btm_y": 412430.03, "sob_effect": null, "sob_conver": "0.00000000", "pwd_cd": "3.706m CD", "msl": "1.903", "f5__exceed": "0.59500000", "f95__excee": "-0.42000000", "m2__m_": "0.85600000", "s2__m_": "0.32500000", "msf__m_": "0.01000000", "tidal_addi": "1.30900000", "spring_tid": "-1.28800000", "neap_tidal": "-0.59500000", "tidal_redu": "-1.28800000", "shwl__mmsl": "1.90400000", "slwl__mmsl": "-1.70800000", "comment": "Full timeseries used for the computation of both tidal constituents and DML", "updated_at": "2023-12-19 11:16:12.6216", "updated_by": "osk", "observed_y": 38, "class_of_r": "I", "flow_statu": "Perennial", "islwl": "-", "exceedance": 2, "exceedan_1": 0.6, "exceedan_2": 95, "exceedan_3": -0.42000000000000004, "spring_red": -1.29, "neap_reduc": -0.6, "final_redu": -1.29, "shwl__mm_1": "-", "slwl__mm_1": "-", "used_for_s": 1, "used_fo_01": 1}}, {"type": "Feature", "id": 435, "geometry": {"type": "Point", "coordinates": [91.82814730703831, 22.318556003272533]}, "properties": {"gid": 435, "objectid": 436, "organizati": "CPA", "station_id": "Sadarghat", "wl_station": "Sadarghat", "st_name": "Sadarghat", "river_name": "Karnafuli", "district": "Chattogram", "upazila": "Patiya", "region": "Eastern Hilly", "tidal_stat": "Tidal", "latitude": 22.31855599, "longitude": 91.82814730000001, "btm_x": 688583.46, "btm_y": 468934.63, "sob_effect": null, "sob_conver": "0.00000000", "pwd_cd": "-", "msl": "4.892", "f5__exceed": "1.25000000", "f95__excee": "0.00500000", "m2__m_": "1.55700000", "s2__m_": "0.49300000", "msf__m_": "0.10100000", "tidal_addi": "2.35600000", "spring_tid": "-2.15300000", "neap_tidal": "-1.27200000", "tidal_redu": "-2.15300000", "shwl__mmsl": "3.60600000", "slwl__mmsl": "-2.14800000", "comment": "Though elevation of WL gauge station is fixed w.r.t. same SOB pillar, still there is a difference of WL between BIWTA & CPA stations. After checking the SOB datum & elevation level of gauge by BIWTA, it may be used in contour map creatrion.", "updated_at": "2023-12-19 11:16:12.6216", "updated_by": "osk", "observed_y": 27, "class_of_r": "S", "flow_statu": "Perennial", "islwl": "6.565", "exceedance": 2, "exceedan_1": 1.25, "exceedan_2": 95, "exceedan_3": 0.01, "spring_red": -2.15, "neap_reduc": -1.27, "final_redu": -2.15, "shwl__mm_1": "-", "slwl__mm_1": "-", "used_for_s": 0, "used_fo_01": 0}}, {"type": "Feature", "id": 436, "geometry": {"type": "Point", "coordinates": [91.88721000403166, 22.397960007190704]}, "properties": {"gid": 436, "objectid": 437, "organizati": "CPA", "station_id": "Kalurghat", "wl_station": "Kalurghat", "st_name": "Kalurghat", "river_name": "Karnafuli", "district": "Chattogram", "upazila": "Chandgaon", "region": "Eastern Hilly", "tidal_stat": "Tidal", "latitude": 22.39796, "longitude": 91.88721000000001, "btm_x": 694558.29, "btm_y": 477802.21, "sob_effect": null, "sob_conver": "0.00000000", "pwd_cd": "-", "msl": "3.865", "f5__exceed": "1.68500000", "f95__excee": "0.27000000", "m2__m_": "1.43400000", "s2__m_": "0.44400000", "msf__m_": "0.14300000", "tidal_addi": "2.20800000", "spring_tid": "-1.92100000", "neap_tidal": "-1.23200000", "tidal_redu": "-1.92100000", "shwl__mmsl": "3.89300000", "slwl__mmsl": "-1.65100000", "comment": "Datum Problem or, Problem in Gauge Zero Value. So, determined SHWL ands SLWL for this station will be unusable.", "updated_at": "2023-12-19 11:16:12.6216", "updated_by": "osk", "observed_y": 26, "class_of_r": "I", "flow_statu": "Perennial", "islwl": "4.928", "exceedance": 2, "exceedan_1": 1.69, "exceedan_2": 95, "exceedan_3": 0.27, "spring_red": -1.92, "neap_reduc": -1.23, "final_redu": -1.92, "shwl__mm_1": "-", "slwl__mm_1": "-", "used_for_s": 0, "used_fo_01": 0}}, {"type": "Feature", "id": 437, "geometry": {"type": "Point", "coordinates": [90.95575400441885, 24.625312000513077]}, "properties": {"gid": 437, "objectid": 429, "organizati": "BIWTA", "station_id": "32. Fatehpur (TBM-1)", "wl_station": "32. Fatehpur (TBM-1)", "st_name": "32. Fatehpur (TBM-1)", "river_name": "Mogra", "district": "Netrakona", "upazila": "Madan", "region": "North-East", "tidal_stat": "Mixed Tidal", "latitude": 24.625312, "longitude": 90.955754, "btm_x": 597021.07, "btm_y": 723500.48, "sob_effect": null, "sob_conver": "0.00000000", "pwd_cd": "-", "msl": "-", "f5__exceed": "6.12400000", "f95__excee": "0.39700000", "m2__m_": "0.01900000", "s2__m_": "0.02600000", "msf__m_": "0.02400000", "tidal_addi": "0.00000000", "spring_tid": "-0.02500000", "neap_tidal": "-0.01600000", "tidal_redu": "-0.02500000", "shwl__mmsl": "6.12400000", "slwl__mmsl": "0.37200000", "comment": "SHWL & SLWL determined for this station are not useable for contour map creation due to very limited period of data. SHWL & SLWL computed from limited data will not appropriate with existing scenerios.", "updated_at": "2023-12-19 11:16:12.6216", "updated_by": "osk", "observed_y": 0, "class_of_r": "III", "flow_statu": "Perennial", "islwl": "-", "exceedance": 2, "exceedan_1": 6.12, "exceedan_2": 95, "exceedan_3": 0.4, "spring_red": -0.030000000000000002, "neap_reduc": -0.02, "final_redu": -0.030000000000000002, "shwl__mm_1": "-", "slwl__mm_1": "-", "used_for_s": 0, "used_fo_01": 0}}, {"type": "Feature", "id": 438, "geometry": {"type": "Point", "coordinates": [90.38458800315857, 24.39961900562048]}, "properties": {"gid": 438, "objectid": 430, "organizati": "BIWTA", "station_id": "33. Bhaluka (TBM-3)", "wl_station": "33. Bhaluka (TBM-3)", "st_name": "33. Bhaluka (TBM-3)", "river_name": "Banar upper", "district": "Mymensingh", "upazila": "Bhaluka", "region": "North-Central", "tidal_stat": "Non-Tidal (Non Flashy)", "latitude": 24.399619, "longitude": 90.38458800000001, "btm_x": 539278.61, "btm_y": 698229.49, "sob_effect": null, "sob_conver": "0.00000000", "pwd_cd": "-", "msl": "-", "f5__exceed": "0.00000000", "f95__excee": "0.00000000", "m2__m_": "0.00000000", "s2__m_": "0.00000000", "msf__m_": "0.00000000", "tidal_addi": "0.00000000", "spring_tid": "0.00000000", "neap_tidal": "0.00000000", "tidal_redu": "0.00000000", "shwl__mmsl": "0.00000000", "slwl__mmsl": "0.00000000", "comment": "BIWTA informed that this station will be fully cancelled.", "updated_at": "2023-12-19 11:16:12.6216", "updated_by": "osk", "observed_y": 0, "class_of_r": "IV", "flow_statu": "Perennial", "islwl": "-", "exceedance": 2, "exceedan_1": 0, "exceedan_2": 95, "exceedan_3": 0, "spring_red": 0, "neap_reduc": 0, "final_redu": 0, "shwl__mm_1": "-", "slwl__mm_1": "-", "used_for_s": 0, "used_fo_01": 0}}, {"type": "Feature", "id": 439, "geometry": {"type": "Point", "coordinates": [89.32050300389528, 23.16625900566578]}, "properties": {"gid": 439, "objectid": 431, "organizati": "BIWTA", "station_id": "34. Mathabhanga (TBM-1)", "wl_station": "34. Mathabhanga (TBM-1)", "st_name": "34. Mathabhanga (TBM-1)", "river_name": "Bhairab", "district": "Jashore", "upazila": "Kotwali", "region": "South-West", "tidal_stat": "Tidal", "latitude": 23.166259, "longitude": 89.320503, "btm_x": 430732.74, "btm_y": 561792.5, "sob_effect": null, "sob_conver": "0.00000000", "pwd_cd": "-", "msl": "-", "f5__exceed": "1.89600000", "f95__excee": "0.27600000", "m2__m_": "0.07800000", "s2__m_": "0.09600000", "msf__m_": "0.08700000", "tidal_addi": "0.27800000", "spring_tid": "-0.10300000", "neap_tidal": "-0.06800000", "tidal_redu": "-0.10300000", "shwl__mmsl": "2.17400000", "slwl__mmsl": "0.17300000", "comment": "SHWL & SLWL determined for this station are not useable for contour map creation due to very limited period of data. SHWL & SLWL computed from limited data will not appropriate with existing scenerios.", "updated_at": "2023-12-19 11:16:12.6216", "updated_by": "osk", "observed_y": 0, "class_of_r": "Unclassified", "flow_statu": "Perennial", "islwl": "-", "exceedance": 2, "exceedan_1": 1.9, "exceedan_2": 95, "exceedan_3": 0.28, "spring_red": -0.1, "neap_reduc": -0.07, "final_redu": -0.1, "shwl__mm_1": "-", "slwl__mm_1": "-", "used_for_s": 0, "used_fo_01": 0}}, {"type": "Feature", "id": 440, "geometry": {"type": "Point", "coordinates": [91.81104910373688, 22.270920805633068]}, "properties": {"gid": 440, "objectid": 433, "organizati": "CPA", "station_id": "KHAL_10", "wl_station": "KHAL_10", "st_name": "KHAL_10", "river_name": "Karnafuli", "district": "Chattogram", "upazila": "Chiitagong Port", "region": "Eastern Hilly", "tidal_stat": "Tidal", "latitude": 22.27092085, "longitude": 91.81104915, "btm_x": 686885.19, "btm_y": 463638.8, "sob_effect": null, "sob_conver": "0.00000000", "pwd_cd": "-", "msl": "4.504", "f5__exceed": "1.01500000", "f95__excee": "-0.05500000", "m2__m_": "1.62100000", "s2__m_": "0.56100000", "msf__m_": "0.07600000", "tidal_addi": "2.47700000", "spring_tid": "-2.32500000", "neap_tidal": "-1.24200000", "tidal_redu": "-2.32500000", "shwl__mmsl": "3.49200000", "slwl__mmsl": "-2.38000000", "comment": "Datum Problem or, Problem in Gauge Zero Value. So, determined SHWL ands SLWL for this station will be unusable.", "updated_at": "2023-12-19 11:16:12.6216", "updated_by": "osk", "observed_y": 25, "class_of_r": "S", "flow_statu": "Perennial", "islwl": "6.48", "exceedance": 2, "exceedan_1": 1.02, "exceedan_2": 95, "exceedan_3": -0.060000000000000005, "spring_red": -2.33, "neap_reduc": -1.24, "final_redu": -2.33, "shwl__mm_1": "-", "slwl__mm_1": "-", "used_for_s": 0, "used_fo_01": 0}}, {"type": "Feature", "id": 441, "geometry": {"type": "Point", "coordinates": [89.58898800611496, 22.490252003073692]}, "properties": {"gid": 441, "objectid": 442, "organizati": "MPA", "station_id": "Mongla 0140", "wl_station": "Mongla 0140", "st_name": "Mongla 0140", "river_name": "Passur", "district": "Bagerhat", "upazila": "Mongla", "region": "South-West", "tidal_stat": "Tidal", "latitude": 22.490252, "longitude": 89.588988, "btm_x": 458006.07, "btm_y": 486856.72, "sob_effect": null, "sob_conver": "0.00000000", "pwd_cd": "6.173m CD", "msl": "3.793", "f5__exceed": "0.55400000", "f95__excee": "-0.34500000", "m2__m_": "1.33600000", "s2__m_": "0.49500000", "msf__m_": "0.05800000", "tidal_addi": "2.07200000", "spring_tid": "-1.95600000", "neap_tidal": "-0.98400000", "tidal_redu": "-1.95600000", "shwl__mmsl": "2.62600000", "slwl__mmsl": "-2.30100000", "comment": "SW244 is near to this station. So, it is omitted for contour map creatrion.", "updated_at": "2023-12-19 11:16:12.6216", "updated_by": "osk", "observed_y": 24, "class_of_r": "I", "flow_statu": "Perennial", "islwl": "-", "exceedance": 2, "exceedan_1": 0.55, "exceedan_2": 95, "exceedan_3": -0.35000000000000003, "spring_red": -1.96, "neap_reduc": -0.9800000000000001, "final_redu": -1.96, "shwl__mm_1": "-", "slwl__mm_1": "-2.239", "used_for_s": 0, "used_fo_01": 0}}, {"type": "Feature", "id": 442, "geometry": {"type": "Point", "coordinates": [92.06384490430355, 22.459290601313114]}, "properties": {"gid": 442, "objectid": 25, "organizati": "BWDB", "station_id": "SW125", "wl_station": "Outfall Karnafuli_Rangunia", "st_name": "SW125 (Outfall Karnafuli_Rangunia)", "river_name": "Ichamati (Tributary to Karnafuli)", "district": "Chattogram", "upazila": "Rangunia", "region": "Eastern Hilly", "tidal_stat": "Tidal", "latitude": 22.45929056, "longitude": 92.06384492, "btm_x": 712653.59, "btm_y": 484833.14, "sob_effect": "2022-11-01", "sob_conver": "-1.037", "pwd_cd": null, "msl": null, "f5__exceed": "2.70", "f95__excee": "0.19", "m2__m_": "0.10000000", "s2__m_": "1.74400000", "msf__m_": "0.02600000", "tidal_addi": "2.055", "spring_tid": "-2.10800000", "neap_tidal": "1.88800000", "tidal_redu": "-2.002", "shwl__mmsl": "4.755", "slwl__mmsl": "-1.812", "comment": "The data quality is so poor that determined SHWL & SLWL by this station will be abnormal value. Besides, a sluice gate is situated just immediate u/s of the gauge station.", "updated_at": "2024-02-07 14:00:44.155895", "updated_by": "Arif", "observed_y": 23, "class_of_r": "II", "flow_statu": "Perennial", "islwl": "-", "exceedance": 2, "exceedan_1": 3.64, "exceedan_2": 95, "exceedan_3": 0.8200000000000001, "spring_red": -2.11, "neap_reduc": 1.8900000000000001, "final_redu": -2.11, "shwl__mm_1": "4.629", "slwl__mm_1": "0.055", "used_for_s": 0, "used_fo_01": 0}}]}