{"type": "FeatureCollection", "features": [{"type": "Feature", "id": 1, "geometry": {"type": "Point", "coordinates": [88.84891300000004, 26.19755200000003]}, "properties": {"objectid": 1, "id": "IWM_641", "bridge_loc": "B-641-Gomnati", "authority": "RHD", "river_name": "Jamuneshwari", "river_widt": 43.9, "bridge_len": "50.000", "no_of_pill": "1", "no_of_span": "2", "minimum_so": "59.225", "maximum_so": "59.228", "horizontal": "20.940", "upazila": "Domar", "district": "Nilphamari", "remarks": "-", "shwl__msl_": 57.1295, "slwl__msl_": 54.7074, "longitude": 88.848913, "latitude": 26.197552}}, {"type": "Feature", "id": 2, "geometry": {"type": "Point", "coordinates": [88.83331300000003, 26.221149000000025]}, "properties": {"objectid": 2, "id": "IWM_637", "bridge_loc": "B-637-Ambari", "authority": "LGED", "river_name": "Jamuneshwari", "river_widt": 30.63, "bridge_len": "21.450", "no_of_pill": "2", "no_of_span": "3", "minimum_so": "59.048", "maximum_so": "59.088", "horizontal": "5.940", "upazila": "Domar", "district": "Nilphamari", "remarks": "-", "shwl__msl_": 58.4936, "slwl__msl_": 56.1004, "longitude": 88.83331299999999, "latitude": 26.221149}}, {"type": "Feature", "id": 3, "geometry": {"type": "Point", "coordinates": [88.81820700000009, 26.226694000000066]}, "properties": {"objectid": 3, "id": "IWM_636", "bridge_loc": "B-636-Amena", "authority": "LGED", "river_name": "Jamuneshwari", "river_widt": 32.5, "bridge_len": "31.000", "no_of_pill": "-", "no_of_span": "-", "minimum_so": "60.568", "maximum_so": "60.578", "horizontal": "27.000", "upazila": "Domar", "district": "Nilphamari", "remarks": "-", "shwl__msl_": 58.7716, "slwl__msl_": 56.3349, "longitude": 88.818207, "latitude": 26.226694000000002}}, {"type": "Feature", "id": 4, "geometry": {"type": "Point", "coordinates": [88.81216800000004, 26.23419000000007]}, "properties": {"objectid": 4, "id": "IWM_635", "bridge_loc": "B-635-Ahirpur Sluice Gate", "authority": "BWDB", "river_name": "Jamuneshwari", "river_widt": 24.7, "bridge_len": "-", "no_of_pill": "-", "no_of_span": "-", "minimum_so": "-", "maximum_so": "-", "horizontal": "-", "upazila": "Domar", "district": "Nilphamari", "remarks": "-", "shwl__msl_": 59.0566, "slwl__msl_": 56.6091, "longitude": 88.812168, "latitude": 26.23419}}, {"type": "Feature", "id": 5, "geometry": {"type": "Point", "coordinates": [89.72163700000004, 26.097537000000045]}, "properties": {"objectid": 5, "id": "IWM_565", "bridge_loc": "B-565-Pateswary Bridge", "authority": "RHD", "river_name": "Dudkumar", "river_widt": 390, "bridge_len": "444.680", "no_of_pill": "8", "no_of_span": "9", "minimum_so": "34.759", "maximum_so": "34.809", "horizontal": "45.660", "upazila": "Vurungamari", "district": "Kurigram", "remarks": "-", "shwl__msl_": 36.3363, "slwl__msl_": 32.5079, "longitude": 89.721637, "latitude": 26.097537}}, {"type": "Feature", "id": 6, "geometry": {"type": "Point", "coordinates": [88.56334900000007, 25.947433000000046]}, "properties": {"objectid": 6, "id": "IWM_1037", "bridge_loc": "B-1037-Dola Bridge", "authority": "-", "river_name": "Norto", "river_widt": 13.88, "bridge_len": "13.400", "no_of_pill": "-", "no_of_span": "1", "minimum_so": "48.712", "maximum_so": "48.839", "horizontal": "11.300", "upazila": "Birganj", "district": "Dinajpur", "remarks": "-", "shwl__msl_": 45.3169, "slwl__msl_": 42.5291, "longitude": 88.563349, "latitude": 25.947433}}, {"type": "Feature", "id": 7, "geometry": {"type": "Point", "coordinates": [89.11384000000004, 25.945218000000068]}, "properties": {"objectid": 7, "id": "IWM_566", "bridge_loc": "B-566-Abdur Rouf Chairman House Bridge", "authority": "LGED", "river_name": "Ghagot", "river_widt": 39.4, "bridge_len": "39.440", "no_of_pill": "3", "no_of_span": "4", "minimum_so": "38.780", "maximum_so": "38.828", "horizontal": "8.700", "upazila": "Nilphamari", "district": "Kishoreganj", "remarks": "-", "shwl__msl_": 40.5039, "slwl__msl_": 37.1035, "longitude": 89.11384, "latitude": 25.945218}}, {"type": "Feature", "id": 8, "geometry": {"type": "Point", "coordinates": [89.52701500000006, 25.93538300000006]}, "properties": {"objectid": 8, "id": "IWM_556", "bridge_loc": "B-556-Dorla Bridge", "authority": "RHD", "river_name": "Darla", "river_widt": 829, "bridge_len": "950.000", "no_of_pill": "18", "no_of_span": "19", "minimum_so": "36.785", "maximum_so": "38.135", "horizontal": "40.250", "upazila": "Phulbari", "district": "Kurigram", "remarks": "-", "shwl__msl_": 29.5926, "slwl__msl_": 25.9416, "longitude": 89.527015, "latitude": 25.935383}}, {"type": "Feature", "id": 9, "geometry": {"type": "Point", "coordinates": [88.46054900000007, 25.838914000000045]}, "properties": {"objectid": 9, "id": "IWM_1061", "bridge_loc": "B_1061_West Barsha", "authority": "LGED", "river_name": "Suwa", "river_widt": 14.9, "bridge_len": "9.500", "no_of_pill": "-", "no_of_span": "1", "minimum_so": "42.729", "maximum_so": "42.839", "horizontal": "8.800", "upazila": "Bochaganj", "district": "Dinajpur", "remarks": "-", "shwl__msl_": 40.5181, "slwl__msl_": 37.5219, "longitude": 88.460549, "latitude": 25.838914}}, {"type": "Feature", "id": 10, "geometry": {"type": "Point", "coordinates": [88.47958900000003, 25.851297000000045]}, "properties": {"objectid": 10, "id": "IWM_1051", "bridge_loc": "B_1051_Gada Bridge", "authority": "LGED", "river_name": "Rokkoshini", "river_widt": 26.15, "bridge_len": "19.620", "no_of_pill": "2", "no_of_span": "3", "minimum_so": "43.459", "maximum_so": "43.589", "horizontal": "3.230", "upazila": "Bochaganj", "district": "Dinajpur", "remarks": "-", "shwl__msl_": 41.1579, "slwl__msl_": 38.1721, "longitude": 88.479589, "latitude": 25.851297}}, {"type": "Feature", "id": 11, "geometry": {"type": "Point", "coordinates": [88.47785700000009, 25.837195000000065]}, "properties": {"objectid": 11, "id": "IWM_1050", "bridge_loc": "B_1050_Morabipur", "authority": "LGED", "river_name": "Rokkoshini", "river_widt": 30.3, "bridge_len": "20.000", "no_of_pill": "2", "no_of_span": "3", "minimum_so": "43.739", "maximum_so": "43.759", "horizontal": "6.000", "upazila": "Bochaganj", "district": "Dinajpur", "remarks": "-", "shwl__msl_": 40.4922, "slwl__msl_": 37.4696, "longitude": 88.477857, "latitude": 25.837195}}, {"type": "Feature", "id": 12, "geometry": {"type": "Point", "coordinates": [88.56763200000006, 25.856756000000075]}, "properties": {"objectid": 12, "id": "IWM_1033", "bridge_loc": "B-1033-Belay Bridge", "authority": "LGED", "river_name": "Punorvaba", "river_widt": 51, "bridge_len": "53.300", "no_of_pill": "2", "no_of_span": "3", "minimum_so": "42.861", "maximum_so": "42.896", "horizontal": "14.200", "upazila": "Kaharole", "district": "Dinajpur", "remarks": "-", "shwl__msl_": 41.7805, "slwl__msl_": 38.7105, "longitude": 88.567632, "latitude": 25.856756}}, {"type": "Feature", "id": 13, "geometry": {"type": "Point", "coordinates": [88.56766500000003, 25.890240000000063]}, "properties": {"objectid": 13, "id": "IWM_1034", "bridge_loc": "B-1034-Singra National Park Bridge", "authority": "LGED", "river_name": "Norto", "river_widt": 48.55, "bridge_len": "57.270", "no_of_pill": "4", "no_of_span": "5", "minimum_so": "44.013", "maximum_so": "44.022", "horizontal": "7.860", "upazila": "Birganj", "district": "Dinajpur", "remarks": "-", "shwl__msl_": 43.0415, "slwl__msl_": 40.1918, "longitude": 88.567665, "latitude": 25.89024}}, {"type": "Feature", "id": 14, "geometry": {"type": "Point", "coordinates": [88.56824400000005, 25.921200000000056]}, "properties": {"objectid": 14, "id": "IWM_1036", "bridge_loc": "B-1036-Burashir Bridge", "authority": "LGED", "river_name": "Norto", "river_widt": 11.93, "bridge_len": "11.930", "no_of_pill": "1", "no_of_span": "2", "minimum_so": "46.774", "maximum_so": "46.806", "horizontal": "5.340", "upazila": "Birganj", "district": "Dinajpur", "remarks": "-", "shwl__msl_": 44.2153, "slwl__msl_": 41.4664, "longitude": 88.568244, "latitude": 25.9212}}, {"type": "Feature", "id": 15, "geometry": {"type": "Point", "coordinates": [88.56468400000006, 25.91092800000007]}, "properties": {"objectid": 15, "id": "IWM_1035", "bridge_loc": "B-1035-Kutirpul Bridge", "authority": "LGED", "river_name": "Norto", "river_widt": 35.3, "bridge_len": "41.000", "no_of_pill": "-", "no_of_span": "-", "minimum_so": "45.464", "maximum_so": "45.504", "horizontal": "11.680", "upazila": "Birganj", "district": "Dinajpur", "remarks": "-", "shwl__msl_": 43.798, "slwl__msl_": 41.0701, "longitude": 88.564684, "latitude": 25.910928000000002}}, {"type": "Feature", "id": 16, "geometry": {"type": "Point", "coordinates": [89.03492900000003, 25.830530000000067]}, "properties": {"objectid": 16, "id": "IWM_653", "bridge_loc": "B-653-Chadkhana Bridge", "authority": "LGED", "river_name": "Jamuneshari", "river_widt": 85, "bridge_len": "139.700", "no_of_pill": "6", "no_of_span": "7", "minimum_so": "36.331", "maximum_so": "37.023", "horizontal": "16.100", "upazila": "Nilphamari", "district": "Kishoreganj", "remarks": "-", "shwl__msl_": 34.9467, "slwl__msl_": 32.2092, "longitude": 89.03492899999999, "latitude": 25.83053}}, {"type": "Feature", "id": 17, "geometry": {"type": "Point", "coordinates": [89.16007900000005, 25.847497000000033]}, "properties": {"objectid": 17, "id": "IWM_569", "bridge_loc": "B-569-Langol Hat Bridge", "authority": "RHD", "river_name": "Ghagot", "river_widt": 70.4, "bridge_len": "92.800", "no_of_pill": "2", "no_of_span": "3", "minimum_so": "38.100", "maximum_so": "38.581", "horizontal": "27.200", "upazila": "Gangacara", "district": "Rangpur", "remarks": "-", "shwl__msl_": 34.8824, "slwl__msl_": 31.2214, "longitude": 89.160079, "latitude": 25.847497}}, {"type": "Feature", "id": 18, "geometry": {"type": "Point", "coordinates": [89.15141700000004, 25.869334000000038]}, "properties": {"objectid": 18, "id": "IWM_567", "bridge_loc": "B-567_Ghagot Bridge", "authority": "LGED", "river_name": "Ghagot", "river_widt": 48, "bridge_len": "90.500", "no_of_pill": "4", "no_of_span": "5", "minimum_so": "37.874", "maximum_so": "38.510", "horizontal": "14.300", "upazila": "Gangacara", "district": "Rangpur", "remarks": "-", "shwl__msl_": 35.9673, "slwl__msl_": 32.3573, "longitude": 89.151417, "latitude": 25.869334}}, {"type": "Feature", "id": 19, "geometry": {"type": "Point", "coordinates": [89.15398700000009, 25.881796000000065]}, "properties": {"objectid": 19, "id": "IWM_568", "bridge_loc": "B-568-Bamboo Bridge", "authority": "-", "river_name": "Ghagot", "river_widt": 34, "bridge_len": "-", "no_of_pill": "-", "no_of_span": "-", "minimum_so": "-", "maximum_so": "-", "horizontal": "-", "upazila": "Nilphamari", "district": "Kishoreganj", "remarks": "Bamboo sako", "shwl__msl_": 36.6213, "slwl__msl_": 33.0407, "longitude": 89.15398699999999, "latitude": 25.881795999999998}}, {"type": "Feature", "id": 20, "geometry": {"type": "Point", "coordinates": [89.66867400000007, 25.819483000000048]}, "properties": {"objectid": 20, "id": "IWM_557", "bridge_loc": "B-557-Dharla Bridge", "authority": "RHD", "river_name": "Darla", "river_widt": 372, "bridge_len": "548.800", "no_of_pill": "14", "no_of_span": "15", "minimum_so": "28.874", "maximum_so": "33.114", "horizontal": "37.260", "upazila": "Kurigram Sadar", "district": "Kurigram", "remarks": "-", "shwl__msl_": 26.0256, "slwl__msl_": 21.5073, "longitude": 89.668674, "latitude": 25.819483}}, {"type": "Feature", "id": 21, "geometry": {"type": "Point", "coordinates": [88.42879200000004, 25.745633000000055]}, "properties": {"objectid": 21, "id": "IWM_1052", "bridge_loc": "B_1052_Khangaon", "authority": "LGED", "river_name": "Suwa Khal", "river_widt": 26.48, "bridge_len": "18.000", "no_of_pill": "2", "no_of_span": "3", "minimum_so": "37.119", "maximum_so": "37.129", "horizontal": "5.600", "upazila": "Bochaganj", "district": "Dinajpur", "remarks": "-", "shwl__msl_": 35.7472, "slwl__msl_": 32.6671, "longitude": 88.428792, "latitude": 25.745632999999998}}, {"type": "Feature", "id": 22, "geometry": {"type": "Point", "coordinates": [88.45627200000007, 25.80656300000004]}, "properties": {"objectid": 22, "id": "IWM_1059", "bridge_loc": "B_1059_Suwa Bridge", "authority": "LGED", "river_name": "Suwa", "river_widt": 32, "bridge_len": "45.000", "no_of_pill": "-", "no_of_span": "-", "minimum_so": "42.139", "maximum_so": "42.139", "horizontal": "13.990", "upazila": "Bochaganj", "district": "Dinajpur", "remarks": "-", "shwl__msl_": 38.9723, "slwl__msl_": 35.915, "longitude": 88.456272, "latitude": 25.806563}}, {"type": "Feature", "id": 23, "geometry": {"type": "Point", "coordinates": [88.43878800000005, 25.761957000000052]}, "properties": {"objectid": 23, "id": "IWM_1053", "bridge_loc": "B_1053_Bashudebpur", "authority": "LGED", "river_name": "Suwa", "river_widt": 29, "bridge_len": "32.680", "no_of_pill": "2", "no_of_span": "3", "minimum_so": "38.219", "maximum_so": "38.409", "horizontal": "8.900", "upazila": "Bochaganj", "district": "Dinajpur", "remarks": "-", "shwl__msl_": 36.6797, "slwl__msl_": 33.5883, "longitude": 88.438788, "latitude": 25.761957000000002}}, {"type": "Feature", "id": 24, "geometry": {"type": "Point", "coordinates": [89.05614600000007, 25.763095000000078]}, "properties": {"objectid": 24, "id": "IWM_655", "bridge_loc": "B-655-Kashia Bari Bridge", "authority": "LGED", "river_name": "Jamuneshari", "river_widt": 63, "bridge_len": "79.760", "no_of_pill": "4", "no_of_span": "5", "minimum_so": "34.970", "maximum_so": "35.417", "horizontal": "14.270", "upazila": "Taraganj", "district": "Rangpur", "remarks": "-", "shwl__msl_": 32.8693, "slwl__msl_": 29.7826, "longitude": 89.056146, "latitude": 25.763095000000003}}, {"type": "Feature", "id": 25, "geometry": {"type": "Point", "coordinates": [88.52093000000008, 25.641886000000056]}, "properties": {"objectid": 25, "id": "IWM_1042", "bridge_loc": "B_1042_Tulay Bridge", "authority": "LGED", "river_name": "Tulay", "river_widt": 43.76, "bridge_len": "43.360", "no_of_pill": "-", "no_of_span": "1", "minimum_so": "32.943", "maximum_so": "32.973", "horizontal": "37.730", "upazila": "Biral", "district": "Dinajpur", "remarks": "-", "shwl__msl_": 32.1192, "slwl__msl_": 28.5652, "longitude": 88.52092999999999, "latitude": 25.641886}}, {"type": "Feature", "id": 26, "geometry": {"type": "Point", "coordinates": [88.52096200000005, 25.641994000000068]}, "properties": {"objectid": 26, "id": "IWM_1042 (A)", "bridge_loc": "B_1042 (A)_Madob Bridge", "authority": "LGED", "river_name": "Tulay", "river_widt": 48.72, "bridge_len": "40.480", "no_of_pill": "5", "no_of_span": "3", "minimum_so": "33.803", "maximum_so": "33.823", "horizontal": "13.870", "upazila": "Biral", "district": "Dinajpur", "remarks": "-", "shwl__msl_": 32.1192, "slwl__msl_": 28.5652, "longitude": 88.520962, "latitude": 25.641994}}, {"type": "Feature", "id": 27, "geometry": {"type": "Point", "coordinates": [88.46653400000008, 25.592569000000026]}, "properties": {"objectid": 27, "id": "IWM_1038", "bridge_loc": "B_1038_Boiragi Bridge", "authority": "LGED", "river_name": "Tulay", "river_widt": 19, "bridge_len": "18.000", "no_of_pill": "2", "no_of_span": "3", "minimum_so": "30.528", "maximum_so": "30.538", "horizontal": "5.660", "upazila": "Biral", "district": "Dinajpur", "remarks": "Insufficent Gauge data", "shwl__msl_": 30.85, "slwl__msl_": 27.1547, "longitude": 88.466534, "latitude": 25.592569}}, {"type": "Feature", "id": 28, "geometry": {"type": "Point", "coordinates": [88.49927300000007, 25.62078500000007]}, "properties": {"objectid": 28, "id": "IWM_1040", "bridge_loc": "B_1040_Kazipara Bridge", "authority": "LGED", "river_name": "Tulay", "river_widt": 48, "bridge_len": "78.320", "no_of_pill": "3", "no_of_span": "4", "minimum_so": "32.418", "maximum_so": "32.738", "horizontal": "15.360", "upazila": "Biral", "district": "Dinajpur", "remarks": "-", "shwl__msl_": 31.0339, "slwl__msl_": 27.8291, "longitude": 88.499273, "latitude": 25.620784999999998}}, {"type": "Feature", "id": 29, "geometry": {"type": "Point", "coordinates": [88.48033300000003, 25.610333000000026]}, "properties": {"objectid": 29, "id": "IWM_1039", "bridge_loc": "B_1039_Longta Bridge", "authority": "LGED", "river_name": "Tulay", "river_widt": 45, "bridge_len": "99.400", "no_of_pill": "2", "no_of_span": "3", "minimum_so": "33.418", "maximum_so": "33.468", "horizontal": "31.000", "upazila": "Biral", "district": "Dinajpur", "remarks": "-", "shwl__msl_": 30.9501, "slwl__msl_": 27.5264, "longitude": 88.480333, "latitude": 25.610332999999997}}, {"type": "Feature", "id": 30, "geometry": {"type": "Point", "coordinates": [88.62057500000003, 25.622424000000024]}, "properties": {"objectid": 30, "id": "IWM_1026", "bridge_loc": "B_1026_Kanchan New Railway Bridge", "authority": "-", "river_name": "Punorvaba", "river_widt": 229, "bridge_len": "261.600", "no_of_pill": "7", "no_of_span": "8", "minimum_so": "36.854", "maximum_so": "36.881", "horizontal": "21.700", "upazila": "Biral", "district": "Dinajpur", "remarks": "-", "shwl__msl_": 32.3197, "slwl__msl_": 27.5676, "longitude": 88.620575, "latitude": 25.622424}}, {"type": "Feature", "id": 31, "geometry": {"type": "Point", "coordinates": [88.62045700000004, 25.622533000000033]}, "properties": {"objectid": 31, "id": "IWM_1026 (A)", "bridge_loc": "B_1026 (A) _Kanchan Old Railway Bridge", "authority": "-", "river_name": "Punorvaba", "river_widt": 223.7, "bridge_len": "263.000", "no_of_pill": "7", "no_of_span": "8", "minimum_so": "36.418", "maximum_so": "36.460", "horizontal": "27.950", "upazila": "Biral", "district": "Dinajpur", "remarks": "-", "shwl__msl_": 32.3197, "slwl__msl_": 27.5676, "longitude": 88.620457, "latitude": 25.622532999999997}}, {"type": "Feature", "id": 32, "geometry": {"type": "Point", "coordinates": [88.61121100000008, 25.702236000000028]}, "properties": {"objectid": 32, "id": "IWM_1030", "bridge_loc": "B_1030_Vabki Rubber Dam Bridge", "authority": "LGED", "river_name": "Punorvaba", "river_widt": 79, "bridge_len": "81.000", "no_of_pill": "4", "no_of_span": "5", "minimum_so": "35.632", "maximum_so": "35.838", "horizontal": "14.910", "upazila": "Biral", "district": "Dinajpur", "remarks": "-", "shwl__msl_": 35.5912, "slwl__msl_": 31.4263, "longitude": 88.611211, "latitude": 25.702236000000003}}, {"type": "Feature", "id": 33, "geometry": {"type": "Point", "coordinates": [88.61110400000007, 25.70239900000007]}, "properties": {"objectid": 33, "id": "IWM_1030", "bridge_loc": "Rubber Dam Bridge", "authority": "-", "river_name": "Punorvaba", "river_widt": 79, "bridge_len": "81.000", "no_of_pill": "-", "no_of_span": "-", "minimum_so": "-", "maximum_so": "-", "horizontal": "-", "upazila": "Biral", "district": "Dinajpur", "remarks": "Rabar dam", "shwl__msl_": 35.5912, "slwl__msl_": 31.4263, "longitude": 88.611104, "latitude": 25.702399}}, {"type": "Feature", "id": 34, "geometry": {"type": "Point", "coordinates": [88.60026400000004, 25.700253000000032]}, "properties": {"objectid": 34, "id": "IWM_1029", "bridge_loc": "B_1029_Giatoly Bridge", "authority": "LGED", "river_name": "-", "river_widt": 61, "bridge_len": "90.580", "no_of_pill": "2", "no_of_span": "3", "minimum_so": "35.497", "maximum_so": "35.517", "horizontal": "28.030", "upazila": "Biral", "district": "Dinajpur", "remarks": "-", "shwl__msl_": 35.2852, "slwl__msl_": 31.0654, "longitude": 88.600264, "latitude": 25.700253}}, {"type": "Feature", "id": 35, "geometry": {"type": "Point", "coordinates": [88.60951000000006, 25.667587000000026]}, "properties": {"objectid": 35, "id": "IWM_1028", "bridge_loc": "B_1028_Chatora Bridge", "authority": "LGED", "river_name": "-", "river_widt": 45, "bridge_len": "65.330", "no_of_pill": "4", "no_of_span": "5", "minimum_so": "33.747", "maximum_so": "33.897", "horizontal": "11.670", "upazila": "Biral", "district": "Dinajpur", "remarks": "-", "shwl__msl_": 33.7273, "slwl__msl_": 29.2388, "longitude": 88.60951, "latitude": 25.667587}}, {"type": "Feature", "id": 36, "geometry": {"type": "Point", "coordinates": [88.61894300000006, 25.629159000000072]}, "properties": {"objectid": 36, "id": "IWM_1027", "bridge_loc": "B_1027_Kanchan Bridge", "authority": "RHD", "river_name": "-", "river_widt": 158, "bridge_len": "227.300", "no_of_pill": "4", "no_of_span": "5", "minimum_so": "35.561", "maximum_so": "36.182", "horizontal": "38.700", "upazila": "Biral", "district": "Dinajpur", "remarks": "-", "shwl__msl_": 32.4731, "slwl__msl_": 27.7503, "longitude": 88.618943, "latitude": 25.629159}}, {"type": "Feature", "id": 37, "geometry": {"type": "Point", "coordinates": [89.10216500000007, 25.652340000000038]}, "properties": {"objectid": 37, "id": "IWM_659", "bridge_loc": "B-659-Nataram Shekpara", "authority": "LGED", "river_name": "Jamuneshari", "river_widt": 129.78, "bridge_len": "149.970", "no_of_pill": "4", "no_of_span": "5", "minimum_so": "31.690", "maximum_so": "32.127", "horizontal": "25.960", "upazila": "Badalganj", "district": "Rangpur", "remarks": "-", "shwl__msl_": 30.4216, "slwl__msl_": 26.2905, "longitude": 89.102165, "latitude": 25.65234}}, {"type": "Feature", "id": 38, "geometry": {"type": "Point", "coordinates": [89.07573100000008, 25.68202800000006]}, "properties": {"objectid": 38, "id": "IWM_657", "bridge_loc": "B-657-Badarganj Jamuneshawri Bridge", "authority": "RHD", "river_name": "Jamuneshari", "river_widt": 97.44, "bridge_len": "126.590", "no_of_pill": "4", "no_of_span": "5", "minimum_so": "31.527", "maximum_so": "31.947", "horizontal": "23.700", "upazila": "Badalganj", "district": "Rangpur", "remarks": "-", "shwl__msl_": 30.7336, "slwl__msl_": 26.9867, "longitude": 89.075731, "latitude": 25.682028}}, {"type": "Feature", "id": 39, "geometry": {"type": "Point", "coordinates": [89.07835000000006, 25.674552000000062]}, "properties": {"objectid": 39, "id": "IWM_658", "bridge_loc": "B-658_Bodorganj Rail Bridge", "authority": "BR", "river_name": "-", "river_widt": 132.5, "bridge_len": "118.610", "no_of_pill": "4", "no_of_span": "5", "minimum_so": "34.317", "maximum_so": "34.347", "horizontal": "17.530", "upazila": "Badalganj", "district": "Rangpur", "remarks": "-", "shwl__msl_": 30.6653, "slwl__msl_": 26.8362, "longitude": 89.07835, "latitude": 25.674552}}, {"type": "Feature", "id": 40, "geometry": {"type": "Point", "coordinates": [89.29750400000006, 25.672772000000066]}, "properties": {"objectid": 40, "id": "IWM_581", "bridge_loc": "B-581-Hasan Nagar Bridge", "authority": "LGED", "river_name": "Ghagot River", "river_widt": 72.5, "bridge_len": "89.770", "no_of_pill": "4", "no_of_span": "5", "minimum_so": "29.614", "maximum_so": "30.082", "horizontal": "14.380", "upazila": "Mithapukur", "district": "Rangpur", "remarks": "-", "shwl__msl_": 28.2485, "slwl__msl_": 24.0776, "longitude": 89.297504, "latitude": 25.672772}}, {"type": "Feature", "id": 41, "geometry": {"type": "Point", "coordinates": [89.27387600000009, 25.679407000000026]}, "properties": {"objectid": 41, "id": "IWM_580", "bridge_loc": "B-580-Damdola Bridge", "authority": "RHD", "river_name": "Ghagot River", "river_widt": 68.4, "bridge_len": "73.330", "no_of_pill": "2", "no_of_span": "3", "minimum_so": "31.533", "maximum_so": "31.612", "horizontal": "16.670", "upazila": "Mithapukur", "district": "Rangpur", "remarks": "-", "shwl__msl_": 28.6085, "slwl__msl_": 24.4208, "longitude": 89.273876, "latitude": 25.679407}}, {"type": "Feature", "id": 42, "geometry": {"type": "Point", "coordinates": [89.27361000000008, 25.679564000000028]}, "properties": {"objectid": 42, "id": "IWM_580 (A)", "bridge_loc": "B-580 A-Damdoma Bridge", "authority": "RHD", "river_name": "Ghagot River", "river_widt": 107, "bridge_len": "107.000", "no_of_pill": "2", "no_of_span": "3", "minimum_so": "31.370", "maximum_so": "31.421", "horizontal": "15.310", "upazila": "Mithapukur", "district": "Rangpur", "remarks": "-", "shwl__msl_": 28.6307, "slwl__msl_": 24.4497, "longitude": 89.27361, "latitude": 25.679564}}, {"type": "Feature", "id": 43, "geometry": {"type": "Point", "coordinates": [88.76018100000005, 25.539198000000056]}, "properties": {"objectid": 43, "id": "IWM_368", "bridge_loc": "B_368 _Mohonpur Bridge", "authority": "LGED", "river_name": "Atrai", "river_widt": 173, "bridge_len": "225.500", "no_of_pill": "6", "no_of_span": "7", "minimum_so": "33.113", "maximum_so": "33.625", "horizontal": "25.640", "upazila": "Chirirbandar", "district": "Dinajpur", "remarks": "-", "shwl__msl_": 29.5035, "slwl__msl_": 25.6725, "longitude": 88.76018099999999, "latitude": 25.539198000000003}}, {"type": "Feature", "id": 44, "geometry": {"type": "Point", "coordinates": [88.75994200000008, 25.53984200000008]}, "properties": {"objectid": 44, "id": "IWM_368 (A)", "bridge_loc": "B_368 (A)_Rubber Dam", "authority": "BWDB", "river_name": "Atrai", "river_widt": 135, "bridge_len": "135.350", "no_of_pill": "2", "no_of_span": "3", "minimum_so": "-", "maximum_so": "-", "horizontal": "43.880", "upazila": "Chirirbandar", "district": "Dinajpur", "remarks": "Rabar dam", "shwl__msl_": 29.517, "slwl__msl_": 25.6914, "longitude": 88.759942, "latitude": 25.539842}}, {"type": "Feature", "id": 45, "geometry": {"type": "Point", "coordinates": [89.55091400000003, 25.339173000000073]}, "properties": {"objectid": 45, "id": "IWM_590", "bridge_loc": "B-590-Ghagot Bridge", "authority": "RHD", "river_name": "Ghagot River", "river_widt": 63.37, "bridge_len": "70.200", "no_of_pill": "4", "no_of_span": "5", "minimum_so": "22.593", "maximum_so": "22.602", "horizontal": "10.800", "upazila": "Gaibandha Sadar", "district": "Gaibandha", "remarks": "-", "shwl__msl_": 21.1775, "slwl__msl_": 15.9169, "longitude": 89.55091399999999, "latitude": 25.339173}}, {"type": "Feature", "id": 46, "geometry": {"type": "Point", "coordinates": [89.53521600000005, 25.354047000000037]}, "properties": {"objectid": 46, "id": "IWM_589", "bridge_loc": "Bheramarea Rail Bridge", "authority": "-", "river_name": "Ghagot", "river_widt": 64.6, "bridge_len": "66.700", "no_of_pill": "2", "no_of_span": "3", "minimum_so": "24.936", "maximum_so": "24.938", "horizontal": "22.800", "upazila": "Gaibandha Sadar", "district": "Gaibandha", "remarks": "-", "shwl__msl_": 21.4158, "slwl__msl_": 16.2346, "longitude": 89.535216, "latitude": 25.354046999999998}}, {"type": "Feature", "id": 47, "geometry": {"type": "Point", "coordinates": [89.53473900000006, 25.353568000000053]}, "properties": {"objectid": 47, "id": "IWM_589 (A)", "bridge_loc": "B-589 (A)-U/C Bhoramara Bridge", "authority": "-", "river_name": "Ghagot River", "river_widt": 0, "bridge_len": "-", "no_of_pill": "2", "no_of_span": "3", "minimum_so": "24.272", "maximum_so": "24.285", "horizontal": "-", "upazila": "Gaibandha Sadar", "district": "Gaibandha", "remarks": "-", "shwl__msl_": 21.4216, "slwl__msl_": 16.2464, "longitude": 89.534739, "latitude": 25.353568}}, {"type": "Feature", "id": 48, "geometry": {"type": "Point", "coordinates": [88.75348800000006, 25.166135000000054]}, "properties": {"objectid": 48, "id": "IWM_365", "bridge_loc": "B_365_Shimultoli Bridge", "authority": "-", "river_name": "Atrai", "river_widt": 129.53, "bridge_len": "400.970", "no_of_pill": "7", "no_of_span": "8", "minimum_so": "26.130", "maximum_so": "26.700", "horizontal": "35.860", "upazila": "Dhamuairhat", "district": "Noagaon", "remarks": "-", "shwl__msl_": 20.8645, "slwl__msl_": 15.8438, "longitude": 88.753488, "latitude": 25.166135}}, {"type": "Feature", "id": 49, "geometry": {"type": "Point", "coordinates": [89.38017900000006, 25.128085000000056]}, "properties": {"objectid": 49, "id": "IWM_694", "bridge_loc": "B-694-Kalikadoba Bridge", "authority": "LGED", "river_name": "Karotoya", "river_widt": 49.33, "bridge_len": "52.810", "no_of_pill": "2", "no_of_span": "3", "minimum_so": "20.090", "maximum_so": "20.140", "horizontal": "14.350", "upazila": "Gabindaganj", "district": "Gaibandha", "remarks": "-", "shwl__msl_": 18.5811, "slwl__msl_": 13.7049, "longitude": 89.380179, "latitude": 25.128085}}, {"type": "Feature", "id": 50, "geometry": {"type": "Point", "coordinates": [89.77077200000008, 25.20408100000003]}, "properties": {"objectid": 50, "id": "IWM_955", "bridge_loc": "955 Pollakandi Bridge", "authority": "LGED", "river_name": "Old Bramaputra", "river_widt": 188.8, "bridge_len": "608.450", "no_of_pill": "15", "no_of_span": "16", "minimum_so": "27.964", "maximum_so": "28.444", "horizontal": "30.760", "upazila": "Dewanganj", "district": "Jamalpur", "remarks": "-", "shwl__msl_": 19.4026, "slwl__msl_": 14.176, "longitude": 89.77077200000001, "latitude": 25.204081000000002}}, {"type": "Feature", "id": 51, "geometry": {"type": "Point", "coordinates": [89.79173000000009, 25.176705000000027]}, "properties": {"objectid": 51, "id": "IWM_956", "bridge_loc": "956 Madarchar Bridge", "authority": "-", "river_name": "Old Bramaputra", "river_widt": 185.29, "bridge_len": "585.600", "no_of_pill": "12", "no_of_span": "13", "minimum_so": "29.646", "maximum_so": "29.950", "horizontal": "38.360", "upazila": "Dewanganj", "district": "Jamalpur", "remarks": "-", "shwl__msl_": 19.049, "slwl__msl_": 13.7166, "longitude": 89.79173, "latitude": 25.176705000000002}}, {"type": "Feature", "id": 52, "geometry": {"type": "Point", "coordinates": [91.89813400000008, 25.12126600000005]}, "properties": {"objectid": 52, "id": "IWM_Ex-112", "bridge_loc": "Ex-112 Pirer Bazar Bridge", "authority": "LGED", "river_name": "Piean", "river_widt": 89, "bridge_len": "124.900", "no_of_pill": "4", "no_of_span": "5", "minimum_so": "13.331", "maximum_so": "13.353", "horizontal": "23.200", "upazila": "Goainghat", "district": "Sylhet", "remarks": "-", "shwl__msl_": 10.2449, "slwl__msl_": 3.9973, "longitude": 91.898134, "latitude": 25.121266000000002}}, {"type": "Feature", "id": 53, "geometry": {"type": "Point", "coordinates": [92.01714800000008, 25.155812000000026]}, "properties": {"objectid": 53, "id": "IWM_Ex-126", "bridge_loc": "Ex-126 Jaflong Bridge", "authority": "RHD", "river_name": "Shari", "river_widt": 304.2, "bridge_len": "360.300", "no_of_pill": "11", "no_of_span": "12", "minimum_so": "16.453", "maximum_so": "17.848", "horizontal": "2.820", "upazila": "Goainghat", "district": "Sylhet", "remarks": "-", "shwl__msl_": 11.4464, "slwl__msl_": 5.2399000000000004, "longitude": 92.017148, "latitude": 25.155812}}, {"type": "Feature", "id": 54, "geometry": {"type": "Point", "coordinates": [91.94721800000008, 25.13423800000004]}, "properties": {"objectid": 54, "id": "IWM_Ex-113", "bridge_loc": "Ex-113 Aharkandi Bridge", "authority": "LGED", "river_name": "Piear", "river_widt": 77, "bridge_len": "125.900", "no_of_pill": "6", "no_of_span": "7", "minimum_so": "13.844", "maximum_so": "14.323", "horizontal": "17.200", "upazila": "Goainghat", "district": "Sylhet", "remarks": "-", "shwl__msl_": 10.4679, "slwl__msl_": 4.633179999999999, "longitude": 91.94721799999999, "latitude": 25.134238}}, {"type": "Feature", "id": 55, "geometry": {"type": "Point", "coordinates": [92.11632200000008, 25.125690000000077]}, "properties": {"objectid": 55, "id": "IWM_Ex-128", "bridge_loc": "Ex-128 Ferighat Bridge", "authority": "RHD", "river_name": "Borogang", "river_widt": 86.43, "bridge_len": "88.400", "no_of_pill": "-", "no_of_span": "1", "minimum_so": "14.938", "maximum_so": "15.118", "horizontal": "85.930", "upazila": "Jayantikapur", "district": "Sylhet", "remarks": "-", "shwl__msl_": 12.5046, "slwl__msl_": 5.0739, "longitude": 92.116322, "latitude": 25.12569}}, {"type": "Feature", "id": 56, "geometry": {"type": "Point", "coordinates": [92.10093700000004, 25.13249600000006]}, "properties": {"objectid": 56, "id": "IWM_Ex-127", "bridge_loc": "Ex-127 Katakhal Bridge", "authority": "LGED", "river_name": "-", "river_widt": 49, "bridge_len": "63.800", "no_of_pill": "5", "no_of_span": "6", "minimum_so": "14.063", "maximum_so": "14.078", "horizontal": "6.640", "upazila": "Jayantikapur", "district": "Sylhet", "remarks": "-", "shwl__msl_": 12.6112, "slwl__msl_": 5.2304, "longitude": 92.100937, "latitude": 25.132496}}, {"type": "Feature", "id": 57, "geometry": {"type": "Point", "coordinates": [91.27198400000003, 25.129057000000046]}, "properties": {"objectid": 57, "id": "IWM_104", "bridge_loc": "104 Raber Dam Bridge", "authority": "BADC", "river_name": "Rokti", "river_widt": 220, "bridge_len": "221.050", "no_of_pill": "19", "no_of_span": "20", "minimum_so": "8.760", "maximum_so": "8.760", "horizontal": "9.960", "upazila": "Bishwambarpur", "district": "Sunamganj", "remarks": "-", "shwl__msl_": 8.02292, "slwl__msl_": 1.7451699999999999, "longitude": 91.271984, "latitude": 25.129057000000003}}, {"type": "Feature", "id": 58, "geometry": {"type": "Point", "coordinates": [91.27145300000007, 25.128735000000063]}, "properties": {"objectid": 58, "id": "IWM_104 A", "bridge_loc": "104 A Raber Dam", "authority": "BADC", "river_name": "Rokti", "river_widt": 220, "bridge_len": "220.790", "no_of_pill": "4", "no_of_span": "5", "minimum_so": "-", "maximum_so": "-", "horizontal": "42.860", "upazila": "Bishwambarpur", "district": "Sunamganj", "remarks": "-", "shwl__msl_": 8.02611, "slwl__msl_": 1.75169, "longitude": 91.271453, "latitude": 25.128735}}, {"type": "Feature", "id": 59, "geometry": {"type": "Point", "coordinates": [91.25950500000005, 25.15725100000003]}, "properties": {"objectid": 59, "id": "IWM_Ex-103", "bridge_loc": "Ex-103 Binnakuli Bridge", "authority": "-", "river_name": "Rokti", "river_widt": 503.18, "bridge_len": "738.070", "no_of_pill": "13", "no_of_span": "14", "minimum_so": "10.920", "maximum_so": "12.050", "horizontal": "47.230", "upazila": "Bishwambarpur", "district": "Sunamganj", "remarks": "-", "shwl__msl_": 8.27014, "slwl__msl_": 2.04614, "longitude": 91.259505, "latitude": 25.157251}}, {"type": "Feature", "id": 60, "geometry": {"type": "Point", "coordinates": [91.18528800000007, 25.18940200000003]}, "properties": {"objectid": 60, "id": "IWM_201", "bridge_loc": "201 Bamboo Saku", "authority": "-", "river_name": "Kynshi", "river_widt": 34, "bridge_len": "30.040", "no_of_pill": "-", "no_of_span": "-", "minimum_so": "-", "maximum_so": "-", "horizontal": "-", "upazila": "Tahirpur", "district": "Sunamganj", "remarks": "Bamboo sako", "shwl__msl_": 9.01004, "slwl__msl_": 3.0065399999999998, "longitude": 91.185288, "latitude": 25.189401999999998}}, {"type": "Feature", "id": 61, "geometry": {"type": "Point", "coordinates": [91.15881600000006, 25.175524000000053]}, "properties": {"objectid": 61, "id": "IWM_200", "bridge_loc": "200 Baliyaghat Bridge", "authority": "LGED", "river_name": "Kynshi", "river_widt": 222, "bridge_len": "448.300", "no_of_pill": "8", "no_of_span": "9", "minimum_so": "14.620", "maximum_so": "14.940", "horizontal": "46.720", "upazila": "Tahirpur", "district": "Sunamganj", "remarks": "-", "shwl__msl_": 9.02335, "slwl__msl_": 3.10347, "longitude": 91.158816, "latitude": 25.175524}}, {"type": "Feature", "id": 62, "geometry": {"type": "Point", "coordinates": [89.52541600000006, 25.032159000000036]}, "properties": {"objectid": 62, "id": "IWM_414", "bridge_loc": "B-414-Ariyanghat Bridge", "authority": "RHD", "river_name": "Bangali River", "river_widt": 187.76, "bridge_len": "297.400", "no_of_pill": "8", "no_of_span": "9", "minimum_so": "21.027", "maximum_so": "21.374", "horizontal": "32.880", "upazila": "Sonatola", "district": "Bogra", "remarks": "-", "shwl__msl_": 16.9848, "slwl__msl_": 11.9547, "longitude": 89.525416, "latitude": 25.032159}}, {"type": "Feature", "id": 63, "geometry": {"type": "Point", "coordinates": [89.32921700000009, 25.035970000000077]}, "properties": {"objectid": 63, "id": "IWM_677", "bridge_loc": "B-677-Kuretola Bridge", "authority": "LGED", "river_name": "Karotoya", "river_widt": 58.8, "bridge_len": "60.260", "no_of_pill": "5", "no_of_span": "6", "minimum_so": "17.920", "maximum_so": "17.960", "horizontal": "8.880", "upazila": "Shibganj", "district": "Bogra", "remarks": "-", "shwl__msl_": 17.3029, "slwl__msl_": 13.074, "longitude": 89.329217, "latitude": 25.035970000000002}}, {"type": "Feature", "id": 64, "geometry": {"type": "Point", "coordinates": [89.34247600000003, 25.047586000000024]}, "properties": {"objectid": 64, "id": "IWM_678", "bridge_loc": "B-678-Horengir Ghat Bridge", "authority": "LGED", "river_name": "Karotoya", "river_widt": 66.64, "bridge_len": "78.100", "no_of_pill": "7", "no_of_span": "8", "minimum_so": "18.790", "maximum_so": "18.837", "horizontal": "7.740", "upazila": "Shibganj", "district": "Bogra", "remarks": "-", "shwl__msl_": 17.4762, "slwl__msl_": 13.1587, "longitude": 89.342476, "latitude": 25.047586}}, {"type": "Feature", "id": 65, "geometry": {"type": "Point", "coordinates": [89.37200300000006, 25.118531000000075]}, "properties": {"objectid": 65, "id": "IWM_690", "bridge_loc": "B-690-Kuripara Bissho Road Bridge", "authority": "LGED", "river_name": "Karotoya", "river_widt": 55.5, "bridge_len": "56.070", "no_of_pill": "2", "no_of_span": "3", "minimum_so": "19.950", "maximum_so": "19.990", "horizontal": "15.880", "upazila": "Gabindaganj", "district": "Gaibandha", "remarks": "-", "shwl__msl_": 18.4028, "slwl__msl_": 13.617, "longitude": 89.372003, "latitude": 25.118531}}, {"type": "Feature", "id": 66, "geometry": {"type": "Point", "coordinates": [89.38018100000005, 25.109293000000036]}, "properties": {"objectid": 66, "id": "IWM_696", "bridge_loc": "B-696-Kuripaika Bridge", "authority": "-", "river_name": "-", "river_widt": 21.79, "bridge_len": "21.790", "no_of_pill": "1", "no_of_span": "2", "minimum_so": "20.020", "maximum_so": "20.030", "horizontal": "5.670", "upazila": "Gabindaganj", "district": "Gaibandha", "remarks": "-", "shwl__msl_": 18.3283, "slwl__msl_": 13.5785, "longitude": 89.380181, "latitude": 25.109293}}, {"type": "Feature", "id": 67, "geometry": {"type": "Point", "coordinates": [89.37278600000008, 25.104637000000025]}, "properties": {"objectid": 67, "id": "IWM_691", "bridge_loc": "B-691-Godorghat Bridge", "authority": "LGED", "river_name": "Karotoya", "river_widt": 59.23, "bridge_len": "57.610", "no_of_pill": "2", "no_of_span": "3", "minimum_so": "20.780", "maximum_so": "20.790", "horizontal": "17.540", "upazila": "Gabindaganj", "district": "Gaibandha", "remarks": "-", "shwl__msl_": 18.2326, "slwl__msl_": 13.535, "longitude": 89.37278599999999, "latitude": 25.104637}}, {"type": "Feature", "id": 68, "geometry": {"type": "Point", "coordinates": [89.35971700000005, 25.072451000000058]}, "properties": {"objectid": 68, "id": "IWM_687", "bridge_loc": "B-687_Boalmari Bridge", "authority": "-", "river_name": "Karotoya", "river_widt": 57.45, "bridge_len": "57.550", "no_of_pill": "6", "no_of_span": "7", "minimum_so": "19.200", "maximum_so": "19.220", "horizontal": "5.290", "upazila": "Gabindaganj", "district": "Gaibandha", "remarks": "-", "shwl__msl_": 17.8302, "slwl__msl_": 13.3381, "longitude": 89.359717, "latitude": 25.072450999999997}}, {"type": "Feature", "id": 69, "geometry": {"type": "Point", "coordinates": [89.83861500000006, 25.02183800000006]}, "properties": {"objectid": 69, "id": "IWM_959", "bridge_loc": " Shahid Liutenant Sheikh Jamal Bridge", "authority": "RHD", "river_name": "Old Bramaputra", "river_widt": 159.38, "bridge_len": "560.150", "no_of_pill": "15", "no_of_span": "16", "minimum_so": "24.447", "maximum_so": "25.608", "horizontal": "25.730", "upazila": "Melandaha", "district": "Jamalpur", "remarks": "-", "shwl__msl_": 17.1746, "slwl__msl_": 11.3089, "longitude": 89.838615, "latitude": 25.021838}}, {"type": "Feature", "id": 70, "geometry": {"type": "Point", "coordinates": [89.80880200000007, 25.07816500000007]}, "properties": {"objectid": 70, "id": "IWM_950", "bridge_loc": "950 Shahid Major General Mosharraf Bir Uttom Bridge", "authority": "LGED", "river_name": "Old Bramaputra", "river_widt": 238.68, "bridge_len": "557.250", "no_of_pill": "14", "no_of_span": "15", "minimum_so": "24.382", "maximum_so": "26.275", "horizontal": "25.310", "upazila": "Melandaha", "district": "Jamalpur", "remarks": "-", "shwl__msl_": 17.8126, "slwl__msl_": 12.1333, "longitude": 89.808802, "latitude": 25.078165}}, {"type": "Feature", "id": 71, "geometry": {"type": "Point", "coordinates": [91.98126100000007, 25.088910000000055]}, "properties": {"objectid": 71, "id": "IWM_Ex-125", "bridge_loc": "Ex-125 Goainghat Setu", "authority": "RHD", "river_name": "Shari", "river_widt": 189.26, "bridge_len": "304.200", "no_of_pill": "6", "no_of_span": "7", "minimum_so": "16.763", "maximum_so": "17.808", "horizontal": "37.280", "upazila": "Goainghat", "district": "Sylhet", "remarks": "-", "shwl__msl_": 10.3021, "slwl__msl_": 1.35738, "longitude": 91.981261, "latitude": 25.08891}}, {"type": "Feature", "id": 72, "geometry": {"type": "Point", "coordinates": [92.11789700000008, 25.09288300000003]}, "properties": {"objectid": 72, "id": "IWM_Ex-128 A", "bridge_loc": "Ex-128 A Sarighat Bridge", "authority": "RHD", "river_name": "Sari", "river_widt": 161, "bridge_len": "192.200", "no_of_pill": "2", "no_of_span": "3", "minimum_so": "14.845", "maximum_so": "15.081", "horizontal": "90.400", "upazila": "Jayantikapur", "district": "Sylhet", "remarks": "-", "shwl__msl_": 11.5653, "slwl__msl_": 3.51335, "longitude": 92.117897, "latitude": 25.092883}}, {"type": "Feature", "id": 73, "geometry": {"type": "Point", "coordinates": [91.99346500000007, 25.012770000000046]}, "properties": {"objectid": 73, "id": "IWM_Ex-124", "bridge_loc": "Ex-124 Manikganj Boro Bridge", "authority": "-", "river_name": "Khapna", "river_widt": 94.3, "bridge_len": "119.840", "no_of_pill": "5", "no_of_span": "6", "minimum_so": "11.788", "maximum_so": "12.758", "horizontal": "16.000", "upazila": "Goainghat", "district": "Sylhet", "remarks": "-", "shwl__msl_": 10.5051, "slwl__msl_": 1.53162, "longitude": 91.993465, "latitude": 25.01277}}, {"type": "Feature", "id": 74, "geometry": {"type": "Point", "coordinates": [91.99593400000003, 25.01257000000004]}, "properties": {"objectid": 74, "id": "IWM_Ex-123", "bridge_loc": "Ex-123 Manikganj Bridge", "authority": "-", "river_name": "Khapna", "river_widt": 86.9, "bridge_len": "107.230", "no_of_pill": "5", "no_of_span": "6", "minimum_so": "12.678", "maximum_so": "13.358", "horizontal": "16.750", "upazila": "Goainghat", "district": "Sylhet", "remarks": "-", "shwl__msl_": 10.5244, "slwl__msl_": 1.55333, "longitude": 91.995934, "latitude": 25.01257}}, {"type": "Feature", "id": 75, "geometry": {"type": "Point", "coordinates": [91.50852000000003, 25.014593000000048]}, "properties": {"objectid": 75, "id": "IWM_Ex-109", "bridge_loc": "Ex-109 Pandergaon Bridge", "authority": "LGED", "river_name": "Pander Khal", "river_widt": 115, "bridge_len": "147.000", "no_of_pill": "6", "no_of_span": "7", "minimum_so": "9.470", "maximum_so": "9.770", "horizontal": "16.540", "upazila": "Doara Bazar", "district": "Sunamganj", "remarks": "-", "shwl__msl_": 8.01684, "slwl__msl_": 0.666567, "longitude": 91.50852, "latitude": 25.014593}}, {"type": "Feature", "id": 76, "geometry": {"type": "Point", "coordinates": [91.53338400000007, 25.033567000000062]}, "properties": {"objectid": 76, "id": "IWM_Ex-110", "bridge_loc": "Ex-110 Closser (No Bridge)", "authority": "-", "river_name": "Pander Khal", "river_widt": 0, "bridge_len": "-", "no_of_pill": "-", "no_of_span": "-", "minimum_so": "-", "maximum_so": "-", "horizontal": "-", "upazila": "Doara Bazar", "district": "Sunamganj", "remarks": "No bridge", "shwl__msl_": 8.25643, "slwl__msl_": 0.642969, "longitude": 91.533384, "latitude": 25.033567}}, {"type": "Feature", "id": 77, "geometry": {"type": "Point", "coordinates": [91.64207900000008, 25.01957500000003]}, "properties": {"objectid": 77, "id": "IWM_208", "bridge_loc": "208 Surma Bridge", "authority": "RHD", "river_name": "Surma", "river_widt": 259, "bridge_len": "403.400", "no_of_pill": "6", "no_of_span": "7", "minimum_so": "23.130", "maximum_so": "23.270", "horizontal": "106.560", "upazila": "Chatak", "district": "Sunamganj", "remarks": "-", "shwl__msl_": 8.785730000000001, "slwl__msl_": 0.591555, "longitude": 91.642079, "latitude": 25.019575}}, {"type": "Feature", "id": 78, "geometry": {"type": "Point", "coordinates": [91.78568500000006, 25.06757300000004]}, "properties": {"objectid": 78, "id": "IWM_Ex-111", "bridge_loc": "Ex-111 Kata Gang Bridge", "authority": "RHD", "river_name": "Kata", "river_widt": 95.54, "bridge_len": "154.000", "no_of_pill": "4", "no_of_span": "5", "minimum_so": "15.430", "maximum_so": "15.538", "horizontal": "33.660", "upazila": "Companiganj", "district": "Sylhet", "remarks": "-", "shwl__msl_": 9.578059999999999, "slwl__msl_": 2.1139, "longitude": 91.785685, "latitude": 25.067573}}, {"type": "Feature", "id": 79, "geometry": {"type": "Point", "coordinates": [91.38546800000006, 25.05444200000005]}, "properties": {"objectid": 79, "id": "IWM_203", "bridge_loc": "203 Abduj Johur Bridge", "authority": "-", "river_name": "Surma", "river_widt": 299, "bridge_len": "403.400", "no_of_pill": "6", "no_of_span": "7", "minimum_so": "17.879", "maximum_so": "20.875", "horizontal": "42.240", "upazila": "Sunamganj Sadar", "district": "Sunamganj", "remarks": "-", "shwl__msl_": 7.538609999999999, "slwl__msl_": 0.7195210000000001, "longitude": 91.385468, "latitude": 25.054442}}, {"type": "Feature", "id": 80, "geometry": {"type": "Point", "coordinates": [91.27543000000009, 25.12095400000004]}, "properties": {"objectid": 80, "id": "IWM_Ex-105", "bridge_loc": "Ex-105 Umopur Bridge", "authority": "LGED", "river_name": "Jamirtola", "river_widt": 80.46, "bridge_len": "100.050", "no_of_pill": "4", "no_of_span": "5", "minimum_so": "8.840", "maximum_so": "9.340", "horizontal": "19.360", "upazila": "Bishwambarpur", "district": "Sunamganj", "remarks": "-", "shwl__msl_": 7.95301, "slwl__msl_": 1.6678600000000001, "longitude": 91.27543, "latitude": 25.120953999999998}}, {"type": "Feature", "id": 81, "geometry": {"type": "Point", "coordinates": [91.23012700000004, 25.102652000000035]}, "properties": {"objectid": 81, "id": "IWM_Ex-105", "bridge_loc": "Ex-105 Anwarpur Bridge", "authority": "-", "river_name": "Rokti", "river_widt": 117.94, "bridge_len": "117.940", "no_of_pill": "4", "no_of_span": "5", "minimum_so": "9.717", "maximum_so": "9.904", "horizontal": "21.210", "upazila": "Tahirpur", "district": "Sunamganj", "remarks": "-", "shwl__msl_": 7.99054, "slwl__msl_": 1.76537, "longitude": 91.230127, "latitude": 25.102652}}, {"type": "Feature", "id": 82, "geometry": {"type": "Point", "coordinates": [91.28135300000008, 25.040526000000057]}, "properties": {"objectid": 82, "id": "IWM_Ex-107", "bridge_loc": "Ex-107 Niamotpur Bridge", "authority": "-", "river_name": "Rokti", "river_widt": 85, "bridge_len": "91.000", "no_of_pill": "2", "no_of_span": "3", "minimum_so": "10.696", "maximum_so": "10.700", "horizontal": "26.050", "upazila": "Bishwambarpur", "district": "Sunamganj", "remarks": "-", "shwl__msl_": 7.3656299999999995, "slwl__msl_": 1.12844, "longitude": 91.281353, "latitude": 25.040526}}, {"type": "Feature", "id": 83, "geometry": {"type": "Point", "coordinates": [91.25689700000004, 25.071181000000024]}, "properties": {"objectid": 83, "id": "IWM_Ex-106", "bridge_loc": "Ex-106 Rokti Bridge", "authority": "LGED", "river_name": "Rokti", "river_widt": 90, "bridge_len": "99.900", "no_of_pill": "4", "no_of_span": "5", "minimum_so": "11.153", "maximum_so": "11.656", "horizontal": "16.440", "upazila": "Bishwambarpur", "district": "Sunamganj", "remarks": "-", "shwl__msl_": 7.6606700000000005, "slwl__msl_": 1.43067, "longitude": 91.256897, "latitude": 25.071181000000003}}, {"type": "Feature", "id": 84, "geometry": {"type": "Point", "coordinates": [91.26294100000007, 25.05662600000005]}, "properties": {"objectid": 84, "id": "IWM_Ex-101", "bridge_loc": "Ex-101 Aboua Bridge", "authority": "RHD", "river_name": "Aboua", "river_widt": 123, "bridge_len": "135.390", "no_of_pill": "2", "no_of_span": "3", "minimum_so": "12.181", "maximum_so": "12.229", "horizontal": "34.700", "upazila": "Bishwambarpur", "district": "Sunamganj", "remarks": "-", "shwl__msl_": 7.58127, "slwl__msl_": 1.36033, "longitude": 91.262941, "latitude": 25.056625999999998}}, {"type": "Feature", "id": 85, "geometry": {"type": "Point", "coordinates": [91.17857800000007, 25.100033000000053]}, "properties": {"objectid": 85, "id": "IWM_Ex-102", "bridge_loc": "Ex-102 Taherpur Bridge", "authority": "-", "river_name": "Baulai", "river_widt": 84, "bridge_len": "97.560", "no_of_pill": "4", "no_of_span": "5", "minimum_so": "8.458", "maximum_so": "8.838", "horizontal": "18.140", "upazila": "Tahirpur", "district": "Sunamganj", "remarks": "-", "shwl__msl_": 7.73419, "slwl__msl_": 1.53741, "longitude": 91.178578, "latitude": 25.100033}}, {"type": "Feature", "id": 86, "geometry": {"type": "Point", "coordinates": [91.11829000000006, 25.089548000000036]}, "properties": {"objectid": 86, "id": "IWM_Ex-95", "bridge_loc": "Ex-95 Bamboo Bridge", "authority": "-", "river_name": "Baulai", "river_widt": 93.7, "bridge_len": "-", "no_of_pill": "-", "no_of_span": "1", "minimum_so": "-", "maximum_so": "-", "horizontal": "-", "upazila": "Tahirpur", "district": "Sunamganj", "remarks": "Bamboo sako", "shwl__msl_": 7.52581, "slwl__msl_": 1.29285, "longitude": 91.11829, "latitude": 25.089548}}, {"type": "Feature", "id": 87, "geometry": {"type": "Point", "coordinates": [88.95008200000007, 24.899290000000065]}, "properties": {"objectid": 87, "id": "IWM_261", "bridge_loc": "B_261_Nazirpur Bridge", "authority": "LGED", "river_name": "Little Jamuna", "river_widt": 59.4, "bridge_len": "200.500", "no_of_pill": "8", "no_of_span": "9", "minimum_so": "18.474", "maximum_so": "18.819", "horizontal": "18.290", "upazila": "Badalgasi", "district": "Naogaon", "remarks": "-", "shwl__msl_": 15.2483, "slwl__msl_": 8.115219999999999, "longitude": 88.95008200000001, "latitude": 24.89929}}, {"type": "Feature", "id": 88, "geometry": {"type": "Point", "coordinates": [88.94224600000007, 24.89512200000007]}, "properties": {"objectid": 88, "id": "IWM_256", "bridge_loc": "B_256_Chancharam Bridge", "authority": "LGED", "river_name": "Little Jamuna", "river_widt": 72.3, "bridge_len": "150.430", "no_of_pill": "4", "no_of_span": "5", "minimum_so": "18.752", "maximum_so": "18.759", "horizontal": "27.780", "upazila": "Badalgasi", "district": "Naogaon", "remarks": "-", "shwl__msl_": 15.3999, "slwl__msl_": 8.38959, "longitude": 88.942246, "latitude": 24.895122}}, {"type": "Feature", "id": 89, "geometry": {"type": "Point", "coordinates": [88.90566100000007, 24.968278000000055]}, "properties": {"objectid": 89, "id": "IWM_EX-66 (A)", "bridge_loc": "B_Ex-66 (A)_Badolgaci Baily Bridge", "authority": "LGED", "river_name": "Little Jamuna", "river_widt": 69, "bridge_len": "73.550", "no_of_pill": "2", "no_of_span": "3", "minimum_so": "20.179", "maximum_so": "20.204", "horizontal": "19.850", "upazila": "Badalgasi", "district": "Naogaon", "remarks": "-", "shwl__msl_": 16.5626, "slwl__msl_": 10.5148, "longitude": 88.90566100000001, "latitude": 24.968277999999998}}, {"type": "Feature", "id": 90, "geometry": {"type": "Point", "coordinates": [88.90696800000006, 24.966357000000073]}, "properties": {"objectid": 90, "id": "IWM_EX-66", "bridge_loc": "B_Ex-66_Badolgachi Bridge", "authority": "RHD", "river_name": "Little Jamuna", "river_widt": 67, "bridge_len": "94.590", "no_of_pill": "2", "no_of_span": "3", "minimum_so": "20.034", "maximum_so": "20.121", "horizontal": "30.500", "upazila": "Badalgasi", "district": "Naogaon", "remarks": "-", "shwl__msl_": 16.5439, "slwl__msl_": 10.4829, "longitude": 88.90696799999999, "latitude": 24.966357000000002}}, {"type": "Feature", "id": 91, "geometry": {"type": "Point", "coordinates": [88.91601000000009, 24.95482000000004]}, "properties": {"objectid": 91, "id": "IWM_246", "bridge_loc": "B_246_Dewlia Bridge", "authority": "LGED", "river_name": "Little Jamuna", "river_widt": 60, "bridge_len": "90.970", "no_of_pill": "2", "no_of_span": "3", "minimum_so": "19.618", "maximum_so": "19.665", "horizontal": "28.000", "upazila": "Badalgasi", "district": "Naogaon", "remarks": "-", "shwl__msl_": 16.303, "slwl__msl_": 10.0383, "longitude": 88.91601, "latitude": 24.954819999999998}}, {"type": "Feature", "id": 92, "geometry": {"type": "Point", "coordinates": [88.93782900000008, 24.92280500000004]}, "properties": {"objectid": 92, "id": "IWM_252", "bridge_loc": "B_252_Persombari Bridge", "authority": "LGED", "river_name": "Little Jamuna", "river_widt": 66.82, "bridge_len": "154.750", "no_of_pill": "4", "no_of_span": "5", "minimum_so": "17.038", "maximum_so": "17.422", "horizontal": "27.000", "upazila": "Badalgasi", "district": "Naogaon", "remarks": "-", "shwl__msl_": 15.789, "slwl__msl_": 9.098780000000001, "longitude": 88.937829, "latitude": 24.922805}}, {"type": "Feature", "id": 93, "geometry": {"type": "Point", "coordinates": [89.53663000000006, 24.966101000000037]}, "properties": {"objectid": 93, "id": "IWM_416", "bridge_loc": "B-416-Chorpara Bridge", "authority": "-", "river_name": "Bangali River", "river_widt": 140, "bridge_len": "340.000", "no_of_pill": "16", "no_of_span": "17", "minimum_so": "17.972", "maximum_so": "18.547", "horizontal": "15.440", "upazila": "Sonatola", "district": "Bogra", "remarks": "-", "shwl__msl_": 16.4586, "slwl__msl_": 11.5292, "longitude": 89.53663, "latitude": 24.966101000000002}}, {"type": "Feature", "id": 94, "geometry": {"type": "Point", "coordinates": [89.96776200000005, 24.923162000000048]}, "properties": {"objectid": 94, "id": "IWM_960", "bridge_loc": "960 Ferighat Bridge", "authority": "RHD", "river_name": "Old Bramaputra", "river_widt": 286.02, "bridge_len": "444.160", "no_of_pill": "11", "no_of_span": "12", "minimum_so": "22.882", "maximum_so": "23.382", "horizontal": "32.080", "upazila": "Jamalpur Sadar", "district": "Jamalpur", "remarks": "-", "shwl__msl_": 15.7493, "slwl__msl_": 9.47685, "longitude": 89.967762, "latitude": 24.923162}}, {"type": "Feature", "id": 95, "geometry": {"type": "Point", "coordinates": [92.25911300000007, 25.000072000000046]}, "properties": {"objectid": 95, "id": "IWM_Ex-96", "bridge_loc": "B-Ex-96 Kanaighat Bridge", "authority": "RHD", "river_name": "Surma", "river_widt": 164, "bridge_len": "293.800", "no_of_pill": "5", "no_of_span": "6", "minimum_so": "22.043", "maximum_so": "22.050", "horizontal": "33.360", "upazila": "Kanaighat", "district": "Sylhet", "remarks": "-", "shwl__msl_": 13.2703, "slwl__msl_": 3.62488, "longitude": 92.259113, "latitude": 25.000072}}, {"type": "Feature", "id": 96, "geometry": {"type": "Point", "coordinates": [91.99365400000005, 24.907894000000056]}, "properties": {"objectid": 96, "id": "IWM_Ex-120", "bridge_loc": "Ex-120 Kushi River Bridge", "authority": "LGED", "river_name": "Kusi", "river_widt": 61, "bridge_len": "99.700", "no_of_pill": "4", "no_of_span": "5", "minimum_so": "13.087", "maximum_so": "13.247", "horizontal": "18.540", "upazila": "Sylhet Sadar", "district": "Sylhet", "remarks": "-", "shwl__msl_": 10.8792, "slwl__msl_": 1.6866899999999998, "longitude": 91.993654, "latitude": 24.907894000000002}}, {"type": "Feature", "id": 97, "geometry": {"type": "Point", "coordinates": [92.03831100000008, 24.995810000000063]}, "properties": {"objectid": 97, "id": "IWM_Ex-121", "bridge_loc": "Ex-121 Lama Sampur", "authority": "LGED", "river_name": "Khapna", "river_widt": 51, "bridge_len": "62.550", "no_of_pill": "2", "no_of_span": "3", "minimum_so": "12.138", "maximum_so": "12.203", "horizontal": "19.400", "upazila": "Jayantikapur", "district": "Sylhet", "remarks": "-", "shwl__msl_": 10.9939, "slwl__msl_": 2.00881, "longitude": 92.03831100000001, "latitude": 24.99581}}, {"type": "Feature", "id": 98, "geometry": {"type": "Point", "coordinates": [92.04256800000007, 24.989842000000067]}, "properties": {"objectid": 98, "id": "IWM_Ex-122", "bridge_loc": "Ex-122 Haripur Bridge", "authority": "RHD", "river_name": "Khapna", "river_widt": 67.74, "bridge_len": "95.400", "no_of_pill": "4", "no_of_span": "5", "minimum_so": "12.768", "maximum_so": "12.798", "horizontal": "25.600", "upazila": "Jayantikapur", "district": "Sylhet", "remarks": "-", "shwl__msl_": 11.0467, "slwl__msl_": 2.03581, "longitude": 92.042568, "latitude": 24.989842}}, {"type": "Feature", "id": 99, "geometry": {"type": "Point", "coordinates": [91.73462000000006, 24.909786000000054]}, "properties": {"objectid": 99, "id": "IWM_211", "bridge_loc": "211 Kamakazi Bridge", "authority": "RHD", "river_name": "Surma", "river_widt": 164, "bridge_len": "225.400", "no_of_pill": "3", "no_of_span": "4", "minimum_so": "15.342", "maximum_so": "15.428", "horizontal": "118.400", "upazila": "Sylhet Sadar", "district": "Sylhet", "remarks": "-", "shwl__msl_": 9.47948, "slwl__msl_": 0.990222, "longitude": 91.73462, "latitude": 24.909786}}, {"type": "Feature", "id": 100, "geometry": {"type": "Point", "coordinates": [91.82361900000006, 24.909973000000036]}, "properties": {"objectid": 100, "id": "IWM_212", "bridge_loc": "212 Tenukhi Bridge", "authority": "-", "river_name": "Surma", "river_widt": 162, "bridge_len": "260.600", "no_of_pill": "5", "no_of_span": "6", "minimum_so": "17.214", "maximum_so": "17.721", "horizontal": "36.000", "upazila": "Sylhet Sadar", "district": "Sylhet", "remarks": "-", "shwl__msl_": 9.93994, "slwl__msl_": 1.05895, "longitude": 91.823619, "latitude": 24.909973}}, {"type": "Feature", "id": 101, "geometry": {"type": "Point", "coordinates": [91.26409400000006, 24.99726000000004]}, "properties": {"objectid": 101, "id": "IWM_Ex-108", "bridge_loc": "Ex-108 Rokti Bridge", "authority": "-", "river_name": "Surma", "river_widt": 53.6, "bridge_len": "294.300", "no_of_pill": "18", "no_of_span": "19", "minimum_so": "12.192", "maximum_so": "12.683", "horizontal": "17.970", "upazila": "Jamalganj", "district": "Sunamganj", "remarks": "-", "shwl__msl_": 7.09, "slwl__msl_": 0.8500000000000001, "longitude": 91.264094, "latitude": 24.99726}}, {"type": "Feature", "id": 102, "geometry": {"type": "Point", "coordinates": [90.83060200000006, 24.943076000000076]}, "properties": {"objectid": 102, "id": "IWM_171", "bridge_loc": "171 Bawshi Bridge", "authority": "LGED", "river_name": "Kongso", "river_widt": 42.32, "bridge_len": "75.550", "no_of_pill": "2", "no_of_span": "3", "minimum_so": "11.970", "maximum_so": "11.970", "horizontal": "21.800", "upazila": "Barhatta", "district": "Netrakona", "remarks": "-", "shwl__msl_": 8.05191, "slwl__msl_": 2.03926, "longitude": 90.830602, "latitude": 24.943076}}, {"type": "Feature", "id": 103, "geometry": {"type": "Point", "coordinates": [90.87031200000007, 24.908100000000047]}, "properties": {"objectid": 103, "id": "IWM_177", "bridge_loc": "177 Kandapara Bridge", "authority": "LGED", "river_name": "Kongso", "river_widt": 46.4, "bridge_len": "70.120", "no_of_pill": "4", "no_of_span": "5", "minimum_so": "9.500", "maximum_so": "9.740", "horizontal": "10.850", "upazila": "Barhatta", "district": "Netrakona", "remarks": "-", "shwl__msl_": 7.78064, "slwl__msl_": 2.05996, "longitude": 90.870312, "latitude": 24.9081}}, {"type": "Feature", "id": 104, "geometry": {"type": "Point", "coordinates": [90.87716100000006, 24.901147000000037]}, "properties": {"objectid": 104, "id": "IWM_178", "bridge_loc": "178 Gopalpur", "authority": "RHD", "river_name": "-", "river_widt": 0, "bridge_len": "-", "no_of_pill": "-", "no_of_span": "-", "minimum_so": "-", "maximum_so": "-", "horizontal": "-", "upazila": "Barhatta", "district": "Netrakona", "remarks": "-", "shwl__msl_": 7.74246, "slwl__msl_": 2.06, "longitude": 90.877161, "latitude": 24.901146999999998}}, {"type": "Feature", "id": 105, "geometry": {"type": "Point", "coordinates": [90.88786200000004, 24.898726000000067]}, "properties": {"objectid": 105, "id": "IWM_179", "bridge_loc": "179 Asma Bridge", "authority": "LGED", "river_name": "Kongso", "river_widt": 43.41, "bridge_len": "70.000", "no_of_pill": "4", "no_of_span": "5", "minimum_so": "9.920", "maximum_so": "9.930", "horizontal": "10.260", "upazila": "Barhatta", "district": "Netrakona", "remarks": "-", "shwl__msl_": 7.70979, "slwl__msl_": 2.05913, "longitude": 90.887862, "latitude": 24.898726}}, {"type": "Feature", "id": 106, "geometry": {"type": "Point", "coordinates": [90.92118200000004, 24.912600000000054]}, "properties": {"objectid": 106, "id": "IWM_181", "bridge_loc": "181 Chandropur Bridge", "authority": "LGED", "river_name": "Kongso", "river_widt": 42.44, "bridge_len": "62.720", "no_of_pill": "2", "no_of_span": "3", "minimum_so": "8.740", "maximum_so": "8.740", "horizontal": "19.480", "upazila": "Barhatta", "district": "Netrakona", "remarks": "-", "shwl__msl_": 7.58994, "slwl__msl_": 2.07, "longitude": 90.921182, "latitude": 24.9126}}, {"type": "Feature", "id": 107, "geometry": {"type": "Point", "coordinates": [90.93021000000005, 24.89717200000007]}, "properties": {"objectid": 107, "id": "IWM_182", "bridge_loc": "182 Hujrabari Bridge", "authority": "LGED", "river_name": "Kongso", "river_widt": 43.89, "bridge_len": "60.410", "no_of_pill": "4", "no_of_span": "5", "minimum_so": "8.230", "maximum_so": "8.360", "horizontal": "11.140", "upazila": "Barhatta", "district": "Netrakona", "remarks": "-", "shwl__msl_": 7.5256099999999995, "slwl__msl_": 2.08, "longitude": 90.93021, "latitude": 24.897172}}, {"type": "Feature", "id": 108, "geometry": {"type": "Point", "coordinates": [91.01217200000008, 24.895921000000044]}, "properties": {"objectid": 108, "id": "IWM_194", "bridge_loc": "194 Dharmopasha Bridge", "authority": "RHD", "river_name": "Kongso", "river_widt": 62.65, "bridge_len": "93.310", "no_of_pill": "2", "no_of_span": "3", "minimum_so": "11.610", "maximum_so": "11.610", "horizontal": "28.080", "upazila": "Mohonganj", "district": "Netrakona", "remarks": "-", "shwl__msl_": 7.13973, "slwl__msl_": 1.8194299999999999, "longitude": 91.012172, "latitude": 24.895921}}, {"type": "Feature", "id": 109, "geometry": {"type": "Point", "coordinates": [90.64937700000007, 24.90291200000007]}, "properties": {"objectid": 109, "id": "IWM_823", "bridge_loc": "823 Shinganj Bridge", "authority": "LGED", "river_name": "Mogra", "river_widt": 42.31, "bridge_len": "71.610", "no_of_pill": "3", "no_of_span": "4", "minimum_so": "10.720", "maximum_so": "10.930", "horizontal": "14.240", "upazila": "Netrakona Sadar", "district": "Netrakona", "remarks": "-", "shwl__msl_": 8.38948, "slwl__msl_": 2.19948, "longitude": 90.649377, "latitude": 24.902912}}, {"type": "Feature", "id": 110, "geometry": {"type": "Point", "coordinates": [90.65391700000004, 24.91302100000007]}, "properties": {"objectid": 110, "id": "IWM_823 (A)", "bridge_loc": "823 (A) Trimohoni Bazar Sluice Gate", "authority": "BWDB", "river_name": "Mogra", "river_widt": 25.8, "bridge_len": "8.230", "no_of_pill": "4", "no_of_span": "-", "minimum_so": "5.060", "maximum_so": "5.060", "horizontal": "1.730", "upazila": "Netrakona Sadar", "district": "Netrakona", "remarks": "-", "shwl__msl_": 8.47514, "slwl__msl_": 2.26845, "longitude": 90.65391699999999, "latitude": 24.913021}}, {"type": "Feature", "id": 111, "geometry": {"type": "Point", "coordinates": [90.66282000000007, 24.96674100000007]}, "properties": {"objectid": 111, "id": "IWM_825", "bridge_loc": "825 Shaldigha Bridge", "authority": "-", "river_name": "Mogra", "river_widt": 50.1, "bridge_len": "70.790", "no_of_pill": "4", "no_of_span": "5", "minimum_so": "10.560", "maximum_so": "10.618", "horizontal": "12.640", "upazila": "Purbodhola", "district": "Netrakona", "remarks": "-", "shwl__msl_": 9.1168, "slwl__msl_": 2.7970900000000003, "longitude": 90.66282000000001, "latitude": 24.966741}}, {"type": "Feature", "id": 112, "geometry": {"type": "Point", "coordinates": [90.68226200000004, 24.982371000000057]}, "properties": {"objectid": 112, "id": "IWM_827", "bridge_loc": "827 Debkanda Sluice Gate", "authority": "BWDB", "river_name": "Mogra", "river_widt": 44.45, "bridge_len": "-", "no_of_pill": "-", "no_of_span": "-", "minimum_so": "5.190", "maximum_so": "5.190", "horizontal": "-", "upazila": "Durgapur", "district": "Netrakona", "remarks": "-", "shwl__msl_": 9.25981, "slwl__msl_": 2.91522, "longitude": 90.682262, "latitude": 24.982370999999997}}, {"type": "Feature", "id": 113, "geometry": {"type": "Point", "coordinates": [88.94857100000007, 24.888802000000055]}, "properties": {"objectid": 113, "id": "IWM_260", "bridge_loc": "B_260_Baluvera Bridge", "authority": "LGED", "river_name": "Little Jamuna", "river_widt": 68.23, "bridge_len": "120.670", "no_of_pill": "2", "no_of_span": "3", "minimum_so": "18.032", "maximum_so": "18.053", "horizontal": "37.900", "upazila": "Badalgasi", "district": "Naogaon", "remarks": "-", "shwl__msl_": 15.1576, "slwl__msl_": 7.9471099999999995, "longitude": 88.948571, "latitude": 24.888802}}, {"type": "Feature", "id": 114, "geometry": {"type": "Point", "coordinates": [88.95717600000006, 24.863546000000042]}, "properties": {"objectid": 114, "id": "IWM_262", "bridge_loc": "B_262_Noorjahan Dighi Bridge", "authority": "LGED", "river_name": "Little Jamuna", "river_widt": 64.3, "bridge_len": "103.200", "no_of_pill": "5", "no_of_span": "6", "minimum_so": "15.304", "maximum_so": "17.316", "horizontal": "17.720", "upazila": "Noagaon Sadar", "district": "Noagaon", "remarks": "-", "shwl__msl_": 14.8729, "slwl__msl_": 7.42545, "longitude": 88.957176, "latitude": 24.863546}}, {"type": "Feature", "id": 115, "geometry": {"type": "Point", "coordinates": [88.93384800000007, 24.83818400000007]}, "properties": {"objectid": 115, "id": "IWM_251", "bridge_loc": "B_251_Bypass Bridge", "authority": "RHD", "river_name": "Little Jamuna", "river_widt": 106, "bridge_len": "112.400", "no_of_pill": "2", "no_of_span": "3", "minimum_so": "17.696", "maximum_so": "18.616", "horizontal": "35.620", "upazila": "Noagaon Sadar", "district": "Noagaon", "remarks": "-", "shwl__msl_": 14.6253, "slwl__msl_": 7.0875200000000005, "longitude": 88.93384800000001, "latitude": 24.838184000000002}}, {"type": "Feature", "id": 116, "geometry": {"type": "Point", "coordinates": [88.94509100000005, 24.818854000000044]}, "properties": {"objectid": 116, "id": "IWM_258", "bridge_loc": "B_258_Uttara Bridge", "authority": "LGED", "river_name": "Little Jamuna", "river_widt": 60, "bridge_len": "72.500", "no_of_pill": "2", "no_of_span": "3", "minimum_so": "16.122", "maximum_so": "16.176", "horizontal": "22.000", "upazila": "Noagaon Sadar", "district": "Noagaon", "remarks": "-", "shwl__msl_": 14.4999, "slwl__msl_": 6.91837, "longitude": 88.94509099999999, "latitude": 24.818853999999998}}, {"type": "Feature", "id": 117, "geometry": {"type": "Point", "coordinates": [88.94638500000008, 24.807968000000074]}, "properties": {"objectid": 117, "id": "IWM_259", "bridge_loc": "B_259_Liton Bridge", "authority": "RHD", "river_name": "Little Jamuna", "river_widt": 68.3, "bridge_len": "99.500", "no_of_pill": "2", "no_of_span": "3", "minimum_so": "16.308", "maximum_so": "16.334", "horizontal": "33.350", "upazila": "Noagaon Sadar", "district": "Noagaon", "remarks": "-", "shwl__msl_": 14.4443, "slwl__msl_": 6.834420000000001, "longitude": 88.94638499999999, "latitude": 24.807968}}, {"type": "Feature", "id": 118, "geometry": {"type": "Point", "coordinates": [88.94313000000005, 24.793349000000035]}, "properties": {"objectid": 118, "id": "IWM_257", "bridge_loc": "B_257_Gabtoli Bridge", "authority": "LGED", "river_name": "Little Jamuna", "river_widt": 77.82, "bridge_len": "86.960", "no_of_pill": "4", "no_of_span": "5", "minimum_so": "16.915", "maximum_so": "17.589", "horizontal": "15.900", "upazila": "Noagaon Sadar", "district": "Noagaon", "remarks": "-", "shwl__msl_": 14.3755, "slwl__msl_": 6.80999, "longitude": 88.94313, "latitude": 24.793349}}, {"type": "Feature", "id": 119, "geometry": {"type": "Point", "coordinates": [88.30059300000005, 24.825055000000077]}, "properties": {"objectid": 119, "id": "IWM_230", "bridge_loc": "B_230 _Sayed Sultan Bridge", "authority": "RHD", "river_name": "Mohananda", "river_widt": 194.78, "bridge_len": "374.800", "no_of_pill": "9", "no_of_span": "10", "minimum_so": "27.146", "maximum_so": "27.696", "horizontal": "33.580", "upazila": "Gomostapur", "district": "Nowabganj", "remarks": "-", "shwl__msl_": 20.8704, "slwl__msl_": 11.5408, "longitude": 88.300593, "latitude": 24.825055}}, {"type": "Feature", "id": 120, "geometry": {"type": "Point", "coordinates": [89.98440600000004, 24.865649000000076]}, "properties": {"objectid": 120, "id": "IWM_377", "bridge_loc": "377 Godashimla Bridge", "authority": "-", "river_name": "Khial", "river_widt": 11.3, "bridge_len": "12.710", "no_of_pill": "-", "no_of_span": "1", "minimum_so": "16.605", "maximum_so": "16.663", "horizontal": "11.300", "upazila": "Jamalpur Sadar", "district": "Jamalpur", "remarks": "-", "shwl__msl_": 15.337, "slwl__msl_": 8.89263, "longitude": 89.98440599999999, "latitude": 24.865649}}, {"type": "Feature", "id": 121, "geometry": {"type": "Point", "coordinates": [91.86808200000007, 24.887616000000037]}, "properties": {"objectid": 121, "id": "IWM_216", "bridge_loc": "B-216 Keam Bridge", "authority": "RHD", "river_name": "Surma", "river_widt": 135.18, "bridge_len": "350.340", "no_of_pill": "16", "no_of_span": "17", "minimum_so": "21.528", "maximum_so": "21.529", "horizontal": "72.150", "upazila": "Sylhet Sadar", "district": "Sylhet", "remarks": "-", "shwl__msl_": 10.1874, "slwl__msl_": 1.1016199999999998, "longitude": 91.868082, "latitude": 24.887615999999998}}, {"type": "Feature", "id": 122, "geometry": {"type": "Point", "coordinates": [91.85955600000005, 24.88688300000007]}, "properties": {"objectid": 122, "id": "IWM_214", "bridge_loc": "B-214 Selfi Bridge", "authority": "RHD", "river_name": "Surma", "river_widt": 188.46, "bridge_len": "391.680", "no_of_pill": "8", "no_of_span": "9", "minimum_so": "18.130", "maximum_so": "18.567", "horizontal": "32.900", "upazila": "Sylhet Sadar", "district": "Sylhet", "remarks": "-", "shwl__msl_": 10.1554, "slwl__msl_": 1.09, "longitude": 91.859556, "latitude": 24.886883}}, {"type": "Feature", "id": 123, "geometry": {"type": "Point", "coordinates": [91.93002600000005, 24.86555100000004]}, "properties": {"objectid": 123, "id": "IWM_220", "bridge_loc": "B-220 Shaporan Bridge", "authority": "-", "river_name": "Surma", "river_widt": 185.1, "bridge_len": "391.860", "no_of_pill": "8", "no_of_span": "9", "minimum_so": "18.177", "maximum_so": "18.751", "horizontal": "37.770", "upazila": "Sylhet Sadar", "district": "Sylhet", "remarks": "-", "shwl__msl_": 10.5483, "slwl__msl_": 1.3897, "longitude": 91.93002600000001, "latitude": 24.865551}}, {"type": "Feature", "id": 124, "geometry": {"type": "Point", "coordinates": [92.20797600000003, 24.884686000000045]}, "properties": {"objectid": 124, "id": "IWM_226", "bridge_loc": "B-226 Shewla Bridge", "authority": "RHD", "river_name": "Kushiyara", "river_widt": 472, "bridge_len": "225.000", "no_of_pill": "4", "no_of_span": "5", "minimum_so": "22.600", "maximum_so": "22.620", "horizontal": "83.000", "upazila": "Beani Bazar", "district": "Sylhet", "remarks": "-", "shwl__msl_": 13.199, "slwl__msl_": 3.35881, "longitude": 92.207976, "latitude": 24.884686}}, {"type": "Feature", "id": 125, "geometry": {"type": "Point", "coordinates": [92.07374200000004, 24.809060000000045]}, "properties": {"objectid": 125, "id": "IWM_223", "bridge_loc": "B-223 Chandpur Sunampur Bridge", "authority": "-", "river_name": "Kushiyara", "river_widt": 170.4, "bridge_len": "248.700", "no_of_pill": "6", "no_of_span": "7", "minimum_so": "22.793", "maximum_so": "23.163", "horizontal": "30.840", "upazila": "Golabganj", "district": "Sylhet", "remarks": "-", "shwl__msl_": 11.7263, "slwl__msl_": 2.7604, "longitude": 92.073742, "latitude": 24.809060000000002}}, {"type": "Feature", "id": 126, "geometry": {"type": "Point", "coordinates": [91.89994300000006, 24.878291000000047]}, "properties": {"objectid": 126, "id": "IWM_Ex-114", "bridge_loc": "Ex-114 Kushighat Bamboo Sako", "authority": "-", "river_name": "Kusi", "river_widt": 0, "bridge_len": "-", "no_of_pill": "-", "no_of_span": "1", "minimum_so": "-", "maximum_so": "-", "horizontal": "-", "upazila": "Sylhet Sadar", "district": "Sylhet", "remarks": "Bamboo sako", "shwl__msl_": 10.3616, "slwl__msl_": 1.24129, "longitude": 91.89994300000001, "latitude": 24.878291}}, {"type": "Feature", "id": 127, "geometry": {"type": "Point", "coordinates": [91.90454700000004, 24.878198000000054]}, "properties": {"objectid": 127, "id": "IWM_Ex-115", "bridge_loc": "Ex-115 Kusighat Bridge", "authority": "-", "river_name": "Kusi", "river_widt": 26, "bridge_len": "30.980", "no_of_pill": "2", "no_of_span": "3", "minimum_so": "12.247", "maximum_so": "12.325", "horizontal": "5.300", "upazila": "Sylhet Sadar", "district": "Sylhet", "remarks": "-", "shwl__msl_": 10.3813, "slwl__msl_": 1.25739, "longitude": 91.904547, "latitude": 24.878198}}, {"type": "Feature", "id": 128, "geometry": {"type": "Point", "coordinates": [91.91873400000009, 24.879060000000038]}, "properties": {"objectid": 128, "id": "IWM_Ex-116", "bridge_loc": "Ex-116 Shaporam Uposohar Bridge", "authority": "-", "river_name": "Kusi", "river_widt": 38, "bridge_len": "44.980", "no_of_pill": "4", "no_of_span": "5", "minimum_so": "12.339", "maximum_so": "12.360", "horizontal": "7.700", "upazila": "Sylhet Sadar", "district": "Sylhet", "remarks": "-", "shwl__msl_": 10.4548, "slwl__msl_": 1.31945, "longitude": 91.918734, "latitude": 24.879060000000003}}, {"type": "Feature", "id": 129, "geometry": {"type": "Point", "coordinates": [91.93187900000004, 24.884916000000032]}, "properties": {"objectid": 129, "id": "IWM_Ex-117", "bridge_loc": "Ex-117 Pachgari Cc Pipe", "authority": "-", "river_name": "Kusi", "river_widt": 32.55, "bridge_len": "-", "no_of_pill": "-", "no_of_span": "1", "minimum_so": "-", "maximum_so": "-", "horizontal": "-", "upazila": "Sylhet Sadar", "district": "Sylhet", "remarks": "CC pipe", "shwl__msl_": 10.5085, "slwl__msl_": 1.37207, "longitude": 91.931879, "latitude": 24.884916}}, {"type": "Feature", "id": 130, "geometry": {"type": "Point", "coordinates": [91.94349900000003, 24.88863800000007]}, "properties": {"objectid": 130, "id": "IWM_Ex-118", "bridge_loc": "Ex-118 Bypass Murodpur Bridge", "authority": "-", "river_name": "Kusi", "river_widt": 29, "bridge_len": "44.890", "no_of_pill": "2", "no_of_span": "3", "minimum_so": "13.579", "maximum_so": "13.588", "horizontal": "11.260", "upazila": "Sylhet Sadar", "district": "Sylhet", "remarks": "-", "shwl__msl_": 10.5756, "slwl__msl_": 1.43026, "longitude": 91.943499, "latitude": 24.888638}}, {"type": "Feature", "id": 131, "geometry": {"type": "Point", "coordinates": [91.96463400000005, 24.887649000000067]}, "properties": {"objectid": 131, "id": "IWM_Ex-119", "bridge_loc": "Ex-119 No Bridge", "authority": "-", "river_name": "-", "river_widt": 0, "bridge_len": "-", "no_of_pill": "-", "no_of_span": "-", "minimum_so": "-", "maximum_so": "-", "horizontal": "-", "upazila": "Sylhet Sadar", "district": "Sylhet", "remarks": "No bridge", "shwl__msl_": 10.7285, "slwl__msl_": 1.55288, "longitude": 91.964634, "latitude": 24.887649}}, {"type": "Feature", "id": 132, "geometry": {"type": "Point", "coordinates": [91.35618600000004, 24.79188000000005]}, "properties": {"objectid": 132, "id": "IWM_Ex-131", "bridge_loc": "Ex-131 Kalni Bridge", "authority": "LGED", "river_name": "Kalni", "river_widt": 134.79, "bridge_len": "210.160", "no_of_pill": "4", "no_of_span": "5", "minimum_so": "13.245", "maximum_so": "13.525", "horizontal": "29.190", "upazila": "Derai", "district": "Sunamganj", "remarks": "-", "shwl__msl_": 6.9900400000000005, "slwl__msl_": 0.6434820000000001, "longitude": 91.356186, "latitude": 24.79188}}, {"type": "Feature", "id": 133, "geometry": {"type": "Point", "coordinates": [90.72551200000004, 24.884649000000024]}, "properties": {"objectid": 133, "id": "IWM_163", "bridge_loc": "163 Sharmoshia Bridge", "authority": "LGED", "river_name": "Mogra", "river_widt": 58.6, "bridge_len": "85.680", "no_of_pill": "4", "no_of_span": "5", "minimum_so": "8.631", "maximum_so": "9.036", "horizontal": "13.420", "upazila": "Netrakona Sadar", "district": "Netrakona", "remarks": "-", "shwl__msl_": 7.51783, "slwl__msl_": 1.4868700000000001, "longitude": 90.725512, "latitude": 24.884649}}, {"type": "Feature", "id": 134, "geometry": {"type": "Point", "coordinates": [90.78717400000005, 24.826721000000077]}, "properties": {"objectid": 134, "id": "IWM_159", "bridge_loc": "159 Gagra Bridge", "authority": "LGED", "river_name": "Mogra", "river_widt": 52.48, "bridge_len": "57.160", "no_of_pill": "4", "no_of_span": "5", "minimum_so": "8.721", "maximum_so": "9.081", "horizontal": "15.390", "upazila": "Atpara", "district": "Netrakona", "remarks": "-", "shwl__msl_": 7.3, "slwl__msl_": 1.31002, "longitude": 90.787174, "latitude": 24.826721}}, {"type": "Feature", "id": 135, "geometry": {"type": "Point", "coordinates": [90.76408400000008, 24.840153000000043]}, "properties": {"objectid": 135, "id": "IWM_155", "bridge_loc": "155 Dawpur Bridge", "authority": "LGED", "river_name": "Mogra", "river_widt": 67.53, "bridge_len": "105.340", "no_of_pill": "3", "no_of_span": "4", "minimum_so": "8.691", "maximum_so": "9.271", "horizontal": "19.560", "upazila": "Netrakona Sadar", "district": "Netrakona", "remarks": "-", "shwl__msl_": 7.3682099999999995, "slwl__msl_": 1.36912, "longitude": 90.764084, "latitude": 24.840153}}, {"type": "Feature", "id": 136, "geometry": {"type": "Point", "coordinates": [90.73733900000008, 24.88076700000005]}, "properties": {"objectid": 136, "id": "IWM_151", "bridge_loc": "151 Patpotty Bridge", "authority": "LGED", "river_name": "Mogra", "river_widt": 46.15, "bridge_len": "59.450", "no_of_pill": "2", "no_of_span": "3", "minimum_so": "8.251", "maximum_so": "8.451", "horizontal": "21.890", "upazila": "Netrakona Sadar", "district": "Netrakona", "remarks": "-", "shwl__msl_": 7.46954, "slwl__msl_": 1.4428800000000002, "longitude": 90.737339, "latitude": 24.880767000000002}}, {"type": "Feature", "id": 137, "geometry": {"type": "Point", "coordinates": [90.72916000000004, 24.87399000000005]}, "properties": {"objectid": 137, "id": "IWM_146", "bridge_loc": "146 Moktarpara Boro Bridge", "authority": "RHD", "river_name": "Mogra", "river_widt": 60.09, "bridge_len": "71.730", "no_of_pill": "2", "no_of_span": "3", "minimum_so": "8.341", "maximum_so": "8.821", "horizontal": "31.750", "upazila": "Netrakona Sadar", "district": "Netrakona", "remarks": "-", "shwl__msl_": 7.4808900000000005, "slwl__msl_": 1.46, "longitude": 90.72916000000001, "latitude": 24.87399}}, {"type": "Feature", "id": 138, "geometry": {"type": "Point", "coordinates": [90.73328800000007, 24.87935200000004]}, "properties": {"objectid": 138, "id": "IWM_149", "bridge_loc": "149 Katli Bridge", "authority": "LGED", "river_name": "-", "river_widt": 44.14, "bridge_len": "60.660", "no_of_pill": "2", "no_of_span": "3", "minimum_so": "8.841", "maximum_so": "8.861", "horizontal": "19.030", "upazila": "Netrakona Sadar", "district": "Netrakona", "remarks": "-", "shwl__msl_": 7.4709, "slwl__msl_": 1.4506700000000001, "longitude": 90.733288, "latitude": 24.879352}}, {"type": "Feature", "id": 139, "geometry": {"type": "Point", "coordinates": [90.72940500000004, 24.88008700000006]}, "properties": {"objectid": 139, "id": "IWM_147", "bridge_loc": "147 Moktar Para Bridge", "authority": "LGED", "river_name": "Mogra", "river_widt": 51.67, "bridge_len": "71.690", "no_of_pill": "3", "no_of_span": "4", "minimum_so": "7.531", "maximum_so": "8.001", "horizontal": "16.710", "upazila": "Netrakona Sadar", "district": "Netrakona", "remarks": "-", "shwl__msl_": 7.490460000000001, "slwl__msl_": 1.46759, "longitude": 90.729405, "latitude": 24.880087}}, {"type": "Feature", "id": 140, "geometry": {"type": "Point", "coordinates": [90.72154000000006, 24.87676300000004]}, "properties": {"objectid": 140, "id": "IWM_145", "bridge_loc": "145 Ananda Bazar Bridge", "authority": "LGED", "river_name": "Mogra", "river_widt": 53.32, "bridge_len": "60.920", "no_of_pill": "2", "no_of_span": "3", "minimum_so": "10.111", "maximum_so": "10.111", "horizontal": "17.830", "upazila": "Netrakona Sadar", "district": "Netrakona", "remarks": "-", "shwl__msl_": 7.56107, "slwl__msl_": 1.5209300000000001, "longitude": 90.72154, "latitude": 24.876763}}, {"type": "Feature", "id": 141, "geometry": {"type": "Point", "coordinates": [90.73037900000008, 24.885256000000027]}, "properties": {"objectid": 141, "id": "IWM_148", "bridge_loc": "148 Nagra Baily Bridge", "authority": "LGED", "river_name": "Mogra", "river_widt": 46.94, "bridge_len": "55.720", "no_of_pill": "3", "no_of_span": "4", "minimum_so": "9.461", "maximum_so": "9.541", "horizontal": "11.920", "upazila": "Netrakona Sadar", "district": "Netrakona", "remarks": "-", "shwl__msl_": 7.5, "slwl__msl_": 1.47, "longitude": 90.730379, "latitude": 24.885256000000002}}, {"type": "Feature", "id": 142, "geometry": {"type": "Point", "coordinates": [90.86680300000006, 24.80745100000007]}, "properties": {"objectid": 142, "id": "IWM_176", "bridge_loc": "176 Atpara Bridge", "authority": "LGED", "river_name": "Magra", "river_widt": 64.23, "bridge_len": "90.360", "no_of_pill": "4", "no_of_span": "5", "minimum_so": "9.079", "maximum_so": "9.763", "horizontal": "16.710", "upazila": "Atpara", "district": "Netrakona", "remarks": "-", "shwl__msl_": 7.0910400000000005, "slwl__msl_": 1.1599, "longitude": 90.866803, "latitude": 24.807451}}, {"type": "Feature", "id": 143, "geometry": {"type": "Point", "coordinates": [90.93434000000008, 24.877946000000065]}, "properties": {"objectid": 143, "id": "IWM_183", "bridge_loc": "183 Mollikpur Bridge", "authority": "LGED", "river_name": "Kongso", "river_widt": 49.26, "bridge_len": "80.220", "no_of_pill": "3", "no_of_span": "4", "minimum_so": "9.360", "maximum_so": "9.590", "horizontal": "16.990", "upazila": "Barhatta", "district": "Netrakona", "remarks": "-", "shwl__msl_": 7.4381, "slwl__msl_": 2.08, "longitude": 90.93433999999999, "latitude": 24.877946}}, {"type": "Feature", "id": 144, "geometry": {"type": "Point", "coordinates": [90.97634000000005, 24.87605700000006]}, "properties": {"objectid": 144, "id": "IWM_190", "bridge_loc": "190 Alokdiar Bridge", "authority": "LGED", "river_name": "Kongso", "river_widt": 53.4, "bridge_len": "75.260", "no_of_pill": "4", "no_of_span": "5", "minimum_so": "8.590", "maximum_so": "8.910", "horizontal": "11.340", "upazila": "Mohonganj", "district": "Netrakona", "remarks": "-", "shwl__msl_": 7.27912, "slwl__msl_": 2.0757, "longitude": 90.97634, "latitude": 24.876057000000003}}, {"type": "Feature", "id": 145, "geometry": {"type": "Point", "coordinates": [90.67932500000006, 24.870597000000032]}, "properties": {"objectid": 145, "id": "IWM_140", "bridge_loc": "140 Pagla Bridge", "authority": "LGED", "river_name": "Mogra", "river_widt": 44.53, "bridge_len": "89.770", "no_of_pill": "4", "no_of_span": "5", "minimum_so": "10.370", "maximum_so": "10.677", "horizontal": "15.110", "upazila": "Netrakona Sadar", "district": "Netrakona", "remarks": "-", "shwl__msl_": 8.04012, "slwl__msl_": 1.9159300000000001, "longitude": 90.67932499999999, "latitude": 24.870597}}, {"type": "Feature", "id": 146, "geometry": {"type": "Point", "coordinates": [90.64851400000003, 24.88580200000007]}, "properties": {"objectid": 146, "id": "IWM_822", "bridge_loc": "822 Doyalganj Bridge", "authority": "LGED", "river_name": "Mogra", "river_widt": 46.93, "bridge_len": "68.740", "no_of_pill": "2", "no_of_span": "3", "minimum_so": "10.210", "maximum_so": "10.250", "horizontal": "21.260", "upazila": "Netrakona Sadar", "district": "Netrakona", "remarks": "-", "shwl__msl_": 8.28903, "slwl__msl_": 2.11808, "longitude": 90.64851399999999, "latitude": 24.885801999999998}}, {"type": "Feature", "id": 147, "geometry": {"type": "Point", "coordinates": [91.87945500000006, 24.881894000000045]}, "properties": {"objectid": 147, "id": "IWM_217", "bridge_loc": "B-217-Shajalal", "authority": "RHD", "river_name": "Surma", "river_widt": 187.98, "bridge_len": "304.000", "no_of_pill": "6", "no_of_span": "7", "minimum_so": "17.432", "maximum_so": "18.178", "horizontal": "38.590", "upazila": "-", "district": "-", "remarks": "Insufficent WL data", "shwl__msl_": 10.2529, "slwl__msl_": 1.15283, "longitude": 91.87945500000001, "latitude": 24.881894}}, {"type": "Feature", "id": 148, "geometry": {"type": "Point", "coordinates": [88.92647400000004, 24.697036000000026]}, "properties": {"objectid": 148, "id": "IWM_783", "bridge_loc": "B_783_Betgati Mukti Jodda Bridge", "authority": "LGED", "river_name": "Little Jamuna", "river_widt": 109.07, "bridge_len": "114.800", "no_of_pill": "4", "no_of_span": "5", "minimum_so": "16.180", "maximum_so": "16.520", "horizontal": "20.980", "upazila": "Atrai", "district": "Noagaon", "remarks": "-", "shwl__msl_": 13.9034, "slwl__msl_": 6.72805, "longitude": 88.926474, "latitude": 24.697036}}, {"type": "Feature", "id": 149, "geometry": {"type": "Point", "coordinates": [88.91659500000009, 24.689479000000063]}, "properties": {"objectid": 149, "id": "IWM_247", "bridge_loc": "B_247_Khidrakalikapon Bridge (Bamboo)", "authority": "-", "river_name": "Little Jamuna", "river_widt": 0, "bridge_len": "-", "no_of_pill": "-", "no_of_span": "-", "minimum_so": "-", "maximum_so": "-", "horizontal": "-", "upazila": "Atrai", "district": "Noagaon", "remarks": "Bamboo sako", "shwl__msl_": 13.8574, "slwl__msl_": 6.739809999999999, "longitude": 88.916595, "latitude": 24.689479}}, {"type": "Feature", "id": 150, "geometry": {"type": "Point", "coordinates": [88.92014800000004, 24.670475000000067]}, "properties": {"objectid": 150, "id": "IWM_248", "bridge_loc": "B_248_Atgram Bridge (Bamboo)", "authority": "-", "river_name": "Little Jamuna", "river_widt": 0, "bridge_len": "-", "no_of_pill": "-", "no_of_span": "-", "minimum_so": "-", "maximum_so": "-", "horizontal": "-", "upazila": "Atrai", "district": "Noagaon", "remarks": "Bamboo sako", "shwl__msl_": 13.7393, "slwl__msl_": 6.69894, "longitude": 88.92014800000001, "latitude": 24.670475}}, {"type": "Feature", "id": 151, "geometry": {"type": "Point", "coordinates": [88.93523000000005, 24.666986000000065]}, "properties": {"objectid": 151, "id": "IWM_253", "bridge_loc": "B_253_Mirapur Bridge (Bamboo)", "authority": "RHD", "river_name": "Little Jamuna", "river_widt": 0, "bridge_len": "-", "no_of_pill": "-", "no_of_span": "-", "minimum_so": "-", "maximum_so": "-", "horizontal": "-", "upazila": "Atrai", "district": "Noagaon", "remarks": "Bamboo sako", "shwl__msl_": 13.67, "slwl__msl_": 6.68, "longitude": 88.93522999999999, "latitude": 24.666985999999998}}, {"type": "Feature", "id": 152, "geometry": {"type": "Point", "coordinates": [88.93694300000004, 24.733040000000074]}, "properties": {"objectid": 152, "id": "IWM_784", "bridge_loc": "B_784_Bamboo Bridge", "authority": "RHD", "river_name": "Little Jamuna", "river_widt": 0, "bridge_len": "-", "no_of_pill": "-", "no_of_span": "-", "minimum_so": "12.454", "maximum_so": "12.454", "horizontal": "-", "upazila": "Noagaon Sadar", "district": "Noagaon", "remarks": "-", "shwl__msl_": 14.1121, "slwl__msl_": 6.76105, "longitude": 88.936943, "latitude": 24.73304}}, {"type": "Feature", "id": 153, "geometry": {"type": "Point", "coordinates": [88.93652200000008, 24.73264000000006]}, "properties": {"objectid": 153, "id": "IWM_254", "bridge_loc": "B_254_Nagar Bridge", "authority": "LGED", "river_name": "Little Jamuna", "river_widt": 93.97, "bridge_len": "99.760", "no_of_pill": "4", "no_of_span": "5", "minimum_so": "18.278", "maximum_so": "18.490", "horizontal": "18.650", "upazila": "Noagaon Sadar", "district": "Noagaon", "remarks": "-", "shwl__msl_": 14.1053, "slwl__msl_": 6.76166, "longitude": 88.936522, "latitude": 24.73264}}, {"type": "Feature", "id": 154, "geometry": {"type": "Point", "coordinates": [88.86689400000006, 24.69238100000007]}, "properties": {"objectid": 154, "id": "IWM_375", "bridge_loc": "B_375_Bandaikhara Bridge", "authority": "LGED", "river_name": "Atari", "river_widt": 93.6, "bridge_len": "175.500", "no_of_pill": "5", "no_of_span": "6", "minimum_so": "20.053", "maximum_so": "20.368", "horizontal": "21.310", "upazila": "Atrai", "district": "Noagaon", "remarks": "-", "shwl__msl_": 14.1494, "slwl__msl_": 8.12557, "longitude": 88.866894, "latitude": 24.692381}}, {"type": "Feature", "id": 155, "geometry": {"type": "Point", "coordinates": [89.49714200000005, 24.665147000000047]}, "properties": {"objectid": 155, "id": "IWM_413", "bridge_loc": "B-413-Bothubari Bridge", "authority": "RHD", "river_name": "Bangali River", "river_widt": 85.87, "bridge_len": "148.400", "no_of_pill": "3", "no_of_span": "4", "minimum_so": "16.734", "maximum_so": "16.824", "horizontal": "35.300", "upazila": "Dhunut", "district": "Bogra", "remarks": "-", "shwl__msl_": 13.9696, "slwl__msl_": 6.78363, "longitude": 89.497142, "latitude": 24.665146999999997}}, {"type": "Feature", "id": 156, "geometry": {"type": "Point", "coordinates": [89.90923300000009, 24.746938000000057]}, "properties": {"objectid": 156, "id": "IWM_465", "bridge_loc": "465 Bonogram Bridge", "authority": "-", "river_name": "Modhur Khal", "river_widt": 23.55, "bridge_len": "27.300", "no_of_pill": "2", "no_of_span": "3", "minimum_so": "16.091", "maximum_so": "16.136", "horizontal": "15.580", "upazila": "Sarishabari", "district": "Jamalpur", "remarks": "-", "shwl__msl_": 14.729800000000001, "slwl__msl_": 8.17051, "longitude": 89.909233, "latitude": 24.746938}}, {"type": "Feature", "id": 157, "geometry": {"type": "Point", "coordinates": [91.94170200000008, 24.70166100000006]}, "properties": {"objectid": 157, "id": "IWM_221", "bridge_loc": "B-221-Fensuganj Rail Bridge", "authority": "-", "river_name": "Kushiyara", "river_widt": 209, "bridge_len": "287.000", "no_of_pill": "8", "no_of_span": "9", "minimum_so": "20.716", "maximum_so": "20.840", "horizontal": "23.120", "upazila": "Fanchuganj", "district": "Sylhet", "remarks": "-", "shwl__msl_": 10.0658, "slwl__msl_": 2.14276, "longitude": 91.94170199999999, "latitude": 24.701660999999998}}, {"type": "Feature", "id": 158, "geometry": {"type": "Point", "coordinates": [91.93118300000003, 24.69710800000007]}, "properties": {"objectid": 158, "id": "IWM_219", "bridge_loc": "B-219 Kushiara Bridge", "authority": "RHD", "river_name": "Kushiyara", "river_widt": 218, "bridge_len": "276.000", "no_of_pill": "5", "no_of_span": "6", "minimum_so": "23.498", "maximum_so": "23.731", "horizontal": "37.650", "upazila": "Fanchuganj", "district": "Sylhet", "remarks": "-", "shwl__msl_": 10.0095, "slwl__msl_": 2.12887, "longitude": 91.931183, "latitude": 24.697108}}, {"type": "Feature", "id": 159, "geometry": {"type": "Point", "coordinates": [90.42418100000003, 24.749037000000044]}, "properties": {"objectid": 159, "id": "IWM_961", "bridge_loc": "961 Bramhaputra Bridge", "authority": "RHD", "river_name": "Old Bramaputra", "river_widt": 262.99, "bridge_len": "454.520", "no_of_pill": "12", "no_of_span": "13", "minimum_so": "16.423", "maximum_so": "16.641", "horizontal": "29.720", "upazila": "Mymensingh Sadar", "district": "Mymensingh", "remarks": "-", "shwl__msl_": 10.9747, "slwl__msl_": 3.8246200000000004, "longitude": 90.42418099999999, "latitude": 24.749036999999998}}, {"type": "Feature", "id": 160, "geometry": {"type": "Point", "coordinates": [90.42752300000006, 24.74223500000005]}, "properties": {"objectid": 160, "id": "IWM_961 A", "bridge_loc": "961 A Rail Bridge", "authority": "BR", "river_name": "Old Bramaputra", "river_widt": 186.77, "bridge_len": "299.670", "no_of_pill": "8", "no_of_span": "9", "minimum_so": "16.101", "maximum_so": "16.191", "horizontal": "26.630", "upazila": "Mymensingh Sadar", "district": "Mymensingh", "remarks": "-", "shwl__msl_": 10.9124, "slwl__msl_": 3.78154, "longitude": 90.427523, "latitude": 24.742235}}, {"type": "Feature", "id": 161, "geometry": {"type": "Point", "coordinates": [90.92304100000007, 24.768151000000046]}, "properties": {"objectid": 161, "id": "IWM_180", "bridge_loc": "180 Nazirganj Bridge", "authority": "LGED", "river_name": "Magra", "river_widt": 74.3, "bridge_len": "104.850", "no_of_pill": "4", "no_of_span": "5", "minimum_so": "9.310", "maximum_so": "9.750", "horizontal": "17.150", "upazila": "Atpara", "district": "Netrakona", "remarks": "-", "shwl__msl_": 6.96, "slwl__msl_": 1.05, "longitude": 90.923041, "latitude": 24.768151}}, {"type": "Feature", "id": 162, "geometry": {"type": "Point", "coordinates": [90.94720700000005, 24.72710200000006]}, "properties": {"objectid": 162, "id": "IWM_184", "bridge_loc": "184 Shibhati Bridge", "authority": "LGED", "river_name": "Magra", "river_widt": 53.57, "bridge_len": "83.830", "no_of_pill": "4", "no_of_span": "5", "minimum_so": "8.870", "maximum_so": "9.290", "horizontal": "14.420", "upazila": "Madan", "district": "Netrakona", "remarks": "-", "shwl__msl_": 6.86873, "slwl__msl_": 0.9787250000000001, "longitude": 90.94720699999999, "latitude": 24.727102}}, {"type": "Feature", "id": 163, "geometry": {"type": "Point", "coordinates": [90.95159800000005, 24.716699000000062]}, "properties": {"objectid": 163, "id": "IWM_185", "bridge_loc": "185 Madne Bridge", "authority": "LGED", "river_name": "Magra", "river_widt": 55.74, "bridge_len": "79.940", "no_of_pill": "4", "no_of_span": "5", "minimum_so": "8.350", "maximum_so": "8.680", "horizontal": "14.050", "upazila": "Madan", "district": "Netrakona", "remarks": "-", "shwl__msl_": 6.84989, "slwl__msl_": 0.960753, "longitude": 90.95159799999999, "latitude": 24.716699}}, {"type": "Feature", "id": 164, "geometry": {"type": "Point", "coordinates": [88.93762800000007, 24.640593000000024]}, "properties": {"objectid": 164, "id": "IWM_255", "bridge_loc": "B_255_Sutki Gacha Bridge", "authority": "LGED", "river_name": "Atrai", "river_widt": 133.18, "bridge_len": "135.890", "no_of_pill": "6", "no_of_span": "7", "minimum_so": "14.327", "maximum_so": "14.597", "horizontal": "18.030", "upazila": "Atrai", "district": "Noagaon", "remarks": "-", "shwl__msl_": 13.4883, "slwl__msl_": 6.65783, "longitude": 88.937628, "latitude": 24.640593}}, {"type": "Feature", "id": 165, "geometry": {"type": "Point", "coordinates": [88.93739100000005, 24.640578000000062]}, "properties": {"objectid": 165, "id": "IWM_376", "bridge_loc": "B_376_Sutki Gacha Rabber Dam", "authority": "-", "river_name": "Atrai", "river_widt": 134.48, "bridge_len": "135.650", "no_of_pill": "2", "no_of_span": "-", "minimum_so": "-", "maximum_so": "-", "horizontal": "44.090", "upazila": "Atrai", "district": "Noagaon", "remarks": "Rabar dam", "shwl__msl_": 13.4883, "slwl__msl_": 6.65783, "longitude": 88.93739099999999, "latitude": 24.640577999999998}}, {"type": "Feature", "id": 166, "geometry": {"type": "Point", "coordinates": [88.98068600000005, 24.611241000000064]}, "properties": {"objectid": 166, "id": "IWM_786", "bridge_loc": "B_786_Shahebganj Bridge", "authority": "LGED", "river_name": "Little Jamuna", "river_widt": 15, "bridge_len": "16.500", "no_of_pill": "-", "no_of_span": "1", "minimum_so": "14.163", "maximum_so": "14.193", "horizontal": "15.300", "upazila": "Atrai", "district": "Noagaon", "remarks": "-", "shwl__msl_": 13.1049, "slwl__msl_": 6.61013, "longitude": 88.98068599999999, "latitude": 24.611241}}, {"type": "Feature", "id": 167, "geometry": {"type": "Point", "coordinates": [88.97475800000007, 24.612340000000074]}, "properties": {"objectid": 167, "id": "IWM_263 (A)", "bridge_loc": "B_263 (A)_Atari Bridge", "authority": "RHD", "river_name": "Atrai", "river_widt": 90.2, "bridge_len": "146.260", "no_of_pill": "2", "no_of_span": "3", "minimum_so": "17.657", "maximum_so": "17.667", "horizontal": "43.200", "upazila": "Atrai", "district": "Noagaon", "remarks": "-", "shwl__msl_": 13.1332, "slwl__msl_": 6.61946, "longitude": 88.974758, "latitude": 24.61234}}, {"type": "Feature", "id": 168, "geometry": {"type": "Point", "coordinates": [88.97436500000003, 24.612480000000062]}, "properties": {"objectid": 168, "id": "IWM_263 (B)", "bridge_loc": "B_263 (B)_Atari Bridge", "authority": "RHD", "river_name": "Atrai", "river_widt": 91.5, "bridge_len": "142.800", "no_of_pill": "2", "no_of_span": "3", "minimum_so": "17.963", "maximum_so": "17.983", "horizontal": "44.200", "upazila": "Atrai", "district": "Noagaon", "remarks": "-", "shwl__msl_": 13.1375, "slwl__msl_": 6.619829999999999, "longitude": 88.974365, "latitude": 24.61248}}, {"type": "Feature", "id": 169, "geometry": {"type": "Point", "coordinates": [88.97456300000005, 24.612505000000056]}, "properties": {"objectid": 169, "id": "IWM_263", "bridge_loc": "B_263_Atrai Bridge", "authority": "RHD", "river_name": "Atrai", "river_widt": 91, "bridge_len": "142.850", "no_of_pill": "2", "no_of_span": "3", "minimum_so": "18.053", "maximum_so": "18.249", "horizontal": "46.300", "upazila": "Atrai", "district": "Noagaon", "remarks": "-", "shwl__msl_": 13.1375, "slwl__msl_": 6.619829999999999, "longitude": 88.974563, "latitude": 24.612505000000002}}, {"type": "Feature", "id": 170, "geometry": {"type": "Point", "coordinates": [88.97456300000005, 24.612505000000056]}, "properties": {"objectid": 170, "id": "IWM_263", "bridge_loc": "B_263_Atrai Bridge", "authority": "RHD", "river_name": "Atrai", "river_widt": 91, "bridge_len": "142.850", "no_of_pill": "2", "no_of_span": "3", "minimum_so": "18.053", "maximum_so": "18.249", "horizontal": "46.300", "upazila": "Atrai", "district": "Noagaon", "remarks": "-", "shwl__msl_": 13.1375, "slwl__msl_": 6.619829999999999, "longitude": 88.974563, "latitude": 24.612505000000002}}, {"type": "Feature", "id": 171, "geometry": {"type": "Point", "coordinates": [88.60947000000004, 24.63404600000007]}, "properties": {"objectid": 171, "id": "IWM_1021", "bridge_loc": "B_1021_Kamaegaon Bridge", "authority": "-", "river_name": "Sibo", "river_widt": 79.23, "bridge_len": "99.930", "no_of_pill": "5", "no_of_span": "6", "minimum_so": "15.440", "maximum_so": "15.480", "horizontal": "15.820", "upazila": "Noagaon Sadar", "district": "Noagaon", "remarks": "-", "shwl__msl_": 15.7472, "slwl__msl_": 9.62245, "longitude": 88.60946999999999, "latitude": 24.634046}}, {"type": "Feature", "id": 172, "geometry": {"type": "Point", "coordinates": [88.25469400000009, 24.600320000000067]}, "properties": {"objectid": 172, "id": "IWM_228", "bridge_loc": "B_228 _Mohananda Bridge", "authority": "RHD", "river_name": "Mohananda", "river_widt": 341.3, "bridge_len": "446.000", "no_of_pill": "10", "no_of_span": "11", "minimum_so": "23.479", "maximum_so": "23.619", "horizontal": "37.700", "upazila": "Nowabganj Sadar", "district": "Nowabganj", "remarks": "-", "shwl__msl_": 20.4184, "slwl__msl_": 11.0214, "longitude": 88.254694, "latitude": 24.60032}}, {"type": "Feature", "id": 173, "geometry": {"type": "Point", "coordinates": [89.43793800000003, 24.63367100000005]}, "properties": {"objectid": 173, "id": "IWM_711", "bridge_loc": "B-711-Mirzapur Bridge", "authority": "LGED", "river_name": "Karotoya", "river_widt": 54.96, "bridge_len": "62.500", "no_of_pill": "3", "no_of_span": "4", "minimum_so": "14.134", "maximum_so": "14.144", "horizontal": "14.500", "upazila": "Sherpur", "district": "Bogra", "remarks": "-", "shwl__msl_": 13.792, "slwl__msl_": 6.61873, "longitude": 89.437938, "latitude": 24.633671}}, {"type": "Feature", "id": 174, "geometry": {"type": "Point", "coordinates": [91.68036400000005, 24.629871000000037]}, "properties": {"objectid": 174, "id": "IWM_209", "bridge_loc": "B-209 Sherpur Bridge", "authority": "RHD", "river_name": "Kalni", "river_widt": 217, "bridge_len": "284.940", "no_of_pill": "2", "no_of_span": "3", "minimum_so": "17.249", "maximum_so": "17.499", "horizontal": "83.980", "upazila": "Balaganj", "district": "Sylhet", "remarks": "-", "shwl__msl_": 8.20958, "slwl__msl_": 1.6306100000000001, "longitude": 91.680364, "latitude": 24.629870999999998}}, {"type": "Feature", "id": 175, "geometry": {"type": "Point", "coordinates": [90.95883500000008, 24.65529200000003]}, "properties": {"objectid": 175, "id": "IWM_187", "bridge_loc": "187 Kalabari Bridge", "authority": "LGED", "river_name": "Magra", "river_widt": 57.81, "bridge_len": "80.030", "no_of_pill": "4", "no_of_span": "5", "minimum_so": "7.820", "maximum_so": "8.135", "horizontal": "12.470", "upazila": "Madan", "district": "Netrakona", "remarks": "-", "shwl__msl_": 6.68948, "slwl__msl_": 0.839593, "longitude": 90.958835, "latitude": 24.655292}}, {"type": "Feature", "id": 176, "geometry": {"type": "Point", "coordinates": [90.95886400000006, 24.65535600000004]}, "properties": {"objectid": 176, "id": "IWM_187", "bridge_loc": "187 Kalibari Bridge", "authority": "-", "river_name": "Mogra", "river_widt": 71.52, "bridge_len": "80.060", "no_of_pill": "4", "no_of_span": "5", "minimum_so": "7.980", "maximum_so": "8.250", "horizontal": "12.490", "upazila": "Madan", "district": "Netrakona", "remarks": "-", "shwl__msl_": 6.68948, "slwl__msl_": 0.839593, "longitude": 90.95886399999999, "latitude": 24.655356}}, {"type": "Feature", "id": 177, "geometry": {"type": "Point", "coordinates": [90.95560700000004, 24.625402000000065]}, "properties": {"objectid": 177, "id": "IWM_186", "bridge_loc": "186 Fatehpur Bridge", "authority": "LGED", "river_name": "Mogra", "river_widt": 51.09, "bridge_len": "53.860", "no_of_pill": "2", "no_of_span": "3", "minimum_so": "8.124", "maximum_so": "8.692", "horizontal": "15.100", "upazila": "Madan", "district": "Netrakona", "remarks": "-", "shwl__msl_": 6.6100900000000005, "slwl__msl_": 0.780091, "longitude": 90.955607, "latitude": 24.625401999999998}}, {"type": "Feature", "id": 178, "geometry": {"type": "Point", "coordinates": [88.99532500000004, 24.583522000000073]}, "properties": {"objectid": 178, "id": "IWM_787", "bridge_loc": "B_787_Moddo Boalia Bridge", "authority": "LGED", "river_name": "Atrai", "river_widt": 45.25, "bridge_len": "63.100", "no_of_pill": "5", "no_of_span": "6", "minimum_so": "13.399", "maximum_so": "13.473", "horizontal": "9.400", "upazila": "Atrai", "district": "Noagaon", "remarks": "-", "shwl__msl_": 12.9797, "slwl__msl_": 6.5198, "longitude": 88.995325, "latitude": 24.583522000000002}}, {"type": "Feature", "id": 179, "geometry": {"type": "Point", "coordinates": [88.24611600000009, 24.563882000000035]}, "properties": {"objectid": 179, "id": "IWM_227", "bridge_loc": "B_227 _Sheik Hasina Bridge", "authority": "RHD", "river_name": "Mohananda", "river_widt": 288, "bridge_len": "534.630", "no_of_pill": "12", "no_of_span": "13", "minimum_so": "25.250", "maximum_so": "26.351", "horizontal": "34.620", "upazila": "Nowabganj Sadar", "district": "Nowabganj", "remarks": "-", "shwl__msl_": 20.3317, "slwl__msl_": 10.5403, "longitude": 88.246116, "latitude": 24.563882}}, {"type": "Feature", "id": 180, "geometry": {"type": "Point", "coordinates": [91.73222900000007, 24.54829600000005]}, "properties": {"objectid": 180, "id": "IWM_210", "bridge_loc": "B-210 Notun Bridge", "authority": "RHD", "river_name": "Manu", "river_widt": 98, "bridge_len": "142.000", "no_of_pill": "6", "no_of_span": "7", "minimum_so": "13.009", "maximum_so": "13.439", "horizontal": "15.620", "upazila": "Moulovibazar Sadar", "district": "Moulovibazar", "remarks": "-", "shwl__msl_": 9.20662, "slwl__msl_": 3.00766, "longitude": 91.732229, "latitude": 24.548296}}, {"type": "Feature", "id": 181, "geometry": {"type": "Point", "coordinates": [90.51584900000006, 24.558595000000025]}, "properties": {"objectid": 181, "id": "IWM_962", "bridge_loc": "962 Balipara Setu", "authority": "RHD", "river_name": "Old Bramaputra", "river_widt": 216.49, "bridge_len": "477.600", "no_of_pill": "10", "no_of_span": "11", "minimum_so": "16.967", "maximum_so": "17.774", "horizontal": "38.070", "upazila": "Trishal", "district": "Mymensingh", "remarks": "-", "shwl__msl_": 9.20548, "slwl__msl_": 2.4602399999999998, "longitude": 90.515849, "latitude": 24.558595}}, {"type": "Feature", "id": 182, "geometry": {"type": "Point", "coordinates": [90.98123500000008, 24.58240600000005]}, "properties": {"objectid": 182, "id": "IWM_191", "bridge_loc": "191 Raitutu Bazar Bridge", "authority": "LGED", "river_name": "Mogra", "river_widt": 74.09, "bridge_len": "96.270", "no_of_pill": "2", "no_of_span": "3", "minimum_so": "8.752", "maximum_so": "8.790", "horizontal": "28.350", "upazila": "Itna", "district": "Kishoreganj", "remarks": "-", "shwl__msl_": 6.5048900000000005, "slwl__msl_": 0.695133, "longitude": 90.981235, "latitude": 24.582406}}, {"type": "Feature", "id": 183, "geometry": {"type": "Point", "coordinates": [91.01467500000007, 24.554755000000057]}, "properties": {"objectid": 183, "id": "IWM_Ex-94", "bridge_loc": "Ex-94 Borshikura Bridge (Under Construction)", "authority": "LGED", "river_name": "Ghorautra", "river_widt": 0, "bridge_len": "-", "no_of_pill": "15", "no_of_span": "16", "minimum_so": "-", "maximum_so": "-", "horizontal": "-", "upazila": "Itna", "district": "Kishoreganj", "remarks": "-", "shwl__msl_": 6.36897, "slwl__msl_": 0.5889949999999999, "longitude": 91.014675, "latitude": 24.554755}}, {"type": "Feature", "id": 184, "geometry": {"type": "Point", "coordinates": [89.18561500000004, 24.44887300000005]}, "properties": {"objectid": 184, "id": "IWM_274", "bridge_loc": "B_274_Fazlur Rahman Foni Bridge", "authority": "LGED", "river_name": "Atrai", "river_widt": 108.8, "bridge_len": "99.000", "no_of_pill": "4", "no_of_span": "5", "minimum_so": "13.246", "maximum_so": "14.144", "horizontal": "16.860", "upazila": "Singra", "district": "Natore", "remarks": "-", "shwl__msl_": 11.8798, "slwl__msl_": 5.79965, "longitude": 89.185615, "latitude": 24.448873}}, {"type": "Feature", "id": 185, "geometry": {"type": "Point", "coordinates": [89.13911300000007, 24.499903000000074]}, "properties": {"objectid": 185, "id": "IWM_272", "bridge_loc": "Singra Bridge", "authority": "RHD", "river_name": "Atrai", "river_widt": 81.77, "bridge_len": "123.920", "no_of_pill": "4", "no_of_span": "5", "minimum_so": "15.192", "maximum_so": "15.722", "horizontal": "26.500", "upazila": "Singra", "district": "Natore", "remarks": "-", "shwl__msl_": 11.9623, "slwl__msl_": 6.400860000000001, "longitude": 89.139113, "latitude": 24.499903}}, {"type": "Feature", "id": 186, "geometry": {"type": "Point", "coordinates": [89.16835500000008, 24.463096000000064]}, "properties": {"objectid": 186, "id": "IWM_274", "bridge_loc": "Balia Bari Bridge", "authority": "LGED", "river_name": "Atrai", "river_widt": 96, "bridge_len": "113.700", "no_of_pill": "5", "no_of_span": "6", "minimum_so": "15.099", "maximum_so": "15.142", "horizontal": "17.500", "upazila": "Singra", "district": "Natore", "remarks": "-", "shwl__msl_": 11.9, "slwl__msl_": 6.0222299999999995, "longitude": 89.168355, "latitude": 24.463096}}, {"type": "Feature", "id": 187, "geometry": {"type": "Point", "coordinates": [88.77704100000005, 24.543243000000075]}, "properties": {"objectid": 187, "id": "IWM_461", "bridge_loc": "B_461_Akdala Bridge", "authority": "LGED", "river_name": "Barnai", "river_widt": 85.5, "bridge_len": "84.800", "no_of_pill": "4", "no_of_span": "5", "minimum_so": "15.071", "maximum_so": "15.444", "horizontal": "15.400", "upazila": "Baghmara", "district": "Rajshahi", "remarks": "-", "shwl__msl_": 13.5701, "slwl__msl_": 7.41007, "longitude": 88.777041, "latitude": 24.543243}}, {"type": "Feature", "id": 188, "geometry": {"type": "Point", "coordinates": [88.67645100000004, 24.512893000000076]}, "properties": {"objectid": 188, "id": "IWM_459", "bridge_loc": "B_459_Dopaghata Bridge", "authority": "LGED", "river_name": "Barnai", "river_widt": 71.3, "bridge_len": "46.400", "no_of_pill": "4", "no_of_span": "5", "minimum_so": "15.174", "maximum_so": "15.904", "horizontal": "16.500", "upazila": "Mohanpur", "district": "Rajshahi", "remarks": "-", "shwl__msl_": 13.82, "slwl__msl_": 7.99177, "longitude": 88.676451, "latitude": 24.512893}}, {"type": "Feature", "id": 189, "geometry": {"type": "Point", "coordinates": [89.05687700000004, 24.490601000000026]}, "properties": {"objectid": 189, "id": "IWM_790", "bridge_loc": "B_790_Dakdol Bridge", "authority": "LGED", "river_name": "Atrai", "river_widt": 36, "bridge_len": "41.000", "no_of_pill": "3", "no_of_span": "4", "minimum_so": "13.798", "maximum_so": "14.088", "horizontal": "8.670", "upazila": "Singra", "district": "Natore", "remarks": "-", "shwl__msl_": 12.4896, "slwl__msl_": 6.17407, "longitude": 89.056877, "latitude": 24.490601}}, {"type": "Feature", "id": 190, "geometry": {"type": "Point", "coordinates": [89.08951900000005, 24.49407000000008]}, "properties": {"objectid": 190, "id": "IWM_628", "bridge_loc": "B_628_Raninagar Sluice Gate", "authority": "BWDB", "river_name": "Barnai", "river_widt": 39.83, "bridge_len": "26.000", "no_of_pill": "-", "no_of_span": "9", "minimum_so": "10.228", "maximum_so": "10.238", "horizontal": "2.360", "upazila": "Singra", "district": "Natore", "remarks": "-", "shwl__msl_": 12.3602, "slwl__msl_": 6.08022, "longitude": 89.089519, "latitude": 24.49407}}, {"type": "Feature", "id": 191, "geometry": {"type": "Point", "coordinates": [91.77389200000005, 24.49436000000003]}, "properties": {"objectid": 191, "id": "IWM_Ex-99", "bridge_loc": "B-Ex-99 Manu Bridge", "authority": "RHD", "river_name": "Manu", "river_widt": 90, "bridge_len": "151.870", "no_of_pill": "3", "no_of_span": "4", "minimum_so": "14.166", "maximum_so": "14.281", "horizontal": "19.450", "upazila": "Moulovibazar Sadar", "district": "Moulovibazar", "remarks": "-", "shwl__msl_": 10.2086, "slwl__msl_": 4.86555, "longitude": 91.77389199999999, "latitude": 24.49436}}, {"type": "Feature", "id": 192, "geometry": {"type": "Point", "coordinates": [91.80186100000003, 24.492065000000025]}, "properties": {"objectid": 192, "id": "IWM_Ex-100", "bridge_loc": "B-Ex-100 Monu Barage", "authority": "BWDB", "river_name": "Manu", "river_widt": 87.1, "bridge_len": "86.200", "no_of_pill": "-", "no_of_span": "8", "minimum_so": "14.540", "maximum_so": "14.540", "horizontal": "9.060", "upazila": "Moulovibazar Sadar", "district": "Moulovibazar", "remarks": "-", "shwl__msl_": 10.7888, "slwl__msl_": 5.56893, "longitude": 91.801861, "latitude": 24.492065}}, {"type": "Feature", "id": 193, "geometry": {"type": "Point", "coordinates": [90.55485100000004, 24.46690300000006]}, "properties": {"objectid": 193, "id": "IWM_911", "bridge_loc": "911 Goforgaon Bridge", "authority": "RHD", "river_name": "-", "river_widt": 343.66, "bridge_len": "810.210", "no_of_pill": "17", "no_of_span": "18", "minimum_so": "19.760", "maximum_so": "20.680", "horizontal": "35.440", "upazila": "Goforgaon", "district": "Mymensingh", "remarks": "-", "shwl__msl_": 8.50979, "slwl__msl_": 1.9242899999999998, "longitude": 90.554851, "latitude": 24.466903}}, {"type": "Feature", "id": 194, "geometry": {"type": "Point", "coordinates": [91.17655900000005, 24.45220400000005]}, "properties": {"objectid": 194, "id": "IWM_Ex-98", "bridge_loc": "Ex-98 Khaisab", "authority": "-", "river_name": "Danu", "river_widt": 0, "bridge_len": "-", "no_of_pill": "-", "no_of_span": "-", "minimum_so": "-", "maximum_so": "-", "horizontal": "-", "upazila": "Mithamoin", "district": "Kishoreganj", "remarks": "-", "shwl__msl_": 6.199940000000001, "slwl__msl_": 1.2227800000000002, "longitude": 91.176559, "latitude": 24.452204000000002}}, {"type": "Feature", "id": 195, "geometry": {"type": "Point", "coordinates": [91.09631000000007, 24.451684000000057]}, "properties": {"objectid": 195, "id": "IWM_Ex-97", "bridge_loc": "Ex-97 Dhaki Bridge", "authority": "RHD", "river_name": "Danu", "river_widt": 134.56, "bridge_len": "171.020", "no_of_pill": "4", "no_of_span": "5", "minimum_so": "15.452", "maximum_so": "16.349", "horizontal": "25.310", "upazila": "Mithamoin", "district": "Kishoreganj", "remarks": "-", "shwl__msl_": 6.1698200000000005, "slwl__msl_": 0.524226, "longitude": 91.09631, "latitude": 24.451684}}, {"type": "Feature", "id": 196, "geometry": {"type": "Point", "coordinates": [89.22556200000008, 24.421813000000043]}, "properties": {"objectid": 196, "id": "IWM_278", "bridge_loc": "B_278_Rabber Dam", "authority": "BWDB", "river_name": "Atrai", "river_widt": 464, "bridge_len": "46.400", "no_of_pill": "3", "no_of_span": "4", "minimum_so": "13.676", "maximum_so": "14.285", "horizontal": "9.300", "upazila": "Gurudaspur", "district": "Natore", "remarks": "-", "shwl__msl_": 11.8311, "slwl__msl_": 5.40542, "longitude": 89.225562, "latitude": 24.421813}}, {"type": "Feature", "id": 197, "geometry": {"type": "Point", "coordinates": [89.23889100000008, 24.401657000000057]}, "properties": {"objectid": 197, "id": "IWM_279", "bridge_loc": "B_279_Danda Nagar Bridge", "authority": "LGED", "river_name": "Atrai", "river_widt": 62, "bridge_len": "90.000", "no_of_pill": "4", "no_of_span": "5", "minimum_so": "14.435", "maximum_so": "14.840", "horizontal": "16.300", "upazila": "Gurudaspur", "district": "Natore", "remarks": "-", "shwl__msl_": 11.8089, "slwl__msl_": 5.203329999999999, "longitude": 89.238891, "latitude": 24.401657}}, {"type": "Feature", "id": 198, "geometry": {"type": "Point", "coordinates": [90.63525300000003, 24.412083000000052]}, "properties": {"objectid": 198, "id": "IWM_912", "bridge_loc": "912 Khorshidmohol Setu", "authority": "RHD", "river_name": "Old Bramaputra", "river_widt": 252.18, "bridge_len": "651.500", "no_of_pill": "14", "no_of_span": "15", "minimum_so": "17.010", "maximum_so": "17.282", "horizontal": "36.300", "upazila": "Goforgaon", "district": "Mymensingh", "remarks": "-", "shwl__msl_": 7.74582, "slwl__msl_": 1.33513, "longitude": 90.63525299999999, "latitude": 24.412083}}, {"type": "Feature", "id": 199, "geometry": {"type": "Point", "coordinates": [89.57318900000007, 24.31852200000003]}, "properties": {"objectid": 199, "id": "IWM_Extra-70", "bridge_loc": "B_Extra-70_Ramkantopur Bridge", "authority": "LGED", "river_name": "Gumani", "river_widt": 70, "bridge_len": "57.000", "no_of_pill": "2", "no_of_span": "3", "minimum_so": "11.770", "maximum_so": "11.800", "horizontal": "17.330", "upazila": "Ullapara", "district": "Sirajganj", "remarks": "-", "shwl__msl_": 11.7325, "slwl__msl_": 4.2935, "longitude": 89.573189, "latitude": 24.318522}}, {"type": "Feature", "id": 200, "geometry": {"type": "Point", "coordinates": [89.25416000000007, 24.369989000000032]}, "properties": {"objectid": 200, "id": "IWM_286", "bridge_loc": "B_286_Chanckorai Bridge", "authority": "RHD", "river_name": "Atrai", "river_widt": 93, "bridge_len": "124.860", "no_of_pill": "3", "no_of_span": "4", "minimum_so": "16.329", "maximum_so": "16.483", "horizontal": "20.560", "upazila": "Gurudaspur", "district": "Natore", "remarks": "-", "shwl__msl_": 11.77, "slwl__msl_": 4.9067799999999995, "longitude": 89.25416, "latitude": 24.369989}}, {"type": "Feature", "id": 201, "geometry": {"type": "Point", "coordinates": [89.31341900000007, 24.351077000000032]}, "properties": {"objectid": 201, "id": "IWM_291", "bridge_loc": "B_291_Bonpara Bridge", "authority": "RHD", "river_name": "Atrai", "river_widt": 86, "bridge_len": "150.000", "no_of_pill": "4", "no_of_span": "5", "minimum_so": "19.039", "maximum_so": "19.039", "horizontal": "28.200", "upazila": "Gurudaspur", "district": "Natore", "remarks": "-", "shwl__msl_": 11.7, "slwl__msl_": 4.47412, "longitude": 89.313419, "latitude": 24.351077}}, {"type": "Feature", "id": 202, "geometry": {"type": "Point", "coordinates": [89.24793200000005, 24.378359000000046]}, "properties": {"objectid": 202, "id": "IWM_284", "bridge_loc": "B_284_Kalarghat Bridge", "authority": "LGED", "river_name": "Atrai", "river_widt": 65, "bridge_len": "87.000", "no_of_pill": "4", "no_of_span": "5", "minimum_so": "14.000", "maximum_so": "14.038", "horizontal": "16.400", "upazila": "Gurudaspur", "district": "Natore", "remarks": "-", "shwl__msl_": 11.7805, "slwl__msl_": 4.98441, "longitude": 89.247932, "latitude": 24.378359}}, {"type": "Feature", "id": 203, "geometry": {"type": "Point", "coordinates": [89.24723000000006, 24.37487600000003]}, "properties": {"objectid": 203, "id": "IWM_283", "bridge_loc": "B_283_Chockoir Bridge", "authority": "LGED", "river_name": "Nondo", "river_widt": 69, "bridge_len": "91.000", "no_of_pill": "4", "no_of_span": "5", "minimum_so": "12.932", "maximum_so": "13.026", "horizontal": "19.560", "upazila": "Gurudaspur", "district": "Natore", "remarks": "-", "shwl__msl_": 11.79, "slwl__msl_": 4.97025, "longitude": 89.24723, "latitude": 24.374876}}, {"type": "Feature", "id": 204, "geometry": {"type": "Point", "coordinates": [89.24650000000008, 24.374833000000024]}, "properties": {"objectid": 204, "id": "IWM_443", "bridge_loc": "B_443_Bonpara Bridge", "authority": "LGED", "river_name": "Nondo", "river_widt": 69.5, "bridge_len": "99.700", "no_of_pill": "4", "no_of_span": "5", "minimum_so": "13.200", "maximum_so": "13.259", "horizontal": "18.600", "upazila": "Gurudaspur", "district": "Natore", "remarks": "-", "shwl__msl_": 11.7916, "slwl__msl_": 4.9793, "longitude": 89.2465, "latitude": 24.374833}}, {"type": "Feature", "id": 205, "geometry": {"type": "Point", "coordinates": [91.34385200000008, 24.326843000000054]}, "properties": {"objectid": 205, "id": "IWM_202", "bridge_loc": "202 Sutang Bridge", "authority": "RHD", "river_name": "Sutang", "river_widt": 48.77, "bridge_len": "82.100", "no_of_pill": "4", "no_of_span": "5", "minimum_so": "8.527", "maximum_so": "8.537", "horizontal": "38.360", "upazila": "Lakhai", "district": "Habiganj", "remarks": "-", "shwl__msl_": 7.45866, "slwl__msl_": 3.11159, "longitude": 91.343852, "latitude": 24.326843}}, {"type": "Feature", "id": 206, "geometry": {"type": "Point", "coordinates": [90.66170500000004, 24.34120000000007]}, "properties": {"objectid": 206, "id": "IWM_913", "bridge_loc": "913 Charfaradi Bridge", "authority": "LGED", "river_name": "-", "river_widt": 19.75, "bridge_len": "11.280", "no_of_pill": "-", "no_of_span": "1", "minimum_so": "9.558", "maximum_so": "9.558", "horizontal": "8.600", "upazila": "Pakundia", "district": "Kishoreganj", "remarks": "-", "shwl__msl_": 6.95038, "slwl__msl_": 0.7407320000000001, "longitude": 90.661705, "latitude": 24.3412}}, {"type": "Feature", "id": 207, "geometry": {"type": "Point", "coordinates": [89.57644500000004, 24.24270400000006]}, "properties": {"objectid": 207, "id": "IWM_216", "bridge_loc": "B_216_Garadoh Bridge", "authority": "RHD", "river_name": "Bengali", "river_widt": 169, "bridge_len": "315.000", "no_of_pill": "8", "no_of_span": "9", "minimum_so": "14.636", "maximum_so": "16.140", "horizontal": "27.600", "upazila": "Shahjadpur", "district": "Sirajganj", "remarks": "-", "shwl__msl_": 11.2822, "slwl__msl_": 3.69055, "longitude": 89.576445, "latitude": 24.242704}}, {"type": "Feature", "id": 208, "geometry": {"type": "Point", "coordinates": [89.59431000000006, 24.297900000000027]}, "properties": {"objectid": 208, "id": "IWM_220", "bridge_loc": "B_220_Ghatina Bridge", "authority": "-", "river_name": "Bengali", "river_widt": 146, "bridge_len": "237.660", "no_of_pill": "11", "no_of_span": "12", "minimum_so": "15.580", "maximum_so": "16.000", "horizontal": "16.000", "upazila": "Ullapara", "district": "Sirajganj", "remarks": "-", "shwl__msl_": 11.674, "slwl__msl_": 4.02508, "longitude": 89.59431000000001, "latitude": 24.2979}}, {"type": "Feature", "id": 209, "geometry": {"type": "Point", "coordinates": [89.59407100000004, 24.299240000000054]}, "properties": {"objectid": 209, "id": "IWM_419", "bridge_loc": "B_419_Ghatina Rail Bridge", "authority": "RHD", "river_name": "Bengali", "river_widt": 147.58, "bridge_len": "221.590", "no_of_pill": "5", "no_of_span": "6", "minimum_so": "17.930", "maximum_so": "18.110", "horizontal": "58.460", "upazila": "Ullapara", "district": "Sirajganj", "remarks": "-", "shwl__msl_": 11.681000000000001, "slwl__msl_": 4.03889, "longitude": 89.594071, "latitude": 24.299239999999998}}, {"type": "Feature", "id": 210, "geometry": {"type": "Point", "coordinates": [89.57913000000008, 24.30643500000008]}, "properties": {"objectid": 210, "id": "IWM_Extra-67", "bridge_loc": "B_Extra-67_Bamboo Sako", "authority": "-", "river_name": "-", "river_widt": 0, "bridge_len": "-", "no_of_pill": "-", "no_of_span": "-", "minimum_so": "-", "maximum_so": "-", "horizontal": "-", "upazila": "Ullapara", "district": "Sirajganj", "remarks": "Bamboo sako", "shwl__msl_": 11.6834, "slwl__msl_": 4.15375, "longitude": 89.57912999999999, "latitude": 24.306435}}, {"type": "Feature", "id": 211, "geometry": {"type": "Point", "coordinates": [89.57304300000004, 24.311286000000052]}, "properties": {"objectid": 211, "id": "IWM_Extra-68", "bridge_loc": "B_Extra-68_Bamboo Sako", "authority": "-", "river_name": "-", "river_widt": 0, "bridge_len": "-", "no_of_pill": "-", "no_of_span": "-", "minimum_so": "-", "maximum_so": "-", "horizontal": "-", "upazila": "Ullapara", "district": "Sirajganj", "remarks": "Bamboo sako", "shwl__msl_": 11.7037, "slwl__msl_": 4.19909, "longitude": 89.573043, "latitude": 24.311286}}, {"type": "Feature", "id": 212, "geometry": {"type": "Point", "coordinates": [89.57211900000004, 24.31283600000006]}, "properties": {"objectid": 212, "id": "IWM_Extra-69", "bridge_loc": "B_Extra-69_Patbondor Bridge", "authority": "-", "river_name": "-", "river_widt": 30.6, "bridge_len": "49.800", "no_of_pill": "4", "no_of_span": "5", "minimum_so": "12.370", "maximum_so": "12.700", "horizontal": "8.200", "upazila": "Ullapara", "district": "Sirajganj", "remarks": "-", "shwl__msl_": 11.7121, "slwl__msl_": 4.22011, "longitude": 89.572119, "latitude": 24.312836}}, {"type": "Feature", "id": 213, "geometry": {"type": "Point", "coordinates": [89.33229900000003, 24.26333500000004]}, "properties": {"objectid": 213, "id": "IWM_295", "bridge_loc": "B_295_Bowsha Bridge", "authority": "LGED", "river_name": "Gumai", "river_widt": 93.67, "bridge_len": "117.900", "no_of_pill": "2", "no_of_span": "3", "minimum_so": "15.515", "maximum_so": "15.515", "horizontal": "41.650", "upazila": "Chatmahar", "district": "Pabna", "remarks": "-", "shwl__msl_": 11.5991, "slwl__msl_": 3.87672, "longitude": 89.332299, "latitude": 24.263335}}, {"type": "Feature", "id": 214, "geometry": {"type": "Point", "coordinates": [89.42021200000005, 24.228301000000044]}, "properties": {"objectid": 214, "id": "IWM_299", "bridge_loc": "B_299_Rail Bridge", "authority": "RHD", "river_name": "Gumai", "river_widt": 107, "bridge_len": "133.300", "no_of_pill": "5", "no_of_span": "6", "minimum_so": "13.740", "maximum_so": "13.820", "horizontal": "30.300", "upazila": "Bhangura", "district": "Pabna", "remarks": "-", "shwl__msl_": 11.4971, "slwl__msl_": 3.30146, "longitude": 89.42021199999999, "latitude": 24.228301000000002}}, {"type": "Feature", "id": 215, "geometry": {"type": "Point", "coordinates": [89.38415100000003, 24.23175800000007]}, "properties": {"objectid": 215, "id": "IWM_298", "bridge_loc": "B_298_Nowbari Bridge", "authority": "LGED", "river_name": "Gumai", "river_widt": 156.45, "bridge_len": "160.200", "no_of_pill": "4", "no_of_span": "5", "minimum_so": "13.424", "maximum_so": "14.055", "horizontal": "28.000", "upazila": "Bhangura", "district": "Pabna", "remarks": "-", "shwl__msl_": 11.5171, "slwl__msl_": 3.49961, "longitude": 89.384151, "latitude": 24.231758}}, {"type": "Feature", "id": 216, "geometry": {"type": "Point", "coordinates": [89.33329300000008, 24.239606000000038]}, "properties": {"objectid": 216, "id": "IWM_298 (A)", "bridge_loc": "B_298 (A)_Nurnagar Bridge", "authority": "LGED", "river_name": "Baral", "river_widt": 62, "bridge_len": "102.500", "no_of_pill": "4", "no_of_span": "5", "minimum_so": "13.040", "maximum_so": "13.040", "horizontal": "19.100", "upazila": "Bhangura", "district": "Pabna", "remarks": "-", "shwl__msl_": 11.4175, "slwl__msl_": 3.62289, "longitude": 89.33329300000001, "latitude": 24.239606}}, {"type": "Feature", "id": 217, "geometry": {"type": "Point", "coordinates": [89.31309500000003, 24.313729000000023]}, "properties": {"objectid": 217, "id": "IWM_292", "bridge_loc": "B_292_Bonpara Bridge", "authority": "-", "river_name": "Atrai", "river_widt": 82.84, "bridge_len": "96.000", "no_of_pill": "2", "no_of_span": "3", "minimum_so": "13.689", "maximum_so": "13.689", "horizontal": "-", "upazila": "Chatmahar", "district": "Pabna", "remarks": "-", "shwl__msl_": 11.6614, "slwl__msl_": 4.25293, "longitude": 89.313095, "latitude": 24.313729000000002}}, {"type": "Feature", "id": 218, "geometry": {"type": "Point", "coordinates": [88.90590400000008, 24.316662000000065]}, "properties": {"objectid": 218, "id": "IWM_423", "bridge_loc": "B_423_Shalai Nagar Bridge", "authority": "LGED", "river_name": "Baral", "river_widt": 47, "bridge_len": "100.000", "no_of_pill": "4", "no_of_span": "5", "minimum_so": "15.434", "maximum_so": "15.446", "horizontal": "17.630", "upazila": "Bagati Para", "district": "Natore", "remarks": "-", "shwl__msl_": 13.6853, "slwl__msl_": 8.30947, "longitude": 88.905904, "latitude": 24.316662}}, {"type": "Feature", "id": 219, "geometry": {"type": "Point", "coordinates": [88.78442400000006, 24.284460000000024]}, "properties": {"objectid": 219, "id": "IWM_231 (A)", "bridge_loc": "B_231 (A)_Mungli Bridge", "authority": "LGED", "river_name": "Baral", "river_widt": 42.3, "bridge_len": "100.960", "no_of_pill": "6", "no_of_span": "7", "minimum_so": "16.621", "maximum_so": "16.688", "horizontal": "8.500", "upazila": "Charghat", "district": "Rajshahi", "remarks": "-", "shwl__msl_": 15.7593, "slwl__msl_": 7.268, "longitude": 88.784424, "latitude": 24.284460000000003}}, {"type": "Feature", "id": 220, "geometry": {"type": "Point", "coordinates": [88.75117300000005, 24.28478400000006]}, "properties": {"objectid": 220, "id": "IWM_231", "bridge_loc": "B_231_Charghat 3 Vent Regulator", "authority": "BWDB", "river_name": "Baral", "river_widt": 0, "bridge_len": "21.400", "no_of_pill": "-", "no_of_span": "3", "minimum_so": "12.248", "maximum_so": "12.957", "horizontal": "6.100", "upazila": "Charghat", "district": "Rajshahi", "remarks": "-", "shwl__msl_": 16.0781, "slwl__msl_": 7.10179, "longitude": 88.751173, "latitude": 24.284784000000002}}, {"type": "Feature", "id": 221, "geometry": {"type": "Point", "coordinates": [91.43359600000008, 24.244009000000062]}, "properties": {"objectid": 221, "id": "IWM_207", "bridge_loc": "207 Sutang Bridge", "authority": "-", "river_name": "Sutang", "river_widt": 34.52, "bridge_len": "51.720", "no_of_pill": "2", "no_of_span": "3", "minimum_so": "8.254", "maximum_so": "8.270", "horizontal": "17.550", "upazila": "Chunarghat", "district": "Habiganj", "remarks": "-", "shwl__msl_": 9.87365, "slwl__msl_": 6.031409999999999, "longitude": 91.433596, "latitude": 24.244009}}, {"type": "Feature", "id": 222, "geometry": {"type": "Point", "coordinates": [90.68252500000006, 24.24404500000003]}, "properties": {"objectid": 222, "id": "IWM_134", "bridge_loc": "134 Aralia Bazar Bridge (Bamboo Bridge)", "authority": "RHD", "river_name": "-", "river_widt": 0, "bridge_len": "-", "no_of_pill": "-", "no_of_span": "-", "minimum_so": "-", "maximum_so": "-", "horizontal": "-", "upazila": "Monohardi", "district": "Narshingdi", "remarks": "-", "shwl__msl_": 6.63504, "slwl__msl_": 0.53011, "longitude": 90.682525, "latitude": 24.244045}}, {"type": "Feature", "id": 223, "geometry": {"type": "Point", "coordinates": [90.63651200000004, 24.26685200000003]}, "properties": {"objectid": 223, "id": "IWM_125", "bridge_loc": "125 Tok Bridge", "authority": "RHD", "river_name": "Shitalokka", "river_widt": 170.17, "bridge_len": "282.580", "no_of_pill": "6", "no_of_span": "7", "minimum_so": "13.978", "maximum_so": "15.148", "horizontal": "34.740", "upazila": "Kapasia", "district": "Gazipur", "remarks": "-", "shwl__msl_": 6.69962, "slwl__msl_": 0.555211, "longitude": 90.636512, "latitude": 24.266852}}, {"type": "Feature", "id": 224, "geometry": {"type": "Point", "coordinates": [90.65161500000005, 24.258899000000042]}, "properties": {"objectid": 224, "id": "IWM_127", "bridge_loc": "127 Motkhola Bridge", "authority": "RHD", "river_name": "Old Bramaputra", "river_widt": 90.79, "bridge_len": "140.240", "no_of_pill": "6", "no_of_span": "7", "minimum_so": "10.452", "maximum_so": "10.938", "horizontal": "15.330", "upazila": "Kapasia", "district": "Gazipur", "remarks": "-", "shwl__msl_": 6.7069600000000005, "slwl__msl_": 0.5501210000000001, "longitude": 90.651615, "latitude": 24.258899}}, {"type": "Feature", "id": 225, "geometry": {"type": "Point", "coordinates": [90.78390800000005, 24.240898000000072]}, "properties": {"objectid": 225, "id": "IWM_Ex-93", "bridge_loc": "Ex-93 Katiadi Bridge", "authority": "-", "river_name": "Arial Khan", "river_widt": 66.85, "bridge_len": "154.119", "no_of_pill": "6", "no_of_span": "7", "minimum_so": "9.387", "maximum_so": "9.770", "horizontal": "19.260", "upazila": "Monohardi", "district": "Narshingdi", "remarks": "-", "shwl__msl_": 6.402360000000001, "slwl__msl_": 0.46, "longitude": 90.783908, "latitude": 24.240898}}, {"type": "Feature", "id": 226, "geometry": {"type": "Point", "coordinates": [90.52381400000007, 24.29457400000007]}, "properties": {"objectid": 226, "id": "IWM_117", "bridge_loc": "117 Izzatpur Bridge", "authority": "LGED", "river_name": "Shitalakha", "river_widt": 71.14, "bridge_len": "99.540", "no_of_pill": "4", "no_of_span": "5", "minimum_so": "9.440", "maximum_so": "9.750", "horizontal": "18.140", "upazila": "Goforgaon", "district": "Mymensingh", "remarks": "-", "shwl__msl_": 7.266979999999999, "slwl__msl_": 0.5126430000000001, "longitude": 90.52381399999999, "latitude": 24.294574}}, {"type": "Feature", "id": 227, "geometry": {"type": "Point", "coordinates": [90.54682600000007, 24.272743000000048]}, "properties": {"objectid": 227, "id": "IWM_120", "bridge_loc": "120 Trimohoni Bridge", "authority": "RHD", "river_name": "Shitalakha", "river_widt": 76.66, "bridge_len": "130.120", "no_of_pill": "2", "no_of_span": "3", "minimum_so": "13.810", "maximum_so": "13.860", "horizontal": "37.680", "upazila": "Goforgaon", "district": "Mymensingh", "remarks": "-", "shwl__msl_": 6.18422, "slwl__msl_": 0.5, "longitude": 90.54682600000001, "latitude": 24.272743000000002}}, {"type": "Feature", "id": 228, "geometry": {"type": "Point", "coordinates": [90.54456300000004, 24.231663000000026]}, "properties": {"objectid": 228, "id": "IWM_119", "bridge_loc": "119 Borama Shinghoshree Bridge", "authority": "LGED", "river_name": "Shitalakha", "river_widt": 166.64, "bridge_len": "316.090", "no_of_pill": "8", "no_of_span": "9", "minimum_so": "15.460", "maximum_so": "15.760", "horizontal": "27.030", "upazila": "Kapasia", "district": "Gazipur", "remarks": "-", "shwl__msl_": 5.92451, "slwl__msl_": 0.46990600000000005, "longitude": 90.544563, "latitude": 24.231663}}, {"type": "Feature", "id": 229, "geometry": {"type": "Point", "coordinates": [89.58333300000004, 24.13224500000007]}, "properties": {"objectid": 229, "id": "IWM_218", "bridge_loc": "B_218_Baghabari Bridge", "authority": "RHD", "river_name": "Gumai", "river_widt": 440, "bridge_len": "573.000", "no_of_pill": "14", "no_of_span": "15", "minimum_so": "16.324", "maximum_so": "19.424", "horizontal": "36.300", "upazila": "Ullapara", "district": "Sirajganj", "remarks": "-", "shwl__msl_": 10.185, "slwl__msl_": 2.76477, "longitude": 89.583333, "latitude": 24.132245}}, {"type": "Feature", "id": 230, "geometry": {"type": "Point", "coordinates": [89.47164300000009, 24.17522900000006]}, "properties": {"objectid": 230, "id": "IWM_219", "bridge_loc": "B_219_Narayanpur Bridge", "authority": "LGED", "river_name": "Baral", "river_widt": 161, "bridge_len": "181.000", "no_of_pill": "5", "no_of_span": "6", "minimum_so": "12.854", "maximum_so": "13.654", "horizontal": "26.000", "upazila": "Faridpur", "district": "Pabna", "remarks": "-", "shwl__msl_": 10.7703, "slwl__msl_": 3.0701300000000002, "longitude": 89.471643, "latitude": 24.175229}}, {"type": "Feature", "id": 231, "geometry": {"type": "Point", "coordinates": [89.60720800000007, 24.173205000000053]}, "properties": {"objectid": 231, "id": "IWM_217", "bridge_loc": "B_217_Sahajadpur Bridge", "authority": "RHD", "river_name": "Bengali", "river_widt": 248.75, "bridge_len": "374.360", "no_of_pill": "9", "no_of_span": "10", "minimum_so": "15.774", "maximum_so": "16.404", "horizontal": "31.620", "upazila": "Shahjadpur", "district": "Sirajganj", "remarks": "-", "shwl__msl_": 10.5513, "slwl__msl_": 3.08038, "longitude": 89.607208, "latitude": 24.173205000000003}}, {"type": "Feature", "id": 232, "geometry": {"type": "Point", "coordinates": [90.85505600000005, 24.096326000000033]}, "properties": {"objectid": 232, "id": "IWM_174", "bridge_loc": "174 Belabo Bridge", "authority": "RHD", "river_name": "Arial Khan", "river_widt": 85, "bridge_len": "141.230", "no_of_pill": "6", "no_of_span": "7", "minimum_so": "8.425", "maximum_so": "8.727", "horizontal": "17.440", "upazila": "Belabo", "district": "Narshingdhi", "remarks": "-", "shwl__msl_": 5.84103, "slwl__msl_": 0.29004, "longitude": 90.855056, "latitude": 24.096325999999998}}, {"type": "Feature", "id": 233, "geometry": {"type": "Point", "coordinates": [90.85126700000006, 24.109462000000065]}, "properties": {"objectid": 233, "id": "IWM_173", "bridge_loc": "173 Hazrat Ali Akter Bridge", "authority": "LGED", "river_name": "Arial Khan", "river_widt": 110.98, "bridge_len": "159.850", "no_of_pill": "4", "no_of_span": "5", "minimum_so": "8.348", "maximum_so": "9.297", "horizontal": "28.870", "upazila": "Belabo", "district": "Narshingdhi", "remarks": "-", "shwl__msl_": 5.87979, "slwl__msl_": 0.29995, "longitude": 90.851267, "latitude": 24.109462}}, {"type": "Feature", "id": 234, "geometry": {"type": "Point", "coordinates": [90.84388300000006, 24.112852000000032]}, "properties": {"objectid": 234, "id": "IWM_170", "bridge_loc": "170 Dulaler Gudaraghat Bridge", "authority": "LGED", "river_name": "Arial Khan", "river_widt": 93.22, "bridge_len": "168.370", "no_of_pill": "7", "no_of_span": "8", "minimum_so": "8.870", "maximum_so": "9.444", "horizontal": "17.350", "upazila": "Belabo", "district": "Narshingdhi", "remarks": "-", "shwl__msl_": 5.89161, "slwl__msl_": 0.30800299999999997, "longitude": 90.843883, "latitude": 24.112852}}, {"type": "Feature", "id": 235, "geometry": {"type": "Point", "coordinates": [90.82045800000003, 24.139350000000036]}, "properties": {"objectid": 235, "id": "IWM_162", "bridge_loc": "162 Radhakanti Bridge", "authority": "LGED", "river_name": "Arial Khan", "river_widt": 99.39, "bridge_len": "167.940", "no_of_pill": "7", "no_of_span": "8", "minimum_so": "8.482", "maximum_so": "9.207", "horizontal": "17.320", "upazila": "Belabo", "district": "Narshingdhi", "remarks": "-", "shwl__msl_": 6.00113, "slwl__msl_": 0.34017200000000003, "longitude": 90.820458, "latitude": 24.13935}}, {"type": "Feature", "id": 236, "geometry": {"type": "Point", "coordinates": [90.78848700000003, 24.195827000000065]}, "properties": {"objectid": 236, "id": "IWM_Ex-92", "bridge_loc": "Ex-92 Sekh Rasel Bridge", "authority": "LGED", "river_name": "Arial Khan", "river_widt": 119.05, "bridge_len": "161.420", "no_of_pill": "5", "no_of_span": "6", "minimum_so": "12.654", "maximum_so": "12.683", "horizontal": "27.610", "upazila": "Monohardi", "district": "Narshingdi", "remarks": "-", "shwl__msl_": 6.2190900000000005, "slwl__msl_": 0.40523, "longitude": 90.78848699999999, "latitude": 24.195826999999998}}, {"type": "Feature", "id": 237, "geometry": {"type": "Point", "coordinates": [90.81204000000008, 24.159966000000054]}, "properties": {"objectid": 237, "id": "IWM_161", "bridge_loc": "161 Poradia Binnoaid Arial Kha Bridge", "authority": "RHD", "river_name": "Arial Khan", "river_widt": 113.7, "bridge_len": "260.860", "no_of_pill": "5", "no_of_span": "6", "minimum_so": "12.186", "maximum_so": "12.353", "horizontal": "36.510", "upazila": "Belabo", "district": "Narshingdhi", "remarks": "-", "shwl__msl_": 6.06869, "slwl__msl_": 0.360623, "longitude": 90.81204, "latitude": 24.159966}}, {"type": "Feature", "id": 238, "geometry": {"type": "Point", "coordinates": [89.88749200000007, 24.118219000000067]}, "properties": {"objectid": 238, "id": "IWM_319", "bridge_loc": "319 Shamsul Haque Setu", "authority": "RHD", "river_name": "Dhaleswari", "river_widt": 143.53, "bridge_len": "516.520", "no_of_pill": "12", "no_of_span": "-", "minimum_so": "16.006", "maximum_so": "16.797", "horizontal": "42.900", "upazila": "Delduar", "district": "Tangail", "remarks": "-", "shwl__msl_": 9.7871, "slwl__msl_": 3.8595, "longitude": 89.887492, "latitude": 24.118219000000003}}, {"type": "Feature", "id": 239, "geometry": {"type": "Point", "coordinates": [91.04407000000003, 24.162496000000033]}, "properties": {"objectid": 239, "id": "IWM_Ex-174", "bridge_loc": "Pakshimul Bridge", "authority": "RHD", "river_name": "Titas", "river_widt": 157.448, "bridge_len": "224.194", "no_of_pill": "6", "no_of_span": "7", "minimum_so": "10.694", "maximum_so": "11.104", "horizontal": "27.031", "upazila": "Sarail", "district": "Bhramanbaria", "remarks": "-", "shwl__msl_": 5.7377400000000005, "slwl__msl_": 0.421301, "longitude": 91.04406999999999, "latitude": 24.162496}}, {"type": "Feature", "id": 240, "geometry": {"type": "Point", "coordinates": [90.56341400000008, 24.116082000000063]}, "properties": {"objectid": 240, "id": "IWM_121", "bridge_loc": "Fakir Mojnu Shah Bridge", "authority": "RHD", "river_name": "Banar", "river_widt": 259.1, "bridge_len": "390.500", "no_of_pill": "8", "no_of_span": "9", "minimum_so": "12.160", "maximum_so": "12.500", "horizontal": "34.146", "upazila": "Kapasia", "district": "Gazipur", "remarks": "-", "shwl__msl_": 5.6985, "slwl__msl_": 0.39887800000000007, "longitude": 90.563414, "latitude": 24.116082}}, {"type": "Feature", "id": 241, "geometry": {"type": "Point", "coordinates": [89.03030700000005, 24.068080000000066]}, "properties": {"objectid": 241, "id": "IWM_267", "bridge_loc": "B_267_Hardinge Bridge", "authority": "RHD", "river_name": "Padma", "river_widt": 1402, "bridge_len": "1639.200", "no_of_pill": "13", "no_of_span": "14", "minimum_so": "27.103", "maximum_so": "27.186", "horizontal": "99.600", "upazila": "Ishardi", "district": "Pabna", "remarks": "-", "shwl__msl_": 12.9071, "slwl__msl_": 4.1796, "longitude": 89.030307, "latitude": 24.068080000000002}}, {"type": "Feature", "id": 242, "geometry": {"type": "Point", "coordinates": [90.99457200000006, 24.044501000000025]}, "properties": {"objectid": 242, "id": "IWM_192 A", "bridge_loc": "192 A Bairab Old Rail Bridge", "authority": "RHD", "river_name": "Meghna", "river_widt": 815.62, "bridge_len": "915.080", "no_of_pill": "8", "no_of_span": "9", "minimum_so": "16.447", "maximum_so": "17.410", "horizontal": "94.790", "upazila": "Bhairab", "district": "Kishoreganj", "remarks": "-", "shwl__msl_": 5.5553099999999995, "slwl__msl_": 0.19543900000000003, "longitude": 90.994572, "latitude": 24.044501}}, {"type": "Feature", "id": 243, "geometry": {"type": "Point", "coordinates": [90.99540900000005, 24.04509900000005]}, "properties": {"objectid": 243, "id": "IWM_192", "bridge_loc": "192 Bairab Rail Bridge New", "authority": "BR", "river_name": "Meghna", "river_widt": 768.1, "bridge_len": "836.300", "no_of_pill": "8", "no_of_span": "9", "minimum_so": "20.670", "maximum_so": "21.050", "horizontal": "91.220", "upazila": "Bhairab", "district": "Kishoreganj", "remarks": "-", "shwl__msl_": 5.5553099999999995, "slwl__msl_": 0.19543900000000003, "longitude": 90.99540900000001, "latitude": 24.045099}}, {"type": "Feature", "id": 244, "geometry": {"type": "Point", "coordinates": [90.99540900000005, 24.04509900000005]}, "properties": {"objectid": 244, "id": "IWM_193", "bridge_loc": "193 Bairab Bridge", "authority": "RHD", "river_name": "Meghna", "river_widt": 877.82, "bridge_len": "1013.030", "no_of_pill": "8", "no_of_span": "9", "minimum_so": "16.660", "maximum_so": "17.050", "horizontal": "103.310", "upazila": "Bhairab", "district": "Kishoreganj", "remarks": "-", "shwl__msl_": 5.5553099999999995, "slwl__msl_": 0.19543900000000003, "longitude": 90.99540900000001, "latitude": 24.045099}}, {"type": "Feature", "id": 245, "geometry": {"type": "Point", "coordinates": [90.80970200000007, 23.979729000000077]}, "properties": {"objectid": 245, "id": "IWM_Ex-91", "bridge_loc": "Ex-91 Rohmotgonj (Bamboo Bridge)", "authority": "-", "river_name": "Arial Khan", "river_widt": 0, "bridge_len": "-", "no_of_pill": "-", "no_of_span": "-", "minimum_so": "-", "maximum_so": "-", "horizontal": "-", "upazila": "Roypura", "district": "Narshingdi", "remarks": "-", "shwl__msl_": 5.516509999999999, "slwl__msl_": 0.239904, "longitude": 90.809702, "latitude": 23.979729000000003}}, {"type": "Feature", "id": 246, "geometry": {"type": "Point", "coordinates": [90.80110500000006, 23.98262200000005]}, "properties": {"objectid": 246, "id": "IWM_158", "bridge_loc": "158 Kutirbazar Bridge", "authority": "-", "river_name": "Arial Khan", "river_widt": 128.32, "bridge_len": "140.540", "no_of_pill": "4", "no_of_span": "5", "minimum_so": "7.150", "maximum_so": "7.464", "horizontal": "26.450", "upazila": "Roypura", "district": "Narshingdi", "remarks": "-", "shwl__msl_": 5.497579999999999, "slwl__msl_": 0.239998, "longitude": 90.801105, "latitude": 23.982622000000003}}, {"type": "Feature", "id": 247, "geometry": {"type": "Point", "coordinates": [90.80110500000006, 23.98262200000005]}, "properties": {"objectid": 247, "id": "IWM_156", "bridge_loc": "156 Adiabad Bridge", "authority": "RHD", "river_name": "Arial Khan", "river_widt": 141.31, "bridge_len": "210.160", "no_of_pill": "6", "no_of_span": "7", "minimum_so": "8.470", "maximum_so": "8.784", "horizontal": "23.130", "upazila": "Roypura", "district": "Narshingdi", "remarks": "-", "shwl__msl_": 5.497579999999999, "slwl__msl_": 0.239998, "longitude": 90.801105, "latitude": 23.982622000000003}}, {"type": "Feature", "id": 248, "geometry": {"type": "Point", "coordinates": [90.83258700000005, 24.01661800000005]}, "properties": {"objectid": 248, "id": "IWM_165", "bridge_loc": "165 Morjal Bridge", "authority": "LGED", "river_name": "Arial Khan", "river_widt": 117.34, "bridge_len": "125.870", "no_of_pill": "5", "no_of_span": "6", "minimum_so": "7.729", "maximum_so": "7.864", "horizontal": "19.440", "upazila": "Roypura", "district": "Narshingdi", "remarks": "-", "shwl__msl_": 5.61754, "slwl__msl_": 0.26, "longitude": 90.83258699999999, "latitude": 24.016618}}, {"type": "Feature", "id": 249, "geometry": {"type": "Point", "coordinates": [90.83985500000006, 24.030443000000048]}, "properties": {"objectid": 249, "id": "IWM_167", "bridge_loc": "167 Bagmara Bridge", "authority": "-", "river_name": "Arial Khan", "river_widt": 120.24, "bridge_len": "139.830", "no_of_pill": "6", "no_of_span": "7", "minimum_so": "8.317", "maximum_so": "8.359", "horizontal": "18.580", "upazila": "Roypura", "district": "Narshingdi", "remarks": "-", "shwl__msl_": 5.64727, "slwl__msl_": 0.259994, "longitude": 90.839855, "latitude": 24.030443}}, {"type": "Feature", "id": 250, "geometry": {"type": "Point", "coordinates": [90.86270500000006, 24.047276000000068]}, "properties": {"objectid": 250, "id": "IWM_175", "bridge_loc": "175 Arial Kha Bridge", "authority": "RHD", "river_name": "Arial Khan", "river_widt": 120.37, "bridge_len": "141.050", "no_of_pill": "4", "no_of_span": "5", "minimum_so": "9.874", "maximum_so": "9.887", "horizontal": "26.910", "upazila": "Belabo", "district": "Narshingdhi", "remarks": "-", "shwl__msl_": 5.72969, "slwl__msl_": 0.278839, "longitude": 90.862705, "latitude": 24.047276}}, {"type": "Feature", "id": 251, "geometry": {"type": "Point", "coordinates": [90.85064700000004, 24.080628000000047]}, "properties": {"objectid": 251, "id": "IWM_172", "bridge_loc": "172 Arial Kha Bridge", "authority": "RHD", "river_name": "Arial Khan", "river_widt": 117.89, "bridge_len": "152.800", "no_of_pill": "7", "no_of_span": "8", "minimum_so": "8.632", "maximum_so": "8.681", "horizontal": "16.590", "upazila": "Belabo", "district": "Narshingdhi", "remarks": "-", "shwl__msl_": 5.81052, "slwl__msl_": 0.29023, "longitude": 90.850647, "latitude": 24.080628}}, {"type": "Feature", "id": 252, "geometry": {"type": "Point", "coordinates": [90.34738300000004, 23.996384000000035]}, "properties": {"objectid": 252, "id": "IWM_93", "bridge_loc": "93 Kodda-2 Bridge", "authority": "RHD", "river_name": "Bongshi", "river_widt": 16.38, "bridge_len": "121.000", "no_of_pill": "4", "no_of_span": "5", "minimum_so": "10.941", "maximum_so": "11.096", "horizontal": "21.000", "upazila": "Gazipur Sadar", "district": "Gazipur", "remarks": "-", "shwl__msl_": 6.25174, "slwl__msl_": 0.20930400000000002, "longitude": 90.34738300000001, "latitude": 23.996384000000003}}, {"type": "Feature", "id": 253, "geometry": {"type": "Point", "coordinates": [90.34751900000003, 23.996459000000073]}, "properties": {"objectid": 253, "id": "IWM_93 (A)", "bridge_loc": "93 (A) Kodda-02", "authority": "RHD", "river_name": "Bongshi", "river_widt": 0, "bridge_len": "121.000", "no_of_pill": "4", "no_of_span": "5", "minimum_so": "11.093", "maximum_so": "11.096", "horizontal": "-", "upazila": "Gazipur Sadar", "district": "Gazipur", "remarks": "-", "shwl__msl_": 6.25174, "slwl__msl_": 0.20930400000000002, "longitude": 90.34751899999999, "latitude": 23.996459}}, {"type": "Feature", "id": 254, "geometry": {"type": "Point", "coordinates": [90.34759600000007, 23.99653200000006]}, "properties": {"objectid": 254, "id": "IWM_93 (B)", "bridge_loc": "93 (B) Kodda-02", "authority": "RHD", "river_name": "Bongshi", "river_widt": 0, "bridge_len": "121.000", "no_of_pill": "4", "no_of_span": "5", "minimum_so": "11.111", "maximum_so": "11.266", "horizontal": "21.000", "upazila": "Gazipur Sadar", "district": "Gazipur", "remarks": "-", "shwl__msl_": 6.26065, "slwl__msl_": 0.20977099999999999, "longitude": 90.347596, "latitude": 23.996532000000002}}, {"type": "Feature", "id": 255, "geometry": {"type": "Point", "coordinates": [90.09420300000005, 23.973382000000072]}, "properties": {"objectid": 255, "id": "IWM_Ex 80", "bridge_loc": "Ex 80 Norosinghapur Paragram Bridge", "authority": "-", "river_name": "Bangshi", "river_widt": 54.16, "bridge_len": "90.070", "no_of_pill": "4", "no_of_span": "-", "minimum_so": "10.094", "maximum_so": "10.106", "horizontal": "16.410", "upazila": "Dhamrai", "district": "Dhaka", "remarks": "-", "shwl__msl_": 7.51743, "slwl__msl_": 1.4547700000000001, "longitude": 90.09420300000001, "latitude": 23.973382}}, {"type": "Feature", "id": 256, "geometry": {"type": "Point", "coordinates": [90.09589500000004, 23.992934000000048]}, "properties": {"objectid": 256, "id": "IWM_Ex 79", "bridge_loc": "Ex 79 Bonerchar Bridge", "authority": "LGED", "river_name": "Bangshi", "river_widt": 53.3, "bridge_len": "75.500", "no_of_pill": "2", "no_of_span": "-", "minimum_so": "9.955", "maximum_so": "10.003", "horizontal": "21.790", "upazila": "Dhamrai", "district": "Dhaka", "remarks": "-", "shwl__msl_": 7.65284, "slwl__msl_": 1.54643, "longitude": 90.095895, "latitude": 23.992933999999998}}, {"type": "Feature", "id": 257, "geometry": {"type": "Point", "coordinates": [89.97880800000007, 24.03050200000007]}, "properties": {"objectid": 257, "id": "IWM_Ex 72", "bridge_loc": "Ex 72 Batolia Bridge", "authority": "-", "river_name": "Dhaleswari", "river_widt": 104.42, "bridge_len": "160.180", "no_of_pill": "4", "no_of_span": "5", "minimum_so": "12.040", "maximum_so": "12.110", "horizontal": "30.450", "upazila": "Nagarpur", "district": "Tangail", "remarks": "-", "shwl__msl_": 9.059009999999999, "slwl__msl_": 2.52946, "longitude": 89.978808, "latitude": 24.030502}}, {"type": "Feature", "id": 258, "geometry": {"type": "Point", "coordinates": [89.94904800000006, 24.038845000000038]}, "properties": {"objectid": 258, "id": "IWM_328", "bridge_loc": "328 Nagarpur Bridge", "authority": "RHD", "river_name": "Dhaleswari", "river_widt": 351.27, "bridge_len": "521.110", "no_of_pill": "12", "no_of_span": "13", "minimum_so": "13.780", "maximum_so": "15.150", "horizontal": "31.070", "upazila": "Saturia", "district": "Manikganj", "remarks": "-", "shwl__msl_": 9.327369999999998, "slwl__msl_": 2.83392, "longitude": 89.949048, "latitude": 24.038845}}, {"type": "Feature", "id": 259, "geometry": {"type": "Point", "coordinates": [90.00932700000004, 24.03632600000003]}, "properties": {"objectid": 259, "id": "IWM_Ex 74", "bridge_loc": "Ex 74 Majutaia (Bamboo Bridge)", "authority": "-", "river_name": "Dhaleswari", "river_widt": 0, "bridge_len": "-", "no_of_pill": "-", "no_of_span": "-", "minimum_so": "-", "maximum_so": "-", "horizontal": "-", "upazila": "Dhamrai", "district": "Dhaka", "remarks": "Bamboo sako", "shwl__msl_": 8.860019999999999, "slwl__msl_": 2.3869499999999997, "longitude": 90.009327, "latitude": 24.036326}}, {"type": "Feature", "id": 260, "geometry": {"type": "Point", "coordinates": [90.00309200000004, 24.03532000000007]}, "properties": {"objectid": 260, "id": "IWM_Ex 73", "bridge_loc": "Ex 73 Monara (Bamboo Bridge)", "authority": "RHD", "river_name": "Dhaleswari", "river_widt": 0, "bridge_len": "-", "no_of_pill": "-", "no_of_span": "-", "minimum_so": "-", "maximum_so": "-", "horizontal": "-", "upazila": "Nagarpur", "district": "Tangail", "remarks": "Bamboo sako", "shwl__msl_": 8.8983, "slwl__msl_": 2.41755, "longitude": 90.003092, "latitude": 24.03532}}, {"type": "Feature", "id": 261, "geometry": {"type": "Point", "coordinates": [90.04594300000008, 24.02280600000006]}, "properties": {"objectid": 261, "id": "IWM_Ex 75", "bridge_loc": "Ex 75 Char Rajapur Bridge", "authority": "LGED", "river_name": "Bongsai", "river_widt": 55.33, "bridge_len": "75.360", "no_of_pill": "2", "no_of_span": "-", "minimum_so": "11.458", "maximum_so": "11.501", "horizontal": "22.790", "upazila": "Dhamrai", "district": "Dhaka", "remarks": "-", "shwl__msl_": 8.37421, "slwl__msl_": 2.05287, "longitude": 90.04594300000001, "latitude": 24.022806}}, {"type": "Feature", "id": 262, "geometry": {"type": "Point", "coordinates": [90.06887000000006, 24.020819000000074]}, "properties": {"objectid": 262, "id": "IWM_Ex 76", "bridge_loc": "Ex 76 Dalut Bridge", "authority": "-", "river_name": "Bongsai", "river_widt": 48.93, "bridge_len": "216.940", "no_of_pill": "4", "no_of_span": "-", "minimum_so": "13.287", "maximum_so": "13.316", "horizontal": "42.940", "upazila": "Dhamrai", "district": "Dhaka", "remarks": "-", "shwl__msl_": 7.98133, "slwl__msl_": 1.78042, "longitude": 90.06886999999999, "latitude": 24.020819000000003}}, {"type": "Feature", "id": 263, "geometry": {"type": "Point", "coordinates": [90.07540400000005, 24.01599900000008]}, "properties": {"objectid": 263, "id": "IWM_Ex 77", "bridge_loc": "Ex 77 Balia Bridge", "authority": "-", "river_name": "Bongsai", "river_widt": 47.19, "bridge_len": "138.510", "no_of_pill": "8", "no_of_span": "-", "minimum_so": "11.516", "maximum_so": "12.531", "horizontal": "14.420", "upazila": "Dhamrai", "district": "Dhaka", "remarks": "-", "shwl__msl_": 7.9265099999999995, "slwl__msl_": 1.7391500000000002, "longitude": 90.075404, "latitude": 24.015998999999997}}, {"type": "Feature", "id": 264, "geometry": {"type": "Point", "coordinates": [90.09442700000005, 24.004061000000036]}, "properties": {"objectid": 264, "id": "IWM_Ex 78", "bridge_loc": "Ex 78 Gaontara Bridge", "authority": "LGED", "river_name": "Bongsai", "river_widt": 38.63, "bridge_len": "120.440", "no_of_pill": "4", "no_of_span": "-", "minimum_so": "10.487", "maximum_so": "10.907", "horizontal": "22.340", "upazila": "Dhamrai", "district": "Dhaka", "remarks": "-", "shwl__msl_": 7.72548, "slwl__msl_": 1.6011400000000002, "longitude": 90.094427, "latitude": 24.004061}}, {"type": "Feature", "id": 265, "geometry": {"type": "Point", "coordinates": [90.65907400000003, 24.015572000000077]}, "properties": {"objectid": 265, "id": "IWM_128", "bridge_loc": "Charshindur Bridge", "authority": "RHD", "river_name": "Shitalakshya", "river_widt": 303.94, "bridge_len": "511.820", "no_of_pill": "10", "no_of_span": "11", "minimum_so": "14.430", "maximum_so": "17.274", "horizontal": "37.240", "upazila": "Kaliganj", "district": "Gazipur", "remarks": "-", "shwl__msl_": 5.52904, "slwl__msl_": 0.268735, "longitude": 90.659074, "latitude": 24.015572}}, {"type": "Feature", "id": 266, "geometry": {"type": "Point", "coordinates": [89.12949400000008, 23.91554700000006]}, "properties": {"objectid": 266, "id": "IWM_272", "bridge_loc": "B_272_Sheikh Rasel Bridge", "authority": "RHD", "river_name": "Gorai", "river_widt": 297.96, "bridge_len": "602.430", "no_of_pill": "16", "no_of_span": "17", "minimum_so": "18.841", "maximum_so": "19.721", "horizontal": "39.360", "upazila": "Kustia Sadar", "district": "Kustia", "remarks": "-", "shwl__msl_": 11.8059, "slwl__msl_": 3.5905, "longitude": 89.12949400000001, "latitude": 23.915547}}, {"type": "Feature", "id": 267, "geometry": {"type": "Point", "coordinates": [89.18084000000005, 23.885305000000074]}, "properties": {"objectid": 267, "id": "IWM_273", "bridge_loc": "B_273_Mir Mosarrof Hossain Bridge", "authority": "RHD", "river_name": "Gorai", "river_widt": 354, "bridge_len": "505.350", "no_of_pill": "6", "no_of_span": "7", "minimum_so": "19.581", "maximum_so": "19.771", "horizontal": "35.880", "upazila": "Kumarkhali", "district": "Kustia", "remarks": "-", "shwl__msl_": 11.4096, "slwl__msl_": 3.13458, "longitude": 89.18084, "latitude": 23.885305000000002}}, {"type": "Feature", "id": 268, "geometry": {"type": "Point", "coordinates": [89.18042400000007, 23.886277000000064]}, "properties": {"objectid": 268, "id": "IWM_274", "bridge_loc": "B_274_Gorai Rail Bridge", "authority": "BR", "river_name": "Gorai", "river_widt": 317, "bridge_len": "416.150", "no_of_pill": "6", "no_of_span": "7", "minimum_so": "18.871", "maximum_so": "18.913", "horizontal": "52.600", "upazila": "Kumarkhali", "district": "Kustia", "remarks": "-", "shwl__msl_": 11.4179, "slwl__msl_": 3.13895, "longitude": 89.180424, "latitude": 23.886277}}, {"type": "Feature", "id": 269, "geometry": {"type": "Point", "coordinates": [90.77358400000008, 23.94029100000006]}, "properties": {"objectid": 269, "id": "IWM_154", "bridge_loc": "154 Dowkarchar Bridge", "authority": "LGED", "river_name": "Arial Khan", "river_widt": 138.55, "bridge_len": "214.660", "no_of_pill": "8", "no_of_span": "9", "minimum_so": "7.630", "maximum_so": "7.811", "horizontal": "18.450", "upazila": "Roypura", "district": "Narshingdi", "remarks": "-", "shwl__msl_": 5.372909999999999, "slwl__msl_": 0.219745, "longitude": 90.773584, "latitude": 23.940291000000002}}, {"type": "Feature", "id": 270, "geometry": {"type": "Point", "coordinates": [90.75825500000008, 23.939553000000046]}, "properties": {"objectid": 270, "id": "IWM_152", "bridge_loc": "152 Bodorpur", "authority": "LGED", "river_name": "Arial Khan", "river_widt": 133.73, "bridge_len": "180.310", "no_of_pill": "6", "no_of_span": "7", "minimum_so": "10.896", "maximum_so": "10.896", "horizontal": "26.350", "upazila": "Roypura", "district": "Narshingdi", "remarks": "-", "shwl__msl_": 5.34038, "slwl__msl_": 0.21000000000000002, "longitude": 90.758255, "latitude": 23.939553}}, {"type": "Feature", "id": 271, "geometry": {"type": "Point", "coordinates": [90.75328400000006, 23.932213000000047]}, "properties": {"objectid": 271, "id": "IWM_150 A", "bridge_loc": "150 A Arial Kha Rail Bridge", "authority": "-", "river_name": "Arial Khan", "river_widt": 130.4, "bridge_len": "138.510", "no_of_pill": "5", "no_of_span": "6", "minimum_so": "9.930", "maximum_so": "9.964", "horizontal": "27.610", "upazila": "Roypura", "district": "Narshingdi", "remarks": "-", "shwl__msl_": 5.31985, "slwl__msl_": 0.21000100000000002, "longitude": 90.75328400000001, "latitude": 23.932213}}, {"type": "Feature", "id": 272, "geometry": {"type": "Point", "coordinates": [90.75326900000005, 23.931933000000072]}, "properties": {"objectid": 272, "id": "IWM_150", "bridge_loc": "150 Baduarchar Bridge", "authority": "RHD", "river_name": "Arial Khan", "river_widt": 106.8, "bridge_len": "139.250", "no_of_pill": "2", "no_of_span": "3", "minimum_so": "9.720", "maximum_so": "9.740", "horizontal": "41.250", "upazila": "Roypura", "district": "Narshingdi", "remarks": "-", "shwl__msl_": 5.31985, "slwl__msl_": 0.21000100000000002, "longitude": 90.753269, "latitude": 23.931932999999997}}, {"type": "Feature", "id": 273, "geometry": {"type": "Point", "coordinates": [90.22981100000004, 23.911290000000065]}, "properties": {"objectid": 273, "id": "IWM_41", "bridge_loc": "41 Noyerhat Old Bridge", "authority": "RHD", "river_name": "Bongshi/Doleswari", "river_widt": 119.51, "bridge_len": "197.570", "no_of_pill": "4", "no_of_span": "5", "minimum_so": "13.485", "maximum_so": "13.485", "horizontal": "53.190", "upazila": "Dhamrai", "district": "Dhaka", "remarks": "-", "shwl__msl_": 5.94237, "slwl__msl_": 0.364942, "longitude": 90.229811, "latitude": 23.91129}}, {"type": "Feature", "id": 274, "geometry": {"type": "Point", "coordinates": [90.22981500000003, 23.911073000000044]}, "properties": {"objectid": 274, "id": "IWM_41 (A)", "bridge_loc": "41 (A) Noyerhat New Bridge", "authority": "RHD", "river_name": "Bongshi/Doleswari", "river_widt": 123.68, "bridge_len": "191.850", "no_of_pill": "4", "no_of_span": "5", "minimum_so": "15.735", "maximum_so": "15.735", "horizontal": "43.510", "upazila": "Dhamrai", "district": "Dhaka", "remarks": "-", "shwl__msl_": 5.94237, "slwl__msl_": 0.364942, "longitude": 90.229815, "latitude": 23.911073000000002}}, {"type": "Feature", "id": 275, "geometry": {"type": "Point", "coordinates": [90.34888800000004, 23.894490000000076]}, "properties": {"objectid": 275, "id": "IWM_92", "bridge_loc": "92 Modder Bridge", "authority": "RHD", "river_name": "Turag", "river_widt": 49.46, "bridge_len": "53.380", "no_of_pill": "2", "no_of_span": "3", "minimum_so": "5.764", "maximum_so": "5.884", "horizontal": "19.710", "upazila": "Gazipur Sadar", "district": "Gazipur", "remarks": "-", "shwl__msl_": 5.63542, "slwl__msl_": 0.18000000000000002, "longitude": 90.348888, "latitude": 23.89449}}, {"type": "Feature", "id": 276, "geometry": {"type": "Point", "coordinates": [90.40645800000004, 23.881969000000026]}, "properties": {"objectid": 276, "id": "IWM_102 (B)", "bridge_loc": "102 (B) Tongi Rail Bridge", "authority": "-", "river_name": "Turag", "river_widt": 96.52, "bridge_len": "100.510", "no_of_pill": "4", "no_of_span": "-", "minimum_so": "7.508", "maximum_so": "7.549", "horizontal": "12.030", "upazila": "Gazipur Sadar", "district": "Gazipur", "remarks": "-", "shwl__msl_": 5.63753, "slwl__msl_": 0.369986, "longitude": 90.406458, "latitude": 23.881969}}, {"type": "Feature", "id": 277, "geometry": {"type": "Point", "coordinates": [90.40587700000003, 23.882077000000038]}, "properties": {"objectid": 277, "id": "IWM_102", "bridge_loc": "102 Tongi Rail Bridge", "authority": "-", "river_name": "Turag", "river_widt": 96.45, "bridge_len": "99.940", "no_of_pill": "4", "no_of_span": "-", "minimum_so": "7.947", "maximum_so": "7.971", "horizontal": "12.610", "upazila": "Gazipur Sadar", "district": "Gazipur", "remarks": "-", "shwl__msl_": 5.63753, "slwl__msl_": 0.369986, "longitude": 90.405877, "latitude": 23.882077000000002}}, {"type": "Feature", "id": 278, "geometry": {"type": "Point", "coordinates": [90.38979200000006, 23.89169700000008]}, "properties": {"objectid": 278, "id": "IWM_97 (A)", "bridge_loc": "97 (A) Kamarpara Bridge", "authority": "-", "river_name": "Turag", "river_widt": 91.25, "bridge_len": "106.650", "no_of_pill": "2", "no_of_span": "-", "minimum_so": "8.463", "maximum_so": "8.522", "horizontal": "28.890", "upazila": "Gazipur Sadar", "district": "Gazipur", "remarks": "-", "shwl__msl_": 5.6457, "slwl__msl_": 0.345698, "longitude": 90.389792, "latitude": 23.891697}}, {"type": "Feature", "id": 279, "geometry": {"type": "Point", "coordinates": [90.38984400000004, 23.891527000000053]}, "properties": {"objectid": 279, "id": "IWM_97", "bridge_loc": "97 Kamarpara Bridge", "authority": "-", "river_name": "Turag", "river_widt": 72.91, "bridge_len": "103.260", "no_of_pill": "-", "no_of_span": "-", "minimum_so": "10.170", "maximum_so": "10.220", "horizontal": "27.440", "upazila": "Gazipur Sadar", "district": "Gazipur", "remarks": "-", "shwl__msl_": 5.649509999999999, "slwl__msl_": 0.349909, "longitude": 90.389844, "latitude": 23.891527}}, {"type": "Feature", "id": 280, "geometry": {"type": "Point", "coordinates": [90.37801500000006, 23.898321000000067]}, "properties": {"objectid": 280, "id": "IWM_96", "bridge_loc": "96 Prottasha Bridge", "authority": "-", "river_name": "Turag", "river_widt": 77.78, "bridge_len": "140.860", "no_of_pill": "6", "no_of_span": "-", "minimum_so": "8.573", "maximum_so": "8.641", "horizontal": "14.310", "upazila": "Gazipur Sadar", "district": "Gazipur", "remarks": "-", "shwl__msl_": 5.60982, "slwl__msl_": 0.288173, "longitude": 90.378015, "latitude": 23.898321}}, {"type": "Feature", "id": 281, "geometry": {"type": "Point", "coordinates": [90.35979400000008, 23.892548000000033]}, "properties": {"objectid": 281, "id": "IWM_94", "bridge_loc": "94 Ashulia Beribadh Bridge", "authority": "RHD", "river_name": "Turag", "river_widt": 65.28, "bridge_len": "62.620", "no_of_pill": "3", "no_of_span": "-", "minimum_so": "6.549", "maximum_so": "6.730", "horizontal": "10.010", "upazila": "Gazipur Sadar", "district": "Gazipur", "remarks": "-", "shwl__msl_": 5.57297, "slwl__msl_": 0.210015, "longitude": 90.35979400000001, "latitude": 23.892547999999998}}, {"type": "Feature", "id": 282, "geometry": {"type": "Point", "coordinates": [90.40035700000004, 23.881767000000025]}, "properties": {"objectid": 282, "id": "IWM_101", "bridge_loc": "101 Tongi Belli Bridge", "authority": "-", "river_name": "Turag", "river_widt": 52.24, "bridge_len": "45.060", "no_of_pill": "2", "no_of_span": "-", "minimum_so": "7.035", "maximum_so": "7.053", "horizontal": "23.050", "upazila": "Gazipur Sadar", "district": "Gazipur", "remarks": "-", "shwl__msl_": 5.653779999999999, "slwl__msl_": 0.3831, "longitude": 90.400357, "latitude": 23.881767}}, {"type": "Feature", "id": 283, "geometry": {"type": "Point", "coordinates": [90.40075100000007, 23.881692000000044]}, "properties": {"objectid": 283, "id": "IWM_101 (A)", "bridge_loc": "101 (A) Tongi Flyover Bridge", "authority": "-", "river_name": "Turag", "river_widt": 77.58, "bridge_len": "77.580", "no_of_pill": "-", "no_of_span": "-", "minimum_so": "16.830", "maximum_so": "16.972", "horizontal": "55.780", "upazila": "Gazipur Sadar", "district": "Gazipur", "remarks": "-", "shwl__msl_": 5.653779999999999, "slwl__msl_": 0.3831, "longitude": 90.400751, "latitude": 23.881691999999997}}, {"type": "Feature", "id": 284, "geometry": {"type": "Point", "coordinates": [90.16369800000007, 23.942041000000074]}, "properties": {"objectid": 284, "id": "IWM_EX 87", "bridge_loc": "Ex 87 Westpark Depashai Bridge", "authority": "-", "river_name": "Bangshi", "river_widt": 47.94, "bridge_len": "75.300", "no_of_pill": "2", "no_of_span": "3", "minimum_so": "9.120", "maximum_so": "9.120", "horizontal": "23.050", "upazila": "Dhamrai", "district": "Dhaka", "remarks": "-", "shwl__msl_": 6.7104, "slwl__msl_": 0.8988520000000001, "longitude": 90.163698, "latitude": 23.942041}}, {"type": "Feature", "id": 285, "geometry": {"type": "Point", "coordinates": [90.17110100000008, 23.94882000000007]}, "properties": {"objectid": 285, "id": "IWM_26", "bridge_loc": "26 Chapil Bridge", "authority": "LGED", "river_name": "Bangshi", "river_widt": 56.2, "bridge_len": "71.920", "no_of_pill": "2", "no_of_span": "3", "minimum_so": "9.360", "maximum_so": "9.380", "horizontal": "19.880", "upazila": "Dhamrai", "district": "Dhaka", "remarks": "-", "shwl__msl_": 6.56764, "slwl__msl_": 0.8006840000000001, "longitude": 90.171101, "latitude": 23.948819999999998}}, {"type": "Feature", "id": 286, "geometry": {"type": "Point", "coordinates": [90.17928700000004, 23.932301000000052]}, "properties": {"objectid": 286, "id": "IWM_EX 89", "bridge_loc": "Ex 89 Depashai Bridge", "authority": "LGED", "river_name": "Bangshi", "river_widt": 79.65, "bridge_len": "94.320", "no_of_pill": "2", "no_of_span": "3", "minimum_so": "9.983", "maximum_so": "9.987", "horizontal": "29.620", "upazila": "Dhamrai", "district": "Dhaka", "remarks": "-", "shwl__msl_": 6.43603, "slwl__msl_": 0.705676, "longitude": 90.17928699999999, "latitude": 23.932301000000002}}, {"type": "Feature", "id": 287, "geometry": {"type": "Point", "coordinates": [90.17772200000007, 23.94238000000007]}, "properties": {"objectid": 287, "id": "IWM_28", "bridge_loc": "28 Noagaon Bridge", "authority": "LGED", "river_name": "Bangshi", "river_widt": 55.87, "bridge_len": "90.240", "no_of_pill": "4", "no_of_span": "5", "minimum_so": "9.760", "maximum_so": "9.820", "horizontal": "15.020", "upazila": "Dhamrai", "district": "Dhaka", "remarks": "-", "shwl__msl_": 6.50519, "slwl__msl_": 0.755934, "longitude": 90.177722, "latitude": 23.94238}}, {"type": "Feature", "id": 288, "geometry": {"type": "Point", "coordinates": [90.16638000000006, 23.95455400000003]}, "properties": {"objectid": 288, "id": "IWM_Extra", "bridge_loc": "Extra Sonartech Bridge", "authority": "LGED", "river_name": "Bangshi", "river_widt": 66.14, "bridge_len": "89.840", "no_of_pill": "4", "no_of_span": "5", "minimum_so": "9.600", "maximum_so": "9.610", "horizontal": "16.790", "upazila": "Dhamrai", "district": "Dhaka", "remarks": "-", "shwl__msl_": 6.62289, "slwl__msl_": 0.836659, "longitude": 90.16638, "latitude": 23.954553999999998}}, {"type": "Feature", "id": 289, "geometry": {"type": "Point", "coordinates": [90.16041800000005, 23.939823000000047]}, "properties": {"objectid": 289, "id": "IWM_Ex 86", "bridge_loc": "Ex 86 Depashai Bridge (No Bridge Found)", "authority": "LGED", "river_name": "Bangshi", "river_widt": 0, "bridge_len": "-", "no_of_pill": "-", "no_of_span": "-", "minimum_so": "-", "maximum_so": "-", "horizontal": "-", "upazila": "Dhamrai", "district": "Dhaka", "remarks": "No bridge", "shwl__msl_": 6.834420000000001, "slwl__msl_": 0.984415, "longitude": 90.16041799999999, "latitude": 23.939823}}, {"type": "Feature", "id": 290, "geometry": {"type": "Point", "coordinates": [90.15308900000008, 23.933280000000025]}, "properties": {"objectid": 290, "id": "IWM_Ex 85", "bridge_loc": "Ex 85 Balum Bridge", "authority": "LGED", "river_name": "Bangshi", "river_widt": 68.96, "bridge_len": "90.260", "no_of_pill": "3", "no_of_span": "4", "minimum_so": "9.610", "maximum_so": "9.670", "horizontal": "23.520", "upazila": "Dhamrai", "district": "Dhaka", "remarks": "-", "shwl__msl_": 6.9377200000000006, "slwl__msl_": 1.05236, "longitude": 90.15308900000001, "latitude": 23.93328}}, {"type": "Feature", "id": 291, "geometry": {"type": "Point", "coordinates": [90.11473500000005, 23.959457000000043]}, "properties": {"objectid": 291, "id": "IWM_Ex 83 (A)", "bridge_loc": "Ex 83 (A) Kusuma Bazar Baily Bridge", "authority": "-", "river_name": "Bangshi", "river_widt": 55.44, "bridge_len": "92.750", "no_of_pill": "2", "no_of_span": "-", "minimum_so": "9.765", "maximum_so": "9.775", "horizontal": "27.870", "upazila": "Dhamrai", "district": "Dhaka", "remarks": "-", "shwl__msl_": 7.27759, "slwl__msl_": 1.2875, "longitude": 90.114735, "latitude": 23.959457}}, {"type": "Feature", "id": 292, "geometry": {"type": "Point", "coordinates": [90.11832000000004, 23.948397000000057]}, "properties": {"objectid": 292, "id": "IWM_Ex 83", "bridge_loc": "Ex 83 Mohishashi Bridge", "authority": "-", "river_name": "Bangshi", "river_widt": 58.99, "bridge_len": "75.270", "no_of_pill": "4", "no_of_span": "-", "minimum_so": "9.047", "maximum_so": "9.230", "horizontal": "12.370", "upazila": "Dhamrai", "district": "Dhaka", "remarks": "-", "shwl__msl_": 7.1893, "slwl__msl_": 1.2308599999999998, "longitude": 90.11832000000001, "latitude": 23.948397}}, {"type": "Feature", "id": 293, "geometry": {"type": "Point", "coordinates": [90.10042200000004, 23.96844600000003]}, "properties": {"objectid": 293, "id": "IWM_Ex 81", "bridge_loc": "Ex 81 Haluapara (Bamboo Bridge)", "authority": "-", "river_name": "Bangshi", "river_widt": 42.42, "bridge_len": "-", "no_of_pill": "-", "no_of_span": "-", "minimum_so": "-", "maximum_so": "-", "horizontal": "-", "upazila": "Dhamrai", "district": "Dhaka", "remarks": "Bamboo sako", "shwl__msl_": 7.44018, "slwl__msl_": 1.40102, "longitude": 90.100422, "latitude": 23.968446}}, {"type": "Feature", "id": 294, "geometry": {"type": "Point", "coordinates": [89.97957600000007, 23.93029800000005]}, "properties": {"objectid": 294, "id": "IWM_334", "bridge_loc": "334 Mostar Ghat Bridge", "authority": "LGED", "river_name": "Dhaleswari", "river_widt": 62.81, "bridge_len": "100.150", "no_of_pill": "4", "no_of_span": "5", "minimum_so": "11.620", "maximum_so": "11.680", "horizontal": "16.800", "upazila": "Nagarpur", "district": "Tangail", "remarks": "-", "shwl__msl_": 8.70666, "slwl__msl_": 1.62762, "longitude": 89.97957600000001, "latitude": 23.930298}}, {"type": "Feature", "id": 295, "geometry": {"type": "Point", "coordinates": [90.97215100000005, 23.90689100000003]}, "properties": {"objectid": 295, "id": "IWM_188", "bridge_loc": "Sitarampur Bridge", "authority": "RHD", "river_name": "Titas", "river_widt": 373.049, "bridge_len": "557.560", "no_of_pill": "11", "no_of_span": "12", "minimum_so": "13.238", "maximum_so": "14.598", "horizontal": "40.280", "upazila": "Nabinagar", "district": "Bhramanbaria", "remarks": "-", "shwl__msl_": 5.34547, "slwl__msl_": 0.15, "longitude": 90.972151, "latitude": 23.906891}}, {"type": "Feature", "id": 296, "geometry": {"type": "Point", "coordinates": [91.08345900000006, 23.95213700000005]}, "properties": {"objectid": 296, "id": "IWM_1025", "bridge_loc": "Gokarnoghat Bridge", "authority": "RHD", "river_name": "Titas", "river_widt": 175.27, "bridge_len": "343.660", "no_of_pill": "6", "no_of_span": "7", "minimum_so": "13.058", "maximum_so": "13.918", "horizontal": "31.487", "upazila": "Bhramanbaria Sadar", "district": "Bhramanbaria", "remarks": "-", "shwl__msl_": 5.074, "slwl__msl_": 0.132243, "longitude": 91.08345899999999, "latitude": 23.952137}}, {"type": "Feature", "id": 297, "geometry": {"type": "Point", "coordinates": [91.11941800000005, 23.956780000000037]}, "properties": {"objectid": 297, "id": "IWM_Ex-171", "bridge_loc": "Vadughor Rail Bridge", "authority": "-", "river_name": "Titas", "river_widt": 73.582, "bridge_len": "73.582", "no_of_pill": "3", "no_of_span": "-", "minimum_so": "7.450", "maximum_so": "7.983", "horizontal": "16.431", "upazila": "Bhramanbaria Sadar", "district": "Bhramanbaria", "remarks": "-", "shwl__msl_": 5.30039, "slwl__msl_": 0.30215200000000003, "longitude": 91.119418, "latitude": 23.956780000000002}}, {"type": "Feature", "id": 298, "geometry": {"type": "Point", "coordinates": [91.11608400000006, 23.955656000000033]}, "properties": {"objectid": 298, "id": "IWM_170 A", "bridge_loc": "Kawtoli Bridge", "authority": "RHD", "river_name": "Titas", "river_widt": 0, "bridge_len": "89.092", "no_of_pill": "4", "no_of_span": "-", "minimum_so": "7.882", "maximum_so": "8.094", "horizontal": "12.941", "upazila": "Bhramanbaria Sadar", "district": "Bhramanbaria", "remarks": "-", "shwl__msl_": 5.29991, "slwl__msl_": 0.268749, "longitude": 91.116084, "latitude": 23.955656}}, {"type": "Feature", "id": 299, "geometry": {"type": "Point", "coordinates": [91.11629000000005, 23.955667000000062]}, "properties": {"objectid": 299, "id": "IWM_170", "bridge_loc": "Kawtoli Bridge", "authority": "RHD", "river_name": "Titas", "river_widt": 97.942, "bridge_len": "103.575", "no_of_pill": "4", "no_of_span": "-", "minimum_so": "9.136", "maximum_so": "9.281", "horizontal": "11.356", "upazila": "Bhramanbaria Sadar", "district": "Bhramanbaria", "remarks": "-", "shwl__msl_": 5.29991, "slwl__msl_": 0.268749, "longitude": 91.11629, "latitude": 23.955667000000002}}, {"type": "Feature", "id": 300, "geometry": {"type": "Point", "coordinates": [91.11953600000004, 23.956782000000032]}, "properties": {"objectid": 300, "id": "IWM_Ex-171 A", "bridge_loc": "Vadughor Rail Bridge", "authority": "-", "river_name": "Titas", "river_widt": 68.098, "bridge_len": "60.483", "no_of_pill": "2", "no_of_span": "-", "minimum_so": "7.643", "maximum_so": "7.710", "horizontal": "28.208", "upazila": "Bhramanbaria Sadar", "district": "Bhramanbaria", "remarks": "-", "shwl__msl_": 5.30039, "slwl__msl_": 0.30215200000000003, "longitude": 91.119536, "latitude": 23.956782}}, {"type": "Feature", "id": 301, "geometry": {"type": "Point", "coordinates": [90.61696300000006, 23.939872000000037]}, "properties": {"objectid": 301, "id": "IWM_123", "bridge_loc": "Ghorashal Bazar Bridge", "authority": "-", "river_name": "Shitalakshya", "river_widt": 254.27, "bridge_len": "423.470", "no_of_pill": "-", "no_of_span": "-", "minimum_so": "13.492", "maximum_so": "15.420", "horizontal": "35.840", "upazila": "Kaliganj", "district": "Gazipur", "remarks": "-", "shwl__msl_": 5.5397799999999995, "slwl__msl_": 0.14733400000000002, "longitude": 90.616963, "latitude": 23.939872}}, {"type": "Feature", "id": 302, "geometry": {"type": "Point", "coordinates": [90.61708800000008, 23.94103800000005]}, "properties": {"objectid": 302, "id": "IWM_124 A", "bridge_loc": "Ghorashal Flag Rail Bridge", "authority": "-", "river_name": "Shitalakshya", "river_widt": 265.58, "bridge_len": "372.383", "no_of_pill": "10", "no_of_span": "-", "minimum_so": "11.645", "maximum_so": "15.015", "horizontal": "29.360", "upazila": "Kaliganj", "district": "Gazipur", "remarks": "-", "shwl__msl_": 5.539960000000001, "slwl__msl_": 0.149427, "longitude": 90.61708800000001, "latitude": 23.941038}}, {"type": "Feature", "id": 303, "geometry": {"type": "Point", "coordinates": [90.61720300000007, 23.941193000000055]}, "properties": {"objectid": 303, "id": "IWM_124", "bridge_loc": "Ghorashal Flag Rail Bridge", "authority": "-", "river_name": "Shitalakshya", "river_widt": 268.152, "bridge_len": "382.076", "no_of_pill": "12", "no_of_span": "-", "minimum_so": "14.743", "maximum_so": "15.673", "horizontal": "29.360", "upazila": "Kaliganj", "district": "Gazipur", "remarks": "-", "shwl__msl_": 5.539960000000001, "slwl__msl_": 0.149427, "longitude": 90.617203, "latitude": 23.941193}}, {"type": "Feature", "id": 304, "geometry": {"type": "Point", "coordinates": [90.46065400000003, 23.881953000000067]}, "properties": {"objectid": 304, "id": "IWM_107", "bridge_loc": "Teromukh Bridge", "authority": "-", "river_name": "Tongi Khal/Turag", "river_widt": 90.84, "bridge_len": "159.590", "no_of_pill": "4", "no_of_span": "-", "minimum_so": "9.464", "maximum_so": "10.294", "horizontal": "28.670", "upazila": "Gazipur Sadar", "district": "Gazipur", "remarks": "-", "shwl__msl_": 5.41391, "slwl__msl_": 0.20375000000000001, "longitude": 90.460654, "latitude": 23.881953000000003}}, {"type": "Feature", "id": 305, "geometry": {"type": "Point", "coordinates": [90.40585800000008, 23.881917000000044]}, "properties": {"objectid": 305, "id": "IWM_102 (A)", "bridge_loc": "102 (A) Tongi Rail Bridge (Under Construction)", "authority": "-", "river_name": "Turag", "river_widt": 0, "bridge_len": "-", "no_of_pill": "-", "no_of_span": "-", "minimum_so": "-", "maximum_so": "-", "horizontal": "-", "upazila": "-", "district": "-", "remarks": "Under construction", "shwl__msl_": 5.63753, "slwl__msl_": 0.369986, "longitude": 90.405858, "latitude": 23.881917}}, {"type": "Feature", "id": 306, "geometry": {"type": "Point", "coordinates": [89.15199400000006, 23.847938000000056]}, "properties": {"objectid": 306, "id": "IWM_447", "bridge_loc": "B_447_Kaligonga Bridge", "authority": "-", "river_name": "Kali", "river_widt": 20.5, "bridge_len": "67.730", "no_of_pill": "5", "no_of_span": "6", "minimum_so": "11.211", "maximum_so": "11.241", "horizontal": "11.000", "upazila": "Kustia Sadar", "district": "Kustia", "remarks": "-", "shwl__msl_": 10.317, "slwl__msl_": 3.82055, "longitude": 89.151994, "latitude": 23.847938}}, {"type": "Feature", "id": 307, "geometry": {"type": "Point", "coordinates": [89.15572600000007, 23.811259000000064]}, "properties": {"objectid": 307, "id": "IWM_448", "bridge_loc": "B_448_Bashgram Bridge", "authority": "LGED", "river_name": "Kali", "river_widt": 67, "bridge_len": "96.380", "no_of_pill": "2", "no_of_span": "3", "minimum_so": "10.611", "maximum_so": "10.671", "horizontal": "29.600", "upazila": "Kustia Sadar", "district": "Kustia", "remarks": "-", "shwl__msl_": 9.91423, "slwl__msl_": 3.7654300000000003, "longitude": 89.155726, "latitude": 23.811259}}, {"type": "Feature", "id": 308, "geometry": {"type": "Point", "coordinates": [89.23779500000006, 23.85046200000005]}, "properties": {"objectid": 308, "id": "IWM_275", "bridge_loc": "B_275_Tebaria Lalon Bazar Bridge", "authority": "LGED", "river_name": "Gorai", "river_widt": 429, "bridge_len": "649.540", "no_of_pill": "12", "no_of_span": "13", "minimum_so": "16.566", "maximum_so": "18.876", "horizontal": "47.530", "upazila": "Kumarkhali", "district": "Kustia", "remarks": "-", "shwl__msl_": 10.8962, "slwl__msl_": 2.75644, "longitude": 89.237795, "latitude": 23.850462}}, {"type": "Feature", "id": 309, "geometry": {"type": "Point", "coordinates": [90.29441200000008, 23.806354000000056]}, "properties": {"objectid": 309, "id": "IWM_76", "bridge_loc": "76 Kondanagar Bridge", "authority": "LGED", "river_name": "Karnatoli River", "river_widt": 49.46, "bridge_len": "130.510", "no_of_pill": "5", "no_of_span": "6", "minimum_so": "10.502", "maximum_so": "10.572", "horizontal": "19.710", "upazila": "Savar", "district": "Dhaka", "remarks": "-", "shwl__msl_": 5.35248, "slwl__msl_": 0.170542, "longitude": 90.294412, "latitude": 23.806354}}, {"type": "Feature", "id": 310, "geometry": {"type": "Point", "coordinates": [90.34589500000004, 23.743507000000022]}, "properties": {"objectid": 310, "id": "IWM_88", "bridge_loc": "88 Bocila Bridge", "authority": "RHD", "river_name": "Buriganga", "river_widt": 308.7, "bridge_len": "713.600", "no_of_pill": "9", "no_of_span": "10", "minimum_so": "11.782", "maximum_so": "13.142", "horizontal": "37.770", "upazila": "Keraniganj", "district": "Dhaka", "remarks": "-", "shwl__msl_": 5.06347, "slwl__msl_": 0.14, "longitude": 90.345895, "latitude": 23.743507}}, {"type": "Feature", "id": 311, "geometry": {"type": "Point", "coordinates": [90.33543600000007, 23.784287000000063]}, "properties": {"objectid": 311, "id": "IWM_83", "bridge_loc": "83 Amin Bazar/Gabtoli Bridge", "authority": "RHD", "river_name": "Buriganga", "river_widt": 151.57, "bridge_len": "262.480", "no_of_pill": "5", "no_of_span": "6", "minimum_so": "13.662", "maximum_so": "13.912", "horizontal": "62.770", "upazila": "Mirpur", "district": "Dhaka", "remarks": "-", "shwl__msl_": 5.11043, "slwl__msl_": 0.15, "longitude": 90.335436, "latitude": 23.784287}}, {"type": "Feature", "id": 312, "geometry": {"type": "Point", "coordinates": [90.24210900000008, 23.843830000000025]}, "properties": {"objectid": 312, "id": "IWM_43", "bridge_loc": "43 Dhamrai Bridge", "authority": "LGED", "river_name": "Bongshi", "river_widt": 149.83, "bridge_len": "258.790", "no_of_pill": "7", "no_of_span": "-", "minimum_so": "10.305", "maximum_so": "11.276", "horizontal": "20.200", "upazila": "Dhamrai", "district": "Dhaka", "remarks": "-", "shwl__msl_": 5.59983, "slwl__msl_": 0.19490000000000002, "longitude": 90.242109, "latitude": 23.84383}}, {"type": "Feature", "id": 313, "geometry": {"type": "Point", "coordinates": [90.21296500000005, 23.84807900000004]}, "properties": {"objectid": 313, "id": "IWM_36", "bridge_loc": "36 Chor Bordhail", "authority": "-", "river_name": "Dholeshori", "river_widt": 53.4, "bridge_len": "105.110", "no_of_pill": "2", "no_of_span": "-", "minimum_so": "11.306", "maximum_so": "11.312", "horizontal": "32.180", "upazila": "Dhamrai", "district": "Dhaka", "remarks": "-", "shwl__msl_": 5.89916, "slwl__msl_": 0.333789, "longitude": 90.21296500000001, "latitude": 23.848079}}, {"type": "Feature", "id": 314, "geometry": {"type": "Point", "coordinates": [90.25747500000006, 23.818192000000067]}, "properties": {"objectid": 314, "id": "IWM_Ex 90", "bridge_loc": "Ex 90 Karnapara Bridge", "authority": "RHD", "river_name": "Karnatoli River", "river_widt": 85.69, "bridge_len": "136.850", "no_of_pill": "2", "no_of_span": "-", "minimum_so": "10.787", "maximum_so": "10.790", "horizontal": "36.990", "upazila": "Savar", "district": "Dhaka", "remarks": "-", "shwl__msl_": 5.5292, "slwl__msl_": 0.19, "longitude": 90.257475, "latitude": 23.818192}}, {"type": "Feature", "id": 315, "geometry": {"type": "Point", "coordinates": [90.33889600000003, 23.851707000000033]}, "properties": {"objectid": 315, "id": "IWM_86", "bridge_loc": "86 Birulia Bridge", "authority": "RHD", "river_name": "Turag", "river_widt": 167.16, "bridge_len": "186.480", "no_of_pill": "4", "no_of_span": "5", "minimum_so": "13.404", "maximum_so": "13.954", "horizontal": "31.570", "upazila": "Savar", "district": "Dhaka", "remarks": "-", "shwl__msl_": 5.4183900000000005, "slwl__msl_": 0.170273, "longitude": 90.338896, "latitude": 23.851707}}, {"type": "Feature", "id": 316, "geometry": {"type": "Point", "coordinates": [90.25747500000006, 23.818192000000067]}, "properties": {"objectid": 316, "id": "IWM_Ex-151", "bridge_loc": "Bandura Bridge", "authority": "RHD", "river_name": "Ichamoti", "river_widt": 69.39, "bridge_len": "100.130", "no_of_pill": "4", "no_of_span": "5", "minimum_so": "11.505", "maximum_so": "11.508", "horizontal": "15.990", "upazila": "Savar", "district": "Dhaka", "remarks": "-", "shwl__msl_": 5.5292, "slwl__msl_": 0.19, "longitude": 90.257475, "latitude": 23.818192}}, {"type": "Feature", "id": 317, "geometry": {"type": "Point", "coordinates": [90.51256100000006, 23.77507600000007]}, "properties": {"objectid": 317, "id": "IWM_114", "bridge_loc": "Gazisafu", "authority": "RHD", "river_name": "Shitalakshya", "river_widt": 347.58, "bridge_len": "542.230", "no_of_pill": "12", "no_of_span": "13", "minimum_so": "16.024", "maximum_so": "18.884", "horizontal": "23.330", "upazila": "Rupganj", "district": "Narayanganj", "remarks": "-", "shwl__msl_": 5.18824, "slwl__msl_": 0.17816300000000002, "longitude": 90.512561, "latitude": 23.775076}}, {"type": "Feature", "id": 318, "geometry": {"type": "Point", "coordinates": [90.48285300000003, 23.772455000000036]}, "properties": {"objectid": 318, "id": "IWM_109", "bridge_loc": "Nagarpara Bridge (Under Construction Bridge)", "authority": "-", "river_name": "-", "river_widt": 0, "bridge_len": "-", "no_of_pill": "-", "no_of_span": "-", "minimum_so": "-", "maximum_so": "-", "horizontal": "-", "upazila": "Demra", "district": "Dhaka", "remarks": "-", "shwl__msl_": 5.20981, "slwl__msl_": 0.133675, "longitude": 90.48285299999999, "latitude": 23.772455}}, {"type": "Feature", "id": 319, "geometry": {"type": "Point", "coordinates": [90.47725300000008, 23.83685900000006]}, "properties": {"objectid": 319, "id": "IWM_108", "bridge_loc": "Balu Bridge", "authority": "-", "river_name": "Balu", "river_widt": 83.22, "bridge_len": "109.360", "no_of_pill": "2", "no_of_span": "-", "minimum_so": "14.108", "maximum_so": "14.216", "horizontal": "38.319", "upazila": "Gulsan", "district": "Dhaka", "remarks": "-", "shwl__msl_": 5.33192, "slwl__msl_": 0.172482, "longitude": 90.47725299999999, "latitude": 23.836859}}, {"type": "Feature", "id": 320, "geometry": {"type": "Point", "coordinates": [90.54573500000004, 23.836024000000066]}, "properties": {"objectid": 320, "id": "IWM_118", "bridge_loc": "Kanchon Bridge", "authority": "-", "river_name": "Shitalakshya", "river_widt": 301.01, "bridge_len": "415.910", "no_of_pill": "7", "no_of_span": "-", "minimum_so": "14.041", "maximum_so": "15.565", "horizontal": "47.620", "upazila": "Rupganj", "district": "Narayanganj", "remarks": "-", "shwl__msl_": 5.29659, "slwl__msl_": 0.16276400000000002, "longitude": 90.545735, "latitude": 23.836024}}, {"type": "Feature", "id": 321, "geometry": {"type": "Point", "coordinates": [90.48684000000009, 23.82917800000007]}, "properties": {"objectid": 321, "id": "IWM_Ex-138", "bridge_loc": "Ichapura Bridge (Under Construction)", "authority": "-", "river_name": "Balu", "river_widt": 97.99, "bridge_len": "-", "no_of_pill": "-", "no_of_span": "-", "minimum_so": "-", "maximum_so": "-", "horizontal": "-", "upazila": "-", "district": "-", "remarks": "Under construction", "shwl__msl_": 5.31042, "slwl__msl_": 0.17, "longitude": 90.48684, "latitude": 23.829178}}, {"type": "Feature", "id": 322, "geometry": {"type": "Point", "coordinates": [90.40154600000005, 23.708637000000067]}, "properties": {"objectid": 322, "id": "IWM_99", "bridge_loc": " 99 Babu Bazar Ghat Bridge", "authority": "-", "river_name": "Buriganga", "river_widt": 225.97, "bridge_len": "227.160", "no_of_pill": "-", "no_of_span": "-", "minimum_so": "14.192", "maximum_so": "14.577", "horizontal": "45.760", "upazila": "Keraniganj", "district": "Dhaka", "remarks": "-", "shwl__msl_": 5.01, "slwl__msl_": 0.12752, "longitude": 90.401546, "latitude": 23.708637}}, {"type": "Feature", "id": 323, "geometry": {"type": "Point", "coordinates": [90.42720000000008, 23.687204000000065]}, "properties": {"objectid": 323, "id": "IWM_104", "bridge_loc": "104 Postogola Bridge", "authority": "RHD", "river_name": "Buriganga", "river_widt": 335.8, "bridge_len": "497.340", "no_of_pill": "-", "no_of_span": "-", "minimum_so": "17.264", "maximum_so": "19.216", "horizontal": "28.180", "upazila": "Keraniganj", "district": "Dhaka", "remarks": "-", "shwl__msl_": 4.97291, "slwl__msl_": 0.119992, "longitude": 90.4272, "latitude": 23.687204}}, {"type": "Feature", "id": 324, "geometry": {"type": "Point", "coordinates": [90.49987500000003, 23.721848000000023]}, "properties": {"objectid": 324, "id": "IWM_111", "bridge_loc": "111 Sultana Kamal Bridge", "authority": "RHD", "river_name": "Shitalakshya", "river_widt": 351.33, "bridge_len": "374.460", "no_of_pill": "7", "no_of_span": "8", "minimum_so": "17.427", "maximum_so": "20.187", "horizontal": "82.460", "upazila": "Demra", "district": "Dhaka", "remarks": "-", "shwl__msl_": 5.11, "slwl__msl_": 0.18000000000000002, "longitude": 90.49987499999999, "latitude": 23.721848}}, {"type": "Feature", "id": 325, "geometry": {"type": "Point", "coordinates": [90.51758000000007, 23.70334900000006]}, "properties": {"objectid": 325, "id": "IWM_115 A", "bridge_loc": "Kanchpur New Bridge", "authority": "RHD", "river_name": "Shitalakshya", "river_widt": 285.93, "bridge_len": "404.030", "no_of_pill": "5", "no_of_span": "6", "minimum_so": "13.657", "maximum_so": "16.497", "horizontal": "33.020", "upazila": "Narayanganj Sadar", "district": "Narayanganj", "remarks": "-", "shwl__msl_": 5.07646, "slwl__msl_": 0.16979400000000003, "longitude": 90.51758, "latitude": 23.703349}}, {"type": "Feature", "id": 326, "geometry": {"type": "Point", "coordinates": [90.51766300000008, 23.703585000000032]}, "properties": {"objectid": 326, "id": "IWM_115", "bridge_loc": "Kanchpur Old Bridge", "authority": "RHD", "river_name": "Shitalakshya", "river_widt": 282.65, "bridge_len": "397.670", "no_of_pill": "7", "no_of_span": "8", "minimum_so": "14.007", "maximum_so": "16.847", "horizontal": "33.300", "upazila": "Narayanganj Sadar", "district": "Narayanganj", "remarks": "-", "shwl__msl_": 5.07734, "slwl__msl_": 0.170178, "longitude": 90.517663, "latitude": 23.703584999999997}}, {"type": "Feature", "id": 327, "geometry": {"type": "Point", "coordinates": [90.49626500000005, 23.73275700000005]}, "properties": {"objectid": 327, "id": "IWM_110", "bridge_loc": "Rupgonj Bridge", "authority": "LGED", "river_name": "Balu", "river_widt": 89.18, "bridge_len": "110.080", "no_of_pill": "5", "no_of_span": "6", "minimum_so": "8.237", "maximum_so": "8.977", "horizontal": "16.110", "upazila": "Demra", "district": "Dhaka", "remarks": "-", "shwl__msl_": 5.13012, "slwl__msl_": 0.110051, "longitude": 90.49626500000001, "latitude": 23.732757000000003}}, {"type": "Feature", "id": 328, "geometry": {"type": "Point", "coordinates": [90.29870900000003, 23.63322400000004]}, "properties": {"objectid": 328, "id": "IWM_Ex-142", "bridge_loc": "Rajanagar Bridge", "authority": "LGED", "river_name": "Ichamoti", "river_widt": 86.57, "bridge_len": "106.170", "no_of_pill": "4", "no_of_span": "5", "minimum_so": "7.214", "maximum_so": "7.284", "horizontal": "18.760", "upazila": "Sirajdikhan", "district": "Munshiganj", "remarks": "-", "shwl__msl_": 5.47435, "slwl__msl_": 0.262867, "longitude": 90.298709, "latitude": 23.633224}}, {"type": "Feature", "id": 329, "geometry": {"type": "Point", "coordinates": [90.30282700000004, 23.655996000000073]}, "properties": {"objectid": 329, "id": "IWM_Ex-140", "bridge_loc": "Sayedpur Bridge", "authority": "LGED", "river_name": "Ichamoti", "river_widt": 60.23, "bridge_len": "81.470", "no_of_pill": "3", "no_of_span": "4", "minimum_so": "7.214", "maximum_so": "7.334", "horizontal": "18.670", "upazila": "Sirajdikhan", "district": "Munshiganj", "remarks": "-", "shwl__msl_": 5.3976, "slwl__msl_": 0.234191, "longitude": 90.30282700000001, "latitude": 23.655996}}, {"type": "Feature", "id": 330, "geometry": {"type": "Point", "coordinates": [90.30191000000008, 23.646259000000043]}, "properties": {"objectid": 330, "id": "IWM_Ex-141", "bridge_loc": "Modhupur Bamboo Bridge", "authority": "-", "river_name": "-", "river_widt": 48.98, "bridge_len": "-", "no_of_pill": "-", "no_of_span": "-", "minimum_so": "-", "maximum_so": "-", "horizontal": "-", "upazila": "Sirajdikhan", "district": "Munshiganj", "remarks": "Bamboo sako", "shwl__msl_": 5.426760000000001, "slwl__msl_": 0.24539700000000003, "longitude": 90.30191, "latitude": 23.646259}}, {"type": "Feature", "id": 331, "geometry": {"type": "Point", "coordinates": [90.30587400000007, 23.657475000000034]}, "properties": {"objectid": 331, "id": "IWM_Ex-139", "bridge_loc": "Bamboo Bridge", "authority": "-", "river_name": "-", "river_widt": 0, "bridge_len": "-", "no_of_pill": "-", "no_of_span": "-", "minimum_so": "-", "maximum_so": "-", "horizontal": "-", "upazila": "Sirajdikhan", "district": "Munshiganj", "remarks": "Bamboo sako", "shwl__msl_": 5.379379999999999, "slwl__msl_": 0.227851, "longitude": 90.305874, "latitude": 23.657474999999998}}, {"type": "Feature", "id": 332, "geometry": {"type": "Point", "coordinates": [90.34846300000004, 23.643687000000057]}, "properties": {"objectid": 332, "id": "IWM_89", "bridge_loc": "Dhaleshwari Setu-1 (Old)", "authority": "RHD", "river_name": "Dhaleswari", "river_widt": 175.33, "bridge_len": "258.690", "no_of_pill": "6", "no_of_span": "7", "minimum_so": "14.044", "maximum_so": "14.924", "horizontal": "35.280", "upazila": "Keraniganj", "district": "Dhaka", "remarks": "-", "shwl__msl_": 5.239990000000001, "slwl__msl_": 0.187985, "longitude": 90.348463, "latitude": 23.643687}}, {"type": "Feature", "id": 333, "geometry": {"type": "Point", "coordinates": [90.34807000000006, 23.642769000000044]}, "properties": {"objectid": 333, "id": "IWM_89 A", "bridge_loc": "Dhaleshwari Bridge-1 (New)", "authority": "RHD", "river_name": "Dhaleswari", "river_widt": 221.75, "bridge_len": "346.470", "no_of_pill": "6", "no_of_span": "7", "minimum_so": "14.429", "maximum_so": "15.534", "horizontal": "31.240", "upazila": "Keraniganj", "district": "Dhaka", "remarks": "-", "shwl__msl_": 5.24209, "slwl__msl_": 0.191852, "longitude": 90.34806999999999, "latitude": 23.642769}}, {"type": "Feature", "id": 334, "geometry": {"type": "Point", "coordinates": [90.30990300000008, 23.65691300000003]}, "properties": {"objectid": 334, "id": "IWM_Ex-139", "bridge_loc": "Soyadpur Bridge", "authority": "LGED", "river_name": "-", "river_widt": 46.84, "bridge_len": "38.870", "no_of_pill": "1", "no_of_span": "2", "minimum_so": "7.864", "maximum_so": "7.864", "horizontal": "15.450", "upazila": "Serajdikhan", "district": "Munshiganj", "remarks": "-", "shwl__msl_": 5.3656, "slwl__msl_": 0.223834, "longitude": 90.309903, "latitude": 23.656913}}, {"type": "Feature", "id": 335, "geometry": {"type": "Point", "coordinates": [90.31115800000003, 23.662603000000047]}, "properties": {"objectid": 335, "id": "IWM_89 B", "bridge_loc": "Jahangirkhan Bridge (Under Construction Bridge)", "authority": "RHD", "river_name": "-", "river_widt": 0, "bridge_len": "-", "no_of_pill": "-", "no_of_span": "-", "minimum_so": "-", "maximum_so": "-", "horizontal": "-", "upazila": "Keraniganj", "district": "Dhaka", "remarks": "-", "shwl__msl_": 5.35037, "slwl__msl_": 0.21963100000000002, "longitude": 90.31115799999999, "latitude": 23.662603}}, {"type": "Feature", "id": 336, "geometry": {"type": "Point", "coordinates": [90.28879400000005, 23.668911000000037]}, "properties": {"objectid": 336, "id": "IWM_70", "bridge_loc": "Tulshikhali Setu", "authority": "RHD", "river_name": "Dhaleswari", "river_widt": 158.87, "bridge_len": "259.850", "no_of_pill": "3", "no_of_span": "4", "minimum_so": "11.274", "maximum_so": "11.954", "horizontal": "37.680", "upazila": "Serajdikhan", "district": "Munshiganj", "remarks": "-", "shwl__msl_": 5.421340000000001, "slwl__msl_": 0.241183, "longitude": 90.28879400000001, "latitude": 23.668911}}, {"type": "Feature", "id": 337, "geometry": {"type": "Point", "coordinates": [90.27328500000004, 23.65081200000003]}, "properties": {"objectid": 337, "id": "IWM_58", "bridge_loc": "Mohakobi Kaykobad Bridge", "authority": "RHD", "river_name": "Ichamoti", "river_widt": 108.67, "bridge_len": "218.270", "no_of_pill": "4", "no_of_span": "5", "minimum_so": "13.124", "maximum_so": "13.134", "horizontal": "37.920", "upazila": "Serajdikhan", "district": "Munshiganj", "remarks": "-", "shwl__msl_": 5.58132, "slwl__msl_": 0.289795, "longitude": 90.273285, "latitude": 23.650812000000002}}, {"type": "Feature", "id": 338, "geometry": {"type": "Point", "coordinates": [90.35678900000005, 23.636473000000024]}, "properties": {"objectid": 338, "id": "IWM_89 A", "bridge_loc": "Dhaleshwari Rail Bridge", "authority": "-", "river_name": "Dhaleswari", "river_widt": 340.08, "bridge_len": "352.790", "no_of_pill": "5", "no_of_span": "-", "minimum_so": "14.909", "maximum_so": "15.151", "horizontal": "91.320", "upazila": "Serajdikhan", "district": "Munshiganj", "remarks": "-", "shwl__msl_": 5.21642, "slwl__msl_": 0.183581, "longitude": 90.356789, "latitude": 23.636473000000002}}, {"type": "Feature", "id": 339, "geometry": {"type": "Point", "coordinates": [89.51675500000005, 23.541115000000048]}, "properties": {"objectid": 339, "id": "IWM_276", "bridge_loc": "B_276_Kamarkhali Bridge", "authority": "RHD", "river_name": "Modhumoti", "river_widt": 366.59, "bridge_len": "406.980", "no_of_pill": "6", "no_of_span": "7", "minimum_so": "14.930", "maximum_so": "15.670", "horizontal": "86.280", "upazila": "Sreepur", "district": "Magura", "remarks": "-", "shwl__msl_": 7.5219000000000005, "slwl__msl_": 0.330723, "longitude": 89.516755, "latitude": 23.541115}}, {"type": "Feature", "id": 340, "geometry": {"type": "Point", "coordinates": [88.83458600000006, 23.580151000000058]}, "properties": {"objectid": 340, "id": "IWM_502", "bridge_loc": "B_502_Kukia Chadpur Bridge", "authority": "-", "river_name": "Chitra", "river_widt": 39, "bridge_len": "12.200", "no_of_pill": "1", "no_of_span": "2", "minimum_so": "10.387", "maximum_so": "10.679", "horizontal": "5.600", "upazila": "Chuadanga Sadar", "district": "Chuadanga", "remarks": "-", "shwl__msl_": 9.15477, "slwl__msl_": 3.2863399999999996, "longitude": 88.834586, "latitude": 23.580151}}, {"type": "Feature", "id": 341, "geometry": {"type": "Point", "coordinates": [89.43268800000004, 23.538391000000047]}, "properties": {"objectid": 341, "id": "IWM_772", "bridge_loc": "B_772_Tengakhali Bridge", "authority": "LGED", "river_name": "Kumar", "river_widt": 141, "bridge_len": "180.000", "no_of_pill": "8", "no_of_span": "9", "minimum_so": "8.090", "maximum_so": "8.170", "horizontal": "16.200", "upazila": "Magura Sadar", "district": "Magura", "remarks": "-", "shwl__msl_": 5.33448, "slwl__msl_": 1.52426, "longitude": 89.432688, "latitude": 23.538391}}, {"type": "Feature", "id": 342, "geometry": {"type": "Point", "coordinates": [89.78342700000007, 23.60044400000004]}, "properties": {"objectid": 342, "id": "IWM_979", "bridge_loc": "B_979_Bahirdia Bridge", "authority": "RHD", "river_name": "Kumar", "river_widt": 43.47, "bridge_len": "58.500", "no_of_pill": "1", "no_of_span": "2", "minimum_so": "8.142", "maximum_so": "8.182", "horizontal": "25.600", "upazila": "Faridpur Sadar", "district": "Faridpur", "remarks": "-", "shwl__msl_": 6.827640000000001, "slwl__msl_": 1.04133, "longitude": 89.783427, "latitude": 23.600444}}, {"type": "Feature", "id": 343, "geometry": {"type": "Point", "coordinates": [89.81648600000005, 23.60984700000006]}, "properties": {"objectid": 343, "id": "IWM_736", "bridge_loc": "B_736_Ambikapur Railway Bridge", "authority": "-", "river_name": "Kumar", "river_widt": 64, "bridge_len": "73.700", "no_of_pill": "2", "no_of_span": "3", "minimum_so": "9.625", "maximum_so": "9.645", "horizontal": "30.630", "upazila": "Faridpur Sadar", "district": "Faridpur", "remarks": "-", "shwl__msl_": 7.18877, "slwl__msl_": 1.11491, "longitude": 89.816486, "latitude": 23.609847}}, {"type": "Feature", "id": 344, "geometry": {"type": "Point", "coordinates": [89.85565900000006, 23.62275900000003]}, "properties": {"objectid": 344, "id": "IWM_752", "bridge_loc": "B_752_Pc Garder Bridge", "authority": "RHD", "river_name": "Kumar", "river_widt": 33.66, "bridge_len": "33.660", "no_of_pill": "-", "no_of_span": "1", "minimum_so": "8.685", "maximum_so": "8.685", "horizontal": "19.440", "upazila": "Faridpur Sadar", "district": "Faridpur", "remarks": "-", "shwl__msl_": 7.561529999999999, "slwl__msl_": 1.24427, "longitude": 89.85565899999999, "latitude": 23.622759000000002}}, {"type": "Feature", "id": 345, "geometry": {"type": "Point", "coordinates": [89.82916400000005, 23.603218000000027]}, "properties": {"objectid": 345, "id": "IWM_740", "bridge_loc": "B_740_Alipur Bridge", "authority": "RHD", "river_name": "Kumar", "river_widt": 64, "bridge_len": "106.000", "no_of_pill": "2", "no_of_span": "3", "minimum_so": "8.195", "maximum_so": "8.215", "horizontal": "30.700", "upazila": "Faridpur Sadar", "district": "Faridpur", "remarks": "-", "shwl__msl_": 7.0268299999999995, "slwl__msl_": 1.05973, "longitude": 89.82916399999999, "latitude": 23.603218000000002}}, {"type": "Feature", "id": 346, "geometry": {"type": "Point", "coordinates": [90.28668300000004, 23.55597000000006]}, "properties": {"objectid": 346, "id": "IWM_Ex-130", "bridge_loc": "Shinher Majhipara Bamboo Bridge", "authority": "-", "river_name": "Arial Khan", "river_widt": 57.87, "bridge_len": "-", "no_of_pill": "-", "no_of_span": "-", "minimum_so": "-", "maximum_so": "-", "horizontal": "-", "upazila": "Sreenagar", "district": "Munshiganj", "remarks": "Bamboo sako", "shwl__msl_": 5.65618, "slwl__msl_": 0.337938, "longitude": 90.28668300000001, "latitude": 23.555970000000002}}, {"type": "Feature", "id": 347, "geometry": {"type": "Point", "coordinates": [90.27669900000006, 23.602783000000045]}, "properties": {"objectid": 347, "id": "IWM_60", "bridge_loc": "Alompur Bazar Bridge", "authority": "LGED", "river_name": "Ichamoti", "river_widt": 65.75, "bridge_len": "89.740", "no_of_pill": "4", "no_of_span": "5", "minimum_so": "9.004", "maximum_so": "9.504", "horizontal": "15.420", "upazila": "Sreenagar", "district": "Munshiganj", "remarks": "-", "shwl__msl_": 5.65149, "slwl__msl_": 0.322625, "longitude": 90.27669900000001, "latitude": 23.602783}}, {"type": "Feature", "id": 348, "geometry": {"type": "Point", "coordinates": [90.27872500000007, 23.621322000000077]}, "properties": {"objectid": 348, "id": "IWM_62", "bridge_loc": "Shikharnagar Gopalpur Bridge", "authority": "LGED", "river_name": "Ichamoti", "river_widt": 77.91, "bridge_len": "99.930", "no_of_pill": "4", "no_of_span": "5", "minimum_so": "8.905", "maximum_so": "9.384", "horizontal": "16.280", "upazila": "Sirajdikhan", "district": "Munshiganj", "remarks": "-", "shwl__msl_": 5.60828, "slwl__msl_": 0.305107, "longitude": 90.278725, "latitude": 23.621322000000003}}, {"type": "Feature", "id": 349, "geometry": {"type": "Point", "coordinates": [90.27574200000004, 23.618246000000056]}, "properties": {"objectid": 349, "id": "IWM_59", "bridge_loc": "Shikharnagar Bridge", "authority": "LGED", "river_name": "Ichamoti", "river_widt": 94.73, "bridge_len": "125.880", "no_of_pill": "4", "no_of_span": "5", "minimum_so": "10.414", "maximum_so": "10.654", "horizontal": "19.040", "upazila": "Sirajdikhan", "district": "Munshiganj", "remarks": "-", "shwl__msl_": 5.6302900000000005, "slwl__msl_": 0.312277, "longitude": 90.275742, "latitude": 23.618246000000003}}, {"type": "Feature", "id": 350, "geometry": {"type": "Point", "coordinates": [90.28667500000006, 23.61820300000005]}, "properties": {"objectid": 350, "id": "IWM_Ex-143", "bridge_loc": "Gopalpur College Bridge", "authority": "LGED", "river_name": "Ichamoti", "river_widt": 69.43, "bridge_len": "89.530", "no_of_pill": "4", "no_of_span": "5", "minimum_so": "6.684", "maximum_so": "7.004", "horizontal": "14.540", "upazila": "Sirajdikhan", "district": "Munshiganj", "remarks": "-", "shwl__msl_": 5.56828, "slwl__msl_": 0.29410200000000003, "longitude": 90.286675, "latitude": 23.618203}}, {"type": "Feature", "id": 351, "geometry": {"type": "Point", "coordinates": [90.28573200000005, 23.53645700000004]}, "properties": {"objectid": 351, "id": "IWM_Ex-135A", "bridge_loc": "Shrinogor Khal Bridge", "authority": "RHD", "river_name": "Shrinogor Khal", "river_widt": 41.22, "bridge_len": "49.190", "no_of_pill": "2", "no_of_span": "3", "minimum_so": "6.534", "maximum_so": "6.846", "horizontal": "18.820", "upazila": "Sreenagar", "district": "Munshiganj", "remarks": "-", "shwl__msl_": 5.6802, "slwl__msl_": 0.35202400000000006, "longitude": 90.28573200000001, "latitude": 23.536457000000002}}, {"type": "Feature", "id": 352, "geometry": {"type": "Point", "coordinates": [90.28736500000008, 23.561352000000056]}, "properties": {"objectid": 352, "id": "IWM_Ex-129", "bridge_loc": "Somsabad Bamboo Bridge", "authority": "-", "river_name": "Arial Khan", "river_widt": 52.09, "bridge_len": "-", "no_of_pill": "-", "no_of_span": "-", "minimum_so": "-", "maximum_so": "-", "horizontal": "-", "upazila": "Sreenagar", "district": "Munshiganj", "remarks": "Bamboo sako", "shwl__msl_": 5.64494, "slwl__msl_": 0.33292600000000006, "longitude": 90.28736500000001, "latitude": 23.561352}}, {"type": "Feature", "id": 353, "geometry": {"type": "Point", "coordinates": [90.28456100000005, 23.544867000000067]}, "properties": {"objectid": 353, "id": "IWM_Ex-132", "bridge_loc": "Pojilamori Bridge", "authority": "-", "river_name": "Shrinogor Khal", "river_widt": 46.49, "bridge_len": "51.880", "no_of_pill": "4", "no_of_span": "-", "minimum_so": "7.550", "maximum_so": "7.981", "horizontal": "9.570", "upazila": "Sreenagar", "district": "Munshiganj", "remarks": "-", "shwl__msl_": 5.67857, "slwl__msl_": 0.348411, "longitude": 90.284561, "latitude": 23.544867}}, {"type": "Feature", "id": 354, "geometry": {"type": "Point", "coordinates": [90.28460500000006, 23.54178100000007]}, "properties": {"objectid": 354, "id": "IWM_Ex-133", "bridge_loc": "Deulvog Bamboo Bridge", "authority": "-", "river_name": "Shrinogor Khal", "river_widt": 39.03, "bridge_len": "-", "no_of_pill": "-", "no_of_span": "-", "minimum_so": "-", "maximum_so": "-", "horizontal": "-", "upazila": "Sreenagar", "district": "Munshiganj", "remarks": "Bamboo sako", "shwl__msl_": 5.68102, "slwl__msl_": 0.35011600000000004, "longitude": 90.284605, "latitude": 23.541781}}, {"type": "Feature", "id": 355, "geometry": {"type": "Point", "coordinates": [90.28406200000006, 23.540092000000072]}, "properties": {"objectid": 355, "id": "IWM_Ex-134", "bridge_loc": "Gazalhati Bridge", "authority": "-", "river_name": "Shrinogor Khal", "river_widt": 42.14, "bridge_len": "79.960", "no_of_pill": "4", "no_of_span": "-", "minimum_so": "7.427", "maximum_so": "7.446", "horizontal": "12.430", "upazila": "Sreenagar", "district": "Munshiganj", "remarks": "-", "shwl__msl_": 5.6880299999999995, "slwl__msl_": 0.352744, "longitude": 90.284062, "latitude": 23.540091999999998}}, {"type": "Feature", "id": 356, "geometry": {"type": "Point", "coordinates": [90.28573400000005, 23.536358000000064]}, "properties": {"objectid": 356, "id": "IWM_Ex-135", "bridge_loc": "Shrinagar Khal Bridge", "authority": "RHD", "river_name": "Shrinogor Khal", "river_widt": 39.01, "bridge_len": "44.870", "no_of_pill": "2", "no_of_span": "-", "minimum_so": "6.867", "maximum_so": "6.876", "horizontal": "17.920", "upazila": "Sreenagar", "district": "Munshiganj", "remarks": "-", "shwl__msl_": 5.6802, "slwl__msl_": 0.35202400000000006, "longitude": 90.285734, "latitude": 23.536358}}, {"type": "Feature", "id": 357, "geometry": {"type": "Point", "coordinates": [90.28600900000004, 23.553945000000056]}, "properties": {"objectid": 357, "id": "IWM_Ex-131", "bridge_loc": "Goalpara Bridge", "authority": "-", "river_name": "Arial Khan", "river_widt": 65.72, "bridge_len": "79.860", "no_of_pill": "-", "no_of_span": "-", "minimum_so": "7.188", "maximum_so": "7.486", "horizontal": "14.160", "upazila": "Sreenagar", "district": "Munshiganj", "remarks": "-", "shwl__msl_": 5.6643799999999995, "slwl__msl_": 0.34118000000000004, "longitude": 90.286009, "latitude": 23.553945}}, {"type": "Feature", "id": 358, "geometry": {"type": "Point", "coordinates": [90.42235400000004, 23.611951000000033]}, "properties": {"objectid": 358, "id": "IWM_103", "bridge_loc": "Baluchar Bridge", "authority": "-", "river_name": "Dhaleswari", "river_widt": 219.44, "bridge_len": "480.320", "no_of_pill": "11", "no_of_span": "-", "minimum_so": "12.738", "maximum_so": "15.539", "horizontal": "34.870", "upazila": "Serajdikhan", "district": "Munshiganj", "remarks": "-", "shwl__msl_": 4.97227, "slwl__msl_": 0.12963, "longitude": 90.42235400000001, "latitude": 23.611950999999998}}, {"type": "Feature", "id": 359, "geometry": {"type": "Point", "coordinates": [90.70016700000008, 23.530229000000077]}, "properties": {"objectid": 359, "id": "IWM_109", "bridge_loc": "2nd Gomati Bridge", "authority": "RHD", "river_name": "Meghna River Branch", "river_widt": 1174.38, "bridge_len": "1424.754", "no_of_pill": "15", "no_of_span": "-", "minimum_so": "12.036", "maximum_so": "15.936", "horizontal": "81.488", "upazila": "Gazaria", "district": "Mymensingh", "remarks": "-", "shwl__msl_": 4.84971, "slwl__msl_": 0.063446, "longitude": 90.70016700000001, "latitude": 23.530229000000002}}, {"type": "Feature", "id": 360, "geometry": {"type": "Point", "coordinates": [90.50969600000008, 23.590666000000056]}, "properties": {"objectid": 360, "id": "IWM_112", "bridge_loc": "3rd Shitalakshya Bridge", "authority": "-", "river_name": "Shitalakshya", "river_widt": 301.794, "bridge_len": "1410.000", "no_of_pill": "5", "no_of_span": "-", "minimum_so": "24.991", "maximum_so": "26.013", "horizontal": "75.890", "upazila": "Narayanganj Sadar", "district": "Narayanganj", "remarks": "-", "shwl__msl_": 4.91049, "slwl__msl_": 0.09977200000000001, "longitude": 90.509696, "latitude": 23.590666}}, {"type": "Feature", "id": 361, "geometry": {"type": "Point", "coordinates": [90.51258200000007, 23.57006700000005]}, "properties": {"objectid": 361, "id": "IWM_113", "bridge_loc": "Muktarpur Bridge", "authority": "-", "river_name": "Dhaleswari", "river_widt": 566.69, "bridge_len": "1469.590", "no_of_pill": "-", "no_of_span": "-", "minimum_so": "21.225", "maximum_so": "25.624", "horizontal": "87.684", "upazila": "Munshiganj Sadar", "district": "Munshiganj", "remarks": "-", "shwl__msl_": 4.79261, "slwl__msl_": 0.089703, "longitude": 90.51258200000001, "latitude": 23.570067}}, {"type": "Feature", "id": 362, "geometry": {"type": "Point", "coordinates": [90.61411500000008, 23.60608200000007]}, "properties": {"objectid": 362, "id": "IWM_122", "bridge_loc": "Meghna Bridge", "authority": "RHD", "river_name": "Meghna", "river_widt": 804.94, "bridge_len": "932.730", "no_of_pill": "11", "no_of_span": "12", "minimum_so": "13.500", "maximum_so": "23.270", "horizontal": "76.638", "upazila": "Gazaria", "district": "Mymensingh", "remarks": "-", "shwl__msl_": 4.8611, "slwl__msl_": 0.060673, "longitude": 90.614115, "latitude": 23.606082}}, {"type": "Feature", "id": 363, "geometry": {"type": "Point", "coordinates": [89.14848300000006, 23.45517200000006]}, "properties": {"objectid": 363, "id": "IWM_309", "bridge_loc": "B_309_Shobnali_Bridge", "authority": "RHD", "river_name": "Marirchap", "river_widt": 57.55, "bridge_len": "90.400", "no_of_pill": "2", "no_of_span": "3", "minimum_so": "7.914", "maximum_so": "7.934", "horizontal": "23.530", "upazila": "Jhanaidaha Sadar", "district": "Jhanaidaha", "remarks": "-", "shwl__msl_": 5.46077, "slwl__msl_": 2.40438, "longitude": 89.148483, "latitude": 23.455172}}, {"type": "Feature", "id": 364, "geometry": {"type": "Point", "coordinates": [88.81647800000007, 23.439997000000062]}, "properties": {"objectid": 364, "id": "IWM_673", "bridge_loc": "B_673_Kala Bridge", "authority": "LGED", "river_name": "Bhairab", "river_widt": 32, "bridge_len": "18.250", "no_of_pill": "2", "no_of_span": "3", "minimum_so": "8.454", "maximum_so": "8.627", "horizontal": "5.430", "upazila": "Joypurhat Sadar", "district": "Joypurhat", "remarks": "-", "shwl__msl_": 8.065169999999998, "slwl__msl_": 2.3888599999999998, "longitude": 88.816478, "latitude": 23.439997}}, {"type": "Feature", "id": 365, "geometry": {"type": "Point", "coordinates": [88.83304500000008, 23.475362000000075]}, "properties": {"objectid": 365, "id": "IWM_501", "bridge_loc": "B_501_Sontoshpur Bridge", "authority": "LGED", "river_name": "Kabodak", "river_widt": 29.44, "bridge_len": "19.700", "no_of_pill": "1", "no_of_span": "2", "minimum_so": "9.611", "maximum_so": "9.667", "horizontal": "8.250", "upazila": "Joypurhat Sadar", "district": "Joypurhat", "remarks": "-", "shwl__msl_": 8.173219999999999, "slwl__msl_": 2.5068, "longitude": 88.833045, "latitude": 23.475362}}, {"type": "Feature", "id": 366, "geometry": {"type": "Point", "coordinates": [88.81007000000005, 23.45161100000007]}, "properties": {"objectid": 366, "id": "IWM_672", "bridge_loc": "B_672_Dhopakhali Bridge", "authority": "-", "river_name": "Bhairab", "river_widt": 35.94, "bridge_len": "41.000", "no_of_pill": "2", "no_of_span": "3", "minimum_so": "10.408", "maximum_so": "10.460", "horizontal": "11.370", "upazila": "Joypurhat Sadar", "district": "Joypurhat", "remarks": "-", "shwl__msl_": 8.19367, "slwl__msl_": 2.42743, "longitude": 88.81007, "latitude": 23.451611}}, {"type": "Feature", "id": 367, "geometry": {"type": "Point", "coordinates": [89.60735600000004, 23.403675000000078]}, "properties": {"objectid": 367, "id": "IWM_277", "bridge_loc": "B_277_Mohammadpur Bridge", "authority": "-", "river_name": "Modhumoti", "river_widt": 291, "bridge_len": "600.970", "no_of_pill": "14", "no_of_span": "15", "minimum_so": "12.400", "maximum_so": "13.950", "horizontal": "38.000", "upazila": "Mohammadpur", "district": "Magura", "remarks": "-", "shwl__msl_": 6.17727, "slwl__msl_": 0.13989400000000002, "longitude": 89.607356, "latitude": 23.403675}}, {"type": "Feature", "id": 368, "geometry": {"type": "Point", "coordinates": [89.42074100000008, 23.494966000000034]}, "properties": {"objectid": 368, "id": "IWM_898", "bridge_loc": "B_898_Niznanduali Bridge", "authority": "RHD", "river_name": "Nabaganga", "river_widt": 37.65, "bridge_len": "53.860", "no_of_pill": "2", "no_of_span": "3", "minimum_so": "7.570", "maximum_so": "7.640", "horizontal": "16.840", "upazila": "Magura Sadar", "district": "Magura", "remarks": "-", "shwl__msl_": 4.66026, "slwl__msl_": 0.95021, "longitude": 89.42074099999999, "latitude": 23.494966}}, {"type": "Feature", "id": 369, "geometry": {"type": "Point", "coordinates": [89.42938600000008, 23.48977700000006]}, "properties": {"objectid": 369, "id": "IWM_900", "bridge_loc": "B_900_Nabaganga Bridge", "authority": "BWDB", "river_name": "Nabaganga", "river_widt": 45.9, "bridge_len": "47.930", "no_of_pill": "7", "no_of_span": "8", "minimum_so": "7.040", "maximum_so": "7.060", "horizontal": "5.000", "upazila": "Magura Sadar", "district": "Magura", "remarks": "-", "shwl__msl_": 4.62683, "slwl__msl_": 0.9116440000000001, "longitude": 89.429386, "latitude": 23.489777}}, {"type": "Feature", "id": 370, "geometry": {"type": "Point", "coordinates": [89.42903900000005, 23.488969000000054]}, "properties": {"objectid": 370, "id": "IWM_900 (A)", "bridge_loc": "B_900 (A)_Nabaganga Bridge (Sluice Gate)", "authority": "RHD", "river_name": "Nabaganga", "river_widt": 18, "bridge_len": "21.200", "no_of_pill": "-", "no_of_span": "-", "minimum_so": "-", "maximum_so": "-", "horizontal": "-", "upazila": "Magura Sadar", "district": "Magura", "remarks": "-", "shwl__msl_": 4.62062, "slwl__msl_": 0.9118120000000001, "longitude": 89.429039, "latitude": 23.488969}}, {"type": "Feature", "id": 371, "geometry": {"type": "Point", "coordinates": [89.94517300000007, 23.402011000000073]}, "properties": {"objectid": 371, "id": "IWM_756", "bridge_loc": "B_756_Monsurabad Bridge", "authority": "RHD", "river_name": "Kumar", "river_widt": 90.3, "bridge_len": "121.000", "no_of_pill": "2", "no_of_span": "3", "minimum_so": "8.650", "maximum_so": "8.660", "horizontal": "37.000", "upazila": "Nagarkanda", "district": "Faridpur", "remarks": "-", "shwl__msl_": 3.95473, "slwl__msl_": 0.003326, "longitude": 89.945173, "latitude": 23.402011}}, {"type": "Feature", "id": 372, "geometry": {"type": "Point", "coordinates": [89.71148600000004, 23.430686000000037]}, "properties": {"objectid": 372, "id": "IWM_965", "bridge_loc": "B_965_Chitra Bridge", "authority": "RHD", "river_name": "Kumar", "river_widt": 62, "bridge_len": "75.800", "no_of_pill": "3", "no_of_span": "4", "minimum_so": "7.470", "maximum_so": "7.650", "horizontal": "17.850", "upazila": "Boalmari", "district": "Faridpur", "remarks": "-", "shwl__msl_": 4.47269, "slwl__msl_": 0.52, "longitude": 89.711486, "latitude": 23.430685999999998}}, {"type": "Feature", "id": 373, "geometry": {"type": "Point", "coordinates": [89.71352700000006, 23.430063000000075]}, "properties": {"objectid": 373, "id": "IWM_1015", "bridge_loc": "B_1015_Datpur Bridge", "authority": "LGED", "river_name": "Pajarkhali", "river_widt": 27.62, "bridge_len": "32.940", "no_of_pill": "2", "no_of_span": "3", "minimum_so": "6.420", "maximum_so": "6.420", "horizontal": "10.000", "upazila": "Boalmari", "district": "Faridpur", "remarks": "-", "shwl__msl_": 4.48922, "slwl__msl_": 0.52, "longitude": 89.713527, "latitude": 23.430063}}, {"type": "Feature", "id": 374, "geometry": {"type": "Point", "coordinates": [89.71681500000005, 23.412387000000024]}, "properties": {"objectid": 374, "id": "IWM_967", "bridge_loc": "B_967_Rajapur Bridge", "authority": "LGED", "river_name": "Kumar", "river_widt": 66, "bridge_len": "74.780", "no_of_pill": "4", "no_of_span": "5", "minimum_so": "6.300", "maximum_so": "6.370", "horizontal": "14.340", "upazila": "Boalmari", "district": "Faridpur", "remarks": "-", "shwl__msl_": 4.38817, "slwl__msl_": 0.46657600000000005, "longitude": 89.71681500000001, "latitude": 23.412387}}, {"type": "Feature", "id": 375, "geometry": {"type": "Point", "coordinates": [89.81840700000004, 23.448710000000062]}, "properties": {"objectid": 375, "id": "IWM_738", "bridge_loc": "B_738_Bhawal Bridge", "authority": "RHD", "river_name": "-", "river_widt": 69, "bridge_len": "80.000", "no_of_pill": "4", "no_of_span": "5", "minimum_so": "7.090", "maximum_so": "7.100", "horizontal": "15.830", "upazila": "Nagarkanda", "district": "Faridpur", "remarks": "-", "shwl__msl_": 5.40883, "slwl__msl_": 0.5016010000000001, "longitude": 89.818407, "latitude": 23.44871}}, {"type": "Feature", "id": 376, "geometry": {"type": "Point", "coordinates": [89.81388100000004, 23.45027200000004]}, "properties": {"objectid": 376, "id": "IWM_1019", "bridge_loc": "B_1019_Kodomtoli Bridge", "authority": "-", "river_name": "Salthar", "river_widt": 23, "bridge_len": "30.000", "no_of_pill": "2", "no_of_span": "3", "minimum_so": "6.310", "maximum_so": "6.310", "horizontal": "8.400", "upazila": "Nagarkanda", "district": "Faridpur", "remarks": "-", "shwl__msl_": 5.39099, "slwl__msl_": 0.508611, "longitude": 89.813881, "latitude": 23.450272}}, {"type": "Feature", "id": 377, "geometry": {"type": "Point", "coordinates": [90.70732000000004, 23.455845000000068]}, "properties": {"objectid": 377, "id": "IWM_558", "bridge_loc": "Sree Rayerchar Bridge", "authority": "RHD", "river_name": "Dhonagoda", "river_widt": 226.813, "bridge_len": "261.638", "no_of_pill": "12", "no_of_span": "13", "minimum_so": "16.082", "maximum_so": "16.762", "horizontal": "13.349", "upazila": "Matlab", "district": "Chadpur", "remarks": "-", "shwl__msl_": 4.7386, "slwl__msl_": 0.01297, "longitude": 90.70732000000001, "latitude": 23.455845}}, {"type": "Feature", "id": 378, "geometry": {"type": "Point", "coordinates": [91.20165300000008, 23.470628000000033]}, "properties": {"objectid": 378, "id": "IWM_617", "bridge_loc": "Tikkarchar Bridge", "authority": "RHD", "river_name": "Gomati", "river_widt": 87.366, "bridge_len": "218.890", "no_of_pill": "4", "no_of_span": "-", "minimum_so": "15.297", "maximum_so": "15.907", "horizontal": "25.290", "upazila": "Comilla Sadar", "district": "Comilla", "remarks": "-", "shwl__msl_": 9.34243, "slwl__msl_": 3.7324300000000004, "longitude": 91.201653, "latitude": 23.470628}}, {"type": "Feature", "id": 379, "geometry": {"type": "Point", "coordinates": [91.15739800000006, 23.484703000000025]}, "properties": {"objectid": 379, "id": "IWM_614", "bridge_loc": "Padipara Bridge", "authority": "RHD", "river_name": "Gomati", "river_widt": 80.06, "bridge_len": "149.580", "no_of_pill": "4", "no_of_span": "5", "minimum_so": "13.525", "maximum_so": "13.764", "horizontal": "25.890", "upazila": "Comilla Sadar", "district": "Comilla", "remarks": "-", "shwl__msl_": 8.82602, "slwl__msl_": 3.2838499999999997, "longitude": 91.157398, "latitude": 23.484703}}, {"type": "Feature", "id": 380, "geometry": {"type": "Point", "coordinates": [91.15718200000003, 23.48474600000003]}, "properties": {"objectid": 380, "id": "IWM_614 A", "bridge_loc": "Palpara Steel Bridge", "authority": "RHD", "river_name": "Gomati", "river_widt": 85.95, "bridge_len": "140.167", "no_of_pill": "3", "no_of_span": "-", "minimum_so": "12.422", "maximum_so": "12.853", "horizontal": "29.615", "upazila": "Comilla Sadar", "district": "Comilla", "remarks": "-", "shwl__msl_": 8.82602, "slwl__msl_": 3.2838499999999997, "longitude": 91.157182, "latitude": 23.484746}}, {"type": "Feature", "id": 381, "geometry": {"type": "Point", "coordinates": [91.16251200000005, 23.485865000000047]}, "properties": {"objectid": 381, "id": "IWM_615", "bridge_loc": "Basneswar Rail Bridge", "authority": "-", "river_name": "Gomati", "river_widt": 108.336, "bridge_len": "177.840", "no_of_pill": "4", "no_of_span": "5", "minimum_so": "12.572", "maximum_so": "15.622", "horizontal": "22.296", "upazila": "Comilla Sadar", "district": "Comilla", "remarks": "-", "shwl__msl_": 8.87136, "slwl__msl_": 3.32539, "longitude": 91.16251199999999, "latitude": 23.485865}}, {"type": "Feature", "id": 382, "geometry": {"type": "Point", "coordinates": [91.16238600000008, 23.48577400000005]}, "properties": {"objectid": 382, "id": "IWM_615 A", "bridge_loc": "Basneswar Rail Bridge", "authority": "-", "river_name": "Gomati", "river_widt": 101.763, "bridge_len": "178.109", "no_of_pill": "4", "no_of_span": "5", "minimum_so": "12.652", "maximum_so": "12.692", "horizontal": "22.220", "upazila": "Comilla Sadar", "district": "Comilla", "remarks": "-", "shwl__msl_": 8.88135, "slwl__msl_": 3.3294900000000003, "longitude": 91.162386, "latitude": 23.485774000000003}}, {"type": "Feature", "id": 383, "geometry": {"type": "Point", "coordinates": [91.18798400000009, 23.479464000000064]}, "properties": {"objectid": 383, "id": "IWM_616", "bridge_loc": "Chandpur Bridge", "authority": "LGED", "river_name": "Gomati", "river_widt": 72.255, "bridge_len": "137.710", "no_of_pill": "3", "no_of_span": "-", "minimum_so": "14.652", "maximum_so": "14.652", "horizontal": "31.700", "upazila": "Comilla Sadar", "district": "Comilla", "remarks": "-", "shwl__msl_": 9.178130000000001, "slwl__msl_": 3.61205, "longitude": 91.187984, "latitude": 23.479463999999997}}, {"type": "Feature", "id": 384, "geometry": {"type": "Point", "coordinates": [89.97857300000004, 23.386631000000023]}, "properties": {"objectid": 384, "id": "IWM_759", "bridge_loc": "B_759_London Bridge", "authority": "-", "river_name": "Kumar", "river_widt": 64.1, "bridge_len": "96.000", "no_of_pill": "5", "no_of_span": "6", "minimum_so": "9.879", "maximum_so": "10.823", "horizontal": "15.000", "upazila": "Bhanga", "district": "Faridpur", "remarks": "-", "shwl__msl_": 3.71, "slwl__msl_": -0.08990200000000001, "longitude": 89.978573, "latitude": 23.386631}}, {"type": "Feature", "id": 385, "geometry": {"type": "Point", "coordinates": [90.00230000000005, 23.294939000000056]}, "properties": {"objectid": 385, "id": "IWM_993", "bridge_loc": "B_993_Dignagar Bridge", "authority": "RHD", "river_name": "Kumar", "river_widt": 86, "bridge_len": "134.260", "no_of_pill": "4", "no_of_span": "5", "minimum_so": "9.511", "maximum_so": "9.567", "horizontal": "32.000", "upazila": "Maksudpur", "district": "Gopalganj", "remarks": "-", "shwl__msl_": 3.71, "slwl__msl_": -0.189585, "longitude": 90.0023, "latitude": 23.294939}}, {"type": "Feature", "id": 386, "geometry": {"type": "Point", "coordinates": [89.97808800000007, 23.38547600000004]}, "properties": {"objectid": 386, "id": "IWM_757", "bridge_loc": "B_757_Dr Sakwat Ali Fakir Bridge", "authority": "LGED", "river_name": "Kumar", "river_widt": 54, "bridge_len": "74.500", "no_of_pill": "2", "no_of_span": "3", "minimum_so": "6.357", "maximum_so": "6.413", "horizontal": "21.500", "upazila": "Bhanga", "district": "Faridpur", "remarks": "-", "shwl__msl_": 3.71, "slwl__msl_": -0.09000000000000001, "longitude": 89.978088, "latitude": 23.385476}}, {"type": "Feature", "id": 387, "geometry": {"type": "Point", "coordinates": [89.97809900000004, 23.385530000000074]}, "properties": {"objectid": 387, "id": "IWM_757 (A)", "bridge_loc": "B_757 (A)_Bhanga College Par Bridge", "authority": "LGED", "river_name": "Kumar", "river_widt": 52.5, "bridge_len": "77.000", "no_of_pill": "4", "no_of_span": "5", "minimum_so": "6.294", "maximum_so": "6.508", "horizontal": "10.000", "upazila": "Bhanga", "district": "Faridpur", "remarks": "-", "shwl__msl_": 3.71, "slwl__msl_": -0.09000000000000001, "longitude": 89.978099, "latitude": 23.38553}}, {"type": "Feature", "id": 388, "geometry": {"type": "Point", "coordinates": [90.25832000000008, 23.36072000000007]}, "properties": {"objectid": 388, "id": "IWM_Ex-20", "bridge_loc": "Bk Nagar Bangobundhu Bridge", "authority": "LGED", "river_name": "Naria Khal", "river_widt": 0, "bridge_len": "-", "no_of_pill": "5", "no_of_span": "6", "minimum_so": "7.407", "maximum_so": "7.407", "horizontal": "20.180", "upazila": "Zanjira", "district": "Sariatpur", "remarks": "-", "shwl__msl_": 5.61327, "slwl__msl_": 0.38772900000000005, "longitude": 90.25832000000001, "latitude": 23.36072}}, {"type": "Feature", "id": 389, "geometry": {"type": "Point", "coordinates": [90.27629400000006, 23.35004200000003]}, "properties": {"objectid": 389, "id": "IWM_Ex-21", "bridge_loc": "Shariatpur Bridge-04", "authority": "LGED", "river_name": "Naria Khal", "river_widt": 0, "bridge_len": "45.000", "no_of_pill": "2", "no_of_span": "3", "minimum_so": "5.551", "maximum_so": "-", "horizontal": "-", "upazila": "Zanjira", "district": "Sariatpur", "remarks": "-", "shwl__msl_": 5.51902, "slwl__msl_": 0.351258, "longitude": 90.27629400000001, "latitude": 23.350042000000002}}, {"type": "Feature", "id": 390, "geometry": {"type": "Point", "coordinates": [90.26216800000003, 23.354823000000067]}, "properties": {"objectid": 390, "id": "IWM_Ex-22", "bridge_loc": "Shariatpur Bridge-03", "authority": "LGED", "river_name": "Naria Khal", "river_widt": 0, "bridge_len": "-", "no_of_pill": "4", "no_of_span": "5", "minimum_so": "7.926", "maximum_so": "-", "horizontal": "-", "upazila": "Zanjira", "district": "Sariatpur", "remarks": "-", "shwl__msl_": 5.59147, "slwl__msl_": 0.38122500000000004, "longitude": 90.262168, "latitude": 23.354823}}, {"type": "Feature", "id": 391, "geometry": {"type": "Point", "coordinates": [90.40506000000005, 23.30814600000008]}, "properties": {"objectid": 391, "id": "IWM_Ex-23", "bridge_loc": "Old Bridge (Naria Golam Hydar Bridge) Deck Level", "authority": "LGED", "river_name": "Kirtinasha", "river_widt": 0, "bridge_len": "-", "no_of_pill": "3", "no_of_span": "4", "minimum_so": "12.306", "maximum_so": "12.306", "horizontal": "13.700", "upazila": "Naria", "district": "Sariatpur", "remarks": "-", "shwl__msl_": 4.8823799999999995, "slwl__msl_": 0.12309600000000001, "longitude": 90.40506, "latitude": 23.308146}}, {"type": "Feature", "id": 392, "geometry": {"type": "Point", "coordinates": [90.40475200000003, 23.30826600000006]}, "properties": {"objectid": 392, "id": "IWM_Ex-24", "bridge_loc": "UC (Naria Golam Hydar Bridge)", "authority": "LGED", "river_name": "Kirtinasha", "river_widt": 0, "bridge_len": "-", "no_of_pill": "-", "no_of_span": "-", "minimum_so": "13.079", "maximum_so": "13.089", "horizontal": "-", "upazila": "Naria", "district": "Sariatpur", "remarks": "-", "shwl__msl_": 4.87979, "slwl__msl_": 0.125451, "longitude": 90.404752, "latitude": 23.308266}}, {"type": "Feature", "id": 393, "geometry": {"type": "Point", "coordinates": [90.34116200000005, 23.285142000000064]}, "properties": {"objectid": 393, "id": "IWM_125", "bridge_loc": "Raj Nagar Bridge Missing B-125", "authority": "LGED", "river_name": "Kirtinasha Branch", "river_widt": 80, "bridge_len": "94.000", "no_of_pill": "2", "no_of_span": "3", "minimum_so": "6.699", "maximum_so": "6.722", "horizontal": "29.800", "upazila": "Palong", "district": "Sariatpur", "remarks": "-", "shwl__msl_": 4.84754, "slwl__msl_": 0.235381, "longitude": 90.341162, "latitude": 23.285142}}, {"type": "Feature", "id": 394, "geometry": {"type": "Point", "coordinates": [90.33614500000004, 23.29628900000006]}, "properties": {"objectid": 394, "id": "IWM_126", "bridge_loc": "Raj Najar Taltal Bridge Missing B-126", "authority": "LGED", "river_name": "Kirtinasha", "river_widt": 42, "bridge_len": "52.000", "no_of_pill": "2", "no_of_span": "3", "minimum_so": "6.390", "maximum_so": "6.418", "horizontal": "15.420", "upazila": "Naria", "district": "Sariatpur", "remarks": "-", "shwl__msl_": 4.93804, "slwl__msl_": 0.232606, "longitude": 90.336145, "latitude": 23.296288999999998}}, {"type": "Feature", "id": 395, "geometry": {"type": "Point", "coordinates": [90.29277500000006, 23.32311500000003]}, "properties": {"objectid": 395, "id": "IWM_68", "bridge_loc": "Br-68-Lowkhola Bazar Bridge", "authority": "LGED", "river_name": "Kirtinasha", "river_widt": 85, "bridge_len": "96.000", "no_of_pill": "2", "no_of_span": "3", "minimum_so": "6.538", "maximum_so": "6.978", "horizontal": "30.000", "upazila": "Zanjira", "district": "Sariatpur", "remarks": "-", "shwl__msl_": 5.31032, "slwl__msl_": 0.270488, "longitude": 90.29277499999999, "latitude": 23.323115}}, {"type": "Feature", "id": 396, "geometry": {"type": "Point", "coordinates": [90.30051200000008, 23.346148000000028]}, "properties": {"objectid": 396, "id": "IWM_72", "bridge_loc": "Kazirhat Bridge-72", "authority": "RHD", "river_name": "Kirtinasha", "river_widt": 60, "bridge_len": "110.000", "no_of_pill": "3", "no_of_span": "4", "minimum_so": "6.089", "maximum_so": "6.618", "horizontal": "23.000", "upazila": "Zanjira", "district": "Sariatpur", "remarks": "-", "shwl__msl_": 5.373, "slwl__msl_": 0.298386, "longitude": 90.300512, "latitude": 23.346148}}, {"type": "Feature", "id": 397, "geometry": {"type": "Point", "coordinates": [90.30206500000008, 23.347950000000026]}, "properties": {"objectid": 397, "id": "IWM_112", "bridge_loc": "Kazirhat Bridge Missing 112", "authority": "LGED", "river_name": "Kirtinasha", "river_widt": 54, "bridge_len": "54.000", "no_of_pill": "2", "no_of_span": "3", "minimum_so": "7.254", "maximum_so": "7.825", "horizontal": "14.300", "upazila": "Zanjira", "district": "Sariatpur", "remarks": "-", "shwl__msl_": 5.3791, "slwl__msl_": 0.29919300000000004, "longitude": 90.30206500000001, "latitude": 23.34795}}, {"type": "Feature", "id": 398, "geometry": {"type": "Point", "coordinates": [90.30089600000008, 23.34926900000005]}, "properties": {"objectid": 398, "id": "IWM_73", "bridge_loc": "Kazirhat Bridge 73", "authority": "RHD", "river_name": "Kirtinasha", "river_widt": 80, "bridge_len": "90.000", "no_of_pill": "2", "no_of_span": "3", "minimum_so": "5.427", "maximum_so": "5.444", "horizontal": "28.000", "upazila": "Zanjira", "district": "Sariatpur", "remarks": "-", "shwl__msl_": 5.39165, "slwl__msl_": 0.299329, "longitude": 90.300896, "latitude": 23.349269}}, {"type": "Feature", "id": 399, "geometry": {"type": "Point", "coordinates": [90.25803900000005, 23.33045800000008]}, "properties": {"objectid": 399, "id": "IWM_48", "bridge_loc": "Bridge 48", "authority": "RHD", "river_name": "Kirtinasha", "river_widt": 90, "bridge_len": "96.000", "no_of_pill": "2", "no_of_span": "3", "minimum_so": "6.679", "maximum_so": "6.725", "horizontal": "29.600", "upazila": "Zanjira", "district": "Sariatpur", "remarks": "-", "shwl__msl_": 5.17629, "slwl__msl_": 0.229809, "longitude": 90.258039, "latitude": 23.330458}}, {"type": "Feature", "id": 400, "geometry": {"type": "Point", "coordinates": [90.29115100000007, 23.298164000000043]}, "properties": {"objectid": 400, "id": "IWM_130", "bridge_loc": "Ganganagar Missing Bridge 130", "authority": "LGED", "river_name": "Kirtinasha", "river_widt": 44, "bridge_len": "54.000", "no_of_pill": "2", "no_of_span": "3", "minimum_so": "7.759", "maximum_so": "7.771", "horizontal": "15.000", "upazila": "Zanjira", "district": "Sariatpur", "remarks": "-", "shwl__msl_": 5.09856, "slwl__msl_": 0.243014, "longitude": 90.291151, "latitude": 23.298164}}, {"type": "Feature", "id": 401, "geometry": {"type": "Point", "coordinates": [90.30235200000004, 23.30436700000007]}, "properties": {"objectid": 401, "id": "IWM_129", "bridge_loc": "Boalia Missing Bridge 129", "authority": "LGED", "river_name": "Kirtinasha", "river_widt": 40, "bridge_len": "55.000", "no_of_pill": "3", "no_of_span": "4", "minimum_so": "8.817", "maximum_so": "9.020", "horizontal": "12.900", "upazila": "Zanjira", "district": "Sariatpur", "remarks": "-", "shwl__msl_": 5.121379999999999, "slwl__msl_": 0.25178300000000003, "longitude": 90.302352, "latitude": 23.304367000000003}}, {"type": "Feature", "id": 402, "geometry": {"type": "Point", "coordinates": [90.25371600000005, 23.293108000000075]}, "properties": {"objectid": 402, "id": "IWM_44", "bridge_loc": "Bridge 44", "authority": "LGED", "river_name": "Kirtinasha", "river_widt": 178, "bridge_len": "318.000", "no_of_pill": "8", "no_of_span": "9", "minimum_so": "11.110", "maximum_so": "11.971", "horizontal": "29.300", "upazila": "Zanjira", "district": "Sariatpur", "remarks": "-", "shwl__msl_": 5.0355799999999995, "slwl__msl_": 0.180014, "longitude": 90.253716, "latitude": 23.293108}}, {"type": "Feature", "id": 403, "geometry": {"type": "Point", "coordinates": [90.32449000000008, 23.28474700000004]}, "properties": {"objectid": 403, "id": "IWM_127", "bridge_loc": "Shoilpara Missing Bridge 127", "authority": "RHD", "river_name": "Kirtinasha", "river_widt": 60, "bridge_len": "65.000", "no_of_pill": "2", "no_of_span": "3", "minimum_so": "5.254", "maximum_so": "6.188", "horizontal": "13.500", "upazila": "Palong", "district": "Sariatpur", "remarks": "-", "shwl__msl_": 4.8842, "slwl__msl_": 0.245144, "longitude": 90.32449, "latitude": 23.284747}}, {"type": "Feature", "id": 404, "geometry": {"type": "Point", "coordinates": [90.33296500000006, 23.343521000000067]}, "properties": {"objectid": 404, "id": "IWM_114", "bridge_loc": "Ahaddi Missing Bridge 114", "authority": "RHD", "river_name": "Kirtinasha", "river_widt": 63, "bridge_len": "83.000", "no_of_pill": "4", "no_of_span": "5", "minimum_so": "7.368", "maximum_so": "7.793", "horizontal": "14.900", "upazila": "Zanjira", "district": "Sariatpur", "remarks": "-", "shwl__msl_": 5.177309999999999, "slwl__msl_": 0.22030500000000003, "longitude": 90.332965, "latitude": 23.343521}}, {"type": "Feature", "id": 405, "geometry": {"type": "Point", "coordinates": [90.32466400000004, 23.34422500000005]}, "properties": {"objectid": 405, "id": "IWM_113", "bridge_loc": "Zajira Missing Bridge 113", "authority": "LGED", "river_name": "Dead Padma", "river_widt": 91, "bridge_len": "98.000", "no_of_pill": "4", "no_of_span": "5", "minimum_so": "5.846", "maximum_so": "6.234", "horizontal": "18.400", "upazila": "Zanjira", "district": "Sariatpur", "remarks": "-", "shwl__msl_": 5.2325099999999996, "slwl__msl_": 0.241456, "longitude": 90.324664, "latitude": 23.344225}}, {"type": "Feature", "id": 406, "geometry": {"type": "Point", "coordinates": [90.34417200000007, 23.34230400000007]}, "properties": {"objectid": 406, "id": "IWM_115", "bridge_loc": "Akonkandi Missing Bridge 115", "authority": "LGED", "river_name": "Dead Padma", "river_widt": 85, "bridge_len": "120.000", "no_of_pill": "4", "no_of_span": "5", "minimum_so": "8.704", "maximum_so": "9.470", "horizontal": "18.300", "upazila": "Zanjira", "district": "Sariatpur", "remarks": "-", "shwl__msl_": 5.12158, "slwl__msl_": 0.19940100000000002, "longitude": 90.344172, "latitude": 23.342304000000002}}, {"type": "Feature", "id": 407, "geometry": {"type": "Point", "coordinates": [90.35466900000006, 23.33754300000004]}, "properties": {"objectid": 407, "id": "IWM_116", "bridge_loc": "Howladerkandi Missing Bridge 116", "authority": "LGED", "river_name": "Dead Padma", "river_widt": 87, "bridge_len": "99.000", "no_of_pill": "4", "no_of_span": "5", "minimum_so": "7.077", "maximum_so": "7.427", "horizontal": "18.000", "upazila": "Zanjira", "district": "Sariatpur", "remarks": "-", "shwl__msl_": 5.0594, "slwl__msl_": 0.173655, "longitude": 90.354669, "latitude": 23.337543}}, {"type": "Feature", "id": 408, "geometry": {"type": "Point", "coordinates": [90.37491400000005, 23.33059300000008]}, "properties": {"objectid": 408, "id": "IWM_117", "bridge_loc": "Meher Ali Madbarkandi Missing Bridge 117", "authority": "LGED", "river_name": "Dead Padma", "river_widt": 49, "bridge_len": "60.000", "no_of_pill": "2", "no_of_span": "3", "minimum_so": "7.286", "maximum_so": "7.310", "horizontal": "18.200", "upazila": "Zanjira", "district": "Sariatpur", "remarks": "-", "shwl__msl_": 4.94812, "slwl__msl_": 0.12964299999999998, "longitude": 90.37491399999999, "latitude": 23.330593}}, {"type": "Feature", "id": 409, "geometry": {"type": "Point", "coordinates": [90.49409900000006, 23.27914000000004]}, "properties": {"objectid": 409, "id": "IWM_997", "bridge_loc": "Charbhaga Notun Bridge 997", "authority": "LGED", "river_name": "Sureswar Damuda", "river_widt": 83, "bridge_len": "99.000", "no_of_pill": "4", "no_of_span": "5", "minimum_so": "6.127", "maximum_so": "6.396", "horizontal": "17.740", "upazila": "Vedarganj", "district": "Faridpur", "remarks": "-", "shwl__msl_": 4.58113, "slwl__msl_": -0.018891, "longitude": 90.494099, "latitude": 23.279139999999998}}, {"type": "Feature", "id": 410, "geometry": {"type": "Point", "coordinates": [90.16602900000004, 23.28095200000007]}, "properties": {"objectid": 410, "id": "IWM_22", "bridge_loc": "Br-22 Shekpur Bridge", "authority": "RHD", "river_name": "Bilpodda", "river_widt": 153, "bridge_len": "162.000", "no_of_pill": "4", "no_of_span": "5", "minimum_so": "11.386", "maximum_so": "11.733", "horizontal": "35.500", "upazila": "Shib Char", "district": "Madaripur", "remarks": "-", "shwl__msl_": 4.75918, "slwl__msl_": 0.080001, "longitude": 90.166029, "latitude": 23.280952}}, {"type": "Feature", "id": 411, "geometry": {"type": "Point", "coordinates": [89.97057800000005, 23.218346000000054]}, "properties": {"objectid": 411, "id": "IWM_336", "bridge_loc": "Jalirpar Bridge 336", "authority": "RHD", "river_name": "M.B.R Channel", "river_widt": 112, "bridge_len": "300.000", "no_of_pill": "3", "no_of_span": "4", "minimum_so": "11.163", "maximum_so": "11.530", "horizontal": "26.540", "upazila": "Maksudpur", "district": "Gopalganj", "remarks": "-", "shwl__msl_": 3.57368, "slwl__msl_": -0.288768, "longitude": 89.970578, "latitude": 23.218346}}, {"type": "Feature", "id": 412, "geometry": {"type": "Point", "coordinates": [89.69045200000005, 23.192713000000026]}, "properties": {"objectid": 412, "id": "IWM_278", "bridge_loc": "B-278_Kalna Bridge", "authority": "RHD", "river_name": "Modhumoti", "river_widt": 125, "bridge_len": "689.650", "no_of_pill": "4", "no_of_span": "5", "minimum_so": "12.987", "maximum_so": "14.186", "horizontal": "37.080", "upazila": "Kasiani", "district": "Gopalganj", "remarks": "-", "shwl__msl_": 4.46134, "slwl__msl_": 0.002761, "longitude": 89.690452, "latitude": 23.192712999999998}}, {"type": "Feature", "id": 413, "geometry": {"type": "Point", "coordinates": [89.51313800000008, 23.19762300000008]}, "properties": {"objectid": 413, "id": "IWM_908", "bridge_loc": "B_908_Ghorakhali Bridge", "authority": "RHD", "river_name": "Chitra", "river_widt": 33.6, "bridge_len": "54.800", "no_of_pill": "-", "no_of_span": "1", "minimum_so": "5.140", "maximum_so": "5.140", "horizontal": "27.690", "upazila": "Narail Sadar", "district": "Narail", "remarks": "-", "shwl__msl_": 2.59919, "slwl__msl_": -0.672378, "longitude": 89.513138, "latitude": 23.197623}}, {"type": "Feature", "id": 414, "geometry": {"type": "Point", "coordinates": [89.49588800000004, 23.21427300000005]}, "properties": {"objectid": 414, "id": "IWM_907", "bridge_loc": "B_907_Shahabad Bridge", "authority": "LGED", "river_name": "Chitra", "river_widt": 28.21, "bridge_len": "36.100", "no_of_pill": "2", "no_of_span": "3", "minimum_so": "5.380", "maximum_so": "5.400", "horizontal": "10.340", "upazila": "Narail Sadar", "district": "Narail", "remarks": "-", "shwl__msl_": 2.6154100000000002, "slwl__msl_": -0.595581, "longitude": 89.49588800000001, "latitude": 23.214273000000002}}, {"type": "Feature", "id": 415, "geometry": {"type": "Point", "coordinates": [89.51799600000004, 23.260320000000036]}, "properties": {"objectid": 415, "id": "IWM_909", "bridge_loc": "B_909_Mithapur Bridge", "authority": "RHD", "river_name": "Nabaganga", "river_widt": 128.16, "bridge_len": "160.500", "no_of_pill": "7", "no_of_span": "8", "minimum_so": "6.000", "maximum_so": "6.120", "horizontal": "16.400", "upazila": "Lohagara", "district": "Narail", "remarks": "-", "shwl__msl_": 3.0637, "slwl__msl_": -0.18143, "longitude": 89.517996, "latitude": 23.26032}}, {"type": "Feature", "id": 416, "geometry": {"type": "Point", "coordinates": [89.51327600000008, 23.16952800000007]}, "properties": {"objectid": 416, "id": "IWM_286", "bridge_loc": "B_286_Sheikh Russel Bridge", "authority": "RHD", "river_name": "Chitra", "river_widt": 110.8, "bridge_len": "272.200", "no_of_pill": "-", "no_of_span": "-", "minimum_so": "11.080", "maximum_so": "11.720", "horizontal": "30.890", "upazila": "Narail Sadar", "district": "Narail", "remarks": "-", "shwl__msl_": 2.42205, "slwl__msl_": -0.6819810000000001, "longitude": 89.513276, "latitude": 23.169528}}, {"type": "Feature", "id": 417, "geometry": {"type": "Point", "coordinates": [89.61520400000006, 23.19256500000006]}, "properties": {"objectid": 417, "id": "IWM_285", "bridge_loc": "Br-285-Arenda", "authority": "LGED", "river_name": "Noboganga", "river_widt": 89, "bridge_len": "120.450", "no_of_pill": "5", "no_of_span": "6", "minimum_so": "5.349", "maximum_so": "5.473", "horizontal": "15.760", "upazila": "Lohagara", "district": "Narail", "remarks": "-", "shwl__msl_": 3.1011900000000003, "slwl__msl_": -0.419842, "longitude": 89.615204, "latitude": 23.192565}}, {"type": "Feature", "id": 418, "geometry": {"type": "Point", "coordinates": [89.64939400000009, 23.184853000000032]}, "properties": {"objectid": 418, "id": "IWM_284", "bridge_loc": "Lohagara Eidghah Bridge", "authority": "LGED", "river_name": "Noboganga", "river_widt": 87.96, "bridge_len": "108.500", "no_of_pill": "5", "no_of_span": "6", "minimum_so": "5.331", "maximum_so": "5.737", "horizontal": "13.900", "upazila": "Lohagara", "district": "Narail", "remarks": "-", "shwl__msl_": 3.1782, "slwl__msl_": -0.475646, "longitude": 89.649394, "latitude": 23.184853}}, {"type": "Feature", "id": 419, "geometry": {"type": "Point", "coordinates": [89.65263600000009, 23.18285700000007]}, "properties": {"objectid": 419, "id": "IWM_283", "bridge_loc": "Br-283-Thanapara Bridge", "authority": "LGED", "river_name": "Nabaganga", "river_widt": 99.64, "bridge_len": "111.520", "no_of_pill": "2", "no_of_span": "3", "minimum_so": "7.292", "maximum_so": "7.299", "horizontal": "37.280", "upazila": "Lohagara", "district": "Narail", "remarks": "-", "shwl__msl_": 3.18464, "slwl__msl_": -0.48095600000000005, "longitude": 89.652636, "latitude": 23.182857000000002}}, {"type": "Feature", "id": 420, "geometry": {"type": "Point", "coordinates": [88.99751100000003, 23.20910900000007]}, "properties": {"objectid": 420, "id": "IWM_725", "bridge_loc": "B_725_Kabilpur Bridge", "authority": "-", "river_name": "Kabodak", "river_widt": 55.73, "bridge_len": "48.700", "no_of_pill": "2", "no_of_span": "3", "minimum_so": "5.128", "maximum_so": "5.142", "horizontal": "13.800", "upazila": "Jhikargacha", "district": "Jessore", "remarks": "-", "shwl__msl_": 4.68075, "slwl__msl_": 1.5509, "longitude": 88.997511, "latitude": 23.209108999999998}}, {"type": "Feature", "id": 421, "geometry": {"type": "Point", "coordinates": [88.98386100000005, 23.237336000000028]}, "properties": {"objectid": 421, "id": "IWM_724", "bridge_loc": "B_724_Mashila Bridge", "authority": "-", "river_name": "Kabodak", "river_widt": 53.2, "bridge_len": "57.000", "no_of_pill": "2", "no_of_span": "3", "minimum_so": "7.499", "maximum_so": "7.519", "horizontal": "17.400", "upazila": "Chawgacha", "district": "Jessore", "remarks": "-", "shwl__msl_": 4.8616, "slwl__msl_": 1.77152, "longitude": 88.983861, "latitude": 23.237336000000003}}, {"type": "Feature", "id": 422, "geometry": {"type": "Point", "coordinates": [89.01760000000007, 23.264662000000044]}, "properties": {"objectid": 422, "id": "IWM_726", "bridge_loc": "B_726_Chowgacha Bridge", "authority": "RHD", "river_name": "Kabodak", "river_widt": 44, "bridge_len": "49.900", "no_of_pill": "-", "no_of_span": "1", "minimum_so": "7.609", "maximum_so": "7.629", "horizontal": "35.520", "upazila": "Chawgacha", "district": "Jessore", "remarks": "-", "shwl__msl_": 4.96298, "slwl__msl_": 1.90223, "longitude": 89.0176, "latitude": 23.264662}}, {"type": "Feature", "id": 423, "geometry": {"type": "Point", "coordinates": [90.38204900000005, 23.263252000000023]}, "properties": {"objectid": 423, "id": "IWM_Ex-25", "bridge_loc": "Bhojeshwar Bridge", "authority": "LGED", "river_name": "Kirtinasha", "river_widt": 0, "bridge_len": "-", "no_of_pill": "2", "no_of_span": "3", "minimum_so": "11.221", "maximum_so": "11.251", "horizontal": "-", "upazila": "Naria", "district": "Sariatpur", "remarks": "-", "shwl__msl_": 4.661160000000001, "slwl__msl_": 0.207954, "longitude": 90.38204900000001, "latitude": 23.263252}}, {"type": "Feature", "id": 424, "geometry": {"type": "Point", "coordinates": [90.35420400000004, 23.241819000000078]}, "properties": {"objectid": 424, "id": "IWM_Ex-26", "bridge_loc": "Shariatpur Kotapara Bridge", "authority": "LGED", "river_name": "Kirtinasha", "river_widt": 0, "bridge_len": "-", "no_of_pill": "4", "no_of_span": "5", "minimum_so": "9.403", "maximum_so": "9.932", "horizontal": "23.000", "upazila": "Palong", "district": "Sariatpur", "remarks": "-", "shwl__msl_": 4.50616, "slwl__msl_": 0.268448, "longitude": 90.35420400000001, "latitude": 23.241819000000003}}, {"type": "Feature", "id": 425, "geometry": {"type": "Point", "coordinates": [90.34321400000005, 23.25240800000006]}, "properties": {"objectid": 425, "id": "IWM_124", "bridge_loc": "Domsar Bridge Missing B-124", "authority": "LGED", "river_name": "Kirtinasha", "river_widt": 0, "bridge_len": "-", "no_of_pill": "4", "no_of_span": "5", "minimum_so": "6.758", "maximum_so": "7.400", "horizontal": "10.400", "upazila": "Palong", "district": "Sariatpur", "remarks": "-", "shwl__msl_": 4.58495, "slwl__msl_": 0.26737000000000005, "longitude": 90.34321399999999, "latitude": 23.252408000000003}}, {"type": "Feature", "id": 426, "geometry": {"type": "Point", "coordinates": [90.48860500000006, 23.17018100000007]}, "properties": {"objectid": 426, "id": "IWM_EX-27", "bridge_loc": "Gazipur New Bridge (Uc)", "authority": "RHD", "river_name": "Padma Hogla", "river_widt": 60, "bridge_len": "108.000", "no_of_pill": "2", "no_of_span": "3", "minimum_so": "11.264", "maximum_so": "11.848", "horizontal": "31.870", "upazila": "Vedarganj", "district": "Faridpur", "remarks": "-", "shwl__msl_": 4.18945, "slwl__msl_": -0.18113400000000002, "longitude": 90.488605, "latitude": 23.170181000000003}}, {"type": "Feature", "id": 427, "geometry": {"type": "Point", "coordinates": [90.48884500000008, 23.16985600000004]}, "properties": {"objectid": 427, "id": "IWM_852", "bridge_loc": "Baily Bridge 852", "authority": "RHD", "river_name": "Hogla River", "river_widt": 60, "bridge_len": "113.000", "no_of_pill": "2", "no_of_span": "3", "minimum_so": "11.078", "maximum_so": "11.088", "horizontal": "36.000", "upazila": "Vedarganj", "district": "Faridpur", "remarks": "-", "shwl__msl_": 4.190440000000001, "slwl__msl_": -0.181344, "longitude": 90.488845, "latitude": 23.169856}}, {"type": "Feature", "id": 428, "geometry": {"type": "Point", "coordinates": [90.48884500000008, 23.16985600000004]}, "properties": {"objectid": 428, "id": "IWM_852", "bridge_loc": "Baily Bridge 852", "authority": "RHD", "river_name": "Hogla River", "river_widt": 60, "bridge_len": "113.000", "no_of_pill": "2", "no_of_span": "3", "minimum_so": "11.078", "maximum_so": "11.088", "horizontal": "36.000", "upazila": "Vedarganj", "district": "Faridpur", "remarks": "-", "shwl__msl_": 4.190440000000001, "slwl__msl_": -0.181344, "longitude": 90.488845, "latitude": 23.169856}}, {"type": "Feature", "id": 429, "geometry": {"type": "Point", "coordinates": [90.45510600000006, 23.195190000000025]}, "properties": {"objectid": 429, "id": "IWM_995", "bridge_loc": "Vedargonj Bridge 995", "authority": "RHD", "river_name": "Kirtinasha", "river_widt": 65, "bridge_len": "89.000", "no_of_pill": "4", "no_of_span": "5", "minimum_so": "7.934", "maximum_so": "7.995", "horizontal": "27.880", "upazila": "Vedarganj", "district": "Faridpur", "remarks": "-", "shwl__msl_": 4.30844, "slwl__msl_": -0.13100900000000001, "longitude": 90.455106, "latitude": 23.19519}}, {"type": "Feature", "id": 430, "geometry": {"type": "Point", "coordinates": [90.48363500000005, 23.246173000000056]}, "properties": {"objectid": 430, "id": "IWM_996", "bridge_loc": "Kartikpur Shek Rasel Bridge 996", "authority": "LGED", "river_name": "Sureswar Damuda", "river_widt": 79, "bridge_len": "181.000", "no_of_pill": "6", "no_of_span": "7", "minimum_so": "9.580", "maximum_so": "10.007", "horizontal": "26.380", "upazila": "Vedarganj", "district": "Faridpur", "remarks": "-", "shwl__msl_": 4.4697499999999994, "slwl__msl_": -0.06178500000000001, "longitude": 90.48363499999999, "latitude": 23.246173}}, {"type": "Feature", "id": 431, "geometry": {"type": "Point", "coordinates": [90.30129200000005, 23.166945000000055]}, "properties": {"objectid": 431, "id": "IWM_71", "bridge_loc": "71 Dadrur Bridge", "authority": "LGED", "river_name": "Kirtinasha", "river_widt": 89, "bridge_len": "99.000", "no_of_pill": "2", "no_of_span": "3", "minimum_so": "5.928", "maximum_so": "6.700", "horizontal": "31.320", "upazila": "Kalkini", "district": "Madaripur", "remarks": "-", "shwl__msl_": 4.15905, "slwl__msl_": 0.040025, "longitude": 90.30129199999999, "latitude": 23.166945}}, {"type": "Feature", "id": 432, "geometry": {"type": "Point", "coordinates": [90.31810600000006, 23.190540000000055]}, "properties": {"objectid": 432, "id": "IWM_77", "bridge_loc": "77 Angaria Bridge", "authority": "RHD", "river_name": "Kirtinasha", "river_widt": 78, "bridge_len": "150.000", "no_of_pill": "4", "no_of_span": "5", "minimum_so": "10.060", "maximum_so": "10.392", "horizontal": "28.200", "upazila": "Palong", "district": "Sariatpur", "remarks": "-", "shwl__msl_": 4.25992, "slwl__msl_": 0.176121, "longitude": 90.318106, "latitude": 23.19054}}, {"type": "Feature", "id": 433, "geometry": {"type": "Point", "coordinates": [90.28311900000006, 23.167773000000068]}, "properties": {"objectid": 433, "id": "IWM_57", "bridge_loc": "57 Biddabagis Bridge", "authority": "RHD", "river_name": "Kirtinasha", "river_widt": 88, "bridge_len": "90.000", "no_of_pill": "4", "no_of_span": "5", "minimum_so": "6.589", "maximum_so": "6.811", "horizontal": "14.190", "upazila": "Madaripur Sadar", "district": "Madaripur", "remarks": "-", "shwl__msl_": 4.1182099999999995, "slwl__msl_": -0.01203, "longitude": 90.283119, "latitude": 23.167773}}, {"type": "Feature", "id": 434, "geometry": {"type": "Point", "coordinates": [90.16633500000006, 23.16841000000005]}, "properties": {"objectid": 434, "id": "IWM_133", "bridge_loc": "133 Noyachar", "authority": "RHD", "river_name": "Lower Kumar", "river_widt": 66, "bridge_len": "106.000", "no_of_pill": "2", "no_of_span": "3", "minimum_so": "7.231", "maximum_so": "7.756", "horizontal": "15.420", "upazila": "Madaripur Sadar", "district": "Madaripur", "remarks": "-", "shwl__msl_": 3.8408499999999997, "slwl__msl_": -0.17736900000000003, "longitude": 90.166335, "latitude": 23.168409999999998}}, {"type": "Feature", "id": 435, "geometry": {"type": "Point", "coordinates": [90.17052400000006, 23.179770000000076]}, "properties": {"objectid": 435, "id": "IWM_781", "bridge_loc": "781 Char Muguria Bridge Deck Level", "authority": "LGED", "river_name": "Lower Kumira", "river_widt": 79, "bridge_len": "78.000", "no_of_pill": "4", "no_of_span": "5", "minimum_so": "6.260", "maximum_so": "6.582", "horizontal": "14.240", "upazila": "Madaripur Sadar", "district": "Madaripur", "remarks": "-", "shwl__msl_": 3.9397100000000003, "slwl__msl_": -0.145478, "longitude": 90.170524, "latitude": 23.17977}}, {"type": "Feature", "id": 436, "geometry": {"type": "Point", "coordinates": [90.16601800000007, 23.176560000000052]}, "properties": {"objectid": 436, "id": "IWM_780", "bridge_loc": "780 Naya Char Bridge", "authority": "LGED", "river_name": "Lower Kumira", "river_widt": 59, "bridge_len": "61.000", "no_of_pill": "2", "no_of_span": "3", "minimum_so": "6.709", "maximum_so": "7.320", "horizontal": "16.460", "upazila": "Madaripur Sadar", "district": "Madaripur", "remarks": "-", "shwl__msl_": 3.89261, "slwl__msl_": -0.162502, "longitude": 90.166018, "latitude": 23.176560000000002}}, {"type": "Feature", "id": 437, "geometry": {"type": "Point", "coordinates": [90.20065500000004, 23.18156300000004]}, "properties": {"objectid": 437, "id": "IWM_782", "bridge_loc": "782 Katpatti Bridge", "authority": "LGED", "river_name": "Lower Kumira", "river_widt": 70, "bridge_len": "97.000", "no_of_pill": "4", "no_of_span": "5", "minimum_so": "9.400", "maximum_so": "9.484", "horizontal": "14.340", "upazila": "Madaripur Sadar", "district": "Madaripur", "remarks": "-", "shwl__msl_": 4.2085799999999995, "slwl__msl_": -0.047897, "longitude": 90.200655, "latitude": 23.181563}}, {"type": "Feature", "id": 438, "geometry": {"type": "Point", "coordinates": [90.23700600000006, 23.169723000000033]}, "properties": {"objectid": 438, "id": "IWM_40", "bridge_loc": "40 Asmotali Khan Bridge", "authority": "RHD", "river_name": "Arialkhan", "river_widt": 530, "bridge_len": "688.000", "no_of_pill": "22", "no_of_span": "23", "minimum_so": "14.607", "maximum_so": "16.502", "horizontal": "25.950", "upazila": "Madaripur Sadar", "district": "Madaripur", "remarks": "-", "shwl__msl_": 4.08464, "slwl__msl_": -0.117496, "longitude": 90.237006, "latitude": 23.169722999999998}}, {"type": "Feature", "id": 439, "geometry": {"type": "Point", "coordinates": [90.32905900000009, 23.221115000000054]}, "properties": {"objectid": 439, "id": "IWM_80", "bridge_loc": "80 Ariagoan Bridge", "authority": "LGED", "river_name": "Kirtinasha", "river_widt": 93, "bridge_len": "105.000", "no_of_pill": "4", "no_of_span": "5", "minimum_so": "10.351", "maximum_so": "11.110", "horizontal": "19.560", "upazila": "Palong", "district": "Sariatpur", "remarks": "-", "shwl__msl_": 4.34985, "slwl__msl_": 0.29011200000000004, "longitude": 90.32905899999999, "latitude": 23.221115}}, {"type": "Feature", "id": 440, "geometry": {"type": "Point", "coordinates": [90.13913900000006, 23.161514000000068]}, "properties": {"objectid": 440, "id": "IWM_779", "bridge_loc": "779 Gasbaria Bridge", "authority": "RHD", "river_name": "Lower Kumira", "river_widt": 59, "bridge_len": "59.500", "no_of_pill": "2", "no_of_span": "3", "minimum_so": "6.197", "maximum_so": "6.248", "horizontal": "17.550", "upazila": "Madaripur Sadar", "district": "Madaripur", "remarks": "-", "shwl__msl_": 3.6049499999999997, "slwl__msl_": -0.267642, "longitude": 90.139139, "latitude": 23.161514}}, {"type": "Feature", "id": 441, "geometry": {"type": "Point", "coordinates": [90.22406700000005, 23.270946000000038]}, "properties": {"objectid": 441, "id": "IWM_35", "bridge_loc": "35 Elius Ahemed Chowdhuy Bridge", "authority": "LGED", "river_name": "Bilpodda", "river_widt": 165, "bridge_len": "165.000", "no_of_pill": "9", "no_of_span": "10", "minimum_so": "6.520", "maximum_so": "6.739", "horizontal": "11.470", "upazila": "Shib Char", "district": "Madaripur", "remarks": "-", "shwl__msl_": 4.89572, "slwl__msl_": 0.130659, "longitude": 90.224067, "latitude": 23.270946000000002}}, {"type": "Feature", "id": 442, "geometry": {"type": "Point", "coordinates": [90.20675800000004, 23.263599000000056]}, "properties": {"objectid": 442, "id": "IWM_31", "bridge_loc": "31 Laxmipur Bridge", "authority": "LGED", "river_name": "Bilpodda", "river_widt": 160, "bridge_len": "180.000", "no_of_pill": "6", "no_of_span": "7", "minimum_so": "8.404", "maximum_so": "9.034", "horizontal": "31.190", "upazila": "Madaripur Sadar", "district": "Madaripur", "remarks": "-", "shwl__msl_": 4.84539, "slwl__msl_": 0.116808, "longitude": 90.206758, "latitude": 23.263599}}, {"type": "Feature", "id": 443, "geometry": {"type": "Point", "coordinates": [90.15886600000005, 23.263674000000037]}, "properties": {"objectid": 443, "id": "IWM_18", "bridge_loc": "18 Shek Kamal Bridge", "authority": "RHD", "river_name": "Arialkhan", "river_widt": 282, "bridge_len": "520.000", "no_of_pill": "12", "no_of_span": "13", "minimum_so": "12.889", "maximum_so": "13.375", "horizontal": "37.000", "upazila": "Madaripur Sadar", "district": "Madaripur", "remarks": "-", "shwl__msl_": 4.700609999999999, "slwl__msl_": 0.059512, "longitude": 90.158866, "latitude": 23.263674}}, {"type": "Feature", "id": 444, "geometry": {"type": "Point", "coordinates": [90.14986000000005, 23.24699400000003]}, "properties": {"objectid": 444, "id": "IWM_17", "bridge_loc": "17 Hobigonj Bridge", "authority": "RHD", "river_name": "Arialkhan", "river_widt": 242, "bridge_len": "520.000", "no_of_pill": "12", "no_of_span": "13", "minimum_so": "13.463", "maximum_so": "14.588", "horizontal": "35.500", "upazila": "Madaripur Sadar", "district": "Madaripur", "remarks": "-", "shwl__msl_": 4.74967, "slwl__msl_": 0.033350000000000005, "longitude": 90.14986, "latitude": 23.246994}}, {"type": "Feature", "id": 445, "geometry": {"type": "Point", "coordinates": [90.73063700000006, 23.19474800000006]}, "properties": {"objectid": 445, "id": "IWM_Ex-55", "bridge_loc": "Ex-55 Shekdir Bridge", "authority": "LGED", "river_name": "Dakatia", "river_widt": 54.82, "bridge_len": "53.490", "no_of_pill": "6", "no_of_span": "7", "minimum_so": "4.195", "maximum_so": "4.215", "horizontal": "6.590", "upazila": "Faridganj", "district": "Chadpur", "remarks": "-", "shwl__msl_": 4.17483, "slwl__msl_": -0.156853, "longitude": 90.730637, "latitude": 23.194748}}, {"type": "Feature", "id": 446, "geometry": {"type": "Point", "coordinates": [90.70191500000004, 23.205481000000077]}, "properties": {"objectid": 446, "id": "IWM_Ex-54", "bridge_loc": "Ex-57 Flood Protection Pump House Bridge", "authority": "BWDB", "river_name": "Dakatia", "river_widt": 47.56, "bridge_len": "49.400", "no_of_pill": "3", "no_of_span": "2", "minimum_so": "6.962", "maximum_so": "7.045", "horizontal": "5.820", "upazila": "Chadpur Sadar", "district": "Chadpur", "remarks": "-", "shwl__msl_": 4.13367, "slwl__msl_": -0.15328, "longitude": 90.701915, "latitude": 23.205481000000002}}, {"type": "Feature", "id": 447, "geometry": {"type": "Point", "coordinates": [90.71906300000006, 23.186149000000057]}, "properties": {"objectid": 447, "id": "IWM_Ex-56", "bridge_loc": "Ex-56 Lohugar Bridge", "authority": "LGED", "river_name": "Dakatia", "river_widt": 47.67, "bridge_len": "53.520", "no_of_pill": "3", "no_of_span": "4", "minimum_so": "3.935", "maximum_so": "3.955", "horizontal": "12.040", "upazila": "Faridganj", "district": "Chadpur", "remarks": "-", "shwl__msl_": 4.14495, "slwl__msl_": -0.16781300000000002, "longitude": 90.71906299999999, "latitude": 23.186149}}, {"type": "Feature", "id": 448, "geometry": {"type": "Point", "coordinates": [90.73930800000005, 23.168682000000047]}, "properties": {"objectid": 448, "id": "IWM_Ex-57", "bridge_loc": "Ex-57 Gazipur Dhanua Bridge", "authority": "LGED", "river_name": "Dakatia", "river_widt": 91.87, "bridge_len": "102.770", "no_of_pill": "2", "no_of_span": "3", "minimum_so": "4.735", "maximum_so": "5.825", "horizontal": "29.400", "upazila": "Faridganj", "district": "Chadpur", "remarks": "-", "shwl__msl_": 4.15902, "slwl__msl_": -0.174301, "longitude": 90.739308, "latitude": 23.168682}}, {"type": "Feature", "id": 449, "geometry": {"type": "Point", "coordinates": [90.65035900000004, 23.222008000000073]}, "properties": {"objectid": 449, "id": "IWM_Ex-52", "bridge_loc": "Ex-52 Puran Bazar Bridge", "authority": "-", "river_name": "Dakatia", "river_widt": 152.69, "bridge_len": "260.040", "no_of_pill": "5", "no_of_span": "6", "minimum_so": "13.184", "maximum_so": "13.930", "horizontal": "37.570", "upazila": "Chadpur Sadar", "district": "Chadpur", "remarks": "-", "shwl__msl_": 4.06029, "slwl__msl_": -0.160143, "longitude": 90.650359, "latitude": 23.222008000000002}}, {"type": "Feature", "id": 450, "geometry": {"type": "Point", "coordinates": [90.67988900000006, 23.225922000000025]}, "properties": {"objectid": 450, "id": "IWM_Ex-53", "bridge_loc": "Ex-53 Chadpur Bridge", "authority": "RHD", "river_name": "Dakatia", "river_widt": 186.02, "bridge_len": "249.800", "no_of_pill": "5", "no_of_span": "6", "minimum_so": "10.061", "maximum_so": "11.272", "horizontal": "13.338", "upazila": "Chadpur Sadar", "district": "Chadpur", "remarks": "-", "shwl__msl_": 4.11898, "slwl__msl_": -0.15, "longitude": 90.679889, "latitude": 23.225922}}, {"type": "Feature", "id": 451, "geometry": {"type": "Point", "coordinates": [89.81300600000009, 23.071447000000035]}, "properties": {"objectid": 451, "id": "IWM_143", "bridge_loc": "Routh Khamar Bridge 143", "authority": "LGED", "river_name": "Ramdia", "river_widt": 90, "bridge_len": "94.000", "no_of_pill": "2", "no_of_span": "3", "minimum_so": "6.579", "maximum_so": "6.740", "horizontal": "-", "upazila": "Gopalganj Sadar", "district": "Gopalganj", "remarks": "-", "shwl__msl_": 2.89901, "slwl__msl_": -0.470329, "longitude": 89.813006, "latitude": 23.071447}}, {"type": "Feature", "id": 452, "geometry": {"type": "Point", "coordinates": [89.83809200000007, 23.064797000000056]}, "properties": {"objectid": 452, "id": "IWM_318", "bridge_loc": "Ulpur Bridge 318", "authority": "LGED", "river_name": "-", "river_widt": 126, "bridge_len": "160.000", "no_of_pill": "4", "no_of_span": "5", "minimum_so": "10.219", "maximum_so": "11.050", "horizontal": "27.600", "upazila": "Gopalganj Sadar", "district": "Gopalganj", "remarks": "-", "shwl__msl_": 2.93047, "slwl__msl_": -0.478963, "longitude": 89.83809199999999, "latitude": 23.064797}}, {"type": "Feature", "id": 453, "geometry": {"type": "Point", "coordinates": [89.88757100000004, 23.105697000000077]}, "properties": {"objectid": 453, "id": "IWM_321", "bridge_loc": "Boiltoli Bridge 321", "authority": "LGED", "river_name": "M.B.R Channel", "river_widt": 130, "bridge_len": "200.000", "no_of_pill": "4", "no_of_span": "5", "minimum_so": "10.796", "maximum_so": "11.337", "horizontal": "36.000", "upazila": "Gopalganj Sadar", "district": "Gopalganj", "remarks": "-", "shwl__msl_": 3.12287, "slwl__msl_": -0.420836, "longitude": 89.88757100000001, "latitude": 23.105697}}, {"type": "Feature", "id": 454, "geometry": {"type": "Point", "coordinates": [89.91863400000005, 23.137155000000064]}, "properties": {"objectid": 454, "id": "IWM_323", "bridge_loc": "Satpur Bridge 323", "authority": "LGED", "river_name": "M.B.R Channel", "river_widt": 116, "bridge_len": "130.000", "no_of_pill": "2", "no_of_span": "3", "minimum_so": "10.389", "maximum_so": "10.416", "horizontal": "26.590", "upazila": "Gopalganj Sadar", "district": "Gopalganj", "remarks": "-", "shwl__msl_": 3.2625300000000004, "slwl__msl_": -0.383559, "longitude": 89.918634, "latitude": 23.137155}}, {"type": "Feature", "id": 455, "geometry": {"type": "Point", "coordinates": [89.82149100000004, 23.10030400000005]}, "properties": {"objectid": 455, "id": "IWM_144", "bridge_loc": "Taltola Bridge 144", "authority": "LGED", "river_name": "Ramdia", "river_widt": 89, "bridge_len": "90.000", "no_of_pill": "4", "no_of_span": "5", "minimum_so": "7.434", "maximum_so": "7.757", "horizontal": "14.740", "upazila": "Kasiani", "district": "Gopalganj", "remarks": "-", "shwl__msl_": 2.98002, "slwl__msl_": -0.4204, "longitude": 89.821491, "latitude": 23.100304}}, {"type": "Feature", "id": 456, "geometry": {"type": "Point", "coordinates": [89.50876400000004, 23.156881000000055]}, "properties": {"objectid": 456, "id": "IWM_287", "bridge_loc": "B_287_Sultan Setu", "authority": "RHD", "river_name": "Chitra", "river_widt": 106.65, "bridge_len": "115.920", "no_of_pill": "2", "no_of_span": "3", "minimum_so": "9.290", "maximum_so": "9.410", "horizontal": "34.700", "upazila": "Narail Sadar", "district": "Narail", "remarks": "-", "shwl__msl_": 2.49064, "slwl__msl_": -0.7406440000000001, "longitude": 89.508764, "latitude": 23.156881000000002}}, {"type": "Feature", "id": 457, "geometry": {"type": "Point", "coordinates": [89.64801200000005, 23.15627100000006]}, "properties": {"objectid": 457, "id": "IWM_282", "bridge_loc": "Br-282-Bamboo Bridge", "authority": "LGED", "river_name": "Noboganga", "river_widt": 65.53, "bridge_len": "65.530", "no_of_pill": "-", "no_of_span": "-", "minimum_so": "-", "maximum_so": "-", "horizontal": "-", "upazila": "Lohagara", "district": "Narail", "remarks": "Bamboo sako", "shwl__msl_": 3.21, "slwl__msl_": -0.550527, "longitude": 89.648012, "latitude": 23.156270999999997}}, {"type": "Feature", "id": 458, "geometry": {"type": "Point", "coordinates": [89.64617400000003, 23.14521700000006]}, "properties": {"objectid": 458, "id": "IWM_281", "bridge_loc": "Br-281-Pachuria Bridge", "authority": "LGED", "river_name": "Nabaganga", "river_widt": 40.75, "bridge_len": "63.230", "no_of_pill": "2", "no_of_span": "3", "minimum_so": "5.302", "maximum_so": "5.377", "horizontal": "19.590", "upazila": "Lohagara", "district": "Narail", "remarks": "-", "shwl__msl_": 3.22587, "slwl__msl_": -0.571926, "longitude": 89.646174, "latitude": 23.145217}}, {"type": "Feature", "id": 459, "geometry": {"type": "Point", "coordinates": [89.64761500000003, 23.13211300000006]}, "properties": {"objectid": 459, "id": "IWM_280", "bridge_loc": "Br-280-Koladigolia Bridge", "authority": "LGED", "river_name": "Noboganga", "river_widt": 16.28, "bridge_len": "18.200", "no_of_pill": "1", "no_of_span": "2", "minimum_so": "4.899", "maximum_so": "4.982", "horizontal": "5.500", "upazila": "Lohagara", "district": "Narail", "remarks": "-", "shwl__msl_": 3.25208, "slwl__msl_": -0.606083, "longitude": 89.647615, "latitude": 23.132113}}, {"type": "Feature", "id": 460, "geometry": {"type": "Point", "coordinates": [89.64929400000005, 23.12417800000003]}, "properties": {"objectid": 460, "id": "IWM_279", "bridge_loc": "Br-279-Dighalia", "authority": "LGED", "river_name": "Noboganga", "river_widt": 33.62, "bridge_len": "45.230", "no_of_pill": "2", "no_of_span": "3", "minimum_so": "4.721", "maximum_so": "4.748", "horizontal": "14.360", "upazila": "Lohagara", "district": "Narail", "remarks": "-", "shwl__msl_": 3.26852, "slwl__msl_": -0.620407, "longitude": 89.649294, "latitude": 23.124177999999997}}, {"type": "Feature", "id": 461, "geometry": {"type": "Point", "coordinates": [89.53994500000005, 23.070253000000037]}, "properties": {"objectid": 461, "id": "IWM_288", "bridge_loc": "288_Ragunathpur", "authority": "LGED", "river_name": "Chitra", "river_widt": 110, "bridge_len": "165.930", "no_of_pill": "6", "no_of_span": "7", "minimum_so": "7.195", "maximum_so": "7.872", "horizontal": "23.100", "upazila": "Kalia", "district": "Narail", "remarks": "-", "shwl__msl_": 2.81568, "slwl__msl_": -1.03057, "longitude": 89.539945, "latitude": 23.070253}}, {"type": "Feature", "id": 462, "geometry": {"type": "Point", "coordinates": [89.09819400000003, 23.099909000000025]}, "properties": {"objectid": 462, "id": "IWM_732", "bridge_loc": "B_732_Jikorgacha Bridge", "authority": "LGED", "river_name": "Kabodak", "river_widt": 100, "bridge_len": "124.000", "no_of_pill": "2", "no_of_span": "3", "minimum_so": "6.152", "maximum_so": "6.162", "horizontal": "38.000", "upazila": "Jhikargacha", "district": "Jessore", "remarks": "-", "shwl__msl_": 4.2313, "slwl__msl_": 0.981295, "longitude": 89.098194, "latitude": 23.099909}}, {"type": "Feature", "id": 463, "geometry": {"type": "Point", "coordinates": [89.09976100000006, 23.098371000000043]}, "properties": {"objectid": 463, "id": "IWM_733", "bridge_loc": "B_733_Jikorgacha Rail Bridge", "authority": "RHD", "river_name": "Kabodak", "river_widt": 67, "bridge_len": "81.940", "no_of_pill": "2", "no_of_span": "3", "minimum_so": "8.302", "maximum_so": "8.312", "horizontal": "23.920", "upazila": "Jhikargacha", "district": "Jessore", "remarks": "-", "shwl__msl_": 4.23062, "slwl__msl_": 0.97783, "longitude": 89.099761, "latitude": 23.098370999999997}}, {"type": "Feature", "id": 464, "geometry": {"type": "Point", "coordinates": [90.48176600000005, 23.13548600000007]}, "properties": {"objectid": 464, "id": "IWM_497", "bridge_loc": "Charbhayara Bridge 497", "authority": "RHD", "river_name": "Dead Padma", "river_widt": 64, "bridge_len": "75.000", "no_of_pill": "3", "no_of_span": "4", "minimum_so": "5.650", "maximum_so": "6.064", "horizontal": "13.260", "upazila": "Damudya", "district": "Sariatpur", "remarks": "-", "shwl__msl_": 4.02475, "slwl__msl_": -0.257487, "longitude": 90.48176600000001, "latitude": 23.135486}}, {"type": "Feature", "id": 465, "geometry": {"type": "Point", "coordinates": [90.43897000000004, 23.07204500000006]}, "properties": {"objectid": 465, "id": "IWM_666", "bridge_loc": "Goshairhat Bridge 666", "authority": "RHD", "river_name": "Joiento River", "river_widt": 160, "bridge_len": "190.000", "no_of_pill": "6", "no_of_span": "7", "minimum_so": "9.308", "maximum_so": "10.706", "horizontal": "21.800", "upazila": "Gosaihat", "district": "Sariatpur", "remarks": "-", "shwl__msl_": 3.64452, "slwl__msl_": -0.53, "longitude": 90.43897, "latitude": 23.072045}}, {"type": "Feature", "id": 466, "geometry": {"type": "Point", "coordinates": [90.44479500000006, 23.136908000000062]}, "properties": {"objectid": 466, "id": "IWM_850", "bridge_loc": "Sarkarbari Bridge 850", "authority": "RHD", "river_name": "Dead Padma", "river_widt": 42, "bridge_len": "76.000", "no_of_pill": "3", "no_of_span": "4", "minimum_so": "5.616", "maximum_so": "6.041", "horizontal": "17.860", "upazila": "Damudya", "district": "Sariatpur", "remarks": "-", "shwl__msl_": 3.9453300000000002, "slwl__msl_": -0.30589, "longitude": 90.444795, "latitude": 23.136908000000002}}, {"type": "Feature", "id": 467, "geometry": {"type": "Point", "coordinates": [90.44547600000004, 23.14049300000005]}, "properties": {"objectid": 467, "id": "IWM_131", "bridge_loc": "Damuda Bridge Missing 131", "authority": "LGED", "river_name": "Joiento River", "river_widt": 67, "bridge_len": "120.000", "no_of_pill": "4", "no_of_span": "5", "minimum_so": "7.285", "maximum_so": "9.680", "horizontal": "17.260", "upazila": "Damudya", "district": "Sariatpur", "remarks": "-", "shwl__msl_": 4.18097, "slwl__msl_": -0.516226, "longitude": 90.44547600000001, "latitude": 23.140493}}, {"type": "Feature", "id": 468, "geometry": {"type": "Point", "coordinates": [90.47347800000006, 23.126229000000023]}, "properties": {"objectid": 468, "id": "IWM_851", "bridge_loc": "Ukilpara Bridge 851", "authority": "LGED", "river_name": "Padma(Old)", "river_widt": 37, "bridge_len": "100.000", "no_of_pill": "4", "no_of_span": "5", "minimum_so": "7.433", "maximum_so": "7.445", "horizontal": "16.600", "upazila": "Damudya", "district": "Sariatpur", "remarks": "-", "shwl__msl_": 4.0683, "slwl__msl_": -0.43937800000000005, "longitude": 90.473478, "latitude": 23.126229000000002}}, {"type": "Feature", "id": 469, "geometry": {"type": "Point", "coordinates": [90.49688900000007, 23.148961000000043]}, "properties": {"objectid": 469, "id": "IWM_853", "bridge_loc": "Abuldalikandi Bridge 853", "authority": "LGED", "river_name": "Padma(Old)", "river_widt": 67, "bridge_len": "63.000", "no_of_pill": "2", "no_of_span": "3", "minimum_so": "5.099", "maximum_so": "5.715", "horizontal": "19.100", "upazila": "Gosaihat", "district": "Sariatpur", "remarks": "-", "shwl__msl_": 4.1032, "slwl__msl_": -0.22040600000000002, "longitude": 90.496889, "latitude": 23.148961}}, {"type": "Feature", "id": 470, "geometry": {"type": "Point", "coordinates": [90.13489900000008, 23.159790000000044]}, "properties": {"objectid": 470, "id": "IWM_778", "bridge_loc": "778 Mostafapur Bridge", "authority": "RHD", "river_name": "Lower Kumira", "river_widt": 55, "bridge_len": "39.350", "no_of_pill": "-", "no_of_span": "1", "minimum_so": "5.331", "maximum_so": "6.848", "horizontal": "14.000", "upazila": "Madaripur Sadar", "district": "Madaripur", "remarks": "-", "shwl__msl_": 3.57473, "slwl__msl_": -0.28, "longitude": 90.134899, "latitude": 23.15979}}, {"type": "Feature", "id": 471, "geometry": {"type": "Point", "coordinates": [90.10547400000007, 23.07497500000005]}, "properties": {"objectid": 471, "id": "IWM_776", "bridge_loc": "776_Pirarbari Bridge", "authority": "LGED", "river_name": "Kumar", "river_widt": 46, "bridge_len": "60.370", "no_of_pill": "2", "no_of_span": "3", "minimum_so": "4.827", "maximum_so": "5.590", "horizontal": "14.480", "upazila": "Kotali Para", "district": "Gopalganj", "remarks": "-", "shwl__msl_": 3.18798, "slwl__msl_": -0.43719500000000006, "longitude": 90.105474, "latitude": 23.074975}}, {"type": "Feature", "id": 472, "geometry": {"type": "Point", "coordinates": [90.10878100000008, 23.087785000000054]}, "properties": {"objectid": 472, "id": "IWM_777", "bridge_loc": "Wapda 777_Bridge", "authority": "LGED", "river_name": "Kumar", "river_widt": 44, "bridge_len": "48.000", "no_of_pill": "2", "no_of_span": "3", "minimum_so": "3.767", "maximum_so": "4.557", "horizontal": "13.600", "upazila": "Kotali Para", "district": "Gopalganj", "remarks": "-", "shwl__msl_": 3.2387900000000003, "slwl__msl_": -0.419444, "longitude": 90.108781, "latitude": 23.087785}}, {"type": "Feature", "id": 473, "geometry": {"type": "Point", "coordinates": [90.32858200000004, 23.09569700000003]}, "properties": {"objectid": 473, "id": "IWM_78", "bridge_loc": "Khasherhat 78_ Bridge", "authority": "-", "river_name": "Arial", "river_widt": 398, "bridge_len": "686.000", "no_of_pill": "14", "no_of_span": "15", "minimum_so": "13.604", "maximum_so": "15.215", "horizontal": "37.390", "upazila": "Kalkini", "district": "Madaripur", "remarks": "-", "shwl__msl_": 3.73616, "slwl__msl_": -0.303871, "longitude": 90.32858200000001, "latitude": 23.095697}}, {"type": "Feature", "id": 474, "geometry": {"type": "Point", "coordinates": [90.26581300000004, 23.112362000000076]}, "properties": {"objectid": 474, "id": "IWM_86", "bridge_loc": "Fasiatala Bridge 86-Missing", "authority": "-", "river_name": "Polordi", "river_widt": 85, "bridge_len": "85.000", "no_of_pill": "4", "no_of_span": "5", "minimum_so": "5.995", "maximum_so": "6.279", "horizontal": "15.800", "upazila": "Kalkini", "district": "Madaripur", "remarks": "-", "shwl__msl_": 3.8644399999999997, "slwl__msl_": -0.20006000000000002, "longitude": 90.265813, "latitude": 23.112362}}, {"type": "Feature", "id": 475, "geometry": {"type": "Point", "coordinates": [90.26581300000004, 23.112362000000076]}, "properties": {"objectid": 475, "id": "IWM_86", "bridge_loc": "Fasiatala Bridge 86-Missing", "authority": "-", "river_name": "Polordi", "river_widt": 85, "bridge_len": "85.000", "no_of_pill": "4", "no_of_span": "5", "minimum_so": "5.995", "maximum_so": "6.279", "horizontal": "15.800", "upazila": "Kalkini", "district": "Madaripur", "remarks": "-", "shwl__msl_": 3.8644399999999997, "slwl__msl_": -0.20006000000000002, "longitude": 90.265813, "latitude": 23.112362}}, {"type": "Feature", "id": 476, "geometry": {"type": "Point", "coordinates": [90.24385300000006, 23.070111000000054]}, "properties": {"objectid": 476, "id": "IWM_85", "bridge_loc": "Kalkini Bridge 85-Missing", "authority": "RHD", "river_name": "Poordi", "river_widt": 70, "bridge_len": "88.000", "no_of_pill": "4", "no_of_span": "5", "minimum_so": "5.466", "maximum_so": "5.485", "horizontal": "24.550", "upazila": "Kalkini", "district": "Madaripur", "remarks": "-", "shwl__msl_": 3.3433100000000002, "slwl__msl_": -0.26004900000000003, "longitude": 90.24385299999999, "latitude": 23.070111}}, {"type": "Feature", "id": 477, "geometry": {"type": "Point", "coordinates": [90.73603000000008, 23.134824000000037]}, "properties": {"objectid": 477, "id": "IWM_Ex-58", "bridge_loc": "Ex-58 Faridganj Bridge", "authority": "RHD", "river_name": "Dakatia", "river_widt": 92.34, "bridge_len": "101.970", "no_of_pill": "2", "no_of_span": "3", "minimum_so": "5.478", "maximum_so": "5.561", "horizontal": "30.710", "upazila": "Faridganj", "district": "Chadpur", "remarks": "-", "shwl__msl_": 4.1066, "slwl__msl_": -0.215272, "longitude": 90.73603, "latitude": 23.134824}}, {"type": "Feature", "id": 478, "geometry": {"type": "Point", "coordinates": [90.70455700000008, 23.110137000000066]}, "properties": {"objectid": 478, "id": "IWM_Ex-60", "bridge_loc": "Ex-60 No Brigde Found (Closseur)", "authority": "LGED", "river_name": "Dakatia", "river_widt": 0, "bridge_len": "-", "no_of_pill": "-", "no_of_span": "-", "minimum_so": "-", "maximum_so": "-", "horizontal": "-", "upazila": "Faridganj", "district": "Chadpur", "remarks": "No bridge", "shwl__msl_": 4.02715, "slwl__msl_": -0.263772, "longitude": 90.704557, "latitude": 23.110136999999998}}, {"type": "Feature", "id": 479, "geometry": {"type": "Point", "coordinates": [89.81816500000008, 23.034403000000054]}, "properties": {"objectid": 479, "id": "IWM_317", "bridge_loc": "Haridaspur Rail Bridge 317", "authority": "LGED", "river_name": "Kaligonga", "river_widt": 140, "bridge_len": "190.000", "no_of_pill": "3", "no_of_span": "4", "minimum_so": "10.555", "maximum_so": "10.621", "horizontal": "34.500", "upazila": "Gopalganj Sadar", "district": "Gopalganj", "remarks": "-", "shwl__msl_": 2.78177, "slwl__msl_": -0.52, "longitude": 89.81816500000001, "latitude": 23.034403}}, {"type": "Feature", "id": 480, "geometry": {"type": "Point", "coordinates": [89.81672300000008, 23.031180000000063]}, "properties": {"objectid": 480, "id": "IWM_316", "bridge_loc": "Haridaspur Bridge 316", "authority": "RHD", "river_name": "M.B.R Channel", "river_widt": 120, "bridge_len": "173.000", "no_of_pill": "3", "no_of_span": "4", "minimum_so": "10.595", "maximum_so": "10.684", "horizontal": "35.000", "upazila": "Gopalganj Sadar", "district": "Gopalganj", "remarks": "-", "shwl__msl_": 2.77238, "slwl__msl_": -0.520268, "longitude": 89.816723, "latitude": 23.03118}}, {"type": "Feature", "id": 481, "geometry": {"type": "Point", "coordinates": [89.79509300000007, 23.01742900000005]}, "properties": {"objectid": 481, "id": "IWM_315", "bridge_loc": "Manikar Bridge 315", "authority": "LGED", "river_name": "M.B.R Channel", "river_widt": 166, "bridge_len": "188.000", "no_of_pill": "-", "no_of_span": "-", "minimum_so": "10.571", "maximum_so": "10.669", "horizontal": "26.530", "upazila": "Gopalganj Sadar", "district": "Gopalganj", "remarks": "-", "shwl__msl_": 2.65046, "slwl__msl_": -0.601423, "longitude": 89.79509300000001, "latitude": 23.017429}}, {"type": "Feature", "id": 482, "geometry": {"type": "Point", "coordinates": [89.60277600000006, 23.039938000000063]}, "properties": {"objectid": 482, "id": "IWM_301", "bridge_loc": "B_301_Baroipara Setu", "authority": "LGED", "river_name": "Modhumoti", "river_widt": 0, "bridge_len": "-", "no_of_pill": "12", "no_of_span": "13", "minimum_so": "8.982", "maximum_so": "8.982", "horizontal": "-", "upazila": "Kalia", "district": "Narail", "remarks": "-", "shwl__msl_": 3.17344, "slwl__msl_": -1.05121, "longitude": 89.602776, "latitude": 23.039938}}, {"type": "Feature", "id": 483, "geometry": {"type": "Point", "coordinates": [90.22541800000005, 22.972209000000078]}, "properties": {"objectid": 483, "id": "IWM_123", "bridge_loc": "123 Gournadi Missing", "authority": "LGED", "river_name": "Khal", "river_widt": 31, "bridge_len": "36.600", "no_of_pill": "-", "no_of_span": "1", "minimum_so": "4.940", "maximum_so": "4.974", "horizontal": "7.600", "upazila": "Kalkini", "district": "Madaripur", "remarks": "-", "shwl__msl_": 2.56483, "slwl__msl_": -0.38985400000000003, "longitude": 90.22541799999999, "latitude": 22.972209}}, {"type": "Feature", "id": 484, "geometry": {"type": "Point", "coordinates": [90.08416000000005, 22.974619000000075]}, "properties": {"objectid": 484, "id": "IWM_774", "bridge_loc": "774_Paisarhat Bridge", "authority": "RHD", "river_name": "Kumar", "river_widt": 123, "bridge_len": "260.000", "no_of_pill": "5", "no_of_span": "6", "minimum_so": "7.240", "maximum_so": "7.291", "horizontal": "40.600", "upazila": "Agailjhara", "district": "Barishal", "remarks": "-", "shwl__msl_": 2.76851, "slwl__msl_": -0.6083620000000001, "longitude": 90.08416000000001, "latitude": 22.974619}}, {"type": "Feature", "id": 485, "geometry": {"type": "Point", "coordinates": [90.10159700000008, 23.01123400000006]}, "properties": {"objectid": 485, "id": "IWM_775", "bridge_loc": "775_Ramshil Bridge", "authority": "LGED", "river_name": "Kumar", "river_widt": 72, "bridge_len": "100.000", "no_of_pill": "2", "no_of_span": "3", "minimum_so": "6.026", "maximum_so": "6.453", "horizontal": "24.780", "upazila": "Kotali Para", "district": "Gopalganj", "remarks": "-", "shwl__msl_": 2.92706, "slwl__msl_": -0.5478630000000001, "longitude": 90.101597, "latitude": 23.011233999999998}}, {"type": "Feature", "id": 486, "geometry": {"type": "Point", "coordinates": [90.23070200000006, 22.99878700000005]}, "properties": {"objectid": 486, "id": "IWM_84", "bridge_loc": "Torki Bridge 84_ Missing", "authority": "-", "river_name": "-", "river_widt": 53, "bridge_len": "62.000", "no_of_pill": "2", "no_of_span": "3", "minimum_so": "5.508", "maximum_so": "6.063", "horizontal": "17.590", "upazila": "Kalkini", "district": "Madaripur", "remarks": "-", "shwl__msl_": 2.73442, "slwl__msl_": -0.339232, "longitude": 90.230702, "latitude": 22.998787}}, {"type": "Feature", "id": 487, "geometry": {"type": "Point", "coordinates": [92.20816300000007, 22.985693000000026]}, "properties": {"objectid": 487, "id": "IWM_225", "bridge_loc": "225 Myinee Bridge", "authority": "RHD", "river_name": "Myinee", "river_widt": 221, "bridge_len": "344.000", "no_of_pill": "14", "no_of_span": "15", "minimum_so": "37.277", "maximum_so": "40.597", "horizontal": "-", "upazila": "Langadu", "district": "Rangamati", "remarks": "Insufficent WL data", "shwl__msl_": 0, "slwl__msl_": 0, "longitude": 92.208163, "latitude": 22.985693}}, {"type": "Feature", "id": 488, "geometry": {"type": "Point", "coordinates": [91.50214200000005, 22.949606000000074]}, "properties": {"objectid": 488, "id": "IWM_Ex-154 (A)", "bridge_loc": "Ex-154 (A) Mohuri Bridge", "authority": "RHD", "river_name": "Muhuri", "river_widt": 118.27, "bridge_len": "139.070", "no_of_pill": "-", "no_of_span": "-", "minimum_so": "9.170", "maximum_so": "9.430", "horizontal": "34.250", "upazila": "Chagalnaia", "district": "Feni", "remarks": "-", "shwl__msl_": 4.55551, "slwl__msl_": 1.91357, "longitude": 91.50214199999999, "latitude": 22.949606}}, {"type": "Feature", "id": 489, "geometry": {"type": "Point", "coordinates": [91.50186100000008, 22.949423000000024]}, "properties": {"objectid": 489, "id": "IWM_Ex-154", "bridge_loc": "Ex-154 Mohuri Bridge", "authority": "RHD", "river_name": "Muhuri", "river_widt": 104.05, "bridge_len": "188.440", "no_of_pill": "5", "no_of_span": "6", "minimum_so": "8.970", "maximum_so": "9.000", "horizontal": "29.710", "upazila": "Chagalnaia", "district": "Feni", "remarks": "-", "shwl__msl_": 4.55551, "slwl__msl_": 1.91357, "longitude": 91.501861, "latitude": 22.949423}}, {"type": "Feature", "id": 490, "geometry": {"type": "Point", "coordinates": [91.44193800000005, 22.961977000000047]}, "properties": {"objectid": 490, "id": "IWM_Ex-153", "bridge_loc": "Ex-153 Lemua Bridge", "authority": "RHD", "river_name": "Kalidas Pahalia", "river_widt": 85.38, "bridge_len": "103.980", "no_of_pill": "2", "no_of_span": "3", "minimum_so": "6.550", "maximum_so": "6.570", "horizontal": "34.030", "upazila": "Feni Sadar", "district": "Feni", "remarks": "-", "shwl__msl_": 4.19847, "slwl__msl_": 1.7948899999999999, "longitude": 91.44193800000001, "latitude": 22.961977}}, {"type": "Feature", "id": 491, "geometry": {"type": "Point", "coordinates": [91.44205500000004, 22.962041000000056]}, "properties": {"objectid": 491, "id": "IWM_Ex-153 (A)", "bridge_loc": "Ex-153 (A)", "authority": "RHD", "river_name": "Kalidas Pahalia", "river_widt": 93.68, "bridge_len": "106.420", "no_of_pill": "2", "no_of_span": "3", "minimum_so": "6.441", "maximum_so": "6.448", "horizontal": "34.820", "upazila": "Feni Sadar", "district": "Feni", "remarks": "-", "shwl__msl_": 4.19847, "slwl__msl_": 1.7948899999999999, "longitude": 91.442055, "latitude": 22.962041}}, {"type": "Feature", "id": 492, "geometry": {"type": "Point", "coordinates": [91.50226100000003, 22.95025700000008]}, "properties": {"objectid": 492, "id": "IWM_Ex-154 (C)", "bridge_loc": "Ex-154 (C) Muhuri Rail Bridge", "authority": "-", "river_name": "Muhuri", "river_widt": 99.32, "bridge_len": "140.560", "no_of_pill": "3", "no_of_span": "4", "minimum_so": "8.363", "maximum_so": "8.403", "horizontal": "37.880", "upazila": "Chagalnaia", "district": "Feni", "remarks": "-", "shwl__msl_": 4.564360000000001, "slwl__msl_": 1.91603, "longitude": 91.502261, "latitude": 22.950257}}, {"type": "Feature", "id": 493, "geometry": {"type": "Point", "coordinates": [91.50208800000007, 22.95008400000006]}, "properties": {"objectid": 493, "id": "IWM_Ex-154 (B)", "bridge_loc": "Ex-154 (B) Muhuri Rail Bridge", "authority": "-", "river_name": "Muhuri", "river_widt": 102.26, "bridge_len": "139.880", "no_of_pill": "6", "no_of_span": "7", "minimum_so": "7.822", "maximum_so": "7.852", "horizontal": "17.550", "upazila": "Chagalnaia", "district": "Feni", "remarks": "-", "shwl__msl_": 4.55551, "slwl__msl_": 1.91357, "longitude": 91.502088, "latitude": 22.950084}}, {"type": "Feature", "id": 494, "geometry": {"type": "Point", "coordinates": [89.94121000000007, 22.819646000000034]}, "properties": {"objectid": 494, "id": "IWM_333", "bridge_loc": "Matibhanga Bridge 333", "authority": "LGED", "river_name": "Boleswar", "river_widt": 42, "bridge_len": "106.000", "no_of_pill": "2", "no_of_span": "3", "minimum_so": "7.137", "maximum_so": "7.172", "horizontal": "37.580", "upazila": "Chilmari", "district": "Bagerhat", "remarks": "-", "shwl__msl_": 1.79081, "slwl__msl_": -0.824227, "longitude": 89.94121, "latitude": 22.819646000000002}}, {"type": "Feature", "id": 495, "geometry": {"type": "Point", "coordinates": [90.10359600000004, 22.85522100000003]}, "properties": {"objectid": 495, "id": "IWM_102", "bridge_loc": "Harta Bondar Bridge 102_ Missing", "authority": "RHD", "river_name": "Shondha", "river_widt": 97, "bridge_len": "280.000", "no_of_pill": "5", "no_of_span": "6", "minimum_so": "10.498", "maximum_so": "13.008", "horizontal": "32.350", "upazila": "Wazirpur", "district": "Barishal", "remarks": "-", "shwl__msl_": 2.1093300000000004, "slwl__msl_": -0.8117300000000001, "longitude": 90.103596, "latitude": 22.855221}}, {"type": "Feature", "id": 496, "geometry": {"type": "Point", "coordinates": [90.07670100000007, 22.887688000000026]}, "properties": {"objectid": 496, "id": "IWM_121", "bridge_loc": "Noyakandi Bridge 121_ Missing", "authority": "LGED", "river_name": "Shondha", "river_widt": 90, "bridge_len": "90.000", "no_of_pill": "12", "no_of_span": "13", "minimum_so": "3.868", "maximum_so": "3.933", "horizontal": "5.480", "upazila": "Wazirpur", "district": "Barishal", "remarks": "-", "shwl__msl_": 2.34231, "slwl__msl_": -0.761991, "longitude": 90.076701, "latitude": 22.887688}}, {"type": "Feature", "id": 497, "geometry": {"type": "Point", "coordinates": [90.06448200000005, 22.90642500000007]}, "properties": {"objectid": 497, "id": "IWM_120", "bridge_loc": "Satla Bridge 120_ Missing", "authority": "LGED", "river_name": "Shondha", "river_widt": 148, "bridge_len": "150.000", "no_of_pill": "12", "no_of_span": "13", "minimum_so": "4.075", "maximum_so": "4.351", "horizontal": "6.800", "upazila": "Wazirpur", "district": "Barishal", "remarks": "-", "shwl__msl_": 2.46749, "slwl__msl_": -0.7283160000000001, "longitude": 90.06448200000001, "latitude": 22.906425000000002}}, {"type": "Feature", "id": 498, "geometry": {"type": "Point", "coordinates": [90.06415800000008, 22.915697000000023]}, "properties": {"objectid": 498, "id": "IWM_773", "bridge_loc": "Satla Bridge 773", "authority": "RHD", "river_name": "Kumar", "river_widt": 190, "bridge_len": "580.000", "no_of_pill": "13", "no_of_span": "14", "minimum_so": "11.300", "maximum_so": "11.806", "horizontal": "32.240", "upazila": "Wazirpur", "district": "Barishal", "remarks": "-", "shwl__msl_": 2.5225, "slwl__msl_": -0.708657, "longitude": 90.06415799999999, "latitude": 22.915697}}, {"type": "Feature", "id": 499, "geometry": {"type": "Point", "coordinates": [90.05072800000005, 22.863065000000063]}, "properties": {"objectid": 499, "id": "IWM_119", "bridge_loc": "Rajapur Bridge 119_ Missing", "authority": "-", "river_name": "Harta", "river_widt": 160, "bridge_len": "400.000", "no_of_pill": "8", "no_of_span": "9", "minimum_so": "12.853", "maximum_so": "13.251", "horizontal": "35.400", "upazila": "Banaripara", "district": "Barishal", "remarks": "-", "shwl__msl_": 2.28398, "slwl__msl_": -0.808764, "longitude": 90.050728, "latitude": 22.863065}}, {"type": "Feature", "id": 500, "geometry": {"type": "Point", "coordinates": [90.10107900000008, 22.856673000000058]}, "properties": {"objectid": 500, "id": "IWM_141", "bridge_loc": "Soto Bridge 141-Missing", "authority": "LGED", "river_name": "-", "river_widt": 75, "bridge_len": "100.000", "no_of_pill": "9", "no_of_span": "10", "minimum_so": "4.309", "maximum_so": "7.235", "horizontal": "7.660", "upazila": "Wazirpur", "district": "Barishal", "remarks": "-", "shwl__msl_": 2.12047, "slwl__msl_": -0.815814, "longitude": 90.101079, "latitude": 22.856673}}, {"type": "Feature", "id": 501, "geometry": {"type": "Point", "coordinates": [90.16925600000008, 22.856700000000046]}, "properties": {"objectid": 501, "id": "IWM_122", "bridge_loc": "Otra Bazar Bridge 122-Missing", "authority": "LGED", "river_name": "Oyani", "river_widt": 64, "bridge_len": "94.000", "no_of_pill": "3", "no_of_span": "4", "minimum_so": "7.761", "maximum_so": "7.770", "horizontal": "28.520", "upazila": "Wazirpur", "district": "Barishal", "remarks": "-", "shwl__msl_": 2.03416, "slwl__msl_": -0.6911390000000001, "longitude": 90.169256, "latitude": 22.8567}}, {"type": "Feature", "id": 502, "geometry": {"type": "Point", "coordinates": [90.26341600000006, 22.82436800000005]}, "properties": {"objectid": 502, "id": "IWM_45", "bridge_loc": "M A Jalil", "authority": "RHD", "river_name": "Shondha", "river_widt": 240, "bridge_len": "291.000", "no_of_pill": "-", "no_of_span": "-", "minimum_so": "13.344", "maximum_so": "14.504", "horizontal": "46.460", "upazila": "Babuganj", "district": "Barishal", "remarks": "-", "shwl__msl_": 2.08569, "slwl__msl_": -0.450228, "longitude": 90.263416, "latitude": 22.824368}}, {"type": "Feature", "id": 503, "geometry": {"type": "Point", "coordinates": [92.09321100000005, 22.83554900000007]}, "properties": {"objectid": 503, "id": "IWM_224", "bridge_loc": "224 Narichar Abdur Raufe Bridge", "authority": "RHD", "river_name": "Chengi", "river_widt": 440.34, "bridge_len": "510.710", "no_of_pill": "9", "no_of_span": "10", "minimum_so": "36.471", "maximum_so": "40.267", "horizontal": "41.610", "upazila": "Maner Char", "district": "Rangamati", "remarks": "Insufficent WL data", "shwl__msl_": 0, "slwl__msl_": 0, "longitude": 92.093211, "latitude": 22.835549}}, {"type": "Feature", "id": 504, "geometry": {"type": "Point", "coordinates": [91.52636400000006, 22.91460100000006]}, "properties": {"objectid": 504, "id": "IWM_Ex-155 (A)", "bridge_loc": "Ex-155 (A) Dhamghat Bridge", "authority": "RHD", "river_name": "Feni", "river_widt": 130, "bridge_len": "228.200", "no_of_pill": "6", "no_of_span": "7", "minimum_so": "8.990", "maximum_so": "9.190", "horizontal": "28.380", "upazila": "Narshingdhi", "district": "Chittagong", "remarks": "-", "shwl__msl_": 4.6446700000000005, "slwl__msl_": 1.8664100000000001, "longitude": 91.526364, "latitude": 22.914601}}, {"type": "Feature", "id": 505, "geometry": {"type": "Point", "coordinates": [91.52614800000003, 22.914753000000076]}, "properties": {"objectid": 505, "id": "IWM_Ex-155", "bridge_loc": "Ex-155 Dhamghat Bridge", "authority": "RHD", "river_name": "Feni", "river_widt": 134.38, "bridge_len": "215.510", "no_of_pill": "6", "no_of_span": "7", "minimum_so": "9.175", "maximum_so": "9.230", "horizontal": "24.920", "upazila": "Narshingdhi", "district": "Chittagong", "remarks": "-", "shwl__msl_": 4.59074, "slwl__msl_": 1.84023, "longitude": 91.526148, "latitude": 22.914753}}, {"type": "Feature", "id": 506, "geometry": {"type": "Point", "coordinates": [91.52723400000008, 22.916199000000063]}, "properties": {"objectid": 506, "id": "IWM_Ex-155 (B)", "bridge_loc": "Ex-155 (B) Dhomghat Rail Bridge", "authority": "-", "river_name": "Feni", "river_widt": 170.09, "bridge_len": "233.880", "no_of_pill": "7", "no_of_span": "8", "minimum_so": "8.614", "maximum_so": "8.689", "horizontal": "23.750", "upazila": "Narshingdhi", "district": "Chittagong", "remarks": "-", "shwl__msl_": 4.62422, "slwl__msl_": 1.8539899999999998, "longitude": 91.52723399999999, "latitude": 22.916199}}, {"type": "Feature", "id": 507, "geometry": {"type": "Point", "coordinates": [91.52740800000004, 22.916300000000035]}, "properties": {"objectid": 507, "id": "IWM_Ex-155 (C)", "bridge_loc": "Ex-155 (C) Dhomghat Rail Bridge", "authority": "-", "river_name": "Feni", "river_widt": 183.58, "bridge_len": "239.430", "no_of_pill": "2", "no_of_span": "3", "minimum_so": "8.227", "maximum_so": "8.317", "horizontal": "75.490", "upazila": "Narshingdhi", "district": "Chittagong", "remarks": "-", "shwl__msl_": 4.62422, "slwl__msl_": 1.8539899999999998, "longitude": 91.527408, "latitude": 22.9163}}, {"type": "Feature", "id": 508, "geometry": {"type": "Point", "coordinates": [89.91195400000004, 22.749108000000035]}, "properties": {"objectid": 508, "id": "IWM_325", "bridge_loc": "Kaliganj Bridge 325", "authority": "LGED", "river_name": "Branch Of Boleswar", "river_widt": 0, "bridge_len": "-", "no_of_pill": "2", "no_of_span": "3", "minimum_so": "3.495", "maximum_so": "3.521", "horizontal": "-", "upazila": "Chilmari", "district": "Bagerhat", "remarks": "-", "shwl__msl_": 2.1538399999999998, "slwl__msl_": -0.8241040000000001, "longitude": 89.91195400000001, "latitude": 22.749108}}, {"type": "Feature", "id": 509, "geometry": {"type": "Point", "coordinates": [89.99731400000007, 22.74114700000007]}, "properties": {"objectid": 509, "id": "IWM_339", "bridge_loc": "Shek Hasina Satu 339", "authority": "LGED", "river_name": "Kaliganga", "river_widt": 238, "bridge_len": "360.000", "no_of_pill": "8", "no_of_span": "9", "minimum_so": "8.955", "maximum_so": "9.769", "horizontal": "32.250", "upazila": "Pirojpur", "district": "Nazirpur", "remarks": "-", "shwl__msl_": 1.7125199999999998, "slwl__msl_": -1.04821, "longitude": 89.99731399999999, "latitude": 22.741146999999998}}, {"type": "Feature", "id": 510, "geometry": {"type": "Point", "coordinates": [89.93317900000005, 22.74736500000006]}, "properties": {"objectid": 510, "id": "IWM_330", "bridge_loc": "Kumar Khali Wooden Bridge 330", "authority": "-", "river_name": "Branch Of Boleswar", "river_widt": 37, "bridge_len": "42.000", "no_of_pill": "6", "no_of_span": "7", "minimum_so": "3.048", "maximum_so": "3.167", "horizontal": "9.120", "upazila": "Chilmari", "district": "Bagerhat", "remarks": "-", "shwl__msl_": 2.12436, "slwl__msl_": -0.847915, "longitude": 89.933179, "latitude": 22.747365}}, {"type": "Feature", "id": 511, "geometry": {"type": "Point", "coordinates": [89.91419900000005, 22.801640000000077]}, "properties": {"objectid": 511, "id": "IWM_326", "bridge_loc": "Char Matibhanga Bridge 326", "authority": "LGED", "river_name": "Boleswar", "river_widt": 22, "bridge_len": "24.000", "no_of_pill": "-", "no_of_span": "1", "minimum_so": "4.528", "maximum_so": "4.587", "horizontal": "21.880", "upazila": "Chilmari", "district": "Bagerhat", "remarks": "-", "shwl__msl_": 1.9643400000000002, "slwl__msl_": -0.797512, "longitude": 89.91419900000001, "latitude": 22.80164}}, {"type": "Feature", "id": 512, "geometry": {"type": "Point", "coordinates": [89.58386000000007, 22.77769500000005]}, "properties": {"objectid": 512, "id": "IWM_302", "bridge_loc": "B_302_Khan Jahan Ali Bridge", "authority": "RHD", "river_name": "-", "river_widt": 490.77, "bridge_len": "1358.300", "no_of_pill": "-", "no_of_span": "-", "minimum_so": "19.404", "maximum_so": "22.419", "horizontal": "76.590", "upazila": "Khulna Sadar", "district": "Khulna", "remarks": "-", "shwl__msl_": 2.84, "slwl__msl_": -1.77, "longitude": 89.58386, "latitude": 22.777695}}, {"type": "Feature", "id": 513, "geometry": {"type": "Point", "coordinates": [89.76194300000003, 22.71673400000003]}, "properties": {"objectid": 513, "id": "IWM_EX_37", "bridge_loc": "B_Extra_37_Jatrapur Bridge", "authority": "LGED", "river_name": "Bhairab", "river_widt": 27, "bridge_len": "31.140", "no_of_pill": "2", "no_of_span": "3", "minimum_so": "4.040", "maximum_so": "4.060", "horizontal": "11.200", "upazila": "Bagerhat Sadar", "district": "Bagerhat", "remarks": "-", "shwl__msl_": 2.63999, "slwl__msl_": -1.12864, "longitude": 89.761943, "latitude": 22.716734}}, {"type": "Feature", "id": 514, "geometry": {"type": "Point", "coordinates": [89.74206600000008, 22.755746000000045]}, "properties": {"objectid": 514, "id": "IWM_EX_39", "bridge_loc": "B_Extra_39_Bamboo Sako_Paikpara", "authority": "-", "river_name": "Bhairab", "river_widt": 0, "bridge_len": "-", "no_of_pill": "-", "no_of_span": "-", "minimum_so": "-", "maximum_so": "-", "horizontal": "-", "upazila": "Fakirhat", "district": "Bagerhat", "remarks": "Bamboo sako", "shwl__msl_": 2.73015, "slwl__msl_": -1.18186, "longitude": 89.74206600000001, "latitude": 22.755746000000002}}, {"type": "Feature", "id": 515, "geometry": {"type": "Point", "coordinates": [89.74487900000008, 22.750904000000048]}, "properties": {"objectid": 515, "id": "IWM_EX_38", "bridge_loc": "B_Extra_38_Baruipara Bridge", "authority": "LGED", "river_name": "-", "river_widt": 28.5, "bridge_len": "45.000", "no_of_pill": "2", "no_of_span": "3", "minimum_so": "5.170", "maximum_so": "5.170", "horizontal": "11.980", "upazila": "Fakirhat", "district": "Bagerhat", "remarks": "-", "shwl__msl_": 2.7189900000000002, "slwl__msl_": -1.1773, "longitude": 89.744879, "latitude": 22.750904000000002}}, {"type": "Feature", "id": 516, "geometry": {"type": "Point", "coordinates": [89.71995500000008, 22.774015000000077]}, "properties": {"objectid": 516, "id": "IWM_EX_40", "bridge_loc": "B_Extra_40_Mulghat Bridge", "authority": "RHD", "river_name": "Bhairab", "river_widt": 28.2, "bridge_len": "45.940", "no_of_pill": "2", "no_of_span": "1", "minimum_so": "6.268", "maximum_so": "6.293", "horizontal": "24.150", "upazila": "Fakirhat", "district": "Bagerhat", "remarks": "-", "shwl__msl_": 2.78682, "slwl__msl_": -1.24833, "longitude": 89.719955, "latitude": 22.774015000000002}}, {"type": "Feature", "id": 517, "geometry": {"type": "Point", "coordinates": [89.71659300000005, 22.77527200000003]}, "properties": {"objectid": 517, "id": "IWM_EX_41", "bridge_loc": "B_Extra_41_Kathal Tola Bridge", "authority": "RHD", "river_name": "Bhairab", "river_widt": 26.31, "bridge_len": "-", "no_of_pill": "-", "no_of_span": "-", "minimum_so": "4.512", "maximum_so": "4.512", "horizontal": "-", "upazila": "Fakirhat", "district": "Bagerhat", "remarks": "-", "shwl__msl_": 2.79252, "slwl__msl_": -1.26094, "longitude": 89.716593, "latitude": 22.775272}}, {"type": "Feature", "id": 518, "geometry": {"type": "Point", "coordinates": [89.71237300000007, 22.777502000000027]}, "properties": {"objectid": 518, "id": "IWM_EX_42", "bridge_loc": "B_Extra_42_Fakirhat Bridge", "authority": "LGED", "river_name": "Bhairab", "river_widt": 24.2, "bridge_len": "30.000", "no_of_pill": "2", "no_of_span": "3", "minimum_so": "5.331", "maximum_so": "5.384", "horizontal": "8.800", "upazila": "Fakirhat", "district": "Bagerhat", "remarks": "-", "shwl__msl_": 2.80227, "slwl__msl_": -1.27284, "longitude": 89.712373, "latitude": 22.777502}}, {"type": "Feature", "id": 519, "geometry": {"type": "Point", "coordinates": [89.70398000000006, 22.78082100000006]}, "properties": {"objectid": 519, "id": "IWM_EX_43", "bridge_loc": "B_Extra_43_Thanapara Bridge", "authority": "LGED", "river_name": "Bhairab", "river_widt": 21.4, "bridge_len": "29.200", "no_of_pill": "3", "no_of_span": "3", "minimum_so": "4.853", "maximum_so": "4.874", "horizontal": "9.000", "upazila": "Fakirhat", "district": "Bagerhat", "remarks": "-", "shwl__msl_": 2.8248800000000003, "slwl__msl_": -1.3008199999999999, "longitude": 89.70398, "latitude": 22.780821}}, {"type": "Feature", "id": 520, "geometry": {"type": "Point", "coordinates": [89.67671600000006, 22.794912000000068]}, "properties": {"objectid": 520, "id": "IWM_EX_44", "bridge_loc": "B_Extra_44_Nowvog Bridge", "authority": "LGED", "river_name": "Bhairab", "river_widt": 21.2, "bridge_len": "30.740", "no_of_pill": "2", "no_of_span": "3", "minimum_so": "5.318", "maximum_so": "5.350", "horizontal": "11.200", "upazila": "Fakirhat", "district": "Bagerhat", "remarks": "-", "shwl__msl_": 2.87945, "slwl__msl_": -1.3845, "longitude": 89.676716, "latitude": 22.794912}}, {"type": "Feature", "id": 521, "geometry": {"type": "Point", "coordinates": [89.67276200000003, 22.796856000000048]}, "properties": {"objectid": 521, "id": "IWM_EX_45", "bridge_loc": "B_Extra_45_Chatbag Bridge", "authority": "LGED", "river_name": "Bhairab", "river_widt": 28.11, "bridge_len": "31.800", "no_of_pill": "2", "no_of_span": "3", "minimum_so": "5.033", "maximum_so": "5.099", "horizontal": "10.370", "upazila": "Fakirhat", "district": "Bagerhat", "remarks": "-", "shwl__msl_": 2.8889, "slwl__msl_": -1.40046, "longitude": 89.672762, "latitude": 22.796856000000002}}, {"type": "Feature", "id": 522, "geometry": {"type": "Point", "coordinates": [89.65545100000008, 22.804854000000034]}, "properties": {"objectid": 522, "id": "IWM_Ex-46", "bridge_loc": "Br-Ex-46_Taltola Bridge", "authority": "-", "river_name": "-", "river_widt": 35, "bridge_len": "39.900", "no_of_pill": "-", "no_of_span": "-", "minimum_so": "4.077", "maximum_so": "4.103", "horizontal": "26.400", "upazila": "Rupsha", "district": "Khulna", "remarks": "-", "shwl__msl_": 2.92584, "slwl__msl_": -1.4540899999999999, "longitude": 89.655451, "latitude": 22.804854}}, {"type": "Feature", "id": 523, "geometry": {"type": "Point", "coordinates": [89.64305200000007, 22.809682000000066]}, "properties": {"objectid": 523, "id": "IWM_EX_47", "bridge_loc": "B_Extra_47_Kajdia Alipur Bridge", "authority": "LGED", "river_name": "Bhairab", "river_widt": 34, "bridge_len": "41.940", "no_of_pill": "2", "no_of_span": "3", "minimum_so": "5.440", "maximum_so": "5.465", "horizontal": "13.000", "upazila": "Rupsha", "district": "Khulna", "remarks": "-", "shwl__msl_": 2.95472, "slwl__msl_": -1.49769, "longitude": 89.643052, "latitude": 22.809682}}, {"type": "Feature", "id": 524, "geometry": {"type": "Point", "coordinates": [89.57840700000008, 22.764675000000068]}, "properties": {"objectid": 524, "id": "IWM_303", "bridge_loc": "B_303_Rupsha Rail Bridge", "authority": "BR", "river_name": "-", "river_widt": 443, "bridge_len": "717.000", "no_of_pill": "-", "no_of_span": "-", "minimum_so": "22.108", "maximum_so": "22.459", "horizontal": "83.950", "upazila": "Batighata", "district": "Khulna", "remarks": "-", "shwl__msl_": 2.84, "slwl__msl_": -1.77, "longitude": 89.578407, "latitude": 22.764675}}, {"type": "Feature", "id": 525, "geometry": {"type": "Point", "coordinates": [90.28078500000004, 22.80833700000005]}, "properties": {"objectid": 525, "id": "IWM_45 A", "bridge_loc": "Doarika Bridge 45a", "authority": "RHD", "river_name": "Shondha", "river_widt": 337, "bridge_len": "387.000", "no_of_pill": "7", "no_of_span": "8", "minimum_so": "14.175", "maximum_so": "14.780", "horizontal": "46.470", "upazila": "Babuganj", "district": "Barishal", "remarks": "-", "shwl__msl_": 2.0906399999999996, "slwl__msl_": -0.43389700000000003, "longitude": 90.280785, "latitude": 22.808336999999998}}, {"type": "Feature", "id": 526, "geometry": {"type": "Point", "coordinates": [90.42726800000008, 22.708500000000072]}, "properties": {"objectid": 526, "id": "IWM_462", "bridge_loc": "Charmonai", "authority": "RHD", "river_name": "Bukhainagar", "river_widt": 89, "bridge_len": "200.000", "no_of_pill": "3", "no_of_span": "4", "minimum_so": "9.043", "maximum_so": "9.045", "horizontal": "33.690", "upazila": "Barishal Sadar", "district": "Barishal", "remarks": "-", "shwl__msl_": 2.58612, "slwl__msl_": -0.765234, "longitude": 90.427268, "latitude": 22.7085}}, {"type": "Feature", "id": 527, "geometry": {"type": "Point", "coordinates": [89.86026000000004, 22.69761200000005]}, "properties": {"objectid": 527, "id": "IWM_320", "bridge_loc": "Rogunathpur Bridge 320", "authority": "LGED", "river_name": "Boleswar", "river_widt": 21, "bridge_len": "45.000", "no_of_pill": "2", "no_of_span": "3", "minimum_so": "3.342", "maximum_so": "3.373", "horizontal": "12.500", "upazila": "Kochua", "district": "Bagerhat", "remarks": "-", "shwl__msl_": 2.1672100000000003, "slwl__msl_": -0.8601660000000001, "longitude": 89.86026000000001, "latitude": 22.697612000000003}}, {"type": "Feature", "id": 528, "geometry": {"type": "Point", "coordinates": [89.89065400000004, 22.656107000000077]}, "properties": {"objectid": 528, "id": "IWM_322", "bridge_loc": "Mirshakawat Ali Daw Satu 322", "authority": "RHD", "river_name": "Boleswar", "river_widt": 52, "bridge_len": "112.000", "no_of_pill": "2", "no_of_span": "3", "minimum_so": "6.519", "maximum_so": "6.544", "horizontal": "35.320", "upazila": "Kochua", "district": "Bagerhat", "remarks": "-", "shwl__msl_": 1.79702, "slwl__msl_": -1.00084, "longitude": 89.89065400000001, "latitude": 22.656107}}, {"type": "Feature", "id": 529, "geometry": {"type": "Point", "coordinates": [89.92026400000003, 22.667095000000074]}, "properties": {"objectid": 529, "id": "IWM_329", "bridge_loc": "Char Sonapur", "authority": "LGED", "river_name": " Boleswar", "river_widt": 24, "bridge_len": "21.000", "no_of_pill": "1", "no_of_span": "2", "minimum_so": "2.435", "maximum_so": "2.597", "horizontal": "9.150", "upazila": "Kochua", "district": "Bagerhat", "remarks": "-", "shwl__msl_": 1.93956, "slwl__msl_": -0.9501430000000001, "longitude": 89.92026399999999, "latitude": 22.667095000000003}}, {"type": "Feature", "id": 530, "geometry": {"type": "Point", "coordinates": [89.91740300000004, 22.69270700000004]}, "properties": {"objectid": 530, "id": "IWM_327", "bridge_loc": "Rajlaxmi 327", "authority": "LGED", "river_name": " Boleswar", "river_widt": 31, "bridge_len": "26.000", "no_of_pill": "4", "no_of_span": "5", "minimum_so": "2.682", "maximum_so": "3.207", "horizontal": "10.000", "upazila": "Kochua", "district": "Bagerhat", "remarks": "-", "shwl__msl_": 2.04011, "slwl__msl_": -0.9094660000000001, "longitude": 89.91740300000001, "latitude": 22.692707}}, {"type": "Feature", "id": 531, "geometry": {"type": "Point", "coordinates": [89.80144100000007, 22.64426100000003]}, "properties": {"objectid": 531, "id": "IWM_EX_35", "bridge_loc": "B_Extra-35_Daratana Bridge", "authority": "RHD", "river_name": "Bhairab", "river_widt": 205.5, "bridge_len": "631.640", "no_of_pill": "12", "no_of_span": "13", "minimum_so": "13.190", "maximum_so": "13.530", "horizontal": "46.620", "upazila": "Bagerhat Sadar", "district": "Bagerhat", "remarks": "-", "shwl__msl_": 2.3822, "slwl__msl_": -0.9939250000000001, "longitude": 89.801441, "latitude": 22.644261}}, {"type": "Feature", "id": 532, "geometry": {"type": "Point", "coordinates": [89.78535300000004, 22.67781300000007]}, "properties": {"objectid": 532, "id": "IWM_EX_36", "bridge_loc": "B_Extra_36_Moniganj Bridge", "authority": "RHD", "river_name": "Bhairab", "river_widt": 138.8, "bridge_len": "434.300", "no_of_pill": "9", "no_of_span": "10", "minimum_so": "9.460", "maximum_so": "9.730", "horizontal": "41.400", "upazila": "Bagerhat Sadar", "district": "Bagerhat", "remarks": "-", "shwl__msl_": 2.4576100000000003, "slwl__msl_": -1.05479, "longitude": 89.785353, "latitude": 22.677813}}, {"type": "Feature", "id": 533, "geometry": {"type": "Point", "coordinates": [89.32567800000004, 22.590814000000023]}, "properties": {"objectid": 533, "id": "IWM_304", "bridge_loc": "B_304_Shibsha Bridge", "authority": "LGED", "river_name": "Shibsha", "river_widt": 127.9, "bridge_len": "202.000", "no_of_pill": "4", "no_of_span": "5", "minimum_so": "9.845", "maximum_so": "9.845", "horizontal": "35.980", "upazila": "Paik Gacha", "district": "Khulna", "remarks": "-", "shwl__msl_": 3.1909, "slwl__msl_": -2.28485, "longitude": 89.325678, "latitude": 22.590814}}, {"type": "Feature", "id": 534, "geometry": {"type": "Point", "coordinates": [89.28903900000006, 22.618319000000042]}, "properties": {"objectid": 534, "id": "IWM_723", "bridge_loc": "B_723_Kopotakho Bridge", "authority": "LGED", "river_name": "Kopotakho", "river_widt": 158.22, "bridge_len": "315.400", "no_of_pill": "8", "no_of_span": "9", "minimum_so": "8.715", "maximum_so": "9.665", "horizontal": "27.650", "upazila": "Paik Gacha", "district": "Khulna", "remarks": "-", "shwl__msl_": 3.33951, "slwl__msl_": -2.35656, "longitude": 89.289039, "latitude": 22.618319000000003}}, {"type": "Feature", "id": 535, "geometry": {"type": "Point", "coordinates": [90.17889000000008, 22.641253000000063]}, "properties": {"objectid": 535, "id": "IWM_21", "bridge_loc": "Gabkhan 21", "authority": "RHD", "river_name": "Gabkhan", "river_widt": 0, "bridge_len": "-", "no_of_pill": "-", "no_of_span": "-", "minimum_so": "19.797", "maximum_so": "19.857", "horizontal": "105.350", "upazila": "Jalokhati Sadar", "district": "Jalokhati", "remarks": "-", "shwl__msl_": 1.96804, "slwl__msl_": -0.809802, "longitude": 90.17889, "latitude": 22.641253000000003}}, {"type": "Feature", "id": 536, "geometry": {"type": "Point", "coordinates": [90.35461100000003, 22.663614000000052]}, "properties": {"objectid": 536, "id": "IWM_81", "bridge_loc": "Dopdopia", "authority": "RHD", "river_name": "Kirtonkhola", "river_widt": 470, "bridge_len": "1380.000", "no_of_pill": "-", "no_of_span": "-", "minimum_so": "17.204", "maximum_so": "19.542", "horizontal": "80.500", "upazila": "Barishal Sadar", "district": "Barishal", "remarks": "-", "shwl__msl_": 2.0698499999999997, "slwl__msl_": -0.660154, "longitude": 90.354611, "latitude": 22.663614}}, {"type": "Feature", "id": 537, "geometry": {"type": "Point", "coordinates": [90.36195300000009, 22.652488000000062]}, "properties": {"objectid": 537, "id": "IWM_84", "bridge_loc": "Khoirabad 84", "authority": "RHD", "river_name": "Khoirabad", "river_widt": 68, "bridge_len": "276.000", "no_of_pill": "4", "no_of_span": "5", "minimum_so": "9.419", "maximum_so": "9.604", "horizontal": "29.150", "upazila": "Barishal Sadar", "district": "Barishal", "remarks": "-", "shwl__msl_": 2.09916, "slwl__msl_": -0.677142, "longitude": 90.361953, "latitude": 22.652488}}, {"type": "Feature", "id": 538, "geometry": {"type": "Point", "coordinates": [89.07350100000008, 22.570494000000053]}, "properties": {"objectid": 538, "id": "IWM_313", "bridge_loc": "B_313_Rangashisha", "authority": "LGED", "river_name": "Howra Khal", "river_widt": 10.9, "bridge_len": "27.280", "no_of_pill": "1", "no_of_span": "2", "minimum_so": "3.894", "maximum_so": "4.022", "horizontal": "5.000", "upazila": "Asasuni", "district": "Satkhira", "remarks": "-", "shwl__msl_": 3.54259, "slwl__msl_": 0, "longitude": 89.073501, "latitude": 22.570494}}, {"type": "Feature", "id": 539, "geometry": {"type": "Point", "coordinates": [89.07165300000008, 22.558084000000065]}, "properties": {"objectid": 539, "id": "IWM_313 (A)", "bridge_loc": "B_313 (A)_Jayamari (Broken Bridge)", "authority": "LGED", "river_name": "Hawra Khal", "river_widt": 26.5, "bridge_len": "-", "no_of_pill": "-", "no_of_span": "-", "minimum_so": "-", "maximum_so": "-", "horizontal": "-", "upazila": "Kaliganj", "district": "Satkhira", "remarks": "-", "shwl__msl_": 3.5380100000000003, "slwl__msl_": 0, "longitude": 89.071653, "latitude": 22.558084}}, {"type": "Feature", "id": 540, "geometry": {"type": "Point", "coordinates": [89.09583100000003, 22.56190600000008]}, "properties": {"objectid": 540, "id": "IWM_312", "bridge_loc": "B_312 Kamal Kathai Bridge (Bamboo Bridge)", "authority": "LGED", "river_name": "Howra Khal", "river_widt": 0, "bridge_len": "-", "no_of_pill": "-", "no_of_span": "-", "minimum_so": "-", "maximum_so": "-", "horizontal": "-", "upazila": "Asasuni", "district": "Satkhira", "remarks": "-", "shwl__msl_": 3.53085, "slwl__msl_": -0.965691, "longitude": 89.095831, "latitude": 22.561906}}, {"type": "Feature", "id": 541, "geometry": {"type": "Point", "coordinates": [89.09538600000008, 22.56207500000005]}, "properties": {"objectid": 541, "id": "IWM_312 (A)", "bridge_loc": "B_312 (A) Kamal Kathai Bridge", "authority": "LGED", "river_name": "Howra Khal", "river_widt": 24, "bridge_len": "28.390", "no_of_pill": "-", "no_of_span": "-", "minimum_so": "-", "maximum_so": "-", "horizontal": "-", "upazila": "Asasuni", "district": "Satkhira", "remarks": "-", "shwl__msl_": 3.53097, "slwl__msl_": -0.949453, "longitude": 89.09538599999999, "latitude": 22.562075}}, {"type": "Feature", "id": 542, "geometry": {"type": "Point", "coordinates": [89.12560900000005, 22.570102000000077]}, "properties": {"objectid": 542, "id": "IWM_310", "bridge_loc": "B_310_Kamalkati Bridge", "authority": "LGED", "river_name": "Marirchap", "river_widt": 43, "bridge_len": "18.200", "no_of_pill": "2", "no_of_span": "3", "minimum_so": "4.161", "maximum_so": "4.171", "horizontal": "5.580", "upazila": "Asasuni", "district": "Satkhira", "remarks": "-", "shwl__msl_": 3.5125100000000002, "slwl__msl_": -1.49396, "longitude": 89.12560900000001, "latitude": 22.570102}}, {"type": "Feature", "id": 543, "geometry": {"type": "Point", "coordinates": [89.12308900000005, 22.569991000000073]}, "properties": {"objectid": 543, "id": "IWM_311", "bridge_loc": "B_311_Kamalkati Sluice Gate", "authority": "BWDB", "river_name": "Bashdha", "river_widt": 21.3, "bridge_len": "9.500", "no_of_pill": "-", "no_of_span": "-", "minimum_so": "-", "maximum_so": "-", "horizontal": "1.650", "upazila": "Asasuni", "district": "Satkhira", "remarks": "-", "shwl__msl_": 3.51117, "slwl__msl_": -1.46369, "longitude": 89.12308900000001, "latitude": 22.569991}}, {"type": "Feature", "id": 544, "geometry": {"type": "Point", "coordinates": [89.30392200000006, 22.581729000000053]}, "properties": {"objectid": 544, "id": "IWM_305", "bridge_loc": "B_305_Shibbati Bridge", "authority": "RHD", "river_name": "Kopotakho", "river_widt": 216.3, "bridge_len": "347.500", "no_of_pill": "7", "no_of_span": "8", "minimum_so": "9.445", "maximum_so": "10.125", "horizontal": "41.300", "upazila": "Paik Gacha", "district": "Khulna", "remarks": "-", "shwl__msl_": 3.1721399999999997, "slwl__msl_": -2.3538200000000002, "longitude": 89.303922, "latitude": 22.581729000000003}}, {"type": "Feature", "id": 545, "geometry": {"type": "Point", "coordinates": [89.21773400000006, 22.56131800000003]}, "properties": {"objectid": 545, "id": "IWM_306", "bridge_loc": "B_306_Tentulia Bridge", "authority": "LGED", "river_name": "Marrichap", "river_widt": 33, "bridge_len": "100.000", "no_of_pill": "4", "no_of_span": "5", "minimum_so": "6.873", "maximum_so": "7.281", "horizontal": "16.600", "upazila": "Asasuni", "district": "Satkhira", "remarks": "-", "shwl__msl_": 3.1407, "slwl__msl_": -2.52894, "longitude": 89.217734, "latitude": 22.561318}}, {"type": "Feature", "id": 546, "geometry": {"type": "Point", "coordinates": [90.02932200000004, 22.57523800000007]}, "properties": {"objectid": 546, "id": "IWM_1", "bridge_loc": "China Bangladesh", "authority": "RHD", "river_name": "Kocha", "river_widt": 878, "bridge_len": "1486.000", "no_of_pill": "23", "no_of_span": "24", "minimum_so": "13.555", "maximum_so": "23.571", "horizontal": "107.500", "upazila": "Kawkhali", "district": "Pirojpur", "remarks": "-", "shwl__msl_": 1.6716700000000002, "slwl__msl_": -1.3792, "longitude": 90.02932200000001, "latitude": 22.575238}}, {"type": "Feature", "id": 547, "geometry": {"type": "Point", "coordinates": [89.07064400000007, 22.55172200000004]}, "properties": {"objectid": 547, "id": "IWM_314", "bridge_loc": "B_314 Sonnasirchak Bridge", "authority": "LGED", "river_name": "Hawra Khal", "river_widt": 28.21, "bridge_len": "18.180", "no_of_pill": "2", "no_of_span": "3", "minimum_so": "3.559", "maximum_so": "3.593", "horizontal": "5.400", "upazila": "Kaliganj", "district": "Satkhira", "remarks": "-", "shwl__msl_": 3.53146, "slwl__msl_": 0, "longitude": 89.070644, "latitude": 22.551722}}, {"type": "Feature", "id": 548, "geometry": {"type": "Point", "coordinates": [89.18798500000008, 22.550800000000038]}, "properties": {"objectid": 548, "id": "IWM_307", "bridge_loc": "B_307_Manikkhali Bridge", "authority": "RHD", "river_name": "Kholpetua", "river_widt": 204, "bridge_len": "303.800", "no_of_pill": "6", "no_of_span": "7", "minimum_so": "10.593", "maximum_so": "11.980", "horizontal": "41.000", "upazila": "Asasuni", "district": "Satkhira", "remarks": "-", "shwl__msl_": 3.18035, "slwl__msl_": -2.59265, "longitude": 89.187985, "latitude": 22.5508}}, {"type": "Feature", "id": 549, "geometry": {"type": "Point", "coordinates": [89.17213700000008, 22.549390000000074]}, "properties": {"objectid": 549, "id": "IWM_308", "bridge_loc": "B_308_Chapra Baily Bridge", "authority": "RHD", "river_name": "Marirchap", "river_widt": 57, "bridge_len": "241.200", "no_of_pill": "3", "no_of_span": "4", "minimum_so": "5.822", "maximum_so": "5.973", "horizontal": "33.000", "upazila": "Asasuni", "district": "Satkhira", "remarks": "-", "shwl__msl_": 3.27365, "slwl__msl_": -2.45126, "longitude": 89.172137, "latitude": 22.54939}}, {"type": "Feature", "id": 550, "geometry": {"type": "Point", "coordinates": [89.17210100000005, 22.549562000000037]}, "properties": {"objectid": 550, "id": "IWM_308 (A)", "bridge_loc": "B_308 (A)_Chapru Bridge", "authority": "RHD", "river_name": "Marirchap", "river_widt": 59, "bridge_len": "-", "no_of_pill": "2", "no_of_span": "3", "minimum_so": "5.618", "maximum_so": "6.653", "horizontal": "29.500", "upazila": "Asasuni", "district": "Satkhira", "remarks": "-", "shwl__msl_": 3.2781100000000003, "slwl__msl_": -2.45142, "longitude": 89.172101, "latitude": 22.549561999999998}}, {"type": "Feature", "id": 551, "geometry": {"type": "Point", "coordinates": [89.23923100000007, 22.542835000000025]}, "properties": {"objectid": 551, "id": "IWM_352", "bridge_loc": "B_352_Barodol Bridge", "authority": "RHD", "river_name": "Arpongaswa", "river_widt": 62, "bridge_len": "201.000", "no_of_pill": "4", "no_of_span": "5", "minimum_so": "10.219", "maximum_so": "10.234", "horizontal": "38.500", "upazila": "Asasuni", "district": "Satkhira", "remarks": "-", "shwl__msl_": 3.04028, "slwl__msl_": -2.4999100000000003, "longitude": 89.239231, "latitude": 22.542835}}, {"type": "Feature", "id": 552, "geometry": {"type": "Point", "coordinates": [90.55883200000005, 22.47321400000004]}, "properties": {"objectid": 552, "id": "IWM_670", "bridge_loc": "Nurainpur", "authority": "LGED", "river_name": "Kalishuri", "river_widt": 71, "bridge_len": "150.000", "no_of_pill": "4", "no_of_span": "5", "minimum_so": "9.034", "maximum_so": "9.725", "horizontal": "23.770", "upazila": "Bhupal", "district": "Patuakhali", "remarks": "-", "shwl__msl_": 2.0381, "slwl__msl_": -0.811949, "longitude": 90.55883200000001, "latitude": 22.473214}}, {"type": "Feature", "id": 553, "geometry": {"type": "Point", "coordinates": [90.52288700000008, 22.53336100000007]}, "properties": {"objectid": 553, "id": "IWM_668", "bridge_loc": "Kalishuri Bridge 668", "authority": "LGED", "river_name": "Kalishuri", "river_widt": 55, "bridge_len": "120.000", "no_of_pill": "4", "no_of_span": "5", "minimum_so": "7.375", "maximum_so": "7.378", "horizontal": "20.000", "upazila": "Bhupal", "district": "Patuakhali", "remarks": "-", "shwl__msl_": 2.0680300000000003, "slwl__msl_": -0.7705010000000001, "longitude": 90.522887, "latitude": 22.533361}}, {"type": "Feature", "id": 554, "geometry": {"type": "Point", "coordinates": [90.53953300000006, 22.507083000000023]}, "properties": {"objectid": 554, "id": "IWM_669", "bridge_loc": "Golbage 669", "authority": "LGED", "river_name": "Kalishuri", "river_widt": 52, "bridge_len": "85.000", "no_of_pill": "-", "no_of_span": "-", "minimum_so": "7.497", "maximum_so": "7.528", "horizontal": "8.740", "upazila": "Bhupal", "district": "Patuakhali", "remarks": "-", "shwl__msl_": 2.05419, "slwl__msl_": -0.7855200000000001, "longitude": 90.539533, "latitude": 22.507083}}, {"type": "Feature", "id": 555, "geometry": {"type": "Point", "coordinates": [90.06014500000003, 22.48708700000003]}, "properties": {"objectid": 555, "id": "IWM_EX-18", "bridge_loc": "E-18_Bhandaria Bridge", "authority": "-", "river_name": "Pana", "river_widt": 116.92, "bridge_len": "200.000", "no_of_pill": "3", "no_of_span": "4", "minimum_so": "7.334", "maximum_so": "8.670", "horizontal": "38.530", "upazila": "Bhandaria", "district": "Pirojpur", "remarks": "-", "shwl__msl_": 1.77602, "slwl__msl_": -1.25634, "longitude": 90.060145, "latitude": 22.487087}}, {"type": "Feature", "id": 556, "geometry": {"type": "Point", "coordinates": [90.06008000000008, 22.486987000000056]}, "properties": {"objectid": 556, "id": "IWM_EX-18 A", "bridge_loc": "Ex-18 (A)_Bhandaria Bally Bridge_Deck Level", "authority": "-", "river_name": "Pana", "river_widt": 118, "bridge_len": "160.820", "no_of_pill": "3", "no_of_span": "4", "minimum_so": "5.390", "maximum_so": "5.420", "horizontal": "35.820", "upazila": "Bhandaria", "district": "Pirojpur", "remarks": "-", "shwl__msl_": 1.77602, "slwl__msl_": -1.25634, "longitude": 90.06008, "latitude": 22.486987}}, {"type": "Feature", "id": 557, "geometry": {"type": "Point", "coordinates": [91.84523900000005, 22.513768000000027]}, "properties": {"objectid": 557, "id": "IWM_633 (B)", "bridge_loc": "633 (B) Halda Bridge", "authority": "RHD", "river_name": "Halda", "river_widt": 91.93, "bridge_len": "105.050", "no_of_pill": "2", "no_of_span": "3", "minimum_so": "6.310", "maximum_so": "6.310", "horizontal": "18.400", "upazila": "Hathazari", "district": "Chittagonj", "remarks": "-", "shwl__msl_": 3.9265, "slwl__msl_": -1.1539899999999998, "longitude": 91.845239, "latitude": 22.513768}}, {"type": "Feature", "id": 558, "geometry": {"type": "Point", "coordinates": [91.84536200000008, 22.514148000000034]}, "properties": {"objectid": 558, "id": "IWM_633 (A)", "bridge_loc": "633 (A) Halda Old Bridge", "authority": "RHD", "river_name": "Halda", "river_widt": 97.16, "bridge_len": "101.860", "no_of_pill": "3", "no_of_span": "4", "minimum_so": "7.680", "maximum_so": "7.800", "horizontal": "23.940", "upazila": "Hathazari", "district": "Chittagonj", "remarks": "-", "shwl__msl_": 3.92976, "slwl__msl_": -1.15021, "longitude": 91.845362, "latitude": 22.514148}}, {"type": "Feature", "id": 559, "geometry": {"type": "Point", "coordinates": [91.84554400000007, 22.51445700000005]}, "properties": {"objectid": 559, "id": "IWM_633", "bridge_loc": "633 Halda Bridge", "authority": "RHD", "river_name": "Halda", "river_widt": 95.5, "bridge_len": "102.180", "no_of_pill": "2", "no_of_span": "3", "minimum_so": "7.762", "maximum_so": "7.860", "horizontal": "23.030", "upazila": "Hathazari", "district": "Chittagonj", "remarks": "-", "shwl__msl_": 3.92811, "slwl__msl_": -1.1518199999999998, "longitude": 91.845544, "latitude": 22.514457}}, {"type": "Feature", "id": 560, "geometry": {"type": "Point", "coordinates": [89.28450500000008, 22.45758900000004]}, "properties": {"objectid": 560, "id": "IWM_354", "bridge_loc": "B_354_Koyra Bridge", "authority": "RHD", "river_name": "Kopodak", "river_widt": 168, "bridge_len": "224.000", "no_of_pill": "5", "no_of_span": "6", "minimum_so": "9.410", "maximum_so": "9.740", "horizontal": "35.650", "upazila": "Koyra", "district": "Sylhet", "remarks": "-", "shwl__msl_": 2.79857, "slwl__msl_": -2.5297300000000003, "longitude": 89.284505, "latitude": 22.457589}}, {"type": "Feature", "id": 561, "geometry": {"type": "Point", "coordinates": [90.34110300000003, 22.465419000000054]}, "properties": {"objectid": 561, "id": "IWM_79", "bridge_loc": "Payra", "authority": "RHD", "river_name": "Paira", "river_widt": 406, "bridge_len": "1466.000", "no_of_pill": "-", "no_of_span": "-", "minimum_so": "17.638", "maximum_so": "20.213", "horizontal": "131.600", "upazila": "Bakerganj", "district": "Barishal", "remarks": "-", "shwl__msl_": 2.0499, "slwl__msl_": -0.748233, "longitude": 90.341103, "latitude": 22.465419}}, {"type": "Feature", "id": 562, "geometry": {"type": "Point", "coordinates": [90.32101600000004, 22.368274000000042]}, "properties": {"objectid": 562, "id": "IWM_74", "bridge_loc": "74_ Patuakhali Bridge", "authority": "RHD", "river_name": "Laukhali", "river_widt": 229, "bridge_len": "486.000", "no_of_pill": "7", "no_of_span": "8", "minimum_so": "6.969", "maximum_so": "7.513", "horizontal": "42.480", "upazila": "Pathuakhali Sadar", "district": "Pathuakhali", "remarks": "-", "shwl__msl_": 2.09664, "slwl__msl_": -0.8494630000000001, "longitude": 90.321016, "latitude": 22.368274000000003}}, {"type": "Feature", "id": 563, "geometry": {"type": "Point", "coordinates": [90.21601400000009, 22.362497000000076]}, "properties": {"objectid": 563, "id": "IWM_30", "bridge_loc": "30_ Subidkhali Bridge", "authority": "RHD", "river_name": "Beradon", "river_widt": 43, "bridge_len": "67.000", "no_of_pill": "2", "no_of_span": "3", "minimum_so": "6.125", "maximum_so": "6.196", "horizontal": "18.170", "upazila": "Mirjaganj", "district": "Pathuakhali", "remarks": "-", "shwl__msl_": 1.9185500000000002, "slwl__msl_": -1.00194, "longitude": 90.21601399999999, "latitude": 22.362497}}, {"type": "Feature", "id": 564, "geometry": {"type": "Point", "coordinates": [90.21584100000007, 22.36245100000008]}, "properties": {"objectid": 564, "id": "IWM_30A", "bridge_loc": "30a_Subidkhali Baily Bridge", "authority": "LGED", "river_name": "Beradon", "river_widt": 44, "bridge_len": "49.000", "no_of_pill": "-", "no_of_span": "-", "minimum_so": "6.148", "maximum_so": "6.190", "horizontal": "39.630", "upazila": "Mirjaganj", "district": "Pathuakhali", "remarks": "-", "shwl__msl_": 1.9185500000000002, "slwl__msl_": -1.00194, "longitude": 90.215841, "latitude": 22.362451}}, {"type": "Feature", "id": 565, "geometry": {"type": "Point", "coordinates": [90.18289800000008, 22.43070800000004]}, "properties": {"objectid": 565, "id": "IWM_20", "bridge_loc": "20_ Japkhali Bridge", "authority": "LGED", "river_name": "Beradon", "river_widt": 55, "bridge_len": "95.000", "no_of_pill": "4", "no_of_span": "5", "minimum_so": "5.379", "maximum_so": "5.844", "horizontal": "14.980", "upazila": "Betagi", "district": "Barguna", "remarks": "-", "shwl__msl_": 1.92386, "slwl__msl_": -0.876729, "longitude": 90.182898, "latitude": 22.430708000000003}}, {"type": "Feature", "id": 566, "geometry": {"type": "Point", "coordinates": [90.07623300000006, 22.356724000000042]}, "properties": {"objectid": 566, "id": "IWM_Ex-20", "bridge_loc": "  Ex-Amua Bridge", "authority": "RHD", "river_name": "Amua", "river_widt": 125, "bridge_len": "218.550", "no_of_pill": "4", "no_of_span": "5", "minimum_so": "6.806", "maximum_so": "8.150", "horizontal": "37.080", "upazila": "Kathalia", "district": "Jhalokati", "remarks": "-", "shwl__msl_": 1.78851, "slwl__msl_": -1.29883, "longitude": 90.076233, "latitude": 22.356724}}, {"type": "Feature", "id": 567, "geometry": {"type": "Point", "coordinates": [91.88839000000007, 22.396229000000062]}, "properties": {"objectid": 567, "id": "IWM_215", "bridge_loc": "215 Kalurghat Bridge", "authority": "RHD", "river_name": "Kornophuli", "river_widt": 553.5, "bridge_len": "642.500", "no_of_pill": "12", "no_of_span": "13", "minimum_so": "5.541", "maximum_so": "8.880", "horizontal": "30.180", "upazila": "Boalkhali", "district": "Chittagonj", "remarks": "-", "shwl__msl_": 3.60773, "slwl__msl_": -1.6700199999999998, "longitude": 91.88839, "latitude": 22.396229}}, {"type": "Feature", "id": 568, "geometry": {"type": "Point", "coordinates": [92.03351600000008, 22.458199000000036]}, "properties": {"objectid": 568, "id": "IWM_222", "bridge_loc": "222 Godown Bridge", "authority": "RHD", "river_name": "Kornophuli", "river_widt": 271.46, "bridge_len": "304.160", "no_of_pill": "7", "no_of_span": "8", "minimum_so": "9.355", "maximum_so": "9.975", "horizontal": "38.650", "upazila": "Rangunia", "district": "Chittagong", "remarks": "-", "shwl__msl_": 4.068890000000001, "slwl__msl_": -0.661563, "longitude": 92.033516, "latitude": 22.458199}}, {"type": "Feature", "id": 569, "geometry": {"type": "Point", "coordinates": [91.87262700000008, 22.434383000000025]}, "properties": {"objectid": 569, "id": "IWM_634 (A)", "bridge_loc": "634 (A) Modonghat Bridge", "authority": "-", "river_name": "Halda", "river_widt": 191.84, "bridge_len": "194.390", "no_of_pill": "5", "no_of_span": "6", "minimum_so": "5.583", "maximum_so": "7.050", "horizontal": "26.690", "upazila": "Hathazari", "district": "Chittagonj", "remarks": "-", "shwl__msl_": 3.69734, "slwl__msl_": -1.5245600000000001, "longitude": 91.87262700000001, "latitude": 22.434383}}, {"type": "Feature", "id": 570, "geometry": {"type": "Point", "coordinates": [91.87272500000006, 22.434249000000023]}, "properties": {"objectid": 570, "id": "IWM_634", "bridge_loc": "634 Modon Ghat Bridge", "authority": "-", "river_name": "Halda", "river_widt": 199.35, "bridge_len": "209.850", "no_of_pill": "5", "no_of_span": "6", "minimum_so": "9.164", "maximum_so": "9.837", "horizontal": "31.650", "upazila": "Hathazari", "district": "Chittagonj", "remarks": "-", "shwl__msl_": 3.69734, "slwl__msl_": -1.5245600000000001, "longitude": 91.87272499999999, "latitude": 22.434249}}, {"type": "Feature", "id": 571, "geometry": {"type": "Point", "coordinates": [89.84857200000005, 22.316114000000027]}, "properties": {"objectid": 571, "id": "IWM_ex-17", "bridge_loc": "Ex17_Rayenda Bridge", "authority": "RHD", "river_name": "Rayenda", "river_widt": 37.56, "bridge_len": "93.800", "no_of_pill": "2", "no_of_span": "3", "minimum_so": "7.550", "maximum_so": "7.590", "horizontal": "29.500", "upazila": "Sarankhola", "district": "Bagerhat", "remarks": "-", "shwl__msl_": 1.97339, "slwl__msl_": -1.49825, "longitude": 89.848572, "latitude": 22.316114}}, {"type": "Feature", "id": 572, "geometry": {"type": "Point", "coordinates": [89.85427600000008, 22.31516400000004]}, "properties": {"objectid": 572, "id": "IWM_ex-16", "bridge_loc": "Ex-16_Rayenda Bazar Bridge", "authority": "LGED", "river_name": "Rayenda", "river_widt": 29.78, "bridge_len": "47.700", "no_of_pill": "-", "no_of_span": "-", "minimum_so": "5.390", "maximum_so": "5.590", "horizontal": "10.650", "upazila": "Sarankhola", "district": "Bagerhat", "remarks": "-", "shwl__msl_": 1.9630800000000002, "slwl__msl_": -1.48376, "longitude": 89.85427600000001, "latitude": 22.315164}}, {"type": "Feature", "id": 573, "geometry": {"type": "Point", "coordinates": [89.89442200000008, 22.307331000000033]}, "properties": {"objectid": 573, "id": "IWM_ex-15", "bridge_loc": "Ex15_Boromachua Bridge_Deck Level", "authority": "LGED", "river_name": "-", "river_widt": 41.4, "bridge_len": "92.180", "no_of_pill": "3", "no_of_span": "4", "minimum_so": "6.504", "maximum_so": "6.519", "horizontal": "19.500", "upazila": "Mathbaria", "district": "Pirojpur", "remarks": "-", "shwl__msl_": 1.92319, "slwl__msl_": -1.4474500000000001, "longitude": 89.894422, "latitude": 22.307331}}, {"type": "Feature", "id": 574, "geometry": {"type": "Point", "coordinates": [89.91425900000007, 22.293750000000045]}, "properties": {"objectid": 574, "id": "IWM_ex-14", "bridge_loc": "Ex-14_ Kalirhat Bridge_Deck Level", "authority": "LGED", "river_name": "Machua", "river_widt": 36.22, "bridge_len": "41.600", "no_of_pill": "2", "no_of_span": "3", "minimum_so": "5.538", "maximum_so": "5.579", "horizontal": "12.100", "upazila": "Mathbaria", "district": "Pirojpur", "remarks": "-", "shwl__msl_": 1.92235, "slwl__msl_": -1.44282, "longitude": 89.91425899999999, "latitude": 22.293750000000003}}, {"type": "Feature", "id": 575, "geometry": {"type": "Point", "coordinates": [89.93469300000004, 22.290937000000042]}, "properties": {"objectid": 575, "id": "IWM_ex-13", "bridge_loc": "Ex13_ Matubbar Bari Bridge_Deck Leve", "authority": "LGED", "river_name": "Machua", "river_widt": 28.63, "bridge_len": "49.940", "no_of_pill": "2", "no_of_span": "3", "minimum_so": "6.811", "maximum_so": "6.911", "horizontal": "16.570", "upazila": "Mathbaria", "district": "Pirojpur", "remarks": "-", "shwl__msl_": 1.9117300000000002, "slwl__msl_": -1.43594, "longitude": 89.93469300000001, "latitude": 22.290937}}, {"type": "Feature", "id": 576, "geometry": {"type": "Point", "coordinates": [89.95357200000007, 22.28502100000003]}, "properties": {"objectid": 576, "id": "IWM_ex-12 A", "bridge_loc": "Ex-12 (A)_ Hospital Khal Bridge", "authority": "LGED", "river_name": "Mithakhali", "river_widt": 20.21, "bridge_len": "32.930", "no_of_pill": "4", "no_of_span": "5", "minimum_so": "4.215", "maximum_so": "4.339", "horizontal": "7.650", "upazila": "Mathbaria", "district": "Pirojpur", "remarks": "-", "shwl__msl_": 1.90412, "slwl__msl_": -1.4299899999999999, "longitude": 89.95357200000001, "latitude": 22.285021}}, {"type": "Feature", "id": 577, "geometry": {"type": "Point", "coordinates": [89.95881500000007, 22.28352700000005]}, "properties": {"objectid": 577, "id": "IWM_ex-12", "bridge_loc": "Ex-12_Bridge Under Construction", "authority": "RHD", "river_name": "Machuakhal", "river_widt": 0, "bridge_len": "-", "no_of_pill": "-", "no_of_span": "-", "minimum_so": "-", "maximum_so": "-", "horizontal": "-", "upazila": "Mathbaria", "district": "Pirojpur", "remarks": "-", "shwl__msl_": 1.90158, "slwl__msl_": -1.42833, "longitude": 89.958815, "latitude": 22.283527}}, {"type": "Feature", "id": 578, "geometry": {"type": "Point", "coordinates": [89.95983400000006, 22.283014000000037]}, "properties": {"objectid": 578, "id": "IWM_ex-11", "bridge_loc": "Ex-11- Thanapara Bridge", "authority": "RHD", "river_name": "-", "river_widt": 16.32, "bridge_len": "30.650", "no_of_pill": "-", "no_of_span": "1", "minimum_so": "3.436", "maximum_so": "3.478", "horizontal": "12.060", "upazila": "Mathbaria", "district": "Pirojpur", "remarks": "-", "shwl__msl_": 1.9016700000000002, "slwl__msl_": -1.4281800000000002, "longitude": 89.959834, "latitude": 22.283014}}, {"type": "Feature", "id": 579, "geometry": {"type": "Point", "coordinates": [89.97498900000005, 22.280593000000067]}, "properties": {"objectid": 579, "id": "IWM_ex-10", "bridge_loc": "Ex-10_ Surjomoni Bridge", "authority": "RHD", "river_name": "Machuakhal", "river_widt": 20.7, "bridge_len": "29.820", "no_of_pill": "4", "no_of_span": "5", "minimum_so": "4.010", "maximum_so": "4.034", "horizontal": "7.850", "upazila": "Mathbaria", "district": "Pirojpur", "remarks": "-", "shwl__msl_": 1.8924, "slwl__msl_": -1.4225400000000001, "longitude": 89.97498900000001, "latitude": 22.280593}}, {"type": "Feature", "id": 580, "geometry": {"type": "Point", "coordinates": [89.97857300000004, 22.279138000000046]}, "properties": {"objectid": 580, "id": "IWM_ex-09", "bridge_loc": "Ex-9_ Bhangapul Bridge", "authority": "RHD", "river_name": "Machuakhal", "river_widt": 20.7, "bridge_len": "22.770", "no_of_pill": "-", "no_of_span": "-", "minimum_so": "3.708", "maximum_so": "4.174", "horizontal": "6.400", "upazila": "Mathbaria", "district": "Pirojpur", "remarks": "-", "shwl__msl_": 1.89183, "slwl__msl_": -1.4219, "longitude": 89.978573, "latitude": 22.279138}}, {"type": "Feature", "id": 581, "geometry": {"type": "Point", "coordinates": [89.99409300000008, 22.27515200000005]}, "properties": {"objectid": 581, "id": "IWM_ex-08", "bridge_loc": "Ex-08_Uttar Beshki Bridge", "authority": "LGED", "river_name": "Machuakhal", "river_widt": 18.3, "bridge_len": "28.800", "no_of_pill": "-", "no_of_span": "-", "minimum_so": "3.499", "maximum_so": "3.679", "horizontal": "7.000", "upazila": "Mathbaria", "district": "Pirojpur", "remarks": "-", "shwl__msl_": 1.8836899999999999, "slwl__msl_": -1.41687, "longitude": 89.994093, "latitude": 22.275152}}, {"type": "Feature", "id": 582, "geometry": {"type": "Point", "coordinates": [89.27374700000007, 22.288798000000043]}, "properties": {"objectid": 582, "id": "IWM_353", "bridge_loc": "B_353_Gabura Bridge", "authority": "LGED", "river_name": "Chaddarashi", "river_widt": 122, "bridge_len": "136.000", "no_of_pill": "4", "no_of_span": "5", "minimum_so": "7.930", "maximum_so": "8.760", "horizontal": "18.000", "upazila": "Koyra", "district": "Sylhet", "remarks": "-", "shwl__msl_": 2.16498, "slwl__msl_": -2.69028, "longitude": 89.273747, "latitude": 22.288798}}, {"type": "Feature", "id": 583, "geometry": {"type": "Point", "coordinates": [90.00938500000007, 22.270128000000057]}, "properties": {"objectid": 583, "id": "IWM_EX-07", "bridge_loc": "Ex-07_ Baiskura Bridge_Uc", "authority": "LGED", "river_name": "-", "river_widt": 21.2, "bridge_len": "40.250", "no_of_pill": "-", "no_of_span": "-", "minimum_so": "-", "maximum_so": "-", "horizontal": "14.480", "upazila": "Mathbaria", "district": "Pirojpur", "remarks": "Under construction", "shwl__msl_": 1.87674, "slwl__msl_": -1.41276, "longitude": 90.009385, "latitude": 22.270128}}, {"type": "Feature", "id": 584, "geometry": {"type": "Point", "coordinates": [90.07557000000008, 22.263742000000036]}, "properties": {"objectid": 584, "id": "IWM_EX-03", "bridge_loc": "Ex-03_Kholpetua Bridge", "authority": "LGED", "river_name": "Machua", "river_widt": 58.77, "bridge_len": "61.120", "no_of_pill": "2", "no_of_span": "3", "minimum_so": "4.690", "maximum_so": "4.717", "horizontal": "18.200", "upazila": "Bamna", "district": "Barguna", "remarks": "-", "shwl__msl_": 1.82876, "slwl__msl_": -1.3971500000000001, "longitude": 90.07557, "latitude": 22.263742}}, {"type": "Feature", "id": 585, "geometry": {"type": "Point", "coordinates": [90.03412000000009, 22.268080000000054]}, "properties": {"objectid": 585, "id": "IWM_EX-04", "bridge_loc": "Ex-04_Jafrakhal Bridge", "authority": "LGED", "river_name": "Machua", "river_widt": 52, "bridge_len": "60.000", "no_of_pill": "2", "no_of_span": "3", "minimum_so": "4.146", "maximum_so": "4.196", "horizontal": "16.200", "upazila": "Bamna", "district": "Barguna", "remarks": "-", "shwl__msl_": 1.85903, "slwl__msl_": -1.4044100000000002, "longitude": 90.03412, "latitude": 22.26808}}, {"type": "Feature", "id": 586, "geometry": {"type": "Point", "coordinates": [90.02420300000006, 22.26945500000005]}, "properties": {"objectid": 586, "id": "IWM_EX-05", "bridge_loc": "Ex-05_ Churbania Bridge", "authority": "LGED", "river_name": "Machua", "river_widt": 45.69, "bridge_len": "56.456", "no_of_pill": "2", "no_of_span": "3", "minimum_so": "4.103", "maximum_so": "4.114", "horizontal": "15.800", "upazila": "Mathbaria", "district": "Pirojpur", "remarks": "-", "shwl__msl_": 1.86652, "slwl__msl_": -1.40777, "longitude": 90.024203, "latitude": 22.269455}}, {"type": "Feature", "id": 587, "geometry": {"type": "Point", "coordinates": [90.01712900000007, 22.268890000000056]}, "properties": {"objectid": 587, "id": "IWM_EX-06", "bridge_loc": "Ex-06_ Kumirmara Bridge", "authority": "LGED", "river_name": "Machua", "river_widt": 30.63, "bridge_len": "48.449", "no_of_pill": "3", "no_of_span": "4", "minimum_so": "4.049", "maximum_so": "4.460", "horizontal": "7.210", "upazila": "Mathbaria", "district": "Pirojpur", "remarks": "-", "shwl__msl_": 1.87168, "slwl__msl_": -1.41023, "longitude": 90.017129, "latitude": 22.26889}}, {"type": "Feature", "id": 588, "geometry": {"type": "Point", "coordinates": [91.85334000000006, 22.324110000000076]}, "properties": {"objectid": 588, "id": "IWM_213", "bridge_loc": "213 Sha Amanot Bridge", "authority": "RHD", "river_name": "Kornophuli", "river_widt": 759.09, "bridge_len": "964.230", "no_of_pill": "4", "no_of_span": "5", "minimum_so": "10.036", "maximum_so": "19.813", "horizontal": "179.570", "upazila": "Patiya", "district": "Chittagong", "remarks": "-", "shwl__msl_": 3.3097499999999997, "slwl__msl_": -2.4266, "longitude": 91.85334, "latitude": 22.32411}}, {"type": "Feature", "id": 589, "geometry": {"type": "Point", "coordinates": [90.12471500000004, 22.162738000000047]}, "properties": {"objectid": 589, "id": "IWM_51", "bridge_loc": "51_ Towhal Bridge", "authority": "RHD", "river_name": "Khagdon", "river_widt": 53, "bridge_len": "69.000", "no_of_pill": "2", "no_of_span": "3", "minimum_so": "5.099", "maximum_so": "5.114", "horizontal": "18.930", "upazila": "Barguna Sadar", "district": "Barguna", "remarks": "-", "shwl__msl_": 2.01167, "slwl__msl_": -1.39128, "longitude": 90.12471500000001, "latitude": 22.162738}}, {"type": "Feature", "id": 590, "geometry": {"type": "Point", "coordinates": [90.11983800000007, 22.161483000000032]}, "properties": {"objectid": 590, "id": "IWM_50", "bridge_loc": "50_ Barguna Bridge", "authority": "LGED", "river_name": "-", "river_widt": 53, "bridge_len": "72.000", "no_of_pill": "2", "no_of_span": "3", "minimum_so": "5.070", "maximum_so": "6.898", "horizontal": "-", "upazila": "Barguna Sadar", "district": "Barguna", "remarks": "-", "shwl__msl_": 2.01623, "slwl__msl_": -1.39663, "longitude": 90.119838, "latitude": 22.161483}}, {"type": "Feature", "id": 591, "geometry": {"type": "Point", "coordinates": [92.07099500000004, 22.159613000000036]}, "properties": {"objectid": 591, "id": "IWM_Ex-1008 (A)", "bridge_loc": "Ex-1008 (A) Dohazari Singh New Rail Bridge", "authority": "-", "river_name": "Shangu", "river_widt": 236.77, "bridge_len": "295.000", "no_of_pill": "6", "no_of_span": "7", "minimum_so": "9.782", "maximum_so": "9.800", "horizontal": "37.390", "upazila": "Chandail", "district": "Chittagong", "remarks": "-", "shwl__msl_": 4.4907200000000005, "slwl__msl_": 0.06908900000000001, "longitude": 92.070995, "latitude": 22.159613}}, {"type": "Feature", "id": 592, "geometry": {"type": "Point", "coordinates": [91.91062300000004, 22.17350700000003]}, "properties": {"objectid": 592, "id": "IWM_1006", "bridge_loc": "1006 Toilardwip Bridge", "authority": "RHD", "river_name": "Shangu", "river_widt": 346.12, "bridge_len": "520.960", "no_of_pill": "11", "no_of_span": "12", "minimum_so": "11.487", "maximum_so": "11.996", "horizontal": "35.970", "upazila": "Anowara", "district": "Chittagong", "remarks": "-", "shwl__msl_": 3.49097, "slwl__msl_": -1.4737500000000001, "longitude": 91.910623, "latitude": 22.173507}}, {"type": "Feature", "id": 593, "geometry": {"type": "Point", "coordinates": [92.06799400000006, 22.158882000000062]}, "properties": {"objectid": 593, "id": "IWM_1008", "bridge_loc": "1008 Dohazari Sangu Bridge", "authority": "RHD", "river_name": "Shangu", "river_widt": 150.18, "bridge_len": "244.620", "no_of_pill": "5", "no_of_span": "6", "minimum_so": "9.885", "maximum_so": "10.240", "horizontal": "37.520", "upazila": "Chandail", "district": "Chittagong", "remarks": "-", "shwl__msl_": 4.44249, "slwl__msl_": 0.038815, "longitude": 92.067994, "latitude": 22.158882}}, {"type": "Feature", "id": 594, "geometry": {"type": "Point", "coordinates": [92.21617300000008, 22.196728000000064]}, "properties": {"objectid": 594, "id": "IWM_1010", "bridge_loc": "1010 Sangu Bridge", "authority": "CDA", "river_name": "Shangu", "river_widt": 149.05, "bridge_len": "167.420", "no_of_pill": "4", "no_of_span": "5", "minimum_so": "18.099", "maximum_so": "18.703", "horizontal": "39.620", "upazila": "Bandarban Sadar", "district": "Bandarban", "remarks": "-", "shwl__msl_": 14.3435, "slwl__msl_": 4.24624, "longitude": 92.216173, "latitude": 22.196728}}, {"type": "Feature", "id": 595, "geometry": {"type": "Point", "coordinates": [92.22877400000004, 22.18970500000006]}, "properties": {"objectid": 595, "id": "IWM_1011", "bridge_loc": "1011 Sangu River", "authority": "CDA", "river_name": "Shangu", "river_widt": 138.98, "bridge_len": "158.110", "no_of_pill": "4", "no_of_span": "5", "minimum_so": "20.130", "maximum_so": "20.332", "horizontal": "25.670", "upazila": "Bandarban Sadar", "district": "Bandarban", "remarks": "-", "shwl__msl_": 0, "slwl__msl_": 0, "longitude": 92.228774, "latitude": 22.189705}}, {"type": "Feature", "id": 596, "geometry": {"type": "Point", "coordinates": [92.01370800000007, 22.15284500000007]}, "properties": {"objectid": 596, "id": "IWM_1007", "bridge_loc": "1007 Khodarhat Bridge", "authority": "RHD", "river_name": "Shangu", "river_widt": 193.29, "bridge_len": "347.420", "no_of_pill": "6", "no_of_span": "7", "minimum_so": "7.912", "maximum_so": "9.581", "horizontal": "38.720", "upazila": "Chandail", "district": "Chittagong", "remarks": "-", "shwl__msl_": 4.10866, "slwl__msl_": -0.453636, "longitude": 92.013708, "latitude": 22.152845}}, {"type": "Feature", "id": 597, "geometry": {"type": "Point", "coordinates": [90.30173600000006, 22.07416500000005]}, "properties": {"objectid": 597, "id": "IWM_37", "bridge_loc": "37_Nomarhat Bridge", "authority": "LGED", "river_name": "Tiakhali", "river_widt": 65, "bridge_len": "120.000", "no_of_pill": "2", "no_of_span": "3", "minimum_so": "4.884", "maximum_so": "5.033", "horizontal": "16.070", "upazila": "Kalapara", "district": "Pathuakhali", "remarks": "-", "shwl__msl_": 2.04634, "slwl__msl_": -1.2799, "longitude": 90.30173599999999, "latitude": 22.074165}}, {"type": "Feature", "id": 598, "geometry": {"type": "Point", "coordinates": [90.26998800000007, 22.02281400000004]}, "properties": {"objectid": 598, "id": "IWM_36", "bridge_loc": "36_ Londa Bridge", "authority": "LGED", "river_name": "Tiakhali", "river_widt": 105, "bridge_len": "175.000", "no_of_pill": "3", "no_of_span": "4", "minimum_so": "7.691", "maximum_so": "8.230", "horizontal": "30.410", "upazila": "Kalapara", "district": "Pathuakhali", "remarks": "-", "shwl__msl_": 2.06549, "slwl__msl_": -1.34903, "longitude": 90.26998800000001, "latitude": 22.022814}}, {"type": "Feature", "id": 599, "geometry": {"type": "Point", "coordinates": [90.25949500000007, 21.954511000000025]}, "properties": {"objectid": 599, "id": "IWM_38", "bridge_loc": "38_ Shohid Sayad Nazrul Islam Satu", "authority": "RHD", "river_name": "Ander Manik", "river_widt": 361, "bridge_len": "677.000", "no_of_pill": "9", "no_of_span": "10", "minimum_so": "13.226", "maximum_so": "15.444", "horizontal": "46.790", "upazila": "Kalapara", "district": "Pathuakhali", "remarks": "-", "shwl__msl_": 2.0908800000000003, "slwl__msl_": -1.3991500000000001, "longitude": 90.259495, "latitude": 21.954511}}, {"type": "Feature", "id": 600, "geometry": {"type": "Point", "coordinates": [90.21763900000008, 21.983685000000037]}, "properties": {"objectid": 600, "id": "IWM_27", "bridge_loc": "27_ Khepupara Bridge", "authority": "RHD", "river_name": "Ander Manik", "river_widt": 231, "bridge_len": "893.000", "no_of_pill": "18", "no_of_span": "19", "minimum_so": "13.891", "maximum_so": "14.905", "horizontal": "41.270", "upazila": "Kalapara", "district": "Pathuakhali", "remarks": "-", "shwl__msl_": 2.12, "slwl__msl_": -1.4601, "longitude": 90.217639, "latitude": 21.983684999999998}}, {"type": "Feature", "id": 601, "geometry": {"type": "Point", "coordinates": [90.13998600000008, 21.896385000000066]}, "properties": {"objectid": 601, "id": "IWM_11", "bridge_loc": "11_ Shek Jamal Bridge", "authority": "RHD", "river_name": "Sonatola", "river_widt": 316, "bridge_len": "484.000", "no_of_pill": "7", "no_of_span": "8", "minimum_so": "10.030", "maximum_so": "21.472", "horizontal": "40.690", "upazila": "Kalapara", "district": "Pathuakhali", "remarks": "-", "shwl__msl_": 2.18446, "slwl__msl_": -1.64253, "longitude": 90.139986, "latitude": 21.896385}}, {"type": "Feature", "id": 602, "geometry": {"type": "Point", "coordinates": [90.12531200000006, 21.856075000000033]}, "properties": {"objectid": 602, "id": "IWM_13", "bridge_loc": "13_ Shek Rasel Satu", "authority": "RHD", "river_name": "Shibbaria", "river_widt": 104, "bridge_len": "417.000", "no_of_pill": "8", "no_of_span": "9", "minimum_so": "10.716", "maximum_so": "10.738", "horizontal": "42.460", "upazila": "Kalapara", "district": "Pathuakhali", "remarks": "-", "shwl__msl_": 2.19998, "slwl__msl_": -1.66909, "longitude": 90.125312, "latitude": 21.856075}}, {"type": "Feature", "id": 603, "geometry": {"type": "Point", "coordinates": [90.20572300000003, 21.836761000000024]}, "properties": {"objectid": 603, "id": "IWM_1 (B)", "bridge_loc": "Br-1 (B)_ Chapli Bridge", "authority": "LGED", "river_name": "Kharavanga", "river_widt": 31, "bridge_len": "63.000", "no_of_pill": "2", "no_of_span": "3", "minimum_so": "4.748", "maximum_so": "4.761", "horizontal": "18.845", "upazila": "Kalapara", "district": "Pathuakhali", "remarks": "-", "shwl__msl_": 2.18, "slwl__msl_": -1.49, "longitude": 90.20572299999999, "latitude": 21.836761}}, {"type": "Feature", "id": 604, "geometry": {"type": "Point", "coordinates": [90.21883700000006, 21.843105000000037]}, "properties": {"objectid": 604, "id": "IWM_2 (B)", "bridge_loc": "Br-2 (B)_Aronto Para Bridge", "authority": "LGED", "river_name": "Kharavanga", "river_widt": 29, "bridge_len": "60.000", "no_of_pill": "2", "no_of_span": "3", "minimum_so": "5.517", "maximum_so": "5.551", "horizontal": "16.694", "upazila": "Kalapara", "district": "Pathuakhali", "remarks": "-", "shwl__msl_": 2.1798900000000003, "slwl__msl_": -1.46989, "longitude": 90.21883700000001, "latitude": 21.843105}}, {"type": "Feature", "id": 605, "geometry": {"type": "Point", "coordinates": [92.19095900000008, 21.783582000000024]}, "properties": {"objectid": 605, "id": "IWM_833", "bridge_loc": "833 Champatoli Bridge", "authority": "LGED", "river_name": "Matamuhuri", "river_widt": 134.46, "bridge_len": "179.830", "no_of_pill": "8", "no_of_span": "9", "minimum_so": "16.944", "maximum_so": "17.204", "horizontal": "18.960", "upazila": "Lama", "district": "Bandarban", "remarks": "-", "shwl__msl_": 9.51115, "slwl__msl_": 5.584460000000001, "longitude": 92.19095899999999, "latitude": 21.783582}}, {"type": "Feature", "id": 606, "geometry": {"type": "Point", "coordinates": [92.19378300000005, 21.792350000000056]}, "properties": {"objectid": 606, "id": "IWM_834", "bridge_loc": "834 Bomobil Chari Bridge", "authority": "LGED", "river_name": "Matamuhuri", "river_widt": 123.99, "bridge_len": "179.510", "no_of_pill": "5", "no_of_span": "6", "minimum_so": "14.154", "maximum_so": "15.014", "horizontal": "26.100", "upazila": "Lama", "district": "Bandarban", "remarks": "-", "shwl__msl_": 9.81699, "slwl__msl_": 5.67945, "longitude": 92.19378300000001, "latitude": 21.792350000000003}}, {"type": "Feature", "id": 607, "geometry": {"type": "Point", "coordinates": [92.04419100000007, 21.780305000000055]}, "properties": {"objectid": 607, "id": "IWM_828", "bridge_loc": "828 Betua Bridge", "authority": "LGED", "river_name": "Matamuhuri", "river_widt": 108.4, "bridge_len": "148.450", "no_of_pill": "3", "no_of_span": "4", "minimum_so": "7.445", "maximum_so": "7.544", "horizontal": "26.360", "upazila": "Chakaria", "district": "Coxs Bazar", "remarks": "-", "shwl__msl_": 3.47196, "slwl__msl_": -0.144918, "longitude": 92.044191, "latitude": 21.780305000000002}}, {"type": "Feature", "id": 608, "geometry": {"type": "Point", "coordinates": [92.10639500000008, 21.71281700000003]}, "properties": {"objectid": 608, "id": "IWM_401", "bridge_loc": "480 Kanori Bridge", "authority": "LGED", "river_name": "Kumari Chara", "river_widt": 28.72, "bridge_len": "40.400", "no_of_pill": "-", "no_of_span": "1", "minimum_so": "13.874", "maximum_so": "13.894", "horizontal": "20.670", "upazila": "Lama", "district": "Bandarban", "remarks": "-", "shwl__msl_": 5.2271, "slwl__msl_": 1.40432, "longitude": 92.106395, "latitude": 21.712817}}, {"type": "Feature", "id": 609, "geometry": {"type": "Point", "coordinates": [92.12256800000006, 21.754324000000054]}, "properties": {"objectid": 609, "id": "IWM_832", "bridge_loc": "832 Nurul Haque Chairman Bridge", "authority": "LGED", "river_name": "Matamuhuri", "river_widt": 127.24, "bridge_len": "154.720", "no_of_pill": "4", "no_of_span": "5", "minimum_so": "9.804", "maximum_so": "10.604", "horizontal": "17.350", "upazila": "Chakaria", "district": "Coxs Bazar", "remarks": "-", "shwl__msl_": 6.018960000000001, "slwl__msl_": 2.4210300000000005, "longitude": 92.122568, "latitude": 21.754324}}, {"type": "Feature", "id": 610, "geometry": {"type": "Point", "coordinates": [92.08088200000003, 21.770441000000062]}, "properties": {"objectid": 610, "id": "IWM_831", "bridge_loc": "831 Matamuhuri Bridge", "authority": "RHD", "river_name": "Matamuhuri", "river_widt": 238.67, "bridge_len": "321.420", "no_of_pill": "7", "no_of_span": "8", "minimum_so": "9.634", "maximum_so": "9.994", "horizontal": "45.580", "upazila": "Chakaria", "district": "Coxs Bazar", "remarks": "-", "shwl__msl_": 3.73409, "slwl__msl_": 0.33954300000000004, "longitude": 92.080882, "latitude": 21.770440999999998}}, {"type": "Feature", "id": 611, "geometry": {"type": "Point", "coordinates": [91.91677800000008, 21.708515000000034]}, "properties": {"objectid": 611, "id": "IWM_Ex-144", "bridge_loc": "Ex-144 Matarbari Bridge (Under Construction)", "authority": "RHD", "river_name": "Matarbari Channel", "river_widt": 335.09, "bridge_len": "-", "no_of_pill": "11", "no_of_span": "11", "minimum_so": "-", "maximum_so": "-", "horizontal": "-", "upazila": "Moheskhali", "district": "Coxs Bazar", "remarks": "Under construction", "shwl__msl_": 2.34917, "slwl__msl_": -2.5487, "longitude": 91.91677800000001, "latitude": 21.708515000000002}}, {"type": "Feature", "id": 612, "geometry": {"type": "Point", "coordinates": [91.94621700000005, 21.716085000000078]}, "properties": {"objectid": 612, "id": "IWM_218", "bridge_loc": "218 Badarkhali Bridge", "authority": "RHD", "river_name": "Mohes Khali Channel", "river_widt": 226.26, "bridge_len": "346.850", "no_of_pill": "7", "no_of_span": "-", "minimum_so": "-", "maximum_so": "-", "horizontal": "36.150", "upazila": "Moheskhali", "district": "Coxs Bazar", "remarks": "-", "shwl__msl_": 2.3387200000000004, "slwl__msl_": -2.55307, "longitude": 91.946217, "latitude": 21.716085}}, {"type": "Feature", "id": 613, "geometry": {"type": "Point", "coordinates": [92.06120000000004, 21.758694000000048]}, "properties": {"objectid": 613, "id": "IWM_830", "bridge_loc": "830 Batakhali Bridge", "authority": "RHD", "river_name": "Matamuhuri", "river_widt": 80.28, "bridge_len": "175.670", "no_of_pill": "4", "no_of_span": "5", "minimum_so": "6.899", "maximum_so": "7.392", "horizontal": "34.390", "upazila": "Chakaria", "district": "Coxs Bazar", "remarks": "-", "shwl__msl_": 3.26668, "slwl__msl_": -0.556654, "longitude": 92.0612, "latitude": 21.758694000000002}}, {"type": "Feature", "id": 614, "geometry": {"type": "Point", "coordinates": [92.04892500000005, 21.751713000000052]}, "properties": {"objectid": 614, "id": "IWM_829", "bridge_loc": "829 Maizghona Railway Bridge", "authority": "RHD", "river_name": "Matamuhuri", "river_widt": 114.14, "bridge_len": "251.230", "no_of_pill": "5", "no_of_span": "6", "minimum_so": "7.678", "maximum_so": "7.741", "horizontal": "37.430", "upazila": "Chakaria", "district": "Coxs Bazar", "remarks": "-", "shwl__msl_": 3.1693, "slwl__msl_": -0.744349, "longitude": 92.048925, "latitude": 21.751713}}, {"type": "Feature", "id": 615, "geometry": {"type": "Point", "coordinates": [92.03335800000008, 21.73123300000003]}, "properties": {"objectid": 615, "id": "IWM_496", "bridge_loc": "490 Matamuhuri Rubber Dam Bridge", "authority": "-", "river_name": "Matamuhuri", "river_widt": 158.79, "bridge_len": "187.490", "no_of_pill": "23", "no_of_span": "24", "minimum_so": "5.330", "maximum_so": "5.361", "horizontal": "7.280", "upazila": "Chakaria", "district": "Coxs Bazar", "remarks": "-", "shwl__msl_": 3.00804, "slwl__msl_": -1.07335, "longitude": 92.03335799999999, "latitude": 21.731233}}, {"type": "Feature", "id": 616, "geometry": {"type": "Point", "coordinates": [92.03298600000005, 21.731543000000045]}, "properties": {"objectid": 616, "id": "IWM_496 (A)", "bridge_loc": "496 (A) Matamuhuri Rubber Dam", "authority": "-", "river_name": "-", "river_widt": 177.01, "bridge_len": "186.130", "no_of_pill": "-", "no_of_span": "-", "minimum_so": "-", "maximum_so": "-", "horizontal": "-", "upazila": "Naria", "district": "Sariatpur", "remarks": "Rabar dam", "shwl__msl_": 3.0123800000000003, "slwl__msl_": -1.064, "longitude": 92.032986, "latitude": 21.731543000000002}}, {"type": "Feature", "id": 617, "geometry": {"type": "Point", "coordinates": [91.97492600000004, 21.45175100000006]}, "properties": {"objectid": 617, "id": "IWM_395", "bridge_loc": "395 Kasturighat Bakkhali Bridge (Under Construction)", "authority": "-", "river_name": "Bakkhali Khal", "river_widt": 47.25, "bridge_len": "-", "no_of_pill": "9", "no_of_span": "9", "minimum_so": "-", "maximum_so": "-", "horizontal": "-", "upazila": "Coxs Bazar Sadar", "district": "Coxs Bazar", "remarks": "Under construction", "shwl__msl_": 2.40266, "slwl__msl_": -2.22372, "longitude": 91.97492600000001, "latitude": 21.451750999999998}}, {"type": "Feature", "id": 618, "geometry": {"type": "Point", "coordinates": [92.05072100000007, 21.29447700000003]}, "properties": {"objectid": 618, "id": "IWM_Ex-145", "bridge_loc": "Ex-145 Reju Bridge", "authority": "LGED", "river_name": "Reju River", "river_widt": 136.18, "bridge_len": "148.470", "no_of_pill": "3", "no_of_span": "4", "minimum_so": "6.750", "maximum_so": "6.850", "horizontal": "32.910", "upazila": "Ukhia", "district": "Coxs Bazar", "remarks": "-", "shwl__msl_": 2.78568, "slwl__msl_": -1.5738699999999999, "longitude": 92.05072100000001, "latitude": 21.294477}}]}