{"type": "FeatureCollection", "features": [{"type": "Feature", "id": 1, "geometry": {"type": "LineString", "coordinates": [[91.36828373300006, 24.21581311600005], [91.36671846600007, 24.212172002000045], [91.36619553800006, 24.210778837000078], [91.36580481000004, 24.208954375000076], [91.36503255400004, 24.20616558200004], [91.36382287000004, 24.20266385000008], [91.36265423800006, 24.19934094900003], [91.36152360200003, 24.195910169000058], [91.36047193600007, 24.192550356000027], [91.35945902300006, 24.189154345000077], [91.35861497700006, 24.186939627000072], [91.35863468600007, 24.18511147600003], [91.35923019000006, 24.182310439000048], [91.36004488800006, 24.178073737000034], [91.36060088900007, 24.17523720500003], [91.36119479500007, 24.17229280400005], [91.36190169100007, 24.168953121000072], [91.36239935800006, 24.166450199000053], [91.36290699300008, 24.164284589000033], [91.36327594200009, 24.16223825700007], [91.36360886300008, 24.160478988000023], [91.36433974700003, 24.15756919300003], [91.36490206200006, 24.155341914000076], [91.36558185500007, 24.153126660000055], [91.36625871200005, 24.150670217000027], [91.36566367100005, 24.149815317000048], [91.36633930200009, 24.147228591000044]]}, "properties": {"objectid": 1, "gid": 1, "id": 1, "gauge": "Meter gauge single", "length": 7850.802, "len_km": 7.85}}, {"type": "Feature", "id": 2, "geometry": {"type": "LineString", "coordinates": [[91.41728777500003, 24.36590440200007], [91.42098260500006, 24.36389854300006], [91.42260778100007, 24.362270444000046], [91.42348596800008, 24.360326775000033], [91.42458963500007, 24.357556634000048], [91.42538269500005, 24.35500445200006], [91.42637173000008, 24.352486266000028], [91.42704937700006, 24.35011436900004], [91.42773463900005, 24.348423381000032], [91.42836976600006, 24.346598769000025], [91.42877007400006, 24.345510920000038]]}, "properties": {"objectid": 2, "gid": 2, "id": 2, "gauge": "Meter gauge single", "length": 2640.108, "len_km": 2.64}}, {"type": "Feature", "id": 3, "geometry": {"type": "LineString", "coordinates": [[91.29883411300005, 24.001545194000073], [91.29916921900008, 24.00178783700005], [91.30180095100008, 24.003521869000053], [91.30435652500006, 24.005435722000072], [91.30589193200007, 24.00678472000004], [91.30988457800004, 24.011876333000032], [91.31265409000008, 24.01561624200008], [91.31613052000006, 24.019780151000077], [91.32087530200005, 24.025832758000035], [91.32649121900005, 24.033060496000076], [91.33388693900008, 24.042494806000036], [91.33896925300007, 24.048938114000066], [91.34077152400005, 24.051467222000042], [91.34328824500005, 24.057000883000057], [91.34449467800005, 24.060395408000034], [91.34627577300006, 24.064609261000044], [91.34784304400006, 24.06889665800003], [91.35170951600008, 24.07836099800005], [91.35477542000007, 24.085896776000027], [91.35720191700005, 24.092004428000052], [91.35906918300003, 24.096898338000074], [91.36259907000004, 24.105755974000033], [91.36478446700005, 24.111148755000045], [91.36785352900006, 24.118827528000054], [91.36860836400007, 24.12186740800007], [91.36926127600003, 24.128169893000063], [91.36939446400004, 24.12967409600003], [91.36917757100008, 24.13498077500003], [91.36738298900008, 24.14252384300005], [91.36633930200009, 24.147228591000044]]}, "properties": {"objectid": 3, "gid": 3, "id": 3, "gauge": "Meter gauge single", "length": 18152.885, "len_km": 18.15}}, {"type": "Feature", "id": 4, "geometry": {"type": "LineString", "coordinates": [[91.41311602900004, 24.283286839000027], [91.40669101500004, 24.282488302000047], [91.40062667100005, 24.282185896000044], [91.39823846700006, 24.281921152000052], [91.39591246200007, 24.280708814000036], [91.39430094200009, 24.279232584000056], [91.39225514000003, 24.276355242000022], [91.39107744300009, 24.273355369000058], [91.39031055600003, 24.271871359000045], [91.38870992400007, 24.268502505000072], [91.38744656100005, 24.264499734000026], [91.38584225100004, 24.257890751000048], [91.38471465800006, 24.25196557000004], [91.38143103600004, 24.24330728500007], [91.38104372100008, 24.242192525000064], [91.37865552300008, 24.238228527000047], [91.37606877000007, 24.233234021000044], [91.37475352500007, 24.230149132000065], [91.37314987600007, 24.22640733000003], [91.37199602200008, 24.22377973500005], [91.36965812200003, 24.218610806000072], [91.36828373300006, 24.21581311600005], [91.36824340300006, 24.21571930600004]]}, "properties": {"objectid": 4, "gid": 4, "id": 4, "gauge": "Meter gauge single", "length": 9575.446, "len_km": 9.58}}, {"type": "Feature", "id": 5, "geometry": {"type": "LineString", "coordinates": [[92.01766893300004, 24.494965798000067], [92.01129560100009, 24.487114580000025], [92.00794079700006, 24.48298505500003], [92.00518688500006, 24.479557361000047], [92.00116981700006, 24.474726555000075], [91.99734187100006, 24.470063500000037], [91.99259633900004, 24.464248198000064], [91.98771117500007, 24.458306694000044], [91.98496027200008, 24.456085441000027], [91.97631100200005, 24.450519546000066], [91.97114217200004, 24.447293066000043], [91.96478317000003, 24.443315163000022], [91.95895880300009, 24.439784388000078], [91.95297137800009, 24.435715943000048], [91.94705376500008, 24.432129082000074], [91.94554472700008, 24.430813860000058], [91.94373703500008, 24.42822460800005], [91.94258672100005, 24.426024445000053], [91.94095826700004, 24.422978503000024], [91.93932232800006, 24.421466058000078], [91.93810125700008, 24.420714993000047], [91.93244579500004, 24.417976045000046], [91.92760151500005, 24.41553890800003], [91.92041380500007, 24.411938688000077], [91.91491368600003, 24.409168674000057], [91.91290957500007, 24.407887751000032], [91.91118266900008, 24.405451130000074], [91.90991747300006, 24.40071266900003], [91.90876700500007, 24.39638241700004], [91.90732012300003, 24.390891598000053], [91.90639836800005, 24.38732515600003], [91.90537651300008, 24.38535021000007], [91.90318981200005, 24.382197210000072], [91.90034053400007, 24.377546937000034], [91.89817345000006, 24.374337297000068], [91.89533406200007, 24.37105034800004], [91.89318169200004, 24.37016853600005], [91.88702029100006, 24.368216093000058], [91.88368752100007, 24.367196817000035], [91.87885481100005, 24.36574643700004], [91.87349785900005, 24.364080496000042], [91.86655315200005, 24.361951155000042], [91.86303480100008, 24.360915324000075], [91.85761730200005, 24.359336099000075], [91.85658903700005, 24.35904522100003], [91.85399758200003, 24.357703576000063], [91.85071415500005, 24.35476637800008]]}, "properties": {"objectid": 5, "gid": 5, "id": 5, "gauge": "Meter gauge single", "length": 24055.403, "len_km": 24.06}}, {"type": "Feature", "id": 6, "geometry": {"type": "LineString", "coordinates": [[91.45735475900005, 24.277033422000045], [91.45845492500007, 24.276132226000072], [91.46396111700005, 24.269692116000044], [91.46519061800007, 24.267975327000045], [91.46575657100004, 24.26649395000004], [91.46672658100005, 24.26393990300005], [91.46711618100005, 24.262816480000026], [91.46870169100004, 24.258271621000063], [91.46938777800005, 24.256381920000024], [91.47058330700008, 24.25293502900007], [91.47112747700004, 24.249570772000027], [91.47147139000003, 24.246895516000052], [91.47160598900007, 24.24412049600005], [91.47130442800005, 24.239619299000026], [91.47094067200004, 24.234533420000048], [91.47067147000007, 24.231635063000056], [91.47071234800006, 24.23036231900005], [91.47086714000005, 24.229342942000073], [91.47137738600009, 24.227862085000027], [91.47232584200003, 24.22467203800005], [91.47293884500004, 24.222477665000042], [91.47538851600007, 24.214718057000027], [91.47639228100007, 24.21152745200004], [91.47690738900008, 24.210479130000067], [91.47801104800004, 24.20873802600005], [91.48387155000006, 24.199672813000063], [91.48507742700008, 24.198388714000032], [91.49245275500004, 24.19322726000007], [91.49911401100007, 24.188734113000066], [91.50231993700004, 24.186514112000054], [91.50316848900007, 24.185538764000057], [91.50494369400008, 24.18315468800006], [91.50794605800007, 24.178977177000036], [91.50989687900005, 24.176209606000043], [91.51156299100006, 24.174004668000066], [91.51261344700004, 24.172658132000038], [91.51480848700004, 24.170486242000038], [91.51856718200008, 24.166988090000075], [91.52087089400004, 24.164776708000034], [91.52635699900009, 24.15846199500004], [91.53000887900004, 24.15420124800005], [91.53288114600008, 24.150864338000076], [91.53790322100008, 24.145266415000037], [91.53995544000009, 24.14295551500004], [91.54431787300007, 24.13789843400008], [91.54664345600008, 24.135279326000045], [91.55048441900004, 24.130710855000075], [91.55372439400008, 24.12691181100007], [91.55470249000007, 24.125247822000063], [91.55735015800008, 24.12064044500005], [91.55946785200007, 24.11692907200006], [91.56082558000008, 24.11457411200007], [91.56490769500004, 24.10712737800003], [91.56806737500006, 24.10136949300005], [91.57088321300006, 24.09698920200003], [91.57148742000004, 24.09652495200004], [91.57248091500009, 24.09615848100003], [91.57676035100008, 24.094740278000074], [91.57778090800008, 24.094322602000034], [91.58269593500006, 24.091625348000036], [91.59351586700006, 24.085634808000066], [91.59855214700008, 24.083013721000043]]}, "properties": {"objectid": 6, "gid": 6, "id": 6, "gauge": "Meter gauge single", "length": 27000.382, "len_km": 27}}, {"type": "Feature", "id": 7, "geometry": {"type": "LineString", "coordinates": [[91.42877007400006, 24.345510920000038], [91.43169149700003, 24.337571301000025], [91.43455634500003, 24.329695008000044], [91.43810059700007, 24.319661755000027], [91.44075082200004, 24.31189491300006], [91.44136409800007, 24.309057632000076], [91.44254185000005, 24.29388557900006], [91.44282894600008, 24.288148239000066], [91.44413412600005, 24.284264973000063], [91.44526775400004, 24.280777585000067], [91.44587912200006, 24.27951732300005], [91.44661589100008, 24.278972691000035], [91.44844656800007, 24.27834595300004]]}, "properties": {"objectid": 7, "gid": 7, "id": 7, "gauge": "Meter gauge single", "length": 7856.888, "len_km": 7.86}}, {"type": "Feature", "id": 8, "geometry": {"type": "LineString", "coordinates": [[91.45527722700007, 24.277435032000028], [91.44844656800007, 24.27834595300004], [91.44497135600005, 24.278773287000035], [91.43513484900006, 24.280300144000023], [91.42592165400004, 24.281641317000037], [91.42217255800006, 24.282070704000034], [91.41311602900004, 24.283286839000027]]}, "properties": {"objectid": 8, "gid": 8, "id": 8, "gauge": "Meter gauge single", "length": 4328.607, "len_km": 4.33}}, {"type": "Feature", "id": 9, "geometry": {"type": "LineString", "coordinates": [[91.85071415500005, 24.35476637800008], [91.84925129700008, 24.35380550600007], [91.84818432700007, 24.353065955000034], [91.84522855000006, 24.351560996000046], [91.84106193400004, 24.350178190000065], [91.83694020200005, 24.349188921000064], [91.83327650700005, 24.34740559900007], [91.83053046200007, 24.34550360000003], [91.82862536200008, 24.343591410000045], [91.82660607600008, 24.341895588000057], [91.82486368800005, 24.34041142500007], [91.82387826200005, 24.33988572800007], [91.82281924300008, 24.339683438000066], [91.82132951700004, 24.339450476000025], [91.81983518600003, 24.338895025000056], [91.81870625800008, 24.337905137000064], [91.81421062700008, 24.335342887000024], [91.80915197800005, 24.334435703000054], [91.80518331800005, 24.333157012000072], [91.80251590900008, 24.33261533600006], [91.79949250600004, 24.33179113800003], [91.79597373600006, 24.33050686200005], [91.79168389200004, 24.328622376000055], [91.78605352400007, 24.325965129000053], [91.78219662500004, 24.32425445000007], [91.77814025000004, 24.32365696100004], [91.77395452200005, 24.323598434000075], [91.77211359600005, 24.32340491700006], [91.76733599700003, 24.321561245000055], [91.76650089400005, 24.320567519000065], [91.76546333600004, 24.31907441800007], [91.76427434900006, 24.317941443000052], [91.76230233000007, 24.316745877000074], [91.75999995200004, 24.31569746200006], [91.75010307800005, 24.31126050000006], [91.73042956800003, 24.302454844000067], [91.72571371800007, 24.302185962000067], [91.71816099500006, 24.300336340000058], [91.70272284700008, 24.296567990000028], [91.68614790400005, 24.29252394100007], [91.66604633700007, 24.287835808000068], [91.66404355200007, 24.287176818000034], [91.66121790500006, 24.286383444000023], [91.65166696100005, 24.28408635200003], [91.64880420200006, 24.28343649900006], [91.64665442500007, 24.28349564900003], [91.64318093600008, 24.28399915800003], [91.64041574200007, 24.284853335000037], [91.63718065000006, 24.287181933000056], [91.63423912800005, 24.289543148000064], [91.63272303800005, 24.290240394000023], [91.63100640500005, 24.29054554700008], [91.62940065100008, 24.290347741000062], [91.62810311100009, 24.289788223000073], [91.62648458200005, 24.288587023000048], [91.62564665300005, 24.28726993600003], [91.62505967400006, 24.285699285000078], [91.62295977300005, 24.283535528000073], [91.62173915500006, 24.28286761100003], [91.62083813600003, 24.282733867000047], [91.61986302000008, 24.282923461000053], [91.61850057800007, 24.283403890000045], [91.61721359200004, 24.28366846800003], [91.61588296900004, 24.283575106000058], [91.61466782300005, 24.283337146000065], [91.61368544300007, 24.282953347000046], [91.61057427000009, 24.281194377000077], [91.60926006100004, 24.280849904000036], [91.60546962200004, 24.281033353000055], [91.60230154700008, 24.28095927000004], [91.59742537700004, 24.281870755000057], [91.59617565600007, 24.281991405000042], [91.59255616000007, 24.281778502000066], [91.59005268700008, 24.281697197000028], [91.58755366900004, 24.28197420200007], [91.58384666000006, 24.282586319000075], [91.58127030100007, 24.28293570900007], [91.58029289100006, 24.282945876000042], [91.57882012700009, 24.28242358600005], [91.57681205400007, 24.281297559000052], [91.57532198400008, 24.280954612000073], [91.56389584900006, 24.280248302000075], [91.55063054000004, 24.279416543000025], [91.53617291100005, 24.27859567200005], [91.51565040400004, 24.277403931000038], [91.50606469500008, 24.276889924000045], [91.49657592700004, 24.276302673000032], [91.48399571900006, 24.27549415200008], [91.47789591800006, 24.275481899000056], [91.47480981500007, 24.27572691900008], [91.46884764500004, 24.275784651000038], [91.46482401400004, 24.276110209000024], [91.45752101900007, 24.277006380000046], [91.45527722700007, 24.277435032000028]]}, "properties": {"objectid": 9, "gid": 9, "id": 9, "gauge": "Meter gauge single", "length": 42783.503, "len_km": 42.78}}, {"type": "Feature", "id": 10, "geometry": {"type": "LineString", "coordinates": [[91.69985315800005, 24.91876119500006], [91.71026116600007, 24.91357739500006], [91.71619261200004, 24.91057072800004], [91.71892298800003, 24.90910585900008]]}, "properties": {"objectid": 10, "gid": 10, "id": 10, "gauge": "Meter gauge single", "length": 2203.198, "len_km": 2.2}}, {"type": "Feature", "id": 11, "geometry": {"type": "LineString", "coordinates": [[91.88296261500005, 24.86182563400007], [91.88604099700007, 24.86007233500004], [91.88841397700008, 24.858698996000044], [91.88913937600006, 24.858188152000025], [91.89139372500006, 24.85491071000007], [91.89341599700003, 24.85187507100005], [91.89395772800003, 24.851342645000045], [91.89538548800004, 24.850536197000054], [91.89730549700005, 24.849389039000073], [91.89993981500004, 24.84701443800003], [91.90019610900003, 24.846652843000072], [91.90036803200007, 24.845910098000047], [91.90027965000007, 24.845266220000042], [91.89920524300004, 24.843488209000043], [91.89853480400006, 24.84244561500003], [91.89748990200007, 24.840882214000032], [91.89737572900003, 24.840262550000034], [91.89752075900003, 24.839472371000056], [91.89864403600006, 24.83759475900007], [91.89999628600003, 24.835284227000045], [91.90124415700006, 24.832998902000043], [91.90243014600009, 24.830093241000043], [91.90351674900006, 24.825827166000067], [91.90522989800007, 24.817043643000034], [91.90565469300003, 24.815724334000038], [91.90613840000003, 24.814834275000067], [91.90972784200005, 24.80993901200003], [91.91273018400005, 24.806030631000056], [91.91324070700006, 24.805187987000068], [91.91359458500006, 24.804371235000076], [91.91398942000006, 24.802813400000048], [91.91399614600004, 24.801547199000026], [91.91379170500005, 24.800164254000038], [91.91344653800007, 24.798138107000057], [91.91338357300003, 24.797329047000062], [91.91216693100006, 24.78894752100007], [91.91209672200006, 24.787594049000063], [91.91213094100004, 24.786600408000027], [91.91236570700005, 24.78578478700007], [91.91301915600008, 24.783248281000056], [91.91413099200008, 24.778358337000043], [91.91669703900004, 24.76834831800005], [91.92551655100004, 24.74065121700005], [91.92857949100005, 24.731158005000054]]}, "properties": {"objectid": 11, "gid": 11, "id": 11, "gauge": "Meter gauge single", "length": 15970.333, "len_km": 15.97}}, {"type": "Feature", "id": 12, "geometry": {"type": "LineString", "coordinates": [[92.02675672300006, 24.55219770800005], [92.02819293300007, 24.55055396100005], [92.03429487200003, 24.54347237500008], [92.03947201700004, 24.53738251200008], [92.03990391400004, 24.53663612500003], [92.04028281300003, 24.53584267800005], [92.04093191200008, 24.533994476000032], [92.04187381600008, 24.53087621800006], [92.04247529400004, 24.529315319000034], [92.04301874200007, 24.527396877000058], [92.04303441200005, 24.52675167500007], [92.04294526400008, 24.52608400500003], [92.04271239600007, 24.525445285000046]]}, "properties": {"objectid": 12, "gid": 12, "id": 12, "gauge": "Meter gauge single", "length": 3472.618, "len_km": 3.47}}, {"type": "Feature", "id": 13, "geometry": {"type": "LineString", "coordinates": [[89.54561302700006, 25.287915444000078], [89.54587195500005, 25.28896764900003], [89.54634205400004, 25.289781547000075], [89.54850275500007, 25.291625897000074], [89.54974953400006, 25.292372715000056], [89.55137561800007, 25.29265307000003], [89.55373328000007, 25.292780994000054], [89.55840739900003, 25.29299403500005], [89.56185242300006, 25.292550289000076], [89.56716469400004, 25.291825207000045], [89.56832141300004, 25.29178080400004], [89.56934577700008, 25.291998859000046], [89.57364945700004, 25.294042493000063], [89.58223022900006, 25.298344373000077], [89.58700646900007, 25.300699601000076], [89.58904296100008, 25.30142829600004], [89.59027121600008, 25.301643067000043], [89.60122843600004, 25.30285064000003], [89.60253496800004, 25.30296456900004], [89.60397107300008, 25.303806743000052], [89.61130158200007, 25.30721747700005], [89.61652550900004, 25.30962072600005], [89.62082742000007, 25.312690502000066]]}, "properties": {"objectid": 13, "gid": 37, "id": 37, "gauge": "Meter gauge single", "length": 8410.318, "len_km": 8.41}}, {"type": "Feature", "id": 14, "geometry": {"type": "LineString", "coordinates": [[91.71892298800003, 24.90910585900008], [91.71967594400007, 24.908619370000054], [91.72778295800003, 24.901979725000047], [91.73586157100004, 24.895244439000066], [91.74088532500008, 24.89112456400005], [91.74716903600006, 24.88350181800007], [91.74771122300007, 24.882945995000057], [91.75406212800004, 24.878284578000034], [91.75494838300006, 24.877987478000023], [91.75573326900007, 24.877930468000045], [91.75665279700007, 24.878134660000057], [91.75857481400004, 24.878852620000032], [91.75928452900007, 24.879035377000037], [91.76043601500004, 24.878974019000054], [91.76647058600008, 24.877899338000077], [91.78324263900004, 24.875000339000053], [91.78460353800006, 24.874936295000055], [91.78583660400005, 24.87508877700003], [91.80521397900009, 24.87853470700003], [91.81322368000008, 24.880038220000074], [91.81661167100003, 24.880689820000043], [91.82473652900006, 24.882884096000055], [91.83372965700005, 24.88533003400005], [91.83549116600005, 24.88578616500007], [91.83702302100005, 24.885905088000072], [91.83957827800003, 24.885879171000056], [91.84194879100005, 24.88603548100008], [91.84457517800007, 24.886528603000045], [91.84766653100007, 24.886585914000023], [91.85614965000008, 24.886408962000075], [91.85797478300003, 24.88586068400008], [91.86248606800007, 24.88354053300003], [91.86733886700006, 24.882309319000058], [91.87233038000005, 24.880876773000068], [91.87409291900008, 24.880385192000062], [91.87518327600009, 24.87975037900003], [91.87594238000008, 24.878994715000033], [91.87638324900007, 24.87770472400007], [91.87757362300005, 24.873294162000036], [91.87887924100005, 24.86885268900005], [91.87994453800007, 24.86656981400006], [91.88247315200005, 24.862357366000026], [91.88296261500005, 24.86182563400007]]}, "properties": {"objectid": 14, "gid": 13, "id": 13, "gauge": "Meter gauge single", "length": 19710.588, "len_km": 19.71}}, {"type": "Feature", "id": 15, "geometry": {"type": "LineString", "coordinates": [[91.92857949100005, 24.731158005000054], [91.93355433600004, 24.715883336000047], [91.93394787800008, 24.71509067100004], [91.93479822300009, 24.714267476000032], [91.94228575700004, 24.709703457000046], [91.94277439900009, 24.70917157200006], [91.94323355200004, 24.708425066000075], [91.94382065000008, 24.70581356100007], [91.94423138300004, 24.703634343000033], [91.94460279700007, 24.70229174700006], [91.94548763100005, 24.698649153000076], [91.94602034200005, 24.697591130000035], [91.94839478200004, 24.694238117000054], [91.95075607100006, 24.690830622000078], [91.95339157400008, 24.687204817000065], [91.95433118100004, 24.685806725000077], [91.95499839500008, 24.68509113600004], [91.95574184500003, 24.68464924400007], [91.95695576500003, 24.68406827700005], [91.96181157000007, 24.68179921500007], [91.96656195100007, 24.679512204000048], [91.96708243100005, 24.679236867000043], [91.96747698100006, 24.67896318000004], [91.97088083000006, 24.675159301000065], [91.97462573300004, 24.670784732000072], [91.97816562100007, 24.66681549300006], [91.98027308800005, 24.664518289000057], [91.98149825400009, 24.66364784700005], [91.98204641800004, 24.663191678000032], [91.98277366300005, 24.662287537000054], [91.98339419500007, 24.659270088000028], [91.98373520500007, 24.658619867000027], [91.98411909900005, 24.657835628000043], [91.98603217200008, 24.654550678000078], [91.98650498600006, 24.653590526000073], [91.98675385600006, 24.652798908000022], [91.98676751100004, 24.65201040100004], [91.98745426600004, 24.649158561000036], [91.98793994200008, 24.648240335000025], [91.98872197700007, 24.64772249300006], [91.98954733000005, 24.64724311300006], [91.99017585700005, 24.646473550000053], [91.99232455200007, 24.643098008000038], [91.99317214000007, 24.642155111000022], [91.99439646100006, 24.640581429000065], [91.99491157100005, 24.63976705500005], [91.99503502000005, 24.63931153200008], [91.99486305100004, 24.638358267000058], [91.99317500900008, 24.63245626400004], [91.99226723800007, 24.627953329000036], [91.99158409500006, 24.624426846000063], [91.98995710600008, 24.617842062000022], [91.98827547200005, 24.611423012000046], [91.98655627400007, 24.605316731000073], [91.98552945800003, 24.601133677000064], [91.98468415600007, 24.59728666600006], [91.98305253700005, 24.591574837000053], [91.98209399200005, 24.587949569000045], [91.98144118900007, 24.58548048800003], [91.97970852200007, 24.578885306000075], [91.97975720500006, 24.577908705000027], [91.98025772400007, 24.57668103000003], [91.98128444600007, 24.575520855000036], [91.98208698500008, 24.575056403000076], [91.99031372900004, 24.571603457000037], [92.00030646600004, 24.56752941900004], [92.01247736300007, 24.562494007000055], [92.02104574400005, 24.557649354000034], [92.02373249500005, 24.55579775600006], [92.02465763600009, 24.554853672000036], [92.02675672300006, 24.55219770800005]]}, "properties": {"objectid": 15, "gid": 14, "id": 14, "gauge": "Meter gauge single", "length": 25343.406, "len_km": 25.34}}, {"type": "Feature", "id": 16, "geometry": {"type": "LineString", "coordinates": [[92.04271239600007, 24.525445285000046], [92.04115164200005, 24.523361108000074], [92.03742149200008, 24.51875326800007], [92.03337605100006, 24.514006237000046], [92.02930366400005, 24.509187775000044], [92.02448016500006, 24.50315916200003], [92.02187377600006, 24.500114222000036], [92.01766893300004, 24.494965798000067]]}, "properties": {"objectid": 16, "gid": 15, "id": 15, "gauge": "Meter gauge single", "length": 4224.37, "len_km": 4.22}}, {"type": "Feature", "id": 17, "geometry": {"type": "LineString", "coordinates": [[91.69985315800005, 24.91876119500006], [91.68887249200009, 24.924285257000065], [91.68827518900008, 24.92467427200006], [91.68598045100003, 24.927399879000063], [91.68572563300006, 24.927928354000073], [91.68560618900005, 24.92869143000007], [91.68561101900008, 24.93105931200006], [91.68560574800006, 24.934523501000058], [91.68559060000007, 24.935335950000024], [91.68531606700003, 24.93634245800007], [91.68303553600003, 24.943989317000046], [91.68178716700004, 24.948542617000044], [91.67969900200006, 24.954944952000062], [91.67903588100006, 24.956290299000045], [91.67437586300008, 24.96439388300007], [91.67085859900004, 24.973702932000037], [91.67035447000006, 24.975189804000024], [91.67034375100008, 24.976336670000023], [91.67102309100005, 24.980055967000055], [91.67114406900004, 24.981249134000052], [91.67118674700004, 24.98246707100003], [91.67106442300008, 24.983113488000072], [91.66792562200004, 24.98749678100006], [91.66074986900009, 24.997754431000033], [91.66026372100004, 24.998643808000054], [91.66016946800005, 24.99943325000004], [91.66018102600003, 25.00029317900004], [91.66037511100006, 25.001079401000027], [91.66069801400005, 25.001696950000053], [91.66358820700003, 25.00606050300007], [91.66402050300007, 25.00701128600008], [91.66408162300007, 25.007655645000057], [91.66318329000006, 25.011034256000073], [91.66064004200007, 25.018827096000052], [91.65966032900008, 25.022015473000067], [91.65953888200005, 25.02273354400006], [91.65953633300006, 25.025801872000045], [91.65930918500004, 25.03220661000006]]}, "properties": {"objectid": 17, "gid": 16, "id": 16, "gauge": "Meter gauge single", "length": 14100.967, "len_km": 14.1}}, {"type": "Feature", "id": 18, "geometry": {"type": "LineString", "coordinates": [[92.27584182000004, 24.804154882000034], [92.27184869400008, 24.804741075000038], [92.27122212000006, 24.80482224800005], [92.27056590300003, 24.80471278600004], [92.26964458900005, 24.80441626000004], [92.26603742700007, 24.803205030000072], [92.26538165500006, 24.803119423000055], [92.26438795500007, 24.80315835700003], [92.26178091100007, 24.803699403000053], [92.26074094600006, 24.804073410000058], [92.26001448300008, 24.80441878700003], [92.25822836200007, 24.80549673300004], [92.25734620800006, 24.80591610600004], [92.25646231800005, 24.80623995700006], [92.25513279800003, 24.80652275400007], [92.24973012500004, 24.80732069900006], [92.24834350800006, 24.80734155300007], [92.24732230500007, 24.807309132000057], [92.24577225200005, 24.80697413400003], [92.24403261700007, 24.806283678000057], [92.24188939300006, 24.804978223000035], [92.23576235100006, 24.80041221700003], [92.23446074800006, 24.79933292000004], [92.23360219000006, 24.798151451000024], [92.23247569700004, 24.795158651000065], [92.23018434400007, 24.788480895000077], [92.22689872300003, 24.77885602500004], [92.22654632100006, 24.778168575000052], [92.22463637800007, 24.775235114000054], [92.22157398000007, 24.771049581000057], [92.21684486700008, 24.763593897000078], [92.21255196300007, 24.756517101000043], [92.21115270300004, 24.754316351000057], [92.21032321300004, 24.75297027000005], [92.20954719800005, 24.750804886000026], [92.20694088100004, 24.743940182000074], [92.20634112200008, 24.742563611000037], [92.20601130300008, 24.741660790000026], [92.20597124100004, 24.740873132000047], [92.20591710800005, 24.73899010200006], [92.20565242500004, 24.737629291000076], [92.20532181000004, 24.73519775500006], [92.20538255900004, 24.734193636000043], [92.20558755400003, 24.732470805000048], [92.20560106200008, 24.73175401800006], [92.20542437600005, 24.730633960000034], [92.20481881400008, 24.728923055000052], [92.20393365500007, 24.727670097000043], [92.19930526800005, 24.721766480000042], [92.19876514400005, 24.720795059000068], [92.19825201400005, 24.719871014000034], [92.19810618000008, 24.719013240000038], [92.19801221900008, 24.718130820000056], [92.19785518400005, 24.710680555000067], [92.19762339200008, 24.709394084000053], [92.19734686600003, 24.708538222000072], [92.19688902300004, 24.70778056300003], [92.19366255400007, 24.704220926000062], [92.18813427700007, 24.697613431000036], [92.18728108700003, 24.696670408000045], [92.18611464400004, 24.695755831000042], [92.18323078500003, 24.69381523000004], [92.18227518000003, 24.692993098000045], [92.18131459600005, 24.691884392000077], [92.17684717400005, 24.686073132000047], [92.17620740500007, 24.68536580800003], [92.17553321200006, 24.684181245000048], [92.17519923900005, 24.68301563400007], [92.17428081400004, 24.676794494000035], [92.17367028500007, 24.67173933500004], [92.17289639200004, 24.666304342000046], [92.17242144900007, 24.65699534500004], [92.17235346900009, 24.65608862700003], [92.17177657800005, 24.654472662000046], [92.16731108900007, 24.644122451000044], [92.16452683500006, 24.637259245000052], [92.16382280000005, 24.635836162000032], [92.16072091000007, 24.62871467100007], [92.16021259000007, 24.628029252000033], [92.15451784400005, 24.622067524000045], [92.15329601400003, 24.62091455500007], [92.15261143600009, 24.620613823000042], [92.15181990700006, 24.620171295000034], [92.15089653200005, 24.619658987000037], [92.15015889900008, 24.619311227000026], [92.14958169700003, 24.619176156000037], [92.14749904400009, 24.618107098000053], [92.14307218800008, 24.61594873000007], [92.14236275600007, 24.61571996500004], [92.14162923700007, 24.61561097500004], [92.14084631700007, 24.615669896000043], [92.13988255700008, 24.615850821000038], [92.13904576000004, 24.615814950000072], [92.13825755400006, 24.615563398000063], [92.13696324300008, 24.61474573600003], [92.13611265200007, 24.613897875000077], [92.13554700400005, 24.612902638000037], [92.13423530200004, 24.611058041000035], [92.13294530700006, 24.60895036000005], [92.12748242000004, 24.60112096900008], [92.12507094400007, 24.597571921000053], [92.12437848900004, 24.596793410000032], [92.12376884000008, 24.596276490000037], [92.12083803200005, 24.594454592000034], [92.11835979200004, 24.59312790300004], [92.11759668100007, 24.592804215000058], [92.11631117100006, 24.59248787000007], [92.10288334600006, 24.589427346000036], [92.10172969300004, 24.58918069300006], [92.10046877600007, 24.58876831300006], [92.09981060600006, 24.588466955000058], [92.09854173600007, 24.587576914000067], [92.09309631000008, 24.58218240900004], [92.08930000000004, 24.578336962000037], [92.08207832100004, 24.57131837000003], [92.08029736800006, 24.56945582700007], [92.07970980600004, 24.568675636000023], [92.07775214500003, 24.565597205000074], [92.07514895500003, 24.56138100900006], [92.07196804100005, 24.556130464000034], [92.06860025700007, 24.55069750100006], [92.06607760900005, 24.54657555600005], [92.06192099800006, 24.53994375800005], [92.06015326300007, 24.537244658000077], [92.05917005600008, 24.53620700400006], [92.05808788200005, 24.535505130000047], [92.05399895100004, 24.53298094400003], [92.04505902000005, 24.527608109000028], [92.04416090900008, 24.526975296000046], [92.04352437100005, 24.526369053000053], [92.04294526400008, 24.52608400500003], [92.04271239600007, 24.525445285000046]]}, "properties": {"objectid": 18, "gid": 17, "id": 17, "gauge": "Meter gauge single", "length": 42695.164, "len_km": 42.7}}, {"type": "Feature", "id": 19, "geometry": {"type": "LineString", "coordinates": [[89.50741867600004, 24.26171348400004], [89.51702098700008, 24.26416863000003], [89.52062949000003, 24.265255722000063], [89.52232125300009, 24.26600190700003], [89.52729043400007, 24.26876579700007], [89.53465366800003, 24.272827407000023], [89.54373446700004, 24.277921477000064], [89.55099463600004, 24.281934198000044], [89.55362327100005, 24.283304172000044], [89.55690455500007, 24.284460916000057], [89.56232562200006, 24.286188684000024], [89.57027976200004, 24.288765829000056], [89.57493013800007, 24.290238592000037], [89.58069416000006, 24.29206583900003], [89.58400223200005, 24.293150380000043], [89.58829916300004, 24.29488280000004], [89.59439213900004, 24.297671455000057], [89.59753629200009, 24.298917906000042], [89.60051198600007, 24.30029264600006], [89.60251842900004, 24.302271457000074], [89.60516544900008, 24.304941190000022], [89.60758650400004, 24.307646170000055], [89.61222725800008, 24.312654703000078], [89.61705191000004, 24.31775338500006], [89.62022771200003, 24.321152320000067], [89.62410342700008, 24.325327164000043], [89.62626212800006, 24.327634817000046], [89.63061168900003, 24.33213679800008], [89.63396029800003, 24.33535621200008], [89.63606254500007, 24.337337455000068], [89.63743214300007, 24.338396196000076], [89.64151006700007, 24.341228572000034], [89.64694693300004, 24.34562721900005], [89.64889066400008, 24.347059578000028], [89.65406497000004, 24.351190409000026], [89.65925100700008, 24.355244344000027], [89.65998409600007, 24.35612179800006], [89.66247396700004, 24.360124640000038], [89.66562338900007, 24.365094532000057], [89.66613369000004, 24.366824816000076], [89.66693415000003, 24.370105242000022], [89.66863589800005, 24.375655752000057], [89.67004490100004, 24.38068910100003], [89.67138062600009, 24.38565490700006], [89.67170647800003, 24.38677305500005]]}, "properties": {"objectid": 19, "gid": 18, "id": 18, "gauge": "Broad gauge single", "length": 22707.147, "len_km": 22.71}}, {"type": "Feature", "id": 20, "geometry": {"type": "LineString", "coordinates": [[88.79037643900006, 24.321133406000058], [88.79306911200007, 24.319749483000066], [88.79721320800007, 24.318125731000066], [88.80133529200003, 24.316545372000064], [88.80518449900006, 24.314855220000027], [88.80825304000007, 24.312979623000047], [88.81072880100004, 24.311744506000025], [88.81324229300003, 24.31065301700005], [88.81516574700004, 24.309915319000027], [88.81881421600008, 24.308876347000023], [88.82202904200005, 24.30806496400004], [88.83209330900007, 24.30532297800005]]}, "properties": {"objectid": 20, "gid": 19, "id": 19, "gauge": "Broad gauge single", "length": 4602.558, "len_km": 4.6}}, {"type": "Feature", "id": 21, "geometry": {"type": "LineString", "coordinates": [[89.06260042800005, 24.147025558000053], [89.06224324700008, 24.148395020000066], [89.06106905000007, 24.152259206000053], [89.06001329600008, 24.154164510000044], [89.05787418400007, 24.156581650000078], [89.05482144200005, 24.159572853000043], [89.05056503700007, 24.16388008800004], [89.04607701400005, 24.168440399000076], [89.04156351600005, 24.172880921000058], [89.03337421800006, 24.181097719000036], [89.02615647900006, 24.18817318200007], [89.02074870700005, 24.193667855000058], [89.01442617700008, 24.200003792000075], [89.00895728900008, 24.20551551500006], [89.00502901500005, 24.209118911000076], [89.00241889100005, 24.212107995000054], [89.00017449100005, 24.21589291500004], [88.99604738300008, 24.222746457000028], [88.99187208800004, 24.229806567000026], [88.98707744900008, 24.237622901000066], [88.98063331900005, 24.248334896000074], [88.97968393800005, 24.249735504000057], [88.97748883100007, 24.253690590000076], [88.97453266200006, 24.25828278000006], [88.97187194100007, 24.26263627900005], [88.97067669800003, 24.264745031000075], [88.96936858300006, 24.267205473000047], [88.96922359700005, 24.26744922100005], [88.96817936900004, 24.269204736000063], [88.96699907500005, 24.27123164300008], [88.96587870300004, 24.27437839600003]]}, "properties": {"objectid": 21, "gid": 20, "id": 20, "gauge": "Broad gauge double", "length": 17357.519, "len_km": 17.36}}, {"type": "Feature", "id": 22, "geometry": {"type": "LineString", "coordinates": [[88.83209330900007, 24.30532297800005], [88.83350673400008, 24.304736442000035], [88.83880203300004, 24.30164664800003], [88.84361084800008, 24.29898308500003], [88.84693950800005, 24.29707281000003], [88.84953440700008, 24.295563136000055], [88.85151227100005, 24.294526674000053], [88.85310777700005, 24.293965221000065], [88.85438891400008, 24.293568653000023], [88.85681631800009, 24.293276288000072], [88.86162985700008, 24.292930092000063], [88.86470943800003, 24.292594692000023], [88.86801188200008, 24.29239797300005], [88.87076760500008, 24.29210901500005], [88.87367893700008, 24.291844965000053], [88.87620005900004, 24.291649388000053], [88.87796800300003, 24.291448208000077], [88.88012969100004, 24.290773810000076], [88.88225798900004, 24.290056250000077], [88.88398531300004, 24.28944529000006], [88.88533976000008, 24.289002935000042], [88.88700605600008, 24.288539048000075], [88.88843673800005, 24.288287664000052], [88.89049112900005, 24.28799321200006], [88.89423609000005, 24.287425382000038], [88.89891699300006, 24.286745216000043], [88.90222059200005, 24.28615018200003], [88.90570555000005, 24.285603993000052], [88.90846208800008, 24.28519532300004], [88.91238971000007, 24.284509325000045], [88.91701909700004, 24.283756812000036], [88.92125808000009, 24.283096606000072], [88.92430139900006, 24.282546850000074], [88.92783812400006, 24.28200051300007], [88.92947622800006, 24.281774006000035], [88.93158258100004, 24.281455553000058], [88.93387150800004, 24.281043130000057], [88.93724644000008, 24.280485933000023], [88.93896871700008, 24.280221804000064], [88.94092894200008, 24.279699153000024], [88.94257307700008, 24.279495530000077], [88.94510237100008, 24.279441414000075], [88.94796879100005, 24.279604660000075], [88.95102328700006, 24.279872889000046], [88.95262507500007, 24.280063159000065], [88.95305521800003, 24.28006612200005], [88.95622881600008, 24.28013953900006], [88.95841902900008, 24.28010677000003], [88.95967133000005, 24.279995863000067], [88.96126505900008, 24.279576622000036], [88.96252201200008, 24.278892202000065], [88.96367700300004, 24.277920316000063], [88.96472886400005, 24.276804338000034], [88.96534553200007, 24.275832468000033], [88.96587870300004, 24.27437839600003]]}, "properties": {"objectid": 22, "gid": 21, "id": 21, "gauge": "Broad gauge single", "length": 14396.59, "len_km": 14.4}}, {"type": "Feature", "id": 23, "geometry": {"type": "LineString", "coordinates": [[89.06260042800005, 24.147025558000053], [89.06278946000003, 24.148493965000057], [89.06298735200005, 24.14992903500007], [89.06343520500008, 24.15189184600007], [89.06391866300004, 24.153099249000036], [89.06461215100006, 24.154436986000064], [89.06663003500006, 24.15703744900003], [89.06740496900005, 24.15792639700004], [89.06859525700008, 24.159009060000074], [89.07033166100007, 24.16021452900003], [89.07160255100007, 24.16096309200003], [89.07313409000005, 24.161689333000027], [89.07557223100008, 24.162397156000054], [89.07777327600007, 24.162754603000053], [89.08110185300006, 24.162796197000034], [89.08464187100003, 24.162774463000062], [89.08994185600005, 24.162505062000037], [89.10056492000007, 24.162008856000057], [89.11339145200003, 24.161524731000043], [89.12162143100005, 24.16129273300004], [89.12459971100003, 24.16113778700003], [89.12736686200003, 24.161003084000072], [89.12971162100007, 24.160930445000076], [89.13175076400006, 24.160985080000046], [89.13420997600008, 24.161321676000057], [89.14336470600006, 24.163029479000045], [89.15209872400004, 24.164583841000024], [89.15980260900005, 24.165959973000042], [89.16678091000006, 24.167181199000026], [89.17783437300005, 24.16906937500005], [89.18214291500004, 24.169888343000025], [89.19282163000008, 24.17179494100003], [89.19795052000006, 24.172682330000043], [89.20628792500008, 24.17414549600005], [89.21148708400005, 24.17507581500007], [89.22045222200006, 24.17746631600005], [89.23150142200006, 24.180361506000054], [89.23285896900006, 24.18075549200006], [89.23414708600006, 24.180998559000045], [89.23588094000007, 24.181200834000038], [89.24166932900005, 24.181702918000042], [89.25240244100007, 24.182659277000027], [89.25418337000008, 24.18284006700003], [89.25669039800005, 24.183153428000026], [89.25861115100008, 24.183485407000035], [89.26561172300006, 24.18526147400007], [89.27797443500003, 24.188396241000078], [89.28832469000008, 24.19089688500003], [89.28987024200006, 24.191269739000063], [89.29439949100004, 24.192505509000057], [89.30174327300006, 24.194120704000056], [89.30909576800008, 24.196089983000036], [89.32125133600005, 24.198897705000036], [89.32694150000003, 24.200471563000065], [89.32909631800004, 24.20097576300003], [89.33101721100007, 24.201371364000067], [89.33424932600008, 24.202159830000028], [89.33804374100004, 24.203058215000055], [89.34291507200004, 24.204326801000036], [89.34518727800008, 24.204831282000043], [89.34844280600004, 24.205662568000037], [89.35415794700003, 24.20706345700006], [89.35975606600005, 24.208442132000073], [89.36497961200007, 24.209711499000036], [89.36914961200006, 24.21063219000007], [89.37626964000003, 24.212597294000034], [89.38123607100005, 24.21375751200003], [89.38423461200006, 24.214479451000045], [89.39095752100008, 24.216205672000058], [89.39468272600004, 24.217037855000058], [89.39800927000005, 24.217868373000044], [89.40086728800009, 24.218589432000044], [89.40281113900005, 24.219199312000057], [89.41067679100007, 24.222456270000066], [89.41829399700003, 24.225703920000058], [89.42114186700007, 24.227005301000077], [89.42434211400007, 24.228200419000075], [89.42571643000008, 24.228768333000062], [89.42883777900005, 24.23014229900008], [89.43279213600005, 24.231758295000077], [89.43799551300003, 24.233856778000074], [89.44421356700008, 24.236412870000038], [89.44982236100003, 24.238782504000028], [89.45573888200005, 24.241353753000055], [89.46163859600006, 24.243787062000024], [89.46807224100007, 24.246511688000055], [89.47754405000006, 24.250487796000073], [89.48618403000006, 24.254030336000028], [89.49099820500004, 24.25612571100004], [89.49352261000007, 24.257185682000056], [89.49720844000007, 24.258711221000056], [89.50052059300003, 24.25990464100005], [89.50354551300006, 24.260636248000026], [89.50586331800008, 24.261241265000024], [89.50719126300004, 24.261651852000057], [89.50741894600009, 24.261713074000056]]}, "properties": {"objectid": 23, "gid": 22, "id": 22, "gauge": "Broad gauge single", "length": 47962.88, "len_km": 47.96}}, {"type": "Feature", "id": 24, "geometry": {"type": "LineString", "coordinates": [[88.96587870300004, 24.27437839600003], [88.96591819100007, 24.275601851000033], [88.96587710700004, 24.27779561600005], [88.96588655900007, 24.27950874900006], [88.96594636300006, 24.282121393000068], [88.96593405400006, 24.290078910000034], [88.96615618900006, 24.298061910000058], [88.96629789500008, 24.31080423800006], [88.96631206800004, 24.323529278000024], [88.96633462900007, 24.335214852000036], [88.96658047300008, 24.345898442000077]]}, "properties": {"objectid": 24, "gid": 23, "id": 23, "gauge": "Broad gauge single", "length": 7919.719, "len_km": 7.92}}, {"type": "Feature", "id": 25, "geometry": {"type": "LineString", "coordinates": [[89.03371221100008, 24.067693787000053], [89.04022688300006, 24.069459702000074], [89.04658595400008, 24.071105403000047], [89.05071993400009, 24.072320965000074], [89.05344058900005, 24.073418255000036], [89.05527178900007, 24.074485554000034], [89.05747123400005, 24.07621352800004], [89.05884032900008, 24.07756710600006], [89.06008627600005, 24.079433676000065], [89.06113769100006, 24.081643048000046], [89.06160879500004, 24.084019730000023], [89.06331678300006, 24.09212746700007], [89.06440666500004, 24.097455182000033], [89.06578561300006, 24.104752425000072], [89.06708798100004, 24.11185800100003], [89.06753169800004, 24.115301980000027], [89.06751905800007, 24.11704643400003], [89.06711644900008, 24.118921745000023], [89.06569249300009, 24.12833887100004], [89.06479709400008, 24.133572251000032], [89.06398232300006, 24.138895068000068], [89.06308355700008, 24.143900858000052], [89.06294121400003, 24.144936612000038], [89.06260042800005, 24.147025558000053]]}, "properties": {"objectid": 25, "gid": 24, "id": 24, "gauge": "Broad gauge double", "length": 10667.884, "len_km": 10.67}}, {"type": "Feature", "id": 26, "geometry": {"type": "LineString", "coordinates": [[89.44456935400007, 24.876249361000077], [89.44162777000008, 24.875019658000042], [89.43974506300003, 24.874259860000052], [89.43750922700008, 24.873391173000073], [89.43456696700008, 24.87234055400006], [89.43209528400007, 24.87150673900004], [89.42895764200006, 24.870240198000033], [89.42519222800007, 24.868791952000038], [89.42107344800007, 24.86730639700005], [89.41840617600008, 24.866328219000025], [89.41593523200004, 24.865386606000072], [89.41338557500006, 24.864480490000062], [89.41036549900008, 24.863357404000055], [89.40713376400004, 24.862230277000037], [89.40409029200003, 24.86100257700008], [89.40126631300006, 24.859987626000077], [89.39875651500006, 24.85900973200006], [89.39628552200008, 24.858139488000063], [89.39440335900008, 24.85737912600007], [89.39240265600006, 24.856761638000023], [89.39053764800008, 24.85609018200006], [89.38891257400007, 24.85542114100008], [89.38734426500008, 24.85476950900005], [89.38589277100004, 24.854333411000027], [89.38436377800008, 24.853681910000034], [89.38275551700008, 24.853173446000028], [89.38138387900005, 24.85248672000006], [89.37942260900007, 24.85186922400004], [89.37816796600003, 24.851362179000034], [89.37669828900005, 24.850914896000063], [89.37532055100007, 24.85034635100004], [89.37492117500005, 24.85016517500003], [89.37405053000003, 24.849839501000076], [89.36973622900007, 24.84842341600006], [89.36812846400005, 24.847843108000063], [89.36597292300007, 24.846830322000073], [89.36369956700008, 24.845817004000025], [89.36068041100003, 24.84469292800003], [89.35864154500007, 24.84393145000007]]}, "properties": {"objectid": 26, "gid": 25, "id": 25, "gauge": "Meter gauge single", "length": 9395.186, "len_km": 9.4}}, {"type": "Feature", "id": 27, "geometry": {"type": "LineString", "coordinates": [[89.21312074100007, 24.826440261000073], [89.21814876300004, 24.826512756000056], [89.22544990900008, 24.826758292000022], [89.22860009700008, 24.826828457000033], [89.23440778500003, 24.82771857000006], [89.24060855700003, 24.82857461100008], [89.25065476700007, 24.830094918000043], [89.26078107500007, 24.831399884000064], [89.26957359800008, 24.832446745000027], [89.28421562000005, 24.834094726000046], [89.29501103800004, 24.835293053000044], [89.30741539300004, 24.83682066800003], [89.32296160600004, 24.838540747000025], [89.33882273700004, 24.840224763000037], [89.34463289300004, 24.84093140400006], [89.34765575200004, 24.84130307500004], [89.34950090200005, 24.841526186000067], [89.35079647700007, 24.841675199000065], [89.35385809900004, 24.842154449000077], [89.35864154500007, 24.84393145000007]]}, "properties": {"objectid": 27, "gid": 26, "id": 26, "gauge": "Meter gauge single", "length": 14857.131, "len_km": 14.86}}, {"type": "Feature", "id": 28, "geometry": {"type": "LineString", "coordinates": [[89.44456935400007, 24.876249361000077], [89.44688324300006, 24.87726161200004], [89.44919526300004, 24.87870396200003], [89.45091774700006, 24.880179955000074], [89.45314638500008, 24.882733134000034], [89.45677914700008, 24.887728861000028], [89.46130831100004, 24.89451999100004], [89.46611184900007, 24.90159872600003], [89.47130622600008, 24.90932390200004], [89.47513428700006, 24.914965086000052], [89.47732186300004, 24.918198818000064], [89.48255648200006, 24.92603127900003], [89.48908257200009, 24.935445168000058], [89.49439713600003, 24.94331333300005], [89.49713221100006, 24.94751644400003], [89.49841849600006, 24.950280838000026], [89.49880485600005, 24.95196684800004], [89.49973275900004, 24.956878473000074], [89.50088065700004, 24.964744298000028], [89.50216256400006, 24.97191755600005], [89.50318224000006, 24.979137716000025], [89.50401870000007, 24.985284154000055], [89.50514878100006, 24.991932210000073], [89.50547219100008, 24.99554058700005], [89.50486453700006, 24.999947465000048], [89.50417140400003, 25.006038751000062], [89.50319418000004, 25.014279757000054], [89.50246167500006, 25.02033504600007], [89.50172778900009, 25.02671292200006], [89.50132002400005, 25.030260165000072], [89.50112849600004, 25.03323237500007], [89.50069518300006, 25.036600303000057], [89.50004143700005, 25.042572187000076], [89.49927965200004, 25.048283083000058], [89.49850007900005, 25.05613038200005], [89.49805202400006, 25.059856686000046], [89.49723761100006, 25.066556828000046], [89.49702647200007, 25.068386660000044]]}, "properties": {"objectid": 28, "gid": 27, "id": 27, "gauge": "Meter gauge single", "length": 23086.167, "len_km": 23.09}}, {"type": "Feature", "id": 29, "geometry": {"type": "LineString", "coordinates": [[89.53477435300005, 25.363375890000043], [89.53353530700008, 25.366804545000036], [89.53281893700006, 25.369176270000025], [89.53209030400006, 25.371431424000036], [89.53107974800008, 25.374295648000043], [89.53007630200005, 25.37709243300003], [89.52911035700004, 25.380215399000065], [89.52804648800009, 25.383222799000066], [89.52735437700005, 25.385323362000065], [89.52582360500008, 25.388381266000067], [89.52428681000004, 25.39119594600004], [89.52280180500009, 25.394201938000037], [89.52083479500004, 25.397584435000056], [89.51903240700005, 25.400971673000072], [89.51728253500005, 25.404359060000047], [89.51590998100005, 25.40720230900007], [89.51394810300008, 25.41092348500007], [89.51017719500004, 25.417812438000055], [89.50858741700006, 25.420531178000033], [89.50631144200008, 25.425426283000036]]}, "properties": {"objectid": 29, "gid": 28, "id": 28, "gauge": "Meter gauge single", "length": 7463.391, "len_km": 7.46}}, {"type": "Feature", "id": 30, "geometry": {"type": "LineString", "coordinates": [[89.48651688300004, 25.462510956000074], [89.48530248900005, 25.464972115000023], [89.48381064000006, 25.46751940200005], [89.48237692900005, 25.470381743000075], [89.47892644800004, 25.47696452400004], [89.47772891000005, 25.47953112600004], [89.47362453200003, 25.487009569000065], [89.47011980000008, 25.493735291000064]]}, "properties": {"objectid": 30, "gid": 29, "id": 29, "gauge": "Meter gauge single", "length": 3831.007, "len_km": 3.83}}, {"type": "Feature", "id": 31, "geometry": {"type": "LineString", "coordinates": [[89.48651688300004, 25.462510956000074], [89.49060962700008, 25.454859163000037], [89.49448341800007, 25.44744120400003], [89.49761320900006, 25.44162155600003], [89.49988896200006, 25.436941657000034], [89.50530390600005, 25.427286713000058], [89.50631144200008, 25.425426283000036]]}, "properties": {"objectid": 31, "gid": 30, "id": 30, "gauge": "Meter gauge single", "length": 4563.75, "len_km": 4.5600000000000005}}, {"type": "Feature", "id": 32, "geometry": {"type": "LineString", "coordinates": [[89.45294317600008, 25.525086730000055], [89.45880734600007, 25.51522315400007], [89.46565970700004, 25.50205839000006], [89.47011980000008, 25.493735291000064]]}, "properties": {"objectid": 32, "gid": 31, "id": 31, "gauge": "Meter gauge single", "length": 3877.944, "len_km": 3.88}}, {"type": "Feature", "id": 33, "geometry": {"type": "LineString", "coordinates": [[89.45294317600008, 25.525086730000055], [89.45063469800004, 25.528877344000023], [89.44797856000008, 25.53372502600007], [89.44543084500003, 25.537920856000028], [89.44113061600007, 25.545120678000046], [89.43900653700007, 25.548744531000068], [89.43846660500003, 25.55007632300004], [89.43803869000004, 25.55146056500007], [89.43573307100007, 25.560053727000025], [89.43428720800006, 25.56501820400007], [89.43149801500005, 25.575473173000034], [89.42908581700004, 25.584113565000052], [89.42860315300004, 25.585879868000063], [89.42801348700004, 25.58798027100005], [89.42726342800006, 25.590557931000035], [89.42674400400006, 25.59285422800008], [89.42609367100005, 25.59530526800006], [89.42556353000003, 25.597413601000028], [89.42490668500005, 25.59952369000007], [89.42425402000003, 25.601860694000038], [89.42356144600006, 25.60425875100003], [89.42291774200004, 25.606597856000064], [89.42189931700005, 25.610130191000053], [89.41964589600008, 25.618340901000067], [89.41900892600006, 25.62068424200004], [89.41825156700008, 25.62325757600007], [89.41760672400005, 25.625787799000022], [89.41702004500007, 25.628082015000075], [89.41630192200006, 25.63030582300007], [89.41541477800007, 25.633668534000037], [89.41482299900008, 25.635891144000027], [89.41406642900006, 25.63891902000006], [89.41320795200005, 25.64197403000003], [89.41272562300009, 25.64357300200004], [89.41222318100006, 25.646492257000034], [89.41179763300005, 25.649380305000022], [89.41007320400007, 25.66076889200008]]}, "properties": {"objectid": 33, "gid": 32, "id": 32, "gauge": "Meter gauge single", "length": 15722.411, "len_km": 15.72}}, {"type": "Feature", "id": 34, "geometry": {"type": "LineString", "coordinates": [[89.52022841300004, 25.14259898800003], [89.52041285200005, 25.14914709900006], [89.52055609200005, 25.152803654000024], [89.52089125000003, 25.15438187500007], [89.52203597100004, 25.157085822000056], [89.52599559200007, 25.165199294000047], [89.52894473500004, 25.16989231900004], [89.53306314300005, 25.177910518000033]]}, "properties": {"objectid": 34, "gid": 33, "id": 33, "gauge": "Meter gauge single", "length": 4190.784, "len_km": 4.19}}, {"type": "Feature", "id": 35, "geometry": {"type": "LineString", "coordinates": [[89.53342833500005, 25.17855686100006], [89.53413365000006, 25.179538817000036], [89.53562418500007, 25.18121621800003], [89.53714219700004, 25.18258304400007], [89.53881889500008, 25.183752784000035], [89.54065355300008, 25.184738225000046], [89.54251539500007, 25.185484768000038], [89.54474537800007, 25.186112941000033], [89.54697644600003, 25.18645433100005], [89.55716396500009, 25.18713036300005], [89.56498854700004, 25.187631494000073], [89.57659432000008, 25.188358145000052], [89.58202953900008, 25.188732039000058], [89.58510151300004, 25.188979646000064], [89.59045840000005, 25.18923353100007], [89.59266419400006, 25.18933520400003], [89.59755285200004, 25.18822546800004]]}, "properties": {"objectid": 35, "gid": 34, "id": 34, "gauge": "Meter gauge single", "length": 6801.073, "len_km": 6.8}}, {"type": "Feature", "id": 36, "geometry": {"type": "LineString", "coordinates": [[89.53477435300005, 25.363375890000043], [89.53561254400006, 25.360833678000063], [89.53800324800005, 25.35384343800007], [89.53864257300006, 25.351694855000062], [89.54075941200006, 25.345544806000078], [89.54303269300004, 25.33892088600004], [89.54550497300005, 25.330974927000057], [89.54572156400008, 25.32930291100007], [89.54584349900006, 25.324810929000023], [89.54576614500007, 25.317355285000076], [89.54568362400005, 25.311285559000055], [89.54560939300006, 25.302993565000065], [89.54565170500007, 25.291643282000052], [89.54561302700006, 25.287915444000078], [89.54554765500006, 25.28108375900007], [89.54549895500008, 25.276206220000063], [89.54552686800008, 25.272552939000036]]}, "properties": {"objectid": 36, "gid": 35, "id": 35, "gauge": "Meter gauge single", "length": 10217.352, "len_km": 10.22}}, {"type": "Feature", "id": 37, "geometry": {"type": "LineString", "coordinates": [[89.54552686800008, 25.272552939000036], [89.54552061100009, 25.267176388000053], [89.54553840500006, 25.262397301000078], [89.54549363600006, 25.253245097000047], [89.54554694000007, 25.245980950000046], [89.54541391500004, 25.239361409000026], [89.54548399500004, 25.227580989000046], [89.54530884000008, 25.21431558000006], [89.54538250700006, 25.208628587000078], [89.54537603200004, 25.207149693000076], [89.54538632800006, 25.204377801000078], [89.54528703300008, 25.202824262000036], [89.54497797000005, 25.201174493000053], [89.54448532500004, 25.19945247000004], [89.54357227700007, 25.197776942000075], [89.54242421200007, 25.19574224200005], [89.54106849000004, 25.193061698000065], [89.53900803500005, 25.18923194200005], [89.53509696500004, 25.18174027400005], [89.53410566300005, 25.179992752000032], [89.53362186400005, 25.179152198000054], [89.53342833500005, 25.17855686100006], [89.53306314300005, 25.177910518000033]]}, "properties": {"objectid": 37, "gid": 36, "id": 36, "gauge": "Meter gauge single", "length": 10753.13, "len_km": 10.75}}, {"type": "Feature", "id": 38, "geometry": {"type": "LineString", "coordinates": [[90.41195180700004, 23.90483097500004], [90.41305006600004, 23.90683563300007], [90.41402783000007, 23.90772925500005], [90.41562967100003, 23.908657036000022], [90.42001776000006, 23.910624719000054], [90.42597770700007, 23.913428545000045], [90.43041255800006, 23.915507443000024]]}, "properties": {"objectid": 38, "gid": 114, "id": 114, "gauge": "Meter gauge single", "length": 2266.306, "len_km": 2.27}}, {"type": "Feature", "id": 39, "geometry": {"type": "LineString", "coordinates": [[89.49702647200007, 25.068386660000044], [89.49650743800004, 25.072884608000038], [89.49574586000006, 25.07945347800006], [89.49528626800009, 25.08274959000005], [89.49449840900007, 25.08929445700005], [89.49400622800005, 25.093330980000076], [89.49399286000005, 25.096580808000056], [89.49461051800006, 25.09954603400007], [89.49570217000007, 25.102130530000068], [89.49712503400008, 25.104240892000064], [89.49866626200009, 25.106014422000044], [89.50141308100007, 25.108222124000065], [89.50654589600003, 25.11105903500004], [89.51207161100007, 25.11415991900003], [89.51345900600006, 25.115096427000026], [89.51547334300005, 25.11679964700005], [89.51722413100003, 25.118788736000056], [89.51883980300005, 25.121781003000024], [89.51948854000005, 25.123694795000063], [89.51987274800007, 25.12613344300007], [89.51993870100006, 25.129407421000053], [89.52007229500003, 25.135525250000057], [89.52022841300004, 25.14259898800003]]}, "properties": {"objectid": 39, "gid": 38, "id": 38, "gauge": "Meter gauge single", "length": 9353.569, "len_km": 9.35}}, {"type": "Feature", "id": 40, "geometry": {"type": "LineString", "coordinates": [[89.63192809900005, 25.629136810000034], [89.63259248200006, 25.626954604000048], [89.63325559800006, 25.626009940000074], [89.63415519600005, 25.624889143000075], [89.63523928000006, 25.62376880000005], [89.63798983600003, 25.620669324000062], [89.64359622800004, 25.614374885000075], [89.64517253700006, 25.612436090000074], [89.64769521700003, 25.609653653000066], [89.65025988500008, 25.606816329000026], [89.65203148000006, 25.604789496000024], [89.65456945200003, 25.60199981900007], [89.65768916500008, 25.598470718000044], [89.65927523600004, 25.59673009900007], [89.66294992000007, 25.592533116000027], [89.66630702000003, 25.588741526000035], [89.67011308900004, 25.584496865000062], [89.67283556000007, 25.581372744000078], [89.67624473200004, 25.57758103200007], [89.67793596700005, 25.575720958000034], [89.68200492800008, 25.571380973000032], [89.68294064100007, 25.570247745000074]]}, "properties": {"objectid": 40, "gid": 39, "id": 39, "gauge": "Meter gauge single", "length": 8313.566, "len_km": 8.31}}, {"type": "Feature", "id": 41, "geometry": {"type": "LineString", "coordinates": [[89.45892419900008, 25.99385742100003], [89.45015085800009, 25.98636844400005], [89.44852403500005, 25.98490603500005], [89.44745924900008, 25.98365347600003], [89.44692268000006, 25.982738992000066], [89.44645899300008, 25.98166185100007], [89.44624815700007, 25.980487914000037], [89.44541937300005, 25.972696461000055], [89.44510636800004, 25.97025123900005], [89.44489938700008, 25.968262639000045], [89.44423024300005, 25.959108840000056], [89.44442188100004, 25.95769987400007], [89.44566891100004, 25.942521826000075], [89.44709089400004, 25.923594131000073], [89.44752844700008, 25.918480808000027], [89.44764197200004, 25.91565040300003]]}, "properties": {"objectid": 41, "gid": 40, "id": 40, "gauge": "Meter gauge single", "length": 9187.994, "len_km": 9.19}}, {"type": "Feature", "id": 42, "geometry": {"type": "LineString", "coordinates": [[89.44764197200004, 25.91565040300003], [89.44689130100005, 25.917407741000034], [89.44584999500006, 25.919222708000063], [89.44479960100006, 25.92035924000004], [89.44375056400008, 25.921202485000038], [89.44245922200008, 25.921886914000027], [89.44103333700008, 25.92248972300007], [89.43940200000009, 25.922764176000044], [89.43801282700008, 25.922842298000035], [89.43509458200003, 25.922668017000035], [89.38898974000006, 25.919776295000077], [89.37853336400008, 25.91921042200005], [89.37039221800006, 25.918621311000038], [89.36754592900007, 25.918511159000047], [89.36570724500007, 25.918666060000078], [89.36390354400004, 25.919016612000064], [89.36273247000008, 25.919404601000053]]}, "properties": {"objectid": 42, "gid": 41, "id": 41, "gauge": "Meter gauge single", "length": 8919.86, "len_km": 8.92}}, {"type": "Feature", "id": 43, "geometry": {"type": "LineString", "coordinates": [[89.44408816800006, 25.811579390000077], [89.44340358300008, 25.808722395000075], [89.44297641400004, 25.80610034700004], [89.44259515500005, 25.804718490000027], [89.44209244700005, 25.801675011000043], [89.44110834000008, 25.79657078400004], [89.43980323700004, 25.790108192000048], [89.43949821400008, 25.788088042000027], [89.43913199900004, 25.786921836000033], [89.43859908600007, 25.786056058000042], [89.43779686100004, 25.78507889800005], [89.43659994800004, 25.78424596900004], [89.43426237100005, 25.782787378000023], [89.43110364600005, 25.78078610700004], [89.42826895800005, 25.779113840000036], [89.42459915500007, 25.776744328000063], [89.42166351900005, 25.774869022000075], [89.41975362400007, 25.773722510000027]]}, "properties": {"objectid": 43, "gid": 42, "id": 42, "gauge": "Meter gauge single", "length": 5225.056, "len_km": 5.23}}, {"type": "Feature", "id": 44, "geometry": {"type": "LineString", "coordinates": [[89.54330588000005, 25.796295882000038], [89.54047210300007, 25.796862358000055], [89.53764113700004, 25.797424427000067], [89.53526117700005, 25.797954968000056], [89.53326953500004, 25.79832293800007], [89.53138483100008, 25.798673198000074], [89.52876937600007, 25.799238202000026], [89.52692014100006, 25.799614502000054], [89.52429314500006, 25.800212387000045], [89.52116322800003, 25.80081043000007], [89.51656408300005, 25.801754792000054], [89.51208327100005, 25.802651986000058], [89.51047948500008, 25.80295075400005], [89.50861673400004, 25.80336561200005], [89.50623672800003, 25.80384888100008], [89.50445168600004, 25.80421715500006], [89.50173552700005, 25.804722601000037], [89.49844961000008, 25.805483394000078], [89.49398129800005, 25.806349777000037], [89.49152898500006, 25.806840727000065], [89.48807545000005, 25.80757633500008], [89.48564358500005, 25.808059081000067], [89.48168500900005, 25.808910698000034], [89.47739013800003, 25.809807792000072], [89.47358832300006, 25.810573116000057], [89.47011944100007, 25.81127980100007], [89.46541586300003, 25.811642204000066], [89.46071226000004, 25.81200445500008], [89.45658275400007, 25.812328740000055], [89.45223248200006, 25.812652076000063], [89.44956033300008, 25.812881745000027], [89.44749340300007, 25.813066352000078], [89.44635614000003, 25.81303863000005], [89.44552250400005, 25.812694518000058], [89.44491250200008, 25.812190850000036], [89.44408816800006, 25.811579390000077]]}, "properties": {"objectid": 44, "gid": 43, "id": 43, "gauge": "Meter gauge single", "length": 10193.349, "len_km": 10.19}}, {"type": "Feature", "id": 45, "geometry": {"type": "LineString", "coordinates": [[89.41975362400007, 25.773722510000027], [89.41764516600006, 25.772264568000026], [89.41622184700003, 25.771016420000024], [89.41529542100005, 25.76968687300007], [89.41486093800006, 25.76870725300006], [89.41439611700008, 25.767664542000034], [89.41419767000008, 25.765979189000063], [89.41405217000005, 25.764036686000054], [89.41392551300004, 25.75825721500007], [89.41333250000008, 25.750265254000055], [89.41301439500006, 25.74519847700003], [89.41259101700007, 25.740083484000024], [89.41224340700006, 25.73566171500005], [89.41207260700008, 25.732841547000078], [89.41161986400004, 25.728347666000047], [89.41115183500006, 25.721607692000077], [89.41077523300004, 25.717735353000023], [89.41040654200003, 25.712262148000036], [89.41011076200004, 25.708055615000035], [89.40968442400003, 25.703585717000067], [89.40929191600009, 25.697610630000042], [89.40911320200007, 25.69641520600004], [89.40889342600008, 25.692854108000063], [89.40852392900007, 25.68757203200005], [89.40812797300003, 25.68231373800006], [89.40813205500007, 25.67635752900003], [89.40803862200005, 25.673919956000077], [89.40831291700005, 25.67177060100005], [89.40869101800007, 25.669956184000057], [89.40984287100008, 25.661683740000058], [89.41007455400006, 25.660765998000045]]}, "properties": {"objectid": 45, "gid": 44, "id": 44, "gauge": "Meter gauge single", "length": 12755.123, "len_km": 12.76}}, {"type": "Feature", "id": 46, "geometry": {"type": "LineString", "coordinates": [[89.44764197200004, 25.91565040300003], [89.44821928400006, 25.910255473000063], [89.44972539000008, 25.89173381200004], [89.45025484700005, 25.881495474000076], [89.45106412100006, 25.874923797000065], [89.45194466700008, 25.86365187000007], [89.45343393800005, 25.845278128000075], [89.45427633100007, 25.83436445700005], [89.45394572900005, 25.832182285000044], [89.45358786200006, 25.831291874000044], [89.45251976200007, 25.829589998000074], [89.45173154400004, 25.828750747000072], [89.44931282600004, 25.826519489000077], [89.44813139700005, 25.82508138600008], [89.44721068500007, 25.823851068000067], [89.44626374900008, 25.82178857200006], [89.44572550300006, 25.820126235000032], [89.44539897500005, 25.81874373000005], [89.44512257800005, 25.817034730000046], [89.44454144700006, 25.81415474000005], [89.44408816800006, 25.811579390000077]]}, "properties": {"objectid": 46, "gid": 45, "id": 45, "gauge": "Meter gauge single", "length": 11823.37, "len_km": 11.82}}, {"type": "Feature", "id": 47, "geometry": {"type": "LineString", "coordinates": [[89.21502088600005, 25.70895755600003], [89.21616820500003, 25.709405051000033], [89.22332021800008, 25.712445855000055], [89.23053314600008, 25.71549731400006], [89.23740063000008, 25.71834301000007], [89.24034508000005, 25.719662044000074], [89.24378346200007, 25.721050407000064], [89.24626241600004, 25.72188449600003], [89.25631543400004, 25.724913952000065], [89.26380461800005, 25.727073305000033], [89.27537998600008, 25.73050550100004], [89.28622953700005, 25.733713000000023], [89.28865070600006, 25.73457366300005], [89.29411872000009, 25.736205744000074], [89.29881453200005, 25.738003270000036], [89.30584655600006, 25.74099820500004], [89.30881581400007, 25.742136868000046], [89.31257323200003, 25.74418796200007], [89.31739092200007, 25.746645405000038], [89.31939013400006, 25.74769413300004], [89.32149600300005, 25.748552181000036], [89.32786703400006, 25.751042765000022], [89.33637100300007, 25.754355192000048], [89.34355274200004, 25.758282407000024], [89.35142943900007, 25.762666270000068], [89.35739272600006, 25.765607819000024], [89.36534112100009, 25.769537355000068], [89.36999026700005, 25.77188489100007], [89.37165791900009, 25.77269483200007], [89.37407096200008, 25.77330024300005], [89.37932847400003, 25.774412251000058], [89.38362519900005, 25.775362365000035], [89.38800055400009, 25.776432154000076], [89.38912093800008, 25.77647029900004], [89.39122120800005, 25.776242566000064], [89.39850447100008, 25.77524106000004], [89.40920442300006, 25.773705952000057], [89.41203127300008, 25.77338920300008], [89.41351033200004, 25.773144287000036], [89.41490974700008, 25.77299461100006], [89.41721280600007, 25.772987598000043], [89.41975362400007, 25.773722510000027]]}, "properties": {"objectid": 47, "gid": 46, "id": 46, "gauge": "Meter gauge single", "length": 22193.788, "len_km": 22.19}}, {"type": "Feature", "id": 48, "geometry": {"type": "LineString", "coordinates": [[89.63904514900008, 25.795685819000028], [89.63956108400004, 25.79402251700003], [89.63959990000006, 25.791091476000076], [89.63939823300007, 25.789406393000036], [89.63877919800007, 25.78763281600004], [89.63717819600004, 25.784665950000033], [89.63549831200004, 25.781627186000037], [89.63400252400004, 25.778827807000027], [89.63220426400005, 25.775717023000027], [89.63090500100003, 25.773419887000045], [89.63053886200004, 25.77234371700007], [89.63044255200003, 25.76935669200003], [89.63102817700008, 25.763456295000026], [89.63141487900003, 25.75786601300007], [89.63157187900003, 25.75401942900004], [89.63176478200006, 25.750501388000032], [89.63190943200004, 25.747234297000034], [89.63227483600008, 25.74427904500004], [89.63225260200005, 25.743109133000075], [89.63212623800007, 25.742196325000066], [89.63132955100008, 25.740837278000072], [89.62823753700008, 25.73592294900004], [89.62616106900003, 25.73307965300006], [89.62269027400004, 25.72780634700007], [89.62104484200006, 25.725345376000064], [89.62011901500006, 25.724056121000046], [89.61947935200004, 25.722135884000068], [89.61938251000004, 25.72010007700004], [89.61972387800006, 25.718346180000026], [89.62011986600004, 25.71565653500005], [89.62033043300005, 25.714417033000075], [89.62056949600003, 25.712335304000078], [89.62015262600005, 25.705338450000056], [89.61987826800004, 25.70227269800006], [89.61973282700006, 25.699277472000063], [89.61949190200005, 25.69382528400007], [89.61937423400008, 25.69022179800004], [89.61910089200006, 25.686851877000038], [89.61916340000005, 25.683436036000046], [89.61926996000005, 25.682406833000073], [89.61950607100005, 25.68123758400003], [89.62112250800004, 25.67471550600004], [89.62302148100008, 25.667459481000037], [89.62390187100004, 25.662835275000077], [89.62552360200004, 25.656100998000056], [89.62934140300007, 25.640364274000035], [89.63059747900007, 25.634822258000042], [89.63192355800004, 25.62923737400007]]}, "properties": {"objectid": 48, "gid": 47, "id": 47, "gauge": "Meter gauge single", "length": 19142.488, "len_km": 19.14}}, {"type": "Feature", "id": 49, "geometry": {"type": "LineString", "coordinates": [[89.63904514900008, 25.795685819000028], [89.63638197200004, 25.79909605200004], [89.63465969400005, 25.801218316000075], [89.63230035500004, 25.80446197300006], [89.63165796400006, 25.80510881600003], [89.63034836100007, 25.80605590600004], [89.62388177000008, 25.807074215000057], [89.61970244800006, 25.807887034000032], [89.61625727800003, 25.808439080000028], [89.61434362000006, 25.808691382000063], [89.61217154000008, 25.808919573000026], [89.60891471100007, 25.80886405600006], [89.60570973800003, 25.808761812000057], [89.60247978300004, 25.808402064000063], [89.60037933800004, 25.80812615700006], [89.59723803500003, 25.80809359500006], [89.59278715900007, 25.808164669000064], [89.58935644100006, 25.806072701000062], [89.58716330100003, 25.804920045000074], [89.58463434500004, 25.803719603000047], [89.58311128700007, 25.803153721000058], [89.58161392600005, 25.802634690000048], [89.57978163300004, 25.801810517000035], [89.57689112500003, 25.80056210200007], [89.57405103400004, 25.79968812800007], [89.57284984800003, 25.79963718600004], [89.57086996100008, 25.799679146000074], [89.56838854400007, 25.799719590000052], [89.56728362700005, 25.799559231000046], [89.56548687900005, 25.799185281000064], [89.56384295200007, 25.799260126000036], [89.56105348300008, 25.799225171000046], [89.55890820200005, 25.79870711600006], [89.55616986900009, 25.798942100000033], [89.55428653800004, 25.799107546000073], [89.55273866000005, 25.798859906000075], [89.55155183100004, 25.798593417000063], [89.55012236700009, 25.798142077000023], [89.54846794700006, 25.797413069000072], [89.54676765800008, 25.79672785300005], [89.54533160800008, 25.79616081000006], [89.54434079800006, 25.796018367000045], [89.54377155700007, 25.79618036000005], [89.54330588000005, 25.796295882000038]]}, "properties": {"objectid": 49, "gid": 48, "id": 48, "gauge": "Meter gauge single", "length": 10519.745, "len_km": 10.52}}, {"type": "Feature", "id": 50, "geometry": {"type": "LineString", "coordinates": [[88.57630005900006, 24.377941572000054], [88.57969041800004, 24.377783476000047], [88.58395941100008, 24.377465017000077], [88.58697827400005, 24.376955579000025], [88.59086031900006, 24.376239061000035], [88.59497669800004, 24.375560456000073], [88.59768206400008, 24.375083735000032], [88.59979970700005, 24.374673220000034], [88.60242678600008, 24.374195689000032], [88.60473728600005, 24.374037771000076], [88.60798449300006, 24.374103475000027], [88.61072343700005, 24.374128607000046], [88.61326088200008, 24.374689471000067], [88.61635082800007, 24.374825239000074], [88.61897007600004, 24.375064181000027], [88.62159205800003, 24.375052210000035], [88.62425239400005, 24.375112226000056], [88.62726411600005, 24.375247063000074], [88.63297880000005, 24.375119512000026], [88.63466286400006, 24.374991326000043], [88.64076729600004, 24.375010359000044], [88.64511018900004, 24.375085090000027], [88.64847525700009, 24.37511513800007], [88.65352533500004, 24.374927120000052], [88.65786863100004, 24.374965648000057], [88.66553714300005, 24.375105052000038], [88.67113315800003, 24.375100461000045], [88.67923307900008, 24.375153350000062], [88.68956543700006, 24.37502799300006], [88.69328199100005, 24.375131770000053], [88.70194102100004, 24.375120294000055], [88.70337461400004, 24.375104909000072], [88.70666648900004, 24.375031531000047], [88.70983599000004, 24.375058547000037], [88.71249717300003, 24.375045337000074], [88.71473807500007, 24.374024924000025], [88.71721986400007, 24.37239719300004], [88.71895941300005, 24.370637698000053], [88.72136534900005, 24.368758355000068], [88.72692723500006, 24.364324835000048], [88.72917106100005, 24.362981638000065], [88.73078882700008, 24.361633167000036], [88.73189774800005, 24.360298343000068], [88.73540134800004, 24.354234330000054], [88.73830498800004, 24.349455574000046], [88.73997384300009, 24.346870839000076], [88.74112750400008, 24.344944901000076], [88.74287501100008, 24.342307017000053], [88.74397956600006, 24.341384249000043], [88.74551406700004, 24.340500872000064], [88.74735991700004, 24.339781343000027], [88.74916504200007, 24.339222749000044], [88.75391601100006, 24.337469691000024], [88.75639204600003, 24.336307184000077], [88.75929798600004, 24.335183994000033], [88.76279273500006, 24.33385049000003], [88.76683419000005, 24.332610954000074], [88.77126622300005, 24.33142823600008], [88.77408921600005, 24.330770046000055], [88.77687960200007, 24.32943051600006], [88.78081613600006, 24.326863549000052], [88.78490914500009, 24.32427980500006], [88.79037643900006, 24.321133406000058]]}, "properties": {"objectid": 50, "gid": 49, "id": 49, "gauge": "Broad gauge single", "length": 24123.019, "len_km": 24.12}}, {"type": "Feature", "id": 51, "geometry": {"type": "LineString", "coordinates": [[88.43446783000007, 24.566920809000067], [88.43661389000005, 24.56423809900008], [88.43957174500008, 24.559969744000057], [88.44431378000007, 24.552338493000036], [88.44794986600004, 24.54655537700006], [88.45096207600005, 24.542094103000068], [88.45333098500004, 24.538399023000068], [88.45605151600006, 24.534007092000024], [88.45954891100007, 24.528681110000036], [88.46234437300006, 24.524603785000068], [88.46500795800006, 24.520500906000052], [88.46689327200005, 24.517428606000067], [88.46782473200005, 24.514636421000034], [88.46874351600007, 24.51321246300006], [88.46955637600007, 24.512230781000028], [88.47123421400005, 24.510602194000057], [88.47223388500004, 24.509275271000035], [88.47388587200004, 24.506775926000046], [88.47587749100006, 24.503607959000078], [88.47824432400006, 24.499960698000052], [88.48104199400007, 24.495593159000066], [88.48335515600007, 24.491993567000065], [88.48588277700009, 24.48810625400006], [88.48854362900005, 24.484099464000053], [88.48994068400003, 24.482036333000053], [88.49133884400004, 24.479876588000025], [88.49268475400004, 24.47766800200003], [88.49419066600007, 24.475316082000063], [88.49588439000007, 24.47270033600006], [88.49766264900006, 24.469626512000048], [88.49948786500005, 24.467036177000068], [88.50168983600008, 24.463821589000077], [88.50403074800005, 24.460004523000066], [88.50585739800005, 24.457269197000073], [88.50816854400006, 24.45371743900006], [88.51058565600005, 24.45011837800007], [88.51287213400008, 24.446397224000066], [88.51486007100004, 24.443373524000037]]}, "properties": {"objectid": 51, "gid": 50, "id": 50, "gauge": "Broad gauge single", "length": 15943.919, "len_km": 15.94}}, {"type": "Feature", "id": 52, "geometry": {"type": "LineString", "coordinates": [[89.02297777700005, 24.982991610000056], [89.02213617000007, 24.979887594000047], [89.02077124400006, 24.97347479900003], [89.01874273100003, 24.964811501000042], [89.01610100400006, 24.954184740000073], [89.01397167900006, 24.945090597000046], [89.01265305300007, 24.939538243000072], [89.01215063800004, 24.93681089100005], [89.01327742700005, 24.933978833000026], [89.01475152900008, 24.932718176000037], [89.01638726400006, 24.93134307100007], [89.01813346100005, 24.92925182500005], [89.01946184300004, 24.926966649000065], [89.01823507800003, 24.923039795000022], [89.01700800700007, 24.919160719000047], [89.01547227900005, 24.914562744000023], [89.01389147600008, 24.909056444000043], [89.01194591900008, 24.90330876200005], [89.00883282600006, 24.892869873000052], [89.00679059300006, 24.886165678000054], [89.00486215000006, 24.878363041000057], [89.00309836900004, 24.86965346100004], [89.00046701500008, 24.858118430000047], [88.99819849700003, 24.84711147400003], [88.99632194000009, 24.839500223000073], [88.99295012100004, 24.82901146200004], [88.99074251100006, 24.823548475000052], [88.99027634200007, 24.81976694900004], [88.98912113600005, 24.810395166000035]]}, "properties": {"objectid": 52, "gid": 51, "id": 51, "gauge": "Broad gauge single", "length": 19861.46, "len_km": 19.86}}, {"type": "Feature", "id": 53, "geometry": {"type": "LineString", "coordinates": [[88.98912113600005, 24.810395166000035], [88.99051701500008, 24.812602953000066], [88.99233337400005, 24.81462239800004], [88.99436695300005, 24.81568747400007], [88.99687566900008, 24.816277807000063], [88.99886617100003, 24.816195563000065], [89.00785390400006, 24.81459998300005], [89.01722212300007, 24.81258963500005], [89.02755350500007, 24.81055436300005], [89.03594434200005, 24.808888204000027], [89.04116159500006, 24.80794202100003], [89.04336359200005, 24.80757379000005], [89.04687051400003, 24.80773954800003], [89.05032144900008, 24.808382777000077], [89.05968217100008, 24.80997122200006], [89.07280955600004, 24.81206039400007], [89.07965929700003, 24.813393059000077], [89.08368761700007, 24.81389570400006], [89.09174715400007, 24.814518357000054], [89.10428017300006, 24.81566924300006], [89.11733743300005, 24.816774388000056], [89.13465881800005, 24.81845273400006], [89.13766762000006, 24.81878075900005], [89.14829077900004, 24.819845262000058], [89.16412053000005, 24.821535605000065], [89.17916557200004, 24.823172184000043], [89.19392411500007, 24.82463843900007], [89.20525397800003, 24.825917787000037], [89.21308290800005, 24.826449926000066]]}, "properties": {"objectid": 53, "gid": 52, "id": 52, "gauge": "Meter gauge single", "length": 23158.187, "len_km": 23.16}}, {"type": "Feature", "id": 54, "geometry": {"type": "LineString", "coordinates": [[88.96658047300008, 24.345898429000044], [88.96659002300004, 24.34856809400003], [88.96669298300003, 24.35516423000007], [88.96679010800005, 24.367644899000027], [88.96691675600005, 24.380956077000064], [88.96798831900009, 24.39484113900005], [88.96821868600006, 24.400559989000044], [88.96879485300008, 24.407989632000067], [88.96888642500005, 24.409567414000037], [88.96896676500006, 24.411270648000027], [88.96976060500003, 24.414400425000053], [88.97228549000005, 24.428110179000043], [88.97238233800005, 24.429042792000075], [88.97237110800006, 24.43042870100004], [88.97121995500004, 24.44040952000006], [88.97024987800006, 24.447356725000077], [88.96910874400004, 24.458012707000023], [88.96859692200007, 24.461205258000064], [88.96848198500004, 24.462494866000043], [88.96831677800003, 24.46354517000003], [88.96812799200006, 24.464284663000058], [88.96780788700005, 24.465118844000074], [88.96608437000003, 24.468356940000035], [88.96456650400006, 24.47197876100006], [88.96252067700004, 24.47628992400007], [88.96140210700008, 24.478958602000034], [88.96110802800007, 24.479792943000064], [88.96099632700003, 24.48067633000005], [88.96101066300008, 24.48211019400003], [88.96065766400005, 24.493291122000073], [88.96055850300007, 24.49582342000008], [88.96063055700006, 24.496588589000055], [88.96078913700006, 24.498292346000028], [88.96118346300005, 24.499220957000034], [88.96232879300004, 24.50286102900003], [88.96275764900008, 24.504703970000037], [88.96308444500005, 24.50943762600008], [88.96379632300005, 24.516928010000072], [88.96406429800004, 24.520532096000068], [88.96467394600006, 24.527758910000045], [88.96444111700004, 24.533850779000034], [88.96476906700008, 24.53970148600007], [88.96480111900007, 24.54216298600005], [88.96487243100006, 24.543023728000037], [88.96519302300004, 24.54534383300006], [88.96615535800004, 24.550995915000044], [88.96677549100008, 24.556275111000048], [88.96701747100008, 24.557382028000063], [88.96833000800007, 24.566208595000035], [88.96937071600007, 24.57314551500008], [88.97082783000008, 24.583502374000034], [88.97137462200004, 24.586947106000025], [88.97182744500003, 24.589100822000034], [88.97409973000003, 24.59568766800004], [88.97517208000005, 24.598801425000033], [88.97672754500007, 24.606793201000073], [88.97699231100006, 24.609590807000075], [88.97847676500004, 24.616697934000058], [88.97977819600004, 24.62382769800007], [88.98015218800003, 24.63250438400007], [88.98040223300006, 24.643569790000072], [88.98051525300008, 24.64897097900007], [88.98083356600006, 24.65485147000004], [88.98038797500004, 24.66141974900006], [88.97957933900005, 24.66760322400006], [88.97851637600007, 24.676102829000058], [88.97748193300004, 24.684291967000036], [88.97650276700006, 24.692099133000056], [88.97554512000005, 24.70045602600004], [88.97379172200004, 24.713323698000067], [88.97348897700004, 24.718339667000066], [88.97309857400006, 24.727656204000027], [88.97227767800007, 24.738403497000036], [88.97219588300004, 24.741987239000025], [88.97244221100004, 24.743852763000064], [88.97304740400006, 24.746628771000076], [88.97499367900008, 24.751803487000075], [88.97735214600004, 24.757793433000074], [88.97940187200004, 24.76315996200003], [88.98056347200009, 24.765544440000042], [88.98145332700005, 24.768335313000023], [88.98297294600007, 24.774558419000073], [88.98443997000004, 24.780828943000074], [88.98631038700006, 24.789013805000025], [88.98737753000006, 24.79298764200007], [88.98801466300006, 24.798344488000055], [88.98838967300009, 24.803747349000048], [88.98912113600005, 24.810395166000035]]}, "properties": {"objectid": 54, "gid": 53, "id": 53, "gauge": "Broad gauge single", "length": 52095.521, "len_km": 52.1}}, {"type": "Feature", "id": 55, "geometry": {"type": "LineString", "coordinates": [[88.51486007100004, 24.443373524000037], [88.51773853200007, 24.43864368100003], [88.52208538100007, 24.43240650200005], [88.52791762100009, 24.423164532000044], [88.53592190400008, 24.410779287000025], [88.53711171500004, 24.40893406200007]]}, "properties": {"objectid": 55, "gid": 54, "id": 54, "gauge": "Broad gauge single", "length": 4431.875, "len_km": 4.43}}, {"type": "Feature", "id": 56, "geometry": {"type": "LineString", "coordinates": [[88.36895378000008, 24.782169664000037], [88.37204105100005, 24.777221906000022], [88.37637014200004, 24.770334414000047], [88.38017926200007, 24.76415789500004], [88.38302551200007, 24.759565632000033], [88.38582975700007, 24.75516995600003], [88.38947702700005, 24.749296026000025], [88.39540632200004, 24.73988060100004], [88.39789026100004, 24.73591127700007], [88.40293977900006, 24.72768664700004], [88.40678269100005, 24.721724701000028], [88.40946613900007, 24.71743472600008], [88.41155208500004, 24.71383720600005], [88.41491160100009, 24.708801676000064], [88.41675643500008, 24.70563157600003], [88.41851909900004, 24.702747287000022], [88.41988038100004, 24.700575508000043], [88.42093097700007, 24.698149579000074], [88.42115443100005, 24.695983726000065], [88.42101966900003, 24.69422624200007], [88.42031102000004, 24.691315899000074], [88.41910314000006, 24.687558101000036], [88.41726387800009, 24.680998268000053], [88.41455948900006, 24.671526396000047], [88.41230222000007, 24.66394070800004], [88.40851000300006, 24.650622559000055], [88.39959395000005, 24.620497087000047], [88.39940767200005, 24.619867545000034], [88.39884676300005, 24.618068509000068]]}, "properties": {"objectid": 56, "gid": 55, "id": 55, "gauge": "Broad gauge single", "length": 19855.571, "len_km": 19.86}}, {"type": "Feature", "id": 57, "geometry": {"type": "LineString", "coordinates": [[88.39884676300005, 24.618068509000068], [88.39776424800004, 24.616874323000047], [88.39628839500006, 24.615783452000073], [88.39161067700007, 24.613690741000028], [88.38745343500005, 24.61165038300004], [88.38495815400006, 24.61058431500004], [88.38322356600008, 24.609813087000077], [88.38134489400005, 24.60957785900007], [88.36417548200006, 24.60949968600005], [88.36098262900003, 24.609339507000072], [88.35875219400003, 24.60902849100006], [88.35025412300007, 24.60687488900004], [88.34583686300005, 24.605930455000077], [88.33939008700008, 24.60431843400005], [88.32995066500007, 24.60226083200007], [88.31402630300005, 24.59858914000006], [88.30578145900006, 24.596668862000058], [88.30073985500007, 24.595572752000066], [88.29839278100008, 24.595223704000034], [88.29638873400006, 24.595595243000048], [88.28664218700004, 24.597491483000056], [88.28255362000004, 24.59837664300005]]}, "properties": {"objectid": 57, "gid": 56, "id": 56, "gauge": "Broad gauge single", "length": 12268.517, "len_km": 12.27}}, {"type": "Feature", "id": 58, "geometry": {"type": "LineString", "coordinates": [[88.39884676300005, 24.618068509000068], [88.39727667500006, 24.61206681500005], [88.39599652200008, 24.607931782000037], [88.39465755900005, 24.602494943000067], [88.39345229800006, 24.598647395000057], [88.39202271000005, 24.593955245000075], [88.39074746200004, 24.589461844000027], [88.38924014100007, 24.584733001000075], [88.38793000800007, 24.579916662000073], [88.38639380000006, 24.574399045000064], [88.38508202300005, 24.56972601800004], [88.38387662200006, 24.565932159000056], [88.38203992800004, 24.559425727000075], [88.38061112700007, 24.554733491000036], [88.37873440200008, 24.548316190000037], [88.37757383700006, 24.544110629000045], [88.37614511400005, 24.53943627600006], [88.37415635900004, 24.53262349700003], [88.37299629200004, 24.52839999200006], [88.37066711700004, 24.52066962500004], [88.36988181300006, 24.51777616100003], [88.36856510000007, 24.51356885200005], [88.36692307600003, 24.507261474000074], [88.36665309300008, 24.506936008000025], [88.36526335200006, 24.50233366300006], [88.36354467700005, 24.495917908000024], [88.36249180200008, 24.49253769200004], [88.36102936400005, 24.487522385000034], [88.35889242800005, 24.480170247000046], [88.35738876700003, 24.475333652000074], [88.35630960900005, 24.470985479000035], [88.35589684800004, 24.46960121400008], [88.35548847100006, 24.46486611200004], [88.35469210800005, 24.45985799600004], [88.35420924500005, 24.457845791000068], [88.35393052000006, 24.45519071800004], [88.35313124100009, 24.45342593400005], [88.35193818200008, 24.45183604500005], [88.35058086700008, 24.45083568900003], [88.34810445000005, 24.448586675000058]]}, "properties": {"objectid": 58, "gid": 57, "id": 57, "gauge": "Closed", "length": 19579.849, "len_km": 19.58}}, {"type": "Feature", "id": 59, "geometry": {"type": "LineString", "coordinates": [[88.53709251900005, 24.408933545000025], [88.53836719600008, 24.407010463000063], [88.54016214000006, 24.40408884800007], [88.54330999500007, 24.39922690900005], [88.54733389600005, 24.393029269000067], [88.55079995800008, 24.38766842700005], [88.55295139500004, 24.384319951000066]]}, "properties": {"objectid": 59, "gid": 58, "id": 58, "gauge": "Broad gauge single", "length": 3164.888, "len_km": 3.16}}, {"type": "Feature", "id": 60, "geometry": {"type": "LineString", "coordinates": [[88.55295139500004, 24.384319951000066], [88.55402340000006, 24.382968232000053], [88.55658636100009, 24.381272307000074], [88.55831820300006, 24.38039277100006], [88.56071155700005, 24.379842069000063], [88.56306454900005, 24.379398469000023], [88.56620171200007, 24.378818890000048], [88.56788827600008, 24.378476428000056], [88.57110164300008, 24.378076672000077], [88.57364860600006, 24.377778097000032], [88.57603744100004, 24.377621359000045]]}, "properties": {"objectid": 60, "gid": 59, "id": 59, "gauge": "Broad gauge single", "length": 2532.51, "len_km": 2.5300000000000002}}, {"type": "Feature", "id": 61, "geometry": {"type": "LineString", "coordinates": [[88.39959395000005, 24.620497087000047], [88.39967907800008, 24.617360603000066], [88.40000818000004, 24.616145605000042], [88.40069234200007, 24.61475519000004], [88.40141272400007, 24.61359810500005], [88.40352663100003, 24.61075349200007], [88.40675746200003, 24.606379627000024], [88.41194321500006, 24.599284686000033], [88.41529463500007, 24.594625173000054], [88.41975935000005, 24.588687075000053], [88.42370834500008, 24.583209327000077], [88.42494293300007, 24.581645346000073], [88.42761891900005, 24.57764146100004], [88.43061469300005, 24.57312119100004], [88.43403383200007, 24.567686136000077], [88.43446783000007, 24.566920809000067]]}, "properties": {"objectid": 61, "gid": 60, "id": 60, "gauge": "Broad gauge single", "length": 6963.536, "len_km": 6.96}}, {"type": "Feature", "id": 62, "geometry": {"type": "LineString", "coordinates": [[88.30776889000003, 24.844687703000034], [88.30849570600003, 24.843226652000055], [88.31050632600005, 24.839773293000064], [88.31577014100003, 24.83098116000008], [88.31877790500005, 24.826356300000043], [88.31963266100007, 24.824126139000043], [88.32079978600007, 24.82202490700007], [88.32289280200007, 24.818231823000076], [88.32406385600007, 24.816613278000034], [88.32608828400004, 24.814987476000056], [88.32781983800004, 24.81391495300005], [88.33055491900006, 24.81199242100007], [88.33340793200006, 24.81005323000005], [88.33693445900008, 24.80765559400004], [88.34307540400005, 24.803512934000025], [88.34889549700006, 24.799850260000028], [88.35206649600008, 24.79757374600007], [88.35468096500006, 24.79581067600003], [88.35955122000007, 24.792674661000035], [88.36283772500008, 24.790542515000027], [88.36478507900006, 24.78873611800003], [88.36582723900005, 24.787098997000044], [88.36731239100004, 24.784606610000026], [88.36895378000008, 24.782169664000037]]}, "properties": {"objectid": 62, "gid": 61, "id": 61, "gauge": "Broad gauge single", "length": 9515.709, "len_km": 9.52}}, {"type": "Feature", "id": 63, "geometry": {"type": "LineString", "coordinates": [[88.28819284700006, 24.883855828000037], [88.28560838900006, 24.871857035000062], [88.28540635100006, 24.869417885000075], [88.28547529200006, 24.867268532000026], [88.28609308800009, 24.86519715000003], [88.28769567800003, 24.86292204600005], [88.28948471500007, 24.861365774000035], [88.29340627000005, 24.858973802000037], [88.29784558000006, 24.856050082000024], [88.29970460600003, 24.855103686000064], [88.30196366100006, 24.853624273000037], [88.30415865000003, 24.851000142000032], [88.30657016300006, 24.847046894000073], [88.30776889000003, 24.844687703000034]]}, "properties": {"objectid": 63, "gid": 62, "id": 62, "gauge": "Broad gauge single", "length": 5331.269, "len_km": 5.33}}, {"type": "Feature", "id": 64, "geometry": {"type": "LineString", "coordinates": [[89.03112847400007, 25.135012283000037], [89.03087133800005, 25.130878315000075], [89.03057238600007, 25.125535265000053], [89.03022855900008, 25.121558245000074], [89.02970952700008, 25.11385372600006], [89.02914908200006, 25.107080517000043], [89.02882102700005, 25.101116199000046], [89.02860610000005, 25.09810265300007], [89.02846060900004, 25.09493429500003], [89.02827930600006, 25.091983072000062], [89.02809065000008, 25.089963390000037], [89.02796496600007, 25.088356779000037], [89.02766248400007, 25.08296017200007], [89.02724751300008, 25.076213643000074], [89.02682645700008, 25.069227260000048], [89.02672737900008, 25.066825203000064], [89.02604667400004, 25.058858291000035], [89.02538316300007, 25.04771263200007], [89.02473256900004, 25.035450396000044], [89.02448871900003, 25.023675110000056], [89.02453651900004, 25.01430868500006], [89.02444223700007, 25.006327215000056], [89.02441671600008, 24.99577109100005], [89.02442746900005, 24.994409157000064], [89.02449028100006, 24.991434664000053], [89.02390696600008, 24.98725279100006], [89.02297777700005, 24.982991610000056]]}, "properties": {"objectid": 64, "gid": 63, "id": 63, "gauge": "Broad gauge single", "length": 16866.481, "len_km": 16.87}}, {"type": "Feature", "id": 65, "geometry": {"type": "LineString", "coordinates": [[88.92581101100006, 25.627256798000076], [88.92732227800008, 25.62330176300003], [88.92958578900004, 25.61772753500003], [88.93260261500006, 25.61039072400007], [88.93529736800008, 25.603672694000068], [88.94149314000003, 25.588330877000033], [88.94380755100008, 25.58280452500003], [88.94649138700004, 25.577185216000032], [88.94747067600008, 25.57365615200007], [88.95099777000007, 25.564936758000044], [88.95385091900005, 25.557932719000064], [88.95801989500006, 25.547975274000066], [88.95899899100004, 25.54439831800005], [88.96055414600005, 25.538149447000023], [88.96251728900006, 25.530374297000037], [88.96406918300005, 25.524459844000035], [88.96613798600004, 25.516589796000062], [88.96883736500007, 25.505761413000073], [88.97090752700007, 25.497652343000027], [88.97229489200004, 25.49240560800007], [88.97479749200005, 25.482913688000053], [88.97737984800006, 25.47327890200006], [88.98015445900006, 25.462641871000073], [88.98440376600007, 25.44556380000006], [88.98793695300003, 25.432160176000025], [88.99125406000007, 25.41932838200006], [88.99233623100008, 25.415751803000035], [88.99320906200006, 25.41203041800003], [88.99674491100006, 25.39805305300007], [89.00009026500004, 25.384743281000056], [89.00132797000003, 25.376396920000047], [89.00209642900006, 25.37027790700006], [89.00271805600005, 25.365837440000064], [89.00370435500008, 25.361017617000073], [89.00504679400007, 25.351230319000024], [89.00638313400003, 25.342159760000072], [89.00734377000003, 25.333994602000075], [89.00889818500008, 25.323921922000068], [89.01041155900003, 25.313204281000026], [89.01178347600006, 25.305304164000063], [89.01209746700005, 25.298998304000065], [89.01196610900007, 25.295747864000077], [89.01133507500003, 25.289292301000046], [89.00991501600004, 25.279677450000065], [89.00962798600005, 25.276187020000066], [89.00979862800006, 25.272162525000056], [89.01046329900004, 25.267973604000076], [89.01252336400006, 25.25613553100004], [89.01454790000008, 25.24547084200003], [89.01538725700004, 25.239858957000024], [89.01744052100008, 25.228738484000075], [89.01902120700004, 25.218355061000068], [89.02216133200005, 25.200956561000055], [89.02443280200004, 25.18699393600008], [89.02717266200005, 25.171838647000072], [89.02911958000004, 25.15843536700004], [89.03205916100006, 25.14407009300004], [89.03114379200008, 25.13525855100005], [89.03112847400007, 25.135012283000037]]}, "properties": {"objectid": 65, "gid": 64, "id": 64, "gauge": "Broad gauge single", "length": 55856.334, "len_km": 55.86}}, {"type": "Feature", "id": 66, "geometry": {"type": "LineString", "coordinates": [[88.91740404400008, 25.656105139000033], [88.91904797700005, 25.65111125900006], [88.92350276200006, 25.634981018000076], [88.92504965700005, 25.630010852000055], [88.92581061200008, 25.627255587000036]]}, "properties": {"objectid": 66, "gid": 65, "id": 65, "gauge": "Broad gauge single", "length": 3305.022, "len_km": 3.31}}, {"type": "Feature", "id": 67, "geometry": {"type": "LineString", "coordinates": [[88.78032482900005, 25.645778203000077], [88.78942953700005, 25.648556350000035], [88.79757896300003, 25.650724685000057], [88.79952207900004, 25.651041357000054], [88.80693235500007, 25.652056679000054], [88.82491638000005, 25.654433581000035], [88.84378415600008, 25.65681528700003], [88.85543192900008, 25.658270235000032], [88.86149672400006, 25.659202994000054], [88.86705888400007, 25.659400238000046], [88.87444767000005, 25.65957287300006], [88.88294109200007, 25.65971509900004], [88.89049948100006, 25.65992671300006], [88.89648754200005, 25.660010596000063], [88.90082206700004, 25.659773846000064], [88.90889788900006, 25.65914155200005], [88.91442330300004, 25.658720827000025], [88.91578051000005, 25.658254706000037], [88.91693103900008, 25.658006717000035], [88.91710626200006, 25.657254050000063]]}, "properties": {"objectid": 67, "gid": 66, "id": 66, "gauge": "Meter gauge single", "length": 13969.65, "len_km": 13.97}}, {"type": "Feature", "id": 68, "geometry": {"type": "LineString", "coordinates": [[88.91740404400008, 25.656105139000033], [88.91710626200006, 25.657254050000063], [88.91556420500007, 25.663877568000032], [88.91516066400004, 25.66477052700003], [88.91474835600008, 25.66663105400005], [88.91398628700006, 25.67170870700005], [88.91316691400004, 25.679664412000022], [88.91228416700005, 25.689764204000028], [88.91090956900007, 25.706023753000068], [88.90985420100003, 25.71769977300005], [88.90867247100005, 25.731430726000042], [88.90744423700005, 25.738969472000065], [88.90603727500007, 25.74611883500006], [88.90503102800005, 25.751852980000024], [88.90353237600004, 25.75990520700003], [88.90282204800008, 25.76398536000005], [88.90025544300005, 25.776828720000026], [88.90009926100004, 25.777970421000077], [88.89902725800005, 25.780621229000076], [88.89673495100004, 25.78475827500006], [88.89045060300003, 25.796032378000064]]}, "properties": {"objectid": 68, "gid": 67, "id": 67, "gauge": "Broad gauge single", "length": 15849.868, "len_km": 15.85}}, {"type": "Feature", "id": 69, "geometry": {"type": "LineString", "coordinates": [[88.91710626200006, 25.657254050000063], [88.91772613100005, 25.65737318500004], [88.91816630000005, 25.658132720000026], [88.91883993200008, 25.65879209600007], [88.91985472900006, 25.659300021000035], [88.92100075800005, 25.65938548200006], [88.92202352800007, 25.659008106000044], [88.92287917400006, 25.658321542000067], [88.92337595800007, 25.65745662300003], [88.92425827000005, 25.656099097000038], [88.92524439700009, 25.655067040000063], [88.92647774200003, 25.65488364600003], [88.92951579700008, 25.65483093200004], [88.93446275200006, 25.65501830000005], [88.94388416900006, 25.655163575000074], [88.95463450700004, 25.65536504800008], [88.96233445100006, 25.65539750100004], [88.97401315100007, 25.655614894000053], [88.98183657300007, 25.655714614000033], [88.98802277100003, 25.655870005000054], [88.99092397700008, 25.655912561000036], [88.99280675800009, 25.65615032200003], [88.99511669100008, 25.657066258000043], [88.99744038900008, 25.65819324000006], [89.00094743200003, 25.65968667900006], [89.00236770300006, 25.660090620000062], [89.00775021000004, 25.66045568900006], [89.01569287200005, 25.661183746000063], [89.02428135400004, 25.66180331000004], [89.03004438800008, 25.662201336000066], [89.03401001500004, 25.66251982400007], [89.04086343300008, 25.663037018000068], [89.04569659700007, 25.66342831600008], [89.04935160200006, 25.66383426300007], [89.05156511400008, 25.664755094000043], [89.05525763400004, 25.668143111000063], [89.05703200900007, 25.669593071000065], [89.06447899300008, 25.673574358000053], [89.06683155200005, 25.674061424000058], [89.07919600700006, 25.674095015000034], [89.08562042200003, 25.674067982000054], [89.09091609900008, 25.675696897000023], [89.10389660000004, 25.67962066700005], [89.11202689300006, 25.682075360000056], [89.12055408500004, 25.684576953000033], [89.12997236600006, 25.68739804300003], [89.13892091800005, 25.69005842400003], [89.14554299900004, 25.692007877000037], [89.15486247500007, 25.694939184000077], [89.16311991600008, 25.697256942000024], [89.17072456900007, 25.700739315000078], [89.17632582300007, 25.70337835600003], [89.18406893900004, 25.707002935000048], [89.18942361500007, 25.70949175800007], [89.19107814000006, 25.709889204000035], [89.19304853600005, 25.710055426000054], [89.19539333100005, 25.70978366500003], [89.20205691900009, 25.708862590000024], [89.20583076200006, 25.70852082300007], [89.20954863900005, 25.70799746800003], [89.21163451800004, 25.707982878000053], [89.21374573400004, 25.70846018900005], [89.21502088600005, 25.70895755600003]]}, "properties": {"objectid": 69, "gid": 68, "id": 68, "gauge": "Meter gauge single", "length": 31495.827, "len_km": 31.5}}, {"type": "Feature", "id": 70, "geometry": {"type": "LineString", "coordinates": [[88.59740564000003, 25.62408681100004], [88.59693908600008, 25.62438761800007], [88.58847264800005, 25.62572356900006], [88.58314804500003, 25.626698892000036], [88.57488667300004, 25.628342730000043], [88.56755678200005, 25.629707865000057], [88.56288207100005, 25.630565096000055], [88.55788836000005, 25.63158323300007], [88.55318939800009, 25.632563065000056], [88.54774371500008, 25.63349426800005], [88.54172794400006, 25.634747988000072], [88.53628109300007, 25.635760850000054], [88.53028926200005, 25.636891176000063], [88.52645381500008, 25.63759145800003], [88.51900820200007, 25.639076102000047], [88.51172244600008, 25.640438835000054], [88.50654684500006, 25.641453333000072], [88.50137167700007, 25.642426596000064], [88.49685460200004, 25.64328329600005], [88.49413084700006, 25.643788897000036], [88.48919329700004, 25.643861050000055], [88.48387239000004, 25.643805903000043], [88.47993214400003, 25.64380599200007], [88.47531316400006, 25.643757838000056], [88.47182681900006, 25.643680344000074], [88.46752327600007, 25.643758398000045], [88.46317550200007, 25.643753756000024]]}, "properties": {"objectid": 70, "gid": 69, "id": 69, "gauge": "Meter gauge single", "length": 13709.562, "len_km": 13.71}}, {"type": "Feature", "id": 71, "geometry": {"type": "LineString", "coordinates": [[88.59740564000003, 25.62408681100004], [88.59693908600008, 25.62438761800007], [88.59566612400005, 25.625253087000033], [88.59463720200006, 25.62684594500007], [88.59436321400005, 25.628675025000064], [88.59444208600007, 25.63092726700006], [88.59427157100004, 25.634703537000064], [88.59423987900004, 25.639206194000053], [88.59406888700005, 25.64302061500007], [88.59399507100005, 25.647522862000073], [88.59391808500004, 25.650498649000042], [88.59382453700005, 25.654886219000048], [88.59372111200008, 25.658319676000076], [88.59328084300006, 25.659956339000075], [88.59215884900004, 25.66227331500005], [88.59011590900008, 25.664123462000077], [88.58788028800006, 25.66623883500006], [88.58579285800005, 25.668279288000065], [88.58285737400007, 25.670807559000025], [88.57946516800007, 25.674552452000057], [88.57654138200007, 25.67784390500003], [88.57372725200008, 25.68075476300004], [88.57137892800006, 25.683441162000065], [88.56943784500004, 25.68552094900008], [88.56696482100006, 25.68805340600005], [88.56425412300007, 25.691079557000023], [88.56199373200008, 25.693423213000074], [88.55858238100006, 25.69690025700004], [88.55574492000005, 25.699924981000038], [88.55299247100004, 25.70287416700006], [88.54987726000007, 25.706201286000066], [88.54849685800008, 25.70714154500007], [88.54569294500004, 25.70909791100007], [88.54399333300006, 25.710302058000025], [88.54240749300004, 25.712537636000036], [88.54005224100007, 25.71568132300007], [88.53848358300007, 25.718222302000072], [88.53614823700008, 25.72144243500003], [88.53387688600003, 25.724586850000037], [88.53284577400007, 25.72621733400007], [88.53189560300007, 25.728115743000046], [88.53008035600004, 25.731837077000023], [88.52804824200007, 25.73605226500007], [88.52608940800008, 25.741145827000025], [88.52429153100007, 25.745134362000044], [88.52290700000003, 25.748058599000046], [88.52104664700005, 25.751970131000064], [88.51959969500007, 25.754817376000062], [88.51834796300005, 25.75720867900003], [88.51683388000004, 25.760360481000077], [88.51601099300007, 25.762145579000048], [88.51486135100004, 25.763517126000067], [88.51359628900008, 25.764637064000055], [88.51186437000007, 25.766229207000038], [88.50999625400004, 25.76817767500006], [88.50786172200009, 25.770361879000063], [88.50560737100005, 25.771590842000023]]}, "properties": {"objectid": 71, "gid": 70, "id": 70, "gauge": "Meter gauge single", "length": 19484.264, "len_km": 19.48}}, {"type": "Feature", "id": 72, "geometry": {"type": "LineString", "coordinates": [[88.59740564000003, 25.62408681100004], [88.60395076900005, 25.622522962000062], [88.61075853200003, 25.621208482000043], [88.61429478800005, 25.620847954000055], [88.61798836000008, 25.620981460000053], [88.62254149900008, 25.621976871000072], [88.63010926200008, 25.62388717500005], [88.63276497800007, 25.624503207000032], [88.63443016000008, 25.62461730600006], [88.63573422500008, 25.62462948800004], [88.63744085400003, 25.62428414900006], [88.64598349500005, 25.621703336000053], [88.65282964900007, 25.620157336000034], [88.66152921700007, 25.61806967600006], [88.66359901200008, 25.617628824000064], [88.66817759600008, 25.616356920000044], [88.67402892600006, 25.61463662700004], [88.68227897900005, 25.61218235800004], [88.68836464200007, 25.610529274000044], [88.69167180100004, 25.60954078800006], [88.69363269800004, 25.60909852700007], [88.69468379800009, 25.609042231000046], [88.69573347100004, 25.60911728600007], [88.69797236700003, 25.60976125800005], [88.69916266600006, 25.610231655000064], [88.70099571800006, 25.611561667000046], [88.70385405900004, 25.61439510300005], [88.70666032200006, 25.617030967000062], [88.70860011200006, 25.618558891000077], [88.71148635200007, 25.619668181000065], [88.71613955000004, 25.621548336000046], [88.72039512500004, 25.62335918100007], [88.72795190100004, 25.62647955600005], [88.73332636100008, 25.62872672900005], [88.73933259700004, 25.63120906300003], [88.75204923600006, 25.636474615000054], [88.75791203300008, 25.638889293000034], [88.76253018800008, 25.640800553000076], [88.76756853000006, 25.64238678600003], [88.77088686700006, 25.64298950600005], [88.77327826400006, 25.643771746000027], [88.78032482900005, 25.645778203000077]]}, "properties": {"objectid": 72, "gid": 71, "id": 71, "gauge": "Meter gauge single", "length": 19728.386, "len_km": 19.73}}, {"type": "Feature", "id": 73, "geometry": {"type": "LineString", "coordinates": [[89.36273112900005, 25.919405046000065], [89.36154642100007, 25.919797540000047], [89.35894586300003, 25.92086348600003], [89.34586253200007, 25.92614360500005], [89.33740176400005, 25.929525483000077], [89.32969993900008, 25.932646668000075], [89.30077992300005, 25.94238226400006], [89.28695746700004, 25.946927317000075], [89.28327592500005, 25.94824714300006], [89.27643349600004, 25.950531716000057]]}, "properties": {"objectid": 73, "gid": 72, "id": 72, "gauge": "Meter gauge single", "length": 9307.256, "len_km": 9.31}}, {"type": "Feature", "id": 74, "geometry": {"type": "LineString", "coordinates": [[89.02430291600007, 26.343119459000036], [89.02253966300003, 26.344684219000044], [89.01981635300007, 26.34688743600003], [89.01609099100006, 26.349979615000052], [89.01568838700007, 26.350550222000038], [89.01418554400004, 26.351472478000062], [89.00877832400005, 26.354487728000038], [89.00509322300007, 26.35654510300003], [89.00269193000008, 26.357641689000047], [89.00056963500003, 26.35874018100003], [88.99732585800007, 26.360441304000062], [88.99440369700005, 26.361821398000075], [88.99236004500005, 26.36302805400004], [88.99051505000006, 26.364307903000054], [88.98846568900007, 26.36616088100004], [88.98673268400006, 26.36830336400004], [88.98547895900003, 26.37034148400005], [88.98362749000006, 26.37233943800004], [88.98090074600003, 26.374115666000023], [88.97833781800006, 26.375390238000023], [88.97477557500008, 26.37694490800004], [88.97157333600006, 26.378358424000055], [88.96708720000004, 26.380660410000075], [88.96280377200009, 26.38256868800005], [88.95968034000003, 26.38405432500008], [88.95567512800005, 26.38603622900007], [88.95171127600008, 26.38783876100007], [88.95046906200008, 26.388511982000068], [88.94569812600008, 26.39134986600004], [88.94269157900004, 26.393087364000053], [88.94004447300006, 26.39475563600007], [88.93747868600008, 26.396244902000035], [88.93567475200007, 26.397272937000025], [88.93387012700003, 26.398372765000033], [88.93226485100007, 26.399474059000056], [88.93073896500005, 26.40061183800003], [88.92997435600006, 26.40136026700003]]}, "properties": {"objectid": 74, "gid": 73, "id": 73, "gauge": "Meter gauge single", "length": 11523.981, "len_km": 11.52}}, {"type": "Feature", "id": 75, "geometry": {"type": "LineString", "coordinates": [[90.66027459400004, 23.932562835000056], [90.65092297900009, 23.93439518400004], [90.64484401400006, 23.935532137000052], [90.64137589200004, 23.936191936000057], [90.63611940000004, 23.937084662000075], [90.63198986100008, 23.938105478000068], [90.63000220400005, 23.938436284000034], [90.62694438300008, 23.939010203000066], [90.62626228500005, 23.93924275300003], [90.62607002700008, 23.939288583000064], [90.62581480400007, 23.93933745100003], [90.62526908200005, 23.939411370000073], [90.62400171900003, 23.939751341000033], [90.62269734600005, 23.93995955300005], [90.62154629700007, 23.940155635000053], [90.61959330500008, 23.94058321800003], [90.61837189100004, 23.940837404000035], [90.61648057800005, 23.941215672000055], [90.61515422400004, 23.941185139000027], [90.61335213200005, 23.94053656400007], [90.61108392000006, 23.93929088300007], [90.60506808800005, 23.936349706000044], [90.60353872100006, 23.935610317000055], [90.59747959600008, 23.93269435800005], [90.59212392200004, 23.93002639300005], [90.58977849500008, 23.928870309000047], [90.58794248400005, 23.92823205600007], [90.58556208700008, 23.92795435000005], [90.58220794500005, 23.927967093000063], [90.58102086100007, 23.92808214100006]]}, "properties": {"objectid": 75, "gid": 115, "id": 115, "gauge": "Meter gauge single", "length": 8523.586, "len_km": 8.52}}, {"type": "Feature", "id": 76, "geometry": {"type": "LineString", "coordinates": [[90.86408513500004, 23.989936725000064], [90.86699643800006, 23.990818244000025], [90.87740061300008, 23.99486057000007], [90.88731972700003, 23.998461577000057], [90.88895285500007, 23.99906179800007], [90.89778429200004, 24.002335862000052], [90.90383420700005, 24.004683602000057], [90.90976093900008, 24.006643850000046], [90.91792811500005, 24.009698967000077], [90.92621633900006, 24.01275290500007], [90.93129862200004, 24.01466197900004]]}, "properties": {"objectid": 76, "gid": 116, "id": 116, "gauge": "Meter gauge single", "length": 7365.105, "len_km": 7.37}}, {"type": "Feature", "id": 77, "geometry": {"type": "LineString", "coordinates": [[89.27643364100004, 25.950507824000056], [89.27396964700006, 25.951498989000072], [89.27132178800008, 25.952298045000077], [89.26948599700006, 25.952563111000075], [89.26809848500005, 25.95255610600003], [89.26545416500005, 25.952340080000056], [89.26320950900003, 25.952041965000035], [89.26067415000006, 25.951742331000048], [89.25797933700005, 25.95158519200004], [89.25641945400008, 25.951672762000044], [89.25464663800005, 25.95199814600005], [89.24704324800007, 25.95484982800008], [89.24243493900008, 25.956331031000047], [89.23954737000008, 25.957367171000044], [89.23726933500006, 25.958143646000053], [89.23456823600009, 25.958941741000046], [89.23239570600003, 25.95974258900003], [89.23056922700005, 25.960162961000037], [89.22757948900005, 25.960624893000045], [89.22538326800003, 25.96099544200007], [89.22284328100005, 25.961388003000025], [89.21882143200008, 25.962035350000065], [89.21535506200007, 25.962613919000034], [89.21297375600005, 25.962983274000067], [89.21138504200007, 25.963404694000076], [89.20886388400004, 25.964920060000054], [89.20610526000007, 25.966362400000037], [89.20329225800003, 25.96801941900003], [89.19973697300009, 25.969982882000068], [89.19772034300007, 25.971118557000068], [89.19578248300007, 25.972326317000068], [89.19410728700007, 25.973774438000078], [89.19242992900007, 25.975533127000062], [89.19071970700008, 25.97822341600005], [89.18962444700009, 25.979889755000045], [89.18560119700004, 25.986771610000062], [89.18463738700007, 25.988522269000043], [89.18320556000003, 25.990653008000038], [89.18170805700004, 25.993105455000034], [89.18055832600004, 25.994962547000057], [89.17949102500006, 25.996366142000056], [89.17834421900005, 25.997793170000023], [89.17695643900004, 25.999648878000073], [89.17564976700004, 26.001242219000062], [89.17460845700003, 26.00269370700005], [89.17382984500006, 26.00438561200008], [89.17326356900008, 26.00595926400007], [89.17237446400009, 26.008319510000035], [89.17135093700006, 26.01098957800008], [89.17045973800003, 26.013636503000043], [89.16951527800006, 26.01633090000007], [89.16873262700005, 26.01857226900006], [89.16803129900006, 26.020527393000066], [89.16727570900008, 26.02267333700007], [89.16660229300004, 26.024413585000048], [89.16619684900007, 26.02565363800005], [89.16552424400004, 26.02727442300005], [89.16509385400008, 26.02829930000007], [89.16489817400009, 26.028992578000043], [89.16449598500003, 26.030565598000067], [89.16513835200004, 26.033221337000043], [89.16646025500006, 26.037027817000023], [89.16689837500007, 26.038655009000024], [89.16726222700004, 26.039565006000032], [89.16752012400008, 26.04049828500007], [89.16756407800005, 26.041764820000026], [89.16729183300004, 26.042862289000027], [89.16560732100004, 26.04543291500005], [89.16400276100006, 26.04790841500005], [89.16175636400004, 26.05135974500007], [89.15854582300005, 26.056453971000053], [89.15672677900005, 26.05928651000005], [89.15498854700007, 26.06190446900007], [89.15402424200005, 26.06357126200004], [89.15282200200005, 26.065212759000076], [89.15112072500006, 26.066349581000054], [89.14843803500008, 26.06783897500003], [89.14567626100006, 26.069280066000033], [89.14341879500006, 26.070485176000034], [89.14248627900008, 26.071387533000063], [89.14152433000004, 26.072695871000064], [89.14060777100008, 26.075031823000074], [89.14015049500006, 26.07705631700003], [89.13981140600004, 26.07901702500004], [89.13979499000004, 26.081262765000076], [89.14017316300004, 26.083821449000027], [89.14099834400008, 26.08676506300003], [89.14174453700008, 26.08966042000003], [89.14251583100008, 26.092747055000075], [89.14346942600008, 26.09624093000008], [89.14421642900004, 26.099040709000064], [89.14480730400004, 26.101481182000043], [89.14568251100008, 26.104855117000056], [89.14614546800004, 26.10669752900003], [89.14644566900006, 26.109088488000054], [89.14615847300007, 26.112192723000078], [89.14545251900006, 26.11464939600006], [89.14474827300006, 26.11686715600007], [89.14407272800008, 26.118774490000078], [89.14339384900006, 26.121135743000025], [89.14250042100008, 26.123877982000067], [89.14117089700005, 26.128337823000038], [89.13938832700006, 26.133201100000065], [89.13830731800005, 26.136228887000073], [89.13725219300005, 26.13932849300005], [89.13611777400007, 26.14240372200004], [89.13514546800008, 26.145025970000063], [89.13373827900006, 26.149174662000064], [89.13247006600005, 26.152416290000076], [89.13133450100008, 26.15561092200005], [89.13003754600004, 26.159139051000068], [89.12898446400004, 26.161904108000044], [89.12773996000004, 26.165480310000078], [89.12657712000004, 26.168746404000046], [89.12565731800004, 26.171368890000053], [89.12457628900006, 26.174300978000076], [89.12352221800006, 26.177161545000047], [89.12257526100007, 26.179855515000042], [89.12165653000005, 26.182310735000044], [89.12065509100006, 26.185195487000044], [89.12006050400004, 26.186792582000066], [89.11951940100005, 26.18831832500007], [89.11873563800003, 26.190415974000075], [89.11749373400005, 26.193562032000045], [89.11697868600004, 26.19513570600003], [89.11611051000006, 26.19787788800005], [89.11508610000004, 26.200260730000025], [89.11352979500003, 26.202926984000044], [89.11176716100005, 26.204851311000027], [89.10997762100004, 26.206823232000033], [89.10784079700005, 26.209175235000032], [89.10567794800005, 26.211455369000078], [89.10348816200008, 26.213783083000067], [89.10105751900005, 26.21641984300004], [89.09865527900007, 26.21879393100005], [89.09686456400004, 26.22086123300005], [89.09606032200008, 26.222098524000046], [89.09541573400008, 26.223241251000047], [89.09388089600003, 26.226456902000052], [89.09311865000006, 26.229449991000024], [89.09189570400008, 26.233420156000022], [89.09006265500005, 26.239178283000058], [89.08944982900005, 26.241324606000035], [89.08840012300004, 26.243432317000043], [89.08602969700007, 26.24671423600006], [89.08398044300003, 26.24956811900006], [89.08303420500005, 26.25113513100007], [89.08228961500004, 26.252316751000023], [89.08128280200003, 26.253994636000073], [89.08031626800005, 26.255601100000035], [89.07930713800005, 26.257565648000025], [89.07821876500003, 26.259493844000076], [89.07704803100006, 26.26177986600004], [89.07603765400006, 26.263887726000064], [89.07438730800004, 26.266493165000043], [89.07314232500005, 26.268724917000043], [89.07173090700007, 26.271260191000067], [89.07072148900005, 26.27322466800007], [89.06967228700006, 26.27518887800005], [89.06882642600004, 26.277142867000066], [89.06820521700007, 26.279694755000037], [89.06787202600003, 26.281591922000075], [89.06749419900007, 26.284098017000076], [89.06723819600006, 26.286282374000052], [89.06685425600006, 26.289489364000076], [89.06626990700005, 26.293013315000053], [89.06548868400006, 26.296233500000028], [89.06447346800007, 26.29887877300007], [89.06322512200006, 26.300841624000043], [89.06141634900007, 26.30326666800005], [89.05964725900003, 26.30569194800006], [89.05812187700008, 26.307473752000078], [89.05667365100004, 26.309542736000026], [89.05526745900005, 26.31132529100006], [89.05401940300004, 26.313216382000064], [89.05241255800007, 26.315212599000063], [89.05120797200004, 26.316638080000075], [89.05000101800005, 26.318350224000028], [89.04799315600008, 26.32073792700004], [89.04610568400005, 26.322983056000055], [89.04477693500007, 26.32498103000006], [89.04324812300007, 26.327120999000044], [89.04132098100007, 26.329329958000073], [89.03919906100003, 26.331035881000048], [89.03663783700006, 26.332953833000033], [89.03499451100004, 26.33448372500004], [89.03263408000004, 26.336152103000074], [89.03099393800005, 26.33728777300007], [89.02902871600008, 26.339245447000053], [89.02658676000004, 26.341128183000023], [89.02430291600007, 26.343119459000036]]}, "properties": {"objectid": 77, "gid": 74, "id": 74, "gauge": "Meter gauge single", "length": 54886.086, "len_km": 54.89}}, {"type": "Feature", "id": 78, "geometry": {"type": "LineString", "coordinates": [[88.50381234300005, 26.284857113000044], [88.50636451700007, 26.28912484700004], [88.50791849800004, 26.291643149000038], [88.50980807200006, 26.29505854000007], [88.51141176800007, 26.297577322000052], [88.51267540100008, 26.299556392000056], [88.51461708200009, 26.302793541000028], [88.51665573200006, 26.30621039400006], [88.51884093900009, 26.309807456000044], [88.51991221300005, 26.311337671000047], [88.52111083500006, 26.31256640500004], [88.52339502900008, 26.314277842000024], [88.52619302000005, 26.31649599900004], [88.52770466500004, 26.31769231800007], [88.52899224800007, 26.31862475400004], [88.53193692900004, 26.321023033000074], [88.53532624500008, 26.323559842000066], [88.53787735800006, 26.325730578000048], [88.54313028900003, 26.329939410000065]]}, "properties": {"objectid": 78, "gid": 75, "id": 75, "gauge": "Meter gauge single", "length": 6448.813, "len_km": 6.45}}, {"type": "Feature", "id": 79, "geometry": {"type": "LineString", "coordinates": [[88.79908793000004, 26.243349717000058], [88.79790880700006, 26.25120966700007], [88.79759673200004, 26.25321379500008], [88.79577775400008, 26.26516730700007], [88.79484000500008, 26.27129909000007], [88.79353296100004, 26.279816720000042], [88.79284902400008, 26.284445559000062], [88.79170957100007, 26.292104535000078], [88.79043068800007, 26.300811977000023]]}, "properties": {"objectid": 79, "gid": 76, "id": 76, "gauge": "Broad gauge single", "length": 6422.811, "len_km": 6.42}}, {"type": "Feature", "id": 80, "geometry": {"type": "LineString", "coordinates": [[88.80858152000008, 26.150196209000057], [88.80795621200008, 26.15181556400006], [88.80733428800005, 26.15310048200007], [88.80684202800006, 26.154649262000078], [88.80646135200004, 26.156340354000065], [88.80627565800006, 26.158275864000075], [88.80590890700006, 26.16049460200003], [88.80548919600005, 26.162712898000052], [88.80487368600006, 26.165956840000035], [88.80447641100005, 26.167970301000025], [88.80408320700008, 26.170776067000077], [88.80369354900006, 26.172636252000075], [88.80329973000005, 26.174902532000033], [88.80290101300005, 26.177646569000046], [88.80266357400006, 26.180153045000054], [88.80269015800008, 26.18273338700004], [88.80271625300009, 26.18536150400007], [88.80267962200008, 26.188944697000068], [88.80267776700003, 26.191715919000046], [88.80273399800006, 26.193985934000068], [88.80281915300003, 26.196017290000043], [88.80279335100005, 26.201129525000056], [88.80280844900005, 26.21259681500004], [88.80290245000003, 26.21705111400007], [88.80251563200005, 26.220501932000047], [88.80114807600006, 26.22987924800003], [88.80004198000006, 26.236989186000073], [88.79908793000004, 26.243349717000058]]}, "properties": {"objectid": 80, "gid": 77, "id": 77, "gauge": "Broad gauge single", "length": 10405.59, "len_km": 10.41}}, {"type": "Feature", "id": 81, "geometry": {"type": "LineString", "coordinates": [[88.89045034100008, 25.796031593000066], [88.88970109100006, 25.79737542600003], [88.88502732300003, 25.80616386500003], [88.88237453700003, 25.81029244700005], [88.88031455100008, 25.81321525800007], [88.87549984900005, 25.81991550400005], [88.86956159200008, 25.828111997000065], [88.86548963300004, 25.834315924000066], [88.86398959300004, 25.836573886000053], [88.85982661500003, 25.843947598000057], [88.85435185500006, 25.85312656700006], [88.85024625700004, 25.85990312900003], [88.84595278200004, 25.86694086600005], [88.84429187200004, 25.86936455500006], [88.84267719100006, 25.872457542000063], [88.84229211300004, 25.87403129000006], [88.84274646600005, 25.881608414000027], [88.84293748600004, 25.88368846900005], [88.84321146900004, 25.885386925000034], [88.84378876900007, 25.891197075000036], [88.84429246000008, 25.896433246000072], [88.84512899800006, 25.905470750000063], [88.84486217400007, 25.908455011000058], [88.84363044600008, 25.91556473000003], [88.84136828000004, 25.930765247000068], [88.83917095000004, 25.944676091000076], [88.83713723400007, 25.958014796000043], [88.83523364300004, 25.969548775000078], [88.83223064100008, 25.98920060000006], [88.82958609500008, 26.005305469000064], [88.82554928800005, 26.031026847000078], [88.82297937200008, 26.047394861000043], [88.82182343700003, 26.053941433000034], [88.82079382500007, 26.061673547000055], [88.82032846700008, 26.06648562600003], [88.82061141800006, 26.069928164000032], [88.82140504600005, 26.08049422000005], [88.82173295700005, 26.087377337000078], [88.82220049200004, 26.09617281800007], [88.82270122700004, 26.10429963200005], [88.82305472700006, 26.111278498000047], [88.82323234500006, 26.11732420000004], [88.82224377700004, 26.120899672000064], [88.82094237500007, 26.12399477100007], [88.81756200000007, 26.131158045000063], [88.81499257200005, 26.136607800000036], [88.81317680000006, 26.140797529000054], [88.81080166500004, 26.145317075000037], [88.80858127700003, 26.150220097000044]]}, "properties": {"objectid": 81, "gid": 78, "id": 78, "gauge": "Broad gauge single", "length": 40984.032, "len_km": 40.98}}, {"type": "Feature", "id": 82, "geometry": {"type": "LineString", "coordinates": [[88.88640925600004, 23.037018621000072], [88.88932652600005, 23.03792294400006], [88.89373370400006, 23.039113833000044], [88.89754545700004, 23.040134738000063], [88.90070207000008, 23.040985285000033], [88.90409702300008, 23.04189266000003], [88.90844479000003, 23.04308273600003], [88.91195878600007, 23.04404600500004], [88.91490753000005, 23.044885126000054], [88.91896641800008, 23.045988427000054], [88.92159490500006, 23.046723378000024], [88.92453219400005, 23.047603786000025], [88.92778028700008, 23.04837869800008], [88.93133663500004, 23.04937072900003], [88.93477794900008, 23.050218505000032], [88.93802617000006, 23.050993211000048], [88.94107961100008, 23.05190994900005], [88.94370695000003, 23.05282378100003], [88.94579726000006, 23.053052835000074], [88.94808155900006, 23.053247302000045], [88.95145088500004, 23.053413084000056], [88.95470455200007, 23.05350633100005], [88.95846103100007, 23.053710374000048], [88.96268269100005, 23.05388153100006], [88.96698239600005, 23.053981385000043], [88.97221190100004, 23.05408716900007], [88.97763431300007, 23.05430158000007], [88.98274709100008, 23.054477962000078], [88.98627202200004, 23.054572304000033], [88.98983597200004, 23.054630967000037], [88.99429045200009, 23.05476691800004], [88.99967421700006, 23.054980328000056], [89.00195971700003, 23.05503062400004], [89.00521323700008, 23.05515868200007], [89.00835106700004, 23.055214246000048], [89.01237996700007, 23.055275317000053], [89.01683477700004, 23.055374785000026], [89.01997210700006, 23.05550181700005], [89.02078569200006, 23.055506858000058], [89.02291599200004, 23.055591741000057], [89.02523949200008, 23.05574948800006], [89.02674966700005, 23.055866345000027], [89.02744471100004, 23.05619328100005], [89.02833295600004, 23.05659310300007], [89.03161478800007, 23.058190684000067], [89.03570648200008, 23.060330907000036], [89.03960636900007, 23.062218904000076], [89.04319640800009, 23.064104932000077], [89.04659383100005, 23.065846314000055], [89.04983686500003, 23.067514996000057], [89.05230731300009, 23.068856320000066], [89.05504928700003, 23.070163380000054], [89.05960595200008, 23.07241333500008], [89.06408502700003, 23.07469855200003], [89.06690449000007, 23.07604172200007], [89.07103630300008, 23.07814544100006], [89.07327589500005, 23.079305833000035], [89.07717614400008, 23.081300483000064], [89.08080671800008, 23.083078362000037], [89.08366430800004, 23.08456486800003], [89.08555656800007, 23.085543819000065], [89.08775911200007, 23.086488690000067], [89.09003870900005, 23.087505676000035], [89.09219943400007, 23.088916312000038], [89.09489722500007, 23.091154578000044], [89.09701787100005, 23.09278002700006], [89.09994691200006, 23.095234641000047], [89.10202702200007, 23.097146606000024], [89.10383709100006, 23.098877755000046], [89.10638096100007, 23.10100740400003], [89.11058177300004, 23.10461626400007], [89.11227695700006, 23.106167415000073], [89.11370416700004, 23.107215127000075], [89.11632446200008, 23.109560158000022], [89.11875198500007, 23.111760667000055], [89.12156695500005, 23.11399914800006], [89.12384030000004, 23.116091168000025], [89.12488195600008, 23.116849829000046], [89.12623487300004, 23.11743094900004], [89.12836071200007, 23.118374845000062], [89.13033107200005, 23.119389558000023], [89.13226408400004, 23.120188934000055], [89.13477533300005, 23.12149337900007], [89.13817519800006, 23.123268711000037], [89.14281207100004, 23.12592423800004], [89.14458559700006, 23.127209954000023]]}, "properties": {"objectid": 82, "gid": 88, "id": 88, "gauge": "Temporarily closed", "length": 29168.303, "len_km": 29.17}}, {"type": "Feature", "id": 83, "geometry": {"type": "LineString", "coordinates": [[88.80309488100005, 23.53832598200006], [88.80388849700006, 23.54039153800005], [88.80408394100004, 23.541235544000074], [88.80447568400007, 23.542829951000044], [88.80526596100003, 23.545269920000067], [88.80802370500004, 23.554745836000052], [88.80907960200005, 23.558194840000056], [88.80987056000004, 23.561321863000046], [88.81082446800008, 23.564550804000078], [88.81188084400009, 23.56853559600006], [88.81255080900007, 23.57078802600006], [88.81463646500004, 23.57791952900004], [88.81622519600006, 23.58346883400003], [88.81755314100008, 23.587657009000054], [88.81905247300006, 23.59330428900006], [88.81972613000005, 23.595777343000066], [88.82083727100007, 23.59818563500005], [88.82200404200006, 23.60033511000006], [88.82343407100007, 23.602482646000055], [88.82493020300006, 23.604507812000065], [88.82886675400005, 23.60858293700005], [88.83663488700006, 23.616447231000052], [88.84446653200007, 23.62422616500004], [88.84682635400009, 23.626636769000072], [88.85237292600004, 23.632404121000036], [88.85352254500003, 23.63355216800005], [88.86106366000007, 23.641185720000067], [88.86217807500003, 23.642846246000033], [88.86409872500008, 23.646051062000026], [88.86500802800003, 23.64819437400007], [88.86929107200007, 23.657228103000023], [88.87261628900006, 23.66440299100003], [88.87634999900007, 23.672680614000058], [88.87992874500009, 23.680234417000065], [88.88356454700005, 23.688213365000024], [88.88816646200007, 23.698246010000048], [88.89394172600004, 23.71048054700003], [88.89603869900003, 23.714996733000078], [88.89738238000007, 23.717114478000042], [88.89945109000007, 23.719493770000042], [88.90730437900004, 23.727697216000024], [88.91506651500003, 23.735814178000055], [88.92247628200005, 23.743614938000064], [88.93028648400008, 23.751759999000058], [88.93885605700007, 23.760725200000024], [88.94178126500003, 23.763718977000053], [88.94356333800005, 23.76527421000003], [88.94665652800006, 23.767145052000046], [88.95252188100005, 23.769603907000032], [88.95474150100006, 23.770758499000067], [88.95603341700007, 23.77179283600003], [88.95729258200004, 23.773054853000076], [88.95881081200008, 23.774831406000033], [88.96625093900008, 23.783314105000045], [88.97283499800005, 23.79053725600005], [88.97993967200006, 23.798589761000073], [88.98692335200008, 23.80638476000007], [88.99402974500003, 23.814436659000023], [89.00215174700008, 23.823434957000075], [89.00484050300008, 23.826679313000056], [89.00620291000007, 23.828924980000068], [89.00737569500006, 23.83151354900008], [89.00794779500006, 23.83315187200003], [89.00953648000007, 23.84062837400006], [89.01054952000004, 23.843174952000027], [89.01188701100006, 23.846006247000048], [89.01278930200004, 23.847494828000038], [89.01550376700004, 23.850972058000025], [89.01779683600006, 23.853334458000063], [89.01996047000006, 23.855053456000064], [89.02140366700007, 23.85610059000004], [89.02498563100005, 23.858619351000073], [89.02833031500006, 23.860543414000063], [89.03435090800008, 23.863533940000025]]}, "properties": {"objectid": 83, "gid": 89, "id": 89, "gauge": "Broad gauge double", "length": 44122.3, "len_km": 44.12}}, {"type": "Feature", "id": 84, "geometry": {"type": "LineString", "coordinates": [[88.50560587800004, 25.771710074000055], [88.50221939800008, 25.773940949000064], [88.50030625200003, 25.77540932000005], [88.49714876600007, 25.777447874000075], [88.49627212300004, 25.777857975000074], [88.49279334800008, 25.779449295000063], [88.48955955900004, 25.781043072000045], [88.48744903900007, 25.78210602000007], [88.48418161200004, 25.784192447000066], [88.48088684000004, 25.786278511000035], [88.47838892700008, 25.787805741000057], [88.47655051600003, 25.78887136900005], [88.47433113200003, 25.789908320000052], [88.47178112600005, 25.791237635000073], [88.46978110700007, 25.792153538000036], [88.46862908700007, 25.792782470000077], [88.46747166600005, 25.79383049000006], [88.46592406800005, 25.795564755000044], [88.46388049000007, 25.797737571000027], [88.46210982100007, 25.79986393100006], [88.46000589200008, 25.802479856000048], [88.45622067700003, 25.806606573000067], [88.45500406000008, 25.807999039000038], [88.45379445700007, 25.80884913500006], [88.45283701400007, 25.809159475000058], [88.45075997600009, 25.809679783000036], [88.44838203200004, 25.810295474000043], [88.44543048000008, 25.811028269000076], [88.44286182600007, 25.811641826000027], [88.44067576000003, 25.81216082000003], [88.43838008200004, 25.81272791200007], [88.43662945300008, 25.813276177000034], [88.43485189600005, 25.813799472000028], [88.43187035300008, 25.814728910000042], [88.42919000900008, 25.81553826000004], [88.42653719500004, 25.816323203000024], [88.42475857600004, 25.816920329000027], [88.42262551800007, 25.817538240000033], [88.42021809300007, 25.818301071000064], [88.41671782400005, 25.81929851600006], [88.41411900300005, 25.820108468000058], [88.41028946700004, 25.821274749000054], [88.40780018100008, 25.822036472000036], [88.40514677000004, 25.822845662000077], [88.40194523100007, 25.823895329000038], [88.40028131200006, 25.824049608000053], [88.39695180700005, 25.824481366000043], [88.39318611700008, 25.824932880000063], [88.38865636300005, 25.825474444000065], [88.38538193900007, 25.82585723400007], [88.38486137600006, 25.826073347000033], [88.38395543900003, 25.82658103600005], [88.38202821300007, 25.828063564000047], [88.37791769700004, 25.831814647000044], [88.37306195700006, 25.83624760500004], [88.36920011500007, 25.839705340000023], [88.36699329500004, 25.841677615000037], [88.36558120400008, 25.843313628000033], [88.36444422300008, 25.84475548200004], [88.36346321100007, 25.84674149700004], [88.36289932000005, 25.84811582900005], [88.36220367900006, 25.851140568000062], [88.36134044500005, 25.854459269000074], [88.36071043400005, 25.856671117000076], [88.36018972400007, 25.858859540000026], [88.35979876300007, 25.861517873000025], [88.35916323000004, 25.86412412800007], [88.35858386600006, 25.866607738000027], [88.35809337900008, 25.86857459500004], [88.35754087500004, 25.871083156000054], [88.35739539000008, 25.873719598000037], [88.35768647000003, 25.87617870100007], [88.35767698000006, 25.880946707000078], [88.35790277500007, 25.88432700000004], [88.35824202500004, 25.887388060000035], [88.35868484700006, 25.890844771000047], [88.35925953200007, 25.894623486000057], [88.35980767200004, 25.89835258900007], [88.36020116400005, 25.90143891100007], [88.36062806100006, 25.904081820000044], [88.36079330200005, 25.90593281100007], [88.36112448100005, 25.907613092000076], [88.36149144300003, 25.90867740300007], [88.36316925700004, 25.913528730000053], [88.36484311700008, 25.91867585500006], [88.36688790000005, 25.924616102000073], [88.36876997200005, 25.930505181000058], [88.36968788100006, 25.933153593000043], [88.37029425800006, 25.93466436800003], [88.37168536900003, 25.938600148000035], [88.37515068400006, 25.94440832400005], [88.37869509200004, 25.950439206000055], [88.38402885400006, 25.95927600500005], [88.38834888000008, 25.966498768000065], [88.39104195900006, 25.971040595000034], [88.39466940900007, 25.97709670100005], [88.39912607000008, 25.984394654000027], [88.40235348700008, 25.98982978300006], [88.40410517600003, 25.993448754000042], [88.40513873800006, 25.995703762000062], [88.40747578400004, 26.00043862600006], [88.40848351500006, 26.00259470700007], [88.41010114800008, 26.006064207000065], [88.41071434700007, 26.00713111500005], [88.41149124800006, 26.008199819000026], [88.41245913700004, 26.009270618000073], [88.41440689000007, 26.010524746000044], [88.41749163500003, 26.012456987000064], [88.42271539700005, 26.015645277000033], [88.42398554800008, 26.016571370000065], [88.42452135300005, 26.017316864000065], [88.42492008300007, 26.018110173000025], [88.42720967900004, 26.022400439000023], [88.43024146800008, 26.028350629000045], [88.43130309700007, 26.030605772000058], [88.43153687800003, 26.031495894000045], [88.43152769600005, 26.032186137000053], [88.43129332400008, 26.033391692000066], [88.43049578900008, 26.035897848000047], [88.42935662400004, 26.039460450000036], [88.42787181600005, 26.044375306000063], [88.42697647700004, 26.04601744300004], [88.42573159500006, 26.047261284000058], [88.42409900300004, 26.048920017000057], [88.42199646200004, 26.051017384000033], [88.41897897100006, 26.054164865000075], [88.41693049900005, 26.056287398000052], [88.41391273600004, 26.059434758000066], [88.41205846200006, 26.061312799000063], [88.41028601300007, 26.063191715000073], [88.40906040500005, 26.06500267000007], [88.40752550600007, 26.067475880000075], [88.40668695600004, 26.068921259000035], [88.40568227100005, 26.070537380000076], [88.40434131000006, 26.072790799000074], [88.40221723100007, 26.07641620100003], [88.40023554100009, 26.079599359000042], [88.39861466700006, 26.08234270500003], [88.39649392400008, 26.085696841000072], [88.39509901100007, 26.087875594000025], [88.39396728800006, 26.09077224500004], [88.39386925400004, 26.09395160200006], [88.39370018900007, 26.100173785000038], [88.39365416800007, 26.103541436000057], [88.39360030400007, 26.10748230100006], [88.39357288600007, 26.112390909000055], [88.39359640900005, 26.116475958000024], [88.39354243200006, 26.12185694300007], [88.39345233100005, 26.127008791000037], [88.39341186900003, 26.13539081600004], [88.39327085300005, 26.143166715000064], [88.39332946500008, 26.145399613000052], [88.39335337000006, 26.147643435000077], [88.39379880500007, 26.14902905300005], [88.39440915000006, 26.150342545000058], [88.39636907400006, 26.152854483000056], [88.39953642300009, 26.156982363000054], [88.40227430700008, 26.160563015000037], [88.40463661300004, 26.16364636800006], [88.40793945400009, 26.167898851000075], [88.41118989500006, 26.172002760000055], [88.41336141400006, 26.17508387400005], [88.41543309500008, 26.177473534000057], [88.42031341300003, 26.182334825000055], [88.42643379400005, 26.18849156700003], [88.43028890000005, 26.192429106000077], [88.43149738300008, 26.19402018200003], [88.43280826900008, 26.19613011000007], [88.43419656300006, 26.198586035000062], [88.43601357900008, 26.201687629000048], [88.43801606000005, 26.205235000000073], [88.44068742200005, 26.20987440400006], [88.44215999100004, 26.212183244000073], [88.44385388300003, 26.214297230000057], [88.44611064300005, 26.217255540000053], [88.44957717200003, 26.22175545700003], [88.45250709000004, 26.22550988200004], [88.45503305200003, 26.228816125000037], [88.45699587000007, 26.231302678000077], [88.45925425300004, 26.23418685100006], [88.46151112300004, 26.237194247000048], [88.46223978000006, 26.23791703300003], [88.46377167300005, 26.239930449000042], [88.46565252300007, 26.242440671000054], [88.46711384100007, 26.24359038700004], [88.46969506200008, 26.24482598700007], [88.47266003600004, 26.245991658000037], [88.47776969500006, 26.24833878800007], [88.48179401200008, 26.250057904000073], [88.48309155400005, 26.251205733000063], [88.48537094800008, 26.254656803000046], [88.48976288800009, 26.26180363700007], [88.49444690600006, 26.269668400000057], [88.49744750100007, 26.274507524000057], [88.49889176900007, 26.27703742600005], [88.49988199500007, 26.278724305000026], [88.50082199200006, 26.28006548600007], [88.50320740200004, 26.283862571000043], [88.50381769600006, 26.28487984800006]]}, "properties": {"objectid": 84, "gid": 79, "id": 79, "gauge": "Meter gauge single", "length": 72610.539, "len_km": 72.61}}, {"type": "Feature", "id": 85, "geometry": {"type": "LineString", "coordinates": [[89.67170647800003, 24.38677305500005], [89.67323507400005, 24.39215723800004], [89.67464015900003, 24.397053639000035], [89.67561439700006, 24.39988523100004], [89.67630142400003, 24.401318096000068], [89.67800396500007, 24.403685191000022], [89.68021350000004, 24.406852257000025], [89.68387267400004, 24.41188646300003], [89.68774962000003, 24.41718733600004], [89.69282234600007, 24.424288102000048], [89.69557623900005, 24.428188384000066], [89.69887444500006, 24.432622310000056], [89.69978125900008, 24.43355618100003], [89.70224732600008, 24.436323972000025], [89.70464131700004, 24.438858564000043], [89.70656414400008, 24.440759730000025], [89.70768848600005, 24.44202685700003], [89.70815983200004, 24.442626953000058], [89.70837571700008, 24.443626013000028], [89.70833475600006, 24.44562322200005], [89.70814871700009, 24.447453711000037]]}, "properties": {"objectid": 85, "gid": 80, "id": 80, "gauge": "Broad gauge single", "length": 7823.009, "len_km": 7.82}}, {"type": "Feature", "id": 86, "geometry": {"type": "LineString", "coordinates": [[89.67442948000007, 24.396319497000036], [89.67464015900003, 24.397053639000035], [89.67516058800004, 24.398566267000035], [89.67656004000008, 24.399687524000058], [89.67808493900009, 24.400423115000024], [89.67968348300008, 24.400792675000048], [89.68110153000003, 24.400662514000032], [89.68346604400006, 24.400001709000037], [89.69019666100007, 24.397718734000023], [89.69590843800006, 24.395766297000023], [89.70030996000008, 24.39444353700003], [89.70456614900007, 24.393053787000042], [89.70638493200005, 24.392491421000045], [89.71002039900009, 24.392265404000057], [89.71587293500005, 24.392143341000065], [89.72136116600007, 24.39238655300005], [89.72717563600008, 24.393062904000033], [89.73193532400006, 24.394070053000064], [89.73393338200003, 24.394639478000045], [89.73654844600009, 24.39567598900004], [89.74145195000006, 24.397548588000063], [89.74261450400007, 24.397883453000077], [89.74570354000008, 24.398288130000026], [89.74795691400004, 24.398491627000055], [89.75002919300005, 24.398361908000027], [89.75188381800007, 24.397998785000027], [89.75381074600006, 24.397835487000066], [89.75555527600005, 24.398004755000045], [89.75811374300008, 24.398273663000055]]}, "properties": {"objectid": 86, "gid": 81, "id": 81, "gauge": "Both (Meter & Broad)", "length": 9010.065, "len_km": 9.01}}, {"type": "Feature", "id": 87, "geometry": {"type": "LineString", "coordinates": [[89.72065766400004, 22.740602609000064], [89.72071464200008, 22.740270990000056], [89.72098565800007, 22.73879898900003], [89.72119207600008, 22.737245553000037], [89.72155408800006, 22.73661881000004], [89.72437844400008, 22.733591399000034], [89.72758586300006, 22.730606413000032], [89.72983847500007, 22.72874402800005], [89.73264412900005, 22.726432455000065], [89.73484519200008, 22.724927794000052], [89.73654778900004, 22.723909794000065], [89.73826393700006, 22.723179402000028], [89.73927857800004, 22.723097410000037], [89.74320108600006, 22.723187408000058], [89.74550089000007, 22.723023784000077], [89.74762087400006, 22.722567069000036], [89.74965305200004, 22.72203100200005], [89.75108566600005, 22.72161440900004]]}, "properties": {"objectid": 87, "gid": 82, "id": 82, "gauge": "Broad gauge single", "length": 4080.527, "len_km": 4.08}}, {"type": "Feature", "id": 88, "geometry": {"type": "LineString", "coordinates": [[89.75108566600005, 22.72161440900004], [89.75384461000004, 22.720727185000044], [89.75461838300004, 22.72025734700003], [89.75596062300008, 22.718968591000078], [89.75660562600007, 22.71851539900007], [89.75797412300005, 22.71781781900006], [89.75940030300006, 22.71706836100003], [89.76117078600004, 22.716084083000055], [89.76189360600006, 22.715384895000057], [89.76214211600006, 22.714843547000044], [89.76251548700003, 22.71337789100005], [89.76287844200004, 22.712022957000045], [89.76418284200008, 22.707865127000048], [89.76491639600005, 22.704873366000072], [89.76486539600006, 22.70426989500004], [89.76460697600004, 22.703255811000076], [89.76207155300006, 22.695118285000035], [89.76173571500004, 22.693766178000033], [89.76171128800007, 22.692848979000075], [89.76192101900006, 22.69190799300003], [89.76267788600006, 22.690460966000046], [89.77000265400005, 22.68134829400003], [89.77341619100008, 22.677636232000054], [89.77500541300003, 22.676045502000022], [89.77842465300006, 22.67230195600007], [89.78196253700008, 22.66816267400003], [89.78376120400009, 22.665558429000043], [89.78446507700005, 22.66449739500007], [89.78530044200005, 22.662495231000037], [89.78577026100004, 22.661409741000057], [89.78626544400004, 22.660734596000054], [89.78686461200004, 22.660083722000024], [89.79063788600007, 22.65859226500004], [89.79378663800009, 22.657293004000053], [89.79698766300004, 22.655776523000043], [89.79860071200005, 22.655319974000065], [89.79995330600008, 22.655128580000053], [89.80135756100003, 22.655178598000077], [89.80231912700003, 22.655638372000055]]}, "properties": {"objectid": 88, "gid": 83, "id": 83, "gauge": "Broad gauge single", "length": 10101.497, "len_km": 10.1}}, {"type": "Feature", "id": 89, "geometry": {"type": "LineString", "coordinates": [[89.16657364600007, 23.215804740000067], [89.17011646700007, 23.210970103000022], [89.17358029000007, 23.20615080600004], [89.17696404700007, 23.201896402000045], [89.18168123400005, 23.194800427000075], [89.18622072200003, 23.188423225000065], [89.18796460000004, 23.186272114000076], [89.19085966000006, 23.18224628200005], [89.19123727000004, 23.181378718000076], [89.19150060300007, 23.180049574000066], [89.19197915300003, 23.177670011000032], [89.19278273600008, 23.17433790000007], [89.19331310600006, 23.17199004500003], [89.19390610200008, 23.169868575000066], [89.19504843700008, 23.165153290000035], [89.19521718900006, 23.164102628000023], [89.19628791000008, 23.162032906000036], [89.19695407600005, 23.161055932000068], [89.19799389300005, 23.160081284000057], [89.19877235900003, 23.15958332100007], [89.19980973800006, 23.159014967000076], [89.20231182500004, 23.15773699300007], [89.20574695600004, 23.156033464000075]]}, "properties": {"objectid": 89, "gid": 84, "id": 84, "gauge": "Broad gauge single", "length": 7976.092, "len_km": 7.98}}, {"type": "Feature", "id": 90, "geometry": {"type": "LineString", "coordinates": [[89.20574695600004, 23.156033464000075], [89.20403925300008, 23.15631166000003], [89.20287549800008, 23.15640138200007], [89.20193618300004, 23.15639468300003], [89.20052468700004, 23.15615046000005], [89.19866785300007, 23.155423994000046], [89.19670964000005, 23.154362375000062], [89.19001008100008, 23.150838519000047], [89.18727860500007, 23.149438193000037], [89.18141752500009, 23.146252918000073], [89.17690780300006, 23.14403053500007], [89.17076350000008, 23.140747789000045], [89.16257033300008, 23.136569602000066], [89.15633657800004, 23.13323803000003], [89.15079774500003, 23.130411882000033], [89.14635673500004, 23.128217635000055], [89.14458559700006, 23.127209954000023]]}, "properties": {"objectid": 90, "gid": 85, "id": 85, "gauge": "Temporarily closed", "length": 7103.894, "len_km": 7.1}}, {"type": "Feature", "id": 91, "geometry": {"type": "LineString", "coordinates": [[89.58828130900008, 22.80259182900005], [89.59010329500006, 22.803181179000035], [89.59115985500006, 22.803247097000053], [89.59262590400004, 22.80317184200004], [89.59556564000007, 22.80287936900004], [89.59953061800007, 22.802588873000047], [89.60354391200008, 22.80136919800003], [89.60707243400003, 22.80032656900005], [89.61574486600006, 22.79776188900007], [89.61908806900004, 22.796821814000054], [89.62073417600004, 22.796320087000026], [89.62190633400007, 22.79591741300004], [89.62342731100006, 22.795408705000057], [89.62698583800005, 22.79442283900005], [89.63147998100004, 22.793232364000062], [89.63243427300006, 22.793281970000066], [89.63758060700007, 22.793562374000032], [89.63850073300006, 22.793643469000074], [89.63906274400006, 22.793802758000027], [89.64103707400005, 22.79483431700004], [89.64309685700005, 22.795787035000046], [89.64420345600007, 22.796263556000042], [89.64549801300006, 22.796570188000032], [89.64644895500004, 22.79669829100004], [89.64771752800004, 22.796617103000074], [89.64916766900006, 22.796389314000066], [89.65073363900007, 22.79601944700005], [89.65235818900004, 22.79560777100005], [89.65381497800007, 22.795117858000026], [89.65891343500004, 22.793493889000047], [89.66031426200004, 22.792977846000042], [89.66319953800007, 22.792075657000055], [89.66438225100006, 22.791632211000035], [89.66687112000005, 22.79066404100007], [89.66902683700005, 22.789907914000025], [89.67017536800006, 22.789521017000027], [89.67359489800003, 22.788891758000034], [89.67636650700007, 22.788368030000072], [89.67858334900006, 22.787819453000054], [89.68098782500005, 22.787192213000026], [89.68378491100003, 22.78628128400004], [89.68518354900004, 22.78577839700006], [89.68777908500005, 22.784851899000046], [89.69189460400008, 22.783270308000056], [89.69341711800007, 22.78260393900007], [89.69619128300008, 22.78133040000006], [89.70062855700007, 22.779880664000075], [89.70191897900008, 22.779213777000052], [89.70395925000008, 22.777496512000027], [89.70563718600005, 22.776423951000027], [89.70641121200003, 22.776114629000062], [89.70811893400008, 22.77569524300003], [89.71084807500006, 22.77486617200003], [89.71305498000004, 22.774009213000056], [89.71523284300008, 22.77315217100005], [89.71591593000005, 22.772548038000025], [89.71649899000005, 22.771203851000053], [89.71653128100007, 22.76961654400003], [89.71676694100006, 22.76789507700005], [89.71708963300006, 22.76617376200005], [89.71955975200007, 22.757097850000036], [89.71996886500006, 22.755645724000033], [89.72008627700006, 22.754973317000065], [89.72007360800006, 22.754071993000025], [89.71987399300008, 22.75237665800006], [89.71984701300005, 22.75138114200007], [89.71982900200004, 22.748328895000043], [89.71989976800006, 22.745068756000023], [89.72001026200007, 22.74422818200003], [89.72065766400004, 22.740602609000064]]}, "properties": {"objectid": 91, "gid": 86, "id": 86, "gauge": "Broad gauge single", "length": 17492.115, "len_km": 17.49}}, {"type": "Feature", "id": 92, "geometry": {"type": "LineString", "coordinates": [[89.16657364600007, 23.215804740000067], [89.16471566300004, 23.21824923500003], [89.16342699400008, 23.219981097000073], [89.16270193900004, 23.222404874000063], [89.16268107300004, 23.225750962000063], [89.16278698200006, 23.22794230200003], [89.16292545100004, 23.23080727200005], [89.16324874200006, 23.238356663000047]]}, "properties": {"objectid": 92, "gid": 87, "id": 87, "gauge": "Broad gauge single", "length": 2608.898, "len_km": 2.61}}, {"type": "Feature", "id": 93, "geometry": {"type": "LineString", "coordinates": [[88.80391187300006, 23.54049248800004], [88.80461191100005, 23.53899292600005], [88.80632112100005, 23.535827488000052], [88.80860619200007, 23.53301167500007], [88.81098371500008, 23.529946447000043], [88.81829905800004, 23.520501823000075], [88.82287026900008, 23.51461968600006], [88.82693552400008, 23.509691584000052], [88.83187287200008, 23.50322875300003], [88.83607557300007, 23.49801011900007], [88.83845400500007, 23.494694339000034], [88.84084970200007, 23.49246080900008], [88.84220639500006, 23.492080841000075], [88.84457702000003, 23.49182539900005], [88.84969547300005, 23.491707244000054], [88.85405101600008, 23.491778341000042], [88.85663105300006, 23.49175828700004], [88.86310246400006, 23.49168861900006], [88.87177297800008, 23.491634619000024], [88.88018943400004, 23.49161731600003], [88.88479975700005, 23.49157236700006], [88.89224388100007, 23.491508445000022], [88.89558516700004, 23.491493155000057], [88.89702629600004, 23.491113303000077], [88.89838413300004, 23.490576825000062], [88.90105910100004, 23.48930851500006], [88.90487874100006, 23.487697152000067], [88.91205225600004, 23.484509891000073], [88.91863054600003, 23.48166921400008], [88.92516627700007, 23.478827957000078], [88.92987713600007, 23.476754028000073], [88.93289045900008, 23.475409461000027], [88.93777085000005, 23.473258432000023], [88.94282022700008, 23.471108392000076], [88.94731758600005, 23.469227501000034], [88.95525362500007, 23.465614257000027], [88.96183011300008, 23.462771683000028], [88.96564799600009, 23.461197775000073], [88.96874670300008, 23.459658025000067], [88.97036399000007, 23.458303475000037], [88.97190030600007, 23.456480292000037], [88.97778907500003, 23.449497766000036], [88.98311773100005, 23.44282615900005], [88.98712866500006, 23.43801856400006], [88.99337309800006, 23.430516555000054], [88.99993468900004, 23.422724990000063], [89.00249176700004, 23.419895234000023], [89.00406274300008, 23.41896908700005], [89.00771359500004, 23.41688593300006], [89.01068283000006, 23.415500505000068], [89.01250238300008, 23.41523896600006], [89.01554654500006, 23.41514115800004], [89.02497946600005, 23.414225131000023], [89.02607814400005, 23.414270991000024], [89.02738844800007, 23.41427915400004], [89.04117342400008, 23.41358421600006], [89.05233853600004, 23.41275516500008], [89.05322671300007, 23.412682534000055], [89.05457955600008, 23.412651718000063], [89.06007656400004, 23.412372824000045], [89.06269688400005, 23.41242757300006], [89.06493570300006, 23.412636027000076], [89.06822876900009, 23.413201809000043], [89.07097319600007, 23.41364723600003], [89.07557501200006, 23.414454688000035], [89.08000808400004, 23.415222003000054], [89.08321943900006, 23.415396913000052], [89.08613840500004, 23.415062945000045], [89.09172402000007, 23.414198337000073], [89.09722529700008, 23.413294034000046], [89.10319277000008, 23.41219717000007], [89.10603102500005, 23.411277244000075], [89.11056516000008, 23.409586768000054], [89.11658215000006, 23.40735843300007], [89.12039672800006, 23.40578061900004], [89.12281336100006, 23.404662967000036], [89.12408775700004, 23.40369491100006], [89.12558858300008, 23.401605492000044], [89.12937391200006, 23.39696610200008], [89.13285309200006, 23.392641024000056], [89.13363497300008, 23.391499536000026], [89.13427752100006, 23.39017681300004], [89.13488438200005, 23.387839675000066], [89.13478065300006, 23.384289344000024], [89.13474396600003, 23.383430958000076], [89.13485457000007, 23.37941371100004], [89.13507927600006, 23.37734751100004], [89.13577739800007, 23.37395764200005], [89.13747258600006, 23.366672425000047], [89.13907501600005, 23.36063493900008], [89.13977394100004, 23.357089011000028], [89.13987328000007, 23.354788056000075], [89.14024093900008, 23.35018707000006], [89.14042350100004, 23.348081612000044], [89.14061861100004, 23.34402579400006], [89.14111344100007, 23.33934748000007], [89.14125297100009, 23.337358807000044], [89.14149177800005, 23.333069169000055], [89.14178032400008, 23.327609541000072], [89.14222853500007, 23.32359410400005], [89.14270319000008, 23.322036355000023], [89.14317983400008, 23.320166545000063], [89.14386690900005, 23.31841490900007], [89.14544645500007, 23.315809944000023], [89.14779143100003, 23.31238994200004], [89.15123185900006, 23.307231305000073], [89.15446011600005, 23.302552310000067], [89.15619860700008, 23.29998620600003], [89.15708775100006, 23.298789648000024], [89.15752950800004, 23.297673476000057], [89.15773630000007, 23.296737260000043], [89.15774440700005, 23.29544956700005], [89.15771508300008, 23.293593556000076], [89.15776776600006, 23.291737984000065], [89.15765262400004, 23.290487504000055], [89.15746668600008, 23.287456537000025], [89.15736203800003, 23.28453963000004], [89.15753557200009, 23.283025576000057], [89.15820323900004, 23.28117330300006], [89.15967597000008, 23.276292823000063], [89.16101282200003, 23.271852945000035], [89.16195883900008, 23.269127364000042], [89.16338168500005, 23.26441485400005], [89.16502447100004, 23.25901514900005], [89.16531755100004, 23.258031963000064], [89.16735675500007, 23.253119061000064], [89.16714249700004, 23.25035254200003], [89.16710688200004, 23.250245879000033]]}, "properties": {"objectid": 93, "gid": 90, "id": 90, "gauge": "Broad gauge single", "length": 56788.971, "len_km": 56.79}}, {"type": "Feature", "id": 94, "geometry": {"type": "LineString", "coordinates": [[89.16324874200006, 23.238356663000047], [89.16324169200004, 23.23948725500003], [89.16352600300007, 23.241283193000072], [89.16435742100003, 23.243355105000035], [89.16539848700006, 23.245662183000036], [89.16643789000005, 23.248242308000044], [89.16714249700004, 23.25035254200003]]}, "properties": {"objectid": 94, "gid": 91, "id": 91, "gauge": "Broad gauge single", "length": 1396.681, "len_km": 1.4}}, {"type": "Feature", "id": 95, "geometry": {"type": "LineString", "coordinates": [[88.79314460200004, 23.502705451000054], [88.79375241600007, 23.50502176300006], [88.79463273300007, 23.508679433000054], [88.79631326100008, 23.513653847000057], [88.79808182200009, 23.520126710000056], [88.79985733400008, 23.525850715000047], [88.80172434000008, 23.532698743000026], [88.80309403400008, 23.538419587000078]]}, "properties": {"objectid": 95, "gid": 92, "id": 92, "gauge": "Broad gauge double", "length": 4084.184, "len_km": 4.08}}, {"type": "Feature", "id": 96, "geometry": {"type": "LineString", "coordinates": [[89.22459517900006, 23.869040722000022], [89.24192481300008, 23.860607275000064], [89.25094103400005, 23.856351928000038], [89.26317323600006, 23.850401513000065], [89.27403368300008, 23.845252190000053], [89.28060418200005, 23.84209136000004], [89.29079650400007, 23.837311560000046], [89.30160785800007, 23.83192719400006], [89.30900568700008, 23.828320234000046], [89.31663496800007, 23.824687453000024], [89.32508157400008, 23.82064065800006], [89.33152979300007, 23.817501580000055], [89.33820466000003, 23.81432198500005], [89.33999278400006, 23.81342916400007]]}, "properties": {"objectid": 96, "gid": 93, "id": 93, "gauge": "Broad gauge single", "length": 13266.232, "len_km": 13.27}}, {"type": "Feature", "id": 97, "geometry": {"type": "LineString", "coordinates": [[89.03435090800008, 23.863533940000025], [89.04263014000009, 23.86680351900003], [89.05764466900007, 23.872830777000047], [89.07007285900005, 23.87770682100006], [89.08995928900003, 23.885564187000057], [89.09535039900004, 23.887746841000023], [89.10159727400008, 23.890244989000053], [89.10431275600007, 23.89162557000003], [89.10791335700009, 23.894057711000073], [89.11075537500005, 23.896583512000063], [89.11261252100007, 23.898697310000045], [89.11575574100004, 23.90269069900006], [89.11750324700006, 23.904752203000044]]}, "properties": {"objectid": 97, "gid": 94, "id": 94, "gauge": "Broad gauge single", "length": 9766.415, "len_km": 9.77}}, {"type": "Feature", "id": 98, "geometry": {"type": "LineString", "coordinates": [[89.03435090800008, 23.863533940000025], [89.03502309700008, 23.863971225000057], [89.03583055500008, 23.865125775000024], [89.03629412500004, 23.86652465900005], [89.03628607800005, 23.86761199600005], [89.03606290500005, 23.868608868000024], [89.03559404300006, 23.869951110000045], [89.03469005400007, 23.871950022000078], [89.03352280300004, 23.874633052000036], [89.03045848400006, 23.881682546000036], [89.02988852700008, 23.883103256000027], [89.02777205500007, 23.888022200000023], [89.02562619400004, 23.892449842000076], [89.02263853400007, 23.897967770000037]]}, "properties": {"objectid": 98, "gid": 95, "id": 95, "gauge": "Broad gauge double", "length": 4159.461, "len_km": 4.16}}, {"type": "Feature", "id": 99, "geometry": {"type": "LineString", "coordinates": [[89.09509236400004, 23.887642378000066], [89.09535039900004, 23.887746841000023], [89.09913870700007, 23.889261840000074], [89.10144372900004, 23.89018359100004], [89.10159727400008, 23.890244989000053], [89.10369789400005, 23.891312974000073], [89.10431275600007, 23.89162557000003], [89.10697337400006, 23.89342278600003], [89.10791335700009, 23.894057711000073], [89.10982203500004, 23.895754037000074], [89.11075537500005, 23.896583512000063], [89.11096252900006, 23.89681930000006], [89.11219851800007, 23.898226101000034], [89.11261252100007, 23.898697310000045], [89.11575574100004, 23.90269069900006], [89.11584222800008, 23.902792728000065], [89.11750324700006, 23.904752203000044], [89.11775119000004, 23.905044691000057], [89.11861926200004, 23.906068705000052], [89.12038688500007, 23.90728036200005], [89.12245345300005, 23.90802641600004], [89.12508315300005, 23.908028156000057], [89.12796897300007, 23.90738863200005], [89.13578124300005, 23.90537745300003], [89.14394089400008, 23.90319305500003], [89.14752568300008, 23.902288376000058], [89.14945427400005, 23.901534296000023], [89.15065641300004, 23.900561092000032], [89.15115467000004, 23.899894678000067], [89.15158346600003, 23.89830212800007], [89.15155406500008, 23.89683219400007], [89.15133135500008, 23.895110257000056], [89.15064897600007, 23.89213109900004], [89.15061841500005, 23.89084040000006], [89.15097820200003, 23.889480157000037], [89.15254822500003, 23.887875646000055], [89.15403254300008, 23.887453636000032], [89.15808907600007, 23.887189099000068], [89.16218458400004, 23.886924667000073], [89.16709903800006, 23.88662871200006], [89.17470472500008, 23.88616781500008], [89.18613139700005, 23.88561274700004], [89.18784764900005, 23.88555662300007], [89.19011112800007, 23.88521006800005], [89.19265128700005, 23.88425550900007], [89.19785110700008, 23.881916704000048], [89.20445969600007, 23.878688794000027], [89.21196677000006, 23.87510670900008], [89.21538844400004, 23.873474146000035], [89.21982129900005, 23.871339651000028], [89.22459517900006, 23.869040722000022]]}, "properties": {"objectid": 99, "gid": 96, "id": 96, "gauge": "Broad gauge single", "length": 15963.658, "len_km": 15.96}}, {"type": "Feature", "id": 100, "geometry": {"type": "LineString", "coordinates": [[89.02263853400007, 23.897967770000037], [89.01052827900008, 23.920460003000073], [89.00793738300007, 23.92532281000007], [89.00555058300006, 23.929738499000052], [89.00333842100008, 23.933812395000075], [89.00172189500006, 23.936914226000056], [89.00035744300004, 23.93943372900003], [88.99988823500007, 23.94025200300007], [88.99870481900007, 23.942351518000066], [88.99780260500006, 23.94461675900004], [88.99732469900005, 23.946963828000037], [88.99712100000005, 23.948964242000045], [88.99698882500007, 23.955214424000076], [88.99692679200007, 23.963232181000024], [88.99684171100006, 23.97607649300005], [88.99686618600003, 23.985888325000076], [88.99690918900006, 23.99145382300003], [88.99678365300008, 23.998389737000025], [88.99679469200004, 24.006223299000055], [88.99664567900004, 24.010627011000054], [88.99634998800008, 24.013579115000027], [88.99497138100008, 24.02100792400006], [88.99350747700004, 24.02830427400005], [88.99261866700004, 24.03266347700003], [88.99253281900008, 24.035629374000052], [88.99270345200006, 24.03750395800006], [88.99300210200005, 24.045827866000025], [88.99339751300005, 24.05048722500004]]}, "properties": {"objectid": 100, "gid": 97, "id": 97, "gauge": "Broad gauge double", "length": 17517.687, "len_km": 17.52}}, {"type": "Feature", "id": 101, "geometry": {"type": "LineString", "coordinates": [[88.99339751300005, 24.05048722500004], [88.99393895600008, 24.052176709000037], [88.99468906200008, 24.053853743000047], [88.99572316800004, 24.055432577000033], [88.99746149600008, 24.05721111200006], [88.99856091600003, 24.05796560400006], [89.00022056500006, 24.05874117700006], [89.00195997400004, 24.05930217300005], [89.01254625000007, 24.062241356000072], [89.02448802700007, 24.065192859000035], [89.03371221100008, 24.067693787000053]]}, "properties": {"objectid": 101, "gid": 98, "id": 98, "gauge": "Broad gauge double", "length": 4739.864, "len_km": 4.74}}, {"type": "Feature", "id": 102, "geometry": {"type": "LineString", "coordinates": [[88.99339751300005, 24.05048722500004], [88.99355918400005, 24.052560165000045], [88.99481881100007, 24.05722015400005], [88.99768035600005, 24.071065609000073], [88.99785889600008, 24.07581407200007], [88.99762933800008, 24.085017035000078], [88.99730063600003, 24.08729364000004], [88.99660908500005, 24.088755424000055], [88.99544741400007, 24.090356598000028], [88.99368343800006, 24.091821930000037], [88.98084045600007, 24.10096764800005], [88.97819694100008, 24.102796154000032], [88.97721589200006, 24.103317064000066], [88.97557359300004, 24.103886285000044], [88.97448012000007, 24.10408994000005], [88.96160474800007, 24.10571514800006], [88.95570167200003, 24.10646353100003], [88.94585026000004, 24.107686338000065], [88.93846100300004, 24.108674708000024], [88.93373132200009, 24.109179462000043], [88.93257458000005, 24.109130422000078], [88.93165777700005, 24.10880753300006], [88.93088799900005, 24.108263455000042], [88.92972838000009, 24.106821515000036], [88.92834164600004, 24.104517680000072], [88.92726586000003, 24.102395244000036]]}, "properties": {"objectid": 102, "gid": 99, "id": 99, "gauge": "Broad gauge double", "length": 12392.94, "len_km": 12.39}}, {"type": "Feature", "id": 103, "geometry": {"type": "LineString", "coordinates": [[90.86408513500004, 23.989936725000064], [90.86164220200004, 23.988620771000058], [90.85997630800006, 23.987532221000038], [90.85725281000003, 23.986217246000024], [90.85561668600008, 23.985117864000074], [90.85265015800007, 23.98352703100005], [90.85071212200006, 23.98237384600003], [90.84744192100004, 23.980452037000077], [90.84477757100007, 23.978914804000055], [90.84181095300005, 23.977268327000047], [90.83860482800009, 23.975509697000064], [90.83478752800005, 23.973260593000077], [90.83103345500007, 23.97106392300003], [90.82619130400008, 23.968485033000036], [90.82225585700007, 23.966178263000074], [90.81983440800008, 23.964805558000023], [90.81839984400006, 23.963932358000022], [90.81624659000005, 23.962724992000062], [90.81409360200007, 23.961553441000035], [90.81329657400005, 23.961071341000036], [90.81190343100008, 23.96013646600005], [90.80958799300004, 23.958458488000076], [90.80692333700006, 23.95653672000003], [90.80511757700003, 23.95523924400004], [90.80336062500004, 23.953973636000057], [90.80148205500006, 23.95254236200003], [90.79960352800003, 23.95111106400003], [90.79796832600005, 23.950011037000024], [90.79663538000005, 23.949020278000035], [90.79542409100009, 23.948195156000054], [90.79371802900005, 23.94689069800006], [90.79128874700007, 23.94511082200006], [90.78906331000007, 23.943572122000035], [90.78639770500007, 23.94159042800004], [90.78409602100004, 23.939939389000074], [90.78179473100005, 23.93834373900006], [90.77991828800003, 23.937189312000044], [90.77804221200006, 23.93609028700007], [90.77646867700008, 23.935155990000055], [90.77526194800004, 23.935051230000056], [90.77447569000003, 23.93466720600003], [90.77351051000005, 23.934616641000048], [90.77163748700008, 23.934016362000023], [90.76886027100005, 23.933476014000064], [90.76566030600009, 23.932826869000053], [90.76131170400004, 23.931684507000057], [90.75793725800008, 23.931584917000066], [90.75497232100008, 23.931456119000075], [90.75048476300003, 23.931210897000028], [90.74771641500007, 23.931204809000064], [90.74484706200008, 23.931221710000045], [90.74242228000008, 23.930930706000026], [90.73886065500005, 23.93081746100006], [90.73644483000004, 23.930703985000036], [90.73449915800006, 23.930713297000068], [90.73324836700004, 23.930719270000054], [90.73137118900007, 23.930638197000064], [90.72942052000008, 23.930539923000026], [90.72747065600004, 23.930585015000077], [90.72614441000007, 23.930555439000045], [90.72454515600003, 23.93052713900005], [90.72290610200008, 23.930355615000053], [90.72118944700009, 23.930256135000036], [90.71904437700005, 23.93026618700003], [90.71736732100004, 23.930274025000074], [90.71588875800006, 23.930345972000055], [90.71432502000005, 23.930252348000067], [90.71249156400006, 23.930189163000023], [90.71061930300004, 23.930161983000062], [90.70917645000009, 23.930204497000034], [90.70817580100004, 23.930192610000063], [90.70630644000005, 23.93020121400008], [90.70391087400003, 23.930157009000027], [90.70160979100007, 23.93016753200004], [90.70004896100005, 23.930031255000074], [90.69822417600005, 23.92990558300005], [90.69575899900008, 23.930086587000062], [90.69388712100005, 23.930130899000062], [90.69221005800006, 23.93013846300005], [90.68866016100009, 23.930011017000027], [90.68589067700003, 23.929951705000065], [90.68335106500007, 23.930006296000045], [90.68089848500006, 23.929973906000043], [90.67744829000009, 23.93001282700004], [90.67547727000004, 23.929997830000048], [90.67399069100009, 23.93004763500005], [90.67267008400006, 23.930189389000077], [90.67107212800005, 23.930411469000035], [90.66959154100005, 23.93070471900006], [90.66830577100006, 23.93096125900007], [90.66655234100006, 23.931291515000055], [90.66027459400004, 23.932562835000056]]}, "properties": {"objectid": 103, "gid": 110, "id": 110, "gauge": "Meter gauge single", "length": 22715.938, "len_km": 22.72}}, {"type": "Feature", "id": 104, "geometry": {"type": "LineString", "coordinates": [[90.52596591500009, 24.343063629000028], [90.52564711900004, 24.341666675000056], [90.52485363300008, 24.339016693000076], [90.52433937500007, 24.337656259000028], [90.52330890600007, 24.33445144700005], [90.52271290300007, 24.332230941000034], [90.52188012300007, 24.329509380000047], [90.52128505100006, 24.32750395100004], [90.52080868400003, 24.32582074100003], [90.52056999400008, 24.32485367000004], [90.52021364700005, 24.32381530600003], [90.51959748700006, 24.32186437300004], [90.51903065800008, 24.320002887000044], [90.51794845700005, 24.316419489000054], [90.51699539300006, 24.31332479200006], [90.51673677400004, 24.31223090900005]]}, "properties": {"objectid": 104, "gid": 111, "id": 111, "gauge": "Meter gauge single", "length": 3540.853, "len_km": 3.54}}, {"type": "Feature", "id": 105, "geometry": {"type": "LineString", "coordinates": [[89.20574695600004, 23.156033464000075], [89.21259069600006, 23.152697746000058], [89.21982333700004, 23.14910073300007], [89.22587627900003, 23.14607121800003], [89.22714702200005, 23.145336515000054], [89.22892244400003, 23.144484763000037], [89.23477991600004, 23.141669052000054], [89.24067685800009, 23.13868599700004], [89.24312570000006, 23.13755050700007], [89.24621011100004, 23.135987793000027], [89.25042122300005, 23.133976251000036], [89.25833278100004, 23.129177408000032], [89.26171523200009, 23.127070381000067], [89.26463129800004, 23.12539083200005], [89.26587384800007, 23.125014196000052], [89.26675003000008, 23.12495274400004], [89.27017865600004, 23.12467565000003], [89.27390017800008, 23.12466892300006], [89.27601943500008, 23.12465476400007], [89.28620223500008, 23.12458166400006], [89.29111279900008, 23.12453210500007], [89.30261323800005, 23.124535566000077], [89.31096107400003, 23.124476646000062], [89.32114828500005, 23.124507874000074], [89.32813474400007, 23.124383418000036], [89.33451886000006, 23.124243170000057], [89.33789140900006, 23.124257362000037], [89.33995875600004, 23.124289927000063], [89.34200254300004, 23.124215389000028], [89.34414723800006, 23.12371821100004], [89.34603150100008, 23.122738860000027], [89.34812618500007, 23.121455679000064], [89.34961663900003, 23.120529661000035], [89.35161329900006, 23.119127674000026], [89.35351353800007, 23.117950275000055], [89.35425734200004, 23.117441490000033], [89.35490602100003, 23.11689440200007], [89.35551509500004, 23.116210285000022], [89.35585709700007, 23.11569737900004], [89.35658148700008, 23.114066819000072], [89.35700508200006, 23.11194128300008], [89.35688259400007, 23.11053057600003], [89.35644990900005, 23.109142505000023], [89.35604261600008, 23.107850144000054], [89.35571102600005, 23.10694052100007], [89.35512492300006, 23.105217195000023], [89.35448955400005, 23.102991726000027], [89.35393012100008, 23.101101190000065], [89.35363229500007, 23.09983719300004], [89.35352159400009, 23.09881430200005], [89.35363778100003, 23.097395205000055], [89.35413681900008, 23.095700214000033], [89.35554312500005, 23.093387478000068], [89.35642726300006, 23.09199002300005], [89.35837787700007, 23.08929704600007], [89.36023000200004, 23.086799718000066], [89.36186279200007, 23.08448297700005], [89.36649441500003, 23.07772305700007], [89.37179881500003, 23.07015771500005], [89.37833120300007, 23.06103865700004], [89.38479960200004, 23.051923805000058], [89.38834766300005, 23.046692364000023], [89.39006561900004, 23.044076019000045], [89.39258608000006, 23.040444102000038], [89.40020122500005, 23.02965015600006], [89.40158315500008, 23.02756973700008], [89.40526311300005, 23.02222477600003], [89.40700399200006, 23.019793277000076], [89.40809359400004, 23.018650045000072], [89.41236665200006, 23.014502108000045], [89.42043223600007, 23.006405046000054], [89.42475452900004, 23.002362263000066], [89.43073982600004, 22.996451577000073], [89.43468308800004, 22.992430657000057], [89.44073318800008, 22.986352193000073], [89.44368783400006, 22.983566002000032], [89.44830208600007, 22.978945047000025], [89.45293180700008, 22.974520034000022], [89.46529026400003, 22.961922512000058], [89.47069944900005, 22.956844665000062], [89.47409440600006, 22.95334226700004], [89.47996967500006, 22.947620133000044], [89.48254109100003, 22.944908491000035], [89.48590909300003, 22.94154915400003], [89.48690256400005, 22.94045668800004], [89.48808347800008, 22.938317399000027], [89.48980563700007, 22.935533975000055], [89.49090730100005, 22.933557846000042], [89.49186789200007, 22.932031147000032], [89.49430673900008, 22.927961073000063], [89.49570935700007, 22.92551788700007], [89.49832547600005, 22.921491381000067], [89.50128667800004, 22.916203841000026], [89.50275083700006, 22.91379902400007], [89.50491120100008, 22.91009604800007], [89.50790350000005, 22.904521681000062], [89.50901370000008, 22.90270363700006], [89.51226431100008, 22.89736420500003], [89.51845396400006, 22.887033150000036], [89.52053106300008, 22.883286659000078], [89.52246457300004, 22.879993865000074], [89.52809421900008, 22.87087971400007], [89.52965144100006, 22.868135476000077], [89.53166602200008, 22.864248580000037], [89.53665173500008, 22.855920914000023], [89.53914147800003, 22.851928188000045], [89.54100622400006, 22.84860585800004], [89.54306646000003, 22.844775205000076], [89.54431105800006, 22.84279002900007], [89.54492664700007, 22.841729044000033], [89.55011482800006, 22.83309044400005], [89.55186957000006, 22.830384153000068], [89.55446832900003, 22.825819187000036], [89.55570098800007, 22.82212359500005], [89.55578633700009, 22.819362229000035], [89.55640639300003, 22.81660235000004], [89.55725306100004, 22.81462201200003], [89.55886287300007, 22.812856213000032], [89.56077681700003, 22.811516099000073], [89.56337953200006, 22.809752986000035], [89.56574899300006, 22.809263784000052], [89.56858008100005, 22.807713638000052], [89.57026538100007, 22.806160356000078], [89.57202259900004, 22.806023461000052], [89.57355265500007, 22.805248644000073], [89.57462418900008, 22.804543399000067], [89.57852570500006, 22.802571061000037], [89.58135543100008, 22.801374732000056], [89.58188792400006, 22.80208423700003], [89.58387422000004, 22.801947811000048]]}, "properties": {"objectid": 105, "gid": 100, "id": 100, "gauge": "Broad gauge single", "length": 56217.082, "len_km": 56.22}}, {"type": "Feature", "id": 106, "geometry": {"type": "LineString", "coordinates": [[90.97741576200008, 24.049702040000057], [90.97393924000005, 24.049401577000026], [90.97245079300006, 24.048729955000056], [90.97115456700004, 24.047662786000046], [90.97056258800006, 24.046806221000054], [90.96683918700006, 24.039588760000072], [90.96444217000004, 24.03483626600007], [90.96305526500004, 24.032048951000036], [90.96033580200003, 24.027281827000024], [90.95927658600004, 24.025154238000027], [90.95207519300004, 24.02243895400005], [90.94435772500003, 24.019511184000066]]}, "properties": {"objectid": 106, "gid": 101, "id": 101, "gauge": "Meter gauge single", "length": 5111.992, "len_km": 5.11}}, {"type": "Feature", "id": 107, "geometry": {"type": "LineString", "coordinates": [[90.99643650300004, 24.044912125000053], [90.99483962300008, 24.046399473000065], [90.99286683300005, 24.048742297000047], [90.99201524100005, 24.049679825000055], [90.99143192700006, 24.049970375000044], [90.98760516300007, 24.04981587800006], [90.98167217300005, 24.049889884000038], [90.97741576200008, 24.049702040000057]]}, "properties": {"objectid": 107, "gid": 102, "id": 102, "gauge": "Meter gauge double", "length": 2187.752, "len_km": 2.19}}, {"type": "Feature", "id": 108, "geometry": {"type": "LineString", "coordinates": [[90.95911750200008, 24.07914112000003], [90.96153752300006, 24.07718937900006], [90.96339766700004, 24.07531365600005], [90.96506657100008, 24.073976816000027], [90.96618966100004, 24.072750945000053], [90.96722954000006, 24.07084450900004], [90.96795249100006, 24.068330681000077], [90.96921173600003, 24.064451287000054], [90.96997257700008, 24.061793823000073], [90.97062247800005, 24.059961529000077], [90.97158357900008, 24.057983871000033], [90.97235298000004, 24.05647343100003], [90.97301147000007, 24.055788162000056], [90.97343438400009, 24.05492515700007], [90.97416687400005, 24.053701714000056], [90.97482155100005, 24.05251461100005], [90.97532278400007, 24.051686948000054], [90.97562829300006, 24.050788838000074], [90.97648191200005, 24.050102311000046], [90.97741576200008, 24.049702040000057]]}, "properties": {"objectid": 108, "gid": 103, "id": 103, "gauge": "Meter gauge single", "length": 3861.91, "len_km": 3.86}}, {"type": "Feature", "id": 109, "geometry": {"type": "LineString", "coordinates": [[89.75811785200005, 24.39827441500006], [89.76403324100005, 24.39897676700008], [89.77120931600007, 24.399441855000077], [89.77836009900005, 24.39947638700005], [89.78577263400007, 24.399056874000053], [89.79206334900005, 24.398372574000064], [89.79678227600004, 24.39767077500005]]}, "properties": {"objectid": 109, "gid": 104, "id": 104, "gauge": "Both (Meter & Broad)", "length": 3938.894, "len_km": 3.94}}, {"type": "Feature", "id": 110, "geometry": {"type": "LineString", "coordinates": [[89.79678227600004, 24.39767077500005], [89.80568358400006, 24.39594102800004], [89.81266543300006, 24.39538222500005], [89.81436614000006, 24.395246040000075], [89.81574188700006, 24.394878593000044], [89.81703820800004, 24.394341994000058], [89.81896464400006, 24.393089618000033], [89.82013219800007, 24.392147989000023], [89.82108194200003, 24.39119372700003], [89.82212714900004, 24.389783590000036], [89.82291068200004, 24.388981114000046], [89.82390743900004, 24.388287449000075], [89.82529441100007, 24.387848055000063], [89.82995420200007, 24.386562816000037], [89.83594493500004, 24.385135485000035], [89.84091725600007, 24.38417288100004], [89.84598604900003, 24.38376905000007], [89.85495647500005, 24.38347916400005], [89.85893605600006, 24.383363427000063], [89.85980890800005, 24.383222276000026], [89.86092043200006, 24.382866169000067], [89.86964987000005, 24.378510137000035], [89.87730884500007, 24.37444717900007], [89.88119209200005, 24.372388985000043], [89.88568716400005, 24.369412554000064], [89.88893703900004, 24.366917923000074], [89.89213967000006, 24.364075772000035], [89.89690766200005, 24.359975242000075], [89.90063170700006, 24.35676413300007], [89.90318846100007, 24.354749223000056], [89.90675041100008, 24.35238189200004], [89.90850560700005, 24.351384229000075], [89.91007115200006, 24.351026680000075], [89.91192349300007, 24.350908271000037], [89.91458447900004, 24.350909793000028], [89.91915009900003, 24.350977297000043], [89.92126306700004, 24.35086560800005], [89.92259367700007, 24.350675100000046], [89.92384614800005, 24.35026945000004], [89.92601232600003, 24.348764881000022]]}, "properties": {"objectid": 110, "gid": 105, "id": 105, "gauge": "Both (Meter & Broad)", "length": 14726.152, "len_km": 14.73}}, {"type": "Feature", "id": 111, "geometry": {"type": "LineString", "coordinates": [[89.92601232600003, 24.348764881000022], [89.92697795400005, 24.348096174000034], [89.93031869100008, 24.345301552000024], [89.93144090600003, 24.344417797000062], [89.93235447700005, 24.343414445000064], [89.93277220300007, 24.34276935500003], [89.93300735900004, 24.342052486000057], [89.93305999600005, 24.341168242000037], [89.93308654700007, 24.34028398600003], [89.93300885400004, 24.33920849200007], [89.93277491500004, 24.33763104700006], [89.93228053800004, 24.335288714000058], [89.92954904700008, 24.32185615000003], [89.92809255700007, 24.314566219000028], [89.92671475700007, 24.306774420000067], [89.92580456100006, 24.302352623000047], [89.92562275200004, 24.30108587500007], [89.92557119600008, 24.300058183000033], [89.92570230800004, 24.29881548700007], [89.92604202100006, 24.297596791000046], [89.92692968600005, 24.295780878000073], [89.93345446700005, 24.285100904000046], [89.93535956200003, 24.281851423000035], [89.93872575600005, 24.276332079000042], [89.94331789200004, 24.268877271000065], [89.94509200700008, 24.26593830300004], [89.94699652000008, 24.262688667000077], [89.94835299500005, 24.260633788000064], [89.95456134100004, 24.25004834400005], [89.95513510300003, 24.249259834000043], [89.95586522000008, 24.24859086400005], [89.95698632800008, 24.247945902000026], [89.95915014900004, 24.247157818000062], [89.97734600000007, 24.24078046900007], [89.98206411500007, 24.239108138000063], [89.98328925400006, 24.238582490000056], [89.98409734900008, 24.23798509100004], [89.98474905200004, 24.237339872000064], [89.98537471500003, 24.23643175500007], [89.98803381600004, 24.231126309000047], [89.99241301400008, 24.222666176000075], [89.99666132400006, 24.21456439800005], [90.00242043700007, 24.203236038000057], [90.00789197300008, 24.19276784400006], [90.00838698800004, 24.192050830000028], [90.00924676600005, 24.191214295000066], [90.01086209700009, 24.189875811000036], [90.02086607500007, 24.182179098000063], [90.03053017400003, 24.174481791000062], [90.03123340200005, 24.173740761000033], [90.03180633900007, 24.172904155000026], [90.03256148500003, 24.17149391600003], [90.03299214800006, 24.170823891000055]]}, "properties": {"objectid": 111, "gid": 106, "id": 106, "gauge": "Both (Meter & Broad)", "length": 24467.813, "len_km": 24.47}}, {"type": "Feature", "id": 112, "geometry": {"type": "LineString", "coordinates": [[90.50331830900006, 23.621702253000024], [90.50021219100006, 23.624620683000046], [90.49463214000008, 23.630782537000073], [90.48846152100003, 23.63745502100005], [90.47918488800008, 23.64751788800004], [90.47104687500007, 23.656304332000047], [90.46365490500006, 23.664288318000047], [90.44721649100006, 23.68207776400004], [90.44147374300007, 23.688274548000038], [90.43734392500005, 23.692903319000038], [90.43486562900006, 23.695600549000062], [90.43302084800007, 23.698877646000028], [90.43046994600007, 23.70357451900003], [90.42842800300008, 23.706997526000066], [90.42823047000007, 23.70866387700005], [90.42800969200005, 23.711906567000028], [90.42800429200008, 23.713930107000067], [90.42833231800006, 23.715012194000053], [90.42910750600004, 23.716391800000054], [90.42992425300008, 23.71807004300007], [90.43025206100003, 23.719077438000056], [90.43025598200006, 23.720272456000032], [90.43009850600004, 23.721729335000077], [90.43039458800007, 23.725425631000064], [90.43028159700003, 23.72807741400004], [90.42988855800007, 23.731925001000036], [90.42973376200007, 23.73420345200003], [90.42982481900003, 23.737228110000046], [90.42963140700004, 23.74010418000006], [90.42951876000006, 23.742867990000036], [90.42910392100003, 23.744622677000052], [90.42855432100004, 23.745642128000043], [90.42808251500009, 23.746297817000027], [90.42654562100006, 23.74735634700005], [90.42516491600009, 23.747869114000025], [90.42275694600005, 23.748275619000026], [90.41576888400004, 23.74916708300003], [90.40826737600008, 23.750095944000066], [90.39930524900007, 23.751319059000025], [90.39808238100005, 23.75183117800003], [90.39698031100005, 23.753106423000077], [90.39682507500004, 23.75401568600006], [90.39698725700003, 23.755396744000052], [90.39718386100003, 23.756174443000077], [90.39759663800004, 23.75848874600007], [90.39819245000007, 23.762046527000052], [90.39863581500003, 23.76495374700005], [90.39984385500009, 23.772476006000034], [90.40077994400008, 23.77775029600008], [90.40148564500004, 23.782901999000046], [90.40288766800006, 23.790105821000054], [90.40355317100006, 23.795332298000062], [90.40446353200008, 23.800968914000066], [90.40508590600007, 23.805336570000065], [90.40566355600004, 23.80835994200004], [90.40616318500008, 23.810195363000048], [90.40684836100007, 23.810821546000057], [90.40770276000006, 23.81145414300005], [90.40867894300004, 23.81208641300003], [90.40977737800006, 23.81286772800007], [90.41242092500005, 23.81446648700006], [90.41531034100007, 23.816205813000067], [90.41713194700009, 23.817400587000066], [90.42028876800003, 23.819724516000065], [90.42188469400008, 23.82069589200006], [90.42271740000007, 23.821566112000028], [90.42311494100005, 23.82229210500003], [90.42351343100006, 23.823308928000074], [90.42351971300008, 23.82414590700006]]}, "properties": {"objectid": 112, "gid": 107, "id": 107, "gauge": "Meter gauge single", "length": 28749.105, "len_km": 28.75}}, {"type": "Feature", "id": 113, "geometry": {"type": "LineString", "coordinates": [[90.50331830900006, 23.621702253000024], [90.50382250000007, 23.619410263000077], [90.50424511900007, 23.61642779300007], [90.50470648000004, 23.613263421000056], [90.50539841200003, 23.60849868100007], [90.50574841300005, 23.605395990000034]]}, "properties": {"objectid": 113, "gid": 108, "id": 108, "gauge": "Meter gauge single", "length": 1822.793, "len_km": 1.82}}, {"type": "Feature", "id": 114, "geometry": {"type": "LineString", "coordinates": [[89.86609443300006, 23.515836367000077], [89.86831064900008, 23.507239109000068], [89.87002749900006, 23.50093051300007], [89.87092528100004, 23.497220526000035], [89.87174389200004, 23.494926639000028], [89.87263925700006, 23.493636683000034], [89.87380645300004, 23.492633761000036], [89.87820148300005, 23.490217211000072], [89.88854586200006, 23.485492412000042], [89.89978433600004, 23.47970984600005], [89.90297261900008, 23.47849287300005], [89.91327494200004, 23.475899628000036], [89.91968945700006, 23.474182136000024], [89.92190550900006, 23.47330487100004], [89.92664924400003, 23.47015213900005], [89.94006271100005, 23.46117676700004], [89.94519441700004, 23.457557527000063]]}, "properties": {"objectid": 114, "gid": 109, "id": 109, "gauge": "Temporarily closed", "length": 11053.182, "len_km": 11.05}}, {"type": "Feature", "id": 115, "geometry": {"type": "LineString", "coordinates": [[90.58102086100007, 23.92808214100006], [90.57959875700004, 23.928050168000027], [90.57764490700004, 23.928020161000063], [90.57503147400007, 23.92795826300005], [90.57234035500005, 23.92796830900005], [90.56894712500008, 23.927962983000043], [90.56652917100007, 23.928007765000075], [90.56372104300004, 23.92801809100007], [90.56060576200008, 23.92805790700004], [90.55744661200004, 23.928069399000037], [90.55264428800007, 23.928004547000057], [90.55050412400004, 23.928058574000033], [90.54855387700007, 23.928029698000046], [90.54563099300003, 23.928577845000063], [90.54298079900008, 23.929053275000058], [90.54056385200005, 23.929348592000053], [90.53793540300006, 23.929774268000074], [90.53462052300006, 23.930229265000037], [90.53116940900009, 23.93063608400007], [90.52855384200006, 23.931226123000044], [90.52621968200003, 23.931549351000058], [90.52387565000004, 23.931779886000072], [90.52269535000005, 23.931988568000065]]}, "properties": {"objectid": 115, "gid": 112, "id": 112, "gauge": "Meter gauge single", "length": 5973.673, "len_km": 5.97}}, {"type": "Feature", "id": 116, "geometry": {"type": "LineString", "coordinates": [[90.48935242200008, 23.935571304000064], [90.48801186400004, 23.935762305000026], [90.48684280100008, 23.936052811000025], [90.48594569300008, 23.93605565100006], [90.48455964500005, 23.935997271000076], [90.48329984100008, 23.93592655200007], [90.48053653200003, 23.935838593000028], [90.47887021700006, 23.93567901800003], [90.47697368000007, 23.935832817000062], [90.47478745000006, 23.935301842000058], [90.47043270000006, 23.933367174000068], [90.46742448600008, 23.932014063000054], [90.46520158200008, 23.93097838400007], [90.46201240700003, 23.929568970000048], [90.45896052200004, 23.92818740100006], [90.45519113700004, 23.926489788000026], [90.45321820500004, 23.925641178000035], [90.45087399200008, 23.924465027000053], [90.44583517600006, 23.92225703200006], [90.43970270400007, 23.919514252000056], [90.43423668600008, 23.917139813000063], [90.43041255800006, 23.915507443000024]]}, "properties": {"objectid": 116, "gid": 113, "id": 113, "gauge": "Meter gauge single", "length": 6517.388, "len_km": 6.52}}, {"type": "Feature", "id": 117, "geometry": {"type": "LineString", "coordinates": [[90.51673677400004, 24.31223090900005], [90.51632319900006, 24.310531937000064], [90.51483138300006, 24.30618123800008], [90.51364993000004, 24.302187220000064], [90.50848179700006, 24.285067294000044], [90.50383874000005, 24.269571077000023], [90.49927363600005, 24.254819522000048], [90.49620366800008, 24.244330348000062], [90.49252611800006, 24.23137738500003], [90.48947695400005, 24.22225353300007], [90.48348356400004, 24.20176459100003], [90.48228840500008, 24.198178295000048], [90.47597216900004, 24.177088681000043], [90.47268621300003, 24.165555635000032], [90.46956088200005, 24.155043689000024], [90.46762427000004, 24.148793864000027], [90.46544938700004, 24.141774310000073], [90.46360671200006, 24.134847583000067], [90.46302009700008, 24.132930678000037], [90.46283431500007, 24.131601188000047], [90.46222069700008, 24.13031835000004], [90.45784581500004, 24.11601981900003], [90.45339332100008, 24.101910712000063], [90.45248447700004, 24.098902085000077], [90.45001137700007, 24.091724988000067], [90.44829416700009, 24.085972250000054], [90.44672632500004, 24.080693223000026], [90.44367532800004, 24.069854243000066], [90.44142374000006, 24.062260715000036], [90.43921268300005, 24.05502552100006], [90.43798855100005, 24.05094220600006], [90.43412036300003, 24.03837009600005], [90.43263274900005, 24.032983656000056], [90.42893115100009, 24.020297379000056], [90.42535695100008, 24.008783004000065], [90.42381565800008, 24.00309894000003], [90.42346314100007, 24.002705569000057], [90.42256148800004, 23.995484360000034], [90.42195767900006, 23.989821778000078], [90.42081266200006, 23.979697387000044], [90.42011269600005, 23.974411471000053], [90.41892479400008, 23.96299656900004], [90.41832710300008, 23.959126420000075], [90.41776464900005, 23.954073126000026], [90.41698360200007, 23.94774774900003], [90.41666105500008, 23.94448628600003], [90.41531856100005, 23.933322673000077], [90.41453708700004, 23.926782167000056], [90.41369542800004, 23.919686136000053], [90.41271355800006, 23.911389494000048], [90.41223273500003, 23.90733972700008], [90.41195180700004, 23.90483097500004], [90.41187097500006, 23.903934939000067], [90.41161041100008, 23.90169500500008], [90.41121048400004, 23.898541266000052]]}, "properties": {"objectid": 117, "gid": 117, "id": 117, "gauge": "Meter gauge single", "length": 47163.511, "len_km": 47.16}}, {"type": "Feature", "id": 118, "geometry": {"type": "LineString", "coordinates": [[90.48935242200008, 23.935571304000064], [90.49097268700007, 23.93482078100004], [90.49284298800006, 23.93431289800003], [90.49627082900008, 23.933118826000054], [90.49849363000004, 23.933004082000025], [90.50137865800008, 23.932672049000075], [90.50348443500008, 23.932557615000064], [90.50750151900007, 23.93247270100005], [90.50941198800007, 23.932287131000066], [90.51144030700004, 23.93231624400005], [90.51411661000003, 23.932124328000043], [90.51591984700008, 23.93202190100004], [90.51674361800008, 23.932008969000037], [90.51904496800006, 23.932039798000062], [90.52173105000008, 23.931930581000074], [90.52269535000005, 23.931988568000065]]}, "properties": {"objectid": 118, "gid": 118, "id": 118, "gauge": "Meter gauge single", "length": 3450.768, "len_km": 3.45}}, {"type": "Feature", "id": 119, "geometry": {"type": "LineString", "coordinates": [[90.86639569400006, 24.271614903000057], [90.86693681800006, 24.27067981500005], [90.86786433700007, 24.269061442000066], [90.86979653100008, 24.26568085300005], [90.87122569400003, 24.26309174000005], [90.87265896100007, 24.26111197800003], [90.87564536100007, 24.25754603300004], [90.87963901600006, 24.252647898000077], [90.88394315400006, 24.24746109000006], [90.88890457300005, 24.24126663100003], [90.89064433600004, 24.238460450000048], [90.89238627200007, 24.235976854000057], [90.89559455500006, 24.230760304000057], [90.89683164200005, 24.22878147700004], [90.89841684800007, 24.226280815000052], [90.89969369400006, 24.224409269000034], [90.90154900000005, 24.22142305600005], [90.90313541700004, 24.21911949300005], [90.90479817700003, 24.216564538000057], [90.90692431400004, 24.213218190000077], [90.90974558400006, 24.20870265900004], [90.91206509300008, 24.205104163000044], [90.91477068600005, 24.200858082000025], [90.91906013500005, 24.194057326000063], [90.92126369600004, 24.19071031800007], [90.92319489500005, 24.18754416200005], [90.92667221600004, 24.182038582000075], [90.92752280400003, 24.180778790000033], [90.92828744800005, 24.17844412900007], [90.92900365000008, 24.174819291000063], [90.92990426900008, 24.16968778000006], [90.93095226800006, 24.16333658800005], [90.93101663400006, 24.161436338000044], [90.93120452800008, 24.155018693000045], [90.93142411600007, 24.15297410900007], [90.93160073500007, 24.150392090000025], [90.93150207500008, 24.147560828000053], [90.93152451000003, 24.145266520000064], [90.93096748600004, 24.14387190800005], [90.92867252200006, 24.139835239000035], [90.92444359800004, 24.133014223000032], [90.92202980800005, 24.128691385000025], [90.91986514300004, 24.126410258000078], [90.91871606000007, 24.124122992000025], [90.91839131400008, 24.122404308000057], [90.91841860100004, 24.120755200000076], [90.91902712500007, 24.11845735600008], [90.92161693200006, 24.11467786000003], [90.92594853900005, 24.10873697900007], [90.93020760600007, 24.103620894000073]]}, "properties": {"objectid": 119, "gid": 119, "id": 119, "gauge": "Meter gauge single", "length": 21127.992, "len_km": 21.13}}, {"type": "Feature", "id": 120, "geometry": {"type": "LineString", "coordinates": [[90.40863668800006, 24.015890857000045], [90.41171325800008, 24.013958496000043], [90.41623134000008, 24.011078328000053], [90.41989284200008, 24.008881518000067], [90.42170893900004, 24.007693034000056], [90.42298493600003, 24.006305664000024], [90.42346935900008, 24.00460558000003], [90.42346314100007, 24.002705569000057]]}, "properties": {"objectid": 120, "gid": 120, "id": 120, "gauge": "Both (Meter & Broad)", "length": 2215.69, "len_km": 2.22}}, {"type": "Feature", "id": 121, "geometry": {"type": "LineString", "coordinates": [[90.54203793100004, 24.39584624500003], [90.54072740300006, 24.391441702000066], [90.53898200200007, 24.38599911700004], [90.53715529400006, 24.379803998000057], [90.53457671900009, 24.371604042000058], [90.53279018200004, 24.36555210100005], [90.53148060500007, 24.361219144000074], [90.52973365300005, 24.355202864000034], [90.52731393800008, 24.34732482000004], [90.52596591500009, 24.343063629000028]]}, "properties": {"objectid": 121, "gid": 121, "id": 121, "gauge": "Meter gauge single", "length": 6066.976, "len_km": 6.07}}, {"type": "Feature", "id": 122, "geometry": {"type": "LineString", "coordinates": [[90.42351917600007, 23.82414439200005], [90.42310339500006, 23.828124928000022], [90.42213311400008, 23.833712396000067], [90.42178883800005, 23.83572095900007], [90.42117230000008, 23.837909516000025], [90.42028186900006, 23.839776166000036], [90.41919629800003, 23.84157164000004], [90.41531369800003, 23.84631439800006], [90.41133365100006, 23.85114694600003], [90.40989715500007, 23.85297914100005], [90.40921117100004, 23.854002060000028], [90.40908543600005, 23.855168168000034], [90.40900214500004, 23.85666152700003], [90.40901929300009, 23.85893262700006], [90.40907874500004, 23.859527486000047], [90.40875489200005, 23.86765112100005], [90.40868727600008, 23.870949524000025], [90.40861380400008, 23.87553878500006], [90.40855169100007, 23.876269372000024], [90.40904339700006, 23.879242156000032], [90.40922846400008, 23.881882403000077], [90.40980940100008, 23.88706441200003], [90.40990911600005, 23.887735922000047], [90.41034943500006, 23.891355614000076], [90.41121048400004, 23.898541266000052]]}, "properties": {"objectid": 122, "gid": 122, "id": 122, "gauge": "Meter gauge single", "length": 8657.269, "len_km": 8.66}}, {"type": "Feature", "id": 123, "geometry": {"type": "LineString", "coordinates": [[90.82996262400007, 24.35171957400007], [90.82928319700005, 24.34953667600007], [90.82859866200005, 24.346565186000078], [90.82803270400007, 24.34377227500005], [90.82718824100004, 24.340263956000058], [90.82646585000003, 24.33747188800004], [90.82665170000007, 24.335965335000026], [90.82699799300008, 24.335067292000076], [90.82901070900004, 24.331722611000032], [90.83044023900004, 24.328954637000038], [90.83104981700006, 24.326442064000048], [90.83182681600005, 24.324092923000023], [90.83403160400007, 24.32176570000007], [90.83636228600005, 24.31924364100007], [90.83763976500006, 24.31719336200007], [90.83895325400005, 24.314676874000043], [90.84053956000008, 24.31201548000007], [90.84224267400003, 24.30928172800003], [90.84378902000003, 24.30651298400005], [90.84487377600004, 24.30492971800004], [90.84599595200007, 24.303095314000075], [90.84769716600005, 24.300110591000077], [90.84990078300007, 24.29622688300003], [90.85106192500007, 24.294392224000035], [90.85249800100007, 24.292735245000074], [90.85556991100003, 24.29006535700006], [90.85781584100005, 24.28671899400007], [90.85982508200004, 24.283087168000066], [90.86155325100003, 24.280137851000063], [90.86273922300006, 24.277922210000042], [90.86380462700004, 24.275824096000065], [90.86475998100008, 24.274304092000023], [90.86608295700006, 24.272601347000034], [90.86639569400006, 24.271614903000057]]}, "properties": {"objectid": 123, "gid": 123, "id": 123, "gauge": "Meter gauge single", "length": 10036.964, "len_km": 10.04}}, {"type": "Feature", "id": 124, "geometry": {"type": "LineString", "coordinates": [[90.93020760600007, 24.103620894000073], [90.93365382400003, 24.099549214000035], [90.93857193400004, 24.09385533300008], [90.94296315800005, 24.09092473800007], [90.95383808000008, 24.08297104500008], [90.95911992500004, 24.079138280000052]]}, "properties": {"objectid": 124, "gid": 124, "id": 124, "gauge": "Meter gauge single", "length": 4024.742, "len_km": 4.02}}, {"type": "Feature", "id": 125, "geometry": {"type": "LineString", "coordinates": [[90.94436761100008, 24.01951480400004], [90.94061645000005, 24.018152259000033], [90.93679090400008, 24.01666767000006], [90.93523060600006, 24.016023655000026], [90.93347638800003, 24.015424677000055], [90.93129862200004, 24.01466197900004]]}, "properties": {"objectid": 125, "gid": 125, "id": 125, "gauge": "Meter gauge single", "length": 1433.857, "len_km": 1.43}}, {"type": "Feature", "id": 126, "geometry": {"type": "LineString", "coordinates": [[90.03272504300008, 24.17090852800004], [90.03776864500009, 24.160785669000063], [90.04043256400007, 24.15539609800004], [90.04190781300008, 24.152563095000062], [90.04253263300006, 24.151583034000055], [90.04318362000004, 24.15098535900006], [90.04461577900008, 24.149694362000048], [90.04789670100007, 24.14696880100007], [90.05388515700008, 24.141589366000062], [90.06271079600003, 24.133842480000055], [90.06461113600005, 24.13212090500008], [90.09299031200004, 24.108768613000052], [90.09470797600005, 24.10754866800005], [90.09607457300007, 24.10697422000004], [90.10140494200004, 24.10569810900006], [90.11310027900004, 24.103054947000032], [90.12149562400003, 24.101148468000076], [90.12856316100005, 24.099565299000062], [90.12961722300008, 24.099134211000035], [90.13344378200009, 24.09830637600004], [90.13525880400005, 24.09731891200005], [90.13884862800006, 24.094340165000062], [90.15275729200005, 24.082514401000026], [90.16291891700007, 24.073846187000072], [90.16767749500008, 24.06982586400005], [90.16927726400007, 24.068963706000034], [90.17126784900006, 24.06838789300008], [90.17677179100008, 24.067270289000078], [90.18270493000006, 24.06600857600006], [90.19880619600008, 24.062851645000023], [90.21264688600007, 24.062564166000072], [90.22357839400007, 24.062082540000063], [90.23222637200007, 24.06194418700005], [90.23652006800006, 24.061328166000067], [90.24155500800003, 24.060424058000024], [90.24879507900005, 24.059139793000043], [90.25224195800007, 24.058515404000048], [90.25414126700008, 24.057768719000023], [90.25585693100004, 24.056654518000073], [90.26150575800006, 24.050586361000057], [90.26818600300004, 24.043279374000065], [90.27032859100007, 24.041124618000026], [90.27243388500005, 24.03983029500006], [90.27477427200006, 24.038965718000043], [90.28281464700007, 24.03841333500003], [90.29823247500008, 24.037702943000056], [90.32001552300005, 24.036654225000063]]}, "properties": {"objectid": 126, "gid": 126, "id": 126, "gauge": "Both (Meter & Broad)", "length": 34878.047, "len_km": 34.88}}, {"type": "Feature", "id": 127, "geometry": {"type": "LineString", "coordinates": [[90.32001552300005, 24.036654225000063], [90.32423453100006, 24.03657615900005], [90.32980934000005, 24.03635667700007], [90.33542991200005, 24.03608446000004], [90.34208865700003, 24.035776201000033], [90.34860310800008, 24.035571074000075], [90.35353966300005, 24.035404233000065], [90.35867333300007, 24.035225178000076], [90.36304467400004, 24.034999782000057], [90.36825540400008, 24.034826019000036], [90.37172890600004, 24.034602532000065], [90.37528056800005, 24.034414624000078], [90.37715434900008, 24.03444587100006], [90.37832518600004, 24.03437128400003], [90.37988531600007, 24.03393722800007], [90.38212626200004, 24.032730693000076], [90.38672373300005, 24.029851190000045], [90.39408662900007, 24.02510028300003], [90.40181949100008, 24.02025843200005], [90.40863827700008, 24.01588964000007]]}, "properties": {"objectid": 127, "gid": 127, "id": 127, "gauge": "Both (Meter & Broad)", "length": 9642.139, "len_km": 9.64}}, {"type": "Feature", "id": 128, "geometry": {"type": "LineString", "coordinates": [[90.44908993200005, 24.704252048000058], [90.44949586400008, 24.70371567500007], [90.45070169200005, 24.70180993500003], [90.45253365600007, 24.699018274000025], [90.45487566300005, 24.695342306000043], [90.45592688900007, 24.69379432100004], [90.45718381600005, 24.690700907000064], [90.45756848800005, 24.688548054000023], [90.45752731800007, 24.68554134200008], [90.45745424700004, 24.682065770000065], [90.45736870300004, 24.675169608000033], [90.45731738900008, 24.66937676300006], [90.45717551900003, 24.66358419100004], [90.45705411000006, 24.655115731000024], [90.45706019000005, 24.648495122000043], [90.45692509700007, 24.64455076300004], [90.45748702500003, 24.64137668400008], [90.45850558200004, 24.63927705900005], [90.45979594100004, 24.63723176800005], [90.46235193700005, 24.63465844800004], [90.46776449100008, 24.62926247200005], [90.47467976900003, 24.622344347000023], [90.47713686500003, 24.61985849100006], [90.48114333000007, 24.61586872600003], [90.48330776200004, 24.613710093000066], [90.48742539200003, 24.609448590000056], [90.49172443400005, 24.605351897000048], [90.49536091400006, 24.601643468000077], [90.49818646600005, 24.598930729000074], [90.50263356100004, 24.594309107000072], [90.50572933000007, 24.59134705200006], [90.50858225700006, 24.588054724000074], [90.51040761900003, 24.584352040000056], [90.51096526700007, 24.580515709000053], [90.51088166000005, 24.574778123000044], [90.51103770800006, 24.568625930000053], [90.51106750000008, 24.56109486300005], [90.51122454100005, 24.555190930000037], [90.51122339200003, 24.547466851000024], [90.51148472900007, 24.53753499100003], [90.51140720000006, 24.53328700000003], [90.51150591800007, 24.527879793000068], [90.51160820800004, 24.523355327000047], [90.51178063600008, 24.521258198000055], [90.51222510900004, 24.51932566200003], [90.51318104400008, 24.517115524000076], [90.51581645300007, 24.51269275900006], [90.51815175800004, 24.50865718500006], [90.52045767500005, 24.50484236500006], [90.52351077600008, 24.49948009600007], [90.52770207200007, 24.49240345000004], [90.53294077400005, 24.483612652000033], [90.53650072000005, 24.477172470000028], [90.53982247100004, 24.471505468000032], [90.54203641500004, 24.467635474000076], [90.54283004400008, 24.465825686000073], [90.54418935300004, 24.463627736000035], [90.54481884600006, 24.462825468000062], [90.54751160600006, 24.458236425000052], [90.54918632200008, 24.45522345100005], [90.55160993900006, 24.451187037000068], [90.55346528300004, 24.44817335700003], [90.55454088400006, 24.446045276000063], [90.55485872800006, 24.44512230600003], [90.55522022400004, 24.44289794900004], [90.55521019500009, 24.440608326000074], [90.55520463700003, 24.439339378000057], [90.55413463800005, 24.435839842000064], [90.55303360500005, 24.43211972000006], [90.55228211400004, 24.42995855600003], [90.55089295800008, 24.42489991000008], [90.54991790100007, 24.422393098000043]]}, "properties": {"objectid": 128, "gid": 128, "id": 128, "gauge": "Meter gauge single", "length": 34594.068, "len_km": 34.59}}, {"type": "Feature", "id": 129, "geometry": {"type": "LineString", "coordinates": [[90.54991790100007, 24.422393098000043], [90.54805102400007, 24.415696381000032], [90.54591226100007, 24.408779922000065], [90.54383316200006, 24.401670103000072], [90.54236642800004, 24.39682014600004], [90.54241878200008, 24.39582676200007]]}, "properties": {"objectid": 129, "gid": 129, "id": 129, "gauge": "Meter gauge single", "length": 3043.204, "len_km": 3.04}}, {"type": "Feature", "id": 130, "geometry": {"type": "LineString", "coordinates": [[90.64554608600008, 25.008313659000066], [90.64349324500006, 25.00386699300003], [90.64020809700008, 24.998949219000053], [90.63515485500005, 24.990984472000036], [90.62943014600006, 24.98386305300005], [90.62262638800007, 24.976017326000033], [90.61817165800005, 24.97051543500004], [90.61247363000007, 24.96353373200003], [90.60929578900004, 24.959847358000047], [90.60611843600003, 24.94686809600006], [90.60104142400007, 24.924908455000036], [90.59778010200006, 24.911386510000057], [90.59737375400005, 24.909958970000048]]}, "properties": {"objectid": 130, "gid": 130, "id": 130, "gauge": "Meter gauge single", "length": 12168.361, "len_km": 12.17}}, {"type": "Feature", "id": 131, "geometry": {"type": "LineString", "coordinates": [[90.00798901100006, 24.877444997000055], [90.01173497500008, 24.874338083000055], [90.01332932900004, 24.872895182000036], [90.01498124800008, 24.87185892900004], [90.01670200300003, 24.87102672900005], [90.01905941900009, 24.870021747000067], [90.02131361500005, 24.869409202000043], [90.03206997400008, 24.86791108700004], [90.04376306500006, 24.866144485000063], [90.04691417100008, 24.86558470800003]]}, "properties": {"objectid": 131, "gid": 152, "id": 152, "gauge": "Meter gauge single", "length": 4258.132, "len_km": 4.26}}, {"type": "Feature", "id": 132, "geometry": {"type": "LineString", "coordinates": [[90.58501103100008, 24.842612448000068], [90.58945581000006, 24.842985792000036], [90.59304050800006, 24.843401751000044], [90.60108895500008, 24.844029146000025], [90.61052139000003, 24.844879866000042], [90.62105432200008, 24.845811448000063], [90.62976344300006, 24.846520574000067], [90.63969920800008, 24.84739600000006], [90.64561100900005, 24.848030120000033], [90.64853467900008, 24.84818951400007], [90.65101836800005, 24.848350770000025], [90.65479467500006, 24.849280571000065], [90.65929966000004, 24.851296743000034], [90.66736240600005, 24.85444395600007], [90.67026099900005, 24.855750064000063], [90.67411124900008, 24.858657661000052], [90.67963363000007, 24.86267590700004], [90.68181228800006, 24.864472544000023], [90.68616773400004, 24.867692943000065], [90.68822211300005, 24.869719458000077], [90.69278569700003, 24.876379764000035], [90.69436351300004, 24.877462105000063], [90.70309155800004, 24.881063047000055], [90.71191440800004, 24.884663016000047], [90.71802784200008, 24.887185846000023], [90.72168171200008, 24.888401265000027], [90.72391510300008, 24.888619853000023], [90.72630334100006, 24.88843619800008], [90.73038581200007, 24.88767071500007], [90.73165236500006, 24.887292925000054], [90.73383915200009, 24.88685086600003], [90.73534999100008, 24.887158860000056], [90.73765664300004, 24.889126076000025], [90.74101023400004, 24.892665200000067], [90.74306488200006, 24.894518877000053], [90.74738736000006, 24.897049390000063], [90.75130146500004, 24.899610504000066], [90.75619039100008, 24.902166574000034], [90.76142237700003, 24.90423325100005], [90.76602516900005, 24.906216947000075], [90.76730336400004, 24.906920618000072], [90.76892472600008, 24.90732035900004], [90.77144096400008, 24.907450743000027], [90.77383090200004, 24.90749571400005], [90.77585437700003, 24.907152979000045], [90.77823265400008, 24.90749169000003], [90.78017367500007, 24.90778467000007], [90.78387080900006, 24.908490065000024], [90.78714260800007, 24.909289941000054], [90.78940918400008, 24.90970808800006], [90.79089462300004, 24.910026724000033], [90.79359540900003, 24.91037407400006], [90.79708570200006, 24.91038413700005], [90.80141697200008, 24.90915657900007], [90.80493066700006, 24.907933310000033], [90.80894828900006, 24.906850603000066], [90.81158449000009, 24.906090735000078], [90.81350071200006, 24.90582222300003], [90.81658496000006, 24.906264170000043], [90.82080547900006, 24.90735932700005], [90.82540375100007, 24.908509623000043], [90.82905999500008, 24.909837064000044], [90.83001273400004, 24.910353798000074], [90.83088785700005, 24.910457739000037], [90.83186025600008, 24.91010822100003], [90.83556539800009, 24.909341966000056], [90.83798312600004, 24.908840931000043], [90.84159522300007, 24.90827577300007], [90.84561250400003, 24.907192086000066], [90.84947348900005, 24.906252556000027], [90.85393158900007, 24.90528083600003], [90.85820315300003, 24.90462547800007], [90.86300735800006, 24.903708848000065], [90.86768312100008, 24.90242003900005], [90.87169815200008, 24.901077599000075], [90.87442711900007, 24.900172715000053], [90.87699966300005, 24.899383399000044], [90.87938435100006, 24.898709847000077], [90.88434105200008, 24.897189470000058], [90.88907694500006, 24.895584222000025], [90.89189584900004, 24.894104996000067], [90.89556948600006, 24.893452153000055], [90.89930200700007, 24.89225404800004], [90.90503783000008, 24.889868060000026], [90.91168485100008, 24.887447619000056], [90.91528938200008, 24.88599183200006], [90.92418711000005, 24.881922578000058], [90.93113410200004, 24.877692938000052], [90.93689009500008, 24.87398660100007], [90.94120794700007, 24.87135007300003], [90.94608634500008, 24.86805036100003], [90.94939913300004, 24.86556333900006], [90.95269288600008, 24.86471080700005], [90.95479910500006, 24.864754705000053], [90.95841703700006, 24.865190322000046], [90.96335325900009, 24.865387958000042], [90.97083304900008, 24.865282173000026], [90.97149553300005, 24.865593283000067], [90.97399869300006, 24.868157662000044], [90.97760789900008, 24.871460288000037], [90.98042335700006, 24.87373576500005]]}, "properties": {"objectid": 132, "gid": 131, "id": 131, "gauge": "Meter gauge single", "length": 43907.618, "len_km": 43.91}}, {"type": "Feature", "id": 133, "geometry": {"type": "LineString", "coordinates": [[90.59743547900007, 24.910014768000053], [90.59502106000008, 24.89993615800006], [90.59395494300009, 24.895456730000035], [90.59100817800004, 24.88313830100003], [90.58909564800007, 24.875019173000055], [90.58589874800003, 24.861552634000077], [90.58545764200005, 24.859200421000025], [90.58537616000007, 24.854941220000057], [90.58525289900007, 24.848328233000075], [90.58528900000005, 24.845755070000052], [90.58504134700007, 24.84252826000005]]}, "properties": {"objectid": 133, "gid": 132, "id": 132, "gauge": "Meter gauge single", "length": 7602.099, "len_km": 7.6}}, {"type": "Feature", "id": 134, "geometry": {"type": "LineString", "coordinates": [[90.58504134700007, 24.84252826000005], [90.58046079400003, 24.834790957000052], [90.57705783500006, 24.82961255200007], [90.57643667000008, 24.82810169000004], [90.57624710600004, 24.82695346500003], [90.57630992100007, 24.82061995600003], [90.57619045500007, 24.81470749400006], [90.57636288600008, 24.812156704000074], [90.57538920400003, 24.80742450500003], [90.57440707800004, 24.800842783000064], [90.57348929700004, 24.794877317000044], [90.57225588800009, 24.787007451000022], [90.57118446100009, 24.780958474000045], [90.57001312500006, 24.773172404000036], [90.56909118800007, 24.76619805200005], [90.56808850600004, 24.76169006500004], [90.56748418500007, 24.757597303000068]]}, "properties": {"objectid": 134, "gid": 133, "id": 133, "gauge": "Meter gauge single", "length": 9697.166, "len_km": 9.7}}, {"type": "Feature", "id": 135, "geometry": {"type": "LineString", "coordinates": [[90.56748418500007, 24.757597303000068], [90.56698098300006, 24.75435208400006], [90.56700493200003, 24.752866742000037], [90.56767385600006, 24.75149105400004], [90.56984036900008, 24.74876454200006], [90.57319717400009, 24.744632272000047], [90.57765444300009, 24.739626960000066], [90.57997253100007, 24.736591459000067], [90.58146880400005, 24.73501634200005], [90.58250621100007, 24.733751252000047], [90.58432554200004, 24.729092252000044], [90.58583555800004, 24.72393001200004], [90.58653073500005, 24.721685403000038], [90.58761697500006, 24.717785864000064], [90.58870473200005, 24.714222594000034], [90.59012183700008, 24.70894857600007], [90.59102737000006, 24.705806359000064], [90.59211427000008, 24.702102946000025], [90.59260287900008, 24.700172846000044], [90.59314121700004, 24.698708022000062], [90.59437858000007, 24.694415500000048], [90.59483444200004, 24.693516935000048], [90.59593285900007, 24.69227953400008], [90.59727704600004, 24.69112522000006], [90.59819311500007, 24.69025283700006], [90.60021865100003, 24.69046894300004], [90.60239958200003, 24.691104753000047], [90.60657163100007, 24.69117202600006], [90.61043735300007, 24.691324499000075], [90.61617446300005, 24.69152525100003], [90.62117541300006, 24.691728831000034], [90.62817060200007, 24.692007984000043], [90.63215891700008, 24.692131360000076], [90.63706745500008, 24.692250729000023], [90.64056499900005, 24.692375964000064], [90.64197456400007, 24.692089707000036], [90.64559003600004, 24.69128954400003], [90.64810251900008, 24.690746270000034], [90.65144185000008, 24.68994715900004], [90.65554737600007, 24.68903253600007], [90.65811787700005, 24.687872326000047], [90.66001087800004, 24.686210629000072], [90.66294207900006, 24.683675598000036], [90.67020762300007, 24.67722596400006], [90.67567188900006, 24.672437485000046], [90.67909041100006, 24.66939553000003], [90.68382135200005, 24.665226591000078], [90.68754522000006, 24.66201491700008], [90.69126858900006, 24.658747108000057], [90.69401514600008, 24.65632442800006], [90.69627345800006, 24.654352337000034], [90.70042753700005, 24.651418592000027], [90.70409238700006, 24.648767261000046], [90.70769623100006, 24.646200200000067], [90.71133106400003, 24.643716979000033], [90.71371279400006, 24.641968235000036], [90.71768272900005, 24.639146991000075], [90.72058373300007, 24.637087403000066], [90.72201911100007, 24.636099697000077], [90.72293390200008, 24.635226574000058], [90.72542774900006, 24.631711632000076], [90.72603687300006, 24.631008106000024], [90.72777920700008, 24.630102934000035], [90.73034276600004, 24.628072818000078], [90.73155879400008, 24.62630143100006], [90.73403520800008, 24.61987199300006], [90.73657317700008, 24.613526283000056], [90.73829397200006, 24.60900606900003], [90.74098428200006, 24.602575466000076], [90.74370265800007, 24.59575234700003], [90.74484926800005, 24.592692115000034]]}, "properties": {"objectid": 135, "gid": 134, "id": 134, "gauge": "Meter gauge single", "length": 28528.365, "len_km": 28.53}}, {"type": "Feature", "id": 136, "geometry": {"type": "LineString", "coordinates": [[90.79469810900008, 24.504412483000067], [90.79053030300008, 24.511667518000024], [90.78771448700007, 24.516922658000055], [90.78226405600003, 24.527123584000037], [90.77978073200006, 24.531760336000048], [90.77406518100008, 24.54389596900006], [90.76860006300006, 24.552050766000036], [90.76541189600005, 24.55683099500004], [90.75854996800007, 24.567290456000023], [90.75405493400007, 24.574010651000037], [90.74862522600006, 24.58339760000007], [90.74678170700008, 24.587778425000067], [90.74484926800005, 24.592692115000034]]}, "properties": {"objectid": 136, "gid": 135, "id": 135, "gauge": "Meter gauge single", "length": 11022.693, "len_km": 11.02}}, {"type": "Feature", "id": 137, "geometry": {"type": "LineString", "coordinates": [[90.79469810900008, 24.504412483000067], [90.79536584200008, 24.501301398000066], [90.79575756900005, 24.495414367000024], [90.79708835300005, 24.487897006000026], [90.79729052600004, 24.485962305000044], [90.79727533800008, 24.483552347000057], [90.79706883100005, 24.479938379000032], [90.79682924800005, 24.475932251000074], [90.79661305400003, 24.47354467300005], [90.79655984500005, 24.471362600000077], [90.79649830200003, 24.46883566100007], [90.79638183500003, 24.466597469000078], [90.79619733200008, 24.464131578000035], [90.79609475900008, 24.461391795000054], [90.79586897300004, 24.454695296000068], [90.79554469800007, 24.45181055100005], [90.79503886600008, 24.44926304300003], [90.79463122100003, 24.447723875000065], [90.79395481100005, 24.446031934000075], [90.79363439300005, 24.44498277200006], [90.79254787600007, 24.44257841700005], [90.79130169600006, 24.43910998100006], [90.78956058400007, 24.434803400000078], [90.78973272600007, 24.432952923000073], [90.79084379700004, 24.42950017800007], [90.79135051200007, 24.42731166300007], [90.79188712000007, 24.425010893000035], [90.79224231300003, 24.424125807000053], [90.79251675600005, 24.42290580300005], [90.79293089800007, 24.420605670000043], [90.79437635100004, 24.417345098000055], [90.79568115500007, 24.41501447400003], [90.80173695100007, 24.40948983100003], [90.80471146400004, 24.405578724000065], [90.80744507600008, 24.40231339500008], [90.81002661300005, 24.39921697500006], [90.81333831900008, 24.395472045000076], [90.81479546700007, 24.393642657000044], [90.81904733600004, 24.38863146800003], [90.82090029600005, 24.386519644000032], [90.82183906100005, 24.38500126100007], [90.82229871600003, 24.380374817000074], [90.82395648400006, 24.376498507000065], [90.82537048300009, 24.372791651000057], [90.82696614800005, 24.368803551000042], [90.82825633000004, 24.364901175000057], [90.82955466000004, 24.362259822000055], [90.82993572800007, 24.359707554000067], [90.83027467200009, 24.355390003000025], [90.83028827400005, 24.353257903000042], [90.82996263300004, 24.351718299000026]]}, "properties": {"objectid": 137, "gid": 136, "id": 136, "gauge": "Meter gauge single", "length": 18212.167, "len_km": 18.21}}, {"type": "Feature", "id": 138, "geometry": {"type": "LineString", "coordinates": [[90.56748418500007, 24.757597303000068], [90.56537202000004, 24.75642805600006], [90.56282354800004, 24.756121808000046], [90.55908210800004, 24.756250666000028], [90.55477477400007, 24.756410241000026], [90.54977563300008, 24.756572232000053], [90.54414769600004, 24.756765054000027], [90.53993415500008, 24.75680900900005], [90.53627412300006, 24.75704806400006], [90.53216851200006, 24.757152636000058], [90.52902445800004, 24.757278622000058], [90.52619485000008, 24.75740343800004], [90.51890008600003, 24.75757244400006], [90.51393227500006, 24.757733131000066], [90.51185709700007, 24.75779766100004], [90.50893300000007, 24.757893761000048], [90.50321057300005, 24.758085368000025], [90.50066404000006, 24.758237464000047], [90.49299181800006, 24.758406470000068], [90.48912430700005, 24.75850528500007], [90.48327613400005, 24.758725256000048], [90.47755361200007, 24.758915883000043], [90.47261733100004, 24.759132528000066], [90.46588827100004, 24.75926845600003], [90.46296451300003, 24.759478512000044]]}, "properties": {"objectid": 138, "gid": 137, "id": 137, "gauge": "Meter gauge single", "length": 10612.76, "len_km": 10.61}}, {"type": "Feature", "id": 139, "geometry": {"type": "LineString", "coordinates": [[90.42684685800003, 24.739512525000066], [90.43170937800005, 24.73173575000004], [90.43458506000007, 24.727943804000063], [90.43918584700003, 24.720814933000042], [90.44115734100006, 24.717727895000053], [90.44184653200006, 24.715771936000067], [90.44457922100008, 24.71153222600003], [90.44626285100009, 24.708813142000054], [90.44781976500008, 24.706415439000068], [90.44886766100007, 24.704632100000026], [90.44915361800008, 24.704193489000033]]}, "properties": {"objectid": 139, "gid": 138, "id": 138, "gauge": "Meter gauge single", "length": 4521.435, "len_km": 4.52}}, {"type": "Feature", "id": 140, "geometry": {"type": "LineString", "coordinates": [[90.46303149700003, 24.75939584300005], [90.45715168600003, 24.75970573400008], [90.45395448600004, 24.759423620000064], [90.45005446700009, 24.75923110100007], [90.44660160200004, 24.758949597000026], [90.44442761500005, 24.75878096100007], [90.44308358800004, 24.758318005000035], [90.44202536100005, 24.757328890000053], [90.44090065400007, 24.75561037400007], [90.43916484100004, 24.752784666000025], [90.43745943300007, 24.749491909000028], [90.43697429700006, 24.74870091400004], [90.43665311500007, 24.748249118000047], [90.43632967800005, 24.74768216800004], [90.43559513800005, 24.74643306200005], [90.43424478800006, 24.744102291000047], [90.43286667400008, 24.742968116000043], [90.42684685800003, 24.739512525000066]]}, "properties": {"objectid": 140, "gid": 139, "id": 139, "gauge": "Meter gauge single", "length": 4754.15, "len_km": 4.75}}, {"type": "Feature", "id": 141, "geometry": {"type": "LineString", "coordinates": [[90.42684685800003, 24.739512525000066], [90.42283693900004, 24.74442674200003], [90.41761647500005, 24.750069023000037], [90.41154098400006, 24.753770621000058], [90.40949185300008, 24.75479272800004], [90.40792775200003, 24.755209945000047], [90.40587547100006, 24.755279049000023], [90.40298971200008, 24.755795085000045], [90.40100903400008, 24.75649923900005], [90.39927327400005, 24.757647430000077], [90.39337091000004, 24.761379600000055], [90.38822391800005, 24.764650311000025], [90.38681182800008, 24.765661606000037], [90.38514181700003, 24.766610515000025], [90.38253734400007, 24.768205462000026], [90.37746467900007, 24.770505443000047], [90.37200862900005, 24.772647379000034], [90.36790840200007, 24.77446813800003], [90.36328771600006, 24.776830063000034], [90.35741651500007, 24.779988971000023], [90.35481113300006, 24.781488144000036], [90.35295857900007, 24.782446665000066], [90.35067198500008, 24.78336315000007], [90.34841560000007, 24.783949103000054], [90.34605095800003, 24.784494601000063], [90.34351266400006, 24.785167520000073], [90.34073059200006, 24.785777422000024], [90.33648925000006, 24.78721646100007], [90.33245660000006, 24.78839324300003], [90.32953603600004, 24.789582574000065], [90.32651153800003, 24.79070099300003], [90.32251386100006, 24.792297934000032], [90.31966379700003, 24.793638198000053], [90.31625938000008, 24.795964309000055], [90.31463252600008, 24.797087352000062], [90.31365468100006, 24.79806631200006], [90.31087700000006, 24.800613346000034], [90.30921033700008, 24.802141541000026], [90.30799503600008, 24.80325583900003], [90.30657183900007, 24.80475173800005], [90.30522937600006, 24.805996677000053], [90.30384533100005, 24.807481135000046], [90.30153613800007, 24.809145604000037], [90.29993679000006, 24.809815893000064], [90.29708524600005, 24.810806312000068], [90.29458154900004, 24.811732461000076], [90.29207803700007, 24.812753865000047], [90.28872661100007, 24.813891692000027], [90.28624106300003, 24.814732879000076], [90.28328487000005, 24.815885583000068], [90.28098242700008, 24.816678542000034], [90.27852316800005, 24.817615141000033], [90.27628937400004, 24.818438112000024], [90.27360427500008, 24.819368733000033], [90.27114216200005, 24.82032169300004], [90.26881627200004, 24.82116972400007], [90.26659224600007, 24.821986217000074], [90.26320113500003, 24.823187355000073], [90.26081991900008, 24.824004040000034], [90.25832372600007, 24.824964011000077], [90.25659646500009, 24.825468831000023], [90.25518318300004, 24.825853609000035], [90.25235889700008, 24.82642177200006], [90.24937145700005, 24.82669982400006], [90.24762635500008, 24.827128525000035], [90.24599148400006, 24.827703002000078], [90.24373196500005, 24.82926321000008], [90.24250156100004, 24.83015261500003], [90.24017401700007, 24.831781398000032], [90.23766313900006, 24.83343433400006], [90.23583309500003, 24.835086155000056], [90.23405565000007, 24.836881256000026], [90.23256587700007, 24.838484708000067], [90.23107571100007, 24.839896967000072], [90.23008267600005, 24.84106947300006], [90.22890721600004, 24.842744097000036], [90.22773220400006, 24.844681583000067], [90.22634776000007, 24.84669106900003], [90.22535549200006, 24.848341489000063], [90.22402343800007, 24.850398668000025], [90.22316724700005, 24.85162209200007], [90.22195863100006, 24.85354602900003], [90.22074863900008, 24.855412943000033], [90.21903449900003, 24.85817271600007], [90.21770232000006, 24.860277632000077], [90.21652705300005, 24.862262822000048], [90.21519466400008, 24.864296023000065], [90.21360118400008, 24.866855328000042], [90.21216436500004, 24.86915152200004], [90.21072733000005, 24.871352112000068], [90.20989070800005, 24.87233308200007], [90.20889697500007, 24.873362061000023], [90.20751015300004, 24.87431988800006], [90.20554737100008, 24.875517470000034], [90.20350576400006, 24.876595646000055], [90.19968449700008, 24.878799360000073], [90.19711840800005, 24.879615280000053], [90.19502257600004, 24.879618032000053], [90.19311242600008, 24.87946391400004]]}, "properties": {"objectid": 141, "gid": 140, "id": 140, "gauge": "Meter gauge single", "length": 29277.473, "len_km": 29.28}}, {"type": "Feature", "id": 142, "geometry": {"type": "LineString", "coordinates": [[89.69968497200006, 23.212469879000025], [89.70161063300009, 23.21222113500005], [89.70404219900007, 23.211962803000063], [89.70546358700005, 23.212419616000034], [89.70696215300006, 23.21306777800004], [89.70881570900008, 23.21391508000005], [89.71043677000006, 23.214656793000074], [89.71135713100006, 23.215497321000043], [89.71738639700004, 23.22161578400005], [89.72529925000003, 23.230010033000042], [89.73523601700003, 23.240321299000072], [89.73861277800006, 23.243740204000062], [89.74219566500005, 23.247468233000063], [89.74914610500008, 23.254828924000037], [89.75149149800006, 23.258265906000076], [89.75316877100005, 23.260610975000077], [89.75472033400007, 23.26271923400003], [89.75515437700005, 23.264151622000043], [89.75629535000007, 23.269030730000054], [89.75802986200006, 23.276417938000066], [89.75869114900007, 23.27932645100003], [89.75887557300007, 23.280936762000067], [89.75861208400005, 23.283565601000078], [89.75799097700008, 23.285028993000026], [89.75723024600006, 23.28604745900003], [89.75096977900006, 23.292492195000023], [89.74202264000007, 23.30150896500004], [89.73165195200005, 23.31197470400008], [89.72771034100003, 23.316110179000077], [89.72491012300009, 23.31878183200007], [89.71746353400005, 23.326486232000036], [89.71481657300006, 23.329018190000056], [89.71163041300008, 23.332873513000038], [89.70837118300005, 23.337018482000076], [89.70214696400006, 23.34566488400003], [89.69868573600007, 23.350182869000037], [89.69809644900005, 23.35132881800007], [89.69767963900006, 23.35250695900004], [89.69729502100006, 23.354704791000074], [89.69678285200007, 23.35820115200005], [89.69648441700008, 23.362095526000076], [89.69571586900008, 23.366140681000047], [89.69487408300006, 23.37200189600003], [89.69444254700005, 23.37557116100004], [89.69373321600006, 23.38001551700006], [89.69189641700007, 23.384887883000033], [89.68900308000008, 23.393020721000028], [89.68618598100005, 23.40161973100004], [89.68411414400003, 23.407065157000034], [89.68137687100005, 23.414516939000066], [89.67895175600006, 23.421288107000066], [89.67809247900004, 23.42315067000004], [89.67672842200005, 23.42486877500005], [89.67135336700005, 23.430199578000042], [89.66601718700008, 23.435351010000034], [89.66301737800006, 23.438427873000023], [89.66071313600008, 23.442976137000073], [89.65727576500007, 23.44985228300004], [89.65493188800008, 23.454543774000058], [89.65219704500004, 23.460058957000058], [89.64883765100006, 23.466504840000027], [89.64727519400003, 23.469441199000073], [89.64578916000005, 23.472843793000038], [89.64383161500007, 23.47810960700008], [89.64081730600003, 23.485990169000047], [89.63788038100006, 23.493870840000056], [89.63552881000004, 23.500820661000034], [89.63356815000003, 23.506910910000045], [89.63184237700005, 23.512356347000036], [89.63175733900005, 23.51497334100003], [89.63183201000004, 23.516084930000034], [89.63240825100007, 23.51859592900007], [89.63328911200006, 23.52343802200005], [89.63362824000006, 23.527346683000076], [89.63349070300006, 23.537002597000026]]}, "properties": {"objectid": 142, "gid": 141, "id": 141, "gauge": "Broad gauge single", "length": 42352.815, "len_km": 42.35}}, {"type": "Feature", "id": 143, "geometry": {"type": "LineString", "coordinates": [[89.49766614900005, 23.766926786000056], [89.50115588400007, 23.76708149700005], [89.50508180600008, 23.767266207000034], [89.51009856800005, 23.76742560200006], [89.51318246500006, 23.76777951500003], [89.51694922500008, 23.768881195000063], [89.51819376900005, 23.769430009000075], [89.52192474000003, 23.771822074000056], [89.52546896200005, 23.774184795000053], [89.52891971200006, 23.77657583100006], [89.53293076200003, 23.779197930000066], [89.53470469000007, 23.779920295000068], [89.53716511800008, 23.780415257000072], [89.53990788100003, 23.78039477300007], [89.54907216100008, 23.78004896300007], [89.55331160100008, 23.77983184200008], [89.55511955300005, 23.77975102100004], [89.55948373900009, 23.779505409000024], [89.56348569800008, 23.77932323300007], [89.56885813700006, 23.779157777000023], [89.57066620000006, 23.779055545000062], [89.57394790500007, 23.778656900000044], [89.57687986300004, 23.777947949000065], [89.58000108000005, 23.777364343000045], [89.58361888800005, 23.776515420000067], [89.58776464800007, 23.775510865000058], [89.59297297500007, 23.774348778000046], [89.60360742400007, 23.772053311000036], [89.61028158600004, 23.770435502000055], [89.61238373600008, 23.770204926000076], [89.61850996000004, 23.768825106000065], [89.62387735600004, 23.76771137000003], [89.63350383500006, 23.765534909000053], [89.64467694200005, 23.76286071000004], [89.65044575000007, 23.76149719500006], [89.65375072500007, 23.76084498000006], [89.65695510700004, 23.760491169000034], [89.65987040800007, 23.760389780000025], [89.66288264300005, 23.76034892200005], [89.66686630800007, 23.760512857000037], [89.66923874300005, 23.76076419000003], [89.67042284400009, 23.760795401000053], [89.67170057600003, 23.760769440000047], [89.67644053000004, 23.759460123000053], [89.68367479500006, 23.75755348900003], [89.69041129000004, 23.755215305000036], [89.69711612000003, 23.752991485000052], [89.70375879500006, 23.750595168000075], [89.71323825900004, 23.747515510000028], [89.71608215200007, 23.74641525000004], [89.71613857100004, 23.746373627000025], [89.71626327000007, 23.746345175000044]]}, "properties": {"objectid": 143, "gid": 142, "id": 142, "gauge": "Broad gauge single", "length": 23204.697, "len_km": 23.2}}, {"type": "Feature", "id": 144, "geometry": {"type": "LineString", "coordinates": [[89.49769753200007, 23.76686952700004], [89.49880078800004, 23.766442703000052], [89.49991191000004, 23.76616063000006], [89.50100509900005, 23.765761715000053], [89.50256728000005, 23.764705579000065], [89.50394442000004, 23.763132589000065], [89.50557526400007, 23.760384502000022], [89.50733349000006, 23.756891110000026], [89.50877647000004, 23.75434314900008], [89.51147487400004, 23.74936131000004], [89.51351332100006, 23.745840045000023], [89.51605441500004, 23.741173106000076], [89.51812429200004, 23.737508469000034], [89.52016405100005, 23.733528223000064], [89.52182481000006, 23.730923439000037], [89.52292504000008, 23.728230867000036], [89.52331620200005, 23.723471102000076], [89.52376796900006, 23.719170408000025], [89.52443578500004, 23.715415306000068], [89.52554080600004, 23.711346053000057], [89.52657962700005, 23.70833777000007], [89.52786697000005, 23.70550232000005], [89.52873149700008, 23.704296337000073], [89.52930639700008, 23.703671143000065], [89.53055581900009, 23.702699795000058], [89.53205369000005, 23.701929953000047], [89.53504917400005, 23.700447584000074], [89.53807594100005, 23.698907888000065], [89.54322431900005, 23.696313220000036], [89.54597018400005, 23.694887261000076], [89.55274036800006, 23.69155131900004], [89.55916733200007, 23.688300140000024], [89.56367778500004, 23.686171297000044], [89.56852345000004, 23.683692244000042], [89.57046080300006, 23.68250966900007], [89.57295657100008, 23.68119725100007], [89.57473748900009, 23.67942393800007], [89.57570912000006, 23.67750498500004], [89.57612081700006, 23.675383727000053], [89.57620502000003, 23.66858658700005], [89.57657324200005, 23.66061429800004], [89.57662820000007, 23.653214766000076], [89.57667004300004, 23.649887887000034], [89.57695589000008, 23.64813912900007], [89.57786856800004, 23.645101431000057], [89.57908951700006, 23.643011037000065], [89.58055931200005, 23.64097866800006], [89.58493557400004, 23.63542632000008], [89.58840427100006, 23.63127681000003], [89.59081155000007, 23.628013534000047], [89.59549815000008, 23.622490370000037], [89.60165483300005, 23.614504255000043], [89.60509218000004, 23.610067455000035], [89.60581349200004, 23.60826237400005], [89.60854121600005, 23.601615233000075], [89.61067317700008, 23.596371927000064], [89.61252158100007, 23.592246447000036], [89.61449376700006, 23.58832201900003], [89.61608521300008, 23.58686321400006], [89.62035861600003, 23.583460639000066], [89.62669055000003, 23.578342020000036], [89.63093188500005, 23.575082475000045], [89.63230556400003, 23.573479574000032], [89.63336827300003, 23.57178988100003], [89.63377924300005, 23.569467657000075], [89.63382483100008, 23.56424774900006], [89.63353356200008, 23.557076706000032], [89.63349217100006, 23.549562067000068], [89.63366275300007, 23.544141669000055], [89.63355118400005, 23.53949500300007], [89.63356244800008, 23.537062397000057]]}, "properties": {"objectid": 144, "gid": 143, "id": 143, "gauge": "Broad gauge single", "length": 31032.064, "len_km": 31.03}}, {"type": "Feature", "id": 145, "geometry": {"type": "LineString", "coordinates": [[89.63356215000005, 23.537169952000056], [89.63267352900004, 23.535088447000078], [89.63094008600007, 23.53341731200004], [89.62918141500006, 23.532355422000023], [89.62616200000008, 23.530176986000072], [89.62350769900007, 23.528249833000075], [89.62165294100004, 23.526995371000055], [89.61899557000004, 23.52517366400008], [89.61781122000008, 23.52429709300003], [89.61151564400006, 23.521395537000046], [89.61040934800008, 23.520820272000037], [89.60899249700003, 23.52028543600005], [89.60775394100006, 23.519754741000042], [89.60561588600007, 23.519605933000037], [89.59951052200006, 23.519913015000043], [89.59457081300008, 23.520473861000028], [89.58722017000008, 23.521099881000055], [89.58154229400003, 23.521443242000032], [89.57609676500005, 23.522073844000033], [89.57181777000005, 23.522671616000025], [89.56578773800004, 23.52365876400006], [89.55855213700005, 23.52467811500003], [89.55547847700007, 23.525242997000078], [89.55411648900008, 23.525561768000046], [89.55236311800007, 23.52663228600005], [89.54982534000004, 23.529672361000053], [89.54736914000006, 23.53156537500007], [89.54512663500003, 23.532290772000067], [89.54273926200005, 23.532304727000053]]}, "properties": {"objectid": 145, "gid": 144, "id": 144, "gauge": "Temporarily closed", "length": 10300.844, "len_km": 10.3}}, {"type": "Feature", "id": 146, "geometry": {"type": "LineString", "coordinates": [[89.83972983800004, 23.607876960000056], [89.84172135300008, 23.60836659000006], [89.84517412700006, 23.61032041900006], [89.84968498300003, 23.61259069600004], [89.85012067300005, 23.612677163000058], [89.85208336200003, 23.61121628500007], [89.85523041000005, 23.608322410000028], [89.85834628500004, 23.60534239800006], [89.85959279200006, 23.603966813000056], [89.86024767800006, 23.60279145800007], [89.86125392000008, 23.593069284000023], [89.86122828700007, 23.58784919800007], [89.86032860600005, 23.585152315000073], [89.85955323000007, 23.582656309000072], [89.85949260700005, 23.581136124000068], [89.86139973700006, 23.572762776000047], [89.86277520300007, 23.56674083100006], [89.86324480700006, 23.56398779600005], [89.86315989400003, 23.55584209700004], [89.86291927800005, 23.547839660000022], [89.86261760000008, 23.538747252000064], [89.86240707700006, 23.53177737200008], [89.86250314500006, 23.529138723000074], [89.86403318600009, 23.523547097000062], [89.86609403600005, 23.515833444000066]]}, "properties": {"objectid": 146, "gid": 145, "id": 145, "gauge": "Temporarily closed", "length": 12447.602, "len_km": 12.45}}, {"type": "Feature", "id": 147, "geometry": {"type": "LineString", "coordinates": [[89.71613857100004, 23.746373627000025], [89.71769968100006, 23.744913759000042], [89.71816879100004, 23.74411155000007], [89.71848216500007, 23.74328037400005], [89.71873309500006, 23.74250644500006], [89.71877041000005, 23.739638420000063], [89.71902557600004, 23.73688551300006], [89.71943694100008, 23.733932122000056], [89.72056529100007, 23.73077925800004], [89.72215975200004, 23.728172161000032], [89.72334720700007, 23.726482111000053], [89.72387973200006, 23.725106375000053], [89.72391583800004, 23.722754596000073], [89.72367434700004, 23.719082995000065], [89.72339947800003, 23.716472531000022], [89.72237813800007, 23.713315787000056], [89.72064117700006, 23.709784893000062], [89.72014558400008, 23.708464669000023], [89.71834651000006, 23.70490495400003], [89.71598959100004, 23.700082227000053], [89.71425347500008, 23.69632181000003], [89.71267143000006, 23.693364729000052], [89.71127639600007, 23.690379300000075], [89.71016115900005, 23.687652511000067], [89.70969867300005, 23.68552924200003], [89.70954643700009, 23.68395149500003], [89.70967665600006, 23.68139911800006], [89.71024382200005, 23.678417341000056], [89.71180776600005, 23.675322693000055], [89.71383857000006, 23.672314934000042], [89.71618062800007, 23.66933639800004], [89.71777410800007, 23.666872726000065], [89.72002304900008, 23.663664509000057], [89.72146069200005, 23.66120051400003], [89.72411544500005, 23.657419338000068], [89.72664376700004, 23.65446964700004], [89.73004262600006, 23.652095058000043], [89.73256878900008, 23.650091745000054], [89.73771406200007, 23.646199877000072], [89.74329575400003, 23.641878336000048], [89.74965585200005, 23.637328397000033], [89.75417667100004, 23.633865181000033], [89.75928969900008, 23.629886484000053], [89.76427763900006, 23.626050832000033], [89.77057429100006, 23.62132783100003], [89.77266190600005, 23.620212327000047], [89.77555820800006, 23.619470824000075], [89.77932575500006, 23.618931278000048], [89.78203526700008, 23.61816070800006], [89.78574301100008, 23.61607212100006], [89.79502731300005, 23.61092198600005], [89.79702060300008, 23.61017888500004], [89.79926266900009, 23.609579489000055], [89.80069485400008, 23.609351881000066], [89.80894405700008, 23.608960711000066], [89.81610349900006, 23.608768585000064], [89.82117657700007, 23.60920473400006], [89.82469250200006, 23.610269962000075], [89.82771134600006, 23.610646201000066], [89.83091833200007, 23.609961369000075], [89.83636738400008, 23.608504448000076], [89.83817357900006, 23.607817983000075], [89.83972983800004, 23.607876960000056]]}, "properties": {"objectid": 147, "gid": 146, "id": 146, "gauge": "Broad gauge single", "length": 24381.38, "len_km": 24.38}}, {"type": "Feature", "id": 148, "geometry": {"type": "LineString", "coordinates": [[89.71608215200007, 23.74641525000004], [89.71613857100004, 23.746373627000025], [89.71626327000007, 23.746345175000044], [89.71872625900005, 23.745690016000026], [89.72430794500008, 23.743692406000036], [89.72655345500004, 23.74269256200006], [89.72905039100004, 23.740631930000063], [89.73442862400003, 23.735670049000078], [89.74128778300008, 23.729315120000024], [89.74588300300007, 23.72525965500006], [89.75054792600008, 23.720948220000025], [89.75242758800005, 23.719287613000063], [89.75465350200005, 23.718267388000072], [89.75642650900005, 23.717854282000076], [89.75861596900006, 23.717729742000074], [89.75970267800005, 23.718132883000067], [89.76076910000006, 23.718468922000056], [89.76337158000007, 23.720552459000032], [89.76573134400007, 23.722379642000078], [89.76704960200004, 23.72366134600003], [89.76781197400004, 23.72487822000005], [89.76805398900007, 23.725582426000074], [89.76898202300004, 23.73140650600004], [89.77039098300008, 23.740494556000044], [89.77364490900004, 23.74808163700004], [89.77485642200008, 23.75099474500007], [89.77645017400005, 23.754004375000022], [89.77981531000006, 23.75788032500003], [89.78155054600006, 23.759546408000062], [89.78286927400006, 23.76110334300006], [89.78547148100006, 23.763838924000027]]}, "properties": {"objectid": 148, "gid": 147, "id": 147, "gauge": "Broad gauge single", "length": 11552.021, "len_km": 11.55}}, {"type": "Feature", "id": 149, "geometry": {"type": "LineString", "coordinates": [[89.37214274400009, 23.798097373000076], [89.37641695600007, 23.795952284000066], [89.38371914700008, 23.79242906500008], [89.38863187000004, 23.79006993400003], [89.39026901800008, 23.789126191000037], [89.39293740700003, 23.78829520200003], [89.39572798800003, 23.787410288000046], [89.39861896100007, 23.786587499000063], [89.40234747700003, 23.786138600000072], [89.40792153500007, 23.785882052000034], [89.41362944200006, 23.785718486000064], [89.41873361200004, 23.785428870000032], [89.42783297500006, 23.785092159000044], [89.43357307300005, 23.785236893000047], [89.43884491700004, 23.784978118000026], [89.44290766300008, 23.784838372000024], [89.44562717400004, 23.784786377000046], [89.44811273000005, 23.784486362000052], [89.44959128000005, 23.784151828000063], [89.45066710400005, 23.783784955000044], [89.45245630700003, 23.78308187300007], [89.45453650400003, 23.78169801400003], [89.45558001000006, 23.781022071000052], [89.45716639600005, 23.778957887000047], [89.45848533000003, 23.776614719000065], [89.45973580300006, 23.77458021900003], [89.46065822600008, 23.773720265000065], [89.46194608300004, 23.772490608000055], [89.46323303400004, 23.771475473000066], [89.46556885000007, 23.770571792000055], [89.46901950500006, 23.769978594000065], [89.47133727100004, 23.769584947000055], [89.47741676400005, 23.768647977000057], [89.48067521500008, 23.768041123000046], [89.48254737500008, 23.76767803000007], [89.48657323200007, 23.766886949000025], [89.49081890600007, 23.76640671100006], [89.49602064300007, 23.766701800000078], [89.49769753200007, 23.76686952700004]]}, "properties": {"objectid": 149, "gid": 148, "id": 148, "gauge": "Broad gauge single", "length": 13807.921, "len_km": 13.81}}, {"type": "Feature", "id": 150, "geometry": {"type": "LineString", "coordinates": [[89.33999278400006, 23.81342916400007], [89.34565173400006, 23.810603396000033], [89.35409656000007, 23.806554963000053], [89.36798803000005, 23.799945597000033], [89.37217817500004, 23.79791403400003]]}, "properties": {"objectid": 150, "gid": 149, "id": 149, "gauge": "Broad gauge single", "length": 3701.046, "len_km": 3.7}}, {"type": "Feature", "id": 151, "geometry": {"type": "LineString", "coordinates": [[89.75811785200005, 24.39827441500006], [89.76403324100005, 24.39897676700008], [89.77120931600007, 24.399441855000077], [89.77836009900005, 24.39947638700005], [89.78577263400007, 24.399056874000053], [89.79206334900005, 24.398372574000064], [89.79678227600004, 24.39767077500005]]}, "properties": {"objectid": 151, "gid": 150, "id": 150, "gauge": "Both (Meter & Broad)", "length": 3938.894, "len_km": 3.94}}, {"type": "Feature", "id": 152, "geometry": {"type": "LineString", "coordinates": [[90.00798901100006, 24.877444997000055], [90.00560511700007, 24.879404694000073], [90.00366651400003, 24.881077574000074], [90.00109909300005, 24.883323972000028], [89.99854853700003, 24.88551030800005], [89.99529972000005, 24.888234545000046], [89.99179798700004, 24.891138200000057], [89.98922090600007, 24.89332437400003], [89.98716009400005, 24.895057043000065], [89.98484487300004, 24.89719536800004], [89.98341288400007, 24.898211127000025], [89.98100203800004, 24.899931449000064], [89.97775258700005, 24.901938378000068], [89.97488684200005, 24.903909181000074], [89.97177746400007, 24.90585653200003], [89.96885914400008, 24.907755516000066], [89.96664401400005, 24.909135995000042], [89.96437714500007, 24.91056928200004], [89.96210644700005, 24.912043796000034], [89.96065565600009, 24.912915398000052], [89.95908308300005, 24.91372748400005], [89.95707653300008, 24.914496935000045], [89.95497495000006, 24.91531070600007], [89.95420437800004, 24.91556596600003], [89.95369654500007, 24.915613714000074]]}, "properties": {"objectid": 152, "gid": 151, "id": 151, "gauge": "Meter gauge single", "length": 6968.309, "len_km": 6.97}}, {"type": "Feature", "id": 153, "geometry": {"type": "LineString", "coordinates": [[89.95369654500007, 24.915613714000074], [89.95148882400008, 24.915177481000057], [89.95038836300006, 24.91474696800003], [89.94952381500008, 24.914173143000028], [89.94800473700008, 24.912189144000024], [89.94433861100003, 24.906476361000045], [89.94200813300006, 24.902938668000047], [89.93965152700008, 24.89952041300006], [89.93721654300003, 24.89591090700003], [89.93399373300008, 24.890803197000025], [89.93200674100007, 24.888070286000072], [89.92802534600008, 24.881647738000026], [89.92525429000005, 24.876261741000064], [89.92402424200009, 24.87425373700006], [89.91960042800008, 24.868898396000077], [89.91748031500003, 24.866268520000062], [89.91541273100006, 24.863566951000053], [89.91352832800004, 24.861247819000027], [89.91135615500008, 24.858522235000066], [89.90975983800007, 24.856466096000077], [89.90805882000006, 24.85438597800004], [89.90701216500008, 24.852975379000043], [89.90570355900007, 24.851636299000063], [89.90426374600008, 24.850655587000062], [89.89944653900005, 24.848047595000025], [89.89415836200004, 24.84512844900007], [89.89057186900004, 24.84326186000004], [89.88782326100005, 24.841730381000048], [89.88562435300008, 24.840581634000046], [89.88347784200005, 24.839456793000068], [89.88099122800008, 24.83799708600003], [89.87976125800003, 24.837040200000047], [89.87581110000008, 24.832639825000058], [89.87377085100007, 24.830248363000067], [89.87204448300008, 24.82828729700003], [89.87105058300006, 24.82711546400003], [89.86921968000007, 24.82503478600006], [89.86767655600005, 24.823265009000067], [89.86636883900007, 24.82178219800005], [89.86464260100007, 24.819916635000027], [89.86283788600008, 24.81802708300006], [89.86194873500006, 24.81550449300005], [89.86137737400009, 24.81276826900006], [89.86077914900005, 24.809183074000032], [89.86025937100004, 24.805717436000066], [89.85963475900007, 24.802371186000073], [89.85927075100005, 24.800124467000046], [89.85888052100006, 24.797925518000056], [89.85833449700004, 24.794603230000064], [89.85778820300004, 24.791543812000043], [89.85755662800005, 24.788006739000025], [89.85729866700007, 24.784660820000056], [89.85701218800006, 24.783370071000036], [89.85659474400006, 24.78215089100007], [89.85562786400004, 24.78069220200007], [89.85309272900008, 24.777248470000075], [89.85055747700005, 24.77401977100004], [89.84849327400008, 24.77098268900005], [89.84637802900005, 24.76696571800005], [89.84528122600005, 24.764933282000072], [89.84379242500006, 24.762446373000046], [89.84243403500005, 24.76036584700006], [89.84125920000008, 24.758046526000044], [89.84013656900004, 24.755870637000044], [89.83943155400004, 24.754603302000078], [89.83867433400007, 24.753240317000063], [89.83781303600006, 24.751423157000033], [89.83716112700006, 24.749606219000043], [89.83614802300008, 24.743845750000048], [89.83539449000006, 24.739758402000064], [89.83503081000003, 24.737726689000056], [89.83458923900008, 24.735240829000077], [89.83422625100008, 24.73270726000004], [89.83386251400003, 24.730747235000024], [89.83357642900006, 24.729432538000026], [89.83326408900007, 24.728189503000067], [89.83261163000003, 24.72692219100003], [89.83127900800008, 24.72555852100004], [89.83031246800005, 24.724386437000078], [89.82984337800008, 24.72299983000005], [89.82961189400004, 24.720060131000025], [89.82959233500009, 24.715208842000038], [89.82952120000004, 24.709807839000064], [89.82944873500008, 24.705386646000022], [89.82947899700008, 24.702375544000063], [89.82935219800004, 24.69943595500007], [89.82933059600003, 24.696090221000077], [89.82925732900009, 24.692266467000024], [89.82920621700003, 24.691382185000066], [89.82748716100008, 24.686003179000068], [89.82608099800007, 24.681437045000052], [89.82493542400005, 24.67763593500007], [89.82373693700004, 24.674312712000074], [89.82290328800008, 24.671969727000032], [89.82206943300008, 24.669794023000065], [89.82133957400004, 24.66807250000005], [89.82055807700004, 24.665896849000035], [89.81977598900005, 24.664151357000037], [89.81841936600006, 24.661855513000035], [89.81721935500008, 24.65979882700003], [89.81651531700004, 24.658387985000047], [89.81604633900008, 24.656554174000064], [89.81547290600008, 24.654488408000077], [89.81446366300008, 24.650883839000073], [89.81393456300003, 24.648269554000024], [89.81331980100003, 24.64481365900008], [89.81296026600006, 24.64334334600005], [89.81212103500008, 24.641914233000023], [89.81060048400008, 24.640649035000024]]}, "properties": {"objectid": 153, "gid": 153, "id": 153, "gauge": "Meter gauge single", "length": 35195.709, "len_km": 35.2}}, {"type": "Feature", "id": 154, "geometry": {"type": "LineString", "coordinates": [[90.21211676300004, 24.869224418000044], [90.21072733000005, 24.871352112000068], [90.20989070800005, 24.87233308200007], [90.20889697500007, 24.873362061000023], [90.20751015300004, 24.87431988800006], [90.20554737100008, 24.875517470000034], [90.20350576400006, 24.876595646000055], [90.19968449700008, 24.878799360000073], [90.19711840800005, 24.879615280000053], [90.19502257600004, 24.879618032000053], [90.19269066400005, 24.87942988100008], [90.18946807100008, 24.879266724000047], [90.18642883300004, 24.879079371000046], [90.18281328900008, 24.87891656100004], [90.18118871300004, 24.878703466000047], [90.17943260200008, 24.878108153000028], [90.17683767600005, 24.87715535500007], [90.17350326400003, 24.87598225100004], [90.17044212900004, 24.874701364000032], [90.16645811700005, 24.873152529000038], [90.16393627900004, 24.872193379000066], [90.16147834200007, 24.871294001000024], [90.15801913600006, 24.87027011400005], [90.15502652300006, 24.86981315500003], [90.15204533800005, 24.86936821300003], [90.14882259500007, 24.86882181900006], [90.14523319700004, 24.86832350800006], [90.14142848000006, 24.867747576000056], [90.13791754300007, 24.867081733000077], [90.13508790000003, 24.86658247300005], [90.13223208500006, 24.866083183000057], [90.12811883300003, 24.86548933200004], [90.12447707800004, 24.864847181000073], [90.11999699000006, 24.864062232000038], [90.11643381300007, 24.863324231000036], [90.11318536000005, 24.862968266000053], [90.10993711500004, 24.862827307000032], [90.10624365200005, 24.86278218600006], [90.10197391500003, 24.862737367000022], [90.09796612400004, 24.862692254000024], [90.09385361100004, 24.862718792000067], [90.08958389600008, 24.862697516000026], [90.08607385400006, 24.862723478000078], [90.08110469100006, 24.86266613500004], [90.07832021400009, 24.862608257000034], [90.07473946100004, 24.862712471000066], [90.07009519600007, 24.86268403500003], [90.06525502900007, 24.862907350000057], [90.06186781300005, 24.863363588000027], [90.05734170000005, 24.864053642000044], [90.05425251100007, 24.864458497000044], [90.05354109800004, 24.86457878600004], [90.04929776300008, 24.86517768400006], [90.04691417100008, 24.86558470800003]]}, "properties": {"objectid": 154, "gid": 154, "id": 154, "gauge": "Meter gauge single", "length": 17401.693, "len_km": 17.4}}, {"type": "Feature", "id": 155, "geometry": {"type": "LineString", "coordinates": [[89.95369654500007, 24.915613714000074], [89.95308359100005, 24.915805144000046], [89.95201532700008, 24.916060299000037], [89.95101711500007, 24.916283532000023], [89.94954599100004, 24.916778063000038], [89.94853021700004, 24.917097084000034], [89.94758438900004, 24.917639681000026], [89.94639323600006, 24.91854945800003], [89.94455378500004, 24.92025740500003], [89.94085732000008, 24.92346563500007], [89.93746038100005, 24.926531185000044], [89.93633296000007, 24.927462701000024], [89.93494326300004, 24.928728656000033], [89.93334379100008, 24.930137888000047], [89.93158691100007, 24.931762105000075], [89.92956782100003, 24.933505663000062], [89.92786331900004, 24.935034271000063], [89.92622702400007, 24.936537224000062], [89.92387885600004, 24.93867580500006], [89.92259961600007, 24.93980890000006], [89.92182855400006, 24.940495138000074], [89.92103935700004, 24.94117669800005], [89.92020563300008, 24.941924716000074], [89.91874922500006, 24.94309534000007], [89.91823634400004, 24.943345477000037], [89.91660523500008, 24.944039278000048], [89.91452480900006, 24.944811566000055], [89.90915941400004, 24.946754535000025], [89.90226082700008, 24.949220273000037], [89.89694993200004, 24.95098818200006], [89.89276118400005, 24.952557108000065], [89.88627276700004, 24.95472299100004], [89.88427403500003, 24.955544818000078], [89.88312957900007, 24.956142966000073], [89.88171289400003, 24.95731280700005], [89.87940414000008, 24.95924662500005], [89.87575732800008, 24.96218297400003], [89.87258272300005, 24.964641696000058], [89.86904058300007, 24.96745848100005], [89.86599677000004, 24.96994107100005], [89.86324157200005, 24.97211320100007], [89.86077475700006, 24.97421385800004], [89.85812419200005, 24.97643378300006], [89.85510655000007, 24.978581613000074], [89.85012006300008, 24.982615277000036], [89.84883307500007, 24.984430150000037], [89.84702027800006, 24.98734373600007], [89.84536466300005, 24.990305256000056], [89.84365640500005, 24.99336228800007], [89.84181710100006, 24.996299674000056], [89.83995095900008, 24.99964325700006], [89.83795369000006, 25.00291498000007], [89.83598238000008, 25.006306189000043], [89.83398476900004, 25.009673442000064], [89.83222363700008, 25.01263468700006], [89.83197664300008, 25.013048652000066]]}, "properties": {"objectid": 155, "gid": 155, "id": 155, "gauge": "Meter gauge single", "length": 16864.843, "len_km": 16.86}}, {"type": "Feature", "id": 156, "geometry": {"type": "LineString", "coordinates": [[89.83197664300008, 25.013048652000066], [89.83069901600004, 25.015189930000076], [89.82893759300003, 25.018246720000036], [89.82699215200006, 25.021542242000066], [89.82499414800003, 25.02483767500007], [89.82336389900007, 25.02767947600006], [89.82202262000004, 25.030163150000078], [89.82031361100007, 25.032957027000066], [89.81849942300005, 25.035870239000076], [89.81657965400007, 25.03916564600007], [89.81503019300004, 25.041799628000035], [89.81313654300004, 25.045047226000065], [89.81147959200007, 25.047841059000064], [89.80963840800007, 25.050969192000025], [89.80798118500007, 25.05383467400003], [89.80666622000007, 25.055888090000053], [89.80508768100003, 25.05868194900006], [89.80374607400006, 25.060926478000056], [89.80216752000007, 25.063648613000055], [89.80111515000004, 25.06543946200003], [89.79982583400005, 25.067707920000032], [89.79822090600004, 25.07040607700003], [89.79698439500004, 25.072411716000033], [89.79564217200004, 25.07484733900003], [89.79440517500007, 25.077091920000044], [89.79314205200006, 25.079240868000056], [89.79156331000007, 25.081795603000046], [89.78990537000004, 25.084589176000065], [89.78806329000008, 25.087597536000033], [89.78614185200007, 25.09091641400005], [89.78443151300007, 25.093518673000062], [89.78219326300007, 25.09779289900007], [89.78103469100006, 25.099941889000036], [89.77956109500008, 25.10211429700007], [89.77769246700007, 25.105002996000053], [89.77590209900006, 25.108106857000053], [89.77427651400006, 25.111027155000045], [89.77339804300004, 25.11270784000004], [89.77240323500007, 25.115675080000074], [89.77173773700008, 25.117491854000036], [89.77115666900005, 25.11942657800006], [89.77033907200007, 25.12150431200007], [89.76952037000007, 25.124155555000073], [89.76864935800006, 25.126687229000026], [89.76746139800008, 25.13022205200008], [89.76603623800008, 25.134210523000036], [89.76495382700006, 25.137387042000057], [89.76392386500004, 25.140563634000046], [89.76252481400007, 25.144504313000027], [89.76165234900003, 25.147633346000077], [89.76047615000004, 25.150954162000062], [89.75961785800007, 25.15420157500006], [89.75856145000006, 25.157330286000047], [89.75753138700009, 25.160387342000035], [89.75689793900005, 25.162035154000023], [89.75586945900005, 25.164255825000055], [89.75541929600007, 25.16506030900007], [89.75460533000006, 25.16611765300007], [89.75360727400005, 25.167137636000064], [89.75311209000006, 25.167540979000023], [89.75267904900005, 25.167886847000034], [89.75215653100008, 25.168376478000027], [89.75170906000005, 25.168901447000053], [89.75115669200005, 25.169354551000026], [89.75073571600007, 25.16976008000006], [89.75005395200003, 25.170339694000063], [89.74889505700008, 25.17097568400004], [89.74729257300004, 25.171283609000056], [89.74595567200004, 25.17119298600005], [89.74482724800004, 25.17083260000004], [89.74425043200006, 25.170401471000048], [89.74312312100005, 25.169515354000055], [89.74199567600004, 25.168700917000024], [89.74113063600004, 25.16798251700004], [89.73984591800007, 25.167048308000062], [89.73887601900003, 25.166258021000033], [89.73732900800007, 25.165203845000065], [89.73591326300004, 25.164173783000024], [89.73397341800006, 25.162664841000037], [89.73221700700003, 25.161347375000048], [89.73053956400008, 25.159958343000028], [89.73031348600006, 25.159680985000023]]}, "properties": {"objectid": 156, "gid": 156, "id": 156, "gauge": "Meter gauge single", "length": 21869.087, "len_km": 21.87}}, {"type": "Feature", "id": 157, "geometry": {"type": "LineString", "coordinates": [[91.21283790700005, 23.878650239000024], [91.21067032400003, 23.87612228100005], [91.20898605500008, 23.87328580700006], [91.20875770400005, 23.871656632000054], [91.20861281700007, 23.86864675000004], [91.20835467000006, 23.86603205700004], [91.20801492700008, 23.863023700000042], [91.20773786400008, 23.858365957000046], [91.20728965900008, 23.85206065500006], [91.20710189400006, 23.848620953000022], [91.20696805000006, 23.84679387700004], [91.20619277700007, 23.843036160000054], [91.20384855600008, 23.838179487000048], [91.20269765000006, 23.83593019700004], [91.20209595600005, 23.83407091600003], [91.20115480600003, 23.833433031000027], [91.19985736100006, 23.832188537000036], [91.19894465800007, 23.830403353000065], [91.19810530200004, 23.82811575200003], [91.19591456900008, 23.822935125000072], [91.19255482500006, 23.81772765900007], [91.18544938300005, 23.806295909000028]]}, "properties": {"objectid": 157, "gid": 157, "id": 157, "gauge": "Meter gauge single", "length": 8697.149, "len_km": 8.7}}, {"type": "Feature", "id": 158, "geometry": {"type": "LineString", "coordinates": [[91.83444677600005, 22.369347382000058], [91.83510063800009, 22.37017062700005], [91.83542717100005, 22.371208464000063], [91.83530363800008, 22.372029002000033], [91.83460271200005, 22.373066968000046], [91.83287454300006, 22.374781100000064], [91.83203069700005, 22.375820675000057], [91.83161768400004, 22.377021502000048], [91.83111836800003, 22.379818171000068], [91.82972940800005, 22.382890717000066], [91.82843801100006, 22.385231169000065], [91.82571262600004, 22.38994688500003], [91.82363078100008, 22.391963963000023], [91.82154801200005, 22.393914575000053], [91.82127301400004, 22.39474833500003], [91.82144319600008, 22.39683968500003], [91.82161381800006, 22.398964255000067], [91.82071777000004, 22.401499560000047], [91.81951310300008, 22.405035129000055], [91.81894851100003, 22.408330902000046], [91.81690102100004, 22.415763436000077], [91.81591142600007, 22.41936301800007], [91.81582021200006, 22.420593422000024], [91.81616386000007, 22.422284107000053], [91.81660953500005, 22.42357492600007], [91.81762066500005, 22.427118774000064], [91.81896560800004, 22.431589191000057], [91.82045533500008, 22.436190862000046], [91.82141358600006, 22.438406216000033], [91.82208335300004, 22.440425461000075], [91.82227246500008, 22.441220756000064], [91.82207712600007, 22.442684918000054], [91.82168123200006, 22.44521458400004], [91.82144610300008, 22.44637735200007]]}, "properties": {"objectid": 158, "gid": 158, "id": 158, "gauge": "Meter gauge single", "length": 9182.234, "len_km": 9.18}}, {"type": "Feature", "id": 159, "geometry": {"type": "LineString", "coordinates": [[91.82138854900006, 22.44672425300007], [91.81764654800008, 22.45311450400004], [91.81586909700007, 22.45601511500007], [91.81166062400007, 22.46264665800004], [91.81087670700003, 22.467058664000035], [91.80963621700005, 22.473821421000025], [91.80887144500008, 22.47971465300003], [91.80815571700003, 22.485977693000052], [91.80761974000006, 22.492444470000066], [91.80791750600008, 22.494910209000068], [91.80776925900005, 22.497134044000063], [91.80758528200005, 22.50001670100005], [91.80629180500006, 22.512952721000033], [91.80279850900007, 22.52023450400003], [91.79715928500008, 22.533204371000068], [91.79575296300004, 22.53443694500004], [91.79487009300004, 22.535628901000052], [91.79454092200007, 22.536223626000037], [91.79444033500005, 22.537128710000047], [91.79375000800007, 22.547427670000047], [91.79316820900004, 22.560332988000027], [91.79219939000006, 22.563577191000036], [91.79095847600007, 22.56894525100006], [91.79169563100004, 22.573839278000037], [91.79289142900006, 22.582344013000068], [91.79382675300008, 22.58807022600007], [91.79482891000004, 22.596055569000043], [91.79540988700006, 22.60042978200005], [91.79510584100007, 22.602971212000057], [91.79390042000006, 22.611085521000064], [91.79231011300004, 22.615518767000026]]}, "properties": {"objectid": 159, "gid": 159, "id": 159, "gauge": "Meter gauge single", "length": 19378.409, "len_km": 19.38}}, {"type": "Feature", "id": 160, "geometry": {"type": "LineString", "coordinates": [[91.81161474800007, 22.462523719000046], [91.80698074500003, 22.467102363000038], [91.80475217500003, 22.469390652000072], [91.80356745700004, 22.470226937000064], [91.80295242300008, 22.470604179000077], [91.80127109100005, 22.470705272000032], [91.79360431600008, 22.470214610000028], [91.78807168300006, 22.47039951000005]]}, "properties": {"objectid": 160, "gid": 160, "id": 160, "gauge": "Meter gauge single", "length": 2800.637, "len_km": 2.8}}, {"type": "Feature", "id": 161, "geometry": {"type": "LineString", "coordinates": [[91.83082372700005, 22.327733418000037], [91.82446537700008, 22.322210951000045], [91.81564812300007, 22.316715760000022], [91.80516256600004, 22.308950080000045], [91.80101809500007, 22.30543619200006], [91.79740729700006, 22.300899135000066], [91.79573535500003, 22.29837481000004], [91.79394986100004, 22.286951756000065], [91.79712439500008, 22.27877952600005], [91.80143038700004, 22.27364611400003], [91.80304994400007, 22.272102433000043], [91.80955724700004, 22.268215788000077], [91.81254577800007, 22.26691104400004], [91.81989177800006, 22.264540347000036], [91.82861321500008, 22.262916699000073], [91.83188452200005, 22.26237127400003], [91.83376681700008, 22.260061502000042]]}, "properties": {"objectid": 161, "gid": 184, "id": 184, "gauge": "Meter gauge single", "length": 16380, "len_km": 16.38}}, {"type": "Feature", "id": 162, "geometry": {"type": "LineString", "coordinates": [[91.77709443100008, 22.315362951000054], [91.78088472700006, 22.312524223000025], [91.78737831500007, 22.307367077000038], [91.79008815500003, 22.305557196000052], [91.79389415500003, 22.30398943800003], [91.79935254600008, 22.303420408000022]]}, "properties": {"objectid": 162, "gid": 185, "id": 185, "gauge": "Meter gauge single", "length": 2720, "len_km": 2.72}}, {"type": "Feature", "id": 163, "geometry": {"type": "LineString", "coordinates": [[91.94717771600006, 22.350928602000067], [91.94295428500004, 22.35561511900005], [91.94141469400006, 22.35743040400007], [91.93871324800006, 22.360445496000068], [91.93564120800005, 22.363213425000026], [91.93321736400009, 22.365362643000026], [91.93022138300006, 22.368057700000065], [91.92678643700003, 22.371153237000044], [91.92220635200005, 22.375286508000045], [91.91812309900007, 22.37903643900006], [91.91497223000005, 22.38175104900006], [91.91134636200007, 22.385064172000057], [91.90747161700006, 22.388559842000063], [91.90573458300008, 22.39012560200007], [91.90397256300008, 22.39127836600005], [91.90295153100004, 22.391506006000043], [91.89751543300008, 22.39246831400004], [91.89590202700003, 22.393188009000028], [91.89453830800005, 22.39379695300005], [91.89114287100006, 22.39563355100006], [91.88928064700008, 22.396535779000033], [91.88734353900009, 22.397618545000057], [91.88672938400003, 22.39793117800008], [91.88599663300005, 22.39804754000005], [91.88466469800005, 22.397843478000027], [91.88177032700008, 22.397036650000075], [91.87783244200006, 22.39591448500005], [91.87482828200007, 22.395248577000075], [91.87197462300009, 22.39427540400004], [91.86811296000008, 22.393062266000072], [91.86665215000005, 22.392198674000042], [91.86107967500004, 22.38937825200003], [91.85057818800004, 22.383786859000054], [91.84585913800004, 22.38137839700005], [91.84236376400008, 22.379125638000062], [91.84012752500007, 22.37752300300008], [91.83882841100007, 22.376540987000055], [91.83835528900005, 22.375881838000055], [91.83775886400008, 22.373994714000048], [91.83708054600004, 22.37131108400007], [91.83678387800006, 22.370483793000062], [91.83552318900007, 22.36970066600003], [91.83326320800006, 22.368995304000066], [91.82931570100004, 22.36764446600006], [91.82468655100007, 22.36606862800005], [91.82086493500003, 22.366144897000027], [91.81785342700005, 22.36594018100004], [91.81691888800003, 22.36572976900004], [91.81629797600004, 22.365562925000063], [91.81552280500006, 22.36515068600005], [91.81488254400006, 22.36508989600003], [91.81385843600003, 22.365016413000035], [91.81275949700006, 22.36480781800003], [91.81207984300005, 22.36452655100004], [91.81152542900008, 22.36403996300004], [91.81115369800006, 22.363551330000064], [91.81071859700006, 22.362400683000033], [91.81022716200005, 22.361131714000066], [91.80999279900004, 22.359961826000074], [91.81002783700006, 22.358432074000063], [91.81028251800007, 22.356933852000054], [91.81071173600003, 22.354804940000065], [91.81084183500008, 22.35356300500007], [91.81077455500008, 22.35118475200005], [91.81070991600006, 22.349010384000053], [91.81066591800004, 22.34843311700007], [91.81080348200004, 22.347768855000027], [91.81151456300006, 22.34624853500003], [91.81244596600004, 22.344302277000054], [91.81329999500008, 22.34276245500007]]}, "properties": {"objectid": 163, "gid": 161, "id": 161, "gauge": "Meter gauge single", "length": 19700.813, "len_km": 19.7}}, {"type": "Feature", "id": 164, "geometry": {"type": "LineString", "coordinates": [[91.68058821600005, 22.58711928500003], [91.68299666600007, 22.58206714000005], [91.68523401300007, 22.577317911000023], [91.68912916300008, 22.569423889000063], [91.69423806400005, 22.55882980100006], [91.69956697900005, 22.547932100000025], [91.70243855500007, 22.542110355000034], [91.70778806000004, 22.530957388000047], [91.71221530700006, 22.52192214300004], [91.71398967000005, 22.518196786000033], [91.71471676200008, 22.516497965000042], [91.71580436800008, 22.513706523000053], [91.71746680000007, 22.50900937800003], [91.71948588500004, 22.502918485000066], [91.72059536900008, 22.49989512800005], [91.72297753900006, 22.494958593000035], [91.72601763300008, 22.488810381000064], [91.72956709100004, 22.48154471600003], [91.73275358400008, 22.47518633900006], [91.73442891200006, 22.47160085200005], [91.73679130700003, 22.46715083500004], [91.74167130000006, 22.45674328700005], [91.74320160800005, 22.453553103000047], [91.74356758600004, 22.45292368400004], [91.74595314100009, 22.44638842100005], [91.74732387700004, 22.442412309000076], [91.75108168900005, 22.432063005000032], [91.75283597500004, 22.426901262000058], [91.75348365800005, 22.42490201000004], [91.75567529800009, 22.420847431000027], [91.75637769900004, 22.419241387000056], [91.75698785800006, 22.41624642100004], [91.75802863900003, 22.411833684000044], [91.76002282500008, 22.405974307000065], [91.76360248200007, 22.395464555000046], [91.76434427000004, 22.393047266000053], [91.76541598700004, 22.391112845000066], [91.76752240300004, 22.38826366400008], [91.77056290300004, 22.384431293000034], [91.77387427700006, 22.380364249000024], [91.77990580700003, 22.372792454000034], [91.78238169500008, 22.36966105700003], [91.78694178500007, 22.363958454000056], [91.79010487400006, 22.360054914000045], [91.79155368700003, 22.358440488000042], [91.79575056000004, 22.355544672000065]]}, "properties": {"objectid": 164, "gid": 162, "id": 162, "gauge": "Meter gauge double", "length": 28487.761, "len_km": 28.49}}, {"type": "Feature", "id": 165, "geometry": {"type": "LineString", "coordinates": [[91.83054712300003, 22.327482262000046], [91.83146078300007, 22.333133571000076], [91.82394775200004, 22.335140686000045], [91.81785296500004, 22.339407841000025], [91.80781601900009, 22.34676982900004], [91.80322572900008, 22.350017790000038], [91.79952601800005, 22.352815598000063], [91.79570135000006, 22.355591549000053]]}, "properties": {"objectid": 165, "gid": 163, "id": 163, "gauge": "Meter gauge double", "length": 4740.722, "len_km": 4.74}}, {"type": "Feature", "id": 166, "geometry": {"type": "LineString", "coordinates": [[92.00959140200007, 22.276350239000067], [92.01129168000006, 22.275017974000036], [92.01220087400009, 22.27347326100005], [92.01434530700004, 22.26847074500006], [92.01717114600007, 22.26205520700006], [92.01892651000009, 22.25792198700003], [92.02239463900008, 22.25003384100006], [92.02479508500005, 22.24429242900004], [92.02846551500005, 22.238890728000058], [92.03351982800007, 22.231804874000034], [92.03679384500003, 22.227096910000057], [92.03849466100007, 22.224208739000062], [92.04099533000004, 22.218865911000023], [92.04192130400008, 22.216876381000077], [92.04410888900009, 22.213004209000076], [92.05255020400006, 22.19931930200005], [92.05779180800005, 22.190519250000023], [92.06149962400008, 22.184583100000054], [92.06425038700007, 22.18012576900003], [92.06622863000007, 22.176700484000037], [92.06937160300004, 22.169058622000023], [92.07230978300004, 22.161800157000073], [92.07342713700007, 22.15989694800004]]}, "properties": {"objectid": 166, "gid": 164, "id": 164, "gauge": "Meter gauge single", "length": 14540.244, "len_km": 14.54}}, {"type": "Feature", "id": 167, "geometry": {"type": "LineString", "coordinates": [[92.00959140200007, 22.276350239000067], [92.00803148800009, 22.277480737000076], [92.00635639100005, 22.278441327000053], [92.00406711500005, 22.279951088000075], [92.00089668000004, 22.28214177500007], [92.00012754800008, 22.282669459000033], [91.99964949300005, 22.283057185000075], [91.99850232700004, 22.28379407400007], [91.99741162400005, 22.28438025500003], [91.99424032600007, 22.28587858900005], [91.99254616700006, 22.286805628000025]]}, "properties": {"objectid": 167, "gid": 165, "id": 165, "gauge": "Meter gauge single", "length": 2108.96, "len_km": 2.11}}, {"type": "Feature", "id": 168, "geometry": {"type": "LineString", "coordinates": [[91.99254616700006, 22.286805628000025], [91.99140221000005, 22.287633878000065], [91.99044254500006, 22.28876871600005], [91.98830040400009, 22.29054689700007], [91.98651488000007, 22.292635606000033], [91.98577566600005, 22.29424999300005], [91.98545980200004, 22.295715443000063], [91.98502117100008, 22.296787566000035], [91.98448794000007, 22.299616548000074], [91.98364142300005, 22.302249343000028], [91.98033096800003, 22.30800139100006], [91.97650204300004, 22.31427086000008], [91.97236338600004, 22.318921661000047], [91.96853432900008, 22.32352416300006], [91.96385613400008, 22.330625990000044], [91.96060162600008, 22.33535471400006], [91.95828531400008, 22.338849709000044], [91.95336511500005, 22.344087372000047], [91.94710264600008, 22.35064850200007]]}, "properties": {"objectid": 168, "gid": 166, "id": 166, "gauge": "Meter gauge single", "length": 8584.707, "len_km": 8.58}}, {"type": "Feature", "id": 169, "geometry": {"type": "LineString", "coordinates": [[90.65381135100006, 23.223216904000026], [90.65773651800004, 23.22463461800004], [90.66006732400007, 23.22527018900007], [90.66251364900006, 23.225725977000025], [90.66950463900008, 23.22730970500004], [90.68667106100008, 23.231000118000054], [90.70049814000004, 23.233986517000062], [90.71946734300008, 23.23813951300008], [90.72609355400004, 23.239611058000037], [90.73293551400008, 23.241100953000057]]}, "properties": {"objectid": 169, "gid": 167, "id": 167, "gauge": "Meter gauge single", "length": 8337.343, "len_km": 8.34}}, {"type": "Feature", "id": 170, "geometry": {"type": "LineString", "coordinates": [[91.40347353400006, 23.01454680100005], [91.42822578100004, 22.997349177000046], [91.44172522400004, 22.987935350000043], [91.44519861800006, 22.98540876000004], [91.46140066500004, 22.974075966000044], [91.47102147800007, 22.967276472000037], [91.47471117500004, 22.96480462200003], [91.48718754800007, 22.955884178000076], [91.49315509200005, 22.952214781000066], [91.49555358300006, 22.95067229500006], [91.49805406600007, 22.94996044900006], [91.50368308000003, 22.94933364900004], [91.50863624900006, 22.94920059100008], [91.51033572200004, 22.94886897200007], [91.51178079200008, 22.947937543000023], [91.51585698400004, 22.94136028400004], [91.52268567700008, 22.92899247300005], [91.52896531400006, 22.917461324000044], [91.53260969400009, 22.91117461600004], [91.53415382700007, 22.908091273000025]]}, "properties": {"objectid": 170, "gid": 168, "id": 168, "gauge": "Meter gauge single", "length": 18486.68, "len_km": 18.49}}, {"type": "Feature", "id": 171, "geometry": {"type": "LineString", "coordinates": [[91.53415382700007, 22.908091273000025], [91.53598351700003, 22.902883061000068], [91.53691136600008, 22.900063746000058], [91.54094279300006, 22.88765193200004], [91.54721741500003, 22.867128640000033], [91.54965882500005, 22.861369481000054], [91.55437401000006, 22.851487290000023], [91.56355954700007, 22.832126431000063], [91.57056752700004, 22.817317548000062], [91.57793895000003, 22.801959943000043], [91.58618176300007, 22.784528648000048], [91.59243306300004, 22.771533110000064], [91.59484749200004, 22.766404520000037], [91.59789437300003, 22.75983572900003], [91.60296326400004, 22.749031110000033], [91.60510574500006, 22.74450733200007], [91.61150416400005, 22.731165557000054], [91.61289216400007, 22.728255198000056], [91.61657206000007, 22.720446613000036], [91.62151963600007, 22.71007287300006], [91.62363107600004, 22.705635229000052], [91.62637446900004, 22.699757300000044], [91.63120043100008, 22.68967131000005], [91.63186534900007, 22.688402755000027], [91.63623760500008, 22.679210242000067], [91.64362498500003, 22.663763868000046], [91.65034623800005, 22.64958584200008], [91.65514143600006, 22.63978632800007], [91.65857765300007, 22.632639007000023], [91.66324957700004, 22.622955270000034], [91.66725800400008, 22.614654792000067], [91.67394661500003, 22.600705687000072], [91.67705243000006, 22.594479129000035], [91.68057498100006, 22.58698639200003]]}, "properties": {"objectid": 171, "gid": 169, "id": 169, "gauge": "Meter gauge double", "length": 38638.593, "len_km": 38.64}}, {"type": "Feature", "id": 172, "geometry": {"type": "LineString", "coordinates": [[91.45131677800003, 23.218892096000047], [91.44729213900007, 23.21404960600006], [91.44495038400004, 23.211375746000044], [91.44225080800004, 23.208147460000077], [91.44096153200007, 23.20513856900004], [91.43802181300003, 23.198241069000062], [91.43601653900004, 23.19407685300007], [91.43554674300003, 23.192454600000076], [91.43552094600005, 23.19003826000005], [91.43567588600007, 23.185714892000078], [91.43558396000003, 23.18181202900007], [91.43552842900004, 23.176607596000053], [91.43561279600004, 23.17037948500007], [91.43560160800007, 23.164616968000075], [91.43553103600004, 23.162712228000032], [91.43511212900006, 23.16113597100008], [91.43459123400004, 23.159421223000038], [91.43412159900004, 23.157798951000075], [91.43407489500004, 23.148690701000078], [91.43405969800006, 23.13781618300004], [91.43427815100006, 23.130006743000024], [91.43461571300008, 23.119221940000045], [91.43478442100007, 23.111459410000066], [91.43476417100004, 23.10955419800007], [91.43428042700003, 23.106584320000024], [91.43369524800005, 23.103522412000075], [91.43326918900004, 23.10124909900003], [91.43324798500004, 23.09925094700003], [91.43351635100004, 23.096134809000034], [91.43392603700005, 23.092134397000052], [91.43433965300005, 23.088505732000044], [91.43430513000004, 23.085252922000052], [91.43412535100003, 23.082512636000047], [91.43371609100006, 23.077078982000046], [91.43325566700008, 23.071552841000027], [91.43255946700003, 23.062729223000076], [91.43227147000005, 23.059246331000054], [91.43209524000008, 23.056831312000043], [91.43183332900009, 23.05581127100004], [91.43096830800005, 23.054750214000023], [91.42874054800006, 23.053050847000065], [91.42635680500007, 23.050841645000048], [91.42381662700006, 23.048076129000037], [91.41975450900009, 23.043837083000028], [91.41609823900006, 23.03996607600004], [91.41142680500008, 23.03503513800007], [91.40969785500005, 23.032959233000042], [91.40842567800007, 23.03134398000003], [91.40677312300005, 23.026943662000065], [91.40315578800005, 23.018514555000024], [91.40260372800003, 23.01703059600004], [91.40247554100006, 23.016201395000053], [91.40263046200005, 23.01557019200004], [91.40288835100006, 23.015250429000048], [91.40347353400006, 23.01454680100005]]}, "properties": {"objectid": 172, "gid": 170, "id": 170, "gauge": "Meter gauge single", "length": 24182.82, "len_km": 24.18}}, {"type": "Feature", "id": 173, "geometry": {"type": "LineString", "coordinates": [[91.19454612500004, 23.172648926000022], [91.19629069800004, 23.171305653000047], [91.20811949800003, 23.161320878000026], [91.22233676400003, 23.149359925000056], [91.24552922200007, 23.12998398900004], [91.25490318200008, 23.122055335000027], [91.26342797800004, 23.114783612000053], [91.27215237900003, 23.10746337100005], [91.27823606100009, 23.102580791000037], [91.28526894900006, 23.09717904000007], [91.29325573500006, 23.091769181000075], [91.29879474900008, 23.087866289000033], [91.30238871900008, 23.085466465000025], [91.31486094100006, 23.076532893000035], [91.33541753700007, 23.062418061000074], [91.34454282200005, 23.055741302000058], [91.36698857600004, 23.040351687000054], [91.38194621500008, 23.029765003000023], [91.39879540800007, 23.017812529000025], [91.40263046200005, 23.01557019200004], [91.40288835100006, 23.015250429000048], [91.40347353400006, 23.01454680100005]]}, "properties": {"objectid": 173, "gid": 171, "id": 171, "gauge": "Meter gauge single", "length": 27680.18, "len_km": 27.68}}, {"type": "Feature", "id": 174, "geometry": {"type": "LineString", "coordinates": [[91.10452972800005, 22.82621609800003], [91.10370390000008, 22.831974753000054], [91.10361303500008, 22.833188162000056], [91.10359027000004, 22.834525487000064], [91.10387271100007, 22.836264957000026], [91.10429588500006, 22.838811968000073], [91.10466509500009, 22.84107972000004], [91.10469280900008, 22.84226096900005], [91.10453334200008, 22.843288272000052], [91.10385133400007, 22.844655685000077], [91.10357685000008, 22.845774299000027], [91.10360984000005, 22.846934574000045], [91.10378263700005, 22.84785302000006], [91.10411834100006, 22.84846378800006], [91.10514449100003, 22.84972665300006], [91.10593015400008, 22.850465670000062], [91.10641170200006, 22.851579034000054], [91.10924122000006, 22.867696153000054], [91.11188087700003, 22.882682113000044], [91.11399551800008, 22.89497039300005], [91.11563946700005, 22.90475710800007], [91.11713725100003, 22.912850384000023], [91.11752548700008, 22.914934995000067], [91.11879883100005, 22.918265774000076], [91.11991539700006, 22.92186777200004], [91.12134293400004, 22.928217293000046], [91.12250164700004, 22.936421350000046], [91.12349243300008, 22.940898633000074], [91.12410129500006, 22.943988482000066], [91.12425253200007, 22.94624663700006], [91.12386595900006, 22.94760000100007], [91.12287559800006, 22.949694343000033], [91.12068487900007, 22.95415461700003], [91.12008692500007, 22.955607693000047]]}, "properties": {"objectid": 174, "gid": 172, "id": 172, "gauge": "Meter gauge single", "length": 14702.366, "len_km": 14.7}}, {"type": "Feature", "id": 175, "geometry": {"type": "LineString", "coordinates": [[91.13389913200007, 23.18334285000003], [91.13299005200008, 23.177595221000047], [91.13206334400007, 23.172788255000057], [91.13155204600008, 23.16907075100005], [91.12966691800005, 23.164441340000053], [91.12862653000008, 23.159259622000036], [91.12757023100005, 23.152166201000057], [91.12717562500006, 23.14913062000005], [91.12607745800005, 23.14142296400007], [91.12494109700003, 23.133544865000033], [91.12442933900007, 23.12972489400005], [91.12384066400006, 23.125529932000063], [91.12293517900008, 23.123180755000078], [91.12101471300008, 23.11861971600007], [91.11867905300005, 23.112934985000038], [91.11694822700008, 23.108952911000074], [91.11598971500007, 23.104623957000058], [91.11463010600005, 23.100878200000068], [91.11312155400003, 23.09696278000007], [91.11213535400003, 23.09372645600007], [91.11098812500006, 23.088852548000034], [91.11061449300007, 23.08380248900005], [91.11110403200007, 23.07601517300003], [91.11034971300006, 23.06953390800004], [91.10967683100006, 23.06397383700005], [91.10908955000008, 23.05984703300004], [91.10803975300007, 23.057806001000074], [91.10351415500008, 23.050292726000066], [91.10216217000004, 23.047366116000035], [91.10110839400005, 23.04027233100004], [91.10037479100004, 23.03624891000004], [91.09954502800008, 23.029460803000063], [91.09979413500008, 23.02379181400005], [91.10013227800005, 23.015459270000065]]}, "properties": {"objectid": 175, "gid": 173, "id": 173, "gauge": "Meter gauge single", "length": 19106.308, "len_km": 19.11}}, {"type": "Feature", "id": 176, "geometry": {"type": "LineString", "coordinates": [[91.12021776600005, 22.955368373000056], [91.11511100800004, 22.966534078000052], [91.11014786200008, 22.977323083000044], [91.10550888200004, 22.987256177000063], [91.10191928400008, 22.994792033000067], [91.10103518300008, 22.99778703000004], [91.10054532400005, 23.00272211500004], [91.10043115200006, 23.007456646000037], [91.10018361200008, 23.01269356100005], [91.10013227800005, 23.015459270000065]]}, "properties": {"objectid": 176, "gid": 174, "id": 174, "gauge": "Meter gauge single", "length": 7053.708, "len_km": 7.05}}, {"type": "Feature", "id": 177, "geometry": {"type": "LineString", "coordinates": [[90.73293209100007, 23.241100292000056], [90.73592867600007, 23.24179859000003], [90.73819771100005, 23.24212314700003], [90.74268884200006, 23.242479083000035], [90.74967461800009, 23.242948709000075], [90.75616117500005, 23.24333662500004], [90.76909023400003, 23.244321367000055], [90.78129369400006, 23.245266752000077], [90.78650608700008, 23.24568163600003], [90.78874376800007, 23.246157996000022], [90.79627005900005, 23.248615280000024], [90.80163953200008, 23.25044361600004], [90.80627465000003, 23.25205397900004], [90.81477226300007, 23.254943101000038], [90.81691484200007, 23.255355460000033], [90.82742355800008, 23.256857772000046], [90.83388550900008, 23.257684018000077], [90.83745653500006, 23.25786578000003], [90.84391280500006, 23.25777385500004], [90.84630281500006, 23.257732313000076], [90.84748202700007, 23.257668592000073], [90.85638998000007, 23.257476862000033], [90.86002144100007, 23.25739965500003], [90.86529807600004, 23.25731330800005], [90.87014030900008, 23.257257872000025], [90.87755931700008, 23.257245269000066], [90.88122121600009, 23.25708136000003], [90.88286525500007, 23.25690004300003], [90.88425982600006, 23.256548030000033], [90.88747630100005, 23.25475169200007], [90.89025927100005, 23.253129830000034], [90.89291858700005, 23.251594665000027], [90.89595165400004, 23.250258089000056], [90.89833802800007, 23.249699529000054], [90.90345542300008, 23.24906788900006], [90.91418745000004, 23.24791594000004], [90.92029810900004, 23.24730665100003], [90.92436097300003, 23.246823911000035], [90.92873418500005, 23.246339232000025], [90.93360376700008, 23.24582280100003], [90.93803958100006, 23.245423533000064], [90.94250519100007, 23.244851880000056], [90.94678494000004, 23.24433858200007], [90.95187141600007, 23.243791602000044], [90.96126933200009, 23.242845295000052], [90.97010780900007, 23.241815845000076], [90.98908760200004, 23.239718587000027], [91.00657851800008, 23.237829356000077], [91.02158673300005, 23.23604038800005], [91.03092115700008, 23.235061676000043], [91.03578958900005, 23.234513427000024], [91.04453345200005, 23.233451763000062], [91.05346448300008, 23.232531761000075], [91.06577414000003, 23.231100826000045], [91.07209919200005, 23.230340820000038], [91.07532616600008, 23.230261416000076], [91.07706516200005, 23.230392906000077], [91.07855705000009, 23.230669471000056], [91.08664373800008, 23.23285076600007], [91.09441963300009, 23.234947763000037], [91.09600915200008, 23.235768387000064], [91.09831975300006, 23.237473016000024], [91.09937868200007, 23.23792448000006], [91.10124287100007, 23.238169541000048], [91.10332242000004, 23.238183632000073], [91.10503026200007, 23.23828634800003], [91.11856204500003, 23.242004937000047], [91.12238708400008, 23.24297473300004], [91.12418083400007, 23.244061275000035], [91.12491281600006, 23.24498810800003], [91.12553631200007, 23.24628821300007]]}, "properties": {"objectid": 177, "gid": 175, "id": 175, "gauge": "Meter gauge single", "length": 41156.357, "len_km": 41.16}}, {"type": "Feature", "id": 178, "geometry": {"type": "LineString", "coordinates": [[91.18545561000008, 23.80630692400007], [91.17656272000005, 23.79227276100005], [91.17253272100004, 23.78599451100007], [91.16727579000008, 23.777502953000067], [91.16695682800008, 23.77668090000003], [91.16667202400004, 23.77532089500005], [91.16609188800004, 23.771418034000078], [91.16521585300006, 23.76490062000005], [91.16429396100006, 23.75759491900004], [91.16371782300007, 23.754122162000044], [91.16351004200004, 23.752654026000073], [91.16258888300007, 23.74979324700007], [91.15941698500006, 23.74167187100005], [91.15568794900008, 23.732005400000048], [91.15386304500004, 23.725232078000033], [91.15241054200004, 23.719459654000048], [91.15087402400007, 23.712970901000062], [91.14920769700007, 23.706459189000043], [91.14839919400004, 23.70304780300006], [91.14812754300004, 23.70166374400003], [91.14811437100008, 23.70015827900005], [91.14828223500007, 23.698579777000077], [91.14912336500004, 23.696828994000043], [91.15042991200005, 23.694883565000055], [91.15281228000003, 23.691328965000025], [91.15701461000003, 23.685227574000066], [91.16016473500008, 23.680496137000034], [91.16098281700005, 23.67910393300008], [91.16125577900004, 23.67769191600007], [91.16116906600007, 23.676688858000034], [91.16092561800008, 23.675567484000055], [91.15970295400007, 23.67227874100007], [91.15816163800008, 23.668155941000066], [91.15599279700007, 23.662019280000038], [91.15376906300008, 23.655475025000044], [91.15196077700006, 23.650446007000028], [91.15044363100009, 23.64606004600006], [91.15009824900005, 23.64513058700004], [91.14977547200004, 23.64381859200006], [91.14966189700004, 23.642696228000034], [91.14974119300007, 23.640234946000078], [91.14986597500007, 23.636361746000034], [91.15007601200006, 23.62476964800004], [91.15027757900003, 23.61814839400006], [91.15028800700009, 23.610764483000025], [91.15068647300006, 23.599624349000067], [91.15070984900007, 23.593386767000027], [91.15071660200005, 23.59118808900007], [91.15108616600008, 23.588962824000077], [91.15138773300004, 23.587861274000034], [91.15176854200007, 23.58692642400007], [91.15352676300006, 23.583376454000074], [91.15512932200005, 23.579827624000075], [91.15760055000004, 23.574814523000043], [91.15979144700003, 23.570377033000057], [91.16346418800003, 23.563466923000078], [91.16664886500007, 23.55711005200004], [91.17077332200006, 23.548595216000024], [91.17263318400006, 23.544924791000028], [91.17301484900008, 23.541193803000056], [91.17355291500007, 23.534641650000026], [91.17370275600007, 23.531079693000038], [91.17263645200006, 23.524826405000056], [91.17159892600006, 23.518883561000052], [91.17045573500008, 23.512702516000047], [91.16954384100006, 23.507894648000047], [91.16879668800004, 23.50384871800003], [91.16843789800004, 23.501365987000042], [91.16805784600007, 23.499409177000075], [91.16737656600009, 23.49561445200004], [91.16658769100007, 23.491366458000073], [91.16595958600004, 23.48771471200007], [91.16538817000009, 23.484612200000072], [91.16522032300009, 23.483203452000055], [91.16529112000006, 23.482414276000043], [91.16650726900008, 23.47633499400007], [91.16817638300006, 23.46874671100005], [91.16949613200006, 23.462690526000074], [91.17056790300006, 23.45790280600005], [91.17178869800006, 23.45239700600007], [91.17280513800006, 23.447227311000063], [91.17319756600006, 23.441799418000073], [91.17362178000008, 23.437040438000054], [91.17406701600004, 23.431731633000027], [91.17427751900004, 23.42917291400005], [91.17421284700004, 23.427715594000063], [91.17407428200005, 23.426689001000057], [91.17378012200004, 23.425639679000028], [91.17236141600006, 23.423356081000065], [91.17107497900008, 23.42138215600005], [91.17015533800009, 23.41988344200007], [91.16937917700005, 23.418013994000034], [91.16880184900003, 23.416165405000072], [91.16850250900006, 23.414518644000054], [91.16845751500006, 23.41234421300004], [91.16843590000008, 23.40988282400008], [91.16839405900004, 23.408066846000054], [91.16822694500007, 23.40672977500003], [91.16790146200003, 23.405643740000073], [91.16650814700006, 23.39971643000007], [91.16322812000004, 23.38780151900005], [91.16054231300006, 23.378093414000034], [91.15714177900009, 23.36479834900007], [91.15286183100005, 23.348841641000035], [91.15093622600006, 23.341662255000074], [91.14924747000003, 23.334911275000024], [91.14839238000008, 23.33178679100007], [91.14703105900008, 23.326969184000063], [91.14523920800008, 23.320218890000035], [91.14381759000008, 23.314374026000053], [91.14146762500008, 23.30585921200003], [91.13879448600005, 23.29581715300003], [91.13735306800004, 23.29061761400004], [91.13668211800007, 23.287778484000057], [91.13636253200008, 23.286705340000026], [91.13557524600003, 23.28539659000006], [91.13248932200008, 23.281499439000072], [91.13005878600006, 23.27860126400003], [91.12890863500007, 23.277199492000022], [91.12840443000005, 23.27569747000007], [91.12824891500009, 23.272591694000027], [91.12819325800007, 23.26905501300007], [91.12792644800004, 23.265017965000027], [91.12790914900006, 23.262962756000036], [91.12747611700007, 23.25761243900007], [91.12665154500007, 23.25183473900006], [91.12602976900007, 23.248636696000062], [91.12553631200007, 23.24628821300007]]}, "properties": {"objectid": 178, "gid": 176, "id": 176, "gauge": "Meter gauge single", "length": 64739.115, "len_km": 64.74}}, {"type": "Feature", "id": 179, "geometry": {"type": "LineString", "coordinates": [[91.12553266700007, 23.245531451000033], [91.12531897300005, 23.244888743000047], [91.12471275800004, 23.242897215000028], [91.12432295200006, 23.241631922000067], [91.12287566000003, 23.236933849000025], [91.12258459800006, 23.235530649000054], [91.12241407800008, 23.233696398000063], [91.12243647700006, 23.232663786000046], [91.12282743000009, 23.231169675000046], [91.12411110900007, 23.22880880400004], [91.12506132700008, 23.227396724000073], [91.12597640600006, 23.225497344000075], [91.12710771400003, 23.223481693000053], [91.12830032500005, 23.221379556000045], [91.12946018300005, 23.219076892000032], [91.13103340300006, 23.21427615500005], [91.13254397900005, 23.20941849700006], [91.13420886000006, 23.20447367400004], [91.13550592500007, 23.200076396000043], [91.13583484600008, 23.198611381000035], [91.13598173200006, 23.197635226000045], [91.13606777800004, 23.196802907000063], [91.13599700500004, 23.195770966000055], [91.13570446300008, 23.19419571800006], [91.13501810100007, 23.190070857000023], [91.13388203500006, 23.18329913100007]]}, "properties": {"objectid": 179, "gid": 177, "id": 177, "gauge": "Meter gauge single", "length": 7210.89, "len_km": 7.21}}, {"type": "Feature", "id": 180, "geometry": {"type": "LineString", "coordinates": [[91.12553631200007, 23.24628821300007], [91.12553266700007, 23.245531451000033], [91.12553938700006, 23.244005362000053], [91.12581592800007, 23.242653620000056], [91.12708836200005, 23.240545964000034], [91.12887498000003, 23.23909710500004], [91.13049097700008, 23.237826084000062], [91.13200149900007, 23.235998864000067], [91.13288707800007, 23.23367425300006], [91.13340067600006, 23.23093127900006], [91.13415772300004, 23.227953160000027], [91.13539393200006, 23.22428764500006], [91.13636323000009, 23.222703288000048], [91.13753876600003, 23.221045736000065], [91.13910214600008, 23.21938536700003], [91.14243931000004, 23.216493241000023], [91.14547012200006, 23.21408126700004], [91.15088726600004, 23.209524758000043], [91.15643228900007, 23.204847637000057], [91.16403057000008, 23.198458308000056], [91.16924128900007, 23.194093921000047], [91.18163734600006, 23.183653005000053], [91.18630722400007, 23.179650628000047], [91.19196295900008, 23.17488669900007], [91.19454612500004, 23.172648926000022]]}, "properties": {"objectid": 180, "gid": 178, "id": 178, "gauge": "Meter gauge single", "length": 11075.719, "len_km": 11.08}}, {"type": "Feature", "id": 181, "geometry": {"type": "LineString", "coordinates": [[91.21283790700005, 23.878650239000024], [91.21429589100006, 23.880323476000058], [91.21701538900004, 23.88349223000006], [91.22291017300006, 23.890578704000063], [91.22384719900003, 23.892793657000027], [91.22471270300008, 23.89569023200005], [91.22622264600005, 23.900768219000042], [91.22821005700007, 23.90684603400007], [91.23004645600008, 23.91342685400008], [91.23201851000005, 23.919899017000034], [91.23310635300004, 23.923582330000045], [91.23442547700006, 23.92569601300005], [91.23732713400005, 23.92863839200004], [91.24236716900003, 23.933687700000064], [91.24343139800004, 23.93486197200008], [91.24480899600007, 23.936177075000046], [91.25142372400006, 23.942682928000067], [91.25421897000007, 23.945384328000046], [91.25737054800004, 23.94862042400007], [91.25855308300004, 23.94990114500007], [91.25981747300006, 23.951575475000027], [91.26298527700004, 23.956250951000072], [91.26729521100003, 23.962410685000066], [91.27113242400009, 23.967863161000025], [91.27485647300006, 23.973674912000035], [91.27592309700003, 23.975028132000034], [91.27914618200003, 23.97747455700005], [91.28170409900008, 23.979711402000078], [91.28308327900004, 23.981097801000033], [91.28423518000005, 23.983167131000073], [91.28737259800005, 23.98873253200003], [91.28955896700006, 23.992800403000047], [91.29074759300005, 23.994618455000023], [91.29220864000007, 23.996362513000065], [91.29437083400006, 23.998291274000053], [91.29677165000004, 24.000051776000078], [91.29883434400006, 24.00154536200006]]}, "properties": {"objectid": 181, "gid": 179, "id": 179, "gauge": "Meter gauge single", "length": 16485.757, "len_km": 16.49}}, {"type": "Feature", "id": 182, "geometry": {"type": "LineString", "coordinates": [[91.20898605500008, 23.87328580700006], [91.20876216900007, 23.87436292800004], [91.20866354000003, 23.876335202000064], [91.20855159400008, 23.87687376300005], [91.20801386500005, 23.87773827500007], [91.20611414600006, 23.878864382000074], [91.20459457800007, 23.878947974000027], [91.20163544000008, 23.87911438900005], [91.19968470400005, 23.879165553000064], [91.19775684100006, 23.879234336000025], [91.19581012000003, 23.879500394000047], [91.19501365100007, 23.879793344000063], [91.19221984600006, 23.881212989000062], [91.18701696300008, 23.883511481000028], [91.18105991000004, 23.886496660000034], [91.17415847200004, 23.890707578000047], [91.16535527800005, 23.895936298000038], [91.16388311500003, 23.896986971000047], [91.16043060600003, 23.89894872700006], [91.15825979100003, 23.90036307400004], [91.15624583600004, 23.90188375100007], [91.15466325200003, 23.903687931000036], [91.15154552100006, 23.90826372500004], [91.14889261500008, 23.91251337500006], [91.14691083300005, 23.915503374000025], [91.14358503500006, 23.920869177000043], [91.13993191300005, 23.926739183000052], [91.13769969500004, 23.93012523300007], [91.13638698900007, 23.931640471000037], [91.12863686200006, 23.939744991000055], [91.12581610000007, 23.942651282000043], [91.12357610800007, 23.945212740000045], [91.12304219200007, 23.94661463400007], [91.12276763100004, 23.951079451000055], [91.12237861700004, 23.955706408000026], [91.12235419500007, 23.95739134100006], [91.12200173000008, 23.959347515000047], [91.12083902300003, 23.96247459400007], [91.11988027200005, 23.964381419000063], [91.11903480400008, 23.96585726400008], [91.11767973800005, 23.96705005000007], [91.11620021300007, 23.96738342900005], [91.11471574700005, 23.967143297000064], [91.11186077600007, 23.96630370500003], [91.10904178200008, 23.965105339000047], [91.10744032900004, 23.96486598100006], [91.10646514200005, 23.964873014000034], [91.10519984500007, 23.96516889700007], [91.10060546800008, 23.966205597000055], [91.09733426200006, 23.966874247000078], [91.09640261300007, 23.967418594000037], [91.09275879600006, 23.970168878000038], [91.08735129300004, 23.97429373500006], [91.08285482900004, 23.977766753000026], [91.07911439000009, 23.98069663800004], [91.07364778400006, 23.98485729400005], [91.06992525100009, 23.98764345400008], [91.06455559200003, 23.991803123000068], [91.06222844900003, 23.993504028000075], [91.05038127300008, 24.002511338000033], [91.04184863600005, 24.008986037000057], [91.03378141600007, 24.01520621800006], [91.03075557800008, 24.017484915000068], [91.02800166800006, 24.019618345000026], [91.02241495300007, 24.023813897000025], [91.01663470900007, 24.028261461000056], [91.00724447400006, 24.035313537000036], [91.00557511400007, 24.036471591000065], [91.00212421700007, 24.039433615000064], [91.00080715200005, 24.040732699000046], [90.99669994700008, 24.044666747000065], [90.99643650300004, 24.044912125000053]]}, "properties": {"objectid": 182, "gid": 180, "id": 180, "gauge": "Meter gauge double", "length": 30517.772, "len_km": 30.52}}, {"type": "Feature", "id": 183, "geometry": {"type": "LineString", "coordinates": [[88.94190177400003, 25.587355181000078], [88.94171290800006, 25.588372781000032], [88.94151745500005, 25.589588251000066], [88.94184715100005, 25.59079870200003], [88.94252144800004, 25.591526654000063], [88.94297598100007, 25.59181211500004], [88.94330472900003, 25.59202612300004], [88.94455424200004, 25.592499420000024], [88.94651672300006, 25.592798824000056], [88.94810088800006, 25.592943098000035], [88.95699177000006, 25.593926657000054], [88.98173162400008, 25.596526158000074], [88.98820408800003, 25.597281905000045], [88.99244132900003, 25.597896545000026], [88.99529913700007, 25.59804164700006], [88.99677572500008, 25.597926345000076], [88.99779329500006, 25.597557004000066], [89.00321214400003, 25.594708926000067], [89.02574237400006, 25.582776659000046], [89.03627620400005, 25.577243408000072], [89.04696812000003, 25.57200309700005], [89.05328365400004, 25.569158939000033], [89.05508878900008, 25.568250701000068], [89.05726040300004, 25.567637498000067], [89.05901579300007, 25.567188841000075], [89.06095295900008, 25.567075842000065], [89.06390171500004, 25.567303800000047], [89.06519153600004, 25.567437485000028]]}, "properties": {"objectid": 183, "gid": 181, "id": 181, "gauge": "Both (Meter & Broad)", "length": 13760.334, "len_km": 13.76}}, {"type": "Feature", "id": 184, "geometry": {"type": "LineString", "coordinates": [[89.71462396800007, 25.130120342000055], [89.71871462400009, 25.128879617000052], [89.71992526000008, 25.128686060000064], [89.72229118800004, 25.128984286000048], [89.72535520100007, 25.129797879000023], [89.72884928200006, 25.13073460100003], [89.73078427600007, 25.131350161000057], [89.73255760700005, 25.132112292000045], [89.73368529100009, 25.13297116700005], [89.73489288100006, 25.134197397000037], [89.73605999500006, 25.135496989000046], [89.73815281500003, 25.137826424000025], [89.73989679700009, 25.139812479000057], [89.74198976300005, 25.14214185900005], [89.74441820000004, 25.144863489000045], [89.74675321100005, 25.147291144000064], [89.74806790800005, 25.14888466700006], [89.74864420000006, 25.149864897000043], [89.74907311300007, 25.150575581000055], [89.74936689000003, 25.151604290000023], [89.74965932200007, 25.153293991000055], [89.74979062000006, 25.154861012000026], [89.74988326900007, 25.15559560500003], [89.75041806100006, 25.157163307000076], [89.75100686600007, 25.158633172000066], [89.75148902800004, 25.159637712000062], [89.75186428900008, 25.160299334000058], [89.75234750200008, 25.16078976800003], [89.75320766700008, 25.161109459000045], [89.75449853700007, 25.161282974000073], [89.75568224800008, 25.161235970000064], [89.75638228800005, 25.160918867000078], [89.75780861200008, 25.159564602000046]]}, "properties": {"objectid": 184, "gid": 182, "id": 182, "gauge": "Meter gauge single", "length": 6361.16, "len_km": 6.36}}, {"type": "Feature", "id": 185, "geometry": {"type": "LineString", "coordinates": [[91.76628278100009, 22.389986804000046], [91.76708420300008, 22.366838122000047], [91.77021359800005, 22.35485252500007], [91.77404666800004, 22.333704901000033], [91.77683725600008, 22.316637198000024], [91.77827721500006, 22.300855694000063], [91.79395707800006, 22.266100298000026]]}, "properties": {"objectid": 185, "gid": 183, "id": 183, "gauge": "Meter gauge single", "length": 14340, "len_km": 14.34}}]}