{
"type": "FeatureCollection",
"name": "comilla_zone_bridges",
"crs": { "type": "name", "properties": { "name": "urn:ogc:def:crs:OGC:1.3:CRS84" } },
"features": [
{"type":"Feature","properties":{"id":5,"sl":4108,"map_link":"https://maps.google.com/?q=23.34694440000000000,91.14722220000000000&amp;z=8&amp;t=k","image_popup":"8088/bms/assets/uploads/images/bridges/bridge_5/1648634376.jpg","bridge_name":"Dattapara Bridge","bridge_type":"PC Girder Bridge","road_no":"R141","zone":"Cumilla","circle":"Cumilla","division":"Cumilla","subdivision":"Cumilla","sae":"Cumilla-1","bridge_length_(m)":35.5,"bridge_width_(m)":10.3,"chainage_(km)":1.706,"xcoord":91.1472222,"ycoord":23.3469444,"bms_inventory":"http://bms.rhd.gov.bd:8088/bms/bridges/inventory_view/5","bms_detail":"http://bms.rhd.gov.bd:8088/bms/bridges/detail_view/5","keys":"[bridge_name, Bridge Name], [bridge_type,Type], [chainage_(km), Chainage (km)], [road_no, On Road], [division, Division], [subdivision, Subdivision], [bridge_length_(m), Length (m)], [bridge_width_(m), Width (m)],[map_link(=>{type:link, format:weblink}, Google Map,newtab=>),Google Map View],[bms_inventory(=>{type:link, format:weblink}, BMS Link,newtab=>), BMS Inventory],[bms_detail(=>{type:link, format:weblink},BMS Link,newtab=>), BMS Detailed View]","f_class_name":"PC Girder Bridge","f_class_color":"#6ebed6"},"geometry":{"type":"Point","coordinates":[91.1472222,23.3469444]}},
{"type":"Feature","properties":{"id":7,"sl":6775,"map_link":"https://maps.google.com/?q=23.35305560000000000,91.13055560000000000&amp;z=8&amp;t=k","image_popup":"8088/bms/assets/uploads/images/bridges/bridge_7/1641022762.jpg","bridge_name":"Jalalpur Bridge","bridge_type":"Small Slab Bridge","road_no":"Z1401","zone":"Cumilla","circle":"Cumilla","division":"Cumilla","subdivision":"Gouripur","sae":"Gouripur-1","bridge_length_(m)":3.0,"bridge_width_(m)":7.37,"chainage_(km)":0.811,"xcoord":91.1305556,"ycoord":23.3530556,"bms_inventory":"http://bms.rhd.gov.bd:8088/bms/bridges/inventory_view/7","bms_detail":"http://bms.rhd.gov.bd:8088/bms/bridges/detail_view/7","keys":"[bridge_name, Bridge Name], [bridge_type,Type], [chainage_(km), Chainage (km)], [road_no, On Road], [division, Division], [subdivision, Subdivision], [bridge_length_(m), Length (m)], [bridge_width_(m), Width (m)],[map_link(=>{type:link, format:weblink}, Google Map,newtab=>),Google Map View],[bms_inventory(=>{type:link, format:weblink}, BMS Link,newtab=>), BMS Inventory],[bms_detail(=>{type:link, format:weblink},BMS Link,newtab=>), BMS Detailed View]","f_class_name":"Small Slab Bridge","f_class_color":"#13b7dd"},"geometry":{"type":"Point","coordinates":[91.1305556,23.3530556]}},
{"type":"Feature","properties":{"id":9,"sl":15936,"map_link":"https://maps.google.com/?q=23.67111110000000000,91.00194440000000000&amp;z=8&amp;t=k","image_popup":"8088/bms/assets/uploads/images/bridges/bridge_9/1641031129.jpg","bridge_name":"Yousufpur Bridge","bridge_type":"RC Girder Bridge","road_no":"N102","zone":"Cumilla","circle":"Cumilla","division":"Cumilla","subdivision":"Gouripur","sae":"Gouripur-2","bridge_length_(m)":29.3,"bridge_width_(m)":8.9,"chainage_(km)":30.667,"xcoord":91.0019444,"ycoord":23.6711111,"bms_inventory":"http://bms.rhd.gov.bd:8088/bms/bridges/inventory_view/9","bms_detail":"http://bms.rhd.gov.bd:8088/bms/bridges/detail_view/9","keys":"[bridge_name, Bridge Name], [bridge_type,Type], [chainage_(km), Chainage (km)], [road_no, On Road], [division, Division], [subdivision, Subdivision], [bridge_length_(m), Length (m)], [bridge_width_(m), Width (m)],[map_link(=>{type:link, format:weblink}, Google Map,newtab=>),Google Map View],[bms_inventory(=>{type:link, format:weblink}, BMS Link,newtab=>), BMS Inventory],[bms_detail(=>{type:link, format:weblink},BMS Link,newtab=>), BMS Detailed View]","f_class_name":"RC Girder Bridge","f_class_color":"#e8f674"},"geometry":{"type":"Point","coordinates":[91.0019444,23.6711111]}},
{"type":"Feature","properties":{"id":12,"sl":488,"map_link":"https://maps.google.com/?q=23.36055560000000000,91.11694440000000000&amp;z=8&amp;t=k","image_popup":"8088/bms/assets/uploads/images/bridges/bridge_12/1641103142.jpg","bridge_name":"Amratoli Bridge","bridge_type":"Small Slab Bridge","road_no":"Z1401","zone":"Cumilla","circle":"Cumilla","division":"Cumilla","subdivision":"Gouripur","sae":"Gouripur-1","bridge_length_(m)":1.52,"bridge_width_(m)":9.1,"chainage_(km)":3.808,"xcoord":91.1169444,"ycoord":23.3605556,"bms_inventory":"http://bms.rhd.gov.bd:8088/bms/bridges/inventory_view/12","bms_detail":"http://bms.rhd.gov.bd:8088/bms/bridges/detail_view/12","keys":"[bridge_name, Bridge Name], [bridge_type,Type], [chainage_(km), Chainage (km)], [road_no, On Road], [division, Division], [subdivision, Subdivision], [bridge_length_(m), Length (m)], [bridge_width_(m), Width (m)],[map_link(=>{type:link, format:weblink}, Google Map,newtab=>),Google Map View],[bms_inventory(=>{type:link, format:weblink}, BMS Link,newtab=>), BMS Inventory],[bms_detail(=>{type:link, format:weblink},BMS Link,newtab=>), BMS Detailed View]","f_class_name":"Small Slab Bridge","f_class_color":"#13b7dd"},"geometry":{"type":"Point","coordinates":[91.1169444,23.3605556]}},
{"type":"Feature","properties":{"id":14,"sl":13025,"map_link":"https://maps.google.com/?q=23.36250000000000000,91.11388890000000000&amp;z=8&amp;t=k","image_popup":"8088/bms/assets/uploads/images/bridges/bridge_14/1641106083.jpg","bridge_name":"Safura Bridge","bridge_type":"Small Slab Bridge","road_no":"Z1401","zone":"Cumilla","circle":"Cumilla","division":"Cumilla","subdivision":"Gouripur","sae":"Gouripur-1","bridge_length_(m)":1.53,"bridge_width_(m)":8.85,"chainage_(km)":4.447,"xcoord":91.1138889,"ycoord":23.3625,"bms_inventory":"http://bms.rhd.gov.bd:8088/bms/bridges/inventory_view/14","bms_detail":"http://bms.rhd.gov.bd:8088/bms/bridges/detail_view/14","keys":"[bridge_name, Bridge Name], [bridge_type,Type], [chainage_(km), Chainage (km)], [road_no, On Road], [division, Division], [subdivision, Subdivision], [bridge_length_(m), Length (m)], [bridge_width_(m), Width (m)],[map_link(=>{type:link, format:weblink}, Google Map,newtab=>),Google Map View],[bms_inventory(=>{type:link, format:weblink}, BMS Link,newtab=>), BMS Inventory],[bms_detail(=>{type:link, format:weblink},BMS Link,newtab=>), BMS Detailed View]","f_class_name":"Small Slab Bridge","f_class_color":"#13b7dd"},"geometry":{"type":"Point","coordinates":[91.1138889,23.3625]}},
{"type":"Feature","properties":{"id":16,"sl":4529,"map_link":"https://maps.google.com/?q=23.36611110000000000,91.10861110000000000&amp;z=8&amp;t=k","image_popup":"8088/bms/assets/uploads/images/bridges/bridge_16/1641114116.jpg","bridge_name":"Dighot Bridge","bridge_type":"RC Girder Bridge","road_no":"Z1401","zone":"Cumilla","circle":"Cumilla","division":"Cumilla","subdivision":"Gouripur","sae":"Gouripur-1","bridge_length_(m)":5.63,"bridge_width_(m)":6.55,"chainage_(km)":5.021,"xcoord":91.1086111,"ycoord":23.3661111,"bms_inventory":"http://bms.rhd.gov.bd:8088/bms/bridges/inventory_view/16","bms_detail":"http://bms.rhd.gov.bd:8088/bms/bridges/detail_view/16","keys":"[bridge_name, Bridge Name], [bridge_type,Type], [chainage_(km), Chainage (km)], [road_no, On Road], [division, Division], [subdivision, Subdivision], [bridge_length_(m), Length (m)], [bridge_width_(m), Width (m)],[map_link(=>{type:link, format:weblink}, Google Map,newtab=>),Google Map View],[bms_inventory(=>{type:link, format:weblink}, BMS Link,newtab=>), BMS Inventory],[bms_detail(=>{type:link, format:weblink},BMS Link,newtab=>), BMS Detailed View]","f_class_name":"RC Girder Bridge","f_class_color":"#e8f674"},"geometry":{"type":"Point","coordinates":[91.1086111,23.3661111]}},
{"type":"Feature","properties":{"id":18,"sl":14807,"map_link":"https://maps.google.com/?q=23.53361110000000000,91.06138890000000000&amp;z=8&amp;t=k","image_popup":"8088/bms/assets/uploads/images/bridges/bridge_18/1641118304.jpg","bridge_name":"Taltola Bridge","bridge_type":"Portable Steel Bridge","road_no":"Z1219","zone":"Cumilla","circle":"Cumilla","division":"Cumilla","subdivision":"Gouripur","sae":"Gouripur-1","bridge_length_(m)":18.5,"bridge_width_(m)":4.76,"chainage_(km)":6.5,"xcoord":91.0613889,"ycoord":23.5336111,"bms_inventory":"http://bms.rhd.gov.bd:8088/bms/bridges/inventory_view/18","bms_detail":"http://bms.rhd.gov.bd:8088/bms/bridges/detail_view/18","keys":"[bridge_name, Bridge Name], [bridge_type,Type], [chainage_(km), Chainage (km)], [road_no, On Road], [division, Division], [subdivision, Subdivision], [bridge_length_(m), Length (m)], [bridge_width_(m), Width (m)],[map_link(=>{type:link, format:weblink}, Google Map,newtab=>),Google Map View],[bms_inventory(=>{type:link, format:weblink}, BMS Link,newtab=>), BMS Inventory],[bms_detail(=>{type:link, format:weblink},BMS Link,newtab=>), BMS Detailed View]","f_class_name":"Portable Steel Bridge","f_class_color":"#29ffa4"},"geometry":{"type":"Point","coordinates":[91.0613889,23.5336111]}},
{"type":"Feature","properties":{"id":19,"sl":4535,"map_link":"https://maps.google.com/?q=23.36861110000000000,91.10055560000000000&amp;z=8&amp;t=k","image_popup":"8088/bms/assets/uploads/images/bridges/bridge_19/1641117929.jpg","bridge_name":"Digolia Bridge","bridge_type":"RC Girder Bridge","road_no":"Z1401","zone":"Cumilla","circle":"Cumilla","division":"Cumilla","subdivision":"Gouripur","sae":"Gouripur-1","bridge_length_(m)":7.05,"bridge_width_(m)":6.6,"chainage_(km)":6.037,"xcoord":91.1005556,"ycoord":23.3686111,"bms_inventory":"http://bms.rhd.gov.bd:8088/bms/bridges/inventory_view/19","bms_detail":"http://bms.rhd.gov.bd:8088/bms/bridges/detail_view/19","keys":"[bridge_name, Bridge Name], [bridge_type,Type], [chainage_(km), Chainage (km)], [road_no, On Road], [division, Division], [subdivision, Subdivision], [bridge_length_(m), Length (m)], [bridge_width_(m), Width (m)],[map_link(=>{type:link, format:weblink}, Google Map,newtab=>),Google Map View],[bms_inventory(=>{type:link, format:weblink}, BMS Link,newtab=>), BMS Inventory],[bms_detail(=>{type:link, format:weblink},BMS Link,newtab=>), BMS Detailed View]","f_class_name":"RC Girder Bridge","f_class_color":"#e8f674"},"geometry":{"type":"Point","coordinates":[91.1005556,23.3686111]}},
{"type":"Feature","properties":{"id":141,"sl":2685,"map_link":"https://maps.google.com/?q=23.38138890000000000,91.01833330000000000&amp;z=8&amp;t=k","image_popup":"8088/bms/assets/uploads/images/bridges/bridge_141/1641966348.jpg","bridge_name":"Bourapara Bridge","bridge_type":"Small Slab Bridge","road_no":"Z1401","zone":"Cumilla","circle":"Cumilla","division":"Cumilla","subdivision":"Gouripur","sae":"Gouripur-1","bridge_length_(m)":3.4,"bridge_width_(m)":4.7,"chainage_(km)":13.319,"xcoord":91.0183333,"ycoord":23.3813889,"bms_inventory":"http://bms.rhd.gov.bd:8088/bms/bridges/inventory_view/141","bms_detail":"http://bms.rhd.gov.bd:8088/bms/bridges/detail_view/141","keys":"[bridge_name, Bridge Name], [bridge_type,Type], [chainage_(km), Chainage (km)], [road_no, On Road], [division, Division], [subdivision, Subdivision], [bridge_length_(m), Length (m)], [bridge_width_(m), Width (m)],[map_link(=>{type:link, format:weblink}, Google Map,newtab=>),Google Map View],[bms_inventory(=>{type:link, format:weblink}, BMS Link,newtab=>), BMS Inventory],[bms_detail(=>{type:link, format:weblink},BMS Link,newtab=>), BMS Detailed View]","f_class_name":"Small Slab Bridge","f_class_color":"#13b7dd"},"geometry":{"type":"Point","coordinates":[91.0183333,23.3813889]}},
{"type":"Feature","properties":{"id":190,"sl":10176,"map_link":"https://maps.google.com/?q=23.51000000000000000,90.79638890000000000&amp;z=8&amp;t=k","image_popup":"8088/bms/assets/uploads/images/bridges/bridge_190/1642077233.jpg","bridge_name":"Mohanonda","bridge_type":"RC Girder Bridge","road_no":"Z1044","zone":"Cumilla","circle":"Cumilla","division":"Cumilla","subdivision":"Gouripur","sae":"Gouripur-1","bridge_length_(m)":9.8,"bridge_width_(m)":9.8,"chainage_(km)":2.0,"xcoord":90.7963889,"ycoord":23.51,"bms_inventory":"http://bms.rhd.gov.bd:8088/bms/bridges/inventory_view/190","bms_detail":"http://bms.rhd.gov.bd:8088/bms/bridges/detail_view/190","keys":"[bridge_name, Bridge Name], [bridge_type,Type], [chainage_(km), Chainage (km)], [road_no, On Road], [division, Division], [subdivision, Subdivision], [bridge_length_(m), Length (m)], [bridge_width_(m), Width (m)],[map_link(=>{type:link, format:weblink}, Google Map,newtab=>),Google Map View],[bms_inventory(=>{type:link, format:weblink}, BMS Link,newtab=>), BMS Inventory],[bms_detail(=>{type:link, format:weblink},BMS Link,newtab=>), BMS Detailed View]","f_class_name":"RC Girder Bridge","f_class_color":"#e8f674"},"geometry":{"type":"Point","coordinates":[90.7963889,23.51]}},
{"type":"Feature","properties":{"id":194,"sl":12439,"map_link":"https://maps.google.com/?q=23.47166670000000000,90.81361110000000000&amp;z=8&amp;t=k","image_popup":"8088/bms/assets/uploads/images/bridges/bridge_194/1642081086.jpg","bridge_name":"Raipur RC Girder Bridge","bridge_type":"RC Girder Bridge","road_no":"Z1044","zone":"Cumilla","circle":"Cumilla","division":"Cumilla","subdivision":"Gouripur","sae":"Gouripur-3","bridge_length_(m)":16.55,"bridge_width_(m)":9.8,"chainage_(km)":8.17,"xcoord":90.8136111,"ycoord":23.4716667,"bms_inventory":"http://bms.rhd.gov.bd:8088/bms/bridges/inventory_view/194","bms_detail":"http://bms.rhd.gov.bd:8088/bms/bridges/detail_view/194","keys":"[bridge_name, Bridge Name], [bridge_type,Type], [chainage_(km), Chainage (km)], [road_no, On Road], [division, Division], [subdivision, Subdivision], [bridge_length_(m), Length (m)], [bridge_width_(m), Width (m)],[map_link(=>{type:link, format:weblink}, Google Map,newtab=>),Google Map View],[bms_inventory(=>{type:link, format:weblink}, BMS Link,newtab=>), BMS Inventory],[bms_detail(=>{type:link, format:weblink},BMS Link,newtab=>), BMS Detailed View]","f_class_name":"RC Girder Bridge","f_class_color":"#e8f674"},"geometry":{"type":"Point","coordinates":[90.8136111,23.4716667]}},
{"type":"Feature","properties":{"id":197,"sl":10150,"map_link":"https://maps.google.com/?q=23.49666670000000000,90.80472220000000000&amp;z=8&amp;t=k","image_popup":"8088/bms/assets/uploads/images/bridges/bridge_197/1642234324.jpg","bridge_name":"Mohammadpur - 1","bridge_type":"RC Girder Bridge","road_no":"Z1044","zone":"Cumilla","circle":"Cumilla","division":"Cumilla","subdivision":"Gouripur","sae":"Gouripur-1","bridge_length_(m)":7.53,"bridge_width_(m)":8.0,"chainage_(km)":4.6,"xcoord":90.8047222,"ycoord":23.4966667,"bms_inventory":"http://bms.rhd.gov.bd:8088/bms/bridges/inventory_view/197","bms_detail":"http://bms.rhd.gov.bd:8088/bms/bridges/detail_view/197","keys":"[bridge_name, Bridge Name], [bridge_type,Type], [chainage_(km), Chainage (km)], [road_no, On Road], [division, Division], [subdivision, Subdivision], [bridge_length_(m), Length (m)], [bridge_width_(m), Width (m)],[map_link(=>{type:link, format:weblink}, Google Map,newtab=>),Google Map View],[bms_inventory(=>{type:link, format:weblink}, BMS Link,newtab=>), BMS Inventory],[bms_detail(=>{type:link, format:weblink},BMS Link,newtab=>), BMS Detailed View]","f_class_name":"RC Girder Bridge","f_class_color":"#e8f674"},"geometry":{"type":"Point","coordinates":[90.8047222,23.4966667]}},
{"type":"Feature","properties":{"id":199,"sl":5090,"map_link":"https://maps.google.com/?q=23.37694440000000000,91.00944440000000000&amp;z=8&amp;t=k","image_popup":"8088/bms/assets/uploads/images/bridges/bridge_199/1642329488.jpg","bridge_name":"Fakiramom Bridge","bridge_type":"PC Girder Bridge","road_no":"Z1401","zone":"Cumilla","circle":"Cumilla","division":"Cumilla","subdivision":"Gouripur","sae":"Gouripur-1","bridge_length_(m)":26.25,"bridge_width_(m)":10.25,"chainage_(km)":14.578,"xcoord":91.0094444,"ycoord":23.3769444,"bms_inventory":"http://bms.rhd.gov.bd:8088/bms/bridges/inventory_view/199","bms_detail":"http://bms.rhd.gov.bd:8088/bms/bridges/detail_view/199","keys":"[bridge_name, Bridge Name], [bridge_type,Type], [chainage_(km), Chainage (km)], [road_no, On Road], [division, Division], [subdivision, Subdivision], [bridge_length_(m), Length (m)], [bridge_width_(m), Width (m)],[map_link(=>{type:link, format:weblink}, Google Map,newtab=>),Google Map View],[bms_inventory(=>{type:link, format:weblink}, BMS Link,newtab=>), BMS Inventory],[bms_detail(=>{type:link, format:weblink},BMS Link,newtab=>), BMS Detailed View]","f_class_name":"PC Girder Bridge","f_class_color":"#6ebed6"},"geometry":{"type":"Point","coordinates":[91.0094444,23.3769444]}},
{"type":"Feature","properties":{"id":277,"sl":11731,"map_link":"https://maps.google.com/?q=23.62361110000000000,90.97277780000000000&amp;z=8&amp;t=k","image_popup":"8088/bms/assets/uploads/images/bridges/bridge_277/1642993670.jpeg","bridge_name":"Pannarpul Bridge","bridge_type":"RC Girder Bridge","road_no":"N102","zone":"Cumilla","circle":"Cumilla","division":"Cumilla","subdivision":"Gouripur","sae":"Gouripur-1","bridge_length_(m)":35.18,"bridge_width_(m)":9.85,"chainage_(km)":23.7,"xcoord":90.9727778,"ycoord":23.6236111,"bms_inventory":"http://bms.rhd.gov.bd:8088/bms/bridges/inventory_view/277","bms_detail":"http://bms.rhd.gov.bd:8088/bms/bridges/detail_view/277","keys":"[bridge_name, Bridge Name], [bridge_type,Type], [chainage_(km), Chainage (km)], [road_no, On Road], [division, Division], [subdivision, Subdivision], [bridge_length_(m), Length (m)], [bridge_width_(m), Width (m)],[map_link(=>{type:link, format:weblink}, Google Map,newtab=>),Google Map View],[bms_inventory(=>{type:link, format:weblink}, BMS Link,newtab=>), BMS Inventory],[bms_detail(=>{type:link, format:weblink},BMS Link,newtab=>), BMS Detailed View]","f_class_name":"RC Girder Bridge","f_class_color":"#e8f674"},"geometry":{"type":"Point","coordinates":[90.9727778,23.6236111]}},
{"type":"Feature","properties":{"id":278,"sl":1881,"map_link":"https://maps.google.com/?q=23.51722220000000000,90.94138890000000000&amp;z=8&amp;t=k","image_popup":"8088/bms/assets/uploads/images/bridges/bridge_278/1642999691.jpg","bridge_name":"Bhani -2","bridge_type":"RC Girder Bridge","road_no":"Z1017","zone":"Cumilla","circle":"Cumilla","division":"Cumilla","subdivision":"Gouripur","sae":"Gouripur-1","bridge_length_(m)":6.05,"bridge_width_(m)":4.27,"chainage_(km)":1.96,"xcoord":90.9413889,"ycoord":23.5172222,"bms_inventory":"http://bms.rhd.gov.bd:8088/bms/bridges/inventory_view/278","bms_detail":"http://bms.rhd.gov.bd:8088/bms/bridges/detail_view/278","keys":"[bridge_name, Bridge Name], [bridge_type,Type], [chainage_(km), Chainage (km)], [road_no, On Road], [division, Division], [subdivision, Subdivision], [bridge_length_(m), Length (m)], [bridge_width_(m), Width (m)],[map_link(=>{type:link, format:weblink}, Google Map,newtab=>),Google Map View],[bms_inventory(=>{type:link, format:weblink}, BMS Link,newtab=>), BMS Inventory],[bms_detail(=>{type:link, format:weblink},BMS Link,newtab=>), BMS Detailed View]","f_class_name":"RC Girder Bridge","f_class_color":"#e8f674"},"geometry":{"type":"Point","coordinates":[90.9413889,23.5172222]}},
{"type":"Feature","properties":{"id":282,"sl":10678,"map_link":"https://maps.google.com/?q=23.49583330000000000,91.00444440000000000&amp;z=8&amp;t=k","image_popup":"8088/bms/assets/img/no_picture.png","bridge_name":"Nabiabad Slab bridge","bridge_type":"Small Slab Bridge","road_no":"Z1008","zone":"Cumilla","circle":"Cumilla","division":"Cumilla","subdivision":"Gouripur","sae":"Gouripur-1","bridge_length_(m)":1.48,"bridge_width_(m)":7.54,"chainage_(km)":1.0,"xcoord":91.0044444,"ycoord":23.4958333,"bms_inventory":"http://bms.rhd.gov.bd:8088/bms/bridges/inventory_view/282","bms_detail":"http://bms.rhd.gov.bd:8088/bms/bridges/detail_view/282","keys":"[bridge_name, Bridge Name], [bridge_type,Type], [chainage_(km), Chainage (km)], [road_no, On Road], [division, Division], [subdivision, Subdivision], [bridge_length_(m), Length (m)], [bridge_width_(m), Width (m)],[map_link(=>{type:link, format:weblink}, Google Map,newtab=>),Google Map View],[bms_inventory(=>{type:link, format:weblink}, BMS Link,newtab=>), BMS Inventory],[bms_detail(=>{type:link, format:weblink},BMS Link,newtab=>), BMS Detailed View]","f_class_name":"Small Slab Bridge","f_class_color":"#13b7dd"},"geometry":{"type":"Point","coordinates":[91.0044444,23.4958333]}},
{"type":"Feature","properties":{"id":291,"sl":10423,"map_link":"https://maps.google.com/?q=23.53888890000000000,90.94611110000000000&amp;z=8&amp;t=k","image_popup":"8088/bms/assets/img/no_picture.png","bridge_name":"Moricha Hossainpur","bridge_type":"Small Slab Bridge","road_no":"Z1017","zone":"Cumilla","circle":"Cumilla","division":"Cumilla","subdivision":"Gouripur","sae":"Gouripur-1","bridge_length_(m)":4.5,"bridge_width_(m)":4.64,"chainage_(km)":4.7,"xcoord":90.9461111,"ycoord":23.5388889,"bms_inventory":"http://bms.rhd.gov.bd:8088/bms/bridges/inventory_view/291","bms_detail":"http://bms.rhd.gov.bd:8088/bms/bridges/detail_view/291","keys":"[bridge_name, Bridge Name], [bridge_type,Type], [chainage_(km), Chainage (km)], [road_no, On Road], [division, Division], [subdivision, Subdivision], [bridge_length_(m), Length (m)], [bridge_width_(m), Width (m)],[map_link(=>{type:link, format:weblink}, Google Map,newtab=>),Google Map View],[bms_inventory(=>{type:link, format:weblink}, BMS Link,newtab=>), BMS Inventory],[bms_detail(=>{type:link, format:weblink},BMS Link,newtab=>), BMS Detailed View]","f_class_name":"Small Slab Bridge","f_class_color":"#13b7dd"},"geometry":{"type":"Point","coordinates":[90.9461111,23.5388889]}},
{"type":"Feature","properties":{"id":295,"sl":10425,"map_link":"https://maps.google.com/?q=23.54944440000000000,90.94888890000000000&amp;z=8&amp;t=k","image_popup":"8088/bms/assets/uploads/images/bridges/bridge_295/1643441061.jpg","bridge_name":"Moricha-3","bridge_type":"RC Girder Bridge","road_no":"Z1017","zone":"Cumilla","circle":"Cumilla","division":"Cumilla","subdivision":"Gouripur","sae":"Gouripur-1","bridge_length_(m)":9.4,"bridge_width_(m)":4.35,"chainage_(km)":6.39,"xcoord":90.9488889,"ycoord":23.5494444,"bms_inventory":"http://bms.rhd.gov.bd:8088/bms/bridges/inventory_view/295","bms_detail":"http://bms.rhd.gov.bd:8088/bms/bridges/detail_view/295","keys":"[bridge_name, Bridge Name], [bridge_type,Type], [chainage_(km), Chainage (km)], [road_no, On Road], [division, Division], [subdivision, Subdivision], [bridge_length_(m), Length (m)], [bridge_width_(m), Width (m)],[map_link(=>{type:link, format:weblink}, Google Map,newtab=>),Google Map View],[bms_inventory(=>{type:link, format:weblink}, BMS Link,newtab=>), BMS Inventory],[bms_detail(=>{type:link, format:weblink},BMS Link,newtab=>), BMS Detailed View]","f_class_name":"RC Girder Bridge","f_class_color":"#e8f674"},"geometry":{"type":"Point","coordinates":[90.9488889,23.5494444]}},
{"type":"Feature","properties":{"id":298,"sl":6113,"map_link":"https://maps.google.com/?q=23.55472220000000000,90.95194440000000000&amp;z=8&amp;t=k","image_popup":"8088/bms/assets/uploads/images/bridges/bridge_298/1643442749.jpg","bridge_name":"Hapurkhara-1","bridge_type":"RC Girder Bridge","road_no":"Z1017","zone":"Cumilla","circle":"Cumilla","division":"Cumilla","subdivision":"Gouripur","sae":"Gouripur-1","bridge_length_(m)":11.0,"bridge_width_(m)":4.36,"chainage_(km)":7.21,"xcoord":90.9519444,"ycoord":23.5547222,"bms_inventory":"http://bms.rhd.gov.bd:8088/bms/bridges/inventory_view/298","bms_detail":"http://bms.rhd.gov.bd:8088/bms/bridges/detail_view/298","keys":"[bridge_name, Bridge Name], [bridge_type,Type], [chainage_(km), Chainage (km)], [road_no, On Road], [division, Division], [subdivision, Subdivision], [bridge_length_(m), Length (m)], [bridge_width_(m), Width (m)],[map_link(=>{type:link, format:weblink}, Google Map,newtab=>),Google Map View],[bms_inventory(=>{type:link, format:weblink}, BMS Link,newtab=>), BMS Inventory],[bms_detail(=>{type:link, format:weblink},BMS Link,newtab=>), BMS Detailed View]","f_class_name":"RC Girder Bridge","f_class_color":"#e8f674"},"geometry":{"type":"Point","coordinates":[90.9519444,23.5547222]}},
{"type":"Feature","properties":{"id":300,"sl":6114,"map_link":"https://maps.google.com/?q=23.56055560000000000,90.95250000000000000&amp;z=8&amp;t=k","image_popup":"8088/bms/assets/uploads/images/bridges/bridge_300/1643444043.jpg","bridge_name":"Hapurkhara-2","bridge_type":"Small Slab Bridge","road_no":"Z1017","zone":"Cumilla","circle":"Cumilla","division":"Cumilla","subdivision":"Gouripur","sae":"Gouripur-1","bridge_length_(m)":6.15,"bridge_width_(m)":4.22,"chainage_(km)":7.9,"xcoord":90.9525,"ycoord":23.5605556,"bms_inventory":"http://bms.rhd.gov.bd:8088/bms/bridges/inventory_view/300","bms_detail":"http://bms.rhd.gov.bd:8088/bms/bridges/detail_view/300","keys":"[bridge_name, Bridge Name], [bridge_type,Type], [chainage_(km), Chainage (km)], [road_no, On Road], [division, Division], [subdivision, Subdivision], [bridge_length_(m), Length (m)], [bridge_width_(m), Width (m)],[map_link(=>{type:link, format:weblink}, Google Map,newtab=>),Google Map View],[bms_inventory(=>{type:link, format:weblink}, BMS Link,newtab=>), BMS Inventory],[bms_detail(=>{type:link, format:weblink},BMS Link,newtab=>), BMS Detailed View]","f_class_name":"Small Slab Bridge","f_class_color":"#13b7dd"},"geometry":{"type":"Point","coordinates":[90.9525,23.5605556]}},
{"type":"Feature","properties":{"id":302,"sl":1188,"map_link":"https://maps.google.com/?q=23.56416670000000000,90.95250000000000000&amp;z=8&amp;t=k","image_popup":"8088/bms/assets/uploads/images/bridges/bridge_302/1643446364.jpg","bridge_name":"Ballabpur-1","bridge_type":"Small Slab Bridge","road_no":"Z1017","zone":"Cumilla","circle":"Cumilla","division":"Cumilla","subdivision":"Gouripur","sae":"Gouripur-1","bridge_length_(m)":5.4,"bridge_width_(m)":4.35,"chainage_(km)":8.46,"xcoord":90.9525,"ycoord":23.5641667,"bms_inventory":"http://bms.rhd.gov.bd:8088/bms/bridges/inventory_view/302","bms_detail":"http://bms.rhd.gov.bd:8088/bms/bridges/detail_view/302","keys":"[bridge_name, Bridge Name], [bridge_type,Type], [chainage_(km), Chainage (km)], [road_no, On Road], [division, Division], [subdivision, Subdivision], [bridge_length_(m), Length (m)], [bridge_width_(m), Width (m)],[map_link(=>{type:link, format:weblink}, Google Map,newtab=>),Google Map View],[bms_inventory(=>{type:link, format:weblink}, BMS Link,newtab=>), BMS Inventory],[bms_detail(=>{type:link, format:weblink},BMS Link,newtab=>), BMS Detailed View]","f_class_name":"Small Slab Bridge","f_class_color":"#13b7dd"},"geometry":{"type":"Point","coordinates":[90.9525,23.5641667]}},
{"type":"Feature","properties":{"id":305,"sl":1189,"map_link":"https://maps.google.com/?q=23.56805560000000000,90.95250000000000000&amp;z=8&amp;t=k","image_popup":"8088/bms/assets/uploads/images/bridges/bridge_305/1643449610.jpg","bridge_name":"Ballabpur-2","bridge_type":"Small Slab Bridge","road_no":"Z1017","zone":"Cumilla","circle":"Cumilla","division":"Cumilla","subdivision":"Gouripur","sae":"Gouripur-1","bridge_length_(m)":5.5,"bridge_width_(m)":4.33,"chainage_(km)":8.49,"xcoord":90.9525,"ycoord":23.5680556,"bms_inventory":"http://bms.rhd.gov.bd:8088/bms/bridges/inventory_view/305","bms_detail":"http://bms.rhd.gov.bd:8088/bms/bridges/detail_view/305","keys":"[bridge_name, Bridge Name], [bridge_type,Type], [chainage_(km), Chainage (km)], [road_no, On Road], [division, Division], [subdivision, Subdivision], [bridge_length_(m), Length (m)], [bridge_width_(m), Width (m)],[map_link(=>{type:link, format:weblink}, Google Map,newtab=>),Google Map View],[bms_inventory(=>{type:link, format:weblink}, BMS Link,newtab=>), BMS Inventory],[bms_detail(=>{type:link, format:weblink},BMS Link,newtab=>), BMS Detailed View]","f_class_name":"Small Slab Bridge","f_class_color":"#13b7dd"},"geometry":{"type":"Point","coordinates":[90.9525,23.5680556]}},
{"type":"Feature","properties":{"id":306,"sl":1190,"map_link":"https://maps.google.com/?q=23.57111110000000000,90.95222220000000000&amp;z=8&amp;t=k","image_popup":"8088/bms/assets/uploads/images/bridges/bridge_306/1643450177.jpg","bridge_name":"Ballabpur-3","bridge_type":"RC Girder Bridge","road_no":"Z1017","zone":"Cumilla","circle":"Cumilla","division":"Cumilla","subdivision":"Gouripur","sae":"Gouripur-1","bridge_length_(m)":6.87,"bridge_width_(m)":4.3,"chainage_(km)":9.17,"xcoord":90.9522222,"ycoord":23.5711111,"bms_inventory":"http://bms.rhd.gov.bd:8088/bms/bridges/inventory_view/306","bms_detail":"http://bms.rhd.gov.bd:8088/bms/bridges/detail_view/306","keys":"[bridge_name, Bridge Name], [bridge_type,Type], [chainage_(km), Chainage (km)], [road_no, On Road], [division, Division], [subdivision, Subdivision], [bridge_length_(m), Length (m)], [bridge_width_(m), Width (m)],[map_link(=>{type:link, format:weblink}, Google Map,newtab=>),Google Map View],[bms_inventory(=>{type:link, format:weblink}, BMS Link,newtab=>), BMS Inventory],[bms_detail(=>{type:link, format:weblink},BMS Link,newtab=>), BMS Detailed View]","f_class_name":"RC Girder Bridge","f_class_color":"#e8f674"},"geometry":{"type":"Point","coordinates":[90.9522222,23.5711111]}},
{"type":"Feature","properties":{"id":307,"sl":1191,"map_link":"https://maps.google.com/?q=23.57138890000000000,90.94916670000000000&amp;z=8&amp;t=k","image_popup":"8088/bms/assets/uploads/images/bridges/bridge_307/1643450689.jpg","bridge_name":"Ballabpur-4","bridge_type":"RC Girder Bridge","road_no":"Z1017","zone":"Cumilla","circle":"Cumilla","division":"Cumilla","subdivision":"Gouripur","sae":"Gouripur-1","bridge_length_(m)":9.3,"bridge_width_(m)":4.3,"chainage_(km)":9.87,"xcoord":90.9491667,"ycoord":23.5713889,"bms_inventory":"http://bms.rhd.gov.bd:8088/bms/bridges/inventory_view/307","bms_detail":"http://bms.rhd.gov.bd:8088/bms/bridges/detail_view/307","keys":"[bridge_name, Bridge Name], [bridge_type,Type], [chainage_(km), Chainage (km)], [road_no, On Road], [division, Division], [subdivision, Subdivision], [bridge_length_(m), Length (m)], [bridge_width_(m), Width (m)],[map_link(=>{type:link, format:weblink}, Google Map,newtab=>),Google Map View],[bms_inventory(=>{type:link, format:weblink}, BMS Link,newtab=>), BMS Inventory],[bms_detail(=>{type:link, format:weblink},BMS Link,newtab=>), BMS Detailed View]","f_class_name":"RC Girder Bridge","f_class_color":"#e8f674"},"geometry":{"type":"Point","coordinates":[90.9491667,23.5713889]}},
{"type":"Feature","properties":{"id":310,"sl":15368,"map_link":"https://maps.google.com/?q=23.58833330000000000,90.94583330000000000&amp;z=8&amp;t=k","image_popup":"8088/bms/assets/uploads/images/bridges/bridge_310/1643451550.jpg","bridge_name":"Unjuti Bridge","bridge_type":"Small Slab Bridge","road_no":"Z1017","zone":"Cumilla","circle":"Cumilla","division":"Cumilla","subdivision":"Gouripur","sae":"Gouripur-1","bridge_length_(m)":4.48,"bridge_width_(m)":4.75,"chainage_(km)":12.61,"xcoord":90.9458333,"ycoord":23.5883333,"bms_inventory":"http://bms.rhd.gov.bd:8088/bms/bridges/inventory_view/310","bms_detail":"http://bms.rhd.gov.bd:8088/bms/bridges/detail_view/310","keys":"[bridge_name, Bridge Name], [bridge_type,Type], [chainage_(km), Chainage (km)], [road_no, On Road], [division, Division], [subdivision, Subdivision], [bridge_length_(m), Length (m)], [bridge_width_(m), Width (m)],[map_link(=>{type:link, format:weblink}, Google Map,newtab=>),Google Map View],[bms_inventory(=>{type:link, format:weblink}, BMS Link,newtab=>), BMS Inventory],[bms_detail(=>{type:link, format:weblink},BMS Link,newtab=>), BMS Detailed View]","f_class_name":"Small Slab Bridge","f_class_color":"#13b7dd"},"geometry":{"type":"Point","coordinates":[90.9458333,23.5883333]}},
{"type":"Feature","properties":{"id":312,"sl":13083,"map_link":"https://maps.google.com/?q=23.60083330000000000,91.11000000000000000&amp;z=8&amp;t=k","image_popup":"8088/bms/assets/uploads/images/bridges/bridge_312/1643452000.jpg","bridge_name":"Sahebbag Bridge","bridge_type":"RC Girder Bridge","road_no":"Z1041","zone":"Cumilla","circle":"Cumilla","division":"Cumilla","subdivision":"Cumilla","sae":"Cumilla-1","bridge_length_(m)":16.56,"bridge_width_(m)":9.5,"chainage_(km)":14.5,"xcoord":91.11,"ycoord":23.6008333,"bms_inventory":"http://bms.rhd.gov.bd:8088/bms/bridges/inventory_view/312","bms_detail":"http://bms.rhd.gov.bd:8088/bms/bridges/detail_view/312","keys":"[bridge_name, Bridge Name], [bridge_type,Type], [chainage_(km), Chainage (km)], [road_no, On Road], [division, Division], [subdivision, Subdivision], [bridge_length_(m), Length (m)], [bridge_width_(m), Width (m)],[map_link(=>{type:link, format:weblink}, Google Map,newtab=>),Google Map View],[bms_inventory(=>{type:link, format:weblink}, BMS Link,newtab=>), BMS Inventory],[bms_detail(=>{type:link, format:weblink},BMS Link,newtab=>), BMS Detailed View]","f_class_name":"RC Girder Bridge","f_class_color":"#e8f674"},"geometry":{"type":"Point","coordinates":[91.11,23.6008333]}},
{"type":"Feature","properties":{"id":321,"sl":2503,"map_link":"https://maps.google.com/?q=23.64500000000000000,91.10694440000000000&amp;z=8&amp;t=k","image_popup":"8088/bms/assets/uploads/images/bridges/bridge_321/1643633986.jpg","bridge_name":"Borodhushiya-2","bridge_type":"RC Slab Bridge","road_no":"Z1041","zone":"Cumilla","circle":"Cumilla","division":"Cumilla","subdivision":"Cumilla","sae":"Cumilla-1","bridge_length_(m)":25.15,"bridge_width_(m)":9.5,"chainage_(km)":20.0,"xcoord":91.1069444,"ycoord":23.645,"bms_inventory":"http://bms.rhd.gov.bd:8088/bms/bridges/inventory_view/321","bms_detail":"http://bms.rhd.gov.bd:8088/bms/bridges/detail_view/321","keys":"[bridge_name, Bridge Name], [bridge_type,Type], [chainage_(km), Chainage (km)], [road_no, On Road], [division, Division], [subdivision, Subdivision], [bridge_length_(m), Length (m)], [bridge_width_(m), Width (m)],[map_link(=>{type:link, format:weblink}, Google Map,newtab=>),Google Map View],[bms_inventory(=>{type:link, format:weblink}, BMS Link,newtab=>), BMS Inventory],[bms_detail(=>{type:link, format:weblink},BMS Link,newtab=>), BMS Detailed View]","f_class_name":"RC Slab Bridge","f_class_color":"#088afa"},"geometry":{"type":"Point","coordinates":[91.1069444,23.645]}},
{"type":"Feature","properties":{"id":325,"sl":12758,"map_link":"https://maps.google.com/?q=23.01666670000000000,91.30777780000000000&amp;z=8&amp;t=k","image_popup":"8088/bms/assets/uploads/images/bridges/bridge_325/1653557405.jpg","bridge_name":"Razapur Bazar Bridge 1","bridge_type":"RC Girder Bridge","road_no":"Z1030","zone":"Cumilla","circle":"Noakhali","division":"Feni","subdivision":"Feni -2","sae":"Shuvopur","bridge_length_(m)":26.0,"bridge_width_(m)":3.85,"chainage_(km)":9.612,"xcoord":91.3077778,"ycoord":23.0166667,"bms_inventory":"http://bms.rhd.gov.bd:8088/bms/bridges/inventory_view/325","bms_detail":"http://bms.rhd.gov.bd:8088/bms/bridges/detail_view/325","keys":"[bridge_name, Bridge Name], [bridge_type,Type], [chainage_(km), Chainage (km)], [road_no, On Road], [division, Division], [subdivision, Subdivision], [bridge_length_(m), Length (m)], [bridge_width_(m), Width (m)],[map_link(=>{type:link, format:weblink}, Google Map,newtab=>),Google Map View],[bms_inventory(=>{type:link, format:weblink}, BMS Link,newtab=>), BMS Inventory],[bms_detail(=>{type:link, format:weblink},BMS Link,newtab=>), BMS Detailed View]","f_class_name":"RC Girder Bridge","f_class_color":"#e8f674"},"geometry":{"type":"Point","coordinates":[91.3077778,23.0166667]}},
{"type":"Feature","properties":{"id":332,"sl":14834,"map_link":"https://maps.google.com/?q=23.67388890000000000,91.10000000000000000&amp;z=8&amp;t=k","image_popup":"8088/bms/assets/uploads/images/bridges/bridge_332/1643795131.jpg","bridge_name":"Tana Bridge","bridge_type":"RC Girder Bridge","road_no":"Z1041","zone":"Cumilla","circle":"Cumilla","division":"Cumilla","subdivision":"Cumilla","sae":"Cumilla-1","bridge_length_(m)":32.0,"bridge_width_(m)":10.28,"chainage_(km)":24.42,"xcoord":91.1,"ycoord":23.6738889,"bms_inventory":"http://bms.rhd.gov.bd:8088/bms/bridges/inventory_view/332","bms_detail":"http://bms.rhd.gov.bd:8088/bms/bridges/detail_view/332","keys":"[bridge_name, Bridge Name], [bridge_type,Type], [chainage_(km), Chainage (km)], [road_no, On Road], [division, Division], [subdivision, Subdivision], [bridge_length_(m), Length (m)], [bridge_width_(m), Width (m)],[map_link(=>{type:link, format:weblink}, Google Map,newtab=>),Google Map View],[bms_inventory(=>{type:link, format:weblink}, BMS Link,newtab=>), BMS Inventory],[bms_detail(=>{type:link, format:weblink},BMS Link,newtab=>), BMS Detailed View]","f_class_name":"RC Girder Bridge","f_class_color":"#e8f674"},"geometry":{"type":"Point","coordinates":[91.1,23.6738889]}},
{"type":"Feature","properties":{"id":334,"sl":1411,"map_link":"https://maps.google.com/?q=23.69305560000000000,91.09027780000000000&amp;z=8&amp;t=k","image_popup":"8088/bms/assets/uploads/images/bridges/bridge_334/1643797081.jpg","bridge_name":"Barani","bridge_type":"RC Girder Bridge","road_no":"Z1041","zone":"Cumilla","circle":"Cumilla","division":"Cumilla","subdivision":"Cumilla","sae":"Cumilla-1","bridge_length_(m)":32.85,"bridge_width_(m)":10.37,"chainage_(km)":0.0,"xcoord":91.0902778,"ycoord":23.6930556,"bms_inventory":"http://bms.rhd.gov.bd:8088/bms/bridges/inventory_view/334","bms_detail":"http://bms.rhd.gov.bd:8088/bms/bridges/detail_view/334","keys":"[bridge_name, Bridge Name], [bridge_type,Type], [chainage_(km), Chainage (km)], [road_no, On Road], [division, Division], [subdivision, Subdivision], [bridge_length_(m), Length (m)], [bridge_width_(m), Width (m)],[map_link(=>{type:link, format:weblink}, Google Map,newtab=>),Google Map View],[bms_inventory(=>{type:link, format:weblink}, BMS Link,newtab=>), BMS Inventory],[bms_detail(=>{type:link, format:weblink},BMS Link,newtab=>), BMS Detailed View]","f_class_name":"RC Girder Bridge","f_class_color":"#e8f674"},"geometry":{"type":"Point","coordinates":[91.0902778,23.6930556]}},
{"type":"Feature","properties":{"id":339,"sl":13633,"map_link":"https://maps.google.com/?q=23.70805560000000000,91.07472220000000000&amp;z=8&amp;t=k","image_popup":"8088/bms/assets/uploads/images/bridges/bridge_339/1643803062.jpg","bridge_name":"Shatshala 4","bridge_type":"RC Girder Bridge","road_no":"Z1041","zone":"Cumilla","circle":"Cumilla","division":"Cumilla","subdivision":"Cumilla","sae":"Cumilla-1","bridge_length_(m)":37.4,"bridge_width_(m)":4.14,"chainage_(km)":31.85,"xcoord":91.0747222,"ycoord":23.7080556,"bms_inventory":"http://bms.rhd.gov.bd:8088/bms/bridges/inventory_view/339","bms_detail":"http://bms.rhd.gov.bd:8088/bms/bridges/detail_view/339","keys":"[bridge_name, Bridge Name], [bridge_type,Type], [chainage_(km), Chainage (km)], [road_no, On Road], [division, Division], [subdivision, Subdivision], [bridge_length_(m), Length (m)], [bridge_width_(m), Width (m)],[map_link(=>{type:link, format:weblink}, Google Map,newtab=>),Google Map View],[bms_inventory(=>{type:link, format:weblink}, BMS Link,newtab=>), BMS Inventory],[bms_detail(=>{type:link, format:weblink},BMS Link,newtab=>), BMS Detailed View]","f_class_name":"RC Girder Bridge","f_class_color":"#e8f674"},"geometry":{"type":"Point","coordinates":[91.0747222,23.7080556]}},
{"type":"Feature","properties":{"id":375,"sl":144,"map_link":"https://maps.google.com/?q=23.38888890000000000,90.99194440000000000&amp;z=8&amp;t=k","image_popup":"8088/bms/assets/uploads/images/bridges/bridge_375/1644312331.jpg","bridge_name":"Adilpur bridge","bridge_type":"RC Girder Bridge","road_no":"Z1022","zone":"Cumilla","circle":"Cumilla","division":"Cumilla","subdivision":"Cumilla","sae":"Cumilla-1","bridge_length_(m)":18.0,"bridge_width_(m)":10.02,"chainage_(km)":1.047,"xcoord":90.9919444,"ycoord":23.3888889,"bms_inventory":"http://bms.rhd.gov.bd:8088/bms/bridges/inventory_view/375","bms_detail":"http://bms.rhd.gov.bd:8088/bms/bridges/detail_view/375","keys":"[bridge_name, Bridge Name], [bridge_type,Type], [chainage_(km), Chainage (km)], [road_no, On Road], [division, Division], [subdivision, Subdivision], [bridge_length_(m), Length (m)], [bridge_width_(m), Width (m)],[map_link(=>{type:link, format:weblink}, Google Map,newtab=>),Google Map View],[bms_inventory(=>{type:link, format:weblink}, BMS Link,newtab=>), BMS Inventory],[bms_detail(=>{type:link, format:weblink},BMS Link,newtab=>), BMS Detailed View]","f_class_name":"RC Girder Bridge","f_class_color":"#e8f674"},"geometry":{"type":"Point","coordinates":[90.9919444,23.3888889]}},
{"type":"Feature","properties":{"id":385,"sl":1005,"map_link":"https://maps.google.com/?q=23.33916670000000000,91.14527780000000000&amp;z=8&amp;t=k","image_popup":"8088/bms/assets/uploads/images/bridges/bridge_385/1644223174.jpg","bridge_name":"Bagmara Bridge","bridge_type":"PC Girder Bridge","road_no":"Z1049","zone":"Cumilla","circle":"Cumilla","division":"Cumilla","subdivision":"Cumilla","sae":"Cumilla-2","bridge_length_(m)":31.0,"bridge_width_(m)":10.2,"chainage_(km)":2.037,"xcoord":91.1452778,"ycoord":23.3391667,"bms_inventory":"http://bms.rhd.gov.bd:8088/bms/bridges/inventory_view/385","bms_detail":"http://bms.rhd.gov.bd:8088/bms/bridges/detail_view/385","keys":"[bridge_name, Bridge Name], [bridge_type,Type], [chainage_(km), Chainage (km)], [road_no, On Road], [division, Division], [subdivision, Subdivision], [bridge_length_(m), Length (m)], [bridge_width_(m), Width (m)],[map_link(=>{type:link, format:weblink}, Google Map,newtab=>),Google Map View],[bms_inventory(=>{type:link, format:weblink}, BMS Link,newtab=>), BMS Inventory],[bms_detail(=>{type:link, format:weblink},BMS Link,newtab=>), BMS Detailed View]","f_class_name":"PC Girder Bridge","f_class_color":"#6ebed6"},"geometry":{"type":"Point","coordinates":[91.1452778,23.3391667]}},
{"type":"Feature","properties":{"id":394,"sl":8553,"map_link":"https://maps.google.com/?q=23.29805560000000000,91.17611110000000000&amp;z=8&amp;t=k","image_popup":"8088/bms/assets/uploads/images/bridges/bridge_394/1644228682.jpg","bridge_name":"Kolamnia Bridge","bridge_type":"Small Slab Bridge","road_no":"Z1049","zone":"Cumilla","circle":"Cumilla","division":"Cumilla","subdivision":"Cumilla","sae":"Cumilla-2","bridge_length_(m)":1.16,"bridge_width_(m)":7.3,"chainage_(km)":8.096,"xcoord":91.1761111,"ycoord":23.2980556,"bms_inventory":"http://bms.rhd.gov.bd:8088/bms/bridges/inventory_view/394","bms_detail":"http://bms.rhd.gov.bd:8088/bms/bridges/detail_view/394","keys":"[bridge_name, Bridge Name], [bridge_type,Type], [chainage_(km), Chainage (km)], [road_no, On Road], [division, Division], [subdivision, Subdivision], [bridge_length_(m), Length (m)], [bridge_width_(m), Width (m)],[map_link(=>{type:link, format:weblink}, Google Map,newtab=>),Google Map View],[bms_inventory(=>{type:link, format:weblink}, BMS Link,newtab=>), BMS Inventory],[bms_detail(=>{type:link, format:weblink},BMS Link,newtab=>), BMS Detailed View]","f_class_name":"Small Slab Bridge","f_class_color":"#13b7dd"},"geometry":{"type":"Point","coordinates":[91.1761111,23.2980556]}},
{"type":"Feature","properties":{"id":395,"sl":11715,"map_link":"https://maps.google.com/?q=23.42555560000000000,90.99916670000000000&amp;z=8&amp;t=k","image_popup":"8088/bms/assets/uploads/images/bridges/bridge_395/1644384988.jpg","bridge_name":"Panipara bridge","bridge_type":"Small Slab Bridge","road_no":"Z1022","zone":"Cumilla","circle":"Cumilla","division":"Cumilla","subdivision":"Cumilla","sae":"Cumilla-1","bridge_length_(m)":1.3,"bridge_width_(m)":7.2,"chainage_(km)":5.8,"xcoord":90.9991667,"ycoord":23.4255556,"bms_inventory":"http://bms.rhd.gov.bd:8088/bms/bridges/inventory_view/395","bms_detail":"http://bms.rhd.gov.bd:8088/bms/bridges/detail_view/395","keys":"[bridge_name, Bridge Name], [bridge_type,Type], [chainage_(km), Chainage (km)], [road_no, On Road], [division, Division], [subdivision, Subdivision], [bridge_length_(m), Length (m)], [bridge_width_(m), Width (m)],[map_link(=>{type:link, format:weblink}, Google Map,newtab=>),Google Map View],[bms_inventory(=>{type:link, format:weblink}, BMS Link,newtab=>), BMS Inventory],[bms_detail(=>{type:link, format:weblink},BMS Link,newtab=>), BMS Detailed View]","f_class_name":"Small Slab Bridge","f_class_color":"#13b7dd"},"geometry":{"type":"Point","coordinates":[90.9991667,23.4255556]}},
{"type":"Feature","properties":{"id":401,"sl":1586,"map_link":"https://maps.google.com/?q=23.27722220000000000,91.19111110000000000&amp;z=8&amp;t=k","image_popup":"8088/bms/assets/uploads/images/bridges/bridge_401/1644224950.jpg","bridge_name":"Batabaria Bridge","bridge_type":"Small Slab Bridge","road_no":"Z1049","zone":"Cumilla","circle":"Cumilla","division":"Cumilla","subdivision":"Cumilla","sae":"Cumilla-2","bridge_length_(m)":1.1,"bridge_width_(m)":7.5,"chainage_(km)":10.4,"xcoord":91.1911111,"ycoord":23.2772222,"bms_inventory":"http://bms.rhd.gov.bd:8088/bms/bridges/inventory_view/401","bms_detail":"http://bms.rhd.gov.bd:8088/bms/bridges/detail_view/401","keys":"[bridge_name, Bridge Name], [bridge_type,Type], [chainage_(km), Chainage (km)], [road_no, On Road], [division, Division], [subdivision, Subdivision], [bridge_length_(m), Length (m)], [bridge_width_(m), Width (m)],[map_link(=>{type:link, format:weblink}, Google Map,newtab=>),Google Map View],[bms_inventory(=>{type:link, format:weblink}, BMS Link,newtab=>), BMS Inventory],[bms_detail(=>{type:link, format:weblink},BMS Link,newtab=>), BMS Detailed View]","f_class_name":"Small Slab Bridge","f_class_color":"#13b7dd"},"geometry":{"type":"Point","coordinates":[91.1911111,23.2772222]}},
{"type":"Feature","properties":{"id":419,"sl":1575,"map_link":"https://maps.google.com/?q=23.53805555555600000,90.87111111111100000&amp;z=8&amp;t=k","image_popup":"8088/bms/assets/uploads/images/bridges/bridge_419/1644488988.jpg","bridge_name":"Baskhola bridge","bridge_type":"Portable Steel Bridge","road_no":"Z1042","zone":"Cumilla","circle":"Cumilla","division":"Cumilla","subdivision":"Cumilla","sae":"Cumilla-1","bridge_length_(m)":15.55,"bridge_width_(m)":4.0,"chainage_(km)":2.76,"xcoord":90.87111111,"ycoord":23.53805556,"bms_inventory":"http://bms.rhd.gov.bd:8088/bms/bridges/inventory_view/419","bms_detail":"http://bms.rhd.gov.bd:8088/bms/bridges/detail_view/419","keys":"[bridge_name, Bridge Name], [bridge_type,Type], [chainage_(km), Chainage (km)], [road_no, On Road], [division, Division], [subdivision, Subdivision], [bridge_length_(m), Length (m)], [bridge_width_(m), Width (m)],[map_link(=>{type:link, format:weblink}, Google Map,newtab=>),Google Map View],[bms_inventory(=>{type:link, format:weblink}, BMS Link,newtab=>), BMS Inventory],[bms_detail(=>{type:link, format:weblink},BMS Link,newtab=>), BMS Detailed View]","f_class_name":"Portable Steel Bridge","f_class_color":"#29ffa4"},"geometry":{"type":"Point","coordinates":[90.87111111,23.53805556]}},
{"type":"Feature","properties":{"id":423,"sl":7570,"map_link":"https://maps.google.com/?q=23.28222220000000000,91.14305560000000000&amp;z=8&amp;t=k","image_popup":"8088/bms/assets/uploads/images/bridges/bridge_423/1645007780.jpg","bridge_name":"Kamalkua Bazar Slab Bridge","bridge_type":"Small Slab Bridge","road_no":"Z1046","zone":"Cumilla","circle":"Cumilla","division":"Cumilla","subdivision":"Cumilla","sae":"Cumilla-1","bridge_length_(m)":1.16,"bridge_width_(m)":7.6,"chainage_(km)":1.9,"xcoord":91.1430556,"ycoord":23.2822222,"bms_inventory":"http://bms.rhd.gov.bd:8088/bms/bridges/inventory_view/423","bms_detail":"http://bms.rhd.gov.bd:8088/bms/bridges/detail_view/423","keys":"[bridge_name, Bridge Name], [bridge_type,Type], [chainage_(km), Chainage (km)], [road_no, On Road], [division, Division], [subdivision, Subdivision], [bridge_length_(m), Length (m)], [bridge_width_(m), Width (m)],[map_link(=>{type:link, format:weblink}, Google Map,newtab=>),Google Map View],[bms_inventory(=>{type:link, format:weblink}, BMS Link,newtab=>), BMS Inventory],[bms_detail(=>{type:link, format:weblink},BMS Link,newtab=>), BMS Detailed View]","f_class_name":"Small Slab Bridge","f_class_color":"#13b7dd"},"geometry":{"type":"Point","coordinates":[91.1430556,23.2822222]}},
{"type":"Feature","properties":{"id":430,"sl":7568,"map_link":"https://maps.google.com/?q=23.28250000000000000,91.14500000000000000&amp;z=8&amp;t=k","image_popup":"8088/bms/assets/uploads/images/bridges/bridge_430/1645009077.jpg","bridge_name":"Kamalkua Bazar 3","bridge_type":"Small Slab Bridge","road_no":"Z1046","zone":"Cumilla","circle":"Cumilla","division":"Cumilla","subdivision":"Cumilla","sae":"Cumilla-1","bridge_length_(m)":1.3,"bridge_width_(m)":7.4,"chainage_(km)":2.17,"xcoord":91.145,"ycoord":23.2825,"bms_inventory":"http://bms.rhd.gov.bd:8088/bms/bridges/inventory_view/430","bms_detail":"http://bms.rhd.gov.bd:8088/bms/bridges/detail_view/430","keys":"[bridge_name, Bridge Name], [bridge_type,Type], [chainage_(km), Chainage (km)], [road_no, On Road], [division, Division], [subdivision, Subdivision], [bridge_length_(m), Length (m)], [bridge_width_(m), Width (m)],[map_link(=>{type:link, format:weblink}, Google Map,newtab=>),Google Map View],[bms_inventory(=>{type:link, format:weblink}, BMS Link,newtab=>), BMS Inventory],[bms_detail(=>{type:link, format:weblink},BMS Link,newtab=>), BMS Detailed View]","f_class_name":"Small Slab Bridge","f_class_color":"#13b7dd"},"geometry":{"type":"Point","coordinates":[91.145,23.2825]}},
{"type":"Feature","properties":{"id":435,"sl":13204,"map_link":"https://maps.google.com/?q=23.28361110000000000,91.15611110000000000&amp;z=8&amp;t=k","image_popup":"8088/bms/assets/uploads/images/bridges/bridge_435/1645069753.jpg","bridge_name":"Sasonpara Slab Bridge","bridge_type":"Small Slab Bridge","road_no":"Z1046","zone":"Cumilla","circle":"Cumilla","division":"Cumilla","subdivision":"Cumilla","sae":"Cumilla-1","bridge_length_(m)":1.12,"bridge_width_(m)":7.4,"chainage_(km)":3.5,"xcoord":91.1561111,"ycoord":23.2836111,"bms_inventory":"http://bms.rhd.gov.bd:8088/bms/bridges/inventory_view/435","bms_detail":"http://bms.rhd.gov.bd:8088/bms/bridges/detail_view/435","keys":"[bridge_name, Bridge Name], [bridge_type,Type], [chainage_(km), Chainage (km)], [road_no, On Road], [division, Division], [subdivision, Subdivision], [bridge_length_(m), Length (m)], [bridge_width_(m), Width (m)],[map_link(=>{type:link, format:weblink}, Google Map,newtab=>),Google Map View],[bms_inventory(=>{type:link, format:weblink}, BMS Link,newtab=>), BMS Inventory],[bms_detail(=>{type:link, format:weblink},BMS Link,newtab=>), BMS Detailed View]","f_class_name":"Small Slab Bridge","f_class_color":"#13b7dd"},"geometry":{"type":"Point","coordinates":[91.1561111,23.2836111]}},
{"type":"Feature","properties":{"id":447,"sl":9023,"map_link":"https://maps.google.com/?q=23.99611110000000000,90.98444440000000000&amp;z=8&amp;t=k","image_popup":"8088/bms/assets/uploads/images/bridges/bridge_447/1650945528.jpg","bridge_name":"Lallpur Bridge","bridge_type":"Small Slab Bridge","road_no":"Z2031","zone":"Cumilla","circle":"Cumilla","division":"Brahmanbaria","subdivision":"Bancharampur","sae":"Nabinagar","bridge_length_(m)":3.2,"bridge_width_(m)":8.5,"chainage_(km)":14.35,"xcoord":90.9844444,"ycoord":23.9961111,"bms_inventory":"http://bms.rhd.gov.bd:8088/bms/bridges/inventory_view/447","bms_detail":"http://bms.rhd.gov.bd:8088/bms/bridges/detail_view/447","keys":"[bridge_name, Bridge Name], [bridge_type,Type], [chainage_(km), Chainage (km)], [road_no, On Road], [division, Division], [subdivision, Subdivision], [bridge_length_(m), Length (m)], [bridge_width_(m), Width (m)],[map_link(=>{type:link, format:weblink}, Google Map,newtab=>),Google Map View],[bms_inventory(=>{type:link, format:weblink}, BMS Link,newtab=>), BMS Inventory],[bms_detail(=>{type:link, format:weblink},BMS Link,newtab=>), BMS Detailed View]","f_class_name":"Small Slab Bridge","f_class_color":"#13b7dd"},"geometry":{"type":"Point","coordinates":[90.9844444,23.9961111]}},
{"type":"Feature","properties":{"id":455,"sl":10250,"map_link":"https://maps.google.com/?q=23.28722222222200000,91.16833333333300000&amp;z=8&amp;t=k","image_popup":"8088/bms/assets/uploads/images/bridges/bridge_455/1645069285.jpg","bridge_name":"Mojid nagar","bridge_type":"Small Slab Bridge","road_no":"Z1046","zone":"Cumilla","circle":"Cumilla","division":"Cumilla","subdivision":"Cumilla","sae":"Cumilla-1","bridge_length_(m)":1.18,"bridge_width_(m)":6.882,"chainage_(km)":5.19,"xcoord":91.16833333,"ycoord":23.28722222,"bms_inventory":"http://bms.rhd.gov.bd:8088/bms/bridges/inventory_view/455","bms_detail":"http://bms.rhd.gov.bd:8088/bms/bridges/detail_view/455","keys":"[bridge_name, Bridge Name], [bridge_type,Type], [chainage_(km), Chainage (km)], [road_no, On Road], [division, Division], [subdivision, Subdivision], [bridge_length_(m), Length (m)], [bridge_width_(m), Width (m)],[map_link(=>{type:link, format:weblink}, Google Map,newtab=>),Google Map View],[bms_inventory(=>{type:link, format:weblink}, BMS Link,newtab=>), BMS Inventory],[bms_detail(=>{type:link, format:weblink},BMS Link,newtab=>), BMS Detailed View]","f_class_name":"Small Slab Bridge","f_class_color":"#13b7dd"},"geometry":{"type":"Point","coordinates":[91.16833333,23.28722222]}},
{"type":"Feature","properties":{"id":476,"sl":2368,"map_link":"https://maps.google.com/?q=23.28805555555600000,91.17472222222200000&amp;z=8&amp;t=k","image_popup":"8088/bms/assets/uploads/images/bridges/bridge_476/1645008383.jpg","bridge_name":"Boraipur","bridge_type":"Small Slab Bridge","road_no":"Z1046","zone":"Cumilla","circle":"Cumilla","division":"Cumilla","subdivision":"Cumilla","sae":"Cumilla-1","bridge_length_(m)":1.25,"bridge_width_(m)":7.67,"chainage_(km)":5.9,"xcoord":91.17472222000001,"ycoord":23.28805556,"bms_inventory":"http://bms.rhd.gov.bd:8088/bms/bridges/inventory_view/476","bms_detail":"http://bms.rhd.gov.bd:8088/bms/bridges/detail_view/476","keys":"[bridge_name, Bridge Name], [bridge_type,Type], [chainage_(km), Chainage (km)], [road_no, On Road], [division, Division], [subdivision, Subdivision], [bridge_length_(m), Length (m)], [bridge_width_(m), Width (m)],[map_link(=>{type:link, format:weblink}, Google Map,newtab=>),Google Map View],[bms_inventory(=>{type:link, format:weblink}, BMS Link,newtab=>), BMS Inventory],[bms_detail(=>{type:link, format:weblink},BMS Link,newtab=>), BMS Detailed View]","f_class_name":"Small Slab Bridge","f_class_color":"#13b7dd"},"geometry":{"type":"Point","coordinates":[91.17472222,23.28805556]}},
{"type":"Feature","properties":{"id":477,"sl":3710,"map_link":"https://maps.google.com/?q=23.29000000000000000,91.17722220000000000&amp;z=8&amp;t=k","image_popup":"8088/bms/assets/uploads/images/bridges/bridge_477/1645008598.jpg","bridge_name":"Choto-soruppur Bridge","bridge_type":"Small Slab Bridge","road_no":"Z1046","zone":"Cumilla","circle":"Cumilla","division":"Cumilla","subdivision":"Cumilla","sae":"Cumilla-1","bridge_length_(m)":1.2,"bridge_width_(m)":7.34,"chainage_(km)":6.47,"xcoord":91.1772222,"ycoord":23.29,"bms_inventory":"http://bms.rhd.gov.bd:8088/bms/bridges/inventory_view/477","bms_detail":"http://bms.rhd.gov.bd:8088/bms/bridges/detail_view/477","keys":"[bridge_name, Bridge Name], [bridge_type,Type], [chainage_(km), Chainage (km)], [road_no, On Road], [division, Division], [subdivision, Subdivision], [bridge_length_(m), Length (m)], [bridge_width_(m), Width (m)],[map_link(=>{type:link, format:weblink}, Google Map,newtab=>),Google Map View],[bms_inventory(=>{type:link, format:weblink}, BMS Link,newtab=>), BMS Inventory],[bms_detail(=>{type:link, format:weblink},BMS Link,newtab=>), BMS Detailed View]","f_class_name":"Small Slab Bridge","f_class_color":"#13b7dd"},"geometry":{"type":"Point","coordinates":[91.1772222,23.29]}},
{"type":"Feature","properties":{"id":482,"sl":6677,"map_link":"https://maps.google.com/?q=23.30694440000000000,91.19388890000000000&amp;z=8&amp;t=k","image_popup":"8088/bms/assets/uploads/images/bridges/bridge_482/1645008728.jpg","bridge_name":"Jabua Bazaar Slab Bridge","bridge_type":"Small Slab Bridge","road_no":"Z1046","zone":"Cumilla","circle":"Cumilla","division":"Cumilla","subdivision":"Cumilla","sae":"Cumilla-1","bridge_length_(m)":1.25,"bridge_width_(m)":7.47,"chainage_(km)":8.71,"xcoord":91.1938889,"ycoord":23.3069444,"bms_inventory":"http://bms.rhd.gov.bd:8088/bms/bridges/inventory_view/482","bms_detail":"http://bms.rhd.gov.bd:8088/bms/bridges/detail_view/482","keys":"[bridge_name, Bridge Name], [bridge_type,Type], [chainage_(km), Chainage (km)], [road_no, On Road], [division, Division], [subdivision, Subdivision], [bridge_length_(m), Length (m)], [bridge_width_(m), Width (m)],[map_link(=>{type:link, format:weblink}, Google Map,newtab=>),Google Map View],[bms_inventory(=>{type:link, format:weblink}, BMS Link,newtab=>), BMS Inventory],[bms_detail(=>{type:link, format:weblink},BMS Link,newtab=>), BMS Detailed View]","f_class_name":"Small Slab Bridge","f_class_color":"#13b7dd"},"geometry":{"type":"Point","coordinates":[91.1938889,23.3069444]}},
{"type":"Feature","properties":{"id":485,"sl":2607,"map_link":"https://maps.google.com/?q=23.31305560000000000,91.20555560000000000&amp;z=8&amp;t=k","image_popup":"8088/bms/assets/uploads/images/bridges/bridge_485/1645008490.jpg","bridge_name":"Boshontopur Bridge","bridge_type":"Small Slab Bridge","road_no":"Z1046","zone":"Cumilla","circle":"Cumilla","division":"Cumilla","subdivision":"Cumilla","sae":"Cumilla-1","bridge_length_(m)":1.14,"bridge_width_(m)":7.48,"chainage_(km)":10.5,"xcoord":91.2055556,"ycoord":23.3130556,"bms_inventory":"http://bms.rhd.gov.bd:8088/bms/bridges/inventory_view/485","bms_detail":"http://bms.rhd.gov.bd:8088/bms/bridges/detail_view/485","keys":"[bridge_name, Bridge Name], [bridge_type,Type], [chainage_(km), Chainage (km)], [road_no, On Road], [division, Division], [subdivision, Subdivision], [bridge_length_(m), Length (m)], [bridge_width_(m), Width (m)],[map_link(=>{type:link, format:weblink}, Google Map,newtab=>),Google Map View],[bms_inventory(=>{type:link, format:weblink}, BMS Link,newtab=>), BMS Inventory],[bms_detail(=>{type:link, format:weblink},BMS Link,newtab=>), BMS Detailed View]","f_class_name":"Small Slab Bridge","f_class_color":"#13b7dd"},"geometry":{"type":"Point","coordinates":[91.2055556,23.3130556]}},
{"type":"Feature","properties":{"id":489,"sl":7924,"map_link":"https://maps.google.com/?q=23.24666670000000000,91.20972220000000000&amp;z=8&amp;t=k","image_popup":"8088/bms/assets/uploads/images/bridges/bridge_489/1645599955.jpg","bridge_name":"Kathalia Bridge 2","bridge_type":"Small Slab Bridge","road_no":"Z1046","zone":"Cumilla","circle":"Cumilla","division":"Cumilla","subdivision":"Cumilla","sae":"Cumilla-1","bridge_length_(m)":1.7,"bridge_width_(m)":8.4,"chainage_(km)":11.2,"xcoord":91.2097222,"ycoord":23.2466667,"bms_inventory":"http://bms.rhd.gov.bd:8088/bms/bridges/inventory_view/489","bms_detail":"http://bms.rhd.gov.bd:8088/bms/bridges/detail_view/489","keys":"[bridge_name, Bridge Name], [bridge_type,Type], [chainage_(km), Chainage (km)], [road_no, On Road], [division, Division], [subdivision, Subdivision], [bridge_length_(m), Length (m)], [bridge_width_(m), Width (m)],[map_link(=>{type:link, format:weblink}, Google Map,newtab=>),Google Map View],[bms_inventory(=>{type:link, format:weblink}, BMS Link,newtab=>), BMS Inventory],[bms_detail(=>{type:link, format:weblink},BMS Link,newtab=>), BMS Detailed View]","f_class_name":"Small Slab Bridge","f_class_color":"#13b7dd"},"geometry":{"type":"Point","coordinates":[91.2097222,23.2466667]}},
{"type":"Feature","properties":{"id":491,"sl":7923,"map_link":"https://maps.google.com/?q=23.31472220000000000,91.22666670000000000&amp;z=8&amp;t=k","image_popup":"8088/bms/assets/uploads/images/bridges/bridge_491/1645068961.jpg","bridge_name":"Kathalia Bridge","bridge_type":"RC Girder Bridge","road_no":"Z1046","zone":"Cumilla","circle":"Cumilla","division":"Cumilla","subdivision":"Cumilla","sae":"Cumilla-1","bridge_length_(m)":23.9,"bridge_width_(m)":5.22,"chainage_(km)":11.665,"xcoord":91.2266667,"ycoord":23.3147222,"bms_inventory":"http://bms.rhd.gov.bd:8088/bms/bridges/inventory_view/491","bms_detail":"http://bms.rhd.gov.bd:8088/bms/bridges/detail_view/491","keys":"[bridge_name, Bridge Name], [bridge_type,Type], [chainage_(km), Chainage (km)], [road_no, On Road], [division, Division], [subdivision, Subdivision], [bridge_length_(m), Length (m)], [bridge_width_(m), Width (m)],[map_link(=>{type:link, format:weblink}, Google Map,newtab=>),Google Map View],[bms_inventory(=>{type:link, format:weblink}, BMS Link,newtab=>), BMS Inventory],[bms_detail(=>{type:link, format:weblink},BMS Link,newtab=>), BMS Detailed View]","f_class_name":"RC Girder Bridge","f_class_color":"#e8f674"},"geometry":{"type":"Point","coordinates":[91.2266667,23.3147222]}},
{"type":"Feature","properties":{"id":499,"sl":91,"map_link":"https://maps.google.com/?q=23.32027780000000000,91.26083330000000000&amp;z=8&amp;t=k","image_popup":"8088/bms/assets/uploads/images/bridges/bridge_499/1645007645.jpg","bridge_name":"Abdullahpur Slab Bridge","bridge_type":"Small Slab Bridge","road_no":"Z1046","zone":"Cumilla","circle":"Cumilla","division":"Cumilla","subdivision":"Cumilla","sae":"Cumilla-1","bridge_length_(m)":1.0,"bridge_width_(m)":7.4,"chainage_(km)":16.63,"xcoord":91.2608333,"ycoord":23.3202778,"bms_inventory":"http://bms.rhd.gov.bd:8088/bms/bridges/inventory_view/499","bms_detail":"http://bms.rhd.gov.bd:8088/bms/bridges/detail_view/499","keys":"[bridge_name, Bridge Name], [bridge_type,Type], [chainage_(km), Chainage (km)], [road_no, On Road], [division, Division], [subdivision, Subdivision], [bridge_length_(m), Length (m)], [bridge_width_(m), Width (m)],[map_link(=>{type:link, format:weblink}, Google Map,newtab=>),Google Map View],[bms_inventory(=>{type:link, format:weblink}, BMS Link,newtab=>), BMS Inventory],[bms_detail(=>{type:link, format:weblink},BMS Link,newtab=>), BMS Detailed View]","f_class_name":"Small Slab Bridge","f_class_color":"#13b7dd"},"geometry":{"type":"Point","coordinates":[91.2608333,23.3202778]}},
{"type":"Feature","properties":{"id":502,"sl":15657,"map_link":"https://maps.google.com/?q=23.28416670000000000,91.16083330000000000&amp;z=8&amp;t=k","image_popup":"8088/bms/assets/uploads/images/bridges/bridge_502/1645608499.jpg","bridge_name":"Vatura Small Bridge","bridge_type":"Small Slab Bridge","road_no":"Z1046","zone":"Cumilla","circle":"Cumilla","division":"Cumilla","subdivision":"Cumilla","sae":"Cumilla-1","bridge_length_(m)":1.95,"bridge_width_(m)":5.86,"chainage_(km)":4.12,"xcoord":91.1608333,"ycoord":23.2841667,"bms_inventory":"http://bms.rhd.gov.bd:8088/bms/bridges/inventory_view/502","bms_detail":"http://bms.rhd.gov.bd:8088/bms/bridges/detail_view/502","keys":"[bridge_name, Bridge Name], [bridge_type,Type], [chainage_(km), Chainage (km)], [road_no, On Road], [division, Division], [subdivision, Subdivision], [bridge_length_(m), Length (m)], [bridge_width_(m), Width (m)],[map_link(=>{type:link, format:weblink}, Google Map,newtab=>),Google Map View],[bms_inventory(=>{type:link, format:weblink}, BMS Link,newtab=>), BMS Inventory],[bms_detail(=>{type:link, format:weblink},BMS Link,newtab=>), BMS Detailed View]","f_class_name":"Small Slab Bridge","f_class_color":"#13b7dd"},"geometry":{"type":"Point","coordinates":[91.1608333,23.2841667]}},
{"type":"Feature","properties":{"id":516,"sl":7882,"map_link":"https://maps.google.com/?q=23.45861110000000000,91.24750000000000000&amp;z=8&amp;t=k","image_popup":"8088/bms/assets/uploads/images/bridges/bridge_516/1644317652.jpg","bridge_name":"Katak Bazar Bridge","bridge_type":"PC Girder Bridge","road_no":"N101","zone":"Cumilla","circle":"Cumilla","division":"Cumilla","subdivision":"Cumilla","sae":"Cumilla-1","bridge_length_(m)":25.1,"bridge_width_(m)":10.25,"chainage_(km)":5.0,"xcoord":91.2475,"ycoord":23.4586111,"bms_inventory":"http://bms.rhd.gov.bd:8088/bms/bridges/inventory_view/516","bms_detail":"http://bms.rhd.gov.bd:8088/bms/bridges/detail_view/516","keys":"[bridge_name, Bridge Name], [bridge_type,Type], [chainage_(km), Chainage (km)], [road_no, On Road], [division, Division], [subdivision, Subdivision], [bridge_length_(m), Length (m)], [bridge_width_(m), Width (m)],[map_link(=>{type:link, format:weblink}, Google Map,newtab=>),Google Map View],[bms_inventory(=>{type:link, format:weblink}, BMS Link,newtab=>), BMS Inventory],[bms_detail(=>{type:link, format:weblink},BMS Link,newtab=>), BMS Detailed View]","f_class_name":"PC Girder Bridge","f_class_color":"#6ebed6"},"geometry":{"type":"Point","coordinates":[91.2475,23.4586111]}},
{"type":"Feature","properties":{"id":517,"sl":11559,"map_link":"https://maps.google.com/?q=23.55361110000000000,90.87055560000000000&amp;z=8&amp;t=k","image_popup":"8088/bms/assets/uploads/images/bridges/bridge_517/1644728726.jpg","bridge_name":"Pachpukuria Bridge","bridge_type":"Portable Steel Bridge","road_no":"Z1042","zone":"Cumilla","circle":"Cumilla","division":"Cumilla","subdivision":"Cumilla","sae":"Cumilla-1","bridge_length_(m)":24.1,"bridge_width_(m)":4.0,"chainage_(km)":4.1,"xcoord":90.8705556,"ycoord":23.5536111,"bms_inventory":"http://bms.rhd.gov.bd:8088/bms/bridges/inventory_view/517","bms_detail":"http://bms.rhd.gov.bd:8088/bms/bridges/detail_view/517","keys":"[bridge_name, Bridge Name], [bridge_type,Type], [chainage_(km), Chainage (km)], [road_no, On Road], [division, Division], [subdivision, Subdivision], [bridge_length_(m), Length (m)], [bridge_width_(m), Width (m)],[map_link(=>{type:link, format:weblink}, Google Map,newtab=>),Google Map View],[bms_inventory(=>{type:link, format:weblink}, BMS Link,newtab=>), BMS Inventory],[bms_detail(=>{type:link, format:weblink},BMS Link,newtab=>), BMS Detailed View]","f_class_name":"Portable Steel Bridge","f_class_color":"#29ffa4"},"geometry":{"type":"Point","coordinates":[90.8705556,23.5536111]}},
{"type":"Feature","properties":{"id":519,"sl":11558,"map_link":"https://maps.google.com/?q=23.55916670000000000,90.86972220000000000&amp;z=8&amp;t=k","image_popup":"8088/bms/assets/uploads/images/bridges/bridge_519/1644729304.jpg","bridge_name":"Pachpukuria 2 Bridge","bridge_type":"Portable Steel Bridge","road_no":"Z1042","zone":"Cumilla","circle":"Cumilla","division":"Cumilla","subdivision":"Cumilla","sae":"Cumilla-1","bridge_length_(m)":30.5,"bridge_width_(m)":4.0,"chainage_(km)":5.31,"xcoord":90.8697222,"ycoord":23.5591667,"bms_inventory":"http://bms.rhd.gov.bd:8088/bms/bridges/inventory_view/519","bms_detail":"http://bms.rhd.gov.bd:8088/bms/bridges/detail_view/519","keys":"[bridge_name, Bridge Name], [bridge_type,Type], [chainage_(km), Chainage (km)], [road_no, On Road], [division, Division], [subdivision, Subdivision], [bridge_length_(m), Length (m)], [bridge_width_(m), Width (m)],[map_link(=>{type:link, format:weblink}, Google Map,newtab=>),Google Map View],[bms_inventory(=>{type:link, format:weblink}, BMS Link,newtab=>), BMS Inventory],[bms_detail(=>{type:link, format:weblink},BMS Link,newtab=>), BMS Detailed View]","f_class_name":"Portable Steel Bridge","f_class_color":"#29ffa4"},"geometry":{"type":"Point","coordinates":[90.8697222,23.5591667]}},
{"type":"Feature","properties":{"id":524,"sl":13087,"map_link":"https://maps.google.com/?q=23.57694440000000000,90.86750000000000000&amp;z=8&amp;t=k","image_popup":"8088/bms/assets/uploads/images/bridges/bridge_524/1644732563.jpg","bridge_name":"Sahebnagar Bridge","bridge_type":"Portable Steel Bridge","road_no":"Z1042","zone":"Cumilla","circle":"Cumilla","division":"Cumilla","subdivision":"Cumilla","sae":"Cumilla-1","bridge_length_(m)":15.55,"bridge_width_(m)":3.95,"chainage_(km)":7.8,"xcoord":90.8675,"ycoord":23.5769444,"bms_inventory":"http://bms.rhd.gov.bd:8088/bms/bridges/inventory_view/524","bms_detail":"http://bms.rhd.gov.bd:8088/bms/bridges/detail_view/524","keys":"[bridge_name, Bridge Name], [bridge_type,Type], [chainage_(km), Chainage (km)], [road_no, On Road], [division, Division], [subdivision, Subdivision], [bridge_length_(m), Length (m)], [bridge_width_(m), Width (m)],[map_link(=>{type:link, format:weblink}, Google Map,newtab=>),Google Map View],[bms_inventory(=>{type:link, format:weblink}, BMS Link,newtab=>), BMS Inventory],[bms_detail(=>{type:link, format:weblink},BMS Link,newtab=>), BMS Detailed View]","f_class_name":"Portable Steel Bridge","f_class_color":"#29ffa4"},"geometry":{"type":"Point","coordinates":[90.8675,23.5769444]}},
{"type":"Feature","properties":{"id":527,"sl":2783,"map_link":"https://maps.google.com/?q=23.60750000000000000,90.86694440000000000&amp;z=8&amp;t=k","image_popup":"8088/bms/assets/uploads/images/bridges/bridge_527/1644489579.jpg","bridge_name":"Burarchor bridge","bridge_type":"Portable Steel Bridge","road_no":"Z1042","zone":"Cumilla","circle":"Cumilla","division":"Cumilla","subdivision":"Cumilla","sae":"Cumilla-1","bridge_length_(m)":18.5,"bridge_width_(m)":3.8,"chainage_(km)":11.35,"xcoord":90.8669444,"ycoord":23.6075,"bms_inventory":"http://bms.rhd.gov.bd:8088/bms/bridges/inventory_view/527","bms_detail":"http://bms.rhd.gov.bd:8088/bms/bridges/detail_view/527","keys":"[bridge_name, Bridge Name], [bridge_type,Type], [chainage_(km), Chainage (km)], [road_no, On Road], [division, Division], [subdivision, Subdivision], [bridge_length_(m), Length (m)], [bridge_width_(m), Width (m)],[map_link(=>{type:link, format:weblink}, Google Map,newtab=>),Google Map View],[bms_inventory(=>{type:link, format:weblink}, BMS Link,newtab=>), BMS Inventory],[bms_detail(=>{type:link, format:weblink},BMS Link,newtab=>), BMS Detailed View]","f_class_name":"Portable Steel Bridge","f_class_color":"#29ffa4"},"geometry":{"type":"Point","coordinates":[90.8669444,23.6075]}},
{"type":"Feature","properties":{"id":545,"sl":10707,"map_link":"https://maps.google.com/?q=23.61972220000000000,90.93250000000000000&amp;z=8&amp;t=k","image_popup":"8088/bms/assets/uploads/images/bridges/bridge_545/1644726968.jpg","bridge_name":"Nahal Choumohuni Small Bridge","bridge_type":"Small Slab Bridge","road_no":"Z1042","zone":"Cumilla","circle":"Cumilla","division":"Cumilla","subdivision":"Cumilla","sae":"Cumilla-1","bridge_length_(m)":2.7,"bridge_width_(m)":7.7,"chainage_(km)":0.0,"xcoord":90.9325,"ycoord":23.6197222,"bms_inventory":"http://bms.rhd.gov.bd:8088/bms/bridges/inventory_view/545","bms_detail":"http://bms.rhd.gov.bd:8088/bms/bridges/detail_view/545","keys":"[bridge_name, Bridge Name], [bridge_type,Type], [chainage_(km), Chainage (km)], [road_no, On Road], [division, Division], [subdivision, Subdivision], [bridge_length_(m), Length (m)], [bridge_width_(m), Width (m)],[map_link(=>{type:link, format:weblink}, Google Map,newtab=>),Google Map View],[bms_inventory(=>{type:link, format:weblink}, BMS Link,newtab=>), BMS Inventory],[bms_detail(=>{type:link, format:weblink},BMS Link,newtab=>), BMS Detailed View]","f_class_name":"Small Slab Bridge","f_class_color":"#13b7dd"},"geometry":{"type":"Point","coordinates":[90.9325,23.6197222]}},
{"type":"Feature","properties":{"id":547,"sl":4286,"map_link":"https://maps.google.com/?q=23.62166670000000000,90.94972220000000000&amp;z=8&amp;t=k","image_popup":"8088/bms/assets/uploads/images/bridges/bridge_547/1644491011.jpg","bridge_name":"Dhamghar Small Slab Bridge 2","bridge_type":"Small Slab Bridge","road_no":"Z1042","zone":"Cumilla","circle":"Cumilla","division":"Cumilla","subdivision":"Cumilla","sae":"Cumilla-1","bridge_length_(m)":2.2,"bridge_width_(m)":7.6,"chainage_(km)":28.04,"xcoord":90.9497222,"ycoord":23.6216667,"bms_inventory":"http://bms.rhd.gov.bd:8088/bms/bridges/inventory_view/547","bms_detail":"http://bms.rhd.gov.bd:8088/bms/bridges/detail_view/547","keys":"[bridge_name, Bridge Name], [bridge_type,Type], [chainage_(km), Chainage (km)], [road_no, On Road], [division, Division], [subdivision, Subdivision], [bridge_length_(m), Length (m)], [bridge_width_(m), Width (m)],[map_link(=>{type:link, format:weblink}, Google Map,newtab=>),Google Map View],[bms_inventory(=>{type:link, format:weblink}, BMS Link,newtab=>), BMS Inventory],[bms_detail(=>{type:link, format:weblink},BMS Link,newtab=>), BMS Detailed View]","f_class_name":"Small Slab Bridge","f_class_color":"#13b7dd"},"geometry":{"type":"Point","coordinates":[90.9497222,23.6216667]}},
{"type":"Feature","properties":{"id":548,"sl":4287,"map_link":"https://maps.google.com/?q=23.62138890000000000,90.95194440000000000&amp;z=8&amp;t=k","image_popup":"8088/bms/assets/uploads/images/bridges/bridge_548/1645685608.jpg","bridge_name":"Dhamghar Small Slab Bridge 3","bridge_type":"Small Slab Bridge","road_no":"Z1042","zone":"Cumilla","circle":"Cumilla","division":"Cumilla","subdivision":"Cumilla","sae":"Cumilla-1","bridge_length_(m)":2.4,"bridge_width_(m)":7.7,"chainage_(km)":29.7,"xcoord":90.9519444,"ycoord":23.6213889,"bms_inventory":"http://bms.rhd.gov.bd:8088/bms/bridges/inventory_view/548","bms_detail":"http://bms.rhd.gov.bd:8088/bms/bridges/detail_view/548","keys":"[bridge_name, Bridge Name], [bridge_type,Type], [chainage_(km), Chainage (km)], [road_no, On Road], [division, Division], [subdivision, Subdivision], [bridge_length_(m), Length (m)], [bridge_width_(m), Width (m)],[map_link(=>{type:link, format:weblink}, Google Map,newtab=>),Google Map View],[bms_inventory(=>{type:link, format:weblink}, BMS Link,newtab=>), BMS Inventory],[bms_detail(=>{type:link, format:weblink},BMS Link,newtab=>), BMS Detailed View]","f_class_name":"Small Slab Bridge","f_class_color":"#13b7dd"},"geometry":{"type":"Point","coordinates":[90.9519444,23.6213889]}},
{"type":"Feature","properties":{"id":549,"sl":4288,"map_link":"https://maps.google.com/?q=23.62222220000000000,90.95527780000000000&amp;z=8&amp;t=k","image_popup":"8088/bms/assets/uploads/images/bridges/bridge_549/1644723230.jpg","bridge_name":"Dhamghar Small Slab Bridge 4","bridge_type":"Small Slab Bridge","road_no":"Z1042","zone":"Cumilla","circle":"Cumilla","division":"Cumilla","subdivision":"Cumilla","sae":"Cumilla-1","bridge_length_(m)":2.9,"bridge_width_(m)":7.65,"chainage_(km)":31.25,"xcoord":90.9552778,"ycoord":23.6222222,"bms_inventory":"http://bms.rhd.gov.bd:8088/bms/bridges/inventory_view/549","bms_detail":"http://bms.rhd.gov.bd:8088/bms/bridges/detail_view/549","keys":"[bridge_name, Bridge Name], [bridge_type,Type], [chainage_(km), Chainage (km)], [road_no, On Road], [division, Division], [subdivision, Subdivision], [bridge_length_(m), Length (m)], [bridge_width_(m), Width (m)],[map_link(=>{type:link, format:weblink}, Google Map,newtab=>),Google Map View],[bms_inventory(=>{type:link, format:weblink}, BMS Link,newtab=>), BMS Inventory],[bms_detail(=>{type:link, format:weblink},BMS Link,newtab=>), BMS Detailed View]","f_class_name":"Small Slab Bridge","f_class_color":"#13b7dd"},"geometry":{"type":"Point","coordinates":[90.9552778,23.6222222]}},
{"type":"Feature","properties":{"id":550,"sl":9612,"map_link":"https://maps.google.com/?q=23.62111110000000000,90.96222220000000000&amp;z=8&amp;t=k","image_popup":"8088/bms/assets/uploads/images/bridges/bridge_550/1644726225.jpg","bridge_name":"Marichagandha Small Slab Bridge","bridge_type":"Small Slab Bridge","road_no":"Z1042","zone":"Cumilla","circle":"Cumilla","division":"Cumilla","subdivision":"Cumilla","sae":"Cumilla-1","bridge_length_(m)":2.5,"bridge_width_(m)":7.6,"chainage_(km)":42.2,"xcoord":90.9622222,"ycoord":23.6211111,"bms_inventory":"http://bms.rhd.gov.bd:8088/bms/bridges/inventory_view/550","bms_detail":"http://bms.rhd.gov.bd:8088/bms/bridges/detail_view/550","keys":"[bridge_name, Bridge Name], [bridge_type,Type], [chainage_(km), Chainage (km)], [road_no, On Road], [division, Division], [subdivision, Subdivision], [bridge_length_(m), Length (m)], [bridge_width_(m), Width (m)],[map_link(=>{type:link, format:weblink}, Google Map,newtab=>),Google Map View],[bms_inventory(=>{type:link, format:weblink}, BMS Link,newtab=>), BMS Inventory],[bms_detail(=>{type:link, format:weblink},BMS Link,newtab=>), BMS Detailed View]","f_class_name":"Small Slab Bridge","f_class_color":"#13b7dd"},"geometry":{"type":"Point","coordinates":[90.9622222,23.6211111]}},
{"type":"Feature","properties":{"id":551,"sl":9611,"map_link":"https://maps.google.com/?q=23.62138890000000000,90.96472220000000000&amp;z=8&amp;t=k","image_popup":"8088/bms/assets/uploads/images/bridges/bridge_551/1644726469.jpg","bridge_name":"Marichagandha 2 RC Girder Bridge","bridge_type":"RC Girder Bridge","road_no":"Z1042","zone":"Cumilla","circle":"Cumilla","division":"Cumilla","subdivision":"Cumilla","sae":"Cumilla-1","bridge_length_(m)":14.5,"bridge_width_(m)":8.0,"chainage_(km)":43.92,"xcoord":90.9647222,"ycoord":23.6213889,"bms_inventory":"http://bms.rhd.gov.bd:8088/bms/bridges/inventory_view/551","bms_detail":"http://bms.rhd.gov.bd:8088/bms/bridges/detail_view/551","keys":"[bridge_name, Bridge Name], [bridge_type,Type], [chainage_(km), Chainage (km)], [road_no, On Road], [division, Division], [subdivision, Subdivision], [bridge_length_(m), Length (m)], [bridge_width_(m), Width (m)],[map_link(=>{type:link, format:weblink}, Google Map,newtab=>),Google Map View],[bms_inventory(=>{type:link, format:weblink}, BMS Link,newtab=>), BMS Inventory],[bms_detail(=>{type:link, format:weblink},BMS Link,newtab=>), BMS Detailed View]","f_class_name":"RC Girder Bridge","f_class_color":"#e8f674"},"geometry":{"type":"Point","coordinates":[90.9647222,23.6213889]}},
{"type":"Feature","properties":{"id":559,"sl":10951,"map_link":"https://maps.google.com/?q=23.58583330000000000,90.87055560000000000&amp;z=8&amp;t=k","image_popup":"8088/bms/assets/uploads/images/bridges/bridge_559/1644727248.jpg","bridge_name":"Neyamot kandi Bridge","bridge_type":"Portable Steel Bridge","road_no":"Z1042","zone":"Cumilla","circle":"Cumilla","division":"Cumilla","subdivision":"Cumilla","sae":"Cumilla-1","bridge_length_(m)":46.5,"bridge_width_(m)":4.5,"chainage_(km)":8.85,"xcoord":90.8705556,"ycoord":23.5858333,"bms_inventory":"http://bms.rhd.gov.bd:8088/bms/bridges/inventory_view/559","bms_detail":"http://bms.rhd.gov.bd:8088/bms/bridges/detail_view/559","keys":"[bridge_name, Bridge Name], [bridge_type,Type], [chainage_(km), Chainage (km)], [road_no, On Road], [division, Division], [subdivision, Subdivision], [bridge_length_(m), Length (m)], [bridge_width_(m), Width (m)],[map_link(=>{type:link, format:weblink}, Google Map,newtab=>),Google Map View],[bms_inventory(=>{type:link, format:weblink}, BMS Link,newtab=>), BMS Inventory],[bms_detail(=>{type:link, format:weblink},BMS Link,newtab=>), BMS Detailed View]","f_class_name":"Portable Steel Bridge","f_class_color":"#29ffa4"},"geometry":{"type":"Point","coordinates":[90.8705556,23.5858333]}},
{"type":"Feature","properties":{"id":570,"sl":2085,"map_link":"https://maps.google.com/?q=23.71500000000000000,90.94805560000000000&amp;z=8&amp;t=k","image_popup":"8088/bms/assets/uploads/images/bridges/bridge_570/1644488404.jpg","bridge_name":"Bishnapur Bazar","bridge_type":"RC Girder Bridge","road_no":"Z1221","zone":"Cumilla","circle":"Cumilla","division":"Cumilla","subdivision":"Cumilla","sae":"Cumilla-1","bridge_length_(m)":31.85,"bridge_width_(m)":10.2,"chainage_(km)":10.61,"xcoord":90.9480556,"ycoord":23.715,"bms_inventory":"http://bms.rhd.gov.bd:8088/bms/bridges/inventory_view/570","bms_detail":"http://bms.rhd.gov.bd:8088/bms/bridges/detail_view/570","keys":"[bridge_name, Bridge Name], [bridge_type,Type], [chainage_(km), Chainage (km)], [road_no, On Road], [division, Division], [subdivision, Subdivision], [bridge_length_(m), Length (m)], [bridge_width_(m), Width (m)],[map_link(=>{type:link, format:weblink}, Google Map,newtab=>),Google Map View],[bms_inventory(=>{type:link, format:weblink}, BMS Link,newtab=>), BMS Inventory],[bms_detail(=>{type:link, format:weblink},BMS Link,newtab=>), BMS Detailed View]","f_class_name":"RC Girder Bridge","f_class_color":"#e8f674"},"geometry":{"type":"Point","coordinates":[90.9480556,23.715]}},
{"type":"Feature","properties":{"id":574,"sl":4397,"map_link":"https://maps.google.com/?q=23.73777780000000000,90.94916670000000000&amp;z=8&amp;t=k","image_popup":"8088/bms/assets/uploads/images/bridges/bridge_574/1644909382.jpg","bridge_name":"Dhonpatikhola 2","bridge_type":"RC Girder Bridge","road_no":"Z1221","zone":"Cumilla","circle":"Cumilla","division":"Cumilla","subdivision":"Cumilla","sae":"Cumilla-1","bridge_length_(m)":36.8,"bridge_width_(m)":10.25,"chainage_(km)":13.67,"xcoord":90.9491667,"ycoord":23.7377778,"bms_inventory":"http://bms.rhd.gov.bd:8088/bms/bridges/inventory_view/574","bms_detail":"http://bms.rhd.gov.bd:8088/bms/bridges/detail_view/574","keys":"[bridge_name, Bridge Name], [bridge_type,Type], [chainage_(km), Chainage (km)], [road_no, On Road], [division, Division], [subdivision, Subdivision], [bridge_length_(m), Length (m)], [bridge_width_(m), Width (m)],[map_link(=>{type:link, format:weblink}, Google Map,newtab=>),Google Map View],[bms_inventory(=>{type:link, format:weblink}, BMS Link,newtab=>), BMS Inventory],[bms_detail(=>{type:link, format:weblink},BMS Link,newtab=>), BMS Detailed View]","f_class_name":"RC Girder Bridge","f_class_color":"#e8f674"},"geometry":{"type":"Point","coordinates":[90.9491667,23.7377778]}},
{"type":"Feature","properties":{"id":586,"sl":11889,"map_link":"https://maps.google.com/?q=23.36361110000000000,91.20250000000000000&amp;z=8&amp;t=k","image_popup":"8088/bms/assets/uploads/images/bridges/bridge_586/1644736358.jpg","bridge_name":"Pepuliya (New) PC Girder Bridge","bridge_type":"PC Girder Bridge","road_no":"Z1423","zone":"Cumilla","circle":"Cumilla","division":"Cumilla","subdivision":"Cumilla","sae":"Cumilla-1","bridge_length_(m)":46.37,"bridge_width_(m)":10.25,"chainage_(km)":4.1,"xcoord":91.2025,"ycoord":23.3636111,"bms_inventory":"http://bms.rhd.gov.bd:8088/bms/bridges/inventory_view/586","bms_detail":"http://bms.rhd.gov.bd:8088/bms/bridges/detail_view/586","keys":"[bridge_name, Bridge Name], [bridge_type,Type], [chainage_(km), Chainage (km)], [road_no, On Road], [division, Division], [subdivision, Subdivision], [bridge_length_(m), Length (m)], [bridge_width_(m), Width (m)],[map_link(=>{type:link, format:weblink}, Google Map,newtab=>),Google Map View],[bms_inventory(=>{type:link, format:weblink}, BMS Link,newtab=>), BMS Inventory],[bms_detail(=>{type:link, format:weblink},BMS Link,newtab=>), BMS Detailed View]","f_class_name":"PC Girder Bridge","f_class_color":"#6ebed6"},"geometry":{"type":"Point","coordinates":[91.2025,23.3636111]}},
{"type":"Feature","properties":{"id":607,"sl":9934,"map_link":"https://maps.google.com/?q=23.67805560000000000,90.80444440000000000&amp;z=8&amp;t=k","image_popup":"8088/bms/assets/uploads/images/bridges/bridge_607/1644745486.jpg","bridge_name":"Mishikara Bridge","bridge_type":"RC Girder Bridge","road_no":"Z1205","zone":"Cumilla","circle":"Cumilla","division":"Cumilla","subdivision":"Cumilla","sae":"Cumilla-1","bridge_length_(m)":8.84,"bridge_width_(m)":5.4,"chainage_(km)":19.35,"xcoord":90.8044444,"ycoord":23.6780556,"bms_inventory":"http://bms.rhd.gov.bd:8088/bms/bridges/inventory_view/607","bms_detail":"http://bms.rhd.gov.bd:8088/bms/bridges/detail_view/607","keys":"[bridge_name, Bridge Name], [bridge_type,Type], [chainage_(km), Chainage (km)], [road_no, On Road], [division, Division], [subdivision, Subdivision], [bridge_length_(m), Length (m)], [bridge_width_(m), Width (m)],[map_link(=>{type:link, format:weblink}, Google Map,newtab=>),Google Map View],[bms_inventory(=>{type:link, format:weblink}, BMS Link,newtab=>), BMS Inventory],[bms_detail(=>{type:link, format:weblink},BMS Link,newtab=>), BMS Detailed View]","f_class_name":"RC Girder Bridge","f_class_color":"#e8f674"},"geometry":{"type":"Point","coordinates":[90.8044444,23.6780556]}},
{"type":"Feature","properties":{"id":621,"sl":13550,"map_link":"https://maps.google.com/?q=23.73916670000000000,90.88972220000000000&amp;z=8&amp;t=k","image_popup":"8088/bms/assets/uploads/images/bridges/bridge_621/1644910414.jpg","bridge_name":"Shapla -2","bridge_type":"RC Girder Bridge","road_no":"Z1221","zone":"Cumilla","circle":"Cumilla","division":"Cumilla","subdivision":"Cumilla","sae":"Cumilla-1","bridge_length_(m)":31.8,"bridge_width_(m)":10.25,"chainage_(km)":25.9,"xcoord":90.8897222,"ycoord":23.7391667,"bms_inventory":"http://bms.rhd.gov.bd:8088/bms/bridges/inventory_view/621","bms_detail":"http://bms.rhd.gov.bd:8088/bms/bridges/detail_view/621","keys":"[bridge_name, Bridge Name], [bridge_type,Type], [chainage_(km), Chainage (km)], [road_no, On Road], [division, Division], [subdivision, Subdivision], [bridge_length_(m), Length (m)], [bridge_width_(m), Width (m)],[map_link(=>{type:link, format:weblink}, Google Map,newtab=>),Google Map View],[bms_inventory(=>{type:link, format:weblink}, BMS Link,newtab=>), BMS Inventory],[bms_detail(=>{type:link, format:weblink},BMS Link,newtab=>), BMS Detailed View]","f_class_name":"RC Girder Bridge","f_class_color":"#e8f674"},"geometry":{"type":"Point","coordinates":[90.8897222,23.7391667]}},
{"type":"Feature","properties":{"id":625,"sl":4152,"map_link":"https://maps.google.com/?q=23.51444440000000000,90.71944440000000000&amp;z=8&amp;t=k","image_popup":"8088/bms/assets/uploads/images/bridges/bridge_625/1645070354.jpg","bridge_name":"Dawladdi Bridge","bridge_type":"RC Girder Bridge","road_no":"Z1062","zone":"Cumilla","circle":"Cumilla","division":"Cumilla","subdivision":"Gouripur","sae":"Gouripur-1","bridge_length_(m)":38.7,"bridge_width_(m)":8.35,"chainage_(km)":2.01,"xcoord":90.7194444,"ycoord":23.5144444,"bms_inventory":"http://bms.rhd.gov.bd:8088/bms/bridges/inventory_view/625","bms_detail":"http://bms.rhd.gov.bd:8088/bms/bridges/detail_view/625","keys":"[bridge_name, Bridge Name], [bridge_type,Type], [chainage_(km), Chainage (km)], [road_no, On Road], [division, Division], [subdivision, Subdivision], [bridge_length_(m), Length (m)], [bridge_width_(m), Width (m)],[map_link(=>{type:link, format:weblink}, Google Map,newtab=>),Google Map View],[bms_inventory(=>{type:link, format:weblink}, BMS Link,newtab=>), BMS Inventory],[bms_detail(=>{type:link, format:weblink},BMS Link,newtab=>), BMS Detailed View]","f_class_name":"RC Girder Bridge","f_class_color":"#e8f674"},"geometry":{"type":"Point","coordinates":[90.7194444,23.5144444]}},
{"type":"Feature","properties":{"id":626,"sl":7393,"map_link":"https://maps.google.com/?q=23.50472220000000000,90.71944440000000000&amp;z=8&amp;t=k","image_popup":"8088/bms/assets/uploads/images/bridges/bridge_626/1644817998.jpg","bridge_name":"kalairkandi Girder Bridge","bridge_type":"RC Girder Bridge","road_no":"Z1062","zone":"Cumilla","circle":"Cumilla","division":"Cumilla","subdivision":"Cumilla","sae":"Cumilla-2","bridge_length_(m)":25.0,"bridge_width_(m)":8.35,"chainage_(km)":3.9,"xcoord":90.7194444,"ycoord":23.5047222,"bms_inventory":"http://bms.rhd.gov.bd:8088/bms/bridges/inventory_view/626","bms_detail":"http://bms.rhd.gov.bd:8088/bms/bridges/detail_view/626","keys":"[bridge_name, Bridge Name], [bridge_type,Type], [chainage_(km), Chainage (km)], [road_no, On Road], [division, Division], [subdivision, Subdivision], [bridge_length_(m), Length (m)], [bridge_width_(m), Width (m)],[map_link(=>{type:link, format:weblink}, Google Map,newtab=>),Google Map View],[bms_inventory(=>{type:link, format:weblink}, BMS Link,newtab=>), BMS Inventory],[bms_detail(=>{type:link, format:weblink},BMS Link,newtab=>), BMS Detailed View]","f_class_name":"RC Girder Bridge","f_class_color":"#e8f674"},"geometry":{"type":"Point","coordinates":[90.7194444,23.5047222]}},
{"type":"Feature","properties":{"id":628,"sl":5608,"map_link":"https://maps.google.com/?q=23.32583330000000000,90.71916670000000000&amp;z=8&amp;t=k","image_popup":"8088/bms/assets/uploads/images/bridges/bridge_628/1644819814.jpg","bridge_name":"Goalmari Bridge","bridge_type":"PC Girder Bridge","road_no":"Z1062","zone":"Cumilla","circle":"Cumilla","division":"Cumilla","subdivision":"Cumilla","sae":"Cumilla-2","bridge_length_(m)":30.6,"bridge_width_(m)":10.12,"chainage_(km)":4.78,"xcoord":90.7191667,"ycoord":23.3258333,"bms_inventory":"http://bms.rhd.gov.bd:8088/bms/bridges/inventory_view/628","bms_detail":"http://bms.rhd.gov.bd:8088/bms/bridges/detail_view/628","keys":"[bridge_name, Bridge Name], [bridge_type,Type], [chainage_(km), Chainage (km)], [road_no, On Road], [division, Division], [subdivision, Subdivision], [bridge_length_(m), Length (m)], [bridge_width_(m), Width (m)],[map_link(=>{type:link, format:weblink}, Google Map,newtab=>),Google Map View],[bms_inventory(=>{type:link, format:weblink}, BMS Link,newtab=>), BMS Inventory],[bms_detail(=>{type:link, format:weblink},BMS Link,newtab=>), BMS Detailed View]","f_class_name":"PC Girder Bridge","f_class_color":"#6ebed6"},"geometry":{"type":"Point","coordinates":[90.7191667,23.3258333]}},
{"type":"Feature","properties":{"id":635,"sl":8718,"map_link":"https://maps.google.com/?q=23.47638888888900000,90.72000000000000000&amp;z=8&amp;t=k","image_popup":"8088/bms/assets/uploads/images/bridges/bridge_635/1644822778.jpg","bridge_name":"Koyrapur Bridge","bridge_type":"Portable Steel Bridge","road_no":"Z1062","zone":"Cumilla","circle":"Cumilla","division":"Cumilla","subdivision":"Cumilla","sae":"Cumilla-2","bridge_length_(m)":30.56,"bridge_width_(m)":4.77,"chainage_(km)":6.725,"xcoord":90.72,"ycoord":23.47638889,"bms_inventory":"http://bms.rhd.gov.bd:8088/bms/bridges/inventory_view/635","bms_detail":"http://bms.rhd.gov.bd:8088/bms/bridges/detail_view/635","keys":"[bridge_name, Bridge Name], [bridge_type,Type], [chainage_(km), Chainage (km)], [road_no, On Road], [division, Division], [subdivision, Subdivision], [bridge_length_(m), Length (m)], [bridge_width_(m), Width (m)],[map_link(=>{type:link, format:weblink}, Google Map,newtab=>),Google Map View],[bms_inventory(=>{type:link, format:weblink}, BMS Link,newtab=>), BMS Inventory],[bms_detail(=>{type:link, format:weblink},BMS Link,newtab=>), BMS Detailed View]","f_class_name":"Portable Steel Bridge","f_class_color":"#29ffa4"},"geometry":{"type":"Point","coordinates":[90.72,23.47638889]}},
{"type":"Feature","properties":{"id":654,"sl":7623,"map_link":"https://maps.google.com/?q=23.45333330000000000,91.09166670000000000&amp;z=8&amp;t=k","image_popup":"8088/bms/assets/uploads/images/bridges/bridge_654/1644835278.jpg","bridge_name":"Kamlapur Small Slab Bridge","bridge_type":"Small Slab Bridge","road_no":"Z1029","zone":"Cumilla","circle":"Cumilla","division":"Cumilla","subdivision":"Cumilla","sae":"Cumilla-1","bridge_length_(m)":1.75,"bridge_width_(m)":5.35,"chainage_(km)":9.1,"xcoord":91.0916667,"ycoord":23.4533333,"bms_inventory":"http://bms.rhd.gov.bd:8088/bms/bridges/inventory_view/654","bms_detail":"http://bms.rhd.gov.bd:8088/bms/bridges/detail_view/654","keys":"[bridge_name, Bridge Name], [bridge_type,Type], [chainage_(km), Chainage (km)], [road_no, On Road], [division, Division], [subdivision, Subdivision], [bridge_length_(m), Length (m)], [bridge_width_(m), Width (m)],[map_link(=>{type:link, format:weblink}, Google Map,newtab=>),Google Map View],[bms_inventory(=>{type:link, format:weblink}, BMS Link,newtab=>), BMS Inventory],[bms_detail(=>{type:link, format:weblink},BMS Link,newtab=>), BMS Detailed View]","f_class_name":"Small Slab Bridge","f_class_color":"#13b7dd"},"geometry":{"type":"Point","coordinates":[91.0916667,23.4533333]}},
{"type":"Feature","properties":{"id":682,"sl":133,"map_link":"https://maps.google.com/?q=23.34638890000000000,90.98250000000000000&amp;z=8&amp;t=k","image_popup":"8088/bms/assets/uploads/images/bridges/bridge_682/1645349588.jpg","bridge_name":"Adda Bridge","bridge_type":"RC Girder Bridge","road_no":"Z1401","zone":"Cumilla","circle":"Cumilla","division":"Cumilla","subdivision":"Gouripur","sae":"Gouripur-1","bridge_length_(m)":18.0,"bridge_width_(m)":10.0,"chainage_(km)":21.099,"xcoord":90.9825,"ycoord":23.3463889,"bms_inventory":"http://bms.rhd.gov.bd:8088/bms/bridges/inventory_view/682","bms_detail":"http://bms.rhd.gov.bd:8088/bms/bridges/detail_view/682","keys":"[bridge_name, Bridge Name], [bridge_type,Type], [chainage_(km), Chainage (km)], [road_no, On Road], [division, Division], [subdivision, Subdivision], [bridge_length_(m), Length (m)], [bridge_width_(m), Width (m)],[map_link(=>{type:link, format:weblink}, Google Map,newtab=>),Google Map View],[bms_inventory(=>{type:link, format:weblink}, BMS Link,newtab=>), BMS Inventory],[bms_detail(=>{type:link, format:weblink},BMS Link,newtab=>), BMS Detailed View]","f_class_name":"RC Girder Bridge","f_class_color":"#e8f674"},"geometry":{"type":"Point","coordinates":[90.9825,23.3463889]}},
{"type":"Feature","properties":{"id":692,"sl":9617,"map_link":"https://maps.google.com/?q=23.46000000000000000,90.76916670000000000&amp;z=8&amp;t=k","image_popup":"8088/bms/assets/uploads/images/bridges/bridge_692/1645339132.jpg","bridge_name":"Maruka Bridge","bridge_type":"PC Girder Bridge","road_no":"Z1402","zone":"Cumilla","circle":"Cumilla","division":"Cumilla","subdivision":"Gouripur","sae":"Gouripur-1","bridge_length_(m)":31.14,"bridge_width_(m)":10.27,"chainage_(km)":9.398,"xcoord":90.7691667,"ycoord":23.46,"bms_inventory":"http://bms.rhd.gov.bd:8088/bms/bridges/inventory_view/692","bms_detail":"http://bms.rhd.gov.bd:8088/bms/bridges/detail_view/692","keys":"[bridge_name, Bridge Name], [bridge_type,Type], [chainage_(km), Chainage (km)], [road_no, On Road], [division, Division], [subdivision, Subdivision], [bridge_length_(m), Length (m)], [bridge_width_(m), Width (m)],[map_link(=>{type:link, format:weblink}, Google Map,newtab=>),Google Map View],[bms_inventory(=>{type:link, format:weblink}, BMS Link,newtab=>), BMS Inventory],[bms_detail(=>{type:link, format:weblink},BMS Link,newtab=>), BMS Detailed View]","f_class_name":"PC Girder Bridge","f_class_color":"#6ebed6"},"geometry":{"type":"Point","coordinates":[90.7691667,23.46]}},
{"type":"Feature","properties":{"id":738,"sl":7652,"map_link":"https://maps.google.com/?q=23.42333330000000000,90.74916670000000000&amp;z=8&amp;t=k","image_popup":"8088/bms/assets/uploads/images/bridges/bridge_738/1645341348.jpg","bridge_name":"Kanchoa Bridge","bridge_type":"PC Girder Bridge","road_no":"Z1402","zone":"Cumilla","circle":"Cumilla","division":"Cumilla","subdivision":"Gouripur","sae":"Gouripur-1","bridge_length_(m)":94.0,"bridge_width_(m)":9.54,"chainage_(km)":15.408,"xcoord":90.7491667,"ycoord":23.4233333,"bms_inventory":"http://bms.rhd.gov.bd:8088/bms/bridges/inventory_view/738","bms_detail":"http://bms.rhd.gov.bd:8088/bms/bridges/detail_view/738","keys":"[bridge_name, Bridge Name], [bridge_type,Type], [chainage_(km), Chainage (km)], [road_no, On Road], [division, Division], [subdivision, Subdivision], [bridge_length_(m), Length (m)], [bridge_width_(m), Width (m)],[map_link(=>{type:link, format:weblink}, Google Map,newtab=>),Google Map View],[bms_inventory(=>{type:link, format:weblink}, BMS Link,newtab=>), BMS Inventory],[bms_detail(=>{type:link, format:weblink},BMS Link,newtab=>), BMS Detailed View]","f_class_name":"PC Girder Bridge","f_class_color":"#6ebed6"},"geometry":{"type":"Point","coordinates":[90.7491667,23.4233333]}},
{"type":"Feature","properties":{"id":813,"sl":3129,"map_link":"https://maps.google.com/?q=23.47888890000000000,91.18777780000000000&amp;z=8&amp;t=k","image_popup":"8088/bms/assets/uploads/images/bridges/bridge_813/1646652153.jpg","bridge_name":"Chanpur Bridge","bridge_type":"Portable Steel Bridge","road_no":"N114","zone":"Cumilla","circle":"Cumilla","division":"Cumilla","subdivision":"Cumilla","sae":"Cumilla-1","bridge_length_(m)":137.2,"bridge_width_(m)":4.25,"chainage_(km)":0.1,"xcoord":91.1877778,"ycoord":23.4788889,"bms_inventory":"http://bms.rhd.gov.bd:8088/bms/bridges/inventory_view/813","bms_detail":"http://bms.rhd.gov.bd:8088/bms/bridges/detail_view/813","keys":"[bridge_name, Bridge Name], [bridge_type,Type], [chainage_(km), Chainage (km)], [road_no, On Road], [division, Division], [subdivision, Subdivision], [bridge_length_(m), Length (m)], [bridge_width_(m), Width (m)],[map_link(=>{type:link, format:weblink}, Google Map,newtab=>),Google Map View],[bms_inventory(=>{type:link, format:weblink}, BMS Link,newtab=>), BMS Inventory],[bms_detail(=>{type:link, format:weblink},BMS Link,newtab=>), BMS Detailed View]","f_class_name":"Portable Steel Bridge","f_class_color":"#29ffa4"},"geometry":{"type":"Point","coordinates":[91.1877778,23.4788889]}},
{"type":"Feature","properties":{"id":819,"sl":12016,"map_link":"https://maps.google.com/?q=23.46694440000000000,91.17472220000000000&amp;z=8&amp;t=k","image_popup":"8088/bms/assets/uploads/images/bridges/bridge_819/1646105536.jpg","bridge_name":"Police line Small slab bridge","bridge_type":"Small Slab Bridge","road_no":"N120","zone":"Cumilla","circle":"Cumilla","division":"Cumilla","subdivision":"Cumilla","sae":"Cumilla-1","bridge_length_(m)":1.25,"bridge_width_(m)":8.4,"chainage_(km)":4.42,"xcoord":91.1747222,"ycoord":23.4669444,"bms_inventory":"http://bms.rhd.gov.bd:8088/bms/bridges/inventory_view/819","bms_detail":"http://bms.rhd.gov.bd:8088/bms/bridges/detail_view/819","keys":"[bridge_name, Bridge Name], [bridge_type,Type], [chainage_(km), Chainage (km)], [road_no, On Road], [division, Division], [subdivision, Subdivision], [bridge_length_(m), Length (m)], [bridge_width_(m), Width (m)],[map_link(=>{type:link, format:weblink}, Google Map,newtab=>),Google Map View],[bms_inventory(=>{type:link, format:weblink}, BMS Link,newtab=>), BMS Inventory],[bms_detail(=>{type:link, format:weblink},BMS Link,newtab=>), BMS Detailed View]","f_class_name":"Small Slab Bridge","f_class_color":"#13b7dd"},"geometry":{"type":"Point","coordinates":[91.1747222,23.4669444]}},
{"type":"Feature","properties":{"id":832,"sl":7507,"map_link":"https://maps.google.com/?q=23.40138890000000000,91.22055560000000000&amp;z=8&amp;t=k","image_popup":"8088/bms/assets/uploads/images/bridges/bridge_832/1646107988.jpg","bridge_name":"Kalir bazar Small Slab Bridge","bridge_type":"Small Slab Bridge","road_no":"N120","zone":"Cumilla","circle":"Cumilla","division":"Cumilla","subdivision":"Cumilla","sae":"Cumilla-1","bridge_length_(m)":2.0,"bridge_width_(m)":7.45,"chainage_(km)":15.4,"xcoord":91.2205556,"ycoord":23.4013889,"bms_inventory":"http://bms.rhd.gov.bd:8088/bms/bridges/inventory_view/832","bms_detail":"http://bms.rhd.gov.bd:8088/bms/bridges/detail_view/832","keys":"[bridge_name, Bridge Name], [bridge_type,Type], [chainage_(km), Chainage (km)], [road_no, On Road], [division, Division], [subdivision, Subdivision], [bridge_length_(m), Length (m)], [bridge_width_(m), Width (m)],[map_link(=>{type:link, format:weblink}, Google Map,newtab=>),Google Map View],[bms_inventory(=>{type:link, format:weblink}, BMS Link,newtab=>), BMS Inventory],[bms_detail(=>{type:link, format:weblink},BMS Link,newtab=>), BMS Detailed View]","f_class_name":"Small Slab Bridge","f_class_color":"#13b7dd"},"geometry":{"type":"Point","coordinates":[91.2205556,23.4013889]}},
{"type":"Feature","properties":{"id":852,"sl":6131,"map_link":"https://maps.google.com/?q=23.43444440000000000,91.15555560000000000&amp;z=8&amp;t=k","image_popup":"8088/bms/assets/uploads/images/bridges/bridge_852/1645936785.jpg","bridge_name":"Haratoli Small Slab Bridge","bridge_type":"Small Slab Bridge","road_no":"Z1051","zone":"Cumilla","circle":"Cumilla","division":"Cumilla","subdivision":"Cumilla","sae":"Cumilla-1","bridge_length_(m)":1.0,"bridge_width_(m)":9.47,"chainage_(km)":1.8,"xcoord":91.1555556,"ycoord":23.4344444,"bms_inventory":"http://bms.rhd.gov.bd:8088/bms/bridges/inventory_view/852","bms_detail":"http://bms.rhd.gov.bd:8088/bms/bridges/detail_view/852","keys":"[bridge_name, Bridge Name], [bridge_type,Type], [chainage_(km), Chainage (km)], [road_no, On Road], [division, Division], [subdivision, Subdivision], [bridge_length_(m), Length (m)], [bridge_width_(m), Width (m)],[map_link(=>{type:link, format:weblink}, Google Map,newtab=>),Google Map View],[bms_inventory(=>{type:link, format:weblink}, BMS Link,newtab=>), BMS Inventory],[bms_detail(=>{type:link, format:weblink},BMS Link,newtab=>), BMS Detailed View]","f_class_name":"Small Slab Bridge","f_class_color":"#13b7dd"},"geometry":{"type":"Point","coordinates":[91.1555556,23.4344444]}},
{"type":"Feature","properties":{"id":858,"sl":7982,"map_link":"https://maps.google.com/?q=23.42611110000000000,91.18250000000000000&amp;z=8&amp;t=k","image_popup":"8088/bms/assets/uploads/images/bridges/bridge_858/1646021374.jpg","bridge_name":"Kazipara RC Grider Bridge","bridge_type":"RC Girder Bridge","road_no":"Z1051","zone":"Cumilla","circle":"Cumilla","division":"Cumilla","subdivision":"Cumilla","sae":"Cumilla-1","bridge_length_(m)":16.0,"bridge_width_(m)":7.9,"chainage_(km)":6.5,"xcoord":91.1825,"ycoord":23.4261111,"bms_inventory":"http://bms.rhd.gov.bd:8088/bms/bridges/inventory_view/858","bms_detail":"http://bms.rhd.gov.bd:8088/bms/bridges/detail_view/858","keys":"[bridge_name, Bridge Name], [bridge_type,Type], [chainage_(km), Chainage (km)], [road_no, On Road], [division, Division], [subdivision, Subdivision], [bridge_length_(m), Length (m)], [bridge_width_(m), Width (m)],[map_link(=>{type:link, format:weblink}, Google Map,newtab=>),Google Map View],[bms_inventory(=>{type:link, format:weblink}, BMS Link,newtab=>), BMS Inventory],[bms_detail(=>{type:link, format:weblink},BMS Link,newtab=>), BMS Detailed View]","f_class_name":"RC Girder Bridge","f_class_color":"#e8f674"},"geometry":{"type":"Point","coordinates":[91.1825,23.4261111]}},
{"type":"Feature","properties":{"id":951,"sl":13943,"map_link":"https://maps.google.com/?q=23.65055560000000000,90.87777780000000000&amp;z=8&amp;t=k","image_popup":"8088/bms/assets/uploads/images/bridges/bridge_951/1646624872.jpg","bridge_name":"Shonapur PC","bridge_type":"PC Girder Bridge","road_no":"Z1205","zone":"Cumilla","circle":"Cumilla","division":"Cumilla","subdivision":"Gouripur","sae":"Gouripur-1","bridge_length_(m)":24.3,"bridge_width_(m)":9.53,"chainage_(km)":10.2,"xcoord":90.8777778,"ycoord":23.6505556,"bms_inventory":"http://bms.rhd.gov.bd:8088/bms/bridges/inventory_view/951","bms_detail":"http://bms.rhd.gov.bd:8088/bms/bridges/detail_view/951","keys":"[bridge_name, Bridge Name], [bridge_type,Type], [chainage_(km), Chainage (km)], [road_no, On Road], [division, Division], [subdivision, Subdivision], [bridge_length_(m), Length (m)], [bridge_width_(m), Width (m)],[map_link(=>{type:link, format:weblink}, Google Map,newtab=>),Google Map View],[bms_inventory(=>{type:link, format:weblink}, BMS Link,newtab=>), BMS Inventory],[bms_detail(=>{type:link, format:weblink},BMS Link,newtab=>), BMS Detailed View]","f_class_name":"PC Girder Bridge","f_class_color":"#6ebed6"},"geometry":{"type":"Point","coordinates":[90.8777778,23.6505556]}},
{"type":"Feature","properties":{"id":953,"sl":14025,"map_link":"https://maps.google.com/?q=23.65472220000000000,90.86805560000000000&amp;z=8&amp;t=k","image_popup":"8088/bms/assets/uploads/images/bridges/bridge_953/1646625344.jpeg","bridge_name":"Shureshordi Bridge","bridge_type":"PC Girder Bridge","road_no":"Z1205","zone":"Cumilla","circle":"Cumilla","division":"Cumilla","subdivision":"Gouripur","sae":"Gouripur-1","bridge_length_(m)":216.69,"bridge_width_(m)":7.6,"chainage_(km)":11.2,"xcoord":90.8680556,"ycoord":23.6547222,"bms_inventory":"http://bms.rhd.gov.bd:8088/bms/bridges/inventory_view/953","bms_detail":"http://bms.rhd.gov.bd:8088/bms/bridges/detail_view/953","keys":"[bridge_name, Bridge Name], [bridge_type,Type], [chainage_(km), Chainage (km)], [road_no, On Road], [division, Division], [subdivision, Subdivision], [bridge_length_(m), Length (m)], [bridge_width_(m), Width (m)],[map_link(=>{type:link, format:weblink}, Google Map,newtab=>),Google Map View],[bms_inventory(=>{type:link, format:weblink}, BMS Link,newtab=>), BMS Inventory],[bms_detail(=>{type:link, format:weblink},BMS Link,newtab=>), BMS Detailed View]","f_class_name":"PC Girder Bridge","f_class_color":"#6ebed6"},"geometry":{"type":"Point","coordinates":[90.8680556,23.6547222]}},
{"type":"Feature","properties":{"id":955,"sl":7857,"map_link":"https://maps.google.com/?q=23.66000000000000000,90.85333330000000000&amp;z=8&amp;t=k","image_popup":"8088/bms/assets/uploads/images/bridges/bridge_955/1646625813.jpeg","bridge_name":"Kashipur RC Grider","bridge_type":"RC Girder Bridge","road_no":"Z1205","zone":"Cumilla","circle":"Cumilla","division":"Cumilla","subdivision":"Gouripur","sae":"Gouripur-1","bridge_length_(m)":19.0,"bridge_width_(m)":7.6,"chainage_(km)":13.0,"xcoord":90.8533333,"ycoord":23.66,"bms_inventory":"http://bms.rhd.gov.bd:8088/bms/bridges/inventory_view/955","bms_detail":"http://bms.rhd.gov.bd:8088/bms/bridges/detail_view/955","keys":"[bridge_name, Bridge Name], [bridge_type,Type], [chainage_(km), Chainage (km)], [road_no, On Road], [division, Division], [subdivision, Subdivision], [bridge_length_(m), Length (m)], [bridge_width_(m), Width (m)],[map_link(=>{type:link, format:weblink}, Google Map,newtab=>),Google Map View],[bms_inventory(=>{type:link, format:weblink}, BMS Link,newtab=>), BMS Inventory],[bms_detail(=>{type:link, format:weblink},BMS Link,newtab=>), BMS Detailed View]","f_class_name":"RC Girder Bridge","f_class_color":"#e8f674"},"geometry":{"type":"Point","coordinates":[90.8533333,23.66]}},
{"type":"Feature","properties":{"id":963,"sl":5746,"map_link":"https://maps.google.com/?q=23.54527780000000000,90.78416670000000000&amp;z=8&amp;t=k","image_popup":"8088/bms/assets/uploads/images/bridges/bridge_963/1646564635.jpg","bridge_name":"Gomoti Bridge","bridge_type":"PC Girder Bridge","road_no":"Z1053","zone":"Cumilla","circle":"Cumilla","division":"Cumilla","subdivision":"Gouripur","sae":"Gouripur-3","bridge_length_(m)":112.0,"bridge_width_(m)":10.2,"chainage_(km)":1.649,"xcoord":90.7841667,"ycoord":23.5452778,"bms_inventory":"http://bms.rhd.gov.bd:8088/bms/bridges/inventory_view/963","bms_detail":"http://bms.rhd.gov.bd:8088/bms/bridges/detail_view/963","keys":"[bridge_name, Bridge Name], [bridge_type,Type], [chainage_(km), Chainage (km)], [road_no, On Road], [division, Division], [subdivision, Subdivision], [bridge_length_(m), Length (m)], [bridge_width_(m), Width (m)],[map_link(=>{type:link, format:weblink}, Google Map,newtab=>),Google Map View],[bms_inventory(=>{type:link, format:weblink}, BMS Link,newtab=>), BMS Inventory],[bms_detail(=>{type:link, format:weblink},BMS Link,newtab=>), BMS Detailed View]","f_class_name":"PC Girder Bridge","f_class_color":"#6ebed6"},"geometry":{"type":"Point","coordinates":[90.7841667,23.5452778]}},
{"type":"Feature","properties":{"id":964,"sl":14536,"map_link":"https://maps.google.com/?q=23.65805560000000000,90.82527780000000000&amp;z=8&amp;t=k","image_popup":"8088/bms/assets/uploads/images/bridges/bridge_964/1646627224.jpg","bridge_name":"Sripur PC Grider Bridge","bridge_type":"PC Girder Bridge","road_no":"Z1205","zone":"Cumilla","circle":"Cumilla","division":"Cumilla","subdivision":"Gouripur","sae":"Gouripur-1","bridge_length_(m)":131.6,"bridge_width_(m)":7.5,"chainage_(km)":16.35,"xcoord":90.8252778,"ycoord":23.6580556,"bms_inventory":"http://bms.rhd.gov.bd:8088/bms/bridges/inventory_view/964","bms_detail":"http://bms.rhd.gov.bd:8088/bms/bridges/detail_view/964","keys":"[bridge_name, Bridge Name], [bridge_type,Type], [chainage_(km), Chainage (km)], [road_no, On Road], [division, Division], [subdivision, Subdivision], [bridge_length_(m), Length (m)], [bridge_width_(m), Width (m)],[map_link(=>{type:link, format:weblink}, Google Map,newtab=>),Google Map View],[bms_inventory(=>{type:link, format:weblink}, BMS Link,newtab=>), BMS Inventory],[bms_detail(=>{type:link, format:weblink},BMS Link,newtab=>), BMS Detailed View]","f_class_name":"PC Girder Bridge","f_class_color":"#6ebed6"},"geometry":{"type":"Point","coordinates":[90.8252778,23.6580556]}},
{"type":"Feature","properties":{"id":969,"sl":15951,"map_link":"https://maps.google.com/?q=23.55111110000000000,90.78305560000000000&amp;z=8&amp;t=k","image_popup":"8088/bms/assets/uploads/images/bridges/bridge_969/1646565192.jpg","bridge_name":"Ziakandi Bridge","bridge_type":"RC Girder Bridge","road_no":"Z1053","zone":"Cumilla","circle":"Cumilla","division":"Cumilla","subdivision":"Gouripur","sae":"Gouripur-3","bridge_length_(m)":7.1,"bridge_width_(m)":6.5,"chainage_(km)":2.111,"xcoord":90.7830556,"ycoord":23.5511111,"bms_inventory":"http://bms.rhd.gov.bd:8088/bms/bridges/inventory_view/969","bms_detail":"http://bms.rhd.gov.bd:8088/bms/bridges/detail_view/969","keys":"[bridge_name, Bridge Name], [bridge_type,Type], [chainage_(km), Chainage (km)], [road_no, On Road], [division, Division], [subdivision, Subdivision], [bridge_length_(m), Length (m)], [bridge_width_(m), Width (m)],[map_link(=>{type:link, format:weblink}, Google Map,newtab=>),Google Map View],[bms_inventory(=>{type:link, format:weblink}, BMS Link,newtab=>), BMS Inventory],[bms_detail(=>{type:link, format:weblink},BMS Link,newtab=>), BMS Detailed View]","f_class_name":"RC Girder Bridge","f_class_color":"#e8f674"},"geometry":{"type":"Point","coordinates":[90.7830556,23.5511111]}},
{"type":"Feature","properties":{"id":972,"sl":6040,"map_link":"https://maps.google.com/?q=23.67638890000000000,90.80916670000000000&amp;z=8&amp;t=k","image_popup":"8088/bms/assets/uploads/images/bridges/bridge_972/1646628149.jpg","bridge_name":"Hadirkhal PC Grider","bridge_type":"PC Girder Bridge","road_no":"Z1205","zone":"Cumilla","circle":"Cumilla","division":"Cumilla","subdivision":"Gouripur","sae":"Gouripur-1","bridge_length_(m)":30.0,"bridge_width_(m)":10.28,"chainage_(km)":19.05,"xcoord":90.8091667,"ycoord":23.6763889,"bms_inventory":"http://bms.rhd.gov.bd:8088/bms/bridges/inventory_view/972","bms_detail":"http://bms.rhd.gov.bd:8088/bms/bridges/detail_view/972","keys":"[bridge_name, Bridge Name], [bridge_type,Type], [chainage_(km), Chainage (km)], [road_no, On Road], [division, Division], [subdivision, Subdivision], [bridge_length_(m), Length (m)], [bridge_width_(m), Width (m)],[map_link(=>{type:link, format:weblink}, Google Map,newtab=>),Google Map View],[bms_inventory(=>{type:link, format:weblink}, BMS Link,newtab=>), BMS Inventory],[bms_detail(=>{type:link, format:weblink},BMS Link,newtab=>), BMS Detailed View]","f_class_name":"PC Girder Bridge","f_class_color":"#6ebed6"},"geometry":{"type":"Point","coordinates":[90.8091667,23.6763889]}},
{"type":"Feature","properties":{"id":976,"sl":4730,"map_link":"https://maps.google.com/?q=23.55638890000000000,90.78222220000000000&amp;z=8&amp;t=k","image_popup":"8088/bms/assets/uploads/images/bridges/bridge_976/1646623763.jpg","bridge_name":"Dorikandi Bridge","bridge_type":"PC Girder Bridge","road_no":"Z1053","zone":"Cumilla","circle":"Cumilla","division":"Cumilla","subdivision":"Gouripur","sae":"Gouripur-3","bridge_length_(m)":125.0,"bridge_width_(m)":10.24,"chainage_(km)":2.921,"xcoord":90.7822222,"ycoord":23.5563889,"bms_inventory":"http://bms.rhd.gov.bd:8088/bms/bridges/inventory_view/976","bms_detail":"http://bms.rhd.gov.bd:8088/bms/bridges/detail_view/976","keys":"[bridge_name, Bridge Name], [bridge_type,Type], [chainage_(km), Chainage (km)], [road_no, On Road], [division, Division], [subdivision, Subdivision], [bridge_length_(m), Length (m)], [bridge_width_(m), Width (m)],[map_link(=>{type:link, format:weblink}, Google Map,newtab=>),Google Map View],[bms_inventory(=>{type:link, format:weblink}, BMS Link,newtab=>), BMS Inventory],[bms_detail(=>{type:link, format:weblink},BMS Link,newtab=>), BMS Detailed View]","f_class_name":"PC Girder Bridge","f_class_color":"#6ebed6"},"geometry":{"type":"Point","coordinates":[90.7822222,23.5563889]}},
{"type":"Feature","properties":{"id":982,"sl":13941,"map_link":"https://maps.google.com/?q=23.64972220000000000,90.88027780000000000&amp;z=8&amp;t=k","image_popup":"8088/bms/assets/uploads/images/bridges/bridge_982/1646629190.jpeg","bridge_name":"Shonapur","bridge_type":"RC Girder Bridge","road_no":"Z1205","zone":"Cumilla","circle":"Cumilla","division":"Cumilla","subdivision":"Gouripur","sae":"Gouripur-1","bridge_length_(m)":13.6,"bridge_width_(m)":9.45,"chainage_(km)":10.0,"xcoord":90.8802778,"ycoord":23.6497222,"bms_inventory":"http://bms.rhd.gov.bd:8088/bms/bridges/inventory_view/982","bms_detail":"http://bms.rhd.gov.bd:8088/bms/bridges/detail_view/982","keys":"[bridge_name, Bridge Name], [bridge_type,Type], [chainage_(km), Chainage (km)], [road_no, On Road], [division, Division], [subdivision, Subdivision], [bridge_length_(m), Length (m)], [bridge_width_(m), Width (m)],[map_link(=>{type:link, format:weblink}, Google Map,newtab=>),Google Map View],[bms_inventory(=>{type:link, format:weblink}, BMS Link,newtab=>), BMS Inventory],[bms_detail(=>{type:link, format:weblink},BMS Link,newtab=>), BMS Detailed View]","f_class_name":"RC Girder Bridge","f_class_color":"#e8f674"},"geometry":{"type":"Point","coordinates":[90.8802778,23.6497222]}},
{"type":"Feature","properties":{"id":985,"sl":13728,"map_link":"https://maps.google.com/?q=23.56500000000000000,90.78361110000000000&amp;z=8&amp;t=k","image_popup":"8088/bms/assets/uploads/images/bridges/bridge_985/1646642317.jpg","bridge_name":"Shibpur Bridge","bridge_type":"PC Girder Bridge","road_no":"Z1053","zone":"Cumilla","circle":"Cumilla","division":"Cumilla","subdivision":"Gouripur","sae":"Gouripur-3","bridge_length_(m)":31.2,"bridge_width_(m)":10.28,"chainage_(km)":3.892,"xcoord":90.7836111,"ycoord":23.565,"bms_inventory":"http://bms.rhd.gov.bd:8088/bms/bridges/inventory_view/985","bms_detail":"http://bms.rhd.gov.bd:8088/bms/bridges/detail_view/985","keys":"[bridge_name, Bridge Name], [bridge_type,Type], [chainage_(km), Chainage (km)], [road_no, On Road], [division, Division], [subdivision, Subdivision], [bridge_length_(m), Length (m)], [bridge_width_(m), Width (m)],[map_link(=>{type:link, format:weblink}, Google Map,newtab=>),Google Map View],[bms_inventory(=>{type:link, format:weblink}, BMS Link,newtab=>), BMS Inventory],[bms_detail(=>{type:link, format:weblink},BMS Link,newtab=>), BMS Detailed View]","f_class_name":"PC Girder Bridge","f_class_color":"#6ebed6"},"geometry":{"type":"Point","coordinates":[90.7836111,23.565]}},
{"type":"Feature","properties":{"id":988,"sl":10505,"map_link":"https://maps.google.com/?q=23.57361110000000000,90.78555560000000000&amp;z=8&amp;t=k","image_popup":"8088/bms/assets/uploads/images/bridges/bridge_988/1646645519.jpg","bridge_name":"Moutupi Bridge","bridge_type":"PC Girder Bridge","road_no":"Z1053","zone":"Cumilla","circle":"Cumilla","division":"Cumilla","subdivision":"Gouripur","sae":"Gouripur-3","bridge_length_(m)":31.8,"bridge_width_(m)":10.23,"chainage_(km)":4.864,"xcoord":90.7855556,"ycoord":23.5736111,"bms_inventory":"http://bms.rhd.gov.bd:8088/bms/bridges/inventory_view/988","bms_detail":"http://bms.rhd.gov.bd:8088/bms/bridges/detail_view/988","keys":"[bridge_name, Bridge Name], [bridge_type,Type], [chainage_(km), Chainage (km)], [road_no, On Road], [division, Division], [subdivision, Subdivision], [bridge_length_(m), Length (m)], [bridge_width_(m), Width (m)],[map_link(=>{type:link, format:weblink}, Google Map,newtab=>),Google Map View],[bms_inventory(=>{type:link, format:weblink}, BMS Link,newtab=>), BMS Inventory],[bms_detail(=>{type:link, format:weblink},BMS Link,newtab=>), BMS Detailed View]","f_class_name":"PC Girder Bridge","f_class_color":"#6ebed6"},"geometry":{"type":"Point","coordinates":[90.7855556,23.5736111]}},
{"type":"Feature","properties":{"id":997,"sl":12041,"map_link":"https://maps.google.com/?q=23.64166670000000000,90.79555560000000000&amp;z=8&amp;t=k","image_popup":"8088/bms/assets/uploads/images/bridges/bridge_997/1646645388.jpg","bridge_name":"Ponchoboti Bridge","bridge_type":"PC Girder Bridge","road_no":"Z1053","zone":"Cumilla","circle":"Cumilla","division":"Cumilla","subdivision":"Gouripur","sae":"Gouripur-3","bridge_length_(m)":94.0,"bridge_width_(m)":9.47,"chainage_(km)":12.754,"xcoord":90.7955556,"ycoord":23.6416667,"bms_inventory":"http://bms.rhd.gov.bd:8088/bms/bridges/inventory_view/997","bms_detail":"http://bms.rhd.gov.bd:8088/bms/bridges/detail_view/997","keys":"[bridge_name, Bridge Name], [bridge_type,Type], [chainage_(km), Chainage (km)], [road_no, On Road], [division, Division], [subdivision, Subdivision], [bridge_length_(m), Length (m)], [bridge_width_(m), Width (m)],[map_link(=>{type:link, format:weblink}, Google Map,newtab=>),Google Map View],[bms_inventory(=>{type:link, format:weblink}, BMS Link,newtab=>), BMS Inventory],[bms_detail(=>{type:link, format:weblink},BMS Link,newtab=>), BMS Detailed View]","f_class_name":"PC Girder Bridge","f_class_color":"#6ebed6"},"geometry":{"type":"Point","coordinates":[90.7955556,23.6416667]}},
{"type":"Feature","properties":{"id":999,"sl":7937,"map_link":"https://maps.google.com/?q=23.64500000000000000,90.79388890000000000&amp;z=8&amp;t=k","image_popup":"8088/bms/assets/uploads/images/bridges/bridge_999/1646627350.jpg","bridge_name":"Katherpul Bridge","bridge_type":"RC Girder Bridge","road_no":"Z1053","zone":"Cumilla","circle":"Cumilla","division":"Cumilla","subdivision":"Gouripur","sae":"Gouripur-3","bridge_length_(m)":10.0,"bridge_width_(m)":6.28,"chainage_(km)":13.114,"xcoord":90.7938889,"ycoord":23.645,"bms_inventory":"http://bms.rhd.gov.bd:8088/bms/bridges/inventory_view/999","bms_detail":"http://bms.rhd.gov.bd:8088/bms/bridges/detail_view/999","keys":"[bridge_name, Bridge Name], [bridge_type,Type], [chainage_(km), Chainage (km)], [road_no, On Road], [division, Division], [subdivision, Subdivision], [bridge_length_(m), Length (m)], [bridge_width_(m), Width (m)],[map_link(=>{type:link, format:weblink}, Google Map,newtab=>),Google Map View],[bms_inventory(=>{type:link, format:weblink}, BMS Link,newtab=>), BMS Inventory],[bms_detail(=>{type:link, format:weblink},BMS Link,newtab=>), BMS Detailed View]","f_class_name":"RC Girder Bridge","f_class_color":"#e8f674"},"geometry":{"type":"Point","coordinates":[90.7938889,23.645]}},
{"type":"Feature","properties":{"id":1000,"sl":7938,"map_link":"https://maps.google.com/?q=23.64805560000000000,90.79250000000000000&amp;z=8&amp;t=k","image_popup":"8088/bms/assets/uploads/images/bridges/bridge_1000/1646627453.jpg","bridge_name":"Katherpul Bridge 2","bridge_type":"RC Girder Bridge","road_no":"Z1053","zone":"Cumilla","circle":"Cumilla","division":"Cumilla","subdivision":"Gouripur","sae":"Gouripur-3","bridge_length_(m)":4.5,"bridge_width_(m)":6.6,"chainage_(km)":13.492,"xcoord":90.7925,"ycoord":23.6480556,"bms_inventory":"http://bms.rhd.gov.bd:8088/bms/bridges/inventory_view/1000","bms_detail":"http://bms.rhd.gov.bd:8088/bms/bridges/detail_view/1000","keys":"[bridge_name, Bridge Name], [bridge_type,Type], [chainage_(km), Chainage (km)], [road_no, On Road], [division, Division], [subdivision, Subdivision], [bridge_length_(m), Length (m)], [bridge_width_(m), Width (m)],[map_link(=>{type:link, format:weblink}, Google Map,newtab=>),Google Map View],[bms_inventory(=>{type:link, format:weblink}, BMS Link,newtab=>), BMS Inventory],[bms_detail(=>{type:link, format:weblink},BMS Link,newtab=>), BMS Detailed View]","f_class_name":"RC Girder Bridge","f_class_color":"#e8f674"},"geometry":{"type":"Point","coordinates":[90.7925,23.6480556]}},
{"type":"Feature","properties":{"id":1004,"sl":10047,"map_link":"https://maps.google.com/?q=23.66416670000000000,90.78444440000000000&amp;z=8&amp;t=k","image_popup":"8088/bms/assets/uploads/images/bridges/bridge_1004/1646644613.jpg","bridge_name":"Modhumoti Bridge","bridge_type":"RC Girder Bridge","road_no":"Z1053","zone":"Cumilla","circle":"Cumilla","division":"Cumilla","subdivision":"Gouripur","sae":"Gouripur-3","bridge_length_(m)":4.65,"bridge_width_(m)":6.45,"chainage_(km)":15.485,"xcoord":90.7844444,"ycoord":23.6641667,"bms_inventory":"http://bms.rhd.gov.bd:8088/bms/bridges/inventory_view/1004","bms_detail":"http://bms.rhd.gov.bd:8088/bms/bridges/detail_view/1004","keys":"[bridge_name, Bridge Name], [bridge_type,Type], [chainage_(km), Chainage (km)], [road_no, On Road], [division, Division], [subdivision, Subdivision], [bridge_length_(m), Length (m)], [bridge_width_(m), Width (m)],[map_link(=>{type:link, format:weblink}, Google Map,newtab=>),Google Map View],[bms_inventory(=>{type:link, format:weblink}, BMS Link,newtab=>), BMS Inventory],[bms_detail(=>{type:link, format:weblink},BMS Link,newtab=>), BMS Detailed View]","f_class_name":"RC Girder Bridge","f_class_color":"#e8f674"},"geometry":{"type":"Point","coordinates":[90.7844444,23.6641667]}},
{"type":"Feature","properties":{"id":1009,"sl":10048,"map_link":"https://maps.google.com/?q=23.66694440000000000,90.78250000000000000&amp;z=8&amp;t=k","image_popup":"8088/bms/assets/uploads/images/bridges/bridge_1009/1646644512.jpg","bridge_name":"Modhumoti Bridge 2","bridge_type":"PC Girder Bridge","road_no":"Z1053","zone":"Cumilla","circle":"Cumilla","division":"Cumilla","subdivision":"Gouripur","sae":"Gouripur-3","bridge_length_(m)":113.0,"bridge_width_(m)":9.5,"chainage_(km)":15.861,"xcoord":90.7825,"ycoord":23.6669444,"bms_inventory":"http://bms.rhd.gov.bd:8088/bms/bridges/inventory_view/1009","bms_detail":"http://bms.rhd.gov.bd:8088/bms/bridges/detail_view/1009","keys":"[bridge_name, Bridge Name], [bridge_type,Type], [chainage_(km), Chainage (km)], [road_no, On Road], [division, Division], [subdivision, Subdivision], [bridge_length_(m), Length (m)], [bridge_width_(m), Width (m)],[map_link(=>{type:link, format:weblink}, Google Map,newtab=>),Google Map View],[bms_inventory(=>{type:link, format:weblink}, BMS Link,newtab=>), BMS Inventory],[bms_detail(=>{type:link, format:weblink},BMS Link,newtab=>), BMS Detailed View]","f_class_name":"PC Girder Bridge","f_class_color":"#6ebed6"},"geometry":{"type":"Point","coordinates":[90.7825,23.6669444]}},
{"type":"Feature","properties":{"id":1011,"sl":6495,"map_link":"https://maps.google.com/?q=23.66916670000000000,90.78138890000000000&amp;z=8&amp;t=k","image_popup":"8088/bms/assets/uploads/images/bridges/bridge_1011/1646627187.jpg","bridge_name":"Horipur Bridge","bridge_type":"RC Girder Bridge","road_no":"Z1053","zone":"Cumilla","circle":"Cumilla","division":"Cumilla","subdivision":"Gouripur","sae":"Gouripur-3","bridge_length_(m)":7.45,"bridge_width_(m)":6.5,"chainage_(km)":16.138,"xcoord":90.7813889,"ycoord":23.6691667,"bms_inventory":"http://bms.rhd.gov.bd:8088/bms/bridges/inventory_view/1011","bms_detail":"http://bms.rhd.gov.bd:8088/bms/bridges/detail_view/1011","keys":"[bridge_name, Bridge Name], [bridge_type,Type], [chainage_(km), Chainage (km)], [road_no, On Road], [division, Division], [subdivision, Subdivision], [bridge_length_(m), Length (m)], [bridge_width_(m), Width (m)],[map_link(=>{type:link, format:weblink}, Google Map,newtab=>),Google Map View],[bms_inventory(=>{type:link, format:weblink}, BMS Link,newtab=>), BMS Inventory],[bms_detail(=>{type:link, format:weblink},BMS Link,newtab=>), BMS Detailed View]","f_class_name":"RC Girder Bridge","f_class_color":"#e8f674"},"geometry":{"type":"Point","coordinates":[90.7813889,23.6691667]}},
{"type":"Feature","properties":{"id":1016,"sl":6497,"map_link":"https://maps.google.com/?q=23.67222220000000000,90.78055560000000000&amp;z=8&amp;t=k","image_popup":"8088/bms/assets/uploads/images/bridges/bridge_1016/1646627035.jpg","bridge_name":"Horipur Bridge 2","bridge_type":"RC Girder Bridge","road_no":"Z1053","zone":"Cumilla","circle":"Cumilla","division":"Cumilla","subdivision":"Cumilla","sae":"Cumilla 3","bridge_length_(m)":9.65,"bridge_width_(m)":6.33,"chainage_(km)":16.497,"xcoord":90.7805556,"ycoord":23.6722222,"bms_inventory":"http://bms.rhd.gov.bd:8088/bms/bridges/inventory_view/1016","bms_detail":"http://bms.rhd.gov.bd:8088/bms/bridges/detail_view/1016","keys":"[bridge_name, Bridge Name], [bridge_type,Type], [chainage_(km), Chainage (km)], [road_no, On Road], [division, Division], [subdivision, Subdivision], [bridge_length_(m), Length (m)], [bridge_width_(m), Width (m)],[map_link(=>{type:link, format:weblink}, Google Map,newtab=>),Google Map View],[bms_inventory(=>{type:link, format:weblink}, BMS Link,newtab=>), BMS Inventory],[bms_detail(=>{type:link, format:weblink},BMS Link,newtab=>), BMS Detailed View]","f_class_name":"RC Girder Bridge","f_class_color":"#e8f674"},"geometry":{"type":"Point","coordinates":[90.7805556,23.6722222]}},
{"type":"Feature","properties":{"id":1019,"sl":7272,"map_link":"https://maps.google.com/?q=23.55472220000000000,90.99861110000000000&amp;z=8&amp;t=k","image_popup":"8088/bms/assets/uploads/images/bridges/bridge_1019/1646649136.jpg","bridge_name":"Kachishail Bridge","bridge_type":"RC Girder Bridge","road_no":"Z1008","zone":"Cumilla","circle":"Cumilla","division":"Cumilla","subdivision":"Cumilla","sae":"Cumilla-1","bridge_length_(m)":11.4,"bridge_width_(m)":4.71,"chainage_(km)":8.4,"xcoord":90.9986111,"ycoord":23.5547222,"bms_inventory":"http://bms.rhd.gov.bd:8088/bms/bridges/inventory_view/1019","bms_detail":"http://bms.rhd.gov.bd:8088/bms/bridges/detail_view/1019","keys":"[bridge_name, Bridge Name], [bridge_type,Type], [chainage_(km), Chainage (km)], [road_no, On Road], [division, Division], [subdivision, Subdivision], [bridge_length_(m), Length (m)], [bridge_width_(m), Width (m)],[map_link(=>{type:link, format:weblink}, Google Map,newtab=>),Google Map View],[bms_inventory(=>{type:link, format:weblink}, BMS Link,newtab=>), BMS Inventory],[bms_detail(=>{type:link, format:weblink},BMS Link,newtab=>), BMS Detailed View]","f_class_name":"RC Girder Bridge","f_class_color":"#e8f674"},"geometry":{"type":"Point","coordinates":[90.9986111,23.5547222]}},
{"type":"Feature","properties":{"id":1026,"sl":10676,"map_link":"https://maps.google.com/?q=23.50722220000000000,91.01000000000000000&amp;z=8&amp;t=k","image_popup":"8088/bms/assets/uploads/images/bridges/bridge_1026/1646651721.jpg","bridge_name":"Nabiabad Bailey Bridge-3","bridge_type":"Portable Steel Bridge","road_no":"Z1008","zone":"Cumilla","circle":"Cumilla","division":"Cumilla","subdivision":"Cumilla","sae":"Cumilla-1","bridge_length_(m)":21.0,"bridge_width_(m)":4.78,"chainage_(km)":2.6,"xcoord":91.01,"ycoord":23.5072222,"bms_inventory":"http://bms.rhd.gov.bd:8088/bms/bridges/inventory_view/1026","bms_detail":"http://bms.rhd.gov.bd:8088/bms/bridges/detail_view/1026","keys":"[bridge_name, Bridge Name], [bridge_type,Type], [chainage_(km), Chainage (km)], [road_no, On Road], [division, Division], [subdivision, Subdivision], [bridge_length_(m), Length (m)], [bridge_width_(m), Width (m)],[map_link(=>{type:link, format:weblink}, Google Map,newtab=>),Google Map View],[bms_inventory(=>{type:link, format:weblink}, BMS Link,newtab=>), BMS Inventory],[bms_detail(=>{type:link, format:weblink},BMS Link,newtab=>), BMS Detailed View]","f_class_name":"Portable Steel Bridge","f_class_color":"#29ffa4"},"geometry":{"type":"Point","coordinates":[91.01,23.5072222]}},
{"type":"Feature","properties":{"id":1027,"sl":10675,"map_link":"https://maps.google.com/?q=23.50000000000000000,91.00750000000000000&amp;z=8&amp;t=k","image_popup":"8088/bms/assets/uploads/images/bridges/bridge_1027/1646647448.jpg","bridge_name":"Nabiabad Bailey Bridge-2","bridge_type":"Portable Steel Bridge","road_no":"Z1008","zone":"Cumilla","circle":"Cumilla","division":"Cumilla","subdivision":"Cumilla","sae":"Cumilla-1","bridge_length_(m)":12.3,"bridge_width_(m)":4.75,"chainage_(km)":2.1,"xcoord":91.0075,"ycoord":23.5,"bms_inventory":"http://bms.rhd.gov.bd:8088/bms/bridges/inventory_view/1027","bms_detail":"http://bms.rhd.gov.bd:8088/bms/bridges/detail_view/1027","keys":"[bridge_name, Bridge Name], [bridge_type,Type], [chainage_(km), Chainage (km)], [road_no, On Road], [division, Division], [subdivision, Subdivision], [bridge_length_(m), Length (m)], [bridge_width_(m), Width (m)],[map_link(=>{type:link, format:weblink}, Google Map,newtab=>),Google Map View],[bms_inventory(=>{type:link, format:weblink}, BMS Link,newtab=>), BMS Inventory],[bms_detail(=>{type:link, format:weblink},BMS Link,newtab=>), BMS Detailed View]","f_class_name":"Portable Steel Bridge","f_class_color":"#29ffa4"},"geometry":{"type":"Point","coordinates":[91.0075,23.5]}},
{"type":"Feature","properties":{"id":1028,"sl":10674,"map_link":"https://maps.google.com/?q=23.51472220000000000,91.00583330000000000&amp;z=8&amp;t=k","image_popup":"8088/bms/assets/uploads/images/bridges/bridge_1028/1646648382.jpg","bridge_name":"Nabiabad Bailey Bridge-1","bridge_type":"Portable Steel Bridge","road_no":"Z1008","zone":"Cumilla","circle":"Cumilla","division":"Cumilla","subdivision":"Cumilla","sae":"Cumilla-1","bridge_length_(m)":21.5,"bridge_width_(m)":4.78,"chainage_(km)":1.4,"xcoord":91.0058333,"ycoord":23.5147222,"bms_inventory":"http://bms.rhd.gov.bd:8088/bms/bridges/inventory_view/1028","bms_detail":"http://bms.rhd.gov.bd:8088/bms/bridges/detail_view/1028","keys":"[bridge_name, Bridge Name], [bridge_type,Type], [chainage_(km), Chainage (km)], [road_no, On Road], [division, Division], [subdivision, Subdivision], [bridge_length_(m), Length (m)], [bridge_width_(m), Width (m)],[map_link(=>{type:link, format:weblink}, Google Map,newtab=>),Google Map View],[bms_inventory(=>{type:link, format:weblink}, BMS Link,newtab=>), BMS Inventory],[bms_detail(=>{type:link, format:weblink},BMS Link,newtab=>), BMS Detailed View]","f_class_name":"Portable Steel Bridge","f_class_color":"#29ffa4"},"geometry":{"type":"Point","coordinates":[91.0058333,23.5147222]}},
{"type":"Feature","properties":{"id":1030,"sl":6430,"map_link":"https://maps.google.com/?q=23.67472220000000000,90.77972220000000000&amp;z=8&amp;t=k","image_popup":"8088/bms/assets/uploads/images/bridges/bridge_1030/1646624152.jpg","bridge_name":"Homna Bustand Bridge","bridge_type":"RC Girder Bridge","road_no":"Z1053","zone":"Cumilla","circle":"Cumilla","division":"Cumilla","subdivision":"Gouripur","sae":"Gouripur-3","bridge_length_(m)":8.2,"bridge_width_(m)":6.47,"chainage_(km)":16.785,"xcoord":90.7797222,"ycoord":23.6747222,"bms_inventory":"http://bms.rhd.gov.bd:8088/bms/bridges/inventory_view/1030","bms_detail":"http://bms.rhd.gov.bd:8088/bms/bridges/detail_view/1030","keys":"[bridge_name, Bridge Name], [bridge_type,Type], [chainage_(km), Chainage (km)], [road_no, On Road], [division, Division], [subdivision, Subdivision], [bridge_length_(m), Length (m)], [bridge_width_(m), Width (m)],[map_link(=>{type:link, format:weblink}, Google Map,newtab=>),Google Map View],[bms_inventory(=>{type:link, format:weblink}, BMS Link,newtab=>), BMS Inventory],[bms_detail(=>{type:link, format:weblink},BMS Link,newtab=>), BMS Detailed View]","f_class_name":"RC Girder Bridge","f_class_color":"#e8f674"},"geometry":{"type":"Point","coordinates":[90.7797222,23.6747222]}},
{"type":"Feature","properties":{"id":1033,"sl":14770,"map_link":"https://maps.google.com/?q=23.67861110000000000,90.77861110000000000&amp;z=8&amp;t=k","image_popup":"8088/bms/assets/uploads/images/bridges/bridge_1033/1646645077.jpg","bridge_name":"Takwa Filling Station Bridge","bridge_type":"RC Girder Bridge","road_no":"Z1053","zone":"Cumilla","circle":"Cumilla","division":"Cumilla","subdivision":"Gouripur","sae":"Gouripur-3","bridge_length_(m)":4.5,"bridge_width_(m)":6.5,"chainage_(km)":17.225,"xcoord":90.7786111,"ycoord":23.6786111,"bms_inventory":"http://bms.rhd.gov.bd:8088/bms/bridges/inventory_view/1033","bms_detail":"http://bms.rhd.gov.bd:8088/bms/bridges/detail_view/1033","keys":"[bridge_name, Bridge Name], [bridge_type,Type], [chainage_(km), Chainage (km)], [road_no, On Road], [division, Division], [subdivision, Subdivision], [bridge_length_(m), Length (m)], [bridge_width_(m), Width (m)],[map_link(=>{type:link, format:weblink}, Google Map,newtab=>),Google Map View],[bms_inventory(=>{type:link, format:weblink}, BMS Link,newtab=>), BMS Inventory],[bms_detail(=>{type:link, format:weblink},BMS Link,newtab=>), BMS Detailed View]","f_class_name":"RC Girder Bridge","f_class_color":"#e8f674"},"geometry":{"type":"Point","coordinates":[90.7786111,23.6786111]}},
{"type":"Feature","properties":{"id":1056,"sl":13811,"map_link":"https://maps.google.com/?q=23.59166670000000000,91.15361110000000000&amp;z=8&amp;t=k","image_popup":"8088/bms/assets/uploads/images/bridges/bridge_1056/1646652094.jpg","bridge_name":"Shinduri khal","bridge_type":"RC Girder Bridge","road_no":"N114","zone":"Cumilla","circle":"Cumilla","division":"Cumilla","subdivision":"Cumilla","sae":"Cumilla-1","bridge_length_(m)":15.3,"bridge_width_(m)":7.35,"chainage_(km)":14.2,"xcoord":91.1536111,"ycoord":23.5916667,"bms_inventory":"http://bms.rhd.gov.bd:8088/bms/bridges/inventory_view/1056","bms_detail":"http://bms.rhd.gov.bd:8088/bms/bridges/detail_view/1056","keys":"[bridge_name, Bridge Name], [bridge_type,Type], [chainage_(km), Chainage (km)], [road_no, On Road], [division, Division], [subdivision, Subdivision], [bridge_length_(m), Length (m)], [bridge_width_(m), Width (m)],[map_link(=>{type:link, format:weblink}, Google Map,newtab=>),Google Map View],[bms_inventory(=>{type:link, format:weblink}, BMS Link,newtab=>), BMS Inventory],[bms_detail(=>{type:link, format:weblink},BMS Link,newtab=>), BMS Detailed View]","f_class_name":"RC Girder Bridge","f_class_color":"#e8f674"},"geometry":{"type":"Point","coordinates":[91.1536111,23.5916667]}},
{"type":"Feature","properties":{"id":1073,"sl":14966,"map_link":"https://maps.google.com/?q=23.62444440000000000,91.14805560000000000&amp;z=8&amp;t=k","image_popup":"8088/bms/assets/uploads/images/bridges/bridge_1073/1646654495.jpg","bridge_name":"Tetavumi","bridge_type":"Small Slab Bridge","road_no":"N114","zone":"Cumilla","circle":"Cumilla","division":"Cumilla","subdivision":"Cumilla","sae":"Cumilla-1","bridge_length_(m)":3.85,"bridge_width_(m)":4.3,"chainage_(km)":18.1,"xcoord":91.1480556,"ycoord":23.6244444,"bms_inventory":"http://bms.rhd.gov.bd:8088/bms/bridges/inventory_view/1073","bms_detail":"http://bms.rhd.gov.bd:8088/bms/bridges/detail_view/1073","keys":"[bridge_name, Bridge Name], [bridge_type,Type], [chainage_(km), Chainage (km)], [road_no, On Road], [division, Division], [subdivision, Subdivision], [bridge_length_(m), Length (m)], [bridge_width_(m), Width (m)],[map_link(=>{type:link, format:weblink}, Google Map,newtab=>),Google Map View],[bms_inventory(=>{type:link, format:weblink}, BMS Link,newtab=>), BMS Inventory],[bms_detail(=>{type:link, format:weblink},BMS Link,newtab=>), BMS Detailed View]","f_class_name":"Small Slab Bridge","f_class_color":"#13b7dd"},"geometry":{"type":"Point","coordinates":[91.1480556,23.6244444]}},
{"type":"Feature","properties":{"id":1076,"sl":13594,"map_link":"https://maps.google.com/?q=23.63138890000000000,91.14750000000000000&amp;z=8&amp;t=k","image_popup":"8088/bms/assets/uploads/images/bridges/bridge_1076/1646654682.jpg","bridge_name":"Shashidul Culvert- 1","bridge_type":"RC Girder Bridge","road_no":"N114","zone":"Cumilla","circle":"Cumilla","division":"Cumilla","subdivision":"Cumilla","sae":"Cumilla-1","bridge_length_(m)":5.0,"bridge_width_(m)":6.55,"chainage_(km)":18.9,"xcoord":91.1475,"ycoord":23.6313889,"bms_inventory":"http://bms.rhd.gov.bd:8088/bms/bridges/inventory_view/1076","bms_detail":"http://bms.rhd.gov.bd:8088/bms/bridges/detail_view/1076","keys":"[bridge_name, Bridge Name], [bridge_type,Type], [chainage_(km), Chainage (km)], [road_no, On Road], [division, Division], [subdivision, Subdivision], [bridge_length_(m), Length (m)], [bridge_width_(m), Width (m)],[map_link(=>{type:link, format:weblink}, Google Map,newtab=>),Google Map View],[bms_inventory(=>{type:link, format:weblink}, BMS Link,newtab=>), BMS Inventory],[bms_detail(=>{type:link, format:weblink},BMS Link,newtab=>), BMS Detailed View]","f_class_name":"RC Girder Bridge","f_class_color":"#e8f674"},"geometry":{"type":"Point","coordinates":[91.1475,23.6313889]}},
{"type":"Feature","properties":{"id":1079,"sl":9527,"map_link":"https://maps.google.com/?q=23.65000000000000000,91.14527780000000000&amp;z=8&amp;t=k","image_popup":"8088/bms/assets/uploads/images/bridges/bridge_1079/1646655616.jpg","bridge_name":"Mallikadighi Bridge","bridge_type":"Small Slab Bridge","road_no":"N114","zone":"Cumilla","circle":"Cumilla","division":"Cumilla","subdivision":"Cumilla","sae":"Cumilla-1","bridge_length_(m)":4.9,"bridge_width_(m)":4.3,"chainage_(km)":21.3,"xcoord":91.1452778,"ycoord":23.65,"bms_inventory":"http://bms.rhd.gov.bd:8088/bms/bridges/inventory_view/1079","bms_detail":"http://bms.rhd.gov.bd:8088/bms/bridges/detail_view/1079","keys":"[bridge_name, Bridge Name], [bridge_type,Type], [chainage_(km), Chainage (km)], [road_no, On Road], [division, Division], [subdivision, Subdivision], [bridge_length_(m), Length (m)], [bridge_width_(m), Width (m)],[map_link(=>{type:link, format:weblink}, Google Map,newtab=>),Google Map View],[bms_inventory(=>{type:link, format:weblink}, BMS Link,newtab=>), BMS Inventory],[bms_detail(=>{type:link, format:weblink},BMS Link,newtab=>), BMS Detailed View]","f_class_name":"Small Slab Bridge","f_class_color":"#13b7dd"},"geometry":{"type":"Point","coordinates":[91.1452778,23.65]}},
{"type":"Feature","properties":{"id":1080,"sl":9605,"map_link":"https://maps.google.com/?q=23.65388890000000000,91.14500000000000000&amp;z=8&amp;t=k","image_popup":"8088/bms/assets/uploads/images/bridges/bridge_1080/1646655871.jpg","bridge_name":"Manorra Bridge","bridge_type":"RC Girder Bridge","road_no":"N114","zone":"Cumilla","circle":"Cumilla","division":"Cumilla","subdivision":"Cumilla","sae":"Cumilla-1","bridge_length_(m)":6.0,"bridge_width_(m)":4.3,"chainage_(km)":21.7,"xcoord":91.145,"ycoord":23.6538889,"bms_inventory":"http://bms.rhd.gov.bd:8088/bms/bridges/inventory_view/1080","bms_detail":"http://bms.rhd.gov.bd:8088/bms/bridges/detail_view/1080","keys":"[bridge_name, Bridge Name], [bridge_type,Type], [chainage_(km), Chainage (km)], [road_no, On Road], [division, Division], [subdivision, Subdivision], [bridge_length_(m), Length (m)], [bridge_width_(m), Width (m)],[map_link(=>{type:link, format:weblink}, Google Map,newtab=>),Google Map View],[bms_inventory(=>{type:link, format:weblink}, BMS Link,newtab=>), BMS Inventory],[bms_detail(=>{type:link, format:weblink},BMS Link,newtab=>), BMS Detailed View]","f_class_name":"RC Girder Bridge","f_class_color":"#e8f674"},"geometry":{"type":"Point","coordinates":[91.145,23.6538889]}},
{"type":"Feature","properties":{"id":1081,"sl":1013,"map_link":"https://maps.google.com/?q=23.66916670000000000,91.14861110000000000&amp;z=8&amp;t=k","image_popup":"8088/bms/assets/uploads/images/bridges/bridge_1081/1646656205.jpg","bridge_name":"Bagra Bridge","bridge_type":"RC Girder Bridge","road_no":"N114","zone":"Cumilla","circle":"Cumilla","division":"Cumilla","subdivision":"Cumilla","sae":"Cumilla-1","bridge_length_(m)":54.0,"bridge_width_(m)":5.2,"chainage_(km)":23.5,"xcoord":91.1486111,"ycoord":23.6691667,"bms_inventory":"http://bms.rhd.gov.bd:8088/bms/bridges/inventory_view/1081","bms_detail":"http://bms.rhd.gov.bd:8088/bms/bridges/detail_view/1081","keys":"[bridge_name, Bridge Name], [bridge_type,Type], [chainage_(km), Chainage (km)], [road_no, On Road], [division, Division], [subdivision, Subdivision], [bridge_length_(m), Length (m)], [bridge_width_(m), Width (m)],[map_link(=>{type:link, format:weblink}, Google Map,newtab=>),Google Map View],[bms_inventory(=>{type:link, format:weblink}, BMS Link,newtab=>), BMS Inventory],[bms_detail(=>{type:link, format:weblink},BMS Link,newtab=>), BMS Detailed View]","f_class_name":"RC Girder Bridge","f_class_color":"#e8f674"},"geometry":{"type":"Point","coordinates":[91.1486111,23.6691667]}},
{"type":"Feature","properties":{"id":1089,"sl":15409,"map_link":"https://maps.google.com/?q=23.37888890000000000,91.15805560000000000&amp;z=8&amp;t=k","image_popup":"8088/bms/assets/uploads/images/bridges/bridge_1089/1646730856.jpg","bridge_name":"Uttar Chongaon","bridge_type":"Small Slab Bridge","road_no":"Z1423","zone":"Cumilla","circle":"Cumilla","division":"Cumilla","subdivision":"Cumilla","sae":"Cumilla-1","bridge_length_(m)":1.22,"bridge_width_(m)":4.9,"chainage_(km)":8.88,"xcoord":91.1580556,"ycoord":23.3788889,"bms_inventory":"http://bms.rhd.gov.bd:8088/bms/bridges/inventory_view/1089","bms_detail":"http://bms.rhd.gov.bd:8088/bms/bridges/detail_view/1089","keys":"[bridge_name, Bridge Name], [bridge_type,Type], [chainage_(km), Chainage (km)], [road_no, On Road], [division, Division], [subdivision, Subdivision], [bridge_length_(m), Length (m)], [bridge_width_(m), Width (m)],[map_link(=>{type:link, format:weblink}, Google Map,newtab=>),Google Map View],[bms_inventory(=>{type:link, format:weblink}, BMS Link,newtab=>), BMS Inventory],[bms_detail(=>{type:link, format:weblink},BMS Link,newtab=>), BMS Detailed View]","f_class_name":"Small Slab Bridge","f_class_color":"#13b7dd"},"geometry":{"type":"Point","coordinates":[91.1580556,23.3788889]}},
{"type":"Feature","properties":{"id":1092,"sl":626,"map_link":"https://maps.google.com/?q=24.00444440000000000,90.98833330000000000&amp;z=8&amp;t=k","image_popup":"8088/bms/assets/uploads/images/bridges/bridge_1092/1650945401.jpg","bridge_name":"Araishitha Bridge","bridge_type":"RC Girder Bridge","road_no":"Z2031","zone":"Cumilla","circle":"Cumilla","division":"Brahmanbaria","subdivision":"Bancharampur","sae":"Nabinagar","bridge_length_(m)":11.3,"bridge_width_(m)":4.2,"chainage_(km)":14.95,"xcoord":90.9883333,"ycoord":24.0044444,"bms_inventory":"http://bms.rhd.gov.bd:8088/bms/bridges/inventory_view/1092","bms_detail":"http://bms.rhd.gov.bd:8088/bms/bridges/detail_view/1092","keys":"[bridge_name, Bridge Name], [bridge_type,Type], [chainage_(km), Chainage (km)], [road_no, On Road], [division, Division], [subdivision, Subdivision], [bridge_length_(m), Length (m)], [bridge_width_(m), Width (m)],[map_link(=>{type:link, format:weblink}, Google Map,newtab=>),Google Map View],[bms_inventory(=>{type:link, format:weblink}, BMS Link,newtab=>), BMS Inventory],[bms_detail(=>{type:link, format:weblink},BMS Link,newtab=>), BMS Detailed View]","f_class_name":"RC Girder Bridge","f_class_color":"#e8f674"},"geometry":{"type":"Point","coordinates":[90.9883333,24.0044444]}},
{"type":"Feature","properties":{"id":1102,"sl":1981,"map_link":"https://maps.google.com/?q=23.38083330000000000,91.15777780000000000&amp;z=8&amp;t=k","image_popup":"8088/bms/assets/uploads/images/bridges/bridge_1102/1646815560.jpg","bridge_name":"Bijoypur Bridge","bridge_type":"RC Girder Bridge","road_no":"R140","zone":"Cumilla","circle":"Cumilla","division":"Cumilla","subdivision":"Cumilla","sae":"Cumilla-2","bridge_length_(m)":32.5,"bridge_width_(m)":9.75,"chainage_(km)":9.41,"xcoord":91.1577778,"ycoord":23.3808333,"bms_inventory":"http://bms.rhd.gov.bd:8088/bms/bridges/inventory_view/1102","bms_detail":"http://bms.rhd.gov.bd:8088/bms/bridges/detail_view/1102","keys":"[bridge_name, Bridge Name], [bridge_type,Type], [chainage_(km), Chainage (km)], [road_no, On Road], [division, Division], [subdivision, Subdivision], [bridge_length_(m), Length (m)], [bridge_width_(m), Width (m)],[map_link(=>{type:link, format:weblink}, Google Map,newtab=>),Google Map View],[bms_inventory(=>{type:link, format:weblink}, BMS Link,newtab=>), BMS Inventory],[bms_detail(=>{type:link, format:weblink},BMS Link,newtab=>), BMS Detailed View]","f_class_name":"RC Girder Bridge","f_class_color":"#e8f674"},"geometry":{"type":"Point","coordinates":[91.1577778,23.3808333]}},
{"type":"Feature","properties":{"id":1104,"sl":1982,"map_link":"https://maps.google.com/?q=23.38083330000000000,91.15777780000000000&amp;z=8&amp;t=k","image_popup":"8088/bms/assets/uploads/images/bridges/bridge_1104/1646801578.jpg","bridge_name":"Bijoypur Bridge 2","bridge_type":"PC Girder Bridge","road_no":"R140","zone":"Cumilla","circle":"Cumilla","division":"Cumilla","subdivision":"Cumilla","sae":"Cumilla-2","bridge_length_(m)":30.9,"bridge_width_(m)":10.29,"chainage_(km)":9.41,"xcoord":91.1577778,"ycoord":23.3808333,"bms_inventory":"http://bms.rhd.gov.bd:8088/bms/bridges/inventory_view/1104","bms_detail":"http://bms.rhd.gov.bd:8088/bms/bridges/detail_view/1104","keys":"[bridge_name, Bridge Name], [bridge_type,Type], [chainage_(km), Chainage (km)], [road_no, On Road], [division, Division], [subdivision, Subdivision], [bridge_length_(m), Length (m)], [bridge_width_(m), Width (m)],[map_link(=>{type:link, format:weblink}, Google Map,newtab=>),Google Map View],[bms_inventory(=>{type:link, format:weblink}, BMS Link,newtab=>), BMS Inventory],[bms_detail(=>{type:link, format:weblink},BMS Link,newtab=>), BMS Detailed View]","f_class_name":"PC Girder Bridge","f_class_color":"#6ebed6"},"geometry":{"type":"Point","coordinates":[91.1577778,23.3808333]}},
{"type":"Feature","properties":{"id":1106,"sl":10529,"map_link":"https://maps.google.com/?q=23.26916670000000000,91.04305560000000000&amp;z=8&amp;t=k","image_popup":"8088/bms/assets/uploads/images/bridges/bridge_1106/1646801870.jpg","bridge_name":"Mudaffarganj Bridge","bridge_type":"RC Girder Bridge","road_no":"R140","zone":"Cumilla","circle":"Cumilla","division":"Cumilla","subdivision":"Cumilla","sae":"Cumilla-2","bridge_length_(m)":26.65,"bridge_width_(m)":8.2,"chainage_(km)":27.061,"xcoord":91.0430556,"ycoord":23.2691667,"bms_inventory":"http://bms.rhd.gov.bd:8088/bms/bridges/inventory_view/1106","bms_detail":"http://bms.rhd.gov.bd:8088/bms/bridges/detail_view/1106","keys":"[bridge_name, Bridge Name], [bridge_type,Type], [chainage_(km), Chainage (km)], [road_no, On Road], [division, Division], [subdivision, Subdivision], [bridge_length_(m), Length (m)], [bridge_width_(m), Width (m)],[map_link(=>{type:link, format:weblink}, Google Map,newtab=>),Google Map View],[bms_inventory(=>{type:link, format:weblink}, BMS Link,newtab=>), BMS Inventory],[bms_detail(=>{type:link, format:weblink},BMS Link,newtab=>), BMS Detailed View]","f_class_name":"RC Girder Bridge","f_class_color":"#e8f674"},"geometry":{"type":"Point","coordinates":[91.0430556,23.2691667]}},
{"type":"Feature","properties":{"id":1118,"sl":9865,"map_link":"https://maps.google.com/?q=23.69055560000000000,90.88194440000000000&amp;z=8&amp;t=k","image_popup":"8088/bms/assets/uploads/images/bridges/bridge_1118/1646888467.jpg","bridge_name":"Mirjapur Bridge","bridge_type":"RC Girder Bridge","road_no":"Z1220","zone":"Cumilla","circle":"Cumilla","division":"Cumilla","subdivision":"Gouripur","sae":"Gouripur-1","bridge_length_(m)":25.0,"bridge_width_(m)":10.25,"chainage_(km)":15.954,"xcoord":90.8819444,"ycoord":23.6905556,"bms_inventory":"http://bms.rhd.gov.bd:8088/bms/bridges/inventory_view/1118","bms_detail":"http://bms.rhd.gov.bd:8088/bms/bridges/detail_view/1118","keys":"[bridge_name, Bridge Name], [bridge_type,Type], [chainage_(km), Chainage (km)], [road_no, On Road], [division, Division], [subdivision, Subdivision], [bridge_length_(m), Length (m)], [bridge_width_(m), Width (m)],[map_link(=>{type:link, format:weblink}, Google Map,newtab=>),Google Map View],[bms_inventory(=>{type:link, format:weblink}, BMS Link,newtab=>), BMS Inventory],[bms_detail(=>{type:link, format:weblink},BMS Link,newtab=>), BMS Detailed View]","f_class_name":"RC Girder Bridge","f_class_color":"#e8f674"},"geometry":{"type":"Point","coordinates":[90.8819444,23.6905556]}},
{"type":"Feature","properties":{"id":1119,"sl":9862,"map_link":"https://maps.google.com/?q=23.68750000000000000,90.88194440000000000&amp;z=8&amp;t=k","image_popup":"8088/bms/assets/uploads/images/bridges/bridge_1119/1646891410.jpg","bridge_name":"Mirjapur Anarghat","bridge_type":"RC Girder Bridge","road_no":"Z1220","zone":"Cumilla","circle":"Cumilla","division":"Cumilla","subdivision":"Gouripur","sae":"Gouripur-1","bridge_length_(m)":25.6,"bridge_width_(m)":10.25,"chainage_(km)":15.612,"xcoord":90.8819444,"ycoord":23.6875,"bms_inventory":"http://bms.rhd.gov.bd:8088/bms/bridges/inventory_view/1119","bms_detail":"http://bms.rhd.gov.bd:8088/bms/bridges/detail_view/1119","keys":"[bridge_name, Bridge Name], [bridge_type,Type], [chainage_(km), Chainage (km)], [road_no, On Road], [division, Division], [subdivision, Subdivision], [bridge_length_(m), Length (m)], [bridge_width_(m), Width (m)],[map_link(=>{type:link, format:weblink}, Google Map,newtab=>),Google Map View],[bms_inventory(=>{type:link, format:weblink}, BMS Link,newtab=>), BMS Inventory],[bms_detail(=>{type:link, format:weblink},BMS Link,newtab=>), BMS Detailed View]","f_class_name":"RC Girder Bridge","f_class_color":"#e8f674"},"geometry":{"type":"Point","coordinates":[90.8819444,23.6875]}},
{"type":"Feature","properties":{"id":1121,"sl":9863,"map_link":"https://maps.google.com/?q=23.69750000000000000,90.88083330000000000&amp;z=8&amp;t=k","image_popup":"8088/bms/assets/uploads/images/bridges/bridge_1121/1646885744.jpg","bridge_name":"Mirjapur Bailey Bridge","bridge_type":"Portable Steel Bridge","road_no":"Z1220","zone":"Cumilla","circle":"Cumilla","division":"Cumilla","subdivision":"Gouripur","sae":"Gouripur-1","bridge_length_(m)":30.5,"bridge_width_(m)":4.0,"chainage_(km)":14.744,"xcoord":90.8808333,"ycoord":23.6975,"bms_inventory":"http://bms.rhd.gov.bd:8088/bms/bridges/inventory_view/1121","bms_detail":"http://bms.rhd.gov.bd:8088/bms/bridges/detail_view/1121","keys":"[bridge_name, Bridge Name], [bridge_type,Type], [chainage_(km), Chainage (km)], [road_no, On Road], [division, Division], [subdivision, Subdivision], [bridge_length_(m), Length (m)], [bridge_width_(m), Width (m)],[map_link(=>{type:link, format:weblink}, Google Map,newtab=>),Google Map View],[bms_inventory(=>{type:link, format:weblink}, BMS Link,newtab=>), BMS Inventory],[bms_detail(=>{type:link, format:weblink},BMS Link,newtab=>), BMS Detailed View]","f_class_name":"Portable Steel Bridge","f_class_color":"#29ffa4"},"geometry":{"type":"Point","coordinates":[90.8808333,23.6975]}},
{"type":"Feature","properties":{"id":1130,"sl":2715,"map_link":"https://maps.google.com/?q=23.72000000000000000,90.90750000000000000&amp;z=8&amp;t=k","image_popup":"8088/bms/assets/uploads/images/bridges/bridge_1130/1646889572.jpg","bridge_name":"Brahman Chapitola Bailey Bridge","bridge_type":"Portable Steel Bridge","road_no":"Z1220","zone":"Cumilla","circle":"Cumilla","division":"Cumilla","subdivision":"Gouripur","sae":"Gouripur-1","bridge_length_(m)":24.8,"bridge_width_(m)":4.25,"chainage_(km)":8.85,"xcoord":90.9075,"ycoord":23.72,"bms_inventory":"http://bms.rhd.gov.bd:8088/bms/bridges/inventory_view/1130","bms_detail":"http://bms.rhd.gov.bd:8088/bms/bridges/detail_view/1130","keys":"[bridge_name, Bridge Name], [bridge_type,Type], [chainage_(km), Chainage (km)], [road_no, On Road], [division, Division], [subdivision, Subdivision], [bridge_length_(m), Length (m)], [bridge_width_(m), Width (m)],[map_link(=>{type:link, format:weblink}, Google Map,newtab=>),Google Map View],[bms_inventory(=>{type:link, format:weblink}, BMS Link,newtab=>), BMS Inventory],[bms_detail(=>{type:link, format:weblink},BMS Link,newtab=>), BMS Detailed View]","f_class_name":"Portable Steel Bridge","f_class_color":"#29ffa4"},"geometry":{"type":"Point","coordinates":[90.9075,23.72]}},
{"type":"Feature","properties":{"id":1137,"sl":6257,"map_link":"https://maps.google.com/?q=23.56694440000000000,91.05500000000000000&amp;z=8&amp;t=k","image_popup":"8088/bms/assets/uploads/images/bridges/bridge_1137/1647161961.jpg","bridge_name":"Hatimara Bridge","bridge_type":"Small Slab Bridge","road_no":"N102","zone":"Cumilla","circle":"Cumilla","division":"Cumilla","subdivision":"Gouripur","sae":"Gouripur-1","bridge_length_(m)":3.0,"bridge_width_(m)":7.95,"chainage_(km)":11.95,"xcoord":91.055,"ycoord":23.5669444,"bms_inventory":"http://bms.rhd.gov.bd:8088/bms/bridges/inventory_view/1137","bms_detail":"http://bms.rhd.gov.bd:8088/bms/bridges/detail_view/1137","keys":"[bridge_name, Bridge Name], [bridge_type,Type], [chainage_(km), Chainage (km)], [road_no, On Road], [division, Division], [subdivision, Subdivision], [bridge_length_(m), Length (m)], [bridge_width_(m), Width (m)],[map_link(=>{type:link, format:weblink}, Google Map,newtab=>),Google Map View],[bms_inventory(=>{type:link, format:weblink}, BMS Link,newtab=>), BMS Inventory],[bms_detail(=>{type:link, format:weblink},BMS Link,newtab=>), BMS Detailed View]","f_class_name":"Small Slab Bridge","f_class_color":"#13b7dd"},"geometry":{"type":"Point","coordinates":[91.055,23.5669444]}},
{"type":"Feature","properties":{"id":1142,"sl":11772,"map_link":"https://maps.google.com/?q=23.54222220000000000,91.07416670000000000&amp;z=8&amp;t=k","image_popup":"8088/bms/assets/uploads/images/bridges/bridge_1142/1647161611.jpg","bridge_name":"Paruara Bridge","bridge_type":"RC Girder Bridge","road_no":"N102","zone":"Cumilla","circle":"Cumilla","division":"Cumilla","subdivision":"Gouripur","sae":"Gouripur-1","bridge_length_(m)":19.0,"bridge_width_(m)":10.0,"chainage_(km)":8.537,"xcoord":91.0741667,"ycoord":23.5422222,"bms_inventory":"http://bms.rhd.gov.bd:8088/bms/bridges/inventory_view/1142","bms_detail":"http://bms.rhd.gov.bd:8088/bms/bridges/detail_view/1142","keys":"[bridge_name, Bridge Name], [bridge_type,Type], [chainage_(km), Chainage (km)], [road_no, On Road], [division, Division], [subdivision, Subdivision], [bridge_length_(m), Length (m)], [bridge_width_(m), Width (m)],[map_link(=>{type:link, format:weblink}, Google Map,newtab=>),Google Map View],[bms_inventory(=>{type:link, format:weblink}, BMS Link,newtab=>), BMS Inventory],[bms_detail(=>{type:link, format:weblink},BMS Link,newtab=>), BMS Detailed View]","f_class_name":"RC Girder Bridge","f_class_color":"#e8f674"},"geometry":{"type":"Point","coordinates":[91.0741667,23.5422222]}},
{"type":"Feature","properties":{"id":1150,"sl":12445,"map_link":"https://maps.google.com/?q=23.68972220000000000,90.97555560000000000&amp;z=8&amp;t=k","image_popup":"8088/bms/assets/uploads/images/bridges/bridge_1150/1646903288.jpg","bridge_name":"Raja Chapitola-2 Bridge","bridge_type":"RC Girder Bridge","road_no":"Z1206","zone":"Cumilla","circle":"Cumilla","division":"Cumilla","subdivision":"Cumilla","sae":"Cumilla-2","bridge_length_(m)":6.4,"bridge_width_(m)":6.45,"chainage_(km)":6.1,"xcoord":90.9755556,"ycoord":23.6897222,"bms_inventory":"http://bms.rhd.gov.bd:8088/bms/bridges/inventory_view/1150","bms_detail":"http://bms.rhd.gov.bd:8088/bms/bridges/detail_view/1150","keys":"[bridge_name, Bridge Name], [bridge_type,Type], [chainage_(km), Chainage (km)], [road_no, On Road], [division, Division], [subdivision, Subdivision], [bridge_length_(m), Length (m)], [bridge_width_(m), Width (m)],[map_link(=>{type:link, format:weblink}, Google Map,newtab=>),Google Map View],[bms_inventory(=>{type:link, format:weblink}, BMS Link,newtab=>), BMS Inventory],[bms_detail(=>{type:link, format:weblink},BMS Link,newtab=>), BMS Detailed View]","f_class_name":"RC Girder Bridge","f_class_color":"#e8f674"},"geometry":{"type":"Point","coordinates":[90.9755556,23.6897222]}},
{"type":"Feature","properties":{"id":1154,"sl":3153,"map_link":"https://maps.google.com/?q=23.69750000000000000,90.97694440000000000&amp;z=8&amp;t=k","image_popup":"8088/bms/assets/uploads/images/bridges/bridge_1154/1646903734.jpg","bridge_name":"Chapitola Bus Stand Bridge","bridge_type":"RC Girder Bridge","road_no":"Z1206","zone":"Cumilla","circle":"Cumilla","division":"Cumilla","subdivision":"Cumilla","sae":"Cumilla-2","bridge_length_(m)":33.46,"bridge_width_(m)":6.52,"chainage_(km)":6.9,"xcoord":90.9769444,"ycoord":23.6975,"bms_inventory":"http://bms.rhd.gov.bd:8088/bms/bridges/inventory_view/1154","bms_detail":"http://bms.rhd.gov.bd:8088/bms/bridges/detail_view/1154","keys":"[bridge_name, Bridge Name], [bridge_type,Type], [chainage_(km), Chainage (km)], [road_no, On Road], [division, Division], [subdivision, Subdivision], [bridge_length_(m), Length (m)], [bridge_width_(m), Width (m)],[map_link(=>{type:link, format:weblink}, Google Map,newtab=>),Google Map View],[bms_inventory(=>{type:link, format:weblink}, BMS Link,newtab=>), BMS Inventory],[bms_detail(=>{type:link, format:weblink},BMS Link,newtab=>), BMS Detailed View]","f_class_name":"RC Girder Bridge","f_class_color":"#e8f674"},"geometry":{"type":"Point","coordinates":[90.9769444,23.6975]}},
{"type":"Feature","properties":{"id":1156,"sl":8051,"map_link":"https://maps.google.com/?q=23.70666670000000000,90.97888890000000000&amp;z=8&amp;t=k","image_popup":"8088/bms/assets/uploads/images/bridges/bridge_1156/1646904259.jpg","bridge_name":"Khabura Bridge","bridge_type":"RC Girder Bridge","road_no":"Z1206","zone":"Cumilla","circle":"Cumilla","division":"Cumilla","subdivision":"Cumilla","sae":"Cumilla-2","bridge_length_(m)":16.6,"bridge_width_(m)":6.7,"chainage_(km)":7.76,"xcoord":90.9788889,"ycoord":23.7066667,"bms_inventory":"http://bms.rhd.gov.bd:8088/bms/bridges/inventory_view/1156","bms_detail":"http://bms.rhd.gov.bd:8088/bms/bridges/detail_view/1156","keys":"[bridge_name, Bridge Name], [bridge_type,Type], [chainage_(km), Chainage (km)], [road_no, On Road], [division, Division], [subdivision, Subdivision], [bridge_length_(m), Length (m)], [bridge_width_(m), Width (m)],[map_link(=>{type:link, format:weblink}, Google Map,newtab=>),Google Map View],[bms_inventory(=>{type:link, format:weblink}, BMS Link,newtab=>), BMS Inventory],[bms_detail(=>{type:link, format:weblink},BMS Link,newtab=>), BMS Detailed View]","f_class_name":"RC Girder Bridge","f_class_color":"#e8f674"},"geometry":{"type":"Point","coordinates":[90.9788889,23.7066667]}},
{"type":"Feature","properties":{"id":1159,"sl":1322,"map_link":"https://maps.google.com/?q=23.71944440000000000,90.98638890000000000&amp;z=8&amp;t=k","image_popup":"8088/bms/assets/uploads/images/bridges/bridge_1159/1646905332.jpg","bridge_name":"Bangura Bazar Bridge","bridge_type":"PC Girder Bridge","road_no":"z1206","zone":"Cumilla","circle":"Cumilla","division":"Cumilla","subdivision":"Cumilla","sae":"Cumilla-2","bridge_length_(m)":25.7,"bridge_width_(m)":9.5,"chainage_(km)":9.414,"xcoord":90.9863889,"ycoord":23.7194444,"bms_inventory":"http://bms.rhd.gov.bd:8088/bms/bridges/inventory_view/1159","bms_detail":"http://bms.rhd.gov.bd:8088/bms/bridges/detail_view/1159","keys":"[bridge_name, Bridge Name], [bridge_type,Type], [chainage_(km), Chainage (km)], [road_no, On Road], [division, Division], [subdivision, Subdivision], [bridge_length_(m), Length (m)], [bridge_width_(m), Width (m)],[map_link(=>{type:link, format:weblink}, Google Map,newtab=>),Google Map View],[bms_inventory(=>{type:link, format:weblink}, BMS Link,newtab=>), BMS Inventory],[bms_detail(=>{type:link, format:weblink},BMS Link,newtab=>), BMS Detailed View]","f_class_name":"PC Girder Bridge","f_class_color":"#6ebed6"},"geometry":{"type":"Point","coordinates":[90.9863889,23.7194444]}},
{"type":"Feature","properties":{"id":1160,"sl":10914,"map_link":"https://maps.google.com/?q=23.72583330000000000,90.98833330000000000&amp;z=8&amp;t=k","image_popup":"8088/bms/assets/uploads/images/bridges/bridge_1160/1646905733.jpg","bridge_name":"Nazrul Gate","bridge_type":"Portable Steel Bridge","road_no":"Z1206","zone":"Cumilla","circle":"Cumilla","division":"Cumilla","subdivision":"Cumilla","sae":"Cumilla-2","bridge_length_(m)":24.5,"bridge_width_(m)":4.5,"chainage_(km)":10.156,"xcoord":90.9883333,"ycoord":23.7258333,"bms_inventory":"http://bms.rhd.gov.bd:8088/bms/bridges/inventory_view/1160","bms_detail":"http://bms.rhd.gov.bd:8088/bms/bridges/detail_view/1160","keys":"[bridge_name, Bridge Name], [bridge_type,Type], [chainage_(km), Chainage (km)], [road_no, On Road], [division, Division], [subdivision, Subdivision], [bridge_length_(m), Length (m)], [bridge_width_(m), Width (m)],[map_link(=>{type:link, format:weblink}, Google Map,newtab=>),Google Map View],[bms_inventory(=>{type:link, format:weblink}, BMS Link,newtab=>), BMS Inventory],[bms_detail(=>{type:link, format:weblink},BMS Link,newtab=>), BMS Detailed View]","f_class_name":"Portable Steel Bridge","f_class_color":"#29ffa4"},"geometry":{"type":"Point","coordinates":[90.9883333,23.7258333]}},
{"type":"Feature","properties":{"id":1163,"sl":10280,"map_link":"https://maps.google.com/?q=23.73750000000000000,90.99138890000000000&amp;z=8&amp;t=k","image_popup":"8088/bms/assets/uploads/images/bridges/bridge_1163/1646906689.jpg","bridge_name":"Mokheshpur Bridge -2","bridge_type":"Portable Steel Bridge","road_no":"Z1206","zone":"Cumilla","circle":"Cumilla","division":"Cumilla","subdivision":"Cumilla","sae":"Cumilla-2","bridge_length_(m)":18.3,"bridge_width_(m)":4.05,"chainage_(km)":11.463,"xcoord":90.9913889,"ycoord":23.7375,"bms_inventory":"http://bms.rhd.gov.bd:8088/bms/bridges/inventory_view/1163","bms_detail":"http://bms.rhd.gov.bd:8088/bms/bridges/detail_view/1163","keys":"[bridge_name, Bridge Name], [bridge_type,Type], [chainage_(km), Chainage (km)], [road_no, On Road], [division, Division], [subdivision, Subdivision], [bridge_length_(m), Length (m)], [bridge_width_(m), Width (m)],[map_link(=>{type:link, format:weblink}, Google Map,newtab=>),Google Map View],[bms_inventory(=>{type:link, format:weblink}, BMS Link,newtab=>), BMS Inventory],[bms_detail(=>{type:link, format:weblink},BMS Link,newtab=>), BMS Detailed View]","f_class_name":"Portable Steel Bridge","f_class_color":"#29ffa4"},"geometry":{"type":"Point","coordinates":[90.9913889,23.7375]}},
{"type":"Feature","properties":{"id":1164,"sl":9768,"map_link":"https://maps.google.com/?q=23.74277780000000000,90.99250000000000000&amp;z=8&amp;t=k","image_popup":"8088/bms/assets/uploads/images/bridges/bridge_1164/1646907084.jpg","bridge_name":"Metonghar-1 Bridge","bridge_type":"Portable Steel Bridge","road_no":"Z1206","zone":"Cumilla","circle":"Cumilla","division":"Cumilla","subdivision":"Cumilla","sae":"Cumilla-2","bridge_length_(m)":18.3,"bridge_width_(m)":4.32,"chainage_(km)":12.08,"xcoord":90.9925,"ycoord":23.7427778,"bms_inventory":"http://bms.rhd.gov.bd:8088/bms/bridges/inventory_view/1164","bms_detail":"http://bms.rhd.gov.bd:8088/bms/bridges/detail_view/1164","keys":"[bridge_name, Bridge Name], [bridge_type,Type], [chainage_(km), Chainage (km)], [road_no, On Road], [division, Division], [subdivision, Subdivision], [bridge_length_(m), Length (m)], [bridge_width_(m), Width (m)],[map_link(=>{type:link, format:weblink}, Google Map,newtab=>),Google Map View],[bms_inventory(=>{type:link, format:weblink}, BMS Link,newtab=>), BMS Inventory],[bms_detail(=>{type:link, format:weblink},BMS Link,newtab=>), BMS Detailed View]","f_class_name":"Portable Steel Bridge","f_class_color":"#29ffa4"},"geometry":{"type":"Point","coordinates":[90.9925,23.7427778]}},
{"type":"Feature","properties":{"id":1165,"sl":3902,"map_link":"https://maps.google.com/?q=23.63416670000000000,90.97083330000000000&amp;z=8&amp;t=k","image_popup":"8088/bms/assets/uploads/images/bridges/bridge_1165/1648367712.jpeg","bridge_name":"Companiganj Bridge","bridge_type":"RC Girder Bridge","road_no":"N102","zone":"Cumilla","circle":"Cumilla","division":"Cumilla","subdivision":"Gouripur","sae":"Gouripur-1","bridge_length_(m)":117.25,"bridge_width_(m)":9.25,"chainage_(km)":24.8,"xcoord":90.9708333,"ycoord":23.6341667,"bms_inventory":"http://bms.rhd.gov.bd:8088/bms/bridges/inventory_view/1165","bms_detail":"http://bms.rhd.gov.bd:8088/bms/bridges/detail_view/1165","keys":"[bridge_name, Bridge Name], [bridge_type,Type], [chainage_(km), Chainage (km)], [road_no, On Road], [division, Division], [subdivision, Subdivision], [bridge_length_(m), Length (m)], [bridge_width_(m), Width (m)],[map_link(=>{type:link, format:weblink}, Google Map,newtab=>),Google Map View],[bms_inventory(=>{type:link, format:weblink}, BMS Link,newtab=>), BMS Inventory],[bms_detail(=>{type:link, format:weblink},BMS Link,newtab=>), BMS Detailed View]","f_class_name":"RC Girder Bridge","f_class_color":"#e8f674"},"geometry":{"type":"Point","coordinates":[90.9708333,23.6341667]}},
{"type":"Feature","properties":{"id":1166,"sl":9767,"map_link":"https://maps.google.com/?q=23.74805560000000000,90.99416670000000000&amp;z=8&amp;t=k","image_popup":"8088/bms/assets/uploads/images/bridges/bridge_1166/1646911601.jpg","bridge_name":"Metonghar Bridge -2","bridge_type":"Portable Steel Bridge","road_no":"Z1206","zone":"Cumilla","circle":"Cumilla","division":"Cumilla","subdivision":"Cumilla","sae":"Cumilla-2","bridge_length_(m)":61.5,"bridge_width_(m)":10.6,"chainage_(km)":12.969,"xcoord":90.9941667,"ycoord":23.7480556,"bms_inventory":"http://bms.rhd.gov.bd:8088/bms/bridges/inventory_view/1166","bms_detail":"http://bms.rhd.gov.bd:8088/bms/bridges/detail_view/1166","keys":"[bridge_name, Bridge Name], [bridge_type,Type], [chainage_(km), Chainage (km)], [road_no, On Road], [division, Division], [subdivision, Subdivision], [bridge_length_(m), Length (m)], [bridge_width_(m), Width (m)],[map_link(=>{type:link, format:weblink}, Google Map,newtab=>),Google Map View],[bms_inventory(=>{type:link, format:weblink}, BMS Link,newtab=>), BMS Inventory],[bms_detail(=>{type:link, format:weblink},BMS Link,newtab=>), BMS Detailed View]","f_class_name":"Portable Steel Bridge","f_class_color":"#29ffa4"},"geometry":{"type":"Point","coordinates":[90.9941667,23.7480556]}},
{"type":"Feature","properties":{"id":1168,"sl":8685,"map_link":"https://maps.google.com/?q=23.75416670000000000,90.99555560000000000&amp;z=8&amp;t=k","image_popup":"8088/bms/assets/uploads/images/bridges/bridge_1168/1646908243.jpg","bridge_name":"Koruibari Bridge","bridge_type":"Portable Steel Bridge","road_no":"Z1206","zone":"Cumilla","circle":"Cumilla","division":"Cumilla","subdivision":"Cumilla","sae":"Cumilla-2","bridge_length_(m)":27.66,"bridge_width_(m)":4.13,"chainage_(km)":13.37,"xcoord":90.9955556,"ycoord":23.7541667,"bms_inventory":"http://bms.rhd.gov.bd:8088/bms/bridges/inventory_view/1168","bms_detail":"http://bms.rhd.gov.bd:8088/bms/bridges/detail_view/1168","keys":"[bridge_name, Bridge Name], [bridge_type,Type], [chainage_(km), Chainage (km)], [road_no, On Road], [division, Division], [subdivision, Subdivision], [bridge_length_(m), Length (m)], [bridge_width_(m), Width (m)],[map_link(=>{type:link, format:weblink}, Google Map,newtab=>),Google Map View],[bms_inventory(=>{type:link, format:weblink}, BMS Link,newtab=>), BMS Inventory],[bms_detail(=>{type:link, format:weblink},BMS Link,newtab=>), BMS Detailed View]","f_class_name":"Portable Steel Bridge","f_class_color":"#29ffa4"},"geometry":{"type":"Point","coordinates":[90.9955556,23.7541667]}},
{"type":"Feature","properties":{"id":1169,"sl":5493,"map_link":"https://maps.google.com/?q=23.78583330000000000,90.99222220000000000&amp;z=8&amp;t=k","image_popup":"8088/bms/assets/uploads/images/bridges/bridge_1169/1646912005.jpg","bridge_name":"Gazirhat Bridge","bridge_type":"PC Girder Bridge","road_no":"Z1206","zone":"Cumilla","circle":"Cumilla","division":"Cumilla","subdivision":"Cumilla","sae":"Cumilla-2","bridge_length_(m)":31.4,"bridge_width_(m)":9.3,"chainage_(km)":16.93,"xcoord":90.9922222,"ycoord":23.7858333,"bms_inventory":"http://bms.rhd.gov.bd:8088/bms/bridges/inventory_view/1169","bms_detail":"http://bms.rhd.gov.bd:8088/bms/bridges/detail_view/1169","keys":"[bridge_name, Bridge Name], [bridge_type,Type], [chainage_(km), Chainage (km)], [road_no, On Road], [division, Division], [subdivision, Subdivision], [bridge_length_(m), Length (m)], [bridge_width_(m), Width (m)],[map_link(=>{type:link, format:weblink}, Google Map,newtab=>),Google Map View],[bms_inventory(=>{type:link, format:weblink}, BMS Link,newtab=>), BMS Inventory],[bms_detail(=>{type:link, format:weblink},BMS Link,newtab=>), BMS Detailed View]","f_class_name":"PC Girder Bridge","f_class_color":"#6ebed6"},"geometry":{"type":"Point","coordinates":[90.9922222,23.7858333]}},
{"type":"Feature","properties":{"id":1170,"sl":7837,"map_link":"https://maps.google.com/?q=23.76750000000000000,90.99500000000000000&amp;z=8&amp;t=k","image_popup":"8088/bms/assets/uploads/images/bridges/bridge_1170/1646908624.jpg","bridge_name":"Kashimpur-1 Bridge","bridge_type":"Portable Steel Bridge","road_no":"Z1206","zone":"Cumilla","circle":"Cumilla","division":"Cumilla","subdivision":"Cumilla","sae":"Cumilla-2","bridge_length_(m)":25.5,"bridge_width_(m)":4.0,"chainage_(km)":14.862,"xcoord":90.995,"ycoord":23.7675,"bms_inventory":"http://bms.rhd.gov.bd:8088/bms/bridges/inventory_view/1170","bms_detail":"http://bms.rhd.gov.bd:8088/bms/bridges/detail_view/1170","keys":"[bridge_name, Bridge Name], [bridge_type,Type], [chainage_(km), Chainage (km)], [road_no, On Road], [division, Division], [subdivision, Subdivision], [bridge_length_(m), Length (m)], [bridge_width_(m), Width (m)],[map_link(=>{type:link, format:weblink}, Google Map,newtab=>),Google Map View],[bms_inventory(=>{type:link, format:weblink}, BMS Link,newtab=>), BMS Inventory],[bms_detail(=>{type:link, format:weblink},BMS Link,newtab=>), BMS Detailed View]","f_class_name":"Portable Steel Bridge","f_class_color":"#29ffa4"},"geometry":{"type":"Point","coordinates":[90.995,23.7675]}},
{"type":"Feature","properties":{"id":1171,"sl":7838,"map_link":"https://maps.google.com/?q=23.77305560000000000,90.99416670000000000&amp;z=8&amp;t=k","image_popup":"8088/bms/assets/uploads/images/bridges/bridge_1171/1646910433.jpg","bridge_name":"Kashimpur-2 Bridge","bridge_type":"Portable Steel Bridge","road_no":"Z1206","zone":"Cumilla","circle":"Cumilla","division":"Cumilla","subdivision":"Cumilla","sae":"Cumilla-2","bridge_length_(m)":24.4,"bridge_width_(m)":4.0,"chainage_(km)":15.51,"xcoord":90.9941667,"ycoord":23.7730556,"bms_inventory":"http://bms.rhd.gov.bd:8088/bms/bridges/inventory_view/1171","bms_detail":"http://bms.rhd.gov.bd:8088/bms/bridges/detail_view/1171","keys":"[bridge_name, Bridge Name], [bridge_type,Type], [chainage_(km), Chainage (km)], [road_no, On Road], [division, Division], [subdivision, Subdivision], [bridge_length_(m), Length (m)], [bridge_width_(m), Width (m)],[map_link(=>{type:link, format:weblink}, Google Map,newtab=>),Google Map View],[bms_inventory(=>{type:link, format:weblink}, BMS Link,newtab=>), BMS Inventory],[bms_detail(=>{type:link, format:weblink},BMS Link,newtab=>), BMS Detailed View]","f_class_name":"Portable Steel Bridge","f_class_color":"#29ffa4"},"geometry":{"type":"Point","coordinates":[90.9941667,23.7730556]}},
{"type":"Feature","properties":{"id":1172,"sl":10281,"map_link":"https://maps.google.com/?q=23.73388890000000000,90.99027780000000000&amp;z=8&amp;t=k","image_popup":"8088/bms/assets/uploads/images/bridges/bridge_1172/1646911021.jpg","bridge_name":"Mokhleshpur Bridge","bridge_type":"Portable Steel Bridge","road_no":"Z1206","zone":"Cumilla","circle":"Cumilla","division":"Cumilla","subdivision":"Cumilla","sae":"Cumilla-2","bridge_length_(m)":17.54,"bridge_width_(m)":4.76,"chainage_(km)":11.068,"xcoord":90.9902778,"ycoord":23.7338889,"bms_inventory":"http://bms.rhd.gov.bd:8088/bms/bridges/inventory_view/1172","bms_detail":"http://bms.rhd.gov.bd:8088/bms/bridges/detail_view/1172","keys":"[bridge_name, Bridge Name], [bridge_type,Type], [chainage_(km), Chainage (km)], [road_no, On Road], [division, Division], [subdivision, Subdivision], [bridge_length_(m), Length (m)], [bridge_width_(m), Width (m)],[map_link(=>{type:link, format:weblink}, Google Map,newtab=>),Google Map View],[bms_inventory(=>{type:link, format:weblink}, BMS Link,newtab=>), BMS Inventory],[bms_detail(=>{type:link, format:weblink},BMS Link,newtab=>), BMS Detailed View]","f_class_name":"Portable Steel Bridge","f_class_color":"#29ffa4"},"geometry":{"type":"Point","coordinates":[90.9902778,23.7338889]}},
{"type":"Feature","properties":{"id":1173,"sl":294,"map_link":"https://maps.google.com/?q=24.03472220000000000,91.00472220000000000&amp;z=8&amp;t=k","image_popup":"8088/bms/assets/uploads/images/bridges/bridge_1173/1650961568.jpg","bridge_name":"Alamnagor Bridge-1","bridge_type":"RC Girder Bridge","road_no":"Z2031","zone":"Cumilla","circle":"Cumilla","division":"Brahmanbaria","subdivision":"Bancharampur","sae":"Nabinagar","bridge_length_(m)":37.2,"bridge_width_(m)":4.3,"chainage_(km)":20.57,"xcoord":91.0047222,"ycoord":24.0347222,"bms_inventory":"http://bms.rhd.gov.bd:8088/bms/bridges/inventory_view/1173","bms_detail":"http://bms.rhd.gov.bd:8088/bms/bridges/detail_view/1173","keys":"[bridge_name, Bridge Name], [bridge_type,Type], [chainage_(km), Chainage (km)], [road_no, On Road], [division, Division], [subdivision, Subdivision], [bridge_length_(m), Length (m)], [bridge_width_(m), Width (m)],[map_link(=>{type:link, format:weblink}, Google Map,newtab=>),Google Map View],[bms_inventory(=>{type:link, format:weblink}, BMS Link,newtab=>), BMS Inventory],[bms_detail(=>{type:link, format:weblink},BMS Link,newtab=>), BMS Detailed View]","f_class_name":"RC Girder Bridge","f_class_color":"#e8f674"},"geometry":{"type":"Point","coordinates":[91.0047222,24.0347222]}},
{"type":"Feature","properties":{"id":1174,"sl":10285,"map_link":"https://maps.google.com/?q=23.72194444444400000,91.07194444444400000&amp;z=8&amp;t=k","image_popup":"8088/bms/assets/uploads/images/bridges/bridge_1174/1647837490.jpg","bridge_name":"Mokimpur Bridge","bridge_type":"PC Girder Bridge","road_no":"N102","zone":"Cumilla","circle":"Cumilla","division":"Cumilla","subdivision":"Gouripur","sae":"Gouripur-1","bridge_length_(m)":25.2,"bridge_width_(m)":10.25,"chainage_(km)":39.62,"xcoord":91.07194444,"ycoord":23.72194444,"bms_inventory":"http://bms.rhd.gov.bd:8088/bms/bridges/inventory_view/1174","bms_detail":"http://bms.rhd.gov.bd:8088/bms/bridges/detail_view/1174","keys":"[bridge_name, Bridge Name], [bridge_type,Type], [chainage_(km), Chainage (km)], [road_no, On Road], [division, Division], [subdivision, Subdivision], [bridge_length_(m), Length (m)], [bridge_width_(m), Width (m)],[map_link(=>{type:link, format:weblink}, Google Map,newtab=>),Google Map View],[bms_inventory(=>{type:link, format:weblink}, BMS Link,newtab=>), BMS Inventory],[bms_detail(=>{type:link, format:weblink},BMS Link,newtab=>), BMS Detailed View]","f_class_name":"PC Girder Bridge","f_class_color":"#6ebed6"},"geometry":{"type":"Point","coordinates":[91.07194444,23.72194444]}},
{"type":"Feature","properties":{"id":1178,"sl":5703,"map_link":"https://maps.google.com/?q=23.65861110000000000,90.98222220000000000&amp;z=8&amp;t=k","image_popup":"8088/bms/assets/uploads/images/bridges/bridge_1178/1647231707.jpg","bridge_name":"Gokulgor Bridge","bridge_type":"RC Girder Bridge","road_no":"N102","zone":"Cumilla","circle":"Cumilla","division":"Cumilla","subdivision":"Gouripur","sae":"Gouripur-1","bridge_length_(m)":51.3,"bridge_width_(m)":9.1,"chainage_(km)":28.106,"xcoord":90.9822222,"ycoord":23.6586111,"bms_inventory":"http://bms.rhd.gov.bd:8088/bms/bridges/inventory_view/1178","bms_detail":"http://bms.rhd.gov.bd:8088/bms/bridges/detail_view/1178","keys":"[bridge_name, Bridge Name], [bridge_type,Type], [chainage_(km), Chainage (km)], [road_no, On Road], [division, Division], [subdivision, Subdivision], [bridge_length_(m), Length (m)], [bridge_width_(m), Width (m)],[map_link(=>{type:link, format:weblink}, Google Map,newtab=>),Google Map View],[bms_inventory(=>{type:link, format:weblink}, BMS Link,newtab=>), BMS Inventory],[bms_detail(=>{type:link, format:weblink},BMS Link,newtab=>), BMS Detailed View]","f_class_name":"RC Girder Bridge","f_class_color":"#e8f674"},"geometry":{"type":"Point","coordinates":[90.9822222,23.6586111]}},
{"type":"Feature","properties":{"id":1189,"sl":3872,"map_link":"https://maps.google.com/?q=23.66583330000000000,90.99333330000000000&amp;z=8&amp;t=k","image_popup":"8088/bms/assets/uploads/images/bridges/bridge_1189/1647838529.jpg","bridge_name":"CNB Bazar Bridge","bridge_type":"RC Girder Bridge","road_no":"N102","zone":"Cumilla","circle":"Cumilla","division":"Cumilla","subdivision":"Gouripur","sae":"Gouripur-1","bridge_length_(m)":52.7,"bridge_width_(m)":9.05,"chainage_(km)":29.509,"xcoord":90.9933333,"ycoord":23.6658333,"bms_inventory":"http://bms.rhd.gov.bd:8088/bms/bridges/inventory_view/1189","bms_detail":"http://bms.rhd.gov.bd:8088/bms/bridges/detail_view/1189","keys":"[bridge_name, Bridge Name], [bridge_type,Type], [chainage_(km), Chainage (km)], [road_no, On Road], [division, Division], [subdivision, Subdivision], [bridge_length_(m), Length (m)], [bridge_width_(m), Width (m)],[map_link(=>{type:link, format:weblink}, Google Map,newtab=>),Google Map View],[bms_inventory(=>{type:link, format:weblink}, BMS Link,newtab=>), BMS Inventory],[bms_detail(=>{type:link, format:weblink},BMS Link,newtab=>), BMS Detailed View]","f_class_name":"RC Girder Bridge","f_class_color":"#e8f674"},"geometry":{"type":"Point","coordinates":[90.9933333,23.6658333]}},
{"type":"Feature","properties":{"id":1194,"sl":13953,"map_link":"https://maps.google.com/?q=23.69583330000000000,91.03805560000000000&amp;z=8&amp;t=k","image_popup":"8088/bms/assets/uploads/images/bridges/bridge_1194/1647843006.jpg","bridge_name":"Shongchail Bridge","bridge_type":"PC Girder Bridge","road_no":"N102","zone":"Cumilla","circle":"Cumilla","division":"Cumilla","subdivision":"Gouripur","sae":"Gouripur-1","bridge_length_(m)":41.0,"bridge_width_(m)":14.5,"chainage_(km)":35.1,"xcoord":91.0380556,"ycoord":23.6958333,"bms_inventory":"http://bms.rhd.gov.bd:8088/bms/bridges/inventory_view/1194","bms_detail":"http://bms.rhd.gov.bd:8088/bms/bridges/detail_view/1194","keys":"[bridge_name, Bridge Name], [bridge_type,Type], [chainage_(km), Chainage (km)], [road_no, On Road], [division, Division], [subdivision, Subdivision], [bridge_length_(m), Length (m)], [bridge_width_(m), Width (m)],[map_link(=>{type:link, format:weblink}, Google Map,newtab=>),Google Map View],[bms_inventory(=>{type:link, format:weblink}, BMS Link,newtab=>), BMS Inventory],[bms_detail(=>{type:link, format:weblink},BMS Link,newtab=>), BMS Detailed View]","f_class_name":"PC Girder Bridge","f_class_color":"#6ebed6"},"geometry":{"type":"Point","coordinates":[91.0380556,23.6958333]}},
{"type":"Feature","properties":{"id":1199,"sl":1499,"map_link":"https://maps.google.com/?q=23.45083330000000000,91.20916670000000000&amp;z=8&amp;t=k","image_popup":"8088/bms/assets/uploads/images/bridges/bridge_1199/1647228777.jpg","bridge_name":"Baropara Medical Road Bridge","bridge_type":"RC Girder Bridge","road_no":"Z1052","zone":"Cumilla","circle":"Cumilla","division":"Cumilla","subdivision":"Cumilla","sae":"Cumilla-1","bridge_length_(m)":6.0,"bridge_width_(m)":6.45,"chainage_(km)":0.364,"xcoord":91.2091667,"ycoord":23.4508333,"bms_inventory":"http://bms.rhd.gov.bd:8088/bms/bridges/inventory_view/1199","bms_detail":"http://bms.rhd.gov.bd:8088/bms/bridges/detail_view/1199","keys":"[bridge_name, Bridge Name], [bridge_type,Type], [chainage_(km), Chainage (km)], [road_no, On Road], [division, Division], [subdivision, Subdivision], [bridge_length_(m), Length (m)], [bridge_width_(m), Width (m)],[map_link(=>{type:link, format:weblink}, Google Map,newtab=>),Google Map View],[bms_inventory(=>{type:link, format:weblink}, BMS Link,newtab=>), BMS Inventory],[bms_detail(=>{type:link, format:weblink},BMS Link,newtab=>), BMS Detailed View]","f_class_name":"RC Girder Bridge","f_class_color":"#e8f674"},"geometry":{"type":"Point","coordinates":[91.2091667,23.4508333]}},
{"type":"Feature","properties":{"id":1200,"sl":8762,"map_link":"https://maps.google.com/?q=23.44972220000000000,91.19583330000000000&amp;z=8&amp;t=k","image_popup":"8088/bms/assets/uploads/images/bridges/bridge_1200/1647229598.jpg","bridge_name":"Kuchaitoli Bridge","bridge_type":"Small Slab Bridge","road_no":"Z1052","zone":"Cumilla","circle":"Cumilla","division":"Cumilla","subdivision":"Cumilla","sae":"Cumilla-1","bridge_length_(m)":1.5,"bridge_width_(m)":8.77,"chainage_(km)":1.73,"xcoord":91.1958333,"ycoord":23.4497222,"bms_inventory":"http://bms.rhd.gov.bd:8088/bms/bridges/inventory_view/1200","bms_detail":"http://bms.rhd.gov.bd:8088/bms/bridges/detail_view/1200","keys":"[bridge_name, Bridge Name], [bridge_type,Type], [chainage_(km), Chainage (km)], [road_no, On Road], [division, Division], [subdivision, Subdivision], [bridge_length_(m), Length (m)], [bridge_width_(m), Width (m)],[map_link(=>{type:link, format:weblink}, Google Map,newtab=>),Google Map View],[bms_inventory(=>{type:link, format:weblink}, BMS Link,newtab=>), BMS Inventory],[bms_detail(=>{type:link, format:weblink},BMS Link,newtab=>), BMS Detailed View]","f_class_name":"Small Slab Bridge","f_class_color":"#13b7dd"},"geometry":{"type":"Point","coordinates":[91.1958333,23.4497222]}},
{"type":"Feature","properties":{"id":1210,"sl":5755,"map_link":"https://maps.google.com/?q=23.43833330000000000,91.14194440000000000&amp;z=8&amp;t=k","image_popup":"8088/bms/assets/uploads/images/bridges/bridge_1210/1647231877.jpg","bridge_name":"Gondhomoti Bridge","bridge_type":"Small Slab Bridge","road_no":"Z1052","zone":"Cumilla","circle":"Cumilla","division":"Cumilla","subdivision":"Cumilla","sae":"Cumilla-1","bridge_length_(m)":4.0,"bridge_width_(m)":7.8,"chainage_(km)":8.48,"xcoord":91.1419444,"ycoord":23.4383333,"bms_inventory":"http://bms.rhd.gov.bd:8088/bms/bridges/inventory_view/1210","bms_detail":"http://bms.rhd.gov.bd:8088/bms/bridges/detail_view/1210","keys":"[bridge_name, Bridge Name], [bridge_type,Type], [chainage_(km), Chainage (km)], [road_no, On Road], [division, Division], [subdivision, Subdivision], [bridge_length_(m), Length (m)], [bridge_width_(m), Width (m)],[map_link(=>{type:link, format:weblink}, Google Map,newtab=>),Google Map View],[bms_inventory(=>{type:link, format:weblink}, BMS Link,newtab=>), BMS Inventory],[bms_detail(=>{type:link, format:weblink},BMS Link,newtab=>), BMS Detailed View]","f_class_name":"Small Slab Bridge","f_class_color":"#13b7dd"},"geometry":{"type":"Point","coordinates":[91.1419444,23.4383333]}},
{"type":"Feature","properties":{"id":1215,"sl":1843,"map_link":"https://maps.google.com/?q=23.43555560000000000,91.11777780000000000&amp;z=8&amp;t=k","image_popup":"8088/bms/assets/uploads/images/bridges/bridge_1215/1647232886.jpg","bridge_name":"BGB Head Quater Bridge","bridge_type":"Small Slab Bridge","road_no":"Z1052","zone":"Cumilla","circle":"Cumilla","division":"Cumilla","subdivision":"Cumilla","sae":"Cumilla-1","bridge_length_(m)":2.0,"bridge_width_(m)":11.3,"chainage_(km)":11.014,"xcoord":91.1177778,"ycoord":23.4355556,"bms_inventory":"http://bms.rhd.gov.bd:8088/bms/bridges/inventory_view/1215","bms_detail":"http://bms.rhd.gov.bd:8088/bms/bridges/detail_view/1215","keys":"[bridge_name, Bridge Name], [bridge_type,Type], [chainage_(km), Chainage (km)], [road_no, On Road], [division, Division], [subdivision, Subdivision], [bridge_length_(m), Length (m)], [bridge_width_(m), Width (m)],[map_link(=>{type:link, format:weblink}, Google Map,newtab=>),Google Map View],[bms_inventory(=>{type:link, format:weblink}, BMS Link,newtab=>), BMS Inventory],[bms_detail(=>{type:link, format:weblink},BMS Link,newtab=>), BMS Detailed View]","f_class_name":"Small Slab Bridge","f_class_color":"#13b7dd"},"geometry":{"type":"Point","coordinates":[91.1177778,23.4355556]}},
{"type":"Feature","properties":{"id":1220,"sl":4519,"map_link":"https://maps.google.com/?q=23.37750000000000000,91.06138890000000000&amp;z=8&amp;t=k","image_popup":"8088/bms/assets/uploads/images/bridges/bridge_1220/1647235120.jpg","bridge_name":"Dighirpar Bridge","bridge_type":"Small Slab Bridge","road_no":"Z1052","zone":"Cumilla","circle":"Cumilla","division":"Cumilla","subdivision":"Cumilla","sae":"Cumilla-1","bridge_length_(m)":1.5,"bridge_width_(m)":5.6,"chainage_(km)":21.74,"xcoord":91.0613889,"ycoord":23.3775,"bms_inventory":"http://bms.rhd.gov.bd:8088/bms/bridges/inventory_view/1220","bms_detail":"http://bms.rhd.gov.bd:8088/bms/bridges/detail_view/1220","keys":"[bridge_name, Bridge Name], [bridge_type,Type], [chainage_(km), Chainage (km)], [road_no, On Road], [division, Division], [subdivision, Subdivision], [bridge_length_(m), Length (m)], [bridge_width_(m), Width (m)],[map_link(=>{type:link, format:weblink}, Google Map,newtab=>),Google Map View],[bms_inventory(=>{type:link, format:weblink}, BMS Link,newtab=>), BMS Inventory],[bms_detail(=>{type:link, format:weblink},BMS Link,newtab=>), BMS Detailed View]","f_class_name":"Small Slab Bridge","f_class_color":"#13b7dd"},"geometry":{"type":"Point","coordinates":[91.0613889,23.3775]}},
{"type":"Feature","properties":{"id":1280,"sl":2518,"map_link":"https://maps.google.com/?q=23.99222220000000000,91.06222220000000000&amp;z=8&amp;t=k","image_popup":"8088/bms/assets/uploads/images/bridges/bridge_1280/1649736183.jpg","bridge_name":"Borohoron Bridge","bridge_type":"RC Girder Bridge","road_no":"Z1210","zone":"Cumilla","circle":"Cumilla","division":"Brahmanbaria","subdivision":"Brahmanbaria","sae":"Brahmanbaria-3","bridge_length_(m)":15.1,"bridge_width_(m)":9.48,"chainage_(km)":4.72,"xcoord":91.0622222,"ycoord":23.9922222,"bms_inventory":"http://bms.rhd.gov.bd:8088/bms/bridges/inventory_view/1280","bms_detail":"http://bms.rhd.gov.bd:8088/bms/bridges/detail_view/1280","keys":"[bridge_name, Bridge Name], [bridge_type,Type], [chainage_(km), Chainage (km)], [road_no, On Road], [division, Division], [subdivision, Subdivision], [bridge_length_(m), Length (m)], [bridge_width_(m), Width (m)],[map_link(=>{type:link, format:weblink}, Google Map,newtab=>),Google Map View],[bms_inventory(=>{type:link, format:weblink}, BMS Link,newtab=>), BMS Inventory],[bms_detail(=>{type:link, format:weblink},BMS Link,newtab=>), BMS Detailed View]","f_class_name":"RC Girder Bridge","f_class_color":"#e8f674"},"geometry":{"type":"Point","coordinates":[91.0622222,23.9922222]}},
{"type":"Feature","properties":{"id":1288,"sl":13596,"map_link":"https://maps.google.com/?q=23.35055560000000000,91.01416670000000000&amp;z=8&amp;t=k","image_popup":"8088/bms/assets/uploads/images/bridges/bridge_1288/1648058432.jpg","bridge_name":"Shasia Bridge","bridge_type":"RC Girder Bridge","road_no":"Z1411","zone":"Cumilla","circle":"Cumilla","division":"Cumilla","subdivision":"Cumilla","sae":"Cumilla-1","bridge_length_(m)":17.2,"bridge_width_(m)":4.3,"chainage_(km)":15.472,"xcoord":91.0141667,"ycoord":23.3505556,"bms_inventory":"http://bms.rhd.gov.bd:8088/bms/bridges/inventory_view/1288","bms_detail":"http://bms.rhd.gov.bd:8088/bms/bridges/detail_view/1288","keys":"[bridge_name, Bridge Name], [bridge_type,Type], [chainage_(km), Chainage (km)], [road_no, On Road], [division, Division], [subdivision, Subdivision], [bridge_length_(m), Length (m)], [bridge_width_(m), Width (m)],[map_link(=>{type:link, format:weblink}, Google Map,newtab=>),Google Map View],[bms_inventory(=>{type:link, format:weblink}, BMS Link,newtab=>), BMS Inventory],[bms_detail(=>{type:link, format:weblink},BMS Link,newtab=>), BMS Detailed View]","f_class_name":"RC Girder Bridge","f_class_color":"#e8f674"},"geometry":{"type":"Point","coordinates":[91.0141667,23.3505556]}},
{"type":"Feature","properties":{"id":1316,"sl":13600,"map_link":"https://maps.google.com/?q=23.46722220000000000,91.16277780000000000&amp;z=8&amp;t=k","image_popup":"8088/bms/assets/uploads/images/bridges/bridge_1316/1648460099.jpg","bridge_name":"Shasongacha Railway Overpass","bridge_type":"PC Girder Bridge","road_no":"N120","zone":"Cumilla","circle":"Cumilla","division":"Cumilla","subdivision":"Cumilla","sae":"Cumilla-1","bridge_length_(m)":631.0,"bridge_width_(m)":8.97,"chainage_(km)":3.11,"xcoord":91.1627778,"ycoord":23.4672222,"bms_inventory":"http://bms.rhd.gov.bd:8088/bms/bridges/inventory_view/1316","bms_detail":"http://bms.rhd.gov.bd:8088/bms/bridges/detail_view/1316","keys":"[bridge_name, Bridge Name], [bridge_type,Type], [chainage_(km), Chainage (km)], [road_no, On Road], [division, Division], [subdivision, Subdivision], [bridge_length_(m), Length (m)], [bridge_width_(m), Width (m)],[map_link(=>{type:link, format:weblink}, Google Map,newtab=>),Google Map View],[bms_inventory(=>{type:link, format:weblink}, BMS Link,newtab=>), BMS Inventory],[bms_detail(=>{type:link, format:weblink},BMS Link,newtab=>), BMS Detailed View]","f_class_name":"PC Girder Bridge","f_class_color":"#6ebed6"},"geometry":{"type":"Point","coordinates":[91.1627778,23.4672222]}},
{"type":"Feature","properties":{"id":1330,"sl":295,"map_link":"https://maps.google.com/?q=24.02750000000000000,91.00250000000000000&amp;z=8&amp;t=k","image_popup":"8088/bms/assets/uploads/images/bridges/bridge_1330/1650944476.jpg","bridge_name":"Alamnagor Bridge-2","bridge_type":"RC Girder Bridge","road_no":"Z2031","zone":"Cumilla","circle":"Cumilla","division":"Brahmanbaria","subdivision":"Bancharampur","sae":"Nabinagar","bridge_length_(m)":30.0,"bridge_width_(m)":7.2,"chainage_(km)":19.67,"xcoord":91.0025,"ycoord":24.0275,"bms_inventory":"http://bms.rhd.gov.bd:8088/bms/bridges/inventory_view/1330","bms_detail":"http://bms.rhd.gov.bd:8088/bms/bridges/detail_view/1330","keys":"[bridge_name, Bridge Name], [bridge_type,Type], [chainage_(km), Chainage (km)], [road_no, On Road], [division, Division], [subdivision, Subdivision], [bridge_length_(m), Length (m)], [bridge_width_(m), Width (m)],[map_link(=>{type:link, format:weblink}, Google Map,newtab=>),Google Map View],[bms_inventory(=>{type:link, format:weblink}, BMS Link,newtab=>), BMS Inventory],[bms_detail(=>{type:link, format:weblink},BMS Link,newtab=>), BMS Detailed View]","f_class_name":"RC Girder Bridge","f_class_color":"#e8f674"},"geometry":{"type":"Point","coordinates":[91.0025,24.0275]}},
{"type":"Feature","properties":{"id":1356,"sl":8948,"map_link":"https://maps.google.com/?q=24.05833330000000000,91.11500000000000000&amp;z=8&amp;t=k","image_popup":"8088/bms/assets/uploads/images/bridges/bridge_1356/1649303446.jpg","bridge_name":"Kuttapara Bridge","bridge_type":"RC Girder Bridge","road_no":"R220","zone":"Cumilla","circle":"Cumilla","division":"Brahmanbaria","subdivision":"Brahmanbaria","sae":"Brahmanbaria-3","bridge_length_(m)":48.7,"bridge_width_(m)":7.2,"chainage_(km)":0.082,"xcoord":91.115,"ycoord":24.0583333,"bms_inventory":"http://bms.rhd.gov.bd:8088/bms/bridges/inventory_view/1356","bms_detail":"http://bms.rhd.gov.bd:8088/bms/bridges/detail_view/1356","keys":"[bridge_name, Bridge Name], [bridge_type,Type], [chainage_(km), Chainage (km)], [road_no, On Road], [division, Division], [subdivision, Subdivision], [bridge_length_(m), Length (m)], [bridge_width_(m), Width (m)],[map_link(=>{type:link, format:weblink}, Google Map,newtab=>),Google Map View],[bms_inventory(=>{type:link, format:weblink}, BMS Link,newtab=>), BMS Inventory],[bms_detail(=>{type:link, format:weblink},BMS Link,newtab=>), BMS Detailed View]","f_class_name":"RC Girder Bridge","f_class_color":"#e8f674"},"geometry":{"type":"Point","coordinates":[91.115,24.0583333]}},
{"type":"Feature","properties":{"id":1358,"sl":8846,"map_link":"https://maps.google.com/?q=24.13611110000000000,91.14250000000000000&amp;z=8&amp;t=k","image_popup":"8088/bms/assets/uploads/images/bridges/bridge_1358/1649219701.jpg","bridge_name":"Kunda Bridge","bridge_type":"PC Girder Bridge","road_no":"R220","zone":"Cumilla","circle":"Cumilla","division":"Brahmanbaria","subdivision":"Brahmanbaria","sae":"Brahmanbaria-3","bridge_length_(m)":93.75,"bridge_width_(m)":7.6,"chainage_(km)":9.461,"xcoord":91.1425,"ycoord":24.1361111,"bms_inventory":"http://bms.rhd.gov.bd:8088/bms/bridges/inventory_view/1358","bms_detail":"http://bms.rhd.gov.bd:8088/bms/bridges/detail_view/1358","keys":"[bridge_name, Bridge Name], [bridge_type,Type], [chainage_(km), Chainage (km)], [road_no, On Road], [division, Division], [subdivision, Subdivision], [bridge_length_(m), Length (m)], [bridge_width_(m), Width (m)],[map_link(=>{type:link, format:weblink}, Google Map,newtab=>),Google Map View],[bms_inventory(=>{type:link, format:weblink}, BMS Link,newtab=>), BMS Inventory],[bms_detail(=>{type:link, format:weblink},BMS Link,newtab=>), BMS Detailed View]","f_class_name":"PC Girder Bridge","f_class_color":"#6ebed6"},"geometry":{"type":"Point","coordinates":[91.1425,24.1361111]}},
{"type":"Feature","properties":{"id":1362,"sl":8413,"map_link":"https://maps.google.com/?q=24.18111110000000000,91.17861110000000000&amp;z=8&amp;t=k","image_popup":"8088/bms/assets/uploads/images/bridges/bridge_1362/1649219807.jpg","bridge_name":"Kobirapur Bridge","bridge_type":"PC Girder Bridge","road_no":"R220","zone":"Cumilla","circle":"Cumilla","division":"Brahmanbaria","subdivision":"Brahmanbaria","sae":"Brahmanbaria-3","bridge_length_(m)":50.4,"bridge_width_(m)":10.17,"chainage_(km)":15.785,"xcoord":91.1786111,"ycoord":24.1811111,"bms_inventory":"http://bms.rhd.gov.bd:8088/bms/bridges/inventory_view/1362","bms_detail":"http://bms.rhd.gov.bd:8088/bms/bridges/detail_view/1362","keys":"[bridge_name, Bridge Name], [bridge_type,Type], [chainage_(km), Chainage (km)], [road_no, On Road], [division, Division], [subdivision, Subdivision], [bridge_length_(m), Length (m)], [bridge_width_(m), Width (m)],[map_link(=>{type:link, format:weblink}, Google Map,newtab=>),Google Map View],[bms_inventory(=>{type:link, format:weblink}, BMS Link,newtab=>), BMS Inventory],[bms_detail(=>{type:link, format:weblink},BMS Link,newtab=>), BMS Detailed View]","f_class_name":"PC Girder Bridge","f_class_color":"#6ebed6"},"geometry":{"type":"Point","coordinates":[91.1786111,24.1811111]}},
{"type":"Feature","properties":{"id":1364,"sl":10863,"map_link":"https://maps.google.com/?q=24.19972220000000000,91.20166670000000000&amp;z=8&amp;t=k","image_popup":"8088/bms/assets/uploads/images/bridges/bridge_1364/1649219913.jpg","bridge_name":"Nasirnagar Bridge","bridge_type":"Steel Girder Bridge","road_no":"R220","zone":"Cumilla","circle":"Cumilla","division":"Brahmanbaria","subdivision":"Brahmanbaria","sae":"Brahmanbaria-3","bridge_length_(m)":38.4,"bridge_width_(m)":4.2,"chainage_(km)":18.985,"xcoord":91.2016667,"ycoord":24.1997222,"bms_inventory":"http://bms.rhd.gov.bd:8088/bms/bridges/inventory_view/1364","bms_detail":"http://bms.rhd.gov.bd:8088/bms/bridges/detail_view/1364","keys":"[bridge_name, Bridge Name], [bridge_type,Type], [chainage_(km), Chainage (km)], [road_no, On Road], [division, Division], [subdivision, Subdivision], [bridge_length_(m), Length (m)], [bridge_width_(m), Width (m)],[map_link(=>{type:link, format:weblink}, Google Map,newtab=>),Google Map View],[bms_inventory(=>{type:link, format:weblink}, BMS Link,newtab=>), BMS Inventory],[bms_detail(=>{type:link, format:weblink},BMS Link,newtab=>), BMS Detailed View]","f_class_name":"Steel Girder Bridge","f_class_color":"#b15dec"},"geometry":{"type":"Point","coordinates":[91.2016667,24.1997222]}},
{"type":"Feature","properties":{"id":1365,"sl":5009,"map_link":"https://maps.google.com/?q=24.20972220000000000,91.21166670000000000&amp;z=8&amp;t=k","image_popup":"8088/bms/assets/uploads/images/bridges/bridge_1365/1649220212.jpg","bridge_name":"Echapurgora Bridge","bridge_type":"PC Girder Bridge","road_no":"R220","zone":"Cumilla","circle":"Cumilla","division":"Brahmanbaria","subdivision":"Brahmanbaria","sae":"Brahmanbaria-3","bridge_length_(m)":31.5,"bridge_width_(m)":10.2,"chainage_(km)":20.571,"xcoord":91.2116667,"ycoord":24.2097222,"bms_inventory":"http://bms.rhd.gov.bd:8088/bms/bridges/inventory_view/1365","bms_detail":"http://bms.rhd.gov.bd:8088/bms/bridges/detail_view/1365","keys":"[bridge_name, Bridge Name], [bridge_type,Type], [chainage_(km), Chainage (km)], [road_no, On Road], [division, Division], [subdivision, Subdivision], [bridge_length_(m), Length (m)], [bridge_width_(m), Width (m)],[map_link(=>{type:link, format:weblink}, Google Map,newtab=>),Google Map View],[bms_inventory(=>{type:link, format:weblink}, BMS Link,newtab=>), BMS Inventory],[bms_detail(=>{type:link, format:weblink},BMS Link,newtab=>), BMS Detailed View]","f_class_name":"PC Girder Bridge","f_class_color":"#6ebed6"},"geometry":{"type":"Point","coordinates":[91.2116667,24.2097222]}},
{"type":"Feature","properties":{"id":1366,"sl":2884,"map_link":"https://maps.google.com/?q=24.22500000000000000,91.23305560000000000&amp;z=8&amp;t=k","image_popup":"8088/bms/assets/uploads/images/bridges/bridge_1366/1649220106.jpg","bridge_name":"Chachua Bridge","bridge_type":"PC Girder Bridge","road_no":"R220","zone":"Cumilla","circle":"Cumilla","division":"Brahmanbaria","subdivision":"Brahmanbaria","sae":"Brahmanbaria-3","bridge_length_(m)":30.6,"bridge_width_(m)":10.3,"chainage_(km)":23.423,"xcoord":91.2330556,"ycoord":24.225,"bms_inventory":"http://bms.rhd.gov.bd:8088/bms/bridges/inventory_view/1366","bms_detail":"http://bms.rhd.gov.bd:8088/bms/bridges/detail_view/1366","keys":"[bridge_name, Bridge Name], [bridge_type,Type], [chainage_(km), Chainage (km)], [road_no, On Road], [division, Division], [subdivision, Subdivision], [bridge_length_(m), Length (m)], [bridge_width_(m), Width (m)],[map_link(=>{type:link, format:weblink}, Google Map,newtab=>),Google Map View],[bms_inventory(=>{type:link, format:weblink}, BMS Link,newtab=>), BMS Inventory],[bms_detail(=>{type:link, format:weblink},BMS Link,newtab=>), BMS Detailed View]","f_class_name":"PC Girder Bridge","f_class_color":"#6ebed6"},"geometry":{"type":"Point","coordinates":[91.2330556,24.225]}},
{"type":"Feature","properties":{"id":1377,"sl":8190,"map_link":"https://maps.google.com/?q=24.05833330000000000,91.11861110000000000&amp;z=8&amp;t=k","image_popup":"8088/bms/assets/uploads/images/bridges/bridge_1377/1648974718.jpg","bridge_name":"Khatihata Bridge","bridge_type":"RC Girder Bridge","road_no":"N2","zone":"Cumilla","circle":"Cumilla","division":"Brahmanbaria","subdivision":"Brahmanbaria","sae":"Brahmanbaria-3","bridge_length_(m)":23.4,"bridge_width_(m)":9.8,"chainage_(km)":86.835,"xcoord":91.1186111,"ycoord":24.0583333,"bms_inventory":"http://bms.rhd.gov.bd:8088/bms/bridges/inventory_view/1377","bms_detail":"http://bms.rhd.gov.bd:8088/bms/bridges/detail_view/1377","keys":"[bridge_name, Bridge Name], [bridge_type,Type], [chainage_(km), Chainage (km)], [road_no, On Road], [division, Division], [subdivision, Subdivision], [bridge_length_(m), Length (m)], [bridge_width_(m), Width (m)],[map_link(=>{type:link, format:weblink}, Google Map,newtab=>),Google Map View],[bms_inventory(=>{type:link, format:weblink}, BMS Link,newtab=>), BMS Inventory],[bms_detail(=>{type:link, format:weblink},BMS Link,newtab=>), BMS Detailed View]","f_class_name":"RC Girder Bridge","f_class_color":"#e8f674"},"geometry":{"type":"Point","coordinates":[91.1186111,24.0583333]}},
{"type":"Feature","properties":{"id":1378,"sl":15104,"map_link":"https://maps.google.com/?q=23.80666670000000000,91.15138890000000000&amp;z=8&amp;t=k","image_popup":"8088/bms/assets/uploads/images/bridges/bridge_1378/1649044783.jpg","bridge_name":"Tinlakhpir Bridge-2","bridge_type":"RC Girder Bridge","road_no":"N102","zone":"Cumilla","circle":"Cumilla","division":"Brahmanbaria","subdivision":"Brahmanbaria","sae":"Brahmanbaria-2","bridge_length_(m)":46.7,"bridge_width_(m)":7.3,"chainage_(km)":52.65,"xcoord":91.1513889,"ycoord":23.8066667,"bms_inventory":"http://bms.rhd.gov.bd:8088/bms/bridges/inventory_view/1378","bms_detail":"http://bms.rhd.gov.bd:8088/bms/bridges/detail_view/1378","keys":"[bridge_name, Bridge Name], [bridge_type,Type], [chainage_(km), Chainage (km)], [road_no, On Road], [division, Division], [subdivision, Subdivision], [bridge_length_(m), Length (m)], [bridge_width_(m), Width (m)],[map_link(=>{type:link, format:weblink}, Google Map,newtab=>),Google Map View],[bms_inventory(=>{type:link, format:weblink}, BMS Link,newtab=>), BMS Inventory],[bms_detail(=>{type:link, format:weblink},BMS Link,newtab=>), BMS Detailed View]","f_class_name":"RC Girder Bridge","f_class_color":"#e8f674"},"geometry":{"type":"Point","coordinates":[91.1513889,23.8066667]}},
{"type":"Feature","properties":{"id":1379,"sl":7412,"map_link":"https://maps.google.com/?q=23.72527780000000000,91.07666670000000000&amp;z=8&amp;t=k","image_popup":"8088/bms/assets/uploads/images/bridges/bridge_1379/1649049060.jpg","bridge_name":"Kalamuriya Bridge","bridge_type":"RC Girder Bridge","road_no":"N102","zone":"Cumilla","circle":"Cumilla","division":"Brahmanbaria","subdivision":"Brahmanbaria","sae":"Brahmanbaria-2","bridge_length_(m)":54.5,"bridge_width_(m)":9.0,"chainage_(km)":40.402,"xcoord":91.0766667,"ycoord":23.7252778,"bms_inventory":"http://bms.rhd.gov.bd:8088/bms/bridges/inventory_view/1379","bms_detail":"http://bms.rhd.gov.bd:8088/bms/bridges/detail_view/1379","keys":"[bridge_name, Bridge Name], [bridge_type,Type], [chainage_(km), Chainage (km)], [road_no, On Road], [division, Division], [subdivision, Subdivision], [bridge_length_(m), Length (m)], [bridge_width_(m), Width (m)],[map_link(=>{type:link, format:weblink}, Google Map,newtab=>),Google Map View],[bms_inventory(=>{type:link, format:weblink}, BMS Link,newtab=>), BMS Inventory],[bms_detail(=>{type:link, format:weblink},BMS Link,newtab=>), BMS Detailed View]","f_class_name":"RC Girder Bridge","f_class_color":"#e8f674"},"geometry":{"type":"Point","coordinates":[91.0766667,23.7252778]}},
{"type":"Feature","properties":{"id":1380,"sl":13979,"map_link":"https://maps.google.com/?q=23.81416670000000000,91.15277780000000000&amp;z=8&amp;t=k","image_popup":"8088/bms/assets/uploads/images/bridges/bridge_1380/1649045953.jpg","bridge_name":"Shoterashorif Bridge","bridge_type":"PC Girder Bridge","road_no":"N102","zone":"Cumilla","circle":"Cumilla","division":"Brahmanbaria","subdivision":"Brahmanbaria","sae":"Brahmanbaria-2","bridge_length_(m)":42.8,"bridge_width_(m)":10.3,"chainage_(km)":53.447,"xcoord":91.1527778,"ycoord":23.8141667,"bms_inventory":"http://bms.rhd.gov.bd:8088/bms/bridges/inventory_view/1380","bms_detail":"http://bms.rhd.gov.bd:8088/bms/bridges/detail_view/1380","keys":"[bridge_name, Bridge Name], [bridge_type,Type], [chainage_(km), Chainage (km)], [road_no, On Road], [division, Division], [subdivision, Subdivision], [bridge_length_(m), Length (m)], [bridge_width_(m), Width (m)],[map_link(=>{type:link, format:weblink}, Google Map,newtab=>),Google Map View],[bms_inventory(=>{type:link, format:weblink}, BMS Link,newtab=>), BMS Inventory],[bms_detail(=>{type:link, format:weblink},BMS Link,newtab=>), BMS Detailed View]","f_class_name":"PC Girder Bridge","f_class_color":"#6ebed6"},"geometry":{"type":"Point","coordinates":[91.1527778,23.8141667]}},
{"type":"Feature","properties":{"id":1382,"sl":15535,"map_link":"https://maps.google.com/?q=23.84500000000000000,91.15722220000000000&amp;z=8&amp;t=k","image_popup":"8088/bms/assets/uploads/images/bridges/bridge_1382/1649047606.jpg","bridge_name":"Uzanishar Bridge-1","bridge_type":"PC Girder Bridge","road_no":"N102","zone":"Cumilla","circle":"Cumilla","division":"Brahmanbaria","subdivision":"Brahmanbaria","sae":"Brahmanbaria-2","bridge_length_(m)":168.2,"bridge_width_(m)":9.2,"chainage_(km)":56.959,"xcoord":91.1572222,"ycoord":23.845,"bms_inventory":"http://bms.rhd.gov.bd:8088/bms/bridges/inventory_view/1382","bms_detail":"http://bms.rhd.gov.bd:8088/bms/bridges/detail_view/1382","keys":"[bridge_name, Bridge Name], [bridge_type,Type], [chainage_(km), Chainage (km)], [road_no, On Road], [division, Division], [subdivision, Subdivision], [bridge_length_(m), Length (m)], [bridge_width_(m), Width (m)],[map_link(=>{type:link, format:weblink}, Google Map,newtab=>),Google Map View],[bms_inventory(=>{type:link, format:weblink}, BMS Link,newtab=>), BMS Inventory],[bms_detail(=>{type:link, format:weblink},BMS Link,newtab=>), BMS Detailed View]","f_class_name":"PC Girder Bridge","f_class_color":"#6ebed6"},"geometry":{"type":"Point","coordinates":[91.1572222,23.845]}},
{"type":"Feature","properties":{"id":1384,"sl":15536,"map_link":"https://maps.google.com/?q=23.86055560000000000,91.15527780000000000&amp;z=8&amp;t=k","image_popup":"8088/bms/assets/uploads/images/bridges/bridge_1384/1649048528.jpeg","bridge_name":"Uzanishar Bridge-2","bridge_type":"PC Girder Bridge","road_no":"N102","zone":"Cumilla","circle":"Cumilla","division":"Brahmanbaria","subdivision":"Brahmanbaria","sae":"Brahmanbaria-2","bridge_length_(m)":34.3,"bridge_width_(m)":10.0,"chainage_(km)":58.899,"xcoord":91.1552778,"ycoord":23.8605556,"bms_inventory":"http://bms.rhd.gov.bd:8088/bms/bridges/inventory_view/1384","bms_detail":"http://bms.rhd.gov.bd:8088/bms/bridges/detail_view/1384","keys":"[bridge_name, Bridge Name], [bridge_type,Type], [chainage_(km), Chainage (km)], [road_no, On Road], [division, Division], [subdivision, Subdivision], [bridge_length_(m), Length (m)], [bridge_width_(m), Width (m)],[map_link(=>{type:link, format:weblink}, Google Map,newtab=>),Google Map View],[bms_inventory(=>{type:link, format:weblink}, BMS Link,newtab=>), BMS Inventory],[bms_detail(=>{type:link, format:weblink},BMS Link,newtab=>), BMS Detailed View]","f_class_name":"PC Girder Bridge","f_class_color":"#6ebed6"},"geometry":{"type":"Point","coordinates":[91.1552778,23.8605556]}},
{"type":"Feature","properties":{"id":1387,"sl":10070,"map_link":"https://maps.google.com/?q=23.87472220000000000,91.14083330000000000&amp;z=8&amp;t=k","image_popup":"8088/bms/assets/uploads/images/bridges/bridge_1387/1649049565.jpeg","bridge_name":"Modinogor Bridge","bridge_type":"PC Girder Bridge","road_no":"N102","zone":"Cumilla","circle":"Cumilla","division":"Brahmanbaria","subdivision":"Brahmanbaria","sae":"Brahmanbaria-2","bridge_length_(m)":36.6,"bridge_width_(m)":10.2,"chainage_(km)":61.114,"xcoord":91.1408333,"ycoord":23.8747222,"bms_inventory":"http://bms.rhd.gov.bd:8088/bms/bridges/inventory_view/1387","bms_detail":"http://bms.rhd.gov.bd:8088/bms/bridges/detail_view/1387","keys":"[bridge_name, Bridge Name], [bridge_type,Type], [chainage_(km), Chainage (km)], [road_no, On Road], [division, Division], [subdivision, Subdivision], [bridge_length_(m), Length (m)], [bridge_width_(m), Width (m)],[map_link(=>{type:link, format:weblink}, Google Map,newtab=>),Google Map View],[bms_inventory(=>{type:link, format:weblink}, BMS Link,newtab=>), BMS Inventory],[bms_detail(=>{type:link, format:weblink},BMS Link,newtab=>), BMS Detailed View]","f_class_name":"PC Girder Bridge","f_class_color":"#6ebed6"},"geometry":{"type":"Point","coordinates":[91.1408333,23.8747222]}},
{"type":"Feature","properties":{"id":1390,"sl":8941,"map_link":"https://maps.google.com/?q=23.75527780000000000,91.09805560000000000&amp;z=8&amp;t=k","image_popup":"8088/bms/assets/uploads/images/bridges/bridge_1390/1649051538.jpg","bridge_name":"Kuti Chowmoni Bridge-1","bridge_type":"RC Girder Bridge","road_no":"N102","zone":"Cumilla","circle":"Cumilla","division":"Brahmanbaria","subdivision":"Brahmanbaria","sae":"Brahmanbaria-2","bridge_length_(m)":37.0,"bridge_width_(m)":9.48,"chainage_(km)":44.481,"xcoord":91.0980556,"ycoord":23.7552778,"bms_inventory":"http://bms.rhd.gov.bd:8088/bms/bridges/inventory_view/1390","bms_detail":"http://bms.rhd.gov.bd:8088/bms/bridges/detail_view/1390","keys":"[bridge_name, Bridge Name], [bridge_type,Type], [chainage_(km), Chainage (km)], [road_no, On Road], [division, Division], [subdivision, Subdivision], [bridge_length_(m), Length (m)], [bridge_width_(m), Width (m)],[map_link(=>{type:link, format:weblink}, Google Map,newtab=>),Google Map View],[bms_inventory(=>{type:link, format:weblink}, BMS Link,newtab=>), BMS Inventory],[bms_detail(=>{type:link, format:weblink},BMS Link,newtab=>), BMS Detailed View]","f_class_name":"RC Girder Bridge","f_class_color":"#e8f674"},"geometry":{"type":"Point","coordinates":[91.0980556,23.7552778]}},
{"type":"Feature","properties":{"id":1391,"sl":12381,"map_link":"https://maps.google.com/?q=23.90555560000000000,91.12583330000000000&amp;z=8&amp;t=k","image_popup":"8088/bms/assets/uploads/images/bridges/bridge_1391/1649051558.jpg","bridge_name":"Radhika Bridge","bridge_type":"PC Girder Bridge","road_no":"N102","zone":"Cumilla","circle":"Cumilla","division":"Brahmanbaria","subdivision":"Brahmanbaria","sae":"Brahmanbaria-2","bridge_length_(m)":50.0,"bridge_width_(m)":10.0,"chainage_(km)":64.832,"xcoord":91.1258333,"ycoord":23.9055556,"bms_inventory":"http://bms.rhd.gov.bd:8088/bms/bridges/inventory_view/1391","bms_detail":"http://bms.rhd.gov.bd:8088/bms/bridges/detail_view/1391","keys":"[bridge_name, Bridge Name], [bridge_type,Type], [chainage_(km), Chainage (km)], [road_no, On Road], [division, Division], [subdivision, Subdivision], [bridge_length_(m), Length (m)], [bridge_width_(m), Width (m)],[map_link(=>{type:link, format:weblink}, Google Map,newtab=>),Google Map View],[bms_inventory(=>{type:link, format:weblink}, BMS Link,newtab=>), BMS Inventory],[bms_detail(=>{type:link, format:weblink},BMS Link,newtab=>), BMS Detailed View]","f_class_name":"PC Girder Bridge","f_class_color":"#6ebed6"},"geometry":{"type":"Point","coordinates":[91.1258333,23.9055556]}},
{"type":"Feature","properties":{"id":1400,"sl":3416,"map_link":"https://maps.google.com/?q=23.89444440000000000,91.16583330000000000&amp;z=8&amp;t=k","image_popup":"8088/bms/assets/uploads/images/bridges/bridge_1400/1649059278.jpg","bridge_name":"Chinair Bridge","bridge_type":"RC Girder Bridge","road_no":"Z1216","zone":"Cumilla","circle":"Cumilla","division":"Brahmanbaria","subdivision":"Brahmanbaria","sae":"Brahmanbaria-2","bridge_length_(m)":19.0,"bridge_width_(m)":7.3,"chainage_(km)":3.576,"xcoord":91.1658333,"ycoord":23.8944444,"bms_inventory":"http://bms.rhd.gov.bd:8088/bms/bridges/inventory_view/1400","bms_detail":"http://bms.rhd.gov.bd:8088/bms/bridges/detail_view/1400","keys":"[bridge_name, Bridge Name], [bridge_type,Type], [chainage_(km), Chainage (km)], [road_no, On Road], [division, Division], [subdivision, Subdivision], [bridge_length_(m), Length (m)], [bridge_width_(m), Width (m)],[map_link(=>{type:link, format:weblink}, Google Map,newtab=>),Google Map View],[bms_inventory(=>{type:link, format:weblink}, BMS Link,newtab=>), BMS Inventory],[bms_detail(=>{type:link, format:weblink},BMS Link,newtab=>), BMS Detailed View]","f_class_name":"RC Girder Bridge","f_class_color":"#e8f674"},"geometry":{"type":"Point","coordinates":[91.1658333,23.8944444]}},
{"type":"Feature","properties":{"id":1402,"sl":4814,"map_link":"https://maps.google.com/?q=23.88805560000000000,91.17666670000000000&amp;z=8&amp;t=k","image_popup":"8088/bms/assets/uploads/images/bridges/bridge_1402/1649059855.jpg","bridge_name":"Dubla Bridge","bridge_type":"RC Girder Bridge","road_no":"Z1216","zone":"Cumilla","circle":"Cumilla","division":"Brahmanbaria","subdivision":"Brahmanbaria","sae":"Brahmanbaria-2","bridge_length_(m)":19.0,"bridge_width_(m)":7.7,"chainage_(km)":4.912,"xcoord":91.1766667,"ycoord":23.8880556,"bms_inventory":"http://bms.rhd.gov.bd:8088/bms/bridges/inventory_view/1402","bms_detail":"http://bms.rhd.gov.bd:8088/bms/bridges/detail_view/1402","keys":"[bridge_name, Bridge Name], [bridge_type,Type], [chainage_(km), Chainage (km)], [road_no, On Road], [division, Division], [subdivision, Subdivision], [bridge_length_(m), Length (m)], [bridge_width_(m), Width (m)],[map_link(=>{type:link, format:weblink}, Google Map,newtab=>),Google Map View],[bms_inventory(=>{type:link, format:weblink}, BMS Link,newtab=>), BMS Inventory],[bms_detail(=>{type:link, format:weblink},BMS Link,newtab=>), BMS Detailed View]","f_class_name":"RC Girder Bridge","f_class_color":"#e8f674"},"geometry":{"type":"Point","coordinates":[91.1766667,23.8880556]}},
{"type":"Feature","properties":{"id":1404,"sl":8444,"map_link":"https://maps.google.com/?q=23.88444440000000000,91.18388890000000000&amp;z=8&amp;t=k","image_popup":"8088/bms/assets/uploads/images/bridges/bridge_1404/1649060373.jpeg","bridge_name":"Kodda Bridge-1","bridge_type":"RC Girder Bridge","road_no":"Z1216","zone":"Cumilla","circle":"Cumilla","division":"Brahmanbaria","subdivision":"Brahmanbaria","sae":"Brahmanbaria-2","bridge_length_(m)":18.8,"bridge_width_(m)":7.5,"chainage_(km)":5.764,"xcoord":91.1838889,"ycoord":23.8844444,"bms_inventory":"http://bms.rhd.gov.bd:8088/bms/bridges/inventory_view/1404","bms_detail":"http://bms.rhd.gov.bd:8088/bms/bridges/detail_view/1404","keys":"[bridge_name, Bridge Name], [bridge_type,Type], [chainage_(km), Chainage (km)], [road_no, On Road], [division, Division], [subdivision, Subdivision], [bridge_length_(m), Length (m)], [bridge_width_(m), Width (m)],[map_link(=>{type:link, format:weblink}, Google Map,newtab=>),Google Map View],[bms_inventory(=>{type:link, format:weblink}, BMS Link,newtab=>), BMS Inventory],[bms_detail(=>{type:link, format:weblink},BMS Link,newtab=>), BMS Detailed View]","f_class_name":"RC Girder Bridge","f_class_color":"#e8f674"},"geometry":{"type":"Point","coordinates":[91.1838889,23.8844444]}},
{"type":"Feature","properties":{"id":1405,"sl":14740,"map_link":"https://maps.google.com/?q=23.79333330000000000,91.14666670000000000&amp;z=8&amp;t=k","image_popup":"8088/bms/assets/uploads/images/bridges/bridge_1405/1649309267.jpg","bridge_name":"Syedabad Bridge","bridge_type":"RC Girder Bridge","road_no":"N102","zone":"Cumilla","circle":"Cumilla","division":"Brahmanbaria","subdivision":"Brahmanbaria","sae":"Brahmanbaria-2","bridge_length_(m)":20.8,"bridge_width_(m)":9.0,"chainage_(km)":51.0,"xcoord":91.1466667,"ycoord":23.7933333,"bms_inventory":"http://bms.rhd.gov.bd:8088/bms/bridges/inventory_view/1405","bms_detail":"http://bms.rhd.gov.bd:8088/bms/bridges/detail_view/1405","keys":"[bridge_name, Bridge Name], [bridge_type,Type], [chainage_(km), Chainage (km)], [road_no, On Road], [division, Division], [subdivision, Subdivision], [bridge_length_(m), Length (m)], [bridge_width_(m), Width (m)],[map_link(=>{type:link, format:weblink}, Google Map,newtab=>),Google Map View],[bms_inventory(=>{type:link, format:weblink}, BMS Link,newtab=>), BMS Inventory],[bms_detail(=>{type:link, format:weblink},BMS Link,newtab=>), BMS Detailed View]","f_class_name":"RC Girder Bridge","f_class_color":"#e8f674"},"geometry":{"type":"Point","coordinates":[91.1466667,23.7933333]}},
{"type":"Feature","properties":{"id":1406,"sl":8445,"map_link":"https://maps.google.com/?q=23.88166670000000000,91.18972220000000000&amp;z=8&amp;t=k","image_popup":"8088/bms/assets/uploads/images/bridges/bridge_1406/1649060813.jpg","bridge_name":"Kodda Bridge-2","bridge_type":"PC Girder Bridge","road_no":"Z1216","zone":"Cumilla","circle":"Cumilla","division":"Brahmanbaria","subdivision":"Brahmanbaria","sae":"Brahmanbaria-2","bridge_length_(m)":43.0,"bridge_width_(m)":7.5,"chainage_(km)":6.48,"xcoord":91.1897222,"ycoord":23.8816667,"bms_inventory":"http://bms.rhd.gov.bd:8088/bms/bridges/inventory_view/1406","bms_detail":"http://bms.rhd.gov.bd:8088/bms/bridges/detail_view/1406","keys":"[bridge_name, Bridge Name], [bridge_type,Type], [chainage_(km), Chainage (km)], [road_no, On Road], [division, Division], [subdivision, Subdivision], [bridge_length_(m), Length (m)], [bridge_width_(m), Width (m)],[map_link(=>{type:link, format:weblink}, Google Map,newtab=>),Google Map View],[bms_inventory(=>{type:link, format:weblink}, BMS Link,newtab=>), BMS Inventory],[bms_detail(=>{type:link, format:weblink},BMS Link,newtab=>), BMS Detailed View]","f_class_name":"PC Girder Bridge","f_class_color":"#6ebed6"},"geometry":{"type":"Point","coordinates":[91.1897222,23.8816667]}},
{"type":"Feature","properties":{"id":1407,"sl":15121,"map_link":"https://maps.google.com/?q=23.88000000000000000,91.19888890000000000&amp;z=8&amp;t=k","image_popup":"8088/bms/assets/uploads/images/bridges/bridge_1407/1649337840.jpg","bridge_name":"Titas Bridge","bridge_type":"PC Girder Bridge","road_no":"Z1216","zone":"Cumilla","circle":"Cumilla","division":"Brahmanbaria","subdivision":"Brahmanbaria","sae":"Brahmanbaria-2","bridge_length_(m)":217.5,"bridge_width_(m)":7.55,"chainage_(km)":7.4,"xcoord":91.1988889,"ycoord":23.88,"bms_inventory":"http://bms.rhd.gov.bd:8088/bms/bridges/inventory_view/1407","bms_detail":"http://bms.rhd.gov.bd:8088/bms/bridges/detail_view/1407","keys":"[bridge_name, Bridge Name], [bridge_type,Type], [chainage_(km), Chainage (km)], [road_no, On Road], [division, Division], [subdivision, Subdivision], [bridge_length_(m), Length (m)], [bridge_width_(m), Width (m)],[map_link(=>{type:link, format:weblink}, Google Map,newtab=>),Google Map View],[bms_inventory(=>{type:link, format:weblink}, BMS Link,newtab=>), BMS Inventory],[bms_detail(=>{type:link, format:weblink},BMS Link,newtab=>), BMS Detailed View]","f_class_name":"PC Girder Bridge","f_class_color":"#6ebed6"},"geometry":{"type":"Point","coordinates":[91.1988889,23.88]}},
{"type":"Feature","properties":{"id":1441,"sl":4293,"map_link":"https://maps.google.com/?q=23.93472220000000000,91.11611110000000000&amp;z=8&amp;t=k","image_popup":"8088/bms/assets/uploads/images/bridges/bridge_1441/1649217248.jpg","bridge_name":"Dhamrail Bridge","bridge_type":"PC Girder Bridge","road_no":"N102","zone":"Cumilla","circle":"Cumilla","division":"Brahmanbaria","subdivision":"Brahmanbaria","sae":"Brahmanbaria-2","bridge_length_(m)":64.3,"bridge_width_(m)":10.4,"chainage_(km)":68.249,"xcoord":91.1161111,"ycoord":23.9347222,"bms_inventory":"http://bms.rhd.gov.bd:8088/bms/bridges/inventory_view/1441","bms_detail":"http://bms.rhd.gov.bd:8088/bms/bridges/detail_view/1441","keys":"[bridge_name, Bridge Name], [bridge_type,Type], [chainage_(km), Chainage (km)], [road_no, On Road], [division, Division], [subdivision, Subdivision], [bridge_length_(m), Length (m)], [bridge_width_(m), Width (m)],[map_link(=>{type:link, format:weblink}, Google Map,newtab=>),Google Map View],[bms_inventory(=>{type:link, format:weblink}, BMS Link,newtab=>), BMS Inventory],[bms_detail(=>{type:link, format:weblink},BMS Link,newtab=>), BMS Detailed View]","f_class_name":"PC Girder Bridge","f_class_color":"#6ebed6"},"geometry":{"type":"Point","coordinates":[91.1161111,23.9347222]}},
{"type":"Feature","properties":{"id":1443,"sl":7962,"map_link":"https://maps.google.com/?q=23.95527780000000000,91.11638890000000000&amp;z=8&amp;t=k","image_popup":"8088/bms/assets/uploads/images/bridges/bridge_1443/1649218029.jpg","bridge_name":"Kawtoli Bridge -1","bridge_type":"PC Girder Bridge","road_no":"N102","zone":"Cumilla","circle":"Cumilla","division":"Brahmanbaria","subdivision":"Brahmanbaria","sae":"Brahmanbaria-2","bridge_length_(m)":104.2,"bridge_width_(m)":14.7,"chainage_(km)":70.557,"xcoord":91.1163889,"ycoord":23.9552778,"bms_inventory":"http://bms.rhd.gov.bd:8088/bms/bridges/inventory_view/1443","bms_detail":"http://bms.rhd.gov.bd:8088/bms/bridges/detail_view/1443","keys":"[bridge_name, Bridge Name], [bridge_type,Type], [chainage_(km), Chainage (km)], [road_no, On Road], [division, Division], [subdivision, Subdivision], [bridge_length_(m), Length (m)], [bridge_width_(m), Width (m)],[map_link(=>{type:link, format:weblink}, Google Map,newtab=>),Google Map View],[bms_inventory(=>{type:link, format:weblink}, BMS Link,newtab=>), BMS Inventory],[bms_detail(=>{type:link, format:weblink},BMS Link,newtab=>), BMS Detailed View]","f_class_name":"PC Girder Bridge","f_class_color":"#6ebed6"},"geometry":{"type":"Point","coordinates":[91.1163889,23.9552778]}},
{"type":"Feature","properties":{"id":1470,"sl":14504,"map_link":"https://maps.google.com/?q=23.85666670000000000,90.96666670000000000&amp;z=8&amp;t=k","image_popup":"8088/bms/assets/uploads/images/bridges/bridge_1470/1649302990.jpg","bridge_name":"Sreerampur Bridge-1","bridge_type":"RC Girder Bridge","road_no":"R203","zone":"Cumilla","circle":"Cumilla","division":"Brahmanbaria","subdivision":"Bancharampur","sae":"SAE-Bancharampur-1","bridge_length_(m)":10.0,"bridge_width_(m)":6.6,"chainage_(km)":54.404,"xcoord":90.9666667,"ycoord":23.8566667,"bms_inventory":"http://bms.rhd.gov.bd:8088/bms/bridges/inventory_view/1470","bms_detail":"http://bms.rhd.gov.bd:8088/bms/bridges/detail_view/1470","keys":"[bridge_name, Bridge Name], [bridge_type,Type], [chainage_(km), Chainage (km)], [road_no, On Road], [division, Division], [subdivision, Subdivision], [bridge_length_(m), Length (m)], [bridge_width_(m), Width (m)],[map_link(=>{type:link, format:weblink}, Google Map,newtab=>),Google Map View],[bms_inventory(=>{type:link, format:weblink}, BMS Link,newtab=>), BMS Inventory],[bms_detail(=>{type:link, format:weblink},BMS Link,newtab=>), BMS Detailed View]","f_class_name":"RC Girder Bridge","f_class_color":"#e8f674"},"geometry":{"type":"Point","coordinates":[90.9666667,23.8566667]}},
{"type":"Feature","properties":{"id":1480,"sl":13145,"map_link":"https://maps.google.com/?q=23.83111110000000000,90.90361110000000000&amp;z=8&amp;t=k","image_popup":"8088/bms/assets/uploads/images/bridges/bridge_1480/1649307080.jpg","bridge_name":"Samog Gram Bridge 1","bridge_type":"RC Girder Bridge","road_no":"R203","zone":"Cumilla","circle":"Cumilla","division":"Brahmanbaria","subdivision":"Bancharampur","sae":"SAE-Bancharampur-1","bridge_length_(m)":12.2,"bridge_width_(m)":4.7,"chainage_(km)":46.252,"xcoord":90.9036111,"ycoord":23.8311111,"bms_inventory":"http://bms.rhd.gov.bd:8088/bms/bridges/inventory_view/1480","bms_detail":"http://bms.rhd.gov.bd:8088/bms/bridges/detail_view/1480","keys":"[bridge_name, Bridge Name], [bridge_type,Type], [chainage_(km), Chainage (km)], [road_no, On Road], [division, Division], [subdivision, Subdivision], [bridge_length_(m), Length (m)], [bridge_width_(m), Width (m)],[map_link(=>{type:link, format:weblink}, Google Map,newtab=>),Google Map View],[bms_inventory(=>{type:link, format:weblink}, BMS Link,newtab=>), BMS Inventory],[bms_detail(=>{type:link, format:weblink},BMS Link,newtab=>), BMS Detailed View]","f_class_name":"RC Girder Bridge","f_class_color":"#e8f674"},"geometry":{"type":"Point","coordinates":[90.9036111,23.8311111]}},
{"type":"Feature","properties":{"id":1483,"sl":13146,"map_link":"https://maps.google.com/?q=23.83138890000000000,90.90138890000000000&amp;z=8&amp;t=k","image_popup":"8088/bms/assets/uploads/images/bridges/bridge_1483/1649305932.jpg","bridge_name":"Samog Gram Bridge-2","bridge_type":"RC Girder Bridge","road_no":"R203","zone":"Cumilla","circle":"Cumilla","division":"Brahmanbaria","subdivision":"Bancharampur","sae":"SAE-Bancharampur-1","bridge_length_(m)":11.0,"bridge_width_(m)":4.7,"chainage_(km)":46.004,"xcoord":90.9013889,"ycoord":23.8313889,"bms_inventory":"http://bms.rhd.gov.bd:8088/bms/bridges/inventory_view/1483","bms_detail":"http://bms.rhd.gov.bd:8088/bms/bridges/detail_view/1483","keys":"[bridge_name, Bridge Name], [bridge_type,Type], [chainage_(km), Chainage (km)], [road_no, On Road], [division, Division], [subdivision, Subdivision], [bridge_length_(m), Length (m)], [bridge_width_(m), Width (m)],[map_link(=>{type:link, format:weblink}, Google Map,newtab=>),Google Map View],[bms_inventory(=>{type:link, format:weblink}, BMS Link,newtab=>), BMS Inventory],[bms_detail(=>{type:link, format:weblink},BMS Link,newtab=>), BMS Detailed View]","f_class_name":"RC Girder Bridge","f_class_color":"#e8f674"},"geometry":{"type":"Point","coordinates":[90.9013889,23.8313889]}},
{"type":"Feature","properties":{"id":1485,"sl":13147,"map_link":"https://maps.google.com/?q=23.82916670000000000,90.89861110000000000&amp;z=8&amp;t=k","image_popup":"8088/bms/assets/uploads/images/bridges/bridge_1485/1649306697.jpg","bridge_name":"Samog Gram Bridge-3","bridge_type":"RC Girder Bridge","road_no":"R203","zone":"Cumilla","circle":"Cumilla","division":"Brahmanbaria","subdivision":"Bancharampur","sae":"SAE-Bancharampur-1","bridge_length_(m)":7.6,"bridge_width_(m)":4.9,"chainage_(km)":45.504,"xcoord":90.8986111,"ycoord":23.8291667,"bms_inventory":"http://bms.rhd.gov.bd:8088/bms/bridges/inventory_view/1485","bms_detail":"http://bms.rhd.gov.bd:8088/bms/bridges/detail_view/1485","keys":"[bridge_name, Bridge Name], [bridge_type,Type], [chainage_(km), Chainage (km)], [road_no, On Road], [division, Division], [subdivision, Subdivision], [bridge_length_(m), Length (m)], [bridge_width_(m), Width (m)],[map_link(=>{type:link, format:weblink}, Google Map,newtab=>),Google Map View],[bms_inventory(=>{type:link, format:weblink}, BMS Link,newtab=>), BMS Inventory],[bms_detail(=>{type:link, format:weblink},BMS Link,newtab=>), BMS Detailed View]","f_class_name":"RC Girder Bridge","f_class_color":"#e8f674"},"geometry":{"type":"Point","coordinates":[90.8986111,23.8291667]}},
{"type":"Feature","properties":{"id":1486,"sl":14505,"map_link":"https://maps.google.com/?q=23.84027780000000000,90.95222220000000000&amp;z=8&amp;t=k","image_popup":"8088/bms/assets/uploads/images/bridges/bridge_1486/1649306484.jpg","bridge_name":"Sreerampur Bridge-3","bridge_type":"Small Slab Bridge","road_no":"R203","zone":"Cumilla","circle":"Cumilla","division":"Brahmanbaria","subdivision":"Bancharampur","sae":"SAE-Bancharampur-1","bridge_length_(m)":3.9,"bridge_width_(m)":7.3,"chainage_(km)":51.874,"xcoord":90.9522222,"ycoord":23.8402778,"bms_inventory":"http://bms.rhd.gov.bd:8088/bms/bridges/inventory_view/1486","bms_detail":"http://bms.rhd.gov.bd:8088/bms/bridges/detail_view/1486","keys":"[bridge_name, Bridge Name], [bridge_type,Type], [chainage_(km), Chainage (km)], [road_no, On Road], [division, Division], [subdivision, Subdivision], [bridge_length_(m), Length (m)], [bridge_width_(m), Width (m)],[map_link(=>{type:link, format:weblink}, Google Map,newtab=>),Google Map View],[bms_inventory(=>{type:link, format:weblink}, BMS Link,newtab=>), BMS Inventory],[bms_detail(=>{type:link, format:weblink},BMS Link,newtab=>), BMS Detailed View]","f_class_name":"Small Slab Bridge","f_class_color":"#13b7dd"},"geometry":{"type":"Point","coordinates":[90.9522222,23.8402778]}},
{"type":"Feature","properties":{"id":1489,"sl":4723,"map_link":"https://maps.google.com/?q=23.83583330000000000,90.94666670000000000&amp;z=8&amp;t=k","image_popup":"8088/bms/assets/uploads/images/bridges/bridge_1489/1649307269.jpg","bridge_name":"Dori Sreerampur Bridge","bridge_type":"RC Girder Bridge","road_no":"R203","zone":"Cumilla","circle":"Cumilla","division":"Brahmanbaria","subdivision":"Bancharampur","sae":"SAE-Bancharampur-1","bridge_length_(m)":22.0,"bridge_width_(m)":4.2,"chainage_(km)":51.12,"xcoord":90.9466667,"ycoord":23.8358333,"bms_inventory":"http://bms.rhd.gov.bd:8088/bms/bridges/inventory_view/1489","bms_detail":"http://bms.rhd.gov.bd:8088/bms/bridges/detail_view/1489","keys":"[bridge_name, Bridge Name], [bridge_type,Type], [chainage_(km), Chainage (km)], [road_no, On Road], [division, Division], [subdivision, Subdivision], [bridge_length_(m), Length (m)], [bridge_width_(m), Width (m)],[map_link(=>{type:link, format:weblink}, Google Map,newtab=>),Google Map View],[bms_inventory(=>{type:link, format:weblink}, BMS Link,newtab=>), BMS Inventory],[bms_detail(=>{type:link, format:weblink},BMS Link,newtab=>), BMS Detailed View]","f_class_name":"RC Girder Bridge","f_class_color":"#e8f674"},"geometry":{"type":"Point","coordinates":[90.9466667,23.8358333]}},
{"type":"Feature","properties":{"id":1492,"sl":1348,"map_link":"https://maps.google.com/?q=23.82250000000000000,90.89805560000000000&amp;z=8&amp;t=k","image_popup":"8088/bms/assets/uploads/images/bridges/bridge_1492/1649307624.jpg","bridge_name":"Baniyachong Bridge","bridge_type":"RC Girder Bridge","road_no":"R203","zone":"Cumilla","circle":"Cumilla","division":"Brahmanbaria","subdivision":"Bancharampur","sae":"SAE-Bancharampur-1","bridge_length_(m)":8.5,"bridge_width_(m)":4.3,"chainage_(km)":44.757,"xcoord":90.8980556,"ycoord":23.8225,"bms_inventory":"http://bms.rhd.gov.bd:8088/bms/bridges/inventory_view/1492","bms_detail":"http://bms.rhd.gov.bd:8088/bms/bridges/detail_view/1492","keys":"[bridge_name, Bridge Name], [bridge_type,Type], [chainage_(km), Chainage (km)], [road_no, On Road], [division, Division], [subdivision, Subdivision], [bridge_length_(m), Length (m)], [bridge_width_(m), Width (m)],[map_link(=>{type:link, format:weblink}, Google Map,newtab=>),Google Map View],[bms_inventory(=>{type:link, format:weblink}, BMS Link,newtab=>), BMS Inventory],[bms_detail(=>{type:link, format:weblink},BMS Link,newtab=>), BMS Detailed View]","f_class_name":"RC Girder Bridge","f_class_color":"#e8f674"},"geometry":{"type":"Point","coordinates":[90.8980556,23.8225]}},
{"type":"Feature","properties":{"id":1497,"sl":11023,"map_link":"https://maps.google.com/?q=23.81972220000000000,90.89305560000000000&amp;z=8&amp;t=k","image_popup":"8088/bms/assets/uploads/images/bridges/bridge_1497/1649308443.jpg","bridge_name":"Noagram Bridge","bridge_type":"RC Girder Bridge","road_no":"R203","zone":"Cumilla","circle":"Cumilla","division":"Brahmanbaria","subdivision":"Bancharampur","sae":"SAE-Bancharampur-1","bridge_length_(m)":14.7,"bridge_width_(m)":4.2,"chainage_(km)":43.952,"xcoord":90.8930556,"ycoord":23.8197222,"bms_inventory":"http://bms.rhd.gov.bd:8088/bms/bridges/inventory_view/1497","bms_detail":"http://bms.rhd.gov.bd:8088/bms/bridges/detail_view/1497","keys":"[bridge_name, Bridge Name], [bridge_type,Type], [chainage_(km), Chainage (km)], [road_no, On Road], [division, Division], [subdivision, Subdivision], [bridge_length_(m), Length (m)], [bridge_width_(m), Width (m)],[map_link(=>{type:link, format:weblink}, Google Map,newtab=>),Google Map View],[bms_inventory(=>{type:link, format:weblink}, BMS Link,newtab=>), BMS Inventory],[bms_detail(=>{type:link, format:weblink},BMS Link,newtab=>), BMS Detailed View]","f_class_name":"RC Girder Bridge","f_class_color":"#e8f674"},"geometry":{"type":"Point","coordinates":[90.8930556,23.8197222]}},
{"type":"Feature","properties":{"id":1501,"sl":12870,"map_link":"https://maps.google.com/?q=23.83111110000000000,90.94166670000000000&amp;z=8&amp;t=k","image_popup":"8088/bms/assets/uploads/images/bridges/bridge_1501/1649309234.jpg","bridge_name":"Rosullabad Bridge","bridge_type":"RC Girder Bridge","road_no":"R203","zone":"Cumilla","circle":"Cumilla","division":"Brahmanbaria","subdivision":"Bancharampur","sae":"SAE-Bancharampur-1","bridge_length_(m)":5.4,"bridge_width_(m)":6.55,"chainage_(km)":50.364,"xcoord":90.9416667,"ycoord":23.8311111,"bms_inventory":"http://bms.rhd.gov.bd:8088/bms/bridges/inventory_view/1501","bms_detail":"http://bms.rhd.gov.bd:8088/bms/bridges/detail_view/1501","keys":"[bridge_name, Bridge Name], [bridge_type,Type], [chainage_(km), Chainage (km)], [road_no, On Road], [division, Division], [subdivision, Subdivision], [bridge_length_(m), Length (m)], [bridge_width_(m), Width (m)],[map_link(=>{type:link, format:weblink}, Google Map,newtab=>),Google Map View],[bms_inventory(=>{type:link, format:weblink}, BMS Link,newtab=>), BMS Inventory],[bms_detail(=>{type:link, format:weblink},BMS Link,newtab=>), BMS Detailed View]","f_class_name":"RC Girder Bridge","f_class_color":"#e8f674"},"geometry":{"type":"Point","coordinates":[90.9416667,23.8311111]}},
{"type":"Feature","properties":{"id":1503,"sl":2330,"map_link":"https://maps.google.com/?q=24.23250000000000000,91.23888890000000000&amp;z=8&amp;t=k","image_popup":"8088/bms/assets/uploads/images/bridges/bridge_1503/1649309460.jpg","bridge_name":"Bolvodro Bridge","bridge_type":"PC Girder Bridge","road_no":"R220","zone":"Cumilla","circle":"Cumilla","division":"Brahmanbaria","subdivision":"Brahmanbaria","sae":"Brahmanbaria-3","bridge_length_(m)":218.0,"bridge_width_(m)":10.3,"chainage_(km)":24.91,"xcoord":91.2388889,"ycoord":24.2325,"bms_inventory":"http://bms.rhd.gov.bd:8088/bms/bridges/inventory_view/1503","bms_detail":"http://bms.rhd.gov.bd:8088/bms/bridges/detail_view/1503","keys":"[bridge_name, Bridge Name], [bridge_type,Type], [chainage_(km), Chainage (km)], [road_no, On Road], [division, Division], [subdivision, Subdivision], [bridge_length_(m), Length (m)], [bridge_width_(m), Width (m)],[map_link(=>{type:link, format:weblink}, Google Map,newtab=>),Google Map View],[bms_inventory(=>{type:link, format:weblink}, BMS Link,newtab=>), BMS Inventory],[bms_detail(=>{type:link, format:weblink},BMS Link,newtab=>), BMS Detailed View]","f_class_name":"PC Girder Bridge","f_class_color":"#6ebed6"},"geometry":{"type":"Point","coordinates":[91.2388889,24.2325]}},
{"type":"Feature","properties":{"id":1506,"sl":12871,"map_link":"https://maps.google.com/?q=23.83000000000000000,90.95611110000000000&amp;z=8&amp;t=k","image_popup":"8088/bms/assets/uploads/images/bridges/bridge_1506/1649309924.jpg","bridge_name":"Rosullabad Bridge-2","bridge_type":"RC Girder Bridge","road_no":"R203","zone":"Cumilla","circle":"Cumilla","division":"Brahmanbaria","subdivision":"Bancharampur","sae":"SAE-Bancharampur-1","bridge_length_(m)":22.0,"bridge_width_(m)":4.6,"chainage_(km)":50.034,"xcoord":90.9561111,"ycoord":23.83,"bms_inventory":"http://bms.rhd.gov.bd:8088/bms/bridges/inventory_view/1506","bms_detail":"http://bms.rhd.gov.bd:8088/bms/bridges/detail_view/1506","keys":"[bridge_name, Bridge Name], [bridge_type,Type], [chainage_(km), Chainage (km)], [road_no, On Road], [division, Division], [subdivision, Subdivision], [bridge_length_(m), Length (m)], [bridge_width_(m), Width (m)],[map_link(=>{type:link, format:weblink}, Google Map,newtab=>),Google Map View],[bms_inventory(=>{type:link, format:weblink}, BMS Link,newtab=>), BMS Inventory],[bms_detail(=>{type:link, format:weblink},BMS Link,newtab=>), BMS Detailed View]","f_class_name":"RC Girder Bridge","f_class_color":"#e8f674"},"geometry":{"type":"Point","coordinates":[90.9561111,23.83]}},
{"type":"Feature","properties":{"id":1509,"sl":6966,"map_link":"https://maps.google.com/?q=23.81138890000000000,90.88555560000000000&amp;z=8&amp;t=k","image_popup":"8088/bms/assets/uploads/images/bridges/bridge_1509/1649310412.jpg","bridge_name":"Jibongonj Bazar Bridge","bridge_type":"Portable Steel Bridge","road_no":"R203","zone":"Cumilla","circle":"Cumilla","division":"Brahmanbaria","subdivision":"Bancharampur","sae":"SAE-Bancharampur-1","bridge_length_(m)":37.1,"bridge_width_(m)":4.55,"chainage_(km)":42.334,"xcoord":90.8855556,"ycoord":23.8113889,"bms_inventory":"http://bms.rhd.gov.bd:8088/bms/bridges/inventory_view/1509","bms_detail":"http://bms.rhd.gov.bd:8088/bms/bridges/detail_view/1509","keys":"[bridge_name, Bridge Name], [bridge_type,Type], [chainage_(km), Chainage (km)], [road_no, On Road], [division, Division], [subdivision, Subdivision], [bridge_length_(m), Length (m)], [bridge_width_(m), Width (m)],[map_link(=>{type:link, format:weblink}, Google Map,newtab=>),Google Map View],[bms_inventory(=>{type:link, format:weblink}, BMS Link,newtab=>), BMS Inventory],[bms_detail(=>{type:link, format:weblink},BMS Link,newtab=>), BMS Detailed View]","f_class_name":"Portable Steel Bridge","f_class_color":"#29ffa4"},"geometry":{"type":"Point","coordinates":[90.8855556,23.8113889]}},
{"type":"Feature","properties":{"id":1510,"sl":12872,"map_link":"https://maps.google.com/?q=23.83000000000000000,90.93444440000000000&amp;z=8&amp;t=k","image_popup":"8088/bms/assets/uploads/images/bridges/bridge_1510/1649310988.jpg","bridge_name":"Rosullabad Bridge-3","bridge_type":"RC Girder Bridge","road_no":"R203","zone":"Cumilla","circle":"Cumilla","division":"Brahmanbaria","subdivision":"Bancharampur","sae":"SAE-Bancharampur-1","bridge_length_(m)":6.5,"bridge_width_(m)":4.6,"chainage_(km)":49.514,"xcoord":90.9344444,"ycoord":23.83,"bms_inventory":"http://bms.rhd.gov.bd:8088/bms/bridges/inventory_view/1510","bms_detail":"http://bms.rhd.gov.bd:8088/bms/bridges/detail_view/1510","keys":"[bridge_name, Bridge Name], [bridge_type,Type], [chainage_(km), Chainage (km)], [road_no, On Road], [division, Division], [subdivision, Subdivision], [bridge_length_(m), Length (m)], [bridge_width_(m), Width (m)],[map_link(=>{type:link, format:weblink}, Google Map,newtab=>),Google Map View],[bms_inventory(=>{type:link, format:weblink}, BMS Link,newtab=>), BMS Inventory],[bms_detail(=>{type:link, format:weblink},BMS Link,newtab=>), BMS Detailed View]","f_class_name":"RC Girder Bridge","f_class_color":"#e8f674"},"geometry":{"type":"Point","coordinates":[90.9344444,23.83]}},
{"type":"Feature","properties":{"id":1520,"sl":14131,"map_link":"https://maps.google.com/?q=23.79916670000000000,90.87416670000000000&amp;z=8&amp;t=k","image_popup":"8088/bms/assets/uploads/images/bridges/bridge_1520/1649326473.jpg","bridge_name":"Sobhan Master Bridge","bridge_type":"PC Girder Bridge","road_no":"R203","zone":"Cumilla","circle":"Cumilla","division":"Brahmanbaria","subdivision":"Bancharampur","sae":"SAE-Bancharampur-1","bridge_length_(m)":44.8,"bridge_width_(m)":10.25,"chainage_(km)":39.904,"xcoord":90.8741667,"ycoord":23.7991667,"bms_inventory":"http://bms.rhd.gov.bd:8088/bms/bridges/inventory_view/1520","bms_detail":"http://bms.rhd.gov.bd:8088/bms/bridges/detail_view/1520","keys":"[bridge_name, Bridge Name], [bridge_type,Type], [chainage_(km), Chainage (km)], [road_no, On Road], [division, Division], [subdivision, Subdivision], [bridge_length_(m), Length (m)], [bridge_width_(m), Width (m)],[map_link(=>{type:link, format:weblink}, Google Map,newtab=>),Google Map View],[bms_inventory(=>{type:link, format:weblink}, BMS Link,newtab=>), BMS Inventory],[bms_detail(=>{type:link, format:weblink},BMS Link,newtab=>), BMS Detailed View]","f_class_name":"PC Girder Bridge","f_class_color":"#6ebed6"},"geometry":{"type":"Point","coordinates":[90.8741667,23.7991667]}},
{"type":"Feature","properties":{"id":1526,"sl":251,"map_link":"https://maps.google.com/?q=24.12255560000000000,91.13269440000000000&amp;z=8&amp;t=k","image_popup":"8088/bms/assets/uploads/images/bridges/bridge_1526/1649315024.jpg","bridge_name":"Akasia Swamp Bridge","bridge_type":"PC Girder Bridge","road_no":"R220","zone":"Cumilla","circle":"Cumilla","division":"Brahmanbaria","subdivision":"Brahmanbaria","sae":"Brahmanbaria-3","bridge_length_(m)":150.0,"bridge_width_(m)":10.1,"chainage_(km)":7.603,"xcoord":91.1326944,"ycoord":24.1225556,"bms_inventory":"http://bms.rhd.gov.bd:8088/bms/bridges/inventory_view/1526","bms_detail":"http://bms.rhd.gov.bd:8088/bms/bridges/detail_view/1526","keys":"[bridge_name, Bridge Name], [bridge_type,Type], [chainage_(km), Chainage (km)], [road_no, On Road], [division, Division], [subdivision, Subdivision], [bridge_length_(m), Length (m)], [bridge_width_(m), Width (m)],[map_link(=>{type:link, format:weblink}, Google Map,newtab=>),Google Map View],[bms_inventory(=>{type:link, format:weblink}, BMS Link,newtab=>), BMS Inventory],[bms_detail(=>{type:link, format:weblink},BMS Link,newtab=>), BMS Detailed View]","f_class_name":"PC Girder Bridge","f_class_color":"#6ebed6"},"geometry":{"type":"Point","coordinates":[91.1326944,24.1225556]}},
{"type":"Feature","properties":{"id":1528,"sl":14503,"map_link":"https://maps.google.com/?q=23.85472220000000000,90.96472220000000000&amp;z=8&amp;t=k","image_popup":"8088/bms/assets/uploads/images/bridges/bridge_1528/1649319922.jpg","bridge_name":"Sreerampur Bridge -2","bridge_type":"RC Girder Bridge","road_no":"R203","zone":"Cumilla","circle":"Cumilla","division":"Brahmanbaria","subdivision":"Bancharampur","sae":"SAE-Bancharampur-1","bridge_length_(m)":7.25,"bridge_width_(m)":3.77,"chainage_(km)":53.994,"xcoord":90.9647222,"ycoord":23.8547222,"bms_inventory":"http://bms.rhd.gov.bd:8088/bms/bridges/inventory_view/1528","bms_detail":"http://bms.rhd.gov.bd:8088/bms/bridges/detail_view/1528","keys":"[bridge_name, Bridge Name], [bridge_type,Type], [chainage_(km), Chainage (km)], [road_no, On Road], [division, Division], [subdivision, Subdivision], [bridge_length_(m), Length (m)], [bridge_width_(m), Width (m)],[map_link(=>{type:link, format:weblink}, Google Map,newtab=>),Google Map View],[bms_inventory(=>{type:link, format:weblink}, BMS Link,newtab=>), BMS Inventory],[bms_detail(=>{type:link, format:weblink},BMS Link,newtab=>), BMS Detailed View]","f_class_name":"RC Girder Bridge","f_class_color":"#e8f674"},"geometry":{"type":"Point","coordinates":[90.9647222,23.8547222]}},
{"type":"Feature","properties":{"id":1529,"sl":984,"map_link":"https://maps.google.com/?q=23.33888890000000000,91.14638890000000000&amp;z=8&amp;t=k","image_popup":"8088/bms/assets/uploads/images/bridges/bridge_1529/1649328031.jpg","bridge_name":"Baghmara Bridge","bridge_type":"PC Girder Bridge","road_no":"R141","zone":"Cumilla","circle":"Cumilla","division":"Cumilla","subdivision":"Cumilla","sae":"Cumilla-1","bridge_length_(m)":30.6,"bridge_width_(m)":10.2,"chainage_(km)":1.983,"xcoord":91.1463889,"ycoord":23.3388889,"bms_inventory":"http://bms.rhd.gov.bd:8088/bms/bridges/inventory_view/1529","bms_detail":"http://bms.rhd.gov.bd:8088/bms/bridges/detail_view/1529","keys":"[bridge_name, Bridge Name], [bridge_type,Type], [chainage_(km), Chainage (km)], [road_no, On Road], [division, Division], [subdivision, Subdivision], [bridge_length_(m), Length (m)], [bridge_width_(m), Width (m)],[map_link(=>{type:link, format:weblink}, Google Map,newtab=>),Google Map View],[bms_inventory(=>{type:link, format:weblink}, BMS Link,newtab=>), BMS Inventory],[bms_detail(=>{type:link, format:weblink},BMS Link,newtab=>), BMS Detailed View]","f_class_name":"PC Girder Bridge","f_class_color":"#6ebed6"},"geometry":{"type":"Point","coordinates":[91.1463889,23.3388889]}},
{"type":"Feature","properties":{"id":1530,"sl":724,"map_link":"https://maps.google.com/?q=23.78000000000000000,90.82722220000000000&amp;z=8&amp;t=k","image_popup":"8088/bms/assets/uploads/images/bridges/bridge_1530/1649341959.jpg","bridge_name":"Assadnagar Bridge","bridge_type":"Portable Steel Bridge","road_no":"R203","zone":"Cumilla","circle":"Cumilla","division":"Brahmanbaria","subdivision":"Bancharampur","sae":"SAE-Bancharampur-1","bridge_length_(m)":67.3,"bridge_width_(m)":3.8,"chainage_(km)":31.783,"xcoord":90.8272222,"ycoord":23.78,"bms_inventory":"http://bms.rhd.gov.bd:8088/bms/bridges/inventory_view/1530","bms_detail":"http://bms.rhd.gov.bd:8088/bms/bridges/detail_view/1530","keys":"[bridge_name, Bridge Name], [bridge_type,Type], [chainage_(km), Chainage (km)], [road_no, On Road], [division, Division], [subdivision, Subdivision], [bridge_length_(m), Length (m)], [bridge_width_(m), Width (m)],[map_link(=>{type:link, format:weblink}, Google Map,newtab=>),Google Map View],[bms_inventory(=>{type:link, format:weblink}, BMS Link,newtab=>), BMS Inventory],[bms_detail(=>{type:link, format:weblink},BMS Link,newtab=>), BMS Detailed View]","f_class_name":"Portable Steel Bridge","f_class_color":"#29ffa4"},"geometry":{"type":"Point","coordinates":[90.8272222,23.78]}},
{"type":"Feature","properties":{"id":1531,"sl":11683,"map_link":"https://maps.google.com/?q=23.48416670000000000,91.15777780000000000&amp;z=8&amp;t=k","image_popup":"8088/bms/assets/uploads/images/bridges/bridge_1531/1649491456.jpg","bridge_name":"Palpara Bridge","bridge_type":"PC Girder Bridge","road_no":"Z1041","zone":"Cumilla","circle":"Cumilla","division":"Cumilla","subdivision":"Cumilla","sae":"Cumilla-1","bridge_length_(m)":150.0,"bridge_width_(m)":10.25,"chainage_(km)":2.386,"xcoord":91.1577778,"ycoord":23.4841667,"bms_inventory":"http://bms.rhd.gov.bd:8088/bms/bridges/inventory_view/1531","bms_detail":"http://bms.rhd.gov.bd:8088/bms/bridges/detail_view/1531","keys":"[bridge_name, Bridge Name], [bridge_type,Type], [chainage_(km), Chainage (km)], [road_no, On Road], [division, Division], [subdivision, Subdivision], [bridge_length_(m), Length (m)], [bridge_width_(m), Width (m)],[map_link(=>{type:link, format:weblink}, Google Map,newtab=>),Google Map View],[bms_inventory(=>{type:link, format:weblink}, BMS Link,newtab=>), BMS Inventory],[bms_detail(=>{type:link, format:weblink},BMS Link,newtab=>), BMS Detailed View]","f_class_name":"PC Girder Bridge","f_class_color":"#6ebed6"},"geometry":{"type":"Point","coordinates":[91.1577778,23.4841667]}},
{"type":"Feature","properties":{"id":1532,"sl":14191,"map_link":"https://maps.google.com/?q=23.26388890000000000,91.11638890000000000&amp;z=8&amp;t=k","image_popup":"8088/bms/assets/uploads/images/bridges/bridge_1532/1649521357.jpg","bridge_name":"Somsherpur Bridge","bridge_type":"Portable Steel Bridge","road_no":"Z1414","zone":"Cumilla","circle":"Cumilla","division":"Cumilla","subdivision":"Cumilla","sae":"Cumilla-1","bridge_length_(m)":45.92,"bridge_width_(m)":4.78,"chainage_(km)":0.711,"xcoord":91.1163889,"ycoord":23.2638889,"bms_inventory":"http://bms.rhd.gov.bd:8088/bms/bridges/inventory_view/1532","bms_detail":"http://bms.rhd.gov.bd:8088/bms/bridges/detail_view/1532","keys":"[bridge_name, Bridge Name], [bridge_type,Type], [chainage_(km), Chainage (km)], [road_no, On Road], [division, Division], [subdivision, Subdivision], [bridge_length_(m), Length (m)], [bridge_width_(m), Width (m)],[map_link(=>{type:link, format:weblink}, Google Map,newtab=>),Google Map View],[bms_inventory(=>{type:link, format:weblink}, BMS Link,newtab=>), BMS Inventory],[bms_detail(=>{type:link, format:weblink},BMS Link,newtab=>), BMS Detailed View]","f_class_name":"Portable Steel Bridge","f_class_color":"#29ffa4"},"geometry":{"type":"Point","coordinates":[91.1163889,23.2638889]}},
{"type":"Feature","properties":{"id":1624,"sl":6555,"map_link":"https://maps.google.com/?q=23.83888890000000000,90.98111110000000000&amp;z=8&amp;t=k","image_popup":"8088/bms/assets/uploads/images/bridges/bridge_1624/1649688043.jpg","bridge_name":"Ibrahimpur Bridge","bridge_type":"RC Girder Bridge","road_no":"Z1206","zone":"Cumilla","circle":"Cumilla","division":"Brahmanbaria","subdivision":"Bancharampur","sae":"Nabinagar","bridge_length_(m)":10.15,"bridge_width_(m)":6.45,"chainage_(km)":21.074,"xcoord":90.9811111,"ycoord":23.8388889,"bms_inventory":"http://bms.rhd.gov.bd:8088/bms/bridges/inventory_view/1624","bms_detail":"http://bms.rhd.gov.bd:8088/bms/bridges/detail_view/1624","keys":"[bridge_name, Bridge Name], [bridge_type,Type], [chainage_(km), Chainage (km)], [road_no, On Road], [division, Division], [subdivision, Subdivision], [bridge_length_(m), Length (m)], [bridge_width_(m), Width (m)],[map_link(=>{type:link, format:weblink}, Google Map,newtab=>),Google Map View],[bms_inventory(=>{type:link, format:weblink}, BMS Link,newtab=>), BMS Inventory],[bms_detail(=>{type:link, format:weblink},BMS Link,newtab=>), BMS Detailed View]","f_class_name":"RC Girder Bridge","f_class_color":"#e8f674"},"geometry":{"type":"Point","coordinates":[90.9811111,23.8388889]}},
{"type":"Feature","properties":{"id":1631,"sl":7797,"map_link":"https://maps.google.com/?q=23.74833330000000000,91.14472220000000000&amp;z=8&amp;t=k","image_popup":"8088/bms/assets/uploads/images/bridges/bridge_1631/1649734240.jpg","bridge_name":"Kashba Bazar Bridge","bridge_type":"PC Girder Bridge","road_no":"Z1201","zone":"Cumilla","circle":"Cumilla","division":"Brahmanbaria","subdivision":"Brahmanbaria","sae":"Brahmanbaria-2","bridge_length_(m)":42.3,"bridge_width_(m)":10.25,"chainage_(km)":1.4,"xcoord":91.1447222,"ycoord":23.7483333,"bms_inventory":"http://bms.rhd.gov.bd:8088/bms/bridges/inventory_view/1631","bms_detail":"http://bms.rhd.gov.bd:8088/bms/bridges/detail_view/1631","keys":"[bridge_name, Bridge Name], [bridge_type,Type], [chainage_(km), Chainage (km)], [road_no, On Road], [division, Division], [subdivision, Subdivision], [bridge_length_(m), Length (m)], [bridge_width_(m), Width (m)],[map_link(=>{type:link, format:weblink}, Google Map,newtab=>),Google Map View],[bms_inventory(=>{type:link, format:weblink}, BMS Link,newtab=>), BMS Inventory],[bms_detail(=>{type:link, format:weblink},BMS Link,newtab=>), BMS Detailed View]","f_class_name":"PC Girder Bridge","f_class_color":"#6ebed6"},"geometry":{"type":"Point","coordinates":[91.1447222,23.7483333]}},
{"type":"Feature","properties":{"id":1633,"sl":2659,"map_link":"https://maps.google.com/?q=23.99083330000000000,91.08722220000000000&amp;z=8&amp;t=k","image_popup":"8088/bms/assets/uploads/images/bridges/bridge_1633/1649735009.jpg","bridge_name":"Bottoli Bazar Bridge","bridge_type":"Steel Girder Bridge","road_no":"Z1210","zone":"Cumilla","circle":"Cumilla","division":"Brahmanbaria","subdivision":"Brahmanbaria","sae":"Brahmanbaria-3","bridge_length_(m)":7.7,"bridge_width_(m)":6.13,"chainage_(km)":2.076,"xcoord":91.0872222,"ycoord":23.9908333,"bms_inventory":"http://bms.rhd.gov.bd:8088/bms/bridges/inventory_view/1633","bms_detail":"http://bms.rhd.gov.bd:8088/bms/bridges/detail_view/1633","keys":"[bridge_name, Bridge Name], [bridge_type,Type], [chainage_(km), Chainage (km)], [road_no, On Road], [division, Division], [subdivision, Subdivision], [bridge_length_(m), Length (m)], [bridge_width_(m), Width (m)],[map_link(=>{type:link, format:weblink}, Google Map,newtab=>),Google Map View],[bms_inventory(=>{type:link, format:weblink}, BMS Link,newtab=>), BMS Inventory],[bms_detail(=>{type:link, format:weblink},BMS Link,newtab=>), BMS Detailed View]","f_class_name":"Steel Girder Bridge","f_class_color":"#b15dec"},"geometry":{"type":"Point","coordinates":[91.0872222,23.9908333]}},
{"type":"Feature","properties":{"id":1662,"sl":9034,"map_link":"https://maps.google.com/?q=23.98861110000000000,90.99055560000000000&amp;z=8&amp;t=k","image_popup":"8088/bms/assets/uploads/images/bridges/bridge_1662/1649739275.jpg","bridge_name":"Lalpur Bridge","bridge_type":"PC Girder Bridge","road_no":"Z1210","zone":"Cumilla","circle":"Cumilla","division":"Brahmanbaria","subdivision":"Brahmanbaria","sae":"Brahmanbaria-3","bridge_length_(m)":43.5,"bridge_width_(m)":10.3,"chainage_(km)":12.11,"xcoord":90.9905556,"ycoord":23.9886111,"bms_inventory":"http://bms.rhd.gov.bd:8088/bms/bridges/inventory_view/1662","bms_detail":"http://bms.rhd.gov.bd:8088/bms/bridges/detail_view/1662","keys":"[bridge_name, Bridge Name], [bridge_type,Type], [chainage_(km), Chainage (km)], [road_no, On Road], [division, Division], [subdivision, Subdivision], [bridge_length_(m), Length (m)], [bridge_width_(m), Width (m)],[map_link(=>{type:link, format:weblink}, Google Map,newtab=>),Google Map View],[bms_inventory(=>{type:link, format:weblink}, BMS Link,newtab=>), BMS Inventory],[bms_detail(=>{type:link, format:weblink},BMS Link,newtab=>), BMS Detailed View]","f_class_name":"PC Girder Bridge","f_class_color":"#6ebed6"},"geometry":{"type":"Point","coordinates":[90.9905556,23.9886111]}},
{"type":"Feature","properties":{"id":1667,"sl":8939,"map_link":"https://maps.google.com/?q=23.74416670000000000,91.07666670000000000&amp;z=8&amp;t=k","image_popup":"8088/bms/assets/uploads/images/bridges/bridge_1667/1649741972.jpg","bridge_name":"Kuti Bazar Bridge","bridge_type":"PC Girder Bridge","road_no":"Z1201","zone":"Cumilla","circle":"Cumilla","division":"Brahmanbaria","subdivision":"Brahmanbaria","sae":"Brahmanbaria-2","bridge_length_(m)":30.0,"bridge_width_(m)":10.3,"chainage_(km)":9.9,"xcoord":91.0766667,"ycoord":23.7441667,"bms_inventory":"http://bms.rhd.gov.bd:8088/bms/bridges/inventory_view/1667","bms_detail":"http://bms.rhd.gov.bd:8088/bms/bridges/detail_view/1667","keys":"[bridge_name, Bridge Name], [bridge_type,Type], [chainage_(km), Chainage (km)], [road_no, On Road], [division, Division], [subdivision, Subdivision], [bridge_length_(m), Length (m)], [bridge_width_(m), Width (m)],[map_link(=>{type:link, format:weblink}, Google Map,newtab=>),Google Map View],[bms_inventory(=>{type:link, format:weblink}, BMS Link,newtab=>), BMS Inventory],[bms_detail(=>{type:link, format:weblink},BMS Link,newtab=>), BMS Detailed View]","f_class_name":"PC Girder Bridge","f_class_color":"#6ebed6"},"geometry":{"type":"Point","coordinates":[91.0766667,23.7441667]}},
{"type":"Feature","properties":{"id":1680,"sl":13944,"map_link":"https://maps.google.com/?q=24.03805560000000000,91.02416670000000000&amp;z=8&amp;t=k","image_popup":"8088/bms/assets/uploads/images/bridges/bridge_1680/1650177110.jpg","bridge_name":"Shonarampur Bridge","bridge_type":"RC Girder Bridge","road_no":"N2","zone":"Cumilla","circle":"Cumilla","division":"Brahmanbaria","subdivision":"Brahmanbaria","sae":"Brahmanbaria-3","bridge_length_(m)":80.0,"bridge_width_(m)":7.85,"chainage_(km)":75.68,"xcoord":91.0241667,"ycoord":24.0380556,"bms_inventory":"http://bms.rhd.gov.bd:8088/bms/bridges/inventory_view/1680","bms_detail":"http://bms.rhd.gov.bd:8088/bms/bridges/detail_view/1680","keys":"[bridge_name, Bridge Name], [bridge_type,Type], [chainage_(km), Chainage (km)], [road_no, On Road], [division, Division], [subdivision, Subdivision], [bridge_length_(m), Length (m)], [bridge_width_(m), Width (m)],[map_link(=>{type:link, format:weblink}, Google Map,newtab=>),Google Map View],[bms_inventory(=>{type:link, format:weblink}, BMS Link,newtab=>), BMS Inventory],[bms_detail(=>{type:link, format:weblink},BMS Link,newtab=>), BMS Detailed View]","f_class_name":"RC Girder Bridge","f_class_color":"#e8f674"},"geometry":{"type":"Point","coordinates":[91.0241667,24.0380556]}},
{"type":"Feature","properties":{"id":1698,"sl":6614,"map_link":"https://maps.google.com/?q=24.05583330000000000,91.13777780000000000&amp;z=8&amp;t=k","image_popup":"8088/bms/assets/uploads/images/bridges/bridge_1698/1650179961.jpg","bridge_name":"Islamabad Bridge","bridge_type":"RC Girder Bridge","road_no":"N2","zone":"Cumilla","circle":"Cumilla","division":"Brahmanbaria","subdivision":"Brahmanbaria","sae":"Brahmanbaria-3","bridge_length_(m)":23.0,"bridge_width_(m)":9.8,"chainage_(km)":88.783,"xcoord":91.1377778,"ycoord":24.0558333,"bms_inventory":"http://bms.rhd.gov.bd:8088/bms/bridges/inventory_view/1698","bms_detail":"http://bms.rhd.gov.bd:8088/bms/bridges/detail_view/1698","keys":"[bridge_name, Bridge Name], [bridge_type,Type], [chainage_(km), Chainage (km)], [road_no, On Road], [division, Division], [subdivision, Subdivision], [bridge_length_(m), Length (m)], [bridge_width_(m), Width (m)],[map_link(=>{type:link, format:weblink}, Google Map,newtab=>),Google Map View],[bms_inventory(=>{type:link, format:weblink}, BMS Link,newtab=>), BMS Inventory],[bms_detail(=>{type:link, format:weblink},BMS Link,newtab=>), BMS Detailed View]","f_class_name":"RC Girder Bridge","f_class_color":"#e8f674"},"geometry":{"type":"Point","coordinates":[91.1377778,24.0558333]}},
{"type":"Feature","properties":{"id":1699,"sl":1455,"map_link":"https://maps.google.com/?q=24.05500000000000000,91.14527780000000000&amp;z=8&amp;t=k","image_popup":"8088/bms/assets/uploads/images/bridges/bridge_1699/1650179006.jpg","bridge_name":"Bariura Bridge 1","bridge_type":"RC Slab Bridge","road_no":"N2","zone":"Cumilla","circle":"Cumilla","division":"Brahmanbaria","subdivision":"Brahmanbaria","sae":"Brahmanbaria-3","bridge_length_(m)":17.5,"bridge_width_(m)":9.89,"chainage_(km)":89.539,"xcoord":91.1452778,"ycoord":24.055,"bms_inventory":"http://bms.rhd.gov.bd:8088/bms/bridges/inventory_view/1699","bms_detail":"http://bms.rhd.gov.bd:8088/bms/bridges/detail_view/1699","keys":"[bridge_name, Bridge Name], [bridge_type,Type], [chainage_(km), Chainage (km)], [road_no, On Road], [division, Division], [subdivision, Subdivision], [bridge_length_(m), Length (m)], [bridge_width_(m), Width (m)],[map_link(=>{type:link, format:weblink}, Google Map,newtab=>),Google Map View],[bms_inventory(=>{type:link, format:weblink}, BMS Link,newtab=>), BMS Inventory],[bms_detail(=>{type:link, format:weblink},BMS Link,newtab=>), BMS Detailed View]","f_class_name":"RC Slab Bridge","f_class_color":"#088afa"},"geometry":{"type":"Point","coordinates":[91.1452778,24.055]}},
{"type":"Feature","properties":{"id":1700,"sl":1456,"map_link":"https://maps.google.com/?q=24.05416670000000000,91.15027780000000000&amp;z=8&amp;t=k","image_popup":"8088/bms/assets/uploads/images/bridges/bridge_1700/1650179695.jpg","bridge_name":"Bariura Bridge 2","bridge_type":"RC Girder Bridge","road_no":"N2","zone":"Cumilla","circle":"Cumilla","division":"Brahmanbaria","subdivision":"Brahmanbaria","sae":"Brahmanbaria-3","bridge_length_(m)":44.0,"bridge_width_(m)":9.85,"chainage_(km)":90.068,"xcoord":91.1502778,"ycoord":24.0541667,"bms_inventory":"http://bms.rhd.gov.bd:8088/bms/bridges/inventory_view/1700","bms_detail":"http://bms.rhd.gov.bd:8088/bms/bridges/detail_view/1700","keys":"[bridge_name, Bridge Name], [bridge_type,Type], [chainage_(km), Chainage (km)], [road_no, On Road], [division, Division], [subdivision, Subdivision], [bridge_length_(m), Length (m)], [bridge_width_(m), Width (m)],[map_link(=>{type:link, format:weblink}, Google Map,newtab=>),Google Map View],[bms_inventory(=>{type:link, format:weblink}, BMS Link,newtab=>), BMS Inventory],[bms_detail(=>{type:link, format:weblink},BMS Link,newtab=>), BMS Detailed View]","f_class_name":"RC Girder Bridge","f_class_color":"#e8f674"},"geometry":{"type":"Point","coordinates":[91.1502778,24.0541667]}},
{"type":"Feature","properties":{"id":1705,"sl":13371,"map_link":"https://maps.google.com/?q=24.04638890000000000,91.17750000000000000&amp;z=8&amp;t=k","image_popup":"8088/bms/assets/uploads/images/bridges/bridge_1705/1650262278.jpg","bridge_name":"Shahbazpar Bridge- 2","bridge_type":"PC Girder Bridge","road_no":"N2","zone":"Cumilla","circle":"Cumilla","division":"Brahmanbaria","subdivision":"Brahmanbaria","sae":"Brahmanbaria-3","bridge_length_(m)":255.7,"bridge_width_(m)":15.7,"chainage_(km)":93.097,"xcoord":91.1775,"ycoord":24.0463889,"bms_inventory":"http://bms.rhd.gov.bd:8088/bms/bridges/inventory_view/1705","bms_detail":"http://bms.rhd.gov.bd:8088/bms/bridges/detail_view/1705","keys":"[bridge_name, Bridge Name], [bridge_type,Type], [chainage_(km), Chainage (km)], [road_no, On Road], [division, Division], [subdivision, Subdivision], [bridge_length_(m), Length (m)], [bridge_width_(m), Width (m)],[map_link(=>{type:link, format:weblink}, Google Map,newtab=>),Google Map View],[bms_inventory(=>{type:link, format:weblink}, BMS Link,newtab=>), BMS Inventory],[bms_detail(=>{type:link, format:weblink},BMS Link,newtab=>), BMS Detailed View]","f_class_name":"PC Girder Bridge","f_class_color":"#6ebed6"},"geometry":{"type":"Point","coordinates":[91.1775,24.0463889]}},
{"type":"Feature","properties":{"id":1706,"sl":13373,"map_link":"https://maps.google.com/?q=24.04277780000000000,91.18027780000000000&amp;z=8&amp;t=k","image_popup":"8088/bms/assets/uploads/images/bridges/bridge_1706/1650261119.jpg","bridge_name":"Shahbazpur Bridge- 3","bridge_type":"RC Girder Bridge","road_no":"N2","zone":"Cumilla","circle":"Cumilla","division":"Brahmanbaria","subdivision":"Brahmanbaria","sae":"Brahmanbaria-3","bridge_length_(m)":27.6,"bridge_width_(m)":9.9,"chainage_(km)":93.726,"xcoord":91.1802778,"ycoord":24.0427778,"bms_inventory":"http://bms.rhd.gov.bd:8088/bms/bridges/inventory_view/1706","bms_detail":"http://bms.rhd.gov.bd:8088/bms/bridges/detail_view/1706","keys":"[bridge_name, Bridge Name], [bridge_type,Type], [chainage_(km), Chainage (km)], [road_no, On Road], [division, Division], [subdivision, Subdivision], [bridge_length_(m), Length (m)], [bridge_width_(m), Width (m)],[map_link(=>{type:link, format:weblink}, Google Map,newtab=>),Google Map View],[bms_inventory(=>{type:link, format:weblink}, BMS Link,newtab=>), BMS Inventory],[bms_detail(=>{type:link, format:weblink},BMS Link,newtab=>), BMS Detailed View]","f_class_name":"RC Girder Bridge","f_class_color":"#e8f674"},"geometry":{"type":"Point","coordinates":[91.1802778,24.0427778]}},
{"type":"Feature","properties":{"id":1710,"sl":12632,"map_link":"https://maps.google.com/?q=24.04111110000000000,91.20805560000000000&amp;z=8&amp;t=k","image_popup":"8088/bms/assets/uploads/images/bridges/bridge_1710/1650181021.jpg","bridge_name":"Rampur Bridge","bridge_type":"PC Girder Bridge","road_no":"N2","zone":"Cumilla","circle":"Cumilla","division":"Brahmanbaria","subdivision":"Brahmanbaria","sae":"Brahmanbaria-3","bridge_length_(m)":64.8,"bridge_width_(m)":10.5,"chainage_(km)":96.59,"xcoord":91.2080556,"ycoord":24.0411111,"bms_inventory":"http://bms.rhd.gov.bd:8088/bms/bridges/inventory_view/1710","bms_detail":"http://bms.rhd.gov.bd:8088/bms/bridges/detail_view/1710","keys":"[bridge_name, Bridge Name], [bridge_type,Type], [chainage_(km), Chainage (km)], [road_no, On Road], [division, Division], [subdivision, Subdivision], [bridge_length_(m), Length (m)], [bridge_width_(m), Width (m)],[map_link(=>{type:link, format:weblink}, Google Map,newtab=>),Google Map View],[bms_inventory(=>{type:link, format:weblink}, BMS Link,newtab=>), BMS Inventory],[bms_detail(=>{type:link, format:weblink},BMS Link,newtab=>), BMS Detailed View]","f_class_name":"PC Girder Bridge","f_class_color":"#6ebed6"},"geometry":{"type":"Point","coordinates":[91.2080556,24.0411111]}},
{"type":"Feature","properties":{"id":1711,"sl":7519,"map_link":"https://maps.google.com/?q=24.04444440000000000,91.22138890000000000&amp;z=8&amp;t=k","image_popup":"8088/bms/assets/uploads/images/bridges/bridge_1711/1650790146.jpeg","bridge_name":"Kalishima Bridge","bridge_type":"RC Girder Bridge","road_no":"N2","zone":"Cumilla","circle":"Cumilla","division":"Brahmanbaria","subdivision":"Brahmanbaria","sae":"Brahmanbaria-3","bridge_length_(m)":27.6,"bridge_width_(m)":9.7,"chainage_(km)":98.072,"xcoord":91.2213889,"ycoord":24.0444444,"bms_inventory":"http://bms.rhd.gov.bd:8088/bms/bridges/inventory_view/1711","bms_detail":"http://bms.rhd.gov.bd:8088/bms/bridges/detail_view/1711","keys":"[bridge_name, Bridge Name], [bridge_type,Type], [chainage_(km), Chainage (km)], [road_no, On Road], [division, Division], [subdivision, Subdivision], [bridge_length_(m), Length (m)], [bridge_width_(m), Width (m)],[map_link(=>{type:link, format:weblink}, Google Map,newtab=>),Google Map View],[bms_inventory(=>{type:link, format:weblink}, BMS Link,newtab=>), BMS Inventory],[bms_detail(=>{type:link, format:weblink},BMS Link,newtab=>), BMS Detailed View]","f_class_name":"RC Girder Bridge","f_class_color":"#e8f674"},"geometry":{"type":"Point","coordinates":[91.2213889,24.0444444]}},
{"type":"Feature","properties":{"id":1713,"sl":3112,"map_link":"https://maps.google.com/?q=24.05305560000000000,91.24111110000000000&amp;z=8&amp;t=k","image_popup":"8088/bms/assets/uploads/images/bridges/bridge_1713/1650179838.jpg","bridge_name":"Chandura Bridge","bridge_type":"PC Girder Bridge","road_no":"N2","zone":"Cumilla","circle":"Cumilla","division":"Brahmanbaria","subdivision":"Brahmanbaria","sae":"Brahmanbaria-3","bridge_length_(m)":65.4,"bridge_width_(m)":10.4,"chainage_(km)":100.447,"xcoord":91.2411111,"ycoord":24.0530556,"bms_inventory":"http://bms.rhd.gov.bd:8088/bms/bridges/inventory_view/1713","bms_detail":"http://bms.rhd.gov.bd:8088/bms/bridges/detail_view/1713","keys":"[bridge_name, Bridge Name], [bridge_type,Type], [chainage_(km), Chainage (km)], [road_no, On Road], [division, Division], [subdivision, Subdivision], [bridge_length_(m), Length (m)], [bridge_width_(m), Width (m)],[map_link(=>{type:link, format:weblink}, Google Map,newtab=>),Google Map View],[bms_inventory(=>{type:link, format:weblink}, BMS Link,newtab=>), BMS Inventory],[bms_detail(=>{type:link, format:weblink},BMS Link,newtab=>), BMS Detailed View]","f_class_name":"PC Girder Bridge","f_class_color":"#6ebed6"},"geometry":{"type":"Point","coordinates":[91.2411111,24.0530556]}},
{"type":"Feature","properties":{"id":1716,"sl":6213,"map_link":"https://maps.google.com/?q=23.82972220000000000,91.16972220000000000&amp;z=8&amp;t=k","image_popup":"8088/bms/assets/uploads/images/bridges/bridge_1716/1650182675.jpg","bridge_name":"Hashimpur Bridge","bridge_type":"Portable Steel Bridge","road_no":"Z1202","zone":"Cumilla","circle":"Cumilla","division":"Brahmanbaria","subdivision":"Brahmanbaria","sae":"Brahmanbaria-2","bridge_length_(m)":52.1,"bridge_width_(m)":4.1,"chainage_(km)":1.768,"xcoord":91.1697222,"ycoord":23.8297222,"bms_inventory":"http://bms.rhd.gov.bd:8088/bms/bridges/inventory_view/1716","bms_detail":"http://bms.rhd.gov.bd:8088/bms/bridges/detail_view/1716","keys":"[bridge_name, Bridge Name], [bridge_type,Type], [chainage_(km), Chainage (km)], [road_no, On Road], [division, Division], [subdivision, Subdivision], [bridge_length_(m), Length (m)], [bridge_width_(m), Width (m)],[map_link(=>{type:link, format:weblink}, Google Map,newtab=>),Google Map View],[bms_inventory(=>{type:link, format:weblink}, BMS Link,newtab=>), BMS Inventory],[bms_detail(=>{type:link, format:weblink},BMS Link,newtab=>), BMS Detailed View]","f_class_name":"Portable Steel Bridge","f_class_color":"#29ffa4"},"geometry":{"type":"Point","coordinates":[91.1697222,23.8297222]}},
{"type":"Feature","properties":{"id":1722,"sl":10108,"map_link":"https://maps.google.com/?q=23.83250000000000000,91.19972220000000000&amp;z=8&amp;t=k","image_popup":"8088/bms/assets/uploads/images/bridges/bridge_1722/1650185116.jpg","bridge_name":"Mogra Bazar Bridge","bridge_type":"PC Girder Bridge","road_no":"Z1202","zone":"Cumilla","circle":"Cumilla","division":"Brahmanbaria","subdivision":"Brahmanbaria","sae":"Brahmanbaria-2","bridge_length_(m)":41.0,"bridge_width_(m)":9.35,"chainage_(km)":5.34,"xcoord":91.1997222,"ycoord":23.8325,"bms_inventory":"http://bms.rhd.gov.bd:8088/bms/bridges/inventory_view/1722","bms_detail":"http://bms.rhd.gov.bd:8088/bms/bridges/detail_view/1722","keys":"[bridge_name, Bridge Name], [bridge_type,Type], [chainage_(km), Chainage (km)], [road_no, On Road], [division, Division], [subdivision, Subdivision], [bridge_length_(m), Length (m)], [bridge_width_(m), Width (m)],[map_link(=>{type:link, format:weblink}, Google Map,newtab=>),Google Map View],[bms_inventory(=>{type:link, format:weblink}, BMS Link,newtab=>), BMS Inventory],[bms_detail(=>{type:link, format:weblink},BMS Link,newtab=>), BMS Detailed View]","f_class_name":"PC Girder Bridge","f_class_color":"#6ebed6"},"geometry":{"type":"Point","coordinates":[91.1997222,23.8325]}},
{"type":"Feature","properties":{"id":1723,"sl":6757,"map_link":"https://maps.google.com/?q=23.84583330000000000,91.24166670000000000&amp;z=8&amp;t=k","image_popup":"8088/bms/assets/uploads/images/bridges/bridge_1723/1650185442.jpg","bridge_name":"Jajirpar Bridge","bridge_type":"Portable Steel Bridge","road_no":"Z1202","zone":"Cumilla","circle":"Cumilla","division":"Brahmanbaria","subdivision":"Brahmanbaria","sae":"Brahmanbaria-2","bridge_length_(m)":43.0,"bridge_width_(m)":3.96,"chainage_(km)":13.725,"xcoord":91.2416667,"ycoord":23.8458333,"bms_inventory":"http://bms.rhd.gov.bd:8088/bms/bridges/inventory_view/1723","bms_detail":"http://bms.rhd.gov.bd:8088/bms/bridges/detail_view/1723","keys":"[bridge_name, Bridge Name], [bridge_type,Type], [chainage_(km), Chainage (km)], [road_no, On Road], [division, Division], [subdivision, Subdivision], [bridge_length_(m), Length (m)], [bridge_width_(m), Width (m)],[map_link(=>{type:link, format:weblink}, Google Map,newtab=>),Google Map View],[bms_inventory(=>{type:link, format:weblink}, BMS Link,newtab=>), BMS Inventory],[bms_detail(=>{type:link, format:weblink},BMS Link,newtab=>), BMS Detailed View]","f_class_name":"Portable Steel Bridge","f_class_color":"#29ffa4"},"geometry":{"type":"Point","coordinates":[91.2416667,23.8458333]}},
{"type":"Feature","properties":{"id":1724,"sl":11385,"map_link":"https://maps.google.com/?q=23.84916670000000000,91.20583330000000000&amp;z=8&amp;t=k","image_popup":"8088/bms/assets/uploads/images/bridges/bridge_1724/1650185511.jpg","bridge_name":"Noyadil Bridge","bridge_type":"RC Girder Bridge","road_no":"Z1202","zone":"Cumilla","circle":"Cumilla","division":"Brahmanbaria","subdivision":"Brahmanbaria","sae":"Brahmanbaria-2","bridge_length_(m)":10.2,"bridge_width_(m)":6.5,"chainage_(km)":7.347,"xcoord":91.2058333,"ycoord":23.8491667,"bms_inventory":"http://bms.rhd.gov.bd:8088/bms/bridges/inventory_view/1724","bms_detail":"http://bms.rhd.gov.bd:8088/bms/bridges/detail_view/1724","keys":"[bridge_name, Bridge Name], [bridge_type,Type], [chainage_(km), Chainage (km)], [road_no, On Road], [division, Division], [subdivision, Subdivision], [bridge_length_(m), Length (m)], [bridge_width_(m), Width (m)],[map_link(=>{type:link, format:weblink}, Google Map,newtab=>),Google Map View],[bms_inventory(=>{type:link, format:weblink}, BMS Link,newtab=>), BMS Inventory],[bms_detail(=>{type:link, format:weblink},BMS Link,newtab=>), BMS Detailed View]","f_class_name":"RC Girder Bridge","f_class_color":"#e8f674"},"geometry":{"type":"Point","coordinates":[91.2058333,23.8491667]}},
{"type":"Feature","properties":{"id":1725,"sl":4168,"map_link":"https://maps.google.com/?q=23.86000000000000000,91.20777780000000000&amp;z=8&amp;t=k","image_popup":"8088/bms/assets/uploads/images/bridges/bridge_1725/1650186014.jpg","bridge_name":"Debgram Bridge","bridge_type":"Portable Steel Bridge","road_no":"Z1202","zone":"Cumilla","circle":"Cumilla","division":"Brahmanbaria","subdivision":"Brahmanbaria","sae":"Brahmanbaria-2","bridge_length_(m)":30.9,"bridge_width_(m)":4.2,"chainage_(km)":8.631,"xcoord":91.2077778,"ycoord":23.86,"bms_inventory":"http://bms.rhd.gov.bd:8088/bms/bridges/inventory_view/1725","bms_detail":"http://bms.rhd.gov.bd:8088/bms/bridges/detail_view/1725","keys":"[bridge_name, Bridge Name], [bridge_type,Type], [chainage_(km), Chainage (km)], [road_no, On Road], [division, Division], [subdivision, Subdivision], [bridge_length_(m), Length (m)], [bridge_width_(m), Width (m)],[map_link(=>{type:link, format:weblink}, Google Map,newtab=>),Google Map View],[bms_inventory(=>{type:link, format:weblink}, BMS Link,newtab=>), BMS Inventory],[bms_detail(=>{type:link, format:weblink},BMS Link,newtab=>), BMS Detailed View]","f_class_name":"Portable Steel Bridge","f_class_color":"#29ffa4"},"geometry":{"type":"Point","coordinates":[91.2077778,23.86]}},
{"type":"Feature","properties":{"id":1729,"sl":14467,"map_link":"https://maps.google.com/?q=23.79944440000000000,90.83611110000000000&amp;z=8&amp;t=k","image_popup":"8088/bms/assets/uploads/images/bridges/bridge_1729/1650269662.jpg","bridge_name":"Soyfullakandi Bridge","bridge_type":"Small Slab Bridge","road_no":"R203","zone":"Cumilla","circle":"Cumilla","division":"Brahmanbaria","subdivision":"Bancharampur","sae":"SAE-Bancharampur-1","bridge_length_(m)":5.1,"bridge_width_(m)":5.0,"chainage_(km)":35.199,"xcoord":90.8361111,"ycoord":23.7994444,"bms_inventory":"http://bms.rhd.gov.bd:8088/bms/bridges/inventory_view/1729","bms_detail":"http://bms.rhd.gov.bd:8088/bms/bridges/detail_view/1729","keys":"[bridge_name, Bridge Name], [bridge_type,Type], [chainage_(km), Chainage (km)], [road_no, On Road], [division, Division], [subdivision, Subdivision], [bridge_length_(m), Length (m)], [bridge_width_(m), Width (m)],[map_link(=>{type:link, format:weblink}, Google Map,newtab=>),Google Map View],[bms_inventory(=>{type:link, format:weblink}, BMS Link,newtab=>), BMS Inventory],[bms_detail(=>{type:link, format:weblink},BMS Link,newtab=>), BMS Detailed View]","f_class_name":"Small Slab Bridge","f_class_color":"#13b7dd"},"geometry":{"type":"Point","coordinates":[90.8361111,23.7994444]}},
{"type":"Feature","properties":{"id":1732,"sl":4905,"map_link":"https://maps.google.com/?q=23.77833330000000000,90.80388890000000000&amp;z=8&amp;t=k","image_popup":"8088/bms/assets/uploads/images/bridges/bridge_1732/1650270287.jpg","bridge_name":"Durgrampur Bridge","bridge_type":"RC Girder Bridge","road_no":"R203","zone":"Cumilla","circle":"Cumilla","division":"Brahmanbaria","subdivision":"Bancharampur","sae":"SAE-Bancharampur-1","bridge_length_(m)":69.45,"bridge_width_(m)":9.4,"chainage_(km)":29.2,"xcoord":90.8038889,"ycoord":23.7783333,"bms_inventory":"http://bms.rhd.gov.bd:8088/bms/bridges/inventory_view/1732","bms_detail":"http://bms.rhd.gov.bd:8088/bms/bridges/detail_view/1732","keys":"[bridge_name, Bridge Name], [bridge_type,Type], [chainage_(km), Chainage (km)], [road_no, On Road], [division, Division], [subdivision, Subdivision], [bridge_length_(m), Length (m)], [bridge_width_(m), Width (m)],[map_link(=>{type:link, format:weblink}, Google Map,newtab=>),Google Map View],[bms_inventory(=>{type:link, format:weblink}, BMS Link,newtab=>), BMS Inventory],[bms_detail(=>{type:link, format:weblink},BMS Link,newtab=>), BMS Detailed View]","f_class_name":"RC Girder Bridge","f_class_color":"#e8f674"},"geometry":{"type":"Point","coordinates":[90.8038889,23.7783333]}},
{"type":"Feature","properties":{"id":1738,"sl":12404,"map_link":"https://maps.google.com/?q=23.77833330000000000,90.76861110000000000&amp;z=8&amp;t=k","image_popup":"8088/bms/assets/uploads/images/bridges/bridge_1738/1650270880.jpg","bridge_name":"Rai Pur Bridge","bridge_type":"PC Girder Bridge","road_no":"R203","zone":"Cumilla","circle":"Cumilla","division":"Brahmanbaria","subdivision":"Bancharampur","sae":"SAE-Bancharampur-1","bridge_length_(m)":34.0,"bridge_width_(m)":10.2,"chainage_(km)":24.19,"xcoord":90.7686111,"ycoord":23.7783333,"bms_inventory":"http://bms.rhd.gov.bd:8088/bms/bridges/inventory_view/1738","bms_detail":"http://bms.rhd.gov.bd:8088/bms/bridges/detail_view/1738","keys":"[bridge_name, Bridge Name], [bridge_type,Type], [chainage_(km), Chainage (km)], [road_no, On Road], [division, Division], [subdivision, Subdivision], [bridge_length_(m), Length (m)], [bridge_width_(m), Width (m)],[map_link(=>{type:link, format:weblink}, Google Map,newtab=>),Google Map View],[bms_inventory(=>{type:link, format:weblink}, BMS Link,newtab=>), BMS Inventory],[bms_detail(=>{type:link, format:weblink},BMS Link,newtab=>), BMS Detailed View]","f_class_name":"PC Girder Bridge","f_class_color":"#6ebed6"},"geometry":{"type":"Point","coordinates":[90.7686111,23.7783333]}},
{"type":"Feature","properties":{"id":1739,"sl":5226,"map_link":"https://maps.google.com/?q=23.78555560000000000,90.82722220000000000&amp;z=8&amp;t=k","image_popup":"8088/bms/assets/uploads/images/bridges/bridge_1739/1650271340.jpg","bridge_name":"Fotaypur Bridge","bridge_type":"PC Girder Bridge","road_no":"R203","zone":"Cumilla","circle":"Cumilla","division":"Brahmanbaria","subdivision":"Bancharampur","sae":"SAE-Bancharampur-1","bridge_length_(m)":30.6,"bridge_width_(m)":10.3,"chainage_(km)":33.037,"xcoord":90.8272222,"ycoord":23.7855556,"bms_inventory":"http://bms.rhd.gov.bd:8088/bms/bridges/inventory_view/1739","bms_detail":"http://bms.rhd.gov.bd:8088/bms/bridges/detail_view/1739","keys":"[bridge_name, Bridge Name], [bridge_type,Type], [chainage_(km), Chainage (km)], [road_no, On Road], [division, Division], [subdivision, Subdivision], [bridge_length_(m), Length (m)], [bridge_width_(m), Width (m)],[map_link(=>{type:link, format:weblink}, Google Map,newtab=>),Google Map View],[bms_inventory(=>{type:link, format:weblink}, BMS Link,newtab=>), BMS Inventory],[bms_detail(=>{type:link, format:weblink},BMS Link,newtab=>), BMS Detailed View]","f_class_name":"PC Girder Bridge","f_class_color":"#6ebed6"},"geometry":{"type":"Point","coordinates":[90.8272222,23.7855556]}},
{"type":"Feature","properties":{"id":1740,"sl":6713,"map_link":"https://maps.google.com/?q=23.77777780000000000,90.79138890000000000&amp;z=8&amp;t=k","image_popup":"8088/bms/assets/uploads/images/bridges/bridge_1740/1650271403.jpg","bridge_name":"Jagannathpur Bridge","bridge_type":"Portable Steel Bridge","road_no":"R203","zone":"Cumilla","circle":"Cumilla","division":"Brahmanbaria","subdivision":"Bancharampur","sae":"SAE-Bancharampur-1","bridge_length_(m)":67.5,"bridge_width_(m)":4.1,"chainage_(km)":27.725,"xcoord":90.7913889,"ycoord":23.7777778,"bms_inventory":"http://bms.rhd.gov.bd:8088/bms/bridges/inventory_view/1740","bms_detail":"http://bms.rhd.gov.bd:8088/bms/bridges/detail_view/1740","keys":"[bridge_name, Bridge Name], [bridge_type,Type], [chainage_(km), Chainage (km)], [road_no, On Road], [division, Division], [subdivision, Subdivision], [bridge_length_(m), Length (m)], [bridge_width_(m), Width (m)],[map_link(=>{type:link, format:weblink}, Google Map,newtab=>),Google Map View],[bms_inventory(=>{type:link, format:weblink}, BMS Link,newtab=>), BMS Inventory],[bms_detail(=>{type:link, format:weblink},BMS Link,newtab=>), BMS Detailed View]","f_class_name":"Portable Steel Bridge","f_class_color":"#29ffa4"},"geometry":{"type":"Point","coordinates":[90.7913889,23.7777778]}},
{"type":"Feature","properties":{"id":1741,"sl":14128,"map_link":"https://maps.google.com/?q=23.76888890000000000,90.75694440000000000&amp;z=8&amp;t=k","image_popup":"8088/bms/assets/uploads/images/bridges/bridge_1741/1650271452.jpg","bridge_name":"Soani Bridge","bridge_type":"Portable Steel Bridge","road_no":"R203","zone":"Cumilla","circle":"Cumilla","division":"Brahmanbaria","subdivision":"Bancharampur","sae":"SAE-Bancharampur-1","bridge_length_(m)":76.0,"bridge_width_(m)":4.2,"chainage_(km)":22.31,"xcoord":90.7569444,"ycoord":23.7688889,"bms_inventory":"http://bms.rhd.gov.bd:8088/bms/bridges/inventory_view/1741","bms_detail":"http://bms.rhd.gov.bd:8088/bms/bridges/detail_view/1741","keys":"[bridge_name, Bridge Name], [bridge_type,Type], [chainage_(km), Chainage (km)], [road_no, On Road], [division, Division], [subdivision, Subdivision], [bridge_length_(m), Length (m)], [bridge_width_(m), Width (m)],[map_link(=>{type:link, format:weblink}, Google Map,newtab=>),Google Map View],[bms_inventory(=>{type:link, format:weblink}, BMS Link,newtab=>), BMS Inventory],[bms_detail(=>{type:link, format:weblink},BMS Link,newtab=>), BMS Detailed View]","f_class_name":"Portable Steel Bridge","f_class_color":"#29ffa4"},"geometry":{"type":"Point","coordinates":[90.7569444,23.7688889]}},
{"type":"Feature","properties":{"id":1743,"sl":8662,"map_link":"https://maps.google.com/?q=23.76222220000000000,90.74638890000000000&amp;z=8&amp;t=k","image_popup":"8088/bms/assets/uploads/images/bridges/bridge_1743/1650271795.jpg","bridge_name":"Koroikandi Bridge","bridge_type":"Portable Steel Bridge","road_no":"R203","zone":"Cumilla","circle":"Cumilla","division":"Brahmanbaria","subdivision":"Bancharampur","sae":"SAE-Bancharampur-1","bridge_length_(m)":31.0,"bridge_width_(m)":4.2,"chainage_(km)":20.26,"xcoord":90.7463889,"ycoord":23.7622222,"bms_inventory":"http://bms.rhd.gov.bd:8088/bms/bridges/inventory_view/1743","bms_detail":"http://bms.rhd.gov.bd:8088/bms/bridges/detail_view/1743","keys":"[bridge_name, Bridge Name], [bridge_type,Type], [chainage_(km), Chainage (km)], [road_no, On Road], [division, Division], [subdivision, Subdivision], [bridge_length_(m), Length (m)], [bridge_width_(m), Width (m)],[map_link(=>{type:link, format:weblink}, Google Map,newtab=>),Google Map View],[bms_inventory(=>{type:link, format:weblink}, BMS Link,newtab=>), BMS Inventory],[bms_detail(=>{type:link, format:weblink},BMS Link,newtab=>), BMS Detailed View]","f_class_name":"Portable Steel Bridge","f_class_color":"#29ffa4"},"geometry":{"type":"Point","coordinates":[90.7463889,23.7622222]}},
{"type":"Feature","properties":{"id":1747,"sl":725,"map_link":"https://maps.google.com/?q=23.77833330000000000,90.81638890000000000&amp;z=8&amp;t=k","image_popup":"8088/bms/assets/uploads/images/bridges/bridge_1747/1650272733.jpg","bridge_name":"Assadnagar Bridge -2","bridge_type":"PC Girder Bridge","road_no":"R203","zone":"Cumilla","circle":"Cumilla","division":"Brahmanbaria","subdivision":"Bancharampur","sae":"SAE-Bancharampur-1","bridge_length_(m)":218.0,"bridge_width_(m)":7.65,"chainage_(km)":30.632,"xcoord":90.8163889,"ycoord":23.7783333,"bms_inventory":"http://bms.rhd.gov.bd:8088/bms/bridges/inventory_view/1747","bms_detail":"http://bms.rhd.gov.bd:8088/bms/bridges/detail_view/1747","keys":"[bridge_name, Bridge Name], [bridge_type,Type], [chainage_(km), Chainage (km)], [road_no, On Road], [division, Division], [subdivision, Subdivision], [bridge_length_(m), Length (m)], [bridge_width_(m), Width (m)],[map_link(=>{type:link, format:weblink}, Google Map,newtab=>),Google Map View],[bms_inventory(=>{type:link, format:weblink}, BMS Link,newtab=>), BMS Inventory],[bms_detail(=>{type:link, format:weblink},BMS Link,newtab=>), BMS Detailed View]","f_class_name":"PC Girder Bridge","f_class_color":"#6ebed6"},"geometry":{"type":"Point","coordinates":[90.8163889,23.7783333]}},
{"type":"Feature","properties":{"id":1753,"sl":13136,"map_link":"https://maps.google.com/?q=23.73777780000000000,90.88722220000000000&amp;z=8&amp;t=k","image_popup":"8088/bms/assets/uploads/images/bridges/bridge_1753/1650443579.jpg","bridge_name":"Salfa Shetu","bridge_type":"RC Girder Bridge","road_no":"Z1042","zone":"Cumilla","circle":"Cumilla","division":"Brahmanbaria","subdivision":"Bancharampur","sae":"Nabinagar","bridge_length_(m)":38.8,"bridge_width_(m)":10.2,"chainage_(km)":36.487,"xcoord":90.8872222,"ycoord":23.7377778,"bms_inventory":"http://bms.rhd.gov.bd:8088/bms/bridges/inventory_view/1753","bms_detail":"http://bms.rhd.gov.bd:8088/bms/bridges/detail_view/1753","keys":"[bridge_name, Bridge Name], [bridge_type,Type], [chainage_(km), Chainage (km)], [road_no, On Road], [division, Division], [subdivision, Subdivision], [bridge_length_(m), Length (m)], [bridge_width_(m), Width (m)],[map_link(=>{type:link, format:weblink}, Google Map,newtab=>),Google Map View],[bms_inventory(=>{type:link, format:weblink}, BMS Link,newtab=>), BMS Inventory],[bms_detail(=>{type:link, format:weblink},BMS Link,newtab=>), BMS Detailed View]","f_class_name":"RC Girder Bridge","f_class_color":"#e8f674"},"geometry":{"type":"Point","coordinates":[90.8872222,23.7377778]}},
{"type":"Feature","properties":{"id":1761,"sl":5213,"map_link":"https://maps.google.com/?q=23.74361110000000000,90.88111110000000000&amp;z=8&amp;t=k","image_popup":"8088/bms/assets/uploads/images/bridges/bridge_1761/1650445634.jpg","bridge_name":"Fordabad Bridge","bridge_type":"PC Girder Bridge","road_no":"Z1042","zone":"Cumilla","circle":"Cumilla","division":"Brahmanbaria","subdivision":"Bancharampur","sae":"Nabinagar","bridge_length_(m)":158.15,"bridge_width_(m)":7.6,"chainage_(km)":37.559,"xcoord":90.8811111,"ycoord":23.7436111,"bms_inventory":"http://bms.rhd.gov.bd:8088/bms/bridges/inventory_view/1761","bms_detail":"http://bms.rhd.gov.bd:8088/bms/bridges/detail_view/1761","keys":"[bridge_name, Bridge Name], [bridge_type,Type], [chainage_(km), Chainage (km)], [road_no, On Road], [division, Division], [subdivision, Subdivision], [bridge_length_(m), Length (m)], [bridge_width_(m), Width (m)],[map_link(=>{type:link, format:weblink}, Google Map,newtab=>),Google Map View],[bms_inventory(=>{type:link, format:weblink}, BMS Link,newtab=>), BMS Inventory],[bms_detail(=>{type:link, format:weblink},BMS Link,newtab=>), BMS Detailed View]","f_class_name":"PC Girder Bridge","f_class_color":"#6ebed6"},"geometry":{"type":"Point","coordinates":[90.8811111,23.7436111]}},
{"type":"Feature","properties":{"id":1764,"sl":5214,"map_link":"https://maps.google.com/?q=23.74777780000000000,90.88138890000000000&amp;z=8&amp;t=k","image_popup":"8088/bms/assets/uploads/images/bridges/bridge_1764/1650446337.jpg","bridge_name":"Fordabad Steel Bridge","bridge_type":"Portable Steel Bridge","road_no":"Z1042","zone":"Cumilla","circle":"Cumilla","division":"Brahmanbaria","subdivision":"Bancharampur","sae":"Nabinagar","bridge_length_(m)":19.0,"bridge_width_(m)":4.0,"chainage_(km)":38.096,"xcoord":90.8813889,"ycoord":23.7477778,"bms_inventory":"http://bms.rhd.gov.bd:8088/bms/bridges/inventory_view/1764","bms_detail":"http://bms.rhd.gov.bd:8088/bms/bridges/detail_view/1764","keys":"[bridge_name, Bridge Name], [bridge_type,Type], [chainage_(km), Chainage (km)], [road_no, On Road], [division, Division], [subdivision, Subdivision], [bridge_length_(m), Length (m)], [bridge_width_(m), Width (m)],[map_link(=>{type:link, format:weblink}, Google Map,newtab=>),Google Map View],[bms_inventory(=>{type:link, format:weblink}, BMS Link,newtab=>), BMS Inventory],[bms_detail(=>{type:link, format:weblink},BMS Link,newtab=>), BMS Detailed View]","f_class_name":"Portable Steel Bridge","f_class_color":"#29ffa4"},"geometry":{"type":"Point","coordinates":[90.8813889,23.7477778]}},
{"type":"Feature","properties":{"id":1767,"sl":13528,"map_link":"https://maps.google.com/?q=23.77027780000000000,90.88166670000000000&amp;z=8&amp;t=k","image_popup":"8088/bms/assets/uploads/images/bridges/bridge_1767/1650512303.jpg","bridge_name":"Shantir Bazar Bridge","bridge_type":"Portable Steel Bridge","road_no":"Z1042","zone":"Cumilla","circle":"Cumilla","division":"Brahmanbaria","subdivision":"Bancharampur","sae":"Nabinagar","bridge_length_(m)":24.5,"bridge_width_(m)":4.1,"chainage_(km)":40.697,"xcoord":90.8816667,"ycoord":23.7702778,"bms_inventory":"http://bms.rhd.gov.bd:8088/bms/bridges/inventory_view/1767","bms_detail":"http://bms.rhd.gov.bd:8088/bms/bridges/detail_view/1767","keys":"[bridge_name, Bridge Name], [bridge_type,Type], [chainage_(km), Chainage (km)], [road_no, On Road], [division, Division], [subdivision, Subdivision], [bridge_length_(m), Length (m)], [bridge_width_(m), Width (m)],[map_link(=>{type:link, format:weblink}, Google Map,newtab=>),Google Map View],[bms_inventory(=>{type:link, format:weblink}, BMS Link,newtab=>), BMS Inventory],[bms_detail(=>{type:link, format:weblink},BMS Link,newtab=>), BMS Detailed View]","f_class_name":"Portable Steel Bridge","f_class_color":"#29ffa4"},"geometry":{"type":"Point","coordinates":[90.8816667,23.7702778]}},
{"type":"Feature","properties":{"id":1780,"sl":12946,"map_link":"https://maps.google.com/?q=23.78416670000000000,90.86166670000000000&amp;z=8&amp;t=k","image_popup":"8088/bms/assets/uploads/images/bridges/bridge_1780/1650514980.jpg","bridge_name":"Rupsodi Bridge","bridge_type":"RC Girder Bridge","road_no":"Z1042","zone":"Cumilla","circle":"Cumilla","division":"Brahmanbaria","subdivision":"Bancharampur","sae":"Nabinagar","bridge_length_(m)":13.1,"bridge_width_(m)":4.25,"chainage_(km)":43.928,"xcoord":90.8616667,"ycoord":23.7841667,"bms_inventory":"http://bms.rhd.gov.bd:8088/bms/bridges/inventory_view/1780","bms_detail":"http://bms.rhd.gov.bd:8088/bms/bridges/detail_view/1780","keys":"[bridge_name, Bridge Name], [bridge_type,Type], [chainage_(km), Chainage (km)], [road_no, On Road], [division, Division], [subdivision, Subdivision], [bridge_length_(m), Length (m)], [bridge_width_(m), Width (m)],[map_link(=>{type:link, format:weblink}, Google Map,newtab=>),Google Map View],[bms_inventory(=>{type:link, format:weblink}, BMS Link,newtab=>), BMS Inventory],[bms_detail(=>{type:link, format:weblink},BMS Link,newtab=>), BMS Detailed View]","f_class_name":"RC Girder Bridge","f_class_color":"#e8f674"},"geometry":{"type":"Point","coordinates":[90.8616667,23.7841667]}},
{"type":"Feature","properties":{"id":1790,"sl":5135,"map_link":"https://maps.google.com/?q=23.77666670000000000,90.83194440000000000&amp;z=8&amp;t=k","image_popup":"8088/bms/assets/uploads/images/bridges/bridge_1790/1650517078.jpg","bridge_name":"Fatehpur Bridge","bridge_type":"PC Girder Bridge","road_no":"Z1042","zone":"Cumilla","circle":"Cumilla","division":"Brahmanbaria","subdivision":"Bancharampur","sae":"Nabinagar","bridge_length_(m)":70.0,"bridge_width_(m)":7.6,"chainage_(km)":47.206,"xcoord":90.8319444,"ycoord":23.7766667,"bms_inventory":"http://bms.rhd.gov.bd:8088/bms/bridges/inventory_view/1790","bms_detail":"http://bms.rhd.gov.bd:8088/bms/bridges/detail_view/1790","keys":"[bridge_name, Bridge Name], [bridge_type,Type], [chainage_(km), Chainage (km)], [road_no, On Road], [division, Division], [subdivision, Subdivision], [bridge_length_(m), Length (m)], [bridge_width_(m), Width (m)],[map_link(=>{type:link, format:weblink}, Google Map,newtab=>),Google Map View],[bms_inventory(=>{type:link, format:weblink}, BMS Link,newtab=>), BMS Inventory],[bms_detail(=>{type:link, format:weblink},BMS Link,newtab=>), BMS Detailed View]","f_class_name":"PC Girder Bridge","f_class_color":"#6ebed6"},"geometry":{"type":"Point","coordinates":[90.8319444,23.7766667]}},
{"type":"Feature","properties":{"id":1793,"sl":7963,"map_link":"https://maps.google.com/?q=23.95527780000000000,91.11611110000000000&amp;z=8&amp;t=k","image_popup":"8088/bms/assets/uploads/images/bridges/bridge_1793/1650645633.jpg","bridge_name":"Kawtoli Bridge-2","bridge_type":"RC Girder Bridge","road_no":"N102","zone":"Cumilla","circle":"Cumilla","division":"Brahmanbaria","subdivision":"Brahmanbaria","sae":"Brahmanbaria-2","bridge_length_(m)":93.0,"bridge_width_(m)":7.7,"chainage_(km)":73.428,"xcoord":91.1161111,"ycoord":23.9552778,"bms_inventory":"http://bms.rhd.gov.bd:8088/bms/bridges/inventory_view/1793","bms_detail":"http://bms.rhd.gov.bd:8088/bms/bridges/detail_view/1793","keys":"[bridge_name, Bridge Name], [bridge_type,Type], [chainage_(km), Chainage (km)], [road_no, On Road], [division, Division], [subdivision, Subdivision], [bridge_length_(m), Length (m)], [bridge_width_(m), Width (m)],[map_link(=>{type:link, format:weblink}, Google Map,newtab=>),Google Map View],[bms_inventory(=>{type:link, format:weblink}, BMS Link,newtab=>), BMS Inventory],[bms_detail(=>{type:link, format:weblink},BMS Link,newtab=>), BMS Detailed View]","f_class_name":"RC Girder Bridge","f_class_color":"#e8f674"},"geometry":{"type":"Point","coordinates":[91.1161111,23.9552778]}},
{"type":"Feature","properties":{"id":1798,"sl":3982,"map_link":"https://maps.google.com/?q=23.97055560000000000,91.10111110000000000&amp;z=8&amp;t=k","image_popup":"8088/bms/assets/uploads/images/bridges/bridge_1798/1650645744.jpg","bridge_name":"Dakkhin Pairotola Bridge","bridge_type":"RC Girder Bridge","road_no":"N102","zone":"Cumilla","circle":"Cumilla","division":"Brahmanbaria","subdivision":"Brahmanbaria","sae":"Brahmanbaria-2","bridge_length_(m)":32.5,"bridge_width_(m)":9.1,"chainage_(km)":77.156,"xcoord":91.1011111,"ycoord":23.9705556,"bms_inventory":"http://bms.rhd.gov.bd:8088/bms/bridges/inventory_view/1798","bms_detail":"http://bms.rhd.gov.bd:8088/bms/bridges/detail_view/1798","keys":"[bridge_name, Bridge Name], [bridge_type,Type], [chainage_(km), Chainage (km)], [road_no, On Road], [division, Division], [subdivision, Subdivision], [bridge_length_(m), Length (m)], [bridge_width_(m), Width (m)],[map_link(=>{type:link, format:weblink}, Google Map,newtab=>),Google Map View],[bms_inventory(=>{type:link, format:weblink}, BMS Link,newtab=>), BMS Inventory],[bms_detail(=>{type:link, format:weblink},BMS Link,newtab=>), BMS Detailed View]","f_class_name":"RC Girder Bridge","f_class_color":"#e8f674"},"geometry":{"type":"Point","coordinates":[91.1011111,23.9705556]}},
{"type":"Feature","properties":{"id":1818,"sl":15566,"map_link":"https://maps.google.com/?q=23.77416670000000000,90.79750000000000000&amp;z=8&amp;t=k","image_popup":"8088/bms/assets/uploads/images/bridges/bridge_1818/1650742329.jpg","bridge_name":"Vai Vai Market Bridge","bridge_type":"RC Girder Bridge","road_no":"Z1043","zone":"Cumilla","circle":"Cumilla","division":"Brahmanbaria","subdivision":"Bancharampur","sae":"SAE-Bancharampur-1","bridge_length_(m)":30.2,"bridge_width_(m)":9.33,"chainage_(km)":0.588,"xcoord":90.7975,"ycoord":23.7741667,"bms_inventory":"http://bms.rhd.gov.bd:8088/bms/bridges/inventory_view/1818","bms_detail":"http://bms.rhd.gov.bd:8088/bms/bridges/detail_view/1818","keys":"[bridge_name, Bridge Name], [bridge_type,Type], [chainage_(km), Chainage (km)], [road_no, On Road], [division, Division], [subdivision, Subdivision], [bridge_length_(m), Length (m)], [bridge_width_(m), Width (m)],[map_link(=>{type:link, format:weblink}, Google Map,newtab=>),Google Map View],[bms_inventory(=>{type:link, format:weblink}, BMS Link,newtab=>), BMS Inventory],[bms_detail(=>{type:link, format:weblink},BMS Link,newtab=>), BMS Detailed View]","f_class_name":"RC Girder Bridge","f_class_color":"#e8f674"},"geometry":{"type":"Point","coordinates":[90.7975,23.7741667]}},
{"type":"Feature","properties":{"id":1832,"sl":5091,"map_link":"https://maps.google.com/?q=23.97305560000000000,91.11111110000000000&amp;z=8&amp;t=k","image_popup":"8088/bms/assets/uploads/images/bridges/bridge_1832/1650777018.jpg","bridge_name":"Fakirapul Bridge-2","bridge_type":"RC Girder Bridge","road_no":"N103","zone":"Cumilla","circle":"Cumilla","division":"Brahmanbaria","subdivision":"Brahmanbaria","sae":"Brahmanbaria-3","bridge_length_(m)":19.45,"bridge_width_(m)":10.2,"chainage_(km)":1.915,"xcoord":91.1111111,"ycoord":23.9730556,"bms_inventory":"http://bms.rhd.gov.bd:8088/bms/bridges/inventory_view/1832","bms_detail":"http://bms.rhd.gov.bd:8088/bms/bridges/detail_view/1832","keys":"[bridge_name, Bridge Name], [bridge_type,Type], [chainage_(km), Chainage (km)], [road_no, On Road], [division, Division], [subdivision, Subdivision], [bridge_length_(m), Length (m)], [bridge_width_(m), Width (m)],[map_link(=>{type:link, format:weblink}, Google Map,newtab=>),Google Map View],[bms_inventory(=>{type:link, format:weblink}, BMS Link,newtab=>), BMS Inventory],[bms_detail(=>{type:link, format:weblink},BMS Link,newtab=>), BMS Detailed View]","f_class_name":"RC Girder Bridge","f_class_color":"#e8f674"},"geometry":{"type":"Point","coordinates":[91.1111111,23.9730556]}},
{"type":"Feature","properties":{"id":1869,"sl":15775,"map_link":"https://maps.google.com/?q=23.72777780000000000,90.77472220000000000&amp;z=8&amp;t=k","image_popup":"8088/bms/assets/uploads/images/bridges/bridge_1869/1650788391.jpg","bridge_name":"Vudairkandi Bridge","bridge_type":"Portable Steel Bridge","road_no":"Z1043","zone":"Cumilla","circle":"Cumilla","division":"Brahmanbaria","subdivision":"Bancharampur","sae":"SAE-Bancharampur-1","bridge_length_(m)":25.0,"bridge_width_(m)":3.65,"chainage_(km)":7.435,"xcoord":90.7747222,"ycoord":23.7277778,"bms_inventory":"http://bms.rhd.gov.bd:8088/bms/bridges/inventory_view/1869","bms_detail":"http://bms.rhd.gov.bd:8088/bms/bridges/detail_view/1869","keys":"[bridge_name, Bridge Name], [bridge_type,Type], [chainage_(km), Chainage (km)], [road_no, On Road], [division, Division], [subdivision, Subdivision], [bridge_length_(m), Length (m)], [bridge_width_(m), Width (m)],[map_link(=>{type:link, format:weblink}, Google Map,newtab=>),Google Map View],[bms_inventory(=>{type:link, format:weblink}, BMS Link,newtab=>), BMS Inventory],[bms_detail(=>{type:link, format:weblink},BMS Link,newtab=>), BMS Detailed View]","f_class_name":"Portable Steel Bridge","f_class_color":"#29ffa4"},"geometry":{"type":"Point","coordinates":[90.7747222,23.7277778]}},
{"type":"Feature","properties":{"id":1872,"sl":15776,"map_link":"https://maps.google.com/?q=23.71194440000000000,90.77361110000000000&amp;z=8&amp;t=k","image_popup":"8088/bms/assets/uploads/images/bridges/bridge_1872/1650823978.jpg","bridge_name":"Vudairkandi Bridge 2","bridge_type":"PC Girder Bridge","road_no":"Z1043","zone":"Cumilla","circle":"Cumilla","division":"Brahmanbaria","subdivision":"Bancharampur","sae":"SAE-Bancharampur-1","bridge_length_(m)":25.4,"bridge_width_(m)":9.4,"chainage_(km)":9.244,"xcoord":90.7736111,"ycoord":23.7119444,"bms_inventory":"http://bms.rhd.gov.bd:8088/bms/bridges/inventory_view/1872","bms_detail":"http://bms.rhd.gov.bd:8088/bms/bridges/detail_view/1872","keys":"[bridge_name, Bridge Name], [bridge_type,Type], [chainage_(km), Chainage (km)], [road_no, On Road], [division, Division], [subdivision, Subdivision], [bridge_length_(m), Length (m)], [bridge_width_(m), Width (m)],[map_link(=>{type:link, format:weblink}, Google Map,newtab=>),Google Map View],[bms_inventory(=>{type:link, format:weblink}, BMS Link,newtab=>), BMS Inventory],[bms_detail(=>{type:link, format:weblink},BMS Link,newtab=>), BMS Detailed View]","f_class_name":"PC Girder Bridge","f_class_color":"#6ebed6"},"geometry":{"type":"Point","coordinates":[90.7736111,23.7119444]}},
{"type":"Feature","properties":{"id":1874,"sl":12371,"map_link":"https://maps.google.com/?q=23.70611110000000000,90.77444440000000000&amp;z=8&amp;t=k","image_popup":"8088/bms/assets/uploads/images/bridges/bridge_1874/1650841895.jpg","bridge_name":"Radhanagar Bridge","bridge_type":"PC Girder Bridge","road_no":"Z1043","zone":"Cumilla","circle":"Cumilla","division":"Brahmanbaria","subdivision":"Bancharampur","sae":"SAE-Bancharampur-1","bridge_length_(m)":37.0,"bridge_width_(m)":10.1,"chainage_(km)":9.901,"xcoord":90.7744444,"ycoord":23.7061111,"bms_inventory":"http://bms.rhd.gov.bd:8088/bms/bridges/inventory_view/1874","bms_detail":"http://bms.rhd.gov.bd:8088/bms/bridges/detail_view/1874","keys":"[bridge_name, Bridge Name], [bridge_type,Type], [chainage_(km), Chainage (km)], [road_no, On Road], [division, Division], [subdivision, Subdivision], [bridge_length_(m), Length (m)], [bridge_width_(m), Width (m)],[map_link(=>{type:link, format:weblink}, Google Map,newtab=>),Google Map View],[bms_inventory(=>{type:link, format:weblink}, BMS Link,newtab=>), BMS Inventory],[bms_detail(=>{type:link, format:weblink},BMS Link,newtab=>), BMS Detailed View]","f_class_name":"PC Girder Bridge","f_class_color":"#6ebed6"},"geometry":{"type":"Point","coordinates":[90.7744444,23.7061111]}},
{"type":"Feature","properties":{"id":1877,"sl":6429,"map_link":"https://maps.google.com/?q=23.68527780000000000,90.77750000000000000&amp;z=8&amp;t=k","image_popup":"8088/bms/assets/uploads/images/bridges/bridge_1877/1650843252.jpg","bridge_name":"Homna Bridge","bridge_type":"PC Girder Bridge","road_no":"Z1043","zone":"Cumilla","circle":"Cumilla","division":"Brahmanbaria","subdivision":"Bancharampur","sae":"SAE-Bancharampur-1","bridge_length_(m)":217.0,"bridge_width_(m)":9.4,"chainage_(km)":12.9,"xcoord":90.7775,"ycoord":23.6852778,"bms_inventory":"http://bms.rhd.gov.bd:8088/bms/bridges/inventory_view/1877","bms_detail":"http://bms.rhd.gov.bd:8088/bms/bridges/detail_view/1877","keys":"[bridge_name, Bridge Name], [bridge_type,Type], [chainage_(km), Chainage (km)], [road_no, On Road], [division, Division], [subdivision, Subdivision], [bridge_length_(m), Length (m)], [bridge_width_(m), Width (m)],[map_link(=>{type:link, format:weblink}, Google Map,newtab=>),Google Map View],[bms_inventory(=>{type:link, format:weblink}, BMS Link,newtab=>), BMS Inventory],[bms_detail(=>{type:link, format:weblink},BMS Link,newtab=>), BMS Detailed View]","f_class_name":"PC Girder Bridge","f_class_color":"#6ebed6"},"geometry":{"type":"Point","coordinates":[90.7775,23.6852778]}},
{"type":"Feature","properties":{"id":1896,"sl":1316,"map_link":"https://maps.google.com/?q=23.79972220000000000,90.99166670000000000&amp;z=8&amp;t=k","image_popup":"8088/bms/assets/uploads/images/bridges/bridge_1896/1650948273.jpg","bridge_name":"Bangora Bridge-1","bridge_type":"Small Slab Bridge","road_no":"Z1206","zone":"Cumilla","circle":"Cumilla","division":"Brahmanbaria","subdivision":"Bancharampur","sae":"Nabinagar","bridge_length_(m)":5.9,"bridge_width_(m)":6.0,"chainage_(km)":18.146,"xcoord":90.9916667,"ycoord":23.7997222,"bms_inventory":"http://bms.rhd.gov.bd:8088/bms/bridges/inventory_view/1896","bms_detail":"http://bms.rhd.gov.bd:8088/bms/bridges/detail_view/1896","keys":"[bridge_name, Bridge Name], [bridge_type,Type], [chainage_(km), Chainage (km)], [road_no, On Road], [division, Division], [subdivision, Subdivision], [bridge_length_(m), Length (m)], [bridge_width_(m), Width (m)],[map_link(=>{type:link, format:weblink}, Google Map,newtab=>),Google Map View],[bms_inventory(=>{type:link, format:weblink}, BMS Link,newtab=>), BMS Inventory],[bms_detail(=>{type:link, format:weblink},BMS Link,newtab=>), BMS Detailed View]","f_class_name":"Small Slab Bridge","f_class_color":"#13b7dd"},"geometry":{"type":"Point","coordinates":[90.9916667,23.7997222]}},
{"type":"Feature","properties":{"id":1897,"sl":1317,"map_link":"https://maps.google.com/?q=23.80222220000000000,90.99138890000000000&amp;z=8&amp;t=k","image_popup":"8088/bms/assets/uploads/images/bridges/bridge_1897/1650948777.jpg","bridge_name":"Bangora Bridge-2","bridge_type":"Small Slab Bridge","road_no":"Z1206","zone":"Cumilla","circle":"Cumilla","division":"Brahmanbaria","subdivision":"Bancharampur","sae":"Nabinagar","bridge_length_(m)":6.8,"bridge_width_(m)":5.9,"chainage_(km)":18.563,"xcoord":90.9913889,"ycoord":23.8022222,"bms_inventory":"http://bms.rhd.gov.bd:8088/bms/bridges/inventory_view/1897","bms_detail":"http://bms.rhd.gov.bd:8088/bms/bridges/detail_view/1897","keys":"[bridge_name, Bridge Name], [bridge_type,Type], [chainage_(km), Chainage (km)], [road_no, On Road], [division, Division], [subdivision, Subdivision], [bridge_length_(m), Length (m)], [bridge_width_(m), Width (m)],[map_link(=>{type:link, format:weblink}, Google Map,newtab=>),Google Map View],[bms_inventory(=>{type:link, format:weblink}, BMS Link,newtab=>), BMS Inventory],[bms_detail(=>{type:link, format:weblink},BMS Link,newtab=>), BMS Detailed View]","f_class_name":"Small Slab Bridge","f_class_color":"#13b7dd"},"geometry":{"type":"Point","coordinates":[90.9913889,23.8022222]}},
{"type":"Feature","properties":{"id":1900,"sl":6556,"map_link":"https://maps.google.com/?q=23.84083330000000000,90.97944440000000000&amp;z=8&amp;t=k","image_popup":"8088/bms/assets/uploads/images/bridges/bridge_1900/1650950683.jpg","bridge_name":"Ibrahimpur Bridge-2","bridge_type":"RC Girder Bridge","road_no":"Z1206","zone":"Cumilla","circle":"Cumilla","division":"Brahmanbaria","subdivision":"Bancharampur","sae":"Nabinagar","bridge_length_(m)":67.0,"bridge_width_(m)":7.0,"chainage_(km)":23.478,"xcoord":90.9794444,"ycoord":23.8408333,"bms_inventory":"http://bms.rhd.gov.bd:8088/bms/bridges/inventory_view/1900","bms_detail":"http://bms.rhd.gov.bd:8088/bms/bridges/detail_view/1900","keys":"[bridge_name, Bridge Name], [bridge_type,Type], [chainage_(km), Chainage (km)], [road_no, On Road], [division, Division], [subdivision, Subdivision], [bridge_length_(m), Length (m)], [bridge_width_(m), Width (m)],[map_link(=>{type:link, format:weblink}, Google Map,newtab=>),Google Map View],[bms_inventory(=>{type:link, format:weblink}, BMS Link,newtab=>), BMS Inventory],[bms_detail(=>{type:link, format:weblink},BMS Link,newtab=>), BMS Detailed View]","f_class_name":"RC Girder Bridge","f_class_color":"#e8f674"},"geometry":{"type":"Point","coordinates":[90.9794444,23.8408333]}},
{"type":"Feature","properties":{"id":1901,"sl":6557,"map_link":"https://maps.google.com/?q=23.84138890000000000,90.97833330000000000&amp;z=8&amp;t=k","image_popup":"8088/bms/assets/uploads/images/bridges/bridge_1901/1650951922.jpg","bridge_name":"Ibrahimpur Bridge-3","bridge_type":"Small Slab Bridge","road_no":"Z1206","zone":"Cumilla","circle":"Cumilla","division":"Brahmanbaria","subdivision":"Bancharampur","sae":"Nabinagar","bridge_length_(m)":5.0,"bridge_width_(m)":12.0,"chainage_(km)":24.504,"xcoord":90.9783333,"ycoord":23.8413889,"bms_inventory":"http://bms.rhd.gov.bd:8088/bms/bridges/inventory_view/1901","bms_detail":"http://bms.rhd.gov.bd:8088/bms/bridges/detail_view/1901","keys":"[bridge_name, Bridge Name], [bridge_type,Type], [chainage_(km), Chainage (km)], [road_no, On Road], [division, Division], [subdivision, Subdivision], [bridge_length_(m), Length (m)], [bridge_width_(m), Width (m)],[map_link(=>{type:link, format:weblink}, Google Map,newtab=>),Google Map View],[bms_inventory(=>{type:link, format:weblink}, BMS Link,newtab=>), BMS Inventory],[bms_detail(=>{type:link, format:weblink},BMS Link,newtab=>), BMS Detailed View]","f_class_name":"Small Slab Bridge","f_class_color":"#13b7dd"},"geometry":{"type":"Point","coordinates":[90.9783333,23.8413889]}},
{"type":"Feature","properties":{"id":1903,"sl":8621,"map_link":"https://maps.google.com/?q=23.85722220000000000,90.97361110000000000&amp;z=8&amp;t=k","image_popup":"8088/bms/assets/uploads/images/bridges/bridge_1903/1650952970.jpg","bridge_name":"Konaghat Bridge","bridge_type":"RC Girder Bridge","road_no":"Z1206","zone":"Cumilla","circle":"Cumilla","division":"Brahmanbaria","subdivision":"Bancharampur","sae":"Nabinagar","bridge_length_(m)":24.5,"bridge_width_(m)":6.5,"chainage_(km)":25.568,"xcoord":90.9736111,"ycoord":23.8572222,"bms_inventory":"http://bms.rhd.gov.bd:8088/bms/bridges/inventory_view/1903","bms_detail":"http://bms.rhd.gov.bd:8088/bms/bridges/detail_view/1903","keys":"[bridge_name, Bridge Name], [bridge_type,Type], [chainage_(km), Chainage (km)], [road_no, On Road], [division, Division], [subdivision, Subdivision], [bridge_length_(m), Length (m)], [bridge_width_(m), Width (m)],[map_link(=>{type:link, format:weblink}, Google Map,newtab=>),Google Map View],[bms_inventory(=>{type:link, format:weblink}, BMS Link,newtab=>), BMS Inventory],[bms_detail(=>{type:link, format:weblink},BMS Link,newtab=>), BMS Detailed View]","f_class_name":"RC Girder Bridge","f_class_color":"#e8f674"},"geometry":{"type":"Point","coordinates":[90.9736111,23.8572222]}},
{"type":"Feature","properties":{"id":1906,"sl":323,"map_link":"https://maps.google.com/?q=23.87833330000000000,90.97194440000000000&amp;z=8&amp;t=k","image_popup":"8088/bms/assets/uploads/images/bridges/bridge_1906/1651053564.jpg","bridge_name":"Aliabadh Bridge","bridge_type":"RC Girder Bridge","road_no":"Z1206","zone":"Cumilla","circle":"Cumilla","division":"Brahmanbaria","subdivision":"Bancharampur","sae":"Nabinagar","bridge_length_(m)":22.0,"bridge_width_(m)":10.2,"chainage_(km)":27.95,"xcoord":90.9719444,"ycoord":23.8783333,"bms_inventory":"http://bms.rhd.gov.bd:8088/bms/bridges/inventory_view/1906","bms_detail":"http://bms.rhd.gov.bd:8088/bms/bridges/detail_view/1906","keys":"[bridge_name, Bridge Name], [bridge_type,Type], [chainage_(km), Chainage (km)], [road_no, On Road], [division, Division], [subdivision, Subdivision], [bridge_length_(m), Length (m)], [bridge_width_(m), Width (m)],[map_link(=>{type:link, format:weblink}, Google Map,newtab=>),Google Map View],[bms_inventory(=>{type:link, format:weblink}, BMS Link,newtab=>), BMS Inventory],[bms_detail(=>{type:link, format:weblink},BMS Link,newtab=>), BMS Detailed View]","f_class_name":"RC Girder Bridge","f_class_color":"#e8f674"},"geometry":{"type":"Point","coordinates":[90.9719444,23.8783333]}},
{"type":"Feature","properties":{"id":2097,"sl":2348,"map_link":"https://maps.google.com/?q=23.04972220000000000,91.43055560000000000&amp;z=8&amp;t=k","image_popup":"8088/bms/assets/uploads/images/bridges/bridge_2097/1653279906.jpg","bridge_name":"Bondua Bridge","bridge_type":"PC Girder Bridge","road_no":"Z1033","zone":"Cumilla","circle":"Noakhali","division":"Feni","subdivision":"Feni -2","sae":"Shuvopur","bridge_length_(m)":43.16,"bridge_width_(m)":10.3,"chainage_(km)":2.969,"xcoord":91.4305556,"ycoord":23.0497222,"bms_inventory":"http://bms.rhd.gov.bd:8088/bms/bridges/inventory_view/2097","bms_detail":"http://bms.rhd.gov.bd:8088/bms/bridges/detail_view/2097","keys":"[bridge_name, Bridge Name], [bridge_type,Type], [chainage_(km), Chainage (km)], [road_no, On Road], [division, Division], [subdivision, Subdivision], [bridge_length_(m), Length (m)], [bridge_width_(m), Width (m)],[map_link(=>{type:link, format:weblink}, Google Map,newtab=>),Google Map View],[bms_inventory(=>{type:link, format:weblink}, BMS Link,newtab=>), BMS Inventory],[bms_detail(=>{type:link, format:weblink},BMS Link,newtab=>), BMS Detailed View]","f_class_name":"PC Girder Bridge","f_class_color":"#6ebed6"},"geometry":{"type":"Point","coordinates":[91.4305556,23.0497222]}},
{"type":"Feature","properties":{"id":2101,"sl":599,"map_link":"https://maps.google.com/?q=23.06250000000000000,91.43305560000000000&amp;z=8&amp;t=k","image_popup":"8088/bms/assets/uploads/images/bridges/bridge_2101/1653280427.jpg","bridge_name":"Anondopur Bridge","bridge_type":"RC Girder Bridge","road_no":"Z1033","zone":"Cumilla","circle":"Noakhali","division":"Feni","subdivision":"Feni -2","sae":"Shuvopur","bridge_length_(m)":24.5,"bridge_width_(m)":9.5,"chainage_(km)":4.415,"xcoord":91.4330556,"ycoord":23.0625,"bms_inventory":"http://bms.rhd.gov.bd:8088/bms/bridges/inventory_view/2101","bms_detail":"http://bms.rhd.gov.bd:8088/bms/bridges/detail_view/2101","keys":"[bridge_name, Bridge Name], [bridge_type,Type], [chainage_(km), Chainage (km)], [road_no, On Road], [division, Division], [subdivision, Subdivision], [bridge_length_(m), Length (m)], [bridge_width_(m), Width (m)],[map_link(=>{type:link, format:weblink}, Google Map,newtab=>),Google Map View],[bms_inventory(=>{type:link, format:weblink}, BMS Link,newtab=>), BMS Inventory],[bms_detail(=>{type:link, format:weblink},BMS Link,newtab=>), BMS Detailed View]","f_class_name":"RC Girder Bridge","f_class_color":"#e8f674"},"geometry":{"type":"Point","coordinates":[91.4330556,23.0625]}},
{"type":"Feature","properties":{"id":2108,"sl":7511,"map_link":"https://maps.google.com/?q=23.09000000000000000,91.43194440000000000&amp;z=8&amp;t=k","image_popup":"8088/bms/assets/uploads/images/bridges/bridge_2108/1653281680.jpg","bridge_name":"Kalirhat Bridge","bridge_type":"RC Girder Bridge","road_no":"Z1033","zone":"Cumilla","circle":"Noakhali","division":"Feni","subdivision":"Feni -2","sae":"Shuvopur","bridge_length_(m)":39.0,"bridge_width_(m)":7.6,"chainage_(km)":7.736,"xcoord":91.4319444,"ycoord":23.09,"bms_inventory":"http://bms.rhd.gov.bd:8088/bms/bridges/inventory_view/2108","bms_detail":"http://bms.rhd.gov.bd:8088/bms/bridges/detail_view/2108","keys":"[bridge_name, Bridge Name], [bridge_type,Type], [chainage_(km), Chainage (km)], [road_no, On Road], [division, Division], [subdivision, Subdivision], [bridge_length_(m), Length (m)], [bridge_width_(m), Width (m)],[map_link(=>{type:link, format:weblink}, Google Map,newtab=>),Google Map View],[bms_inventory(=>{type:link, format:weblink}, BMS Link,newtab=>), BMS Inventory],[bms_detail(=>{type:link, format:weblink},BMS Link,newtab=>), BMS Detailed View]","f_class_name":"RC Girder Bridge","f_class_color":"#e8f674"},"geometry":{"type":"Point","coordinates":[91.4319444,23.09]}},
{"type":"Feature","properties":{"id":2110,"sl":10856,"map_link":"https://maps.google.com/?q=23.17361110000000000,91.43527780000000000&amp;z=8&amp;t=k","image_popup":"8088/bms/assets/uploads/images/bridges/bridge_2110/1653282042.jpg","bridge_name":"Nasim Gate Bridge","bridge_type":"PC Girder Bridge","road_no":"Z1033","zone":"Cumilla","circle":"Noakhali","division":"Feni","subdivision":"Feni -2","sae":"Shuvopur","bridge_length_(m)":43.4,"bridge_width_(m)":10.2,"chainage_(km)":17.203,"xcoord":91.4352778,"ycoord":23.1736111,"bms_inventory":"http://bms.rhd.gov.bd:8088/bms/bridges/inventory_view/2110","bms_detail":"http://bms.rhd.gov.bd:8088/bms/bridges/detail_view/2110","keys":"[bridge_name, Bridge Name], [bridge_type,Type], [chainage_(km), Chainage (km)], [road_no, On Road], [division, Division], [subdivision, Subdivision], [bridge_length_(m), Length (m)], [bridge_width_(m), Width (m)],[map_link(=>{type:link, format:weblink}, Google Map,newtab=>),Google Map View],[bms_inventory(=>{type:link, format:weblink}, BMS Link,newtab=>), BMS Inventory],[bms_detail(=>{type:link, format:weblink},BMS Link,newtab=>), BMS Detailed View]","f_class_name":"PC Girder Bridge","f_class_color":"#6ebed6"},"geometry":{"type":"Point","coordinates":[91.4352778,23.1736111]}},
{"type":"Feature","properties":{"id":2115,"sl":4930,"map_link":"https://maps.google.com/?q=23.09000000000000000,91.43138890000000000&amp;z=8&amp;t=k","image_popup":"8088/bms/assets/uploads/images/bridges/bridge_2115/1653283392.jpg","bridge_name":"East Anondopur Bridge","bridge_type":"RC Girder Bridge","road_no":"Z1033","zone":"Cumilla","circle":"Noakhali","division":"Feni","subdivision":"Feni -2","sae":"Shuvopur","bridge_length_(m)":25.0,"bridge_width_(m)":9.5,"chainage_(km)":8.309,"xcoord":91.4313889,"ycoord":23.09,"bms_inventory":"http://bms.rhd.gov.bd:8088/bms/bridges/inventory_view/2115","bms_detail":"http://bms.rhd.gov.bd:8088/bms/bridges/detail_view/2115","keys":"[bridge_name, Bridge Name], [bridge_type,Type], [chainage_(km), Chainage (km)], [road_no, On Road], [division, Division], [subdivision, Subdivision], [bridge_length_(m), Length (m)], [bridge_width_(m), Width (m)],[map_link(=>{type:link, format:weblink}, Google Map,newtab=>),Google Map View],[bms_inventory(=>{type:link, format:weblink}, BMS Link,newtab=>), BMS Inventory],[bms_detail(=>{type:link, format:weblink},BMS Link,newtab=>), BMS Detailed View]","f_class_name":"RC Girder Bridge","f_class_color":"#e8f674"},"geometry":{"type":"Point","coordinates":[91.4313889,23.09]}},
{"type":"Feature","properties":{"id":2152,"sl":12084,"map_link":"https://maps.google.com/?q=23.21833330000000000,91.44444440000000000&amp;z=8&amp;t=k","image_popup":"8088/bms/assets/uploads/images/bridges/bridge_2152/1653365979.jpg","bridge_name":"Porshuram Uttar Bazar Bridge","bridge_type":"Mixed Types Bridge","road_no":"Z1033","zone":"Cumilla","circle":"Noakhali","division":"Feni","subdivision":"Feni -2","sae":"Shuvopur","bridge_length_(m)":42.8,"bridge_width_(m)":10.4,"chainage_(km)":22.381,"xcoord":91.4444444,"ycoord":23.2183333,"bms_inventory":"http://bms.rhd.gov.bd:8088/bms/bridges/inventory_view/2152","bms_detail":"http://bms.rhd.gov.bd:8088/bms/bridges/detail_view/2152","keys":"[bridge_name, Bridge Name], [bridge_type,Type], [chainage_(km), Chainage (km)], [road_no, On Road], [division, Division], [subdivision, Subdivision], [bridge_length_(m), Length (m)], [bridge_width_(m), Width (m)],[map_link(=>{type:link, format:weblink}, Google Map,newtab=>),Google Map View],[bms_inventory(=>{type:link, format:weblink}, BMS Link,newtab=>), BMS Inventory],[bms_detail(=>{type:link, format:weblink},BMS Link,newtab=>), BMS Detailed View]","f_class_name":"Mixed Types Bridge","f_class_color":"#2edb93"},"geometry":{"type":"Point","coordinates":[91.4444444,23.2183333]}},
{"type":"Feature","properties":{"id":2163,"sl":2920,"map_link":"https://maps.google.com/?q=23.03166670000000000,91.51472220000000000&amp;z=8&amp;t=k","image_popup":"8088/bms/assets/uploads/images/bridges/bridge_2163/1653368027.jpg","bridge_name":"Chagolnaiya College Road Bridge","bridge_type":"Small Slab Bridge","road_no":"Z1032","zone":"Cumilla","circle":"Noakhali","division":"Feni","subdivision":"Feni -2","sae":"Shuvopur","bridge_length_(m)":3.3,"bridge_width_(m)":6.64,"chainage_(km)":0.68,"xcoord":91.5147222,"ycoord":23.0316667,"bms_inventory":"http://bms.rhd.gov.bd:8088/bms/bridges/inventory_view/2163","bms_detail":"http://bms.rhd.gov.bd:8088/bms/bridges/detail_view/2163","keys":"[bridge_name, Bridge Name], [bridge_type,Type], [chainage_(km), Chainage (km)], [road_no, On Road], [division, Division], [subdivision, Subdivision], [bridge_length_(m), Length (m)], [bridge_width_(m), Width (m)],[map_link(=>{type:link, format:weblink}, Google Map,newtab=>),Google Map View],[bms_inventory(=>{type:link, format:weblink}, BMS Link,newtab=>), BMS Inventory],[bms_detail(=>{type:link, format:weblink},BMS Link,newtab=>), BMS Detailed View]","f_class_name":"Small Slab Bridge","f_class_color":"#13b7dd"},"geometry":{"type":"Point","coordinates":[91.5147222,23.0316667]}},
{"type":"Feature","properties":{"id":2166,"sl":2668,"map_link":"https://maps.google.com/?q=23.02222220000000000,91.51638890000000000&amp;z=8&amp;t=k","image_popup":"8088/bms/assets/uploads/images/bridges/bridge_2166/1653368687.jpg","bridge_name":"Bottolii Bazar Bridge.","bridge_type":"Small Slab Bridge","road_no":"Z1032","zone":"Cumilla","circle":"Noakhali","division":"Feni","subdivision":"Feni -2","sae":"Shuvopur","bridge_length_(m)":4.0,"bridge_width_(m)":6.68,"chainage_(km)":1.259,"xcoord":91.5163889,"ycoord":23.0222222,"bms_inventory":"http://bms.rhd.gov.bd:8088/bms/bridges/inventory_view/2166","bms_detail":"http://bms.rhd.gov.bd:8088/bms/bridges/detail_view/2166","keys":"[bridge_name, Bridge Name], [bridge_type,Type], [chainage_(km), Chainage (km)], [road_no, On Road], [division, Division], [subdivision, Subdivision], [bridge_length_(m), Length (m)], [bridge_width_(m), Width (m)],[map_link(=>{type:link, format:weblink}, Google Map,newtab=>),Google Map View],[bms_inventory(=>{type:link, format:weblink}, BMS Link,newtab=>), BMS Inventory],[bms_detail(=>{type:link, format:weblink},BMS Link,newtab=>), BMS Detailed View]","f_class_name":"Small Slab Bridge","f_class_color":"#13b7dd"},"geometry":{"type":"Point","coordinates":[91.5163889,23.0222222]}},
{"type":"Feature","properties":{"id":2169,"sl":7089,"map_link":"https://maps.google.com/?q=23.00861110000000000,91.51694440000000000&amp;z=8&amp;t=k","image_popup":"8088/bms/assets/uploads/images/bridges/bridge_2169/1653369731.jpg","bridge_name":"Jongolmiya Bazar Bridge","bridge_type":"Small Slab Bridge","road_no":"Z1032","zone":"Cumilla","circle":"Noakhali","division":"Feni","subdivision":"Feni -2","sae":"Shuvopur","bridge_length_(m)":2.35,"bridge_width_(m)":7.2,"chainage_(km)":2.76,"xcoord":91.5169444,"ycoord":23.0086111,"bms_inventory":"http://bms.rhd.gov.bd:8088/bms/bridges/inventory_view/2169","bms_detail":"http://bms.rhd.gov.bd:8088/bms/bridges/detail_view/2169","keys":"[bridge_name, Bridge Name], [bridge_type,Type], [chainage_(km), Chainage (km)], [road_no, On Road], [division, Division], [subdivision, Subdivision], [bridge_length_(m), Length (m)], [bridge_width_(m), Width (m)],[map_link(=>{type:link, format:weblink}, Google Map,newtab=>),Google Map View],[bms_inventory(=>{type:link, format:weblink}, BMS Link,newtab=>), BMS Inventory],[bms_detail(=>{type:link, format:weblink},BMS Link,newtab=>), BMS Detailed View]","f_class_name":"Small Slab Bridge","f_class_color":"#13b7dd"},"geometry":{"type":"Point","coordinates":[91.5169444,23.0086111]}},
{"type":"Feature","properties":{"id":2181,"sl":14457,"map_link":"https://maps.google.com/?q=22.98777780000000000,91.51555560000000000&amp;z=8&amp;t=k","image_popup":"8088/bms/assets/uploads/images/bridges/bridge_2181/1653380428.jpg","bridge_name":"Southkuma Bridge","bridge_type":"Small Slab Bridge","road_no":"Z1032","zone":"Cumilla","circle":"Noakhali","division":"Feni","subdivision":"Feni -2","sae":"Shuvopur","bridge_length_(m)":3.4,"bridge_width_(m)":6.6,"chainage_(km)":5.96,"xcoord":91.5155556,"ycoord":22.9877778,"bms_inventory":"http://bms.rhd.gov.bd:8088/bms/bridges/inventory_view/2181","bms_detail":"http://bms.rhd.gov.bd:8088/bms/bridges/detail_view/2181","keys":"[bridge_name, Bridge Name], [bridge_type,Type], [chainage_(km), Chainage (km)], [road_no, On Road], [division, Division], [subdivision, Subdivision], [bridge_length_(m), Length (m)], [bridge_width_(m), Width (m)],[map_link(=>{type:link, format:weblink}, Google Map,newtab=>),Google Map View],[bms_inventory(=>{type:link, format:weblink}, BMS Link,newtab=>), BMS Inventory],[bms_detail(=>{type:link, format:weblink},BMS Link,newtab=>), BMS Detailed View]","f_class_name":"Small Slab Bridge","f_class_color":"#13b7dd"},"geometry":{"type":"Point","coordinates":[91.5155556,22.9877778]}},
{"type":"Feature","properties":{"id":2184,"sl":8664,"map_link":"https://maps.google.com/?q=22.97388890000000000,91.51333330000000000&amp;z=8&amp;t=k","image_popup":"8088/bms/assets/uploads/images/bridges/bridge_2184/1653381493.jpg","bridge_name":"Koroiya Bridge","bridge_type":"PC Girder Bridge","road_no":"Z1032","zone":"Cumilla","circle":"Noakhali","division":"Feni","subdivision":"Feni -2","sae":"Shuvopur","bridge_length_(m)":35.0,"bridge_width_(m)":9.85,"chainage_(km)":7.584,"xcoord":91.5133333,"ycoord":22.9738889,"bms_inventory":"http://bms.rhd.gov.bd:8088/bms/bridges/inventory_view/2184","bms_detail":"http://bms.rhd.gov.bd:8088/bms/bridges/detail_view/2184","keys":"[bridge_name, Bridge Name], [bridge_type,Type], [chainage_(km), Chainage (km)], [road_no, On Road], [division, Division], [subdivision, Subdivision], [bridge_length_(m), Length (m)], [bridge_width_(m), Width (m)],[map_link(=>{type:link, format:weblink}, Google Map,newtab=>),Google Map View],[bms_inventory(=>{type:link, format:weblink}, BMS Link,newtab=>), BMS Inventory],[bms_detail(=>{type:link, format:weblink},BMS Link,newtab=>), BMS Detailed View]","f_class_name":"PC Girder Bridge","f_class_color":"#6ebed6"},"geometry":{"type":"Point","coordinates":[91.5133333,22.9738889]}},
{"type":"Feature","properties":{"id":2192,"sl":4891,"map_link":"https://maps.google.com/?q=22.95944440000000000,91.51027780000000000&amp;z=8&amp;t=k","image_popup":"8088/bms/assets/uploads/images/bridges/bridge_2192/1653383358.jpg","bridge_name":"Durgapur Bridge","bridge_type":"Small Slab Bridge","road_no":"Z1032","zone":"Cumilla","circle":"Noakhali","division":"Feni","subdivision":"Feni -2","sae":"Shuvopur","bridge_length_(m)":2.28,"bridge_width_(m)":7.2,"chainage_(km)":9.349,"xcoord":91.5102778,"ycoord":22.9594444,"bms_inventory":"http://bms.rhd.gov.bd:8088/bms/bridges/inventory_view/2192","bms_detail":"http://bms.rhd.gov.bd:8088/bms/bridges/detail_view/2192","keys":"[bridge_name, Bridge Name], [bridge_type,Type], [chainage_(km), Chainage (km)], [road_no, On Road], [division, Division], [subdivision, Subdivision], [bridge_length_(m), Length (m)], [bridge_width_(m), Width (m)],[map_link(=>{type:link, format:weblink}, Google Map,newtab=>),Google Map View],[bms_inventory(=>{type:link, format:weblink}, BMS Link,newtab=>), BMS Inventory],[bms_detail(=>{type:link, format:weblink},BMS Link,newtab=>), BMS Detailed View]","f_class_name":"Small Slab Bridge","f_class_color":"#13b7dd"},"geometry":{"type":"Point","coordinates":[91.5102778,22.9594444]}},
{"type":"Feature","properties":{"id":2244,"sl":4708,"map_link":"https://maps.google.com/?q=23.10333330000000000,91.43444440000000000&amp;z=8&amp;t=k","image_popup":"8088/bms/assets/uploads/images/bridges/bridge_2244/1653538340.jpg","bridge_name":"Dorbarpur Bridge","bridge_type":"RC Girder Bridge","road_no":"Z1081","zone":"Cumilla","circle":"Noakhali","division":"Feni","subdivision":"Feni -2","sae":"Shuvopur","bridge_length_(m)":5.0,"bridge_width_(m)":4.8,"chainage_(km)":0.391,"xcoord":91.4344444,"ycoord":23.1033333,"bms_inventory":"http://bms.rhd.gov.bd:8088/bms/bridges/inventory_view/2244","bms_detail":"http://bms.rhd.gov.bd:8088/bms/bridges/detail_view/2244","keys":"[bridge_name, Bridge Name], [bridge_type,Type], [chainage_(km), Chainage (km)], [road_no, On Road], [division, Division], [subdivision, Subdivision], [bridge_length_(m), Length (m)], [bridge_width_(m), Width (m)],[map_link(=>{type:link, format:weblink}, Google Map,newtab=>),Google Map View],[bms_inventory(=>{type:link, format:weblink}, BMS Link,newtab=>), BMS Inventory],[bms_detail(=>{type:link, format:weblink},BMS Link,newtab=>), BMS Detailed View]","f_class_name":"RC Girder Bridge","f_class_color":"#e8f674"},"geometry":{"type":"Point","coordinates":[91.4344444,23.1033333]}},
{"type":"Feature","properties":{"id":2254,"sl":5874,"map_link":"https://maps.google.com/?q=23.08805560000000000,91.45027780000000000&amp;z=8&amp;t=k","image_popup":"8088/bms/assets/uploads/images/bridges/bridge_2254/1653540526.jpg","bridge_name":"Gotia Bridge","bridge_type":"RC Girder Bridge","road_no":"Z1081","zone":"Cumilla","circle":"Noakhali","division":"Feni","subdivision":"Feni -2","sae":"Shuvopur","bridge_length_(m)":22.0,"bridge_width_(m)":10.0,"chainage_(km)":3.615,"xcoord":91.4502778,"ycoord":23.0880556,"bms_inventory":"http://bms.rhd.gov.bd:8088/bms/bridges/inventory_view/2254","bms_detail":"http://bms.rhd.gov.bd:8088/bms/bridges/detail_view/2254","keys":"[bridge_name, Bridge Name], [bridge_type,Type], [chainage_(km), Chainage (km)], [road_no, On Road], [division, Division], [subdivision, Subdivision], [bridge_length_(m), Length (m)], [bridge_width_(m), Width (m)],[map_link(=>{type:link, format:weblink}, Google Map,newtab=>),Google Map View],[bms_inventory(=>{type:link, format:weblink}, BMS Link,newtab=>), BMS Inventory],[bms_detail(=>{type:link, format:weblink},BMS Link,newtab=>), BMS Detailed View]","f_class_name":"RC Girder Bridge","f_class_color":"#e8f674"},"geometry":{"type":"Point","coordinates":[91.4502778,23.0880556]}},
{"type":"Feature","properties":{"id":2274,"sl":14074,"map_link":"https://maps.google.com/?q=23.01583330000000000,91.44805560000000000&amp;z=8&amp;t=k","image_popup":"8088/bms/assets/uploads/images/bridges/bridge_2274/1653887672.jpg","bridge_name":"Silua Bridge","bridge_type":"RC Girder Bridge","road_no":"Z1081","zone":"Cumilla","circle":"Noakhali","division":"Feni","subdivision":"Feni -2","sae":"Shuvopur","bridge_length_(m)":21.8,"bridge_width_(m)":10.2,"chainage_(km)":12.254,"xcoord":91.4480556,"ycoord":23.0158333,"bms_inventory":"http://bms.rhd.gov.bd:8088/bms/bridges/inventory_view/2274","bms_detail":"http://bms.rhd.gov.bd:8088/bms/bridges/detail_view/2274","keys":"[bridge_name, Bridge Name], [bridge_type,Type], [chainage_(km), Chainage (km)], [road_no, On Road], [division, Division], [subdivision, Subdivision], [bridge_length_(m), Length (m)], [bridge_width_(m), Width (m)],[map_link(=>{type:link, format:weblink}, Google Map,newtab=>),Google Map View],[bms_inventory(=>{type:link, format:weblink}, BMS Link,newtab=>), BMS Inventory],[bms_detail(=>{type:link, format:weblink},BMS Link,newtab=>), BMS Detailed View]","f_class_name":"RC Girder Bridge","f_class_color":"#e8f674"},"geometry":{"type":"Point","coordinates":[91.4480556,23.0158333]}},
{"type":"Feature","properties":{"id":2301,"sl":7885,"map_link":"https://maps.google.com/?q=23.02555560000000000,91.31694440000000000&amp;z=8&amp;t=k","image_popup":"8088/bms/assets/uploads/images/bridges/bridge_2301/1653797343.jpg","bridge_name":"Katakhal Bridge","bridge_type":"Mixed Types Bridge","road_no":"Z1030","zone":"Cumilla","circle":"Noakhali","division":"Feni","subdivision":"Feni -2","sae":"Shuvopur","bridge_length_(m)":55.0,"bridge_width_(m)":4.6,"chainage_(km)":7.79,"xcoord":91.3169444,"ycoord":23.0255556,"bms_inventory":"http://bms.rhd.gov.bd:8088/bms/bridges/inventory_view/2301","bms_detail":"http://bms.rhd.gov.bd:8088/bms/bridges/detail_view/2301","keys":"[bridge_name, Bridge Name], [bridge_type,Type], [chainage_(km), Chainage (km)], [road_no, On Road], [division, Division], [subdivision, Subdivision], [bridge_length_(m), Length (m)], [bridge_width_(m), Width (m)],[map_link(=>{type:link, format:weblink}, Google Map,newtab=>),Google Map View],[bms_inventory(=>{type:link, format:weblink}, BMS Link,newtab=>), BMS Inventory],[bms_detail(=>{type:link, format:weblink},BMS Link,newtab=>), BMS Detailed View]","f_class_name":"Mixed Types Bridge","f_class_color":"#2edb93"},"geometry":{"type":"Point","coordinates":[91.3169444,23.0255556]}},
{"type":"Feature","properties":{"id":2306,"sl":9524,"map_link":"https://maps.google.com/?q=23.03750000000000000,91.43861110000000000&amp;z=8&amp;t=k","image_popup":"8088/bms/assets/uploads/images/bridges/bridge_2306/1653880657.jpg","bridge_name":"Malipur Bridge","bridge_type":"RC Girder Bridge","road_no":"Z1031","zone":"Cumilla","circle":"Noakhali","division":"Feni","subdivision":"Feni -2","sae":"Shuvopur","bridge_length_(m)":48.5,"bridge_width_(m)":8.26,"chainage_(km)":14.164,"xcoord":91.4386111,"ycoord":23.0375,"bms_inventory":"http://bms.rhd.gov.bd:8088/bms/bridges/inventory_view/2306","bms_detail":"http://bms.rhd.gov.bd:8088/bms/bridges/detail_view/2306","keys":"[bridge_name, Bridge Name], [bridge_type,Type], [chainage_(km), Chainage (km)], [road_no, On Road], [division, Division], [subdivision, Subdivision], [bridge_length_(m), Length (m)], [bridge_width_(m), Width (m)],[map_link(=>{type:link, format:weblink}, Google Map,newtab=>),Google Map View],[bms_inventory(=>{type:link, format:weblink}, BMS Link,newtab=>), BMS Inventory],[bms_detail(=>{type:link, format:weblink},BMS Link,newtab=>), BMS Detailed View]","f_class_name":"RC Girder Bridge","f_class_color":"#e8f674"},"geometry":{"type":"Point","coordinates":[91.4386111,23.0375]}},
{"type":"Feature","properties":{"id":2318,"sl":12786,"map_link":"https://maps.google.com/?q=23.03555560000000000,91.48527780000000000&amp;z=8&amp;t=k","image_popup":"8088/bms/assets/uploads/images/bridges/bridge_2318/1653880966.jpg","bridge_name":"Rezumiya Bazar","bridge_type":"Truss Bridge","road_no":"Z1031","zone":"Cumilla","circle":"Noakhali","division":"Feni","subdivision":"Feni -2","sae":"Shuvopur","bridge_length_(m)":72.0,"bridge_width_(m)":6.3,"chainage_(km)":19.888,"xcoord":91.4852778,"ycoord":23.0355556,"bms_inventory":"http://bms.rhd.gov.bd:8088/bms/bridges/inventory_view/2318","bms_detail":"http://bms.rhd.gov.bd:8088/bms/bridges/detail_view/2318","keys":"[bridge_name, Bridge Name], [bridge_type,Type], [chainage_(km), Chainage (km)], [road_no, On Road], [division, Division], [subdivision, Subdivision], [bridge_length_(m), Length (m)], [bridge_width_(m), Width (m)],[map_link(=>{type:link, format:weblink}, Google Map,newtab=>),Google Map View],[bms_inventory(=>{type:link, format:weblink}, BMS Link,newtab=>), BMS Inventory],[bms_detail(=>{type:link, format:weblink},BMS Link,newtab=>), BMS Detailed View]","f_class_name":"Truss Bridge","f_class_color":"#6470da"},"geometry":{"type":"Point","coordinates":[91.4852778,23.0355556]}},
{"type":"Feature","properties":{"id":2320,"sl":12459,"map_link":"https://maps.google.com/?q=23.03694440000000000,91.49277780000000000&amp;z=8&amp;t=k","image_popup":"8088/bms/assets/uploads/images/bridges/bridge_2320/1653881105.jpg","bridge_name":"Rajamiya Bridge-2","bridge_type":"RC Girder Bridge","road_no":"Z1031","zone":"Cumilla","circle":"Noakhali","division":"Feni","subdivision":"Feni -2","sae":"Shuvopur","bridge_length_(m)":9.0,"bridge_width_(m)":7.2,"chainage_(km)":20.43,"xcoord":91.4927778,"ycoord":23.0369444,"bms_inventory":"http://bms.rhd.gov.bd:8088/bms/bridges/inventory_view/2320","bms_detail":"http://bms.rhd.gov.bd:8088/bms/bridges/detail_view/2320","keys":"[bridge_name, Bridge Name], [bridge_type,Type], [chainage_(km), Chainage (km)], [road_no, On Road], [division, Division], [subdivision, Subdivision], [bridge_length_(m), Length (m)], [bridge_width_(m), Width (m)],[map_link(=>{type:link, format:weblink}, Google Map,newtab=>),Google Map View],[bms_inventory(=>{type:link, format:weblink}, BMS Link,newtab=>), BMS Inventory],[bms_detail(=>{type:link, format:weblink},BMS Link,newtab=>), BMS Detailed View]","f_class_name":"RC Girder Bridge","f_class_color":"#e8f674"},"geometry":{"type":"Point","coordinates":[91.4927778,23.0369444]}},
{"type":"Feature","properties":{"id":2322,"sl":7999,"map_link":"https://maps.google.com/?q=22.96583330000000000,91.27972220000000000&amp;z=8&amp;t=k","image_popup":"8088/bms/assets/uploads/images/bridges/bridge_2322/1653802759.jpg","bridge_name":"Kazirpur Bridge","bridge_type":"PC Girder Bridge","road_no":"Z1030","zone":"Cumilla","circle":"Noakhali","division":"Feni","subdivision":"Feni -2","sae":"Shuvopur","bridge_length_(m)":30.0,"bridge_width_(m)":5.0,"chainage_(km)":18.63,"xcoord":91.2797222,"ycoord":22.9658333,"bms_inventory":"http://bms.rhd.gov.bd:8088/bms/bridges/inventory_view/2322","bms_detail":"http://bms.rhd.gov.bd:8088/bms/bridges/detail_view/2322","keys":"[bridge_name, Bridge Name], [bridge_type,Type], [chainage_(km), Chainage (km)], [road_no, On Road], [division, Division], [subdivision, Subdivision], [bridge_length_(m), Length (m)], [bridge_width_(m), Width (m)],[map_link(=>{type:link, format:weblink}, Google Map,newtab=>),Google Map View],[bms_inventory(=>{type:link, format:weblink}, BMS Link,newtab=>), BMS Inventory],[bms_detail(=>{type:link, format:weblink},BMS Link,newtab=>), BMS Detailed View]","f_class_name":"PC Girder Bridge","f_class_color":"#6ebed6"},"geometry":{"type":"Point","coordinates":[91.2797222,22.9658333]}},
{"type":"Feature","properties":{"id":2323,"sl":1562,"map_link":"https://maps.google.com/?q=23.03861110000000000,91.50138890000000000&amp;z=8&amp;t=k","image_popup":"8088/bms/assets/uploads/images/bridges/bridge_2323/1653881184.jpg","bridge_name":"Bashpara Bridge","bridge_type":"PC Girder Bridge","road_no":"Z1031","zone":"Cumilla","circle":"Noakhali","division":"Feni","subdivision":"Feni -2","sae":"Shuvopur","bridge_length_(m)":37.0,"bridge_width_(m)":9.3,"chainage_(km)":21.121,"xcoord":91.5013889,"ycoord":23.0386111,"bms_inventory":"http://bms.rhd.gov.bd:8088/bms/bridges/inventory_view/2323","bms_detail":"http://bms.rhd.gov.bd:8088/bms/bridges/detail_view/2323","keys":"[bridge_name, Bridge Name], [bridge_type,Type], [chainage_(km), Chainage (km)], [road_no, On Road], [division, Division], [subdivision, Subdivision], [bridge_length_(m), Length (m)], [bridge_width_(m), Width (m)],[map_link(=>{type:link, format:weblink}, Google Map,newtab=>),Google Map View],[bms_inventory(=>{type:link, format:weblink}, BMS Link,newtab=>), BMS Inventory],[bms_detail(=>{type:link, format:weblink},BMS Link,newtab=>), BMS Detailed View]","f_class_name":"PC Girder Bridge","f_class_color":"#6ebed6"},"geometry":{"type":"Point","coordinates":[91.5013889,23.0386111]}},
{"type":"Feature","properties":{"id":2327,"sl":4513,"map_link":"https://maps.google.com/?q=23.03111110000000000,91.52444440000000000&amp;z=8&amp;t=k","image_popup":"8088/bms/assets/uploads/images/bridges/bridge_2327/1653881343.jpg","bridge_name":"Dighirkona Bridge 1","bridge_type":"RC Girder Bridge","road_no":"Z1031","zone":"Cumilla","circle":"Noakhali","division":"Feni","subdivision":"Feni -2","sae":"Shuvopur","bridge_length_(m)":11.9,"bridge_width_(m)":6.8,"chainage_(km)":22.938,"xcoord":91.5244444,"ycoord":23.0311111,"bms_inventory":"http://bms.rhd.gov.bd:8088/bms/bridges/inventory_view/2327","bms_detail":"http://bms.rhd.gov.bd:8088/bms/bridges/detail_view/2327","keys":"[bridge_name, Bridge Name], [bridge_type,Type], [chainage_(km), Chainage (km)], [road_no, On Road], [division, Division], [subdivision, Subdivision], [bridge_length_(m), Length (m)], [bridge_width_(m), Width (m)],[map_link(=>{type:link, format:weblink}, Google Map,newtab=>),Google Map View],[bms_inventory(=>{type:link, format:weblink}, BMS Link,newtab=>), BMS Inventory],[bms_detail(=>{type:link, format:weblink},BMS Link,newtab=>), BMS Detailed View]","f_class_name":"RC Girder Bridge","f_class_color":"#e8f674"},"geometry":{"type":"Point","coordinates":[91.5244444,23.0311111]}},
{"type":"Feature","properties":{"id":2331,"sl":6726,"map_link":"https://maps.google.com/?q=23.01833330000000000,91.52805560000000000&amp;z=8&amp;t=k","image_popup":"8088/bms/assets/uploads/images/bridges/bridge_2331/1653881487.jpg","bridge_name":"Jagonmia Rastar Matha Bridge","bridge_type":"RC Girder Bridge","road_no":"Z1031","zone":"Cumilla","circle":"Noakhali","division":"Feni","subdivision":"Feni -2","sae":"Shuvopur","bridge_length_(m)":11.7,"bridge_width_(m)":7.0,"chainage_(km)":24.438,"xcoord":91.5280556,"ycoord":23.0183333,"bms_inventory":"http://bms.rhd.gov.bd:8088/bms/bridges/inventory_view/2331","bms_detail":"http://bms.rhd.gov.bd:8088/bms/bridges/detail_view/2331","keys":"[bridge_name, Bridge Name], [bridge_type,Type], [chainage_(km), Chainage (km)], [road_no, On Road], [division, Division], [subdivision, Subdivision], [bridge_length_(m), Length (m)], [bridge_width_(m), Width (m)],[map_link(=>{type:link, format:weblink}, Google Map,newtab=>),Google Map View],[bms_inventory(=>{type:link, format:weblink}, BMS Link,newtab=>), BMS Inventory],[bms_detail(=>{type:link, format:weblink},BMS Link,newtab=>), BMS Detailed View]","f_class_name":"RC Girder Bridge","f_class_color":"#e8f674"},"geometry":{"type":"Point","coordinates":[91.5280556,23.0183333]}},
{"type":"Feature","properties":{"id":2346,"sl":14720,"map_link":"https://maps.google.com/?q=22.95611110000000000,91.54638890000000000&amp;z=8&amp;t=k","image_popup":"8088/bms/assets/uploads/images/bridges/bridge_2346/1653882330.jpg","bridge_name":"Suvopur Bridge","bridge_type":"Mixed Types Bridge","road_no":"Z1031","zone":"Cumilla","circle":"Noakhali","division":"Feni","subdivision":"Feni -2","sae":"Shuvopur","bridge_length_(m)":375.0,"bridge_width_(m)":5.45,"chainage_(km)":32.537,"xcoord":91.5463889,"ycoord":22.9561111,"bms_inventory":"http://bms.rhd.gov.bd:8088/bms/bridges/inventory_view/2346","bms_detail":"http://bms.rhd.gov.bd:8088/bms/bridges/detail_view/2346","keys":"[bridge_name, Bridge Name], [bridge_type,Type], [chainage_(km), Chainage (km)], [road_no, On Road], [division, Division], [subdivision, Subdivision], [bridge_length_(m), Length (m)], [bridge_width_(m), Width (m)],[map_link(=>{type:link, format:weblink}, Google Map,newtab=>),Google Map View],[bms_inventory(=>{type:link, format:weblink}, BMS Link,newtab=>), BMS Inventory],[bms_detail(=>{type:link, format:weblink},BMS Link,newtab=>), BMS Detailed View]","f_class_name":"Mixed Types Bridge","f_class_color":"#2edb93"},"geometry":{"type":"Point","coordinates":[91.5463889,22.9561111]}},
{"type":"Feature","properties":{"id":2348,"sl":14040,"map_link":"https://maps.google.com/?q=22.95027780000000000,91.55083330000000000&amp;z=8&amp;t=k","image_popup":"8088/bms/assets/uploads/images/bridges/bridge_2348/1653882428.jpg","bridge_name":"Shuvopur Slab Bridge","bridge_type":"Small Slab Bridge","road_no":"Z1031","zone":"Cumilla","circle":"Noakhali","division":"Feni","subdivision":"Feni -2","sae":"Shuvopur","bridge_length_(m)":2.1,"bridge_width_(m)":9.0,"chainage_(km)":35.717,"xcoord":91.5508333,"ycoord":22.9502778,"bms_inventory":"http://bms.rhd.gov.bd:8088/bms/bridges/inventory_view/2348","bms_detail":"http://bms.rhd.gov.bd:8088/bms/bridges/detail_view/2348","keys":"[bridge_name, Bridge Name], [bridge_type,Type], [chainage_(km), Chainage (km)], [road_no, On Road], [division, Division], [subdivision, Subdivision], [bridge_length_(m), Length (m)], [bridge_width_(m), Width (m)],[map_link(=>{type:link, format:weblink}, Google Map,newtab=>),Google Map View],[bms_inventory(=>{type:link, format:weblink}, BMS Link,newtab=>), BMS Inventory],[bms_detail(=>{type:link, format:weblink},BMS Link,newtab=>), BMS Detailed View]","f_class_name":"Small Slab Bridge","f_class_color":"#13b7dd"},"geometry":{"type":"Point","coordinates":[91.5508333,22.9502778]}},
{"type":"Feature","properties":{"id":2373,"sl":14158,"map_link":"https://maps.google.com/?q=23.01083330000000000,91.40750000000000000&amp;z=8&amp;t=k","image_popup":"8088/bms/assets/uploads/images/bridges/bridge_2373/1654056987.jpg","bridge_name":"Sohodebpur Slab Bridge","bridge_type":"Small Slab Bridge","road_no":"Z1134","zone":"Cumilla","circle":"Noakhali","division":"Feni","subdivision":"Feni -1","sae":"Section 1","bridge_length_(m)":3.0,"bridge_width_(m)":9.8,"chainage_(km)":0.75,"xcoord":91.4075,"ycoord":23.0108333,"bms_inventory":"http://bms.rhd.gov.bd:8088/bms/bridges/inventory_view/2373","bms_detail":"http://bms.rhd.gov.bd:8088/bms/bridges/detail_view/2373","keys":"[bridge_name, Bridge Name], [bridge_type,Type], [chainage_(km), Chainage (km)], [road_no, On Road], [division, Division], [subdivision, Subdivision], [bridge_length_(m), Length (m)], [bridge_width_(m), Width (m)],[map_link(=>{type:link, format:weblink}, Google Map,newtab=>),Google Map View],[bms_inventory(=>{type:link, format:weblink}, BMS Link,newtab=>), BMS Inventory],[bms_detail(=>{type:link, format:weblink},BMS Link,newtab=>), BMS Detailed View]","f_class_name":"Small Slab Bridge","f_class_color":"#13b7dd"},"geometry":{"type":"Point","coordinates":[91.4075,23.0108333]}},
{"type":"Feature","properties":{"id":2384,"sl":10481,"map_link":"https://maps.google.com/?q=22.99861110000000000,91.48583330000000000&amp;z=8&amp;t=k","image_popup":"8088/bms/assets/uploads/images/bridges/bridge_2384/1654062250.jpg","bridge_name":"Motobi Bridge- 2","bridge_type":"RC Girder Bridge","road_no":"Z1134","zone":"Cumilla","circle":"Noakhali","division":"Feni","subdivision":"Feni -1","sae":"Section 1","bridge_length_(m)":8.4,"bridge_width_(m)":4.3,"chainage_(km)":9.355,"xcoord":91.4858333,"ycoord":22.9986111,"bms_inventory":"http://bms.rhd.gov.bd:8088/bms/bridges/inventory_view/2384","bms_detail":"http://bms.rhd.gov.bd:8088/bms/bridges/detail_view/2384","keys":"[bridge_name, Bridge Name], [bridge_type,Type], [chainage_(km), Chainage (km)], [road_no, On Road], [division, Division], [subdivision, Subdivision], [bridge_length_(m), Length (m)], [bridge_width_(m), Width (m)],[map_link(=>{type:link, format:weblink}, Google Map,newtab=>),Google Map View],[bms_inventory(=>{type:link, format:weblink}, BMS Link,newtab=>), BMS Inventory],[bms_detail(=>{type:link, format:weblink},BMS Link,newtab=>), BMS Detailed View]","f_class_name":"RC Girder Bridge","f_class_color":"#e8f674"},"geometry":{"type":"Point","coordinates":[91.4858333,22.9986111]}},
{"type":"Feature","properties":{"id":2386,"sl":15579,"map_link":"https://maps.google.com/?q=23.00500000000000000,91.43527780000000000&amp;z=8&amp;t=k","image_popup":"8088/bms/assets/uploads/images/bridges/bridge_2386/1654061520.jpg","bridge_name":"Valukdia Bridge","bridge_type":"Small Slab Bridge","road_no":"Z1134","zone":"Cumilla","circle":"Noakhali","division":"Feni","subdivision":"Feni -1","sae":"Section 1","bridge_length_(m)":2.3,"bridge_width_(m)":7.3,"chainage_(km)":3.794,"xcoord":91.4352778,"ycoord":23.005,"bms_inventory":"http://bms.rhd.gov.bd:8088/bms/bridges/inventory_view/2386","bms_detail":"http://bms.rhd.gov.bd:8088/bms/bridges/detail_view/2386","keys":"[bridge_name, Bridge Name], [bridge_type,Type], [chainage_(km), Chainage (km)], [road_no, On Road], [division, Division], [subdivision, Subdivision], [bridge_length_(m), Length (m)], [bridge_width_(m), Width (m)],[map_link(=>{type:link, format:weblink}, Google Map,newtab=>),Google Map View],[bms_inventory(=>{type:link, format:weblink}, BMS Link,newtab=>), BMS Inventory],[bms_detail(=>{type:link, format:weblink},BMS Link,newtab=>), BMS Detailed View]","f_class_name":"Small Slab Bridge","f_class_color":"#13b7dd"},"geometry":{"type":"Point","coordinates":[91.4352778,23.005]}},
{"type":"Feature","properties":{"id":2389,"sl":1298,"map_link":"https://maps.google.com/?q=22.83138890000000000,91.33888890000000000&amp;z=8&amp;t=k","image_popup":"8088/bms/assets/uploads/images/bridges/bridge_2389/1654063011.jpg","bridge_name":"Bangla Bridge","bridge_type":"PC Girder Bridge","road_no":"Z1434","zone":"Cumilla","circle":"Noakhali","division":"Feni","subdivision":"Feni -1","sae":"SAE-Feni Sub Division 1-2","bridge_length_(m)":480.0,"bridge_width_(m)":10.2,"chainage_(km)":6.317,"xcoord":91.3388889,"ycoord":22.8313889,"bms_inventory":"http://bms.rhd.gov.bd:8088/bms/bridges/inventory_view/2389","bms_detail":"http://bms.rhd.gov.bd:8088/bms/bridges/detail_view/2389","keys":"[bridge_name, Bridge Name], [bridge_type,Type], [chainage_(km), Chainage (km)], [road_no, On Road], [division, Division], [subdivision, Subdivision], [bridge_length_(m), Length (m)], [bridge_width_(m), Width (m)],[map_link(=>{type:link, format:weblink}, Google Map,newtab=>),Google Map View],[bms_inventory(=>{type:link, format:weblink}, BMS Link,newtab=>), BMS Inventory],[bms_detail(=>{type:link, format:weblink},BMS Link,newtab=>), BMS Detailed View]","f_class_name":"PC Girder Bridge","f_class_color":"#6ebed6"},"geometry":{"type":"Point","coordinates":[91.3388889,22.8313889]}},
{"type":"Feature","properties":{"id":2390,"sl":13962,"map_link":"https://maps.google.com/?q=23.00361110000000000,91.44166670000000000&amp;z=8&amp;t=k","image_popup":"8088/bms/assets/uploads/images/bridges/bridge_2390/1654063392.jpg","bridge_name":"Shopner Bridge","bridge_type":"Portable Steel Bridge","road_no":"Z1134","zone":"Cumilla","circle":"Noakhali","division":"Feni","subdivision":"Feni -1","sae":"Section 1","bridge_length_(m)":88.0,"bridge_width_(m)":5.1,"chainage_(km)":4.92,"xcoord":91.4416667,"ycoord":23.0036111,"bms_inventory":"http://bms.rhd.gov.bd:8088/bms/bridges/inventory_view/2390","bms_detail":"http://bms.rhd.gov.bd:8088/bms/bridges/detail_view/2390","keys":"[bridge_name, Bridge Name], [bridge_type,Type], [chainage_(km), Chainage (km)], [road_no, On Road], [division, Division], [subdivision, Subdivision], [bridge_length_(m), Length (m)], [bridge_width_(m), Width (m)],[map_link(=>{type:link, format:weblink}, Google Map,newtab=>),Google Map View],[bms_inventory(=>{type:link, format:weblink}, BMS Link,newtab=>), BMS Inventory],[bms_detail(=>{type:link, format:weblink},BMS Link,newtab=>), BMS Detailed View]","f_class_name":"Portable Steel Bridge","f_class_color":"#29ffa4"},"geometry":{"type":"Point","coordinates":[91.4416667,23.0036111]}},
{"type":"Feature","properties":{"id":2391,"sl":13963,"map_link":"https://maps.google.com/?q=23.00333330000000000,91.44361110000000000&amp;z=8&amp;t=k","image_popup":"8088/bms/assets/uploads/images/bridges/bridge_2391/1654064045.jpg","bridge_name":"Shopner Setu Bridge","bridge_type":"Small Slab Bridge","road_no":"Z1134","zone":"Cumilla","circle":"Noakhali","division":"Feni","subdivision":"Feni -1","sae":"Section 1","bridge_length_(m)":2.3,"bridge_width_(m)":6.3,"chainage_(km)":5.133,"xcoord":91.4436111,"ycoord":23.0033333,"bms_inventory":"http://bms.rhd.gov.bd:8088/bms/bridges/inventory_view/2391","bms_detail":"http://bms.rhd.gov.bd:8088/bms/bridges/detail_view/2391","keys":"[bridge_name, Bridge Name], [bridge_type,Type], [chainage_(km), Chainage (km)], [road_no, On Road], [division, Division], [subdivision, Subdivision], [bridge_length_(m), Length (m)], [bridge_width_(m), Width (m)],[map_link(=>{type:link, format:weblink}, Google Map,newtab=>),Google Map View],[bms_inventory(=>{type:link, format:weblink}, BMS Link,newtab=>), BMS Inventory],[bms_detail(=>{type:link, format:weblink},BMS Link,newtab=>), BMS Detailed View]","f_class_name":"Small Slab Bridge","f_class_color":"#13b7dd"},"geometry":{"type":"Point","coordinates":[91.4436111,23.0033333]}},
{"type":"Feature","properties":{"id":2392,"sl":1928,"map_link":"https://maps.google.com/?q=22.99777780000000000,91.49027780000000000&amp;z=8&amp;t=k","image_popup":"8088/bms/assets/uploads/images/bridges/bridge_2392/1654065277.jpg","bridge_name":"Bhuiyarhat Bridge","bridge_type":"PC Girder Bridge","road_no":"Z1134","zone":"Cumilla","circle":"Noakhali","division":"Feni","subdivision":"Feni -1","sae":"Section 1","bridge_length_(m)":75.0,"bridge_width_(m)":10.2,"chainage_(km)":9.945,"xcoord":91.4902778,"ycoord":22.9977778,"bms_inventory":"http://bms.rhd.gov.bd:8088/bms/bridges/inventory_view/2392","bms_detail":"http://bms.rhd.gov.bd:8088/bms/bridges/detail_view/2392","keys":"[bridge_name, Bridge Name], [bridge_type,Type], [chainage_(km), Chainage (km)], [road_no, On Road], [division, Division], [subdivision, Subdivision], [bridge_length_(m), Length (m)], [bridge_width_(m), Width (m)],[map_link(=>{type:link, format:weblink}, Google Map,newtab=>),Google Map View],[bms_inventory(=>{type:link, format:weblink}, BMS Link,newtab=>), BMS Inventory],[bms_detail(=>{type:link, format:weblink},BMS Link,newtab=>), BMS Detailed View]","f_class_name":"PC Girder Bridge","f_class_color":"#6ebed6"},"geometry":{"type":"Point","coordinates":[91.4902778,22.9977778]}},
{"type":"Feature","properties":{"id":2395,"sl":10480,"map_link":"https://maps.google.com/?q=22.99555560000000000,91.46916670000000000&amp;z=8&amp;t=k","image_popup":"8088/bms/assets/uploads/images/bridges/bridge_2395/1654065352.jpg","bridge_name":"Motobi Bridge","bridge_type":"Small Slab Bridge","road_no":"Z1134","zone":"Cumilla","circle":"Noakhali","division":"Feni","subdivision":"Feni -1","sae":"Section 1","bridge_length_(m)":1.7,"bridge_width_(m)":7.2,"chainage_(km)":7.09,"xcoord":91.4691667,"ycoord":22.9955556,"bms_inventory":"http://bms.rhd.gov.bd:8088/bms/bridges/inventory_view/2395","bms_detail":"http://bms.rhd.gov.bd:8088/bms/bridges/detail_view/2395","keys":"[bridge_name, Bridge Name], [bridge_type,Type], [chainage_(km), Chainage (km)], [road_no, On Road], [division, Division], [subdivision, Subdivision], [bridge_length_(m), Length (m)], [bridge_width_(m), Width (m)],[map_link(=>{type:link, format:weblink}, Google Map,newtab=>),Google Map View],[bms_inventory(=>{type:link, format:weblink}, BMS Link,newtab=>), BMS Inventory],[bms_detail(=>{type:link, format:weblink},BMS Link,newtab=>), BMS Detailed View]","f_class_name":"Small Slab Bridge","f_class_color":"#13b7dd"},"geometry":{"type":"Point","coordinates":[91.4691667,22.9955556]}},
{"type":"Feature","properties":{"id":2406,"sl":9037,"map_link":"https://maps.google.com/?q=22.97583330000000000,91.41194440000000000&amp;z=8&amp;t=k","image_popup":"8088/bms/assets/uploads/images/bridges/bridge_2406/1654077701.jpg","bridge_name":"Lalpur Bridge.","bridge_type":"Small Slab Bridge","road_no":"Z1034","zone":"Cumilla","circle":"Noakhali","division":"Feni","subdivision":"Feni -1","sae":"SAE-Feni Sub Division 1-2","bridge_length_(m)":3.5,"bridge_width_(m)":9.8,"chainage_(km)":3.892,"xcoord":91.4119444,"ycoord":22.9758333,"bms_inventory":"http://bms.rhd.gov.bd:8088/bms/bridges/inventory_view/2406","bms_detail":"http://bms.rhd.gov.bd:8088/bms/bridges/detail_view/2406","keys":"[bridge_name, Bridge Name], [bridge_type,Type], [chainage_(km), Chainage (km)], [road_no, On Road], [division, Division], [subdivision, Subdivision], [bridge_length_(m), Length (m)], [bridge_width_(m), Width (m)],[map_link(=>{type:link, format:weblink}, Google Map,newtab=>),Google Map View],[bms_inventory(=>{type:link, format:weblink}, BMS Link,newtab=>), BMS Inventory],[bms_detail(=>{type:link, format:weblink},BMS Link,newtab=>), BMS Detailed View]","f_class_name":"Small Slab Bridge","f_class_color":"#13b7dd"},"geometry":{"type":"Point","coordinates":[91.4119444,22.9758333]}},
{"type":"Feature","properties":{"id":2409,"sl":5889,"map_link":"https://maps.google.com/?q=22.97250000000000000,91.41138890000000000&amp;z=8&amp;t=k","image_popup":"8088/bms/assets/uploads/images/bridges/bridge_2409/1654077932.jpg","bridge_name":"Govindapur Slab Bridge","bridge_type":"Small Slab Bridge","road_no":"Z1034","zone":"Cumilla","circle":"Noakhali","division":"Feni","subdivision":"Feni -1","sae":"SAE-Feni Sub Division 1-2","bridge_length_(m)":1.4,"bridge_width_(m)":9.3,"chainage_(km)":4.275,"xcoord":91.4113889,"ycoord":22.9725,"bms_inventory":"http://bms.rhd.gov.bd:8088/bms/bridges/inventory_view/2409","bms_detail":"http://bms.rhd.gov.bd:8088/bms/bridges/detail_view/2409","keys":"[bridge_name, Bridge Name], [bridge_type,Type], [chainage_(km), Chainage (km)], [road_no, On Road], [division, Division], [subdivision, Subdivision], [bridge_length_(m), Length (m)], [bridge_width_(m), Width (m)],[map_link(=>{type:link, format:weblink}, Google Map,newtab=>),Google Map View],[bms_inventory(=>{type:link, format:weblink}, BMS Link,newtab=>), BMS Inventory],[bms_detail(=>{type:link, format:weblink},BMS Link,newtab=>), BMS Detailed View]","f_class_name":"Small Slab Bridge","f_class_color":"#13b7dd"},"geometry":{"type":"Point","coordinates":[91.4113889,22.9725]}},
{"type":"Feature","properties":{"id":2410,"sl":3434,"map_link":"https://maps.google.com/?q=22.94527780000000000,91.40694440000000000&amp;z=8&amp;t=k","image_popup":"8088/bms/assets/uploads/images/bridges/bridge_2410/1654074119.jpg","bridge_name":"Chintarpul Bridge","bridge_type":"Small Slab Bridge","road_no":"Z1034","zone":"Cumilla","circle":"Noakhali","division":"Feni","subdivision":"Feni -1","sae":"SAE-Feni Sub Division 1-2","bridge_length_(m)":3.5,"bridge_width_(m)":9.7,"chainage_(km)":7.484,"xcoord":91.4069444,"ycoord":22.9452778,"bms_inventory":"http://bms.rhd.gov.bd:8088/bms/bridges/inventory_view/2410","bms_detail":"http://bms.rhd.gov.bd:8088/bms/bridges/detail_view/2410","keys":"[bridge_name, Bridge Name], [bridge_type,Type], [chainage_(km), Chainage (km)], [road_no, On Road], [division, Division], [subdivision, Subdivision], [bridge_length_(m), Length (m)], [bridge_width_(m), Width (m)],[map_link(=>{type:link, format:weblink}, Google Map,newtab=>),Google Map View],[bms_inventory(=>{type:link, format:weblink}, BMS Link,newtab=>), BMS Inventory],[bms_detail(=>{type:link, format:weblink},BMS Link,newtab=>), BMS Detailed View]","f_class_name":"Small Slab Bridge","f_class_color":"#13b7dd"},"geometry":{"type":"Point","coordinates":[91.4069444,22.9452778]}},
{"type":"Feature","properties":{"id":2412,"sl":5887,"map_link":"https://maps.google.com/?q=22.97027780000000000,91.40972220000000000&amp;z=8&amp;t=k","image_popup":"8088/bms/assets/uploads/images/bridges/bridge_2412/1654078024.jpg","bridge_name":"Govindapur Slab Bridge-2","bridge_type":"Small Slab Bridge","road_no":"Z1034","zone":"Cumilla","circle":"Noakhali","division":"Feni","subdivision":"Feni -1","sae":"SAE-Feni Sub Division 1-2","bridge_length_(m)":3.4,"bridge_width_(m)":9.8,"chainage_(km)":4.567,"xcoord":91.4097222,"ycoord":22.9702778,"bms_inventory":"http://bms.rhd.gov.bd:8088/bms/bridges/inventory_view/2412","bms_detail":"http://bms.rhd.gov.bd:8088/bms/bridges/detail_view/2412","keys":"[bridge_name, Bridge Name], [bridge_type,Type], [chainage_(km), Chainage (km)], [road_no, On Road], [division, Division], [subdivision, Subdivision], [bridge_length_(m), Length (m)], [bridge_width_(m), Width (m)],[map_link(=>{type:link, format:weblink}, Google Map,newtab=>),Google Map View],[bms_inventory(=>{type:link, format:weblink}, BMS Link,newtab=>), BMS Inventory],[bms_detail(=>{type:link, format:weblink},BMS Link,newtab=>), BMS Detailed View]","f_class_name":"Small Slab Bridge","f_class_color":"#13b7dd"},"geometry":{"type":"Point","coordinates":[91.4097222,22.9702778]}},
{"type":"Feature","properties":{"id":2414,"sl":5888,"map_link":"https://maps.google.com/?q=22.96416670000000000,91.40777780000000000&amp;z=8&amp;t=k","image_popup":"8088/bms/assets/uploads/images/bridges/bridge_2414/1655289400.jpg","bridge_name":"Govindapur Slab Bridge-3","bridge_type":"Small Slab Bridge","road_no":"Z1034","zone":"Cumilla","circle":"Noakhali","division":"Feni","subdivision":"Feni -1","sae":"SAE-Feni Sub Division 1-2","bridge_length_(m)":3.45,"bridge_width_(m)":9.6,"chainage_(km)":5.331,"xcoord":91.4077778,"ycoord":22.9641667,"bms_inventory":"http://bms.rhd.gov.bd:8088/bms/bridges/inventory_view/2414","bms_detail":"http://bms.rhd.gov.bd:8088/bms/bridges/detail_view/2414","keys":"[bridge_name, Bridge Name], [bridge_type,Type], [chainage_(km), Chainage (km)], [road_no, On Road], [division, Division], [subdivision, Subdivision], [bridge_length_(m), Length (m)], [bridge_width_(m), Width (m)],[map_link(=>{type:link, format:weblink}, Google Map,newtab=>),Google Map View],[bms_inventory(=>{type:link, format:weblink}, BMS Link,newtab=>), BMS Inventory],[bms_detail(=>{type:link, format:weblink},BMS Link,newtab=>), BMS Detailed View]","f_class_name":"Small Slab Bridge","f_class_color":"#13b7dd"},"geometry":{"type":"Point","coordinates":[91.4077778,22.9641667]}},
{"type":"Feature","properties":{"id":2415,"sl":9114,"map_link":"https://maps.google.com/?q=22.99583330000000000,91.50055560000000000&amp;z=8&amp;t=k","image_popup":"8088/bms/assets/uploads/images/bridges/bridge_2415/1654074611.jpg","bridge_name":"Laxmipur Bridge","bridge_type":"RC Girder Bridge","road_no":"Z1134","zone":"Cumilla","circle":"Noakhali","division":"Feni","subdivision":"Feni -1","sae":"Section 1","bridge_length_(m)":11.5,"bridge_width_(m)":4.8,"chainage_(km)":11.598,"xcoord":91.5005556,"ycoord":22.9958333,"bms_inventory":"http://bms.rhd.gov.bd:8088/bms/bridges/inventory_view/2415","bms_detail":"http://bms.rhd.gov.bd:8088/bms/bridges/detail_view/2415","keys":"[bridge_name, Bridge Name], [bridge_type,Type], [chainage_(km), Chainage (km)], [road_no, On Road], [division, Division], [subdivision, Subdivision], [bridge_length_(m), Length (m)], [bridge_width_(m), Width (m)],[map_link(=>{type:link, format:weblink}, Google Map,newtab=>),Google Map View],[bms_inventory(=>{type:link, format:weblink}, BMS Link,newtab=>), BMS Inventory],[bms_detail(=>{type:link, format:weblink},BMS Link,newtab=>), BMS Detailed View]","f_class_name":"RC Girder Bridge","f_class_color":"#e8f674"},"geometry":{"type":"Point","coordinates":[91.5005556,22.9958333]}},
{"type":"Feature","properties":{"id":2418,"sl":5890,"map_link":"https://maps.google.com/?q=22.96166670000000000,91.40750000000000000&amp;z=8&amp;t=k","image_popup":"8088/bms/assets/uploads/images/bridges/bridge_2418/1654145970.jpg","bridge_name":"Govindapur Slab Bridge-4","bridge_type":"Small Slab Bridge","road_no":"Z1034","zone":"Cumilla","circle":"Noakhali","division":"Feni","subdivision":"Feni -1","sae":"SAE-Feni Sub Division 1-2","bridge_length_(m)":3.4,"bridge_width_(m)":9.7,"chainage_(km)":5.612,"xcoord":91.4075,"ycoord":22.9616667,"bms_inventory":"http://bms.rhd.gov.bd:8088/bms/bridges/inventory_view/2418","bms_detail":"http://bms.rhd.gov.bd:8088/bms/bridges/detail_view/2418","keys":"[bridge_name, Bridge Name], [bridge_type,Type], [chainage_(km), Chainage (km)], [road_no, On Road], [division, Division], [subdivision, Subdivision], [bridge_length_(m), Length (m)], [bridge_width_(m), Width (m)],[map_link(=>{type:link, format:weblink}, Google Map,newtab=>),Google Map View],[bms_inventory(=>{type:link, format:weblink}, BMS Link,newtab=>), BMS Inventory],[bms_detail(=>{type:link, format:weblink},BMS Link,newtab=>), BMS Detailed View]","f_class_name":"Small Slab Bridge","f_class_color":"#13b7dd"},"geometry":{"type":"Point","coordinates":[91.4075,22.9616667]}},
{"type":"Feature","properties":{"id":2419,"sl":9115,"map_link":"https://maps.google.com/?q=22.99583330000000000,91.50416670000000000&amp;z=8&amp;t=k","image_popup":"8088/bms/assets/uploads/images/bridges/bridge_2419/1654075106.jpg","bridge_name":"Laxmipur Bridge- 2","bridge_type":"Small Slab Bridge","road_no":"Z1134","zone":"Cumilla","circle":"Noakhali","division":"Feni","subdivision":"Feni -1","sae":"Section 1","bridge_length_(m)":2.0,"bridge_width_(m)":6.0,"chainage_(km)":12.479,"xcoord":91.5041667,"ycoord":22.9958333,"bms_inventory":"http://bms.rhd.gov.bd:8088/bms/bridges/inventory_view/2419","bms_detail":"http://bms.rhd.gov.bd:8088/bms/bridges/detail_view/2419","keys":"[bridge_name, Bridge Name], [bridge_type,Type], [chainage_(km), Chainage (km)], [road_no, On Road], [division, Division], [subdivision, Subdivision], [bridge_length_(m), Length (m)], [bridge_width_(m), Width (m)],[map_link(=>{type:link, format:weblink}, Google Map,newtab=>),Google Map View],[bms_inventory(=>{type:link, format:weblink}, BMS Link,newtab=>), BMS Inventory],[bms_detail(=>{type:link, format:weblink},BMS Link,newtab=>), BMS Detailed View]","f_class_name":"Small Slab Bridge","f_class_color":"#13b7dd"},"geometry":{"type":"Point","coordinates":[91.5041667,22.9958333]}},
{"type":"Feature","properties":{"id":2420,"sl":7431,"map_link":"https://maps.google.com/?q=22.95861110000000000,91.40777780000000000&amp;z=8&amp;t=k","image_popup":"8088/bms/assets/uploads/images/bridges/bridge_2420/1654078371.jpg","bridge_name":"Kalghar Slab Bridge","bridge_type":"Small Slab Bridge","road_no":"Z1034","zone":"Cumilla","circle":"Noakhali","division":"Feni","subdivision":"Feni -1","sae":"SAE-Feni Sub Division 1-2","bridge_length_(m)":3.45,"bridge_width_(m)":9.7,"chainage_(km)":5.946,"xcoord":91.4077778,"ycoord":22.9586111,"bms_inventory":"http://bms.rhd.gov.bd:8088/bms/bridges/inventory_view/2420","bms_detail":"http://bms.rhd.gov.bd:8088/bms/bridges/detail_view/2420","keys":"[bridge_name, Bridge Name], [bridge_type,Type], [chainage_(km), Chainage (km)], [road_no, On Road], [division, Division], [subdivision, Subdivision], [bridge_length_(m), Length (m)], [bridge_width_(m), Width (m)],[map_link(=>{type:link, format:weblink}, Google Map,newtab=>),Google Map View],[bms_inventory(=>{type:link, format:weblink}, BMS Link,newtab=>), BMS Inventory],[bms_detail(=>{type:link, format:weblink},BMS Link,newtab=>), BMS Detailed View]","f_class_name":"Small Slab Bridge","f_class_color":"#13b7dd"},"geometry":{"type":"Point","coordinates":[91.4077778,22.9586111]}},
{"type":"Feature","properties":{"id":2421,"sl":4366,"map_link":"https://maps.google.com/?q=22.93472220000000000,91.40694440000000000&amp;z=8&amp;t=k","image_popup":"8088/bms/assets/uploads/images/bridges/bridge_2421/1654075542.jpg","bridge_name":"Dholiya Bridge","bridge_type":"Small Slab Bridge","road_no":"Z1034","zone":"Cumilla","circle":"Noakhali","division":"Feni","subdivision":"Feni -1","sae":"SAE-Feni Sub Division 1-2","bridge_length_(m)":3.45,"bridge_width_(m)":9.7,"chainage_(km)":8.661,"xcoord":91.4069444,"ycoord":22.9347222,"bms_inventory":"http://bms.rhd.gov.bd:8088/bms/bridges/inventory_view/2421","bms_detail":"http://bms.rhd.gov.bd:8088/bms/bridges/detail_view/2421","keys":"[bridge_name, Bridge Name], [bridge_type,Type], [chainage_(km), Chainage (km)], [road_no, On Road], [division, Division], [subdivision, Subdivision], [bridge_length_(m), Length (m)], [bridge_width_(m), Width (m)],[map_link(=>{type:link, format:weblink}, Google Map,newtab=>),Google Map View],[bms_inventory(=>{type:link, format:weblink}, BMS Link,newtab=>), BMS Inventory],[bms_detail(=>{type:link, format:weblink},BMS Link,newtab=>), BMS Detailed View]","f_class_name":"Small Slab Bridge","f_class_color":"#13b7dd"},"geometry":{"type":"Point","coordinates":[91.4069444,22.9347222]}},
{"type":"Feature","properties":{"id":2422,"sl":7432,"map_link":"https://maps.google.com/?q=22.95611110000000000,91.40805560000000000&amp;z=8&amp;t=k","image_popup":"8088/bms/assets/uploads/images/bridges/bridge_2422/1654078472.jpg","bridge_name":"Kalghar Slab Bridge-2","bridge_type":"Small Slab Bridge","road_no":"Z1034","zone":"Cumilla","circle":"Noakhali","division":"Feni","subdivision":"Feni -1","sae":"SAE-Feni Sub Division 1-2","bridge_length_(m)":3.5,"bridge_width_(m)":9.7,"chainage_(km)":6.24,"xcoord":91.4080556,"ycoord":22.9561111,"bms_inventory":"http://bms.rhd.gov.bd:8088/bms/bridges/inventory_view/2422","bms_detail":"http://bms.rhd.gov.bd:8088/bms/bridges/detail_view/2422","keys":"[bridge_name, Bridge Name], [bridge_type,Type], [chainage_(km), Chainage (km)], [road_no, On Road], [division, Division], [subdivision, Subdivision], [bridge_length_(m), Length (m)], [bridge_width_(m), Width (m)],[map_link(=>{type:link, format:weblink}, Google Map,newtab=>),Google Map View],[bms_inventory(=>{type:link, format:weblink}, BMS Link,newtab=>), BMS Inventory],[bms_detail(=>{type:link, format:weblink},BMS Link,newtab=>), BMS Detailed View]","f_class_name":"Small Slab Bridge","f_class_color":"#13b7dd"},"geometry":{"type":"Point","coordinates":[91.4080556,22.9561111]}},
{"type":"Feature","properties":{"id":2424,"sl":1061,"map_link":"https://maps.google.com/?q=22.95000000000000000,91.40777780000000000&amp;z=8&amp;t=k","image_popup":"8088/bms/assets/uploads/images/bridges/bridge_2424/1654399960.jpg","bridge_name":"Baishghuriya Bridge","bridge_type":"Small Slab Bridge","road_no":"Z1034","zone":"Cumilla","circle":"Noakhali","division":"Feni","subdivision":"Feni -1","sae":"SAE-Feni Sub Division 1-2","bridge_length_(m)":3.6,"bridge_width_(m)":9.7,"chainage_(km)":6.929,"xcoord":91.4077778,"ycoord":22.95,"bms_inventory":"http://bms.rhd.gov.bd:8088/bms/bridges/inventory_view/2424","bms_detail":"http://bms.rhd.gov.bd:8088/bms/bridges/detail_view/2424","keys":"[bridge_name, Bridge Name], [bridge_type,Type], [chainage_(km), Chainage (km)], [road_no, On Road], [division, Division], [subdivision, Subdivision], [bridge_length_(m), Length (m)], [bridge_width_(m), Width (m)],[map_link(=>{type:link, format:weblink}, Google Map,newtab=>),Google Map View],[bms_inventory(=>{type:link, format:weblink}, BMS Link,newtab=>), BMS Inventory],[bms_detail(=>{type:link, format:weblink},BMS Link,newtab=>), BMS Detailed View]","f_class_name":"Small Slab Bridge","f_class_color":"#13b7dd"},"geometry":{"type":"Point","coordinates":[91.4077778,22.95]}},
{"type":"Feature","properties":{"id":2425,"sl":4365,"map_link":"https://maps.google.com/?q=22.92694440000000000,91.40944440000000000&amp;z=8&amp;t=k","image_popup":"8088/bms/assets/uploads/images/bridges/bridge_2425/1654076232.jpg","bridge_name":"Dholiya Bazar Bridge","bridge_type":"Small Slab Bridge","road_no":"Z1034","zone":"Cumilla","circle":"Noakhali","division":"Feni","subdivision":"Feni -1","sae":"SAE-Feni Sub Division 1-2","bridge_length_(m)":3.4,"bridge_width_(m)":9.7,"chainage_(km)":9.574,"xcoord":91.4094444,"ycoord":22.9269444,"bms_inventory":"http://bms.rhd.gov.bd:8088/bms/bridges/inventory_view/2425","bms_detail":"http://bms.rhd.gov.bd:8088/bms/bridges/detail_view/2425","keys":"[bridge_name, Bridge Name], [bridge_type,Type], [chainage_(km), Chainage (km)], [road_no, On Road], [division, Division], [subdivision, Subdivision], [bridge_length_(m), Length (m)], [bridge_width_(m), Width (m)],[map_link(=>{type:link, format:weblink}, Google Map,newtab=>),Google Map View],[bms_inventory(=>{type:link, format:weblink}, BMS Link,newtab=>), BMS Inventory],[bms_detail(=>{type:link, format:weblink},BMS Link,newtab=>), BMS Detailed View]","f_class_name":"Small Slab Bridge","f_class_color":"#13b7dd"},"geometry":{"type":"Point","coordinates":[91.4094444,22.9269444]}},
{"type":"Feature","properties":{"id":2440,"sl":15171,"map_link":"https://maps.google.com/?q=22.86027780000000000,91.39583330000000000&amp;z=8&amp;t=k","image_popup":"8088/bms/assets/uploads/images/bridges/bridge_2440/1654402695.jpg","bridge_name":"Tolatuli Slab Bridge","bridge_type":"Small Slab Bridge","road_no":"Z1034","zone":"Cumilla","circle":"Noakhali","division":"Feni","subdivision":"Feni -1","sae":"SAE-Feni Sub Division 1-2","bridge_length_(m)":5.0,"bridge_width_(m)":10.3,"chainage_(km)":17.875,"xcoord":91.3958333,"ycoord":22.8602778,"bms_inventory":"http://bms.rhd.gov.bd:8088/bms/bridges/inventory_view/2440","bms_detail":"http://bms.rhd.gov.bd:8088/bms/bridges/detail_view/2440","keys":"[bridge_name, Bridge Name], [bridge_type,Type], [chainage_(km), Chainage (km)], [road_no, On Road], [division, Division], [subdivision, Subdivision], [bridge_length_(m), Length (m)], [bridge_width_(m), Width (m)],[map_link(=>{type:link, format:weblink}, Google Map,newtab=>),Google Map View],[bms_inventory(=>{type:link, format:weblink}, BMS Link,newtab=>), BMS Inventory],[bms_detail(=>{type:link, format:weblink},BMS Link,newtab=>), BMS Detailed View]","f_class_name":"Small Slab Bridge","f_class_color":"#13b7dd"},"geometry":{"type":"Point","coordinates":[91.3958333,22.8602778]}},
{"type":"Feature","properties":{"id":2455,"sl":10005,"map_link":"https://maps.google.com/?q=22.89972220000000000,91.38138890000000000&amp;z=8&amp;t=k","image_popup":"8088/bms/assets/uploads/images/bridges/bridge_2455/1654426558.jpg","bridge_name":"Moddho Mongolkanti Bridge","bridge_type":"Small Slab Bridge","road_no":"Z1425","zone":"Cumilla","circle":"Noakhali","division":"Feni","subdivision":"Feni -1","sae":"SAE-Feni Sub Division 1-2","bridge_length_(m)":1.7,"bridge_width_(m)":7.3,"chainage_(km)":2.363,"xcoord":91.3813889,"ycoord":22.8997222,"bms_inventory":"http://bms.rhd.gov.bd:8088/bms/bridges/inventory_view/2455","bms_detail":"http://bms.rhd.gov.bd:8088/bms/bridges/detail_view/2455","keys":"[bridge_name, Bridge Name], [bridge_type,Type], [chainage_(km), Chainage (km)], [road_no, On Road], [division, Division], [subdivision, Subdivision], [bridge_length_(m), Length (m)], [bridge_width_(m), Width (m)],[map_link(=>{type:link, format:weblink}, Google Map,newtab=>),Google Map View],[bms_inventory(=>{type:link, format:weblink}, BMS Link,newtab=>), BMS Inventory],[bms_detail(=>{type:link, format:weblink},BMS Link,newtab=>), BMS Detailed View]","f_class_name":"Small Slab Bridge","f_class_color":"#13b7dd"},"geometry":{"type":"Point","coordinates":[91.3813889,22.8997222]}},
{"type":"Feature","properties":{"id":2456,"sl":10006,"map_link":"https://maps.google.com/?q=22.89833330000000000,91.37972220000000000&amp;z=8&amp;t=k","image_popup":"8088/bms/assets/uploads/images/bridges/bridge_2456/1654427097.jpg","bridge_name":"Moddho Mongolkanti Bridge 2","bridge_type":"Small Slab Bridge","road_no":"Z1425","zone":"Cumilla","circle":"Noakhali","division":"Feni","subdivision":"Feni -1","sae":"SAE-Feni Sub Division 1-2","bridge_length_(m)":1.6,"bridge_width_(m)":7.3,"chainage_(km)":2.592,"xcoord":91.3797222,"ycoord":22.8983333,"bms_inventory":"http://bms.rhd.gov.bd:8088/bms/bridges/inventory_view/2456","bms_detail":"http://bms.rhd.gov.bd:8088/bms/bridges/detail_view/2456","keys":"[bridge_name, Bridge Name], [bridge_type,Type], [chainage_(km), Chainage (km)], [road_no, On Road], [division, Division], [subdivision, Subdivision], [bridge_length_(m), Length (m)], [bridge_width_(m), Width (m)],[map_link(=>{type:link, format:weblink}, Google Map,newtab=>),Google Map View],[bms_inventory(=>{type:link, format:weblink}, BMS Link,newtab=>), BMS Inventory],[bms_detail(=>{type:link, format:weblink},BMS Link,newtab=>), BMS Detailed View]","f_class_name":"Small Slab Bridge","f_class_color":"#13b7dd"},"geometry":{"type":"Point","coordinates":[91.3797222,22.8983333]}},
{"type":"Feature","properties":{"id":2461,"sl":9777,"map_link":"https://maps.google.com/?q=22.92500000000000000,91.34472220000000000&amp;z=8&amp;t=k","image_popup":"8088/bms/assets/uploads/images/bridges/bridge_2461/1654488434.jpg","bridge_name":"Miajir Haaat Bridge","bridge_type":"PC Girder Bridge","road_no":"Z1425","zone":"Cumilla","circle":"Noakhali","division":"Feni","subdivision":"Feni -1","sae":"SAE-Feni Sub Division 1-2","bridge_length_(m)":94.0,"bridge_width_(m)":10.3,"chainage_(km)":10.685,"xcoord":91.3447222,"ycoord":22.925,"bms_inventory":"http://bms.rhd.gov.bd:8088/bms/bridges/inventory_view/2461","bms_detail":"http://bms.rhd.gov.bd:8088/bms/bridges/detail_view/2461","keys":"[bridge_name, Bridge Name], [bridge_type,Type], [chainage_(km), Chainage (km)], [road_no, On Road], [division, Division], [subdivision, Subdivision], [bridge_length_(m), Length (m)], [bridge_width_(m), Width (m)],[map_link(=>{type:link, format:weblink}, Google Map,newtab=>),Google Map View],[bms_inventory(=>{type:link, format:weblink}, BMS Link,newtab=>), BMS Inventory],[bms_detail(=>{type:link, format:weblink},BMS Link,newtab=>), BMS Detailed View]","f_class_name":"PC Girder Bridge","f_class_color":"#6ebed6"},"geometry":{"type":"Point","coordinates":[91.3447222,22.925]}},
{"type":"Feature","properties":{"id":2475,"sl":2064,"map_link":"https://maps.google.com/?q=23.00722220000000000,91.32833330000000000&amp;z=8&amp;t=k","image_popup":"8088/bms/assets/uploads/images/bridges/bridge_2475/1654506355.jpg","bridge_name":"Biruli Bazar Bridge","bridge_type":"Mixed Types Bridge","road_no":"Z1444","zone":"Cumilla","circle":"Noakhali","division":"Feni","subdivision":"Feni -1","sae":"Section 1","bridge_length_(m)":82.0,"bridge_width_(m)":9.7,"chainage_(km)":3.147,"xcoord":91.3283333,"ycoord":23.0072222,"bms_inventory":"http://bms.rhd.gov.bd:8088/bms/bridges/inventory_view/2475","bms_detail":"http://bms.rhd.gov.bd:8088/bms/bridges/detail_view/2475","keys":"[bridge_name, Bridge Name], [bridge_type,Type], [chainage_(km), Chainage (km)], [road_no, On Road], [division, Division], [subdivision, Subdivision], [bridge_length_(m), Length (m)], [bridge_width_(m), Width (m)],[map_link(=>{type:link, format:weblink}, Google Map,newtab=>),Google Map View],[bms_inventory(=>{type:link, format:weblink}, BMS Link,newtab=>), BMS Inventory],[bms_detail(=>{type:link, format:weblink},BMS Link,newtab=>), BMS Detailed View]","f_class_name":"Mixed Types Bridge","f_class_color":"#2edb93"},"geometry":{"type":"Point","coordinates":[91.3283333,23.0072222]}},
{"type":"Feature","properties":{"id":2482,"sl":6352,"map_link":"https://maps.google.com/?q=23.05138890000000000,91.51361110000000000&amp;z=8&amp;t=k","image_popup":"8088/bms/assets/uploads/images/bridges/bridge_2482/1654509326.jpg","bridge_name":"Hichachora Bridge","bridge_type":"RC Girder Bridge","road_no":"Z1035","zone":"Cumilla","circle":"Noakhali","division":"Feni","subdivision":"Feni -2","sae":"Shuvopur","bridge_length_(m)":13.4,"bridge_width_(m)":10.3,"chainage_(km)":1.622,"xcoord":91.5136111,"ycoord":23.0513889,"bms_inventory":"http://bms.rhd.gov.bd:8088/bms/bridges/inventory_view/2482","bms_detail":"http://bms.rhd.gov.bd:8088/bms/bridges/detail_view/2482","keys":"[bridge_name, Bridge Name], [bridge_type,Type], [chainage_(km), Chainage (km)], [road_no, On Road], [division, Division], [subdivision, Subdivision], [bridge_length_(m), Length (m)], [bridge_width_(m), Width (m)],[map_link(=>{type:link, format:weblink}, Google Map,newtab=>),Google Map View],[bms_inventory(=>{type:link, format:weblink}, BMS Link,newtab=>), BMS Inventory],[bms_detail(=>{type:link, format:weblink},BMS Link,newtab=>), BMS Detailed View]","f_class_name":"RC Girder Bridge","f_class_color":"#e8f674"},"geometry":{"type":"Point","coordinates":[91.5136111,23.0513889]}},
{"type":"Feature","properties":{"id":2485,"sl":9692,"map_link":"https://maps.google.com/?q=23.06555560000000000,91.50611110000000000&amp;z=8&amp;t=k","image_popup":"8088/bms/assets/uploads/images/bridges/bridge_2485/1654510654.jpg","bridge_name":"Matudduari Bridge","bridge_type":"RC Girder Bridge","road_no":"Z1035","zone":"Cumilla","circle":"Noakhali","division":"Feni","subdivision":"Feni -2","sae":"Shuvopur","bridge_length_(m)":13.28,"bridge_width_(m)":5.67,"chainage_(km)":3.35,"xcoord":91.5061111,"ycoord":23.0655556,"bms_inventory":"http://bms.rhd.gov.bd:8088/bms/bridges/inventory_view/2485","bms_detail":"http://bms.rhd.gov.bd:8088/bms/bridges/detail_view/2485","keys":"[bridge_name, Bridge Name], [bridge_type,Type], [chainage_(km), Chainage (km)], [road_no, On Road], [division, Division], [subdivision, Subdivision], [bridge_length_(m), Length (m)], [bridge_width_(m), Width (m)],[map_link(=>{type:link, format:weblink}, Google Map,newtab=>),Google Map View],[bms_inventory(=>{type:link, format:weblink}, BMS Link,newtab=>), BMS Inventory],[bms_detail(=>{type:link, format:weblink},BMS Link,newtab=>), BMS Detailed View]","f_class_name":"RC Girder Bridge","f_class_color":"#e8f674"},"geometry":{"type":"Point","coordinates":[91.5061111,23.0655556]}},
{"type":"Feature","properties":{"id":2489,"sl":2892,"map_link":"https://maps.google.com/?q=23.07166670000000000,91.50388890000000000&amp;z=8&amp;t=k","image_popup":"8088/bms/assets/uploads/images/bridges/bridge_2489/1654512435.jpg","bridge_name":"Chadgazi Bridge","bridge_type":"RC Girder Bridge","road_no":"Z1035","zone":"Cumilla","circle":"Noakhali","division":"Feni","subdivision":"Feni -2","sae":"Shuvopur","bridge_length_(m)":18.26,"bridge_width_(m)":4.86,"chainage_(km)":4.17,"xcoord":91.5038889,"ycoord":23.0716667,"bms_inventory":"http://bms.rhd.gov.bd:8088/bms/bridges/inventory_view/2489","bms_detail":"http://bms.rhd.gov.bd:8088/bms/bridges/detail_view/2489","keys":"[bridge_name, Bridge Name], [bridge_type,Type], [chainage_(km), Chainage (km)], [road_no, On Road], [division, Division], [subdivision, Subdivision], [bridge_length_(m), Length (m)], [bridge_width_(m), Width (m)],[map_link(=>{type:link, format:weblink}, Google Map,newtab=>),Google Map View],[bms_inventory(=>{type:link, format:weblink}, BMS Link,newtab=>), BMS Inventory],[bms_detail(=>{type:link, format:weblink},BMS Link,newtab=>), BMS Detailed View]","f_class_name":"RC Girder Bridge","f_class_color":"#e8f674"},"geometry":{"type":"Point","coordinates":[91.5038889,23.0716667]}},
{"type":"Feature","properties":{"id":2490,"sl":2894,"map_link":"https://maps.google.com/?q=23.07666670000000000,91.50361110000000000&amp;z=8&amp;t=k","image_popup":"8088/bms/assets/uploads/images/bridges/bridge_2490/1654573650.jpg","bridge_name":"Chadgazi Mohamaya Bridge","bridge_type":"PC Girder Bridge","road_no":"Z1035","zone":"Cumilla","circle":"Noakhali","division":"Feni","subdivision":"Feni -2","sae":"Shuvopur","bridge_length_(m)":22.0,"bridge_width_(m)":10.14,"chainage_(km)":4.72,"xcoord":91.5036111,"ycoord":23.0766667,"bms_inventory":"http://bms.rhd.gov.bd:8088/bms/bridges/inventory_view/2490","bms_detail":"http://bms.rhd.gov.bd:8088/bms/bridges/detail_view/2490","keys":"[bridge_name, Bridge Name], [bridge_type,Type], [chainage_(km), Chainage (km)], [road_no, On Road], [division, Division], [subdivision, Subdivision], [bridge_length_(m), Length (m)], [bridge_width_(m), Width (m)],[map_link(=>{type:link, format:weblink}, Google Map,newtab=>),Google Map View],[bms_inventory(=>{type:link, format:weblink}, BMS Link,newtab=>), BMS Inventory],[bms_detail(=>{type:link, format:weblink},BMS Link,newtab=>), BMS Detailed View]","f_class_name":"PC Girder Bridge","f_class_color":"#6ebed6"},"geometry":{"type":"Point","coordinates":[91.5036111,23.0766667]}},
{"type":"Feature","properties":{"id":2495,"sl":4193,"map_link":"https://maps.google.com/?q=23.09277780000000000,91.50000000000000000&amp;z=8&amp;t=k","image_popup":"8088/bms/assets/uploads/images/bridges/bridge_2495/1654575440.jpg","bridge_name":"Debpur Bridge","bridge_type":"Small Slab Bridge","road_no":"Z1035","zone":"Cumilla","circle":"Noakhali","division":"Feni","subdivision":"Feni -2","sae":"Shuvopur","bridge_length_(m)":4.9,"bridge_width_(m)":6.66,"chainage_(km)":6.09,"xcoord":91.5,"ycoord":23.0927778,"bms_inventory":"http://bms.rhd.gov.bd:8088/bms/bridges/inventory_view/2495","bms_detail":"http://bms.rhd.gov.bd:8088/bms/bridges/detail_view/2495","keys":"[bridge_name, Bridge Name], [bridge_type,Type], [chainage_(km), Chainage (km)], [road_no, On Road], [division, Division], [subdivision, Subdivision], [bridge_length_(m), Length (m)], [bridge_width_(m), Width (m)],[map_link(=>{type:link, format:weblink}, Google Map,newtab=>),Google Map View],[bms_inventory(=>{type:link, format:weblink}, BMS Link,newtab=>), BMS Inventory],[bms_detail(=>{type:link, format:weblink},BMS Link,newtab=>), BMS Detailed View]","f_class_name":"Small Slab Bridge","f_class_color":"#13b7dd"},"geometry":{"type":"Point","coordinates":[91.5,23.0927778]}},
{"type":"Feature","properties":{"id":2496,"sl":12471,"map_link":"https://maps.google.com/?q=23.01527780000000000,91.30777780000000000&amp;z=8&amp;t=k","image_popup":"8088/bms/assets/uploads/images/bridges/bridge_2496/1654575623.jpg","bridge_name":"Rajapur Bazar Bridge","bridge_type":"RC Girder Bridge","road_no":"Z1444","zone":"Cumilla","circle":"Noakhali","division":"Feni","subdivision":"Feni -1","sae":"Section 1","bridge_length_(m)":16.0,"bridge_width_(m)":10.25,"chainage_(km)":5.82,"xcoord":91.3077778,"ycoord":23.0152778,"bms_inventory":"http://bms.rhd.gov.bd:8088/bms/bridges/inventory_view/2496","bms_detail":"http://bms.rhd.gov.bd:8088/bms/bridges/detail_view/2496","keys":"[bridge_name, Bridge Name], [bridge_type,Type], [chainage_(km), Chainage (km)], [road_no, On Road], [division, Division], [subdivision, Subdivision], [bridge_length_(m), Length (m)], [bridge_width_(m), Width (m)],[map_link(=>{type:link, format:weblink}, Google Map,newtab=>),Google Map View],[bms_inventory(=>{type:link, format:weblink}, BMS Link,newtab=>), BMS Inventory],[bms_detail(=>{type:link, format:weblink},BMS Link,newtab=>), BMS Detailed View]","f_class_name":"RC Girder Bridge","f_class_color":"#e8f674"},"geometry":{"type":"Point","coordinates":[91.3077778,23.0152778]}},
{"type":"Feature","properties":{"id":2497,"sl":8650,"map_link":"https://maps.google.com/?q=23.10194440000000000,91.49583330000000000&amp;z=8&amp;t=k","image_popup":"8088/bms/assets/uploads/images/bridges/bridge_2497/1654576035.jpg","bridge_name":"Korchachora Bridge","bridge_type":"RC Girder Bridge","road_no":"Z1035","zone":"Cumilla","circle":"Noakhali","division":"Feni","subdivision":"Feni -2","sae":"Shuvopur","bridge_length_(m)":16.34,"bridge_width_(m)":5.0,"chainage_(km)":7.78,"xcoord":91.4958333,"ycoord":23.1019444,"bms_inventory":"http://bms.rhd.gov.bd:8088/bms/bridges/inventory_view/2497","bms_detail":"http://bms.rhd.gov.bd:8088/bms/bridges/detail_view/2497","keys":"[bridge_name, Bridge Name], [bridge_type,Type], [chainage_(km), Chainage (km)], [road_no, On Road], [division, Division], [subdivision, Subdivision], [bridge_length_(m), Length (m)], [bridge_width_(m), Width (m)],[map_link(=>{type:link, format:weblink}, Google Map,newtab=>),Google Map View],[bms_inventory(=>{type:link, format:weblink}, BMS Link,newtab=>), BMS Inventory],[bms_detail(=>{type:link, format:weblink},BMS Link,newtab=>), BMS Detailed View]","f_class_name":"RC Girder Bridge","f_class_color":"#e8f674"},"geometry":{"type":"Point","coordinates":[91.4958333,23.1019444]}},
{"type":"Feature","properties":{"id":2506,"sl":5695,"map_link":"https://maps.google.com/?q=23.13722220000000000,91.48222220000000000&amp;z=8&amp;t=k","image_popup":"8088/bms/assets/uploads/images/bridges/bridge_2506/1654578378.jpg","bridge_name":"Gojariya Brigde","bridge_type":"RC Girder Bridge","road_no":"Z1035","zone":"Cumilla","circle":"Noakhali","division":"Feni","subdivision":"Feni -2","sae":"Shuvopur","bridge_length_(m)":24.8,"bridge_width_(m)":10.2,"chainage_(km)":12.05,"xcoord":91.4822222,"ycoord":23.1372222,"bms_inventory":"http://bms.rhd.gov.bd:8088/bms/bridges/inventory_view/2506","bms_detail":"http://bms.rhd.gov.bd:8088/bms/bridges/detail_view/2506","keys":"[bridge_name, Bridge Name], [bridge_type,Type], [chainage_(km), Chainage (km)], [road_no, On Road], [division, Division], [subdivision, Subdivision], [bridge_length_(m), Length (m)], [bridge_width_(m), Width (m)],[map_link(=>{type:link, format:weblink}, Google Map,newtab=>),Google Map View],[bms_inventory(=>{type:link, format:weblink}, BMS Link,newtab=>), BMS Inventory],[bms_detail(=>{type:link, format:weblink},BMS Link,newtab=>), BMS Detailed View]","f_class_name":"RC Girder Bridge","f_class_color":"#e8f674"},"geometry":{"type":"Point","coordinates":[91.4822222,23.1372222]}},
{"type":"Feature","properties":{"id":2517,"sl":7738,"map_link":"https://maps.google.com/?q=23.17777780000000000,91.45555560000000000&amp;z=8&amp;t=k","image_popup":"8088/bms/assets/uploads/images/bridges/bridge_2517/1654583136.jpg","bridge_name":"Kaptan Bazar Bridge","bridge_type":"PC Girder Bridge","road_no":"Z1035","zone":"Cumilla","circle":"Noakhali","division":"Feni","subdivision":"Feni -2","sae":"Shuvopur","bridge_length_(m)":42.5,"bridge_width_(m)":10.3,"chainage_(km)":17.602,"xcoord":91.4555556,"ycoord":23.1777778,"bms_inventory":"http://bms.rhd.gov.bd:8088/bms/bridges/inventory_view/2517","bms_detail":"http://bms.rhd.gov.bd:8088/bms/bridges/detail_view/2517","keys":"[bridge_name, Bridge Name], [bridge_type,Type], [chainage_(km), Chainage (km)], [road_no, On Road], [division, Division], [subdivision, Subdivision], [bridge_length_(m), Length (m)], [bridge_width_(m), Width (m)],[map_link(=>{type:link, format:weblink}, Google Map,newtab=>),Google Map View],[bms_inventory(=>{type:link, format:weblink}, BMS Link,newtab=>), BMS Inventory],[bms_detail(=>{type:link, format:weblink},BMS Link,newtab=>), BMS Detailed View]","f_class_name":"PC Girder Bridge","f_class_color":"#6ebed6"},"geometry":{"type":"Point","coordinates":[91.4555556,23.1777778]}},
{"type":"Feature","properties":{"id":2524,"sl":12266,"map_link":"https://maps.google.com/?q=23.20916670000000000,91.44305560000000000&amp;z=8&amp;t=k","image_popup":"8088/bms/assets/uploads/images/bridges/bridge_2524/1654589811.jpg","bridge_name":"Purbo Onontopur Bridge","bridge_type":"Small Slab Bridge","road_no":"Z1035","zone":"Cumilla","circle":"Noakhali","division":"Feni","subdivision":"Feni -2","sae":"Shuvopur","bridge_length_(m)":2.3,"bridge_width_(m)":7.4,"chainage_(km)":21.294,"xcoord":91.4430556,"ycoord":23.2091667,"bms_inventory":"http://bms.rhd.gov.bd:8088/bms/bridges/inventory_view/2524","bms_detail":"http://bms.rhd.gov.bd:8088/bms/bridges/detail_view/2524","keys":"[bridge_name, Bridge Name], [bridge_type,Type], [chainage_(km), Chainage (km)], [road_no, On Road], [division, Division], [subdivision, Subdivision], [bridge_length_(m), Length (m)], [bridge_width_(m), Width (m)],[map_link(=>{type:link, format:weblink}, Google Map,newtab=>),Google Map View],[bms_inventory(=>{type:link, format:weblink}, BMS Link,newtab=>), BMS Inventory],[bms_detail(=>{type:link, format:weblink},BMS Link,newtab=>), BMS Detailed View]","f_class_name":"Small Slab Bridge","f_class_color":"#13b7dd"},"geometry":{"type":"Point","coordinates":[91.4430556,23.2091667]}},
{"type":"Feature","properties":{"id":2549,"sl":9032,"map_link":"https://maps.google.com/?q=22.99611110000000000,91.40055560000000000&amp;z=8&amp;t=k","image_popup":"8088/bms/assets/uploads/images/bridges/bridge_2549/1654681125.jpg","bridge_name":"Lalpul Bridge 2","bridge_type":"PC Girder Bridge","road_no":"N1","zone":"Cumilla","circle":"Noakhali","division":"Feni","subdivision":"Feni -1","sae":"Section 1","bridge_length_(m)":22.1,"bridge_width_(m)":10.8,"chainage_(km)":147.901,"xcoord":91.4005556,"ycoord":22.9961111,"bms_inventory":"http://bms.rhd.gov.bd:8088/bms/bridges/inventory_view/2549","bms_detail":"http://bms.rhd.gov.bd:8088/bms/bridges/detail_view/2549","keys":"[bridge_name, Bridge Name], [bridge_type,Type], [chainage_(km), Chainage (km)], [road_no, On Road], [division, Division], [subdivision, Subdivision], [bridge_length_(m), Length (m)], [bridge_width_(m), Width (m)],[map_link(=>{type:link, format:weblink}, Google Map,newtab=>),Google Map View],[bms_inventory(=>{type:link, format:weblink}, BMS Link,newtab=>), BMS Inventory],[bms_detail(=>{type:link, format:weblink},BMS Link,newtab=>), BMS Detailed View]","f_class_name":"PC Girder Bridge","f_class_color":"#6ebed6"},"geometry":{"type":"Point","coordinates":[91.4005556,22.9961111]}},
{"type":"Feature","properties":{"id":2551,"sl":9159,"map_link":"https://maps.google.com/?q=22.96250000000000000,91.44166670000000000&amp;z=8&amp;t=k","image_popup":"8088/bms/assets/uploads/images/bridges/bridge_2551/1654681960.jpg","bridge_name":"Lemua Bridge","bridge_type":"PC Girder Bridge","road_no":"N1","zone":"Cumilla","circle":"Noakhali","division":"Feni","subdivision":"Feni -1","sae":"Section 1","bridge_length_(m)":97.0,"bridge_width_(m)":11.0,"chainage_(km)":153.672,"xcoord":91.4416667,"ycoord":22.9625,"bms_inventory":"http://bms.rhd.gov.bd:8088/bms/bridges/inventory_view/2551","bms_detail":"http://bms.rhd.gov.bd:8088/bms/bridges/detail_view/2551","keys":"[bridge_name, Bridge Name], [bridge_type,Type], [chainage_(km), Chainage (km)], [road_no, On Road], [division, Division], [subdivision, Subdivision], [bridge_length_(m), Length (m)], [bridge_width_(m), Width (m)],[map_link(=>{type:link, format:weblink}, Google Map,newtab=>),Google Map View],[bms_inventory(=>{type:link, format:weblink}, BMS Link,newtab=>), BMS Inventory],[bms_detail(=>{type:link, format:weblink},BMS Link,newtab=>), BMS Detailed View]","f_class_name":"PC Girder Bridge","f_class_color":"#6ebed6"},"geometry":{"type":"Point","coordinates":[91.4416667,22.9625]}},
{"type":"Feature","properties":{"id":2552,"sl":9160,"map_link":"https://maps.google.com/?q=22.96250000000000000,91.44166670000000000&amp;z=8&amp;t=k","image_popup":"8088/bms/assets/uploads/images/bridges/bridge_2552/1654682421.jpg","bridge_name":"Lemua Bridge 2","bridge_type":"PC Girder Bridge","road_no":"N1","zone":"Cumilla","circle":"Noakhali","division":"Feni","subdivision":"Feni -1","sae":"Section 1","bridge_length_(m)":93.0,"bridge_width_(m)":10.8,"chainage_(km)":153.672,"xcoord":91.4416667,"ycoord":22.9625,"bms_inventory":"http://bms.rhd.gov.bd:8088/bms/bridges/inventory_view/2552","bms_detail":"http://bms.rhd.gov.bd:8088/bms/bridges/detail_view/2552","keys":"[bridge_name, Bridge Name], [bridge_type,Type], [chainage_(km), Chainage (km)], [road_no, On Road], [division, Division], [subdivision, Subdivision], [bridge_length_(m), Length (m)], [bridge_width_(m), Width (m)],[map_link(=>{type:link, format:weblink}, Google Map,newtab=>),Google Map View],[bms_inventory(=>{type:link, format:weblink}, BMS Link,newtab=>), BMS Inventory],[bms_detail(=>{type:link, format:weblink},BMS Link,newtab=>), BMS Detailed View]","f_class_name":"PC Girder Bridge","f_class_color":"#6ebed6"},"geometry":{"type":"Point","coordinates":[91.4416667,22.9625]}},
{"type":"Feature","properties":{"id":2560,"sl":5925,"map_link":"https://maps.google.com/?q=22.98166670000000000,91.30583330000000000&amp;z=8&amp;t=k","image_popup":"8088/bms/assets/uploads/images/bridges/bridge_2560/1654749310.jpg","bridge_name":"Gozaria Bridge","bridge_type":"PC Girder Bridge","road_no":"Z1443","zone":"Cumilla","circle":"Noakhali","division":"Feni","subdivision":"Feni -2","sae":"Shuvopur","bridge_length_(m)":25.0,"bridge_width_(m)":10.3,"chainage_(km)":4.047,"xcoord":91.3058333,"ycoord":22.9816667,"bms_inventory":"http://bms.rhd.gov.bd:8088/bms/bridges/inventory_view/2560","bms_detail":"http://bms.rhd.gov.bd:8088/bms/bridges/detail_view/2560","keys":"[bridge_name, Bridge Name], [bridge_type,Type], [chainage_(km), Chainage (km)], [road_no, On Road], [division, Division], [subdivision, Subdivision], [bridge_length_(m), Length (m)], [bridge_width_(m), Width (m)],[map_link(=>{type:link, format:weblink}, Google Map,newtab=>),Google Map View],[bms_inventory(=>{type:link, format:weblink}, BMS Link,newtab=>), BMS Inventory],[bms_detail(=>{type:link, format:weblink},BMS Link,newtab=>), BMS Detailed View]","f_class_name":"PC Girder Bridge","f_class_color":"#6ebed6"},"geometry":{"type":"Point","coordinates":[91.3058333,22.9816667]}},
{"type":"Feature","properties":{"id":2564,"sl":9691,"map_link":"https://maps.google.com/?q=22.95388890000000000,91.32611110000000000&amp;z=8&amp;t=k","image_popup":"8088/bms/assets/uploads/images/bridges/bridge_2564/1655268463.jpg","bridge_name":"Matu Bhuiyan Bridge","bridge_type":"RC Girder Bridge","road_no":"N104","zone":"Cumilla","circle":"Noakhali","division":"Feni","subdivision":"Feni -1","sae":"Section 1","bridge_length_(m)":49.36,"bridge_width_(m)":8.3,"chainage_(km)":11.75,"xcoord":91.3261111,"ycoord":22.9538889,"bms_inventory":"http://bms.rhd.gov.bd:8088/bms/bridges/inventory_view/2564","bms_detail":"http://bms.rhd.gov.bd:8088/bms/bridges/detail_view/2564","keys":"[bridge_name, Bridge Name], [bridge_type,Type], [chainage_(km), Chainage (km)], [road_no, On Road], [division, Division], [subdivision, Subdivision], [bridge_length_(m), Length (m)], [bridge_width_(m), Width (m)],[map_link(=>{type:link, format:weblink}, Google Map,newtab=>),Google Map View],[bms_inventory(=>{type:link, format:weblink}, BMS Link,newtab=>), BMS Inventory],[bms_detail(=>{type:link, format:weblink},BMS Link,newtab=>), BMS Detailed View]","f_class_name":"RC Girder Bridge","f_class_color":"#e8f674"},"geometry":{"type":"Point","coordinates":[91.3261111,22.9538889]}},
{"type":"Feature","properties":{"id":2569,"sl":14071,"map_link":"https://maps.google.com/?q=22.98250000000000000,91.33750000000000000&amp;z=8&amp;t=k","image_popup":"8088/bms/assets/uploads/images/bridges/bridge_2569/1655268079.jpg","bridge_name":"Silonia Bridge","bridge_type":"PC Girder Bridge","road_no":"N104","zone":"Cumilla","circle":"Noakhali","division":"Feni","subdivision":"Feni -1","sae":"Section 1","bridge_length_(m)":90.0,"bridge_width_(m)":9.5,"chainage_(km)":8.18,"xcoord":91.3375,"ycoord":22.9825,"bms_inventory":"http://bms.rhd.gov.bd:8088/bms/bridges/inventory_view/2569","bms_detail":"http://bms.rhd.gov.bd:8088/bms/bridges/detail_view/2569","keys":"[bridge_name, Bridge Name], [bridge_type,Type], [chainage_(km), Chainage (km)], [road_no, On Road], [division, Division], [subdivision, Subdivision], [bridge_length_(m), Length (m)], [bridge_width_(m), Width (m)],[map_link(=>{type:link, format:weblink}, Google Map,newtab=>),Google Map View],[bms_inventory(=>{type:link, format:weblink}, BMS Link,newtab=>), BMS Inventory],[bms_detail(=>{type:link, format:weblink},BMS Link,newtab=>), BMS Detailed View]","f_class_name":"PC Girder Bridge","f_class_color":"#6ebed6"},"geometry":{"type":"Point","coordinates":[91.3375,22.9825]}},
{"type":"Feature","properties":{"id":2783,"sl":3079,"map_link":"https://maps.google.com/?q=23.22666670000000000,90.68027780000000000&amp;z=8&amp;t=k","image_popup":"8088/bms/assets/uploads/images/bridges/bridge_2783/1658374110.jpg","bridge_name":"Chandpur Bridge","bridge_type":"PC Girder Bridge","road_no":"R140","zone":"Cumilla","circle":"Cumilla","division":"Chandpur","subdivision":"Chandpur","sae":"Chandpur-1","bridge_length_(m)":240.0,"bridge_width_(m)":9.9,"chainage_(km)":67.913,"xcoord":90.6802778,"ycoord":23.2266667,"bms_inventory":"http://bms.rhd.gov.bd:8088/bms/bridges/inventory_view/2783","bms_detail":"http://bms.rhd.gov.bd:8088/bms/bridges/detail_view/2783","keys":"[bridge_name, Bridge Name], [bridge_type,Type], [chainage_(km), Chainage (km)], [road_no, On Road], [division, Division], [subdivision, Subdivision], [bridge_length_(m), Length (m)], [bridge_width_(m), Width (m)],[map_link(=>{type:link, format:weblink}, Google Map,newtab=>),Google Map View],[bms_inventory(=>{type:link, format:weblink}, BMS Link,newtab=>), BMS Inventory],[bms_detail(=>{type:link, format:weblink},BMS Link,newtab=>), BMS Detailed View]","f_class_name":"PC Girder Bridge","f_class_color":"#6ebed6"},"geometry":{"type":"Point","coordinates":[90.6802778,23.2266667]}},
{"type":"Feature","properties":{"id":2784,"sl":6298,"map_link":"https://maps.google.com/?q=23.25138890000000000,90.85777780000000000&amp;z=8&amp;t=k","image_popup":"8088/bms/assets/uploads/images/bridges/bridge_2784/1658308774.jpg","bridge_name":"Haziganj Bridge-2","bridge_type":"PC Girder Bridge","road_no":"R140","zone":"Cumilla","circle":"Cumilla","division":"Chandpur","subdivision":"Hajigonj","sae":"SAE-Hajigonj-2","bridge_length_(m)":69.0,"bridge_width_(m)":7.5,"chainage_(km)":46.805,"xcoord":90.8577778,"ycoord":23.2513889,"bms_inventory":"http://bms.rhd.gov.bd:8088/bms/bridges/inventory_view/2784","bms_detail":"http://bms.rhd.gov.bd:8088/bms/bridges/detail_view/2784","keys":"[bridge_name, Bridge Name], [bridge_type,Type], [chainage_(km), Chainage (km)], [road_no, On Road], [division, Division], [subdivision, Subdivision], [bridge_length_(m), Length (m)], [bridge_width_(m), Width (m)],[map_link(=>{type:link, format:weblink}, Google Map,newtab=>),Google Map View],[bms_inventory(=>{type:link, format:weblink}, BMS Link,newtab=>), BMS Inventory],[bms_detail(=>{type:link, format:weblink},BMS Link,newtab=>), BMS Detailed View]","f_class_name":"PC Girder Bridge","f_class_color":"#6ebed6"},"geometry":{"type":"Point","coordinates":[90.8577778,23.2513889]}},
{"type":"Feature","properties":{"id":2785,"sl":1012,"map_link":"https://maps.google.com/?q=23.20638890000000000,90.68888890000000000&amp;z=8&amp;t=k","image_popup":"8088/bms/assets/uploads/images/bridges/bridge_2785/1658374216.jpg","bridge_name":"Bagra Bazar Bridge","bridge_type":"RC Girder Bridge","road_no":"R140","zone":"Cumilla","circle":"Cumilla","division":"Chandpur","subdivision":"Chandpur","sae":"Chandpur-1","bridge_length_(m)":26.0,"bridge_width_(m)":7.9,"chainage_(km)":70.555,"xcoord":90.6888889,"ycoord":23.2063889,"bms_inventory":"http://bms.rhd.gov.bd:8088/bms/bridges/inventory_view/2785","bms_detail":"http://bms.rhd.gov.bd:8088/bms/bridges/detail_view/2785","keys":"[bridge_name, Bridge Name], [bridge_type,Type], [chainage_(km), Chainage (km)], [road_no, On Road], [division, Division], [subdivision, Subdivision], [bridge_length_(m), Length (m)], [bridge_width_(m), Width (m)],[map_link(=>{type:link, format:weblink}, Google Map,newtab=>),Google Map View],[bms_inventory(=>{type:link, format:weblink}, BMS Link,newtab=>), BMS Inventory],[bms_detail(=>{type:link, format:weblink},BMS Link,newtab=>), BMS Detailed View]","f_class_name":"RC Girder Bridge","f_class_color":"#e8f674"},"geometry":{"type":"Point","coordinates":[90.6888889,23.2063889]}},
{"type":"Feature","properties":{"id":2802,"sl":5113,"map_link":"https://maps.google.com/?q=23.13527780000000000,90.73583330000000000&amp;z=8&amp;t=k","image_popup":"8088/bms/assets/uploads/images/bridges/bridge_2802/1658375297.jpg","bridge_name":"Faridganj Bridge","bridge_type":"PC Girder Bridge","road_no":"R140","zone":"Cumilla","circle":"Cumilla","division":"Chandpur","subdivision":"Chandpur","sae":"Chandpur-1","bridge_length_(m)":102.0,"bridge_width_(m)":10.3,"chainage_(km)":80.565,"xcoord":90.7358333,"ycoord":23.1352778,"bms_inventory":"http://bms.rhd.gov.bd:8088/bms/bridges/inventory_view/2802","bms_detail":"http://bms.rhd.gov.bd:8088/bms/bridges/detail_view/2802","keys":"[bridge_name, Bridge Name], [bridge_type,Type], [chainage_(km), Chainage (km)], [road_no, On Road], [division, Division], [subdivision, Subdivision], [bridge_length_(m), Length (m)], [bridge_width_(m), Width (m)],[map_link(=>{type:link, format:weblink}, Google Map,newtab=>),Google Map View],[bms_inventory(=>{type:link, format:weblink}, BMS Link,newtab=>), BMS Inventory],[bms_detail(=>{type:link, format:weblink},BMS Link,newtab=>), BMS Detailed View]","f_class_name":"PC Girder Bridge","f_class_color":"#6ebed6"},"geometry":{"type":"Point","coordinates":[90.7358333,23.1352778]}},
{"type":"Feature","properties":{"id":2803,"sl":6060,"map_link":"https://maps.google.com/?q=23.25083330000000000,90.84083330000000000&amp;z=8&amp;t=k","image_popup":"8088/bms/assets/uploads/images/bridges/bridge_2803/1658310447.jpg","bridge_name":"Hajigonj Terminal Bridge","bridge_type":"PC Girder Bridge","road_no":"R140","zone":"Cumilla","circle":"Cumilla","division":"Chandpur","subdivision":"Hajigonj","sae":"SAE-Hajigonj-2","bridge_length_(m)":25.4,"bridge_width_(m)":10.3,"chainage_(km)":48.5,"xcoord":90.8408333,"ycoord":23.2508333,"bms_inventory":"http://bms.rhd.gov.bd:8088/bms/bridges/inventory_view/2803","bms_detail":"http://bms.rhd.gov.bd:8088/bms/bridges/detail_view/2803","keys":"[bridge_name, Bridge Name], [bridge_type,Type], [chainage_(km), Chainage (km)], [road_no, On Road], [division, Division], [subdivision, Subdivision], [bridge_length_(m), Length (m)], [bridge_width_(m), Width (m)],[map_link(=>{type:link, format:weblink}, Google Map,newtab=>),Google Map View],[bms_inventory(=>{type:link, format:weblink}, BMS Link,newtab=>), BMS Inventory],[bms_detail(=>{type:link, format:weblink},BMS Link,newtab=>), BMS Detailed View]","f_class_name":"PC Girder Bridge","f_class_color":"#6ebed6"},"geometry":{"type":"Point","coordinates":[90.8408333,23.2508333]}},
{"type":"Feature","properties":{"id":2808,"sl":10849,"map_link":"https://maps.google.com/?q=23.10750000000000000,90.76361110000000000&amp;z=8&amp;t=k","image_popup":"8088/bms/assets/uploads/images/bridges/bridge_2808/1658375558.jpg","bridge_name":"Narikeltola Slab Bridge","bridge_type":"Small Slab Bridge","road_no":"R140","zone":"Cumilla","circle":"Cumilla","division":"Chandpur","subdivision":"Chandpur","sae":"Chandpur-1","bridge_length_(m)":1.5,"bridge_width_(m)":10.4,"chainage_(km)":84.765,"xcoord":90.7636111,"ycoord":23.1075,"bms_inventory":"http://bms.rhd.gov.bd:8088/bms/bridges/inventory_view/2808","bms_detail":"http://bms.rhd.gov.bd:8088/bms/bridges/detail_view/2808","keys":"[bridge_name, Bridge Name], [bridge_type,Type], [chainage_(km), Chainage (km)], [road_no, On Road], [division, Division], [subdivision, Subdivision], [bridge_length_(m), Length (m)], [bridge_width_(m), Width (m)],[map_link(=>{type:link, format:weblink}, Google Map,newtab=>),Google Map View],[bms_inventory(=>{type:link, format:weblink}, BMS Link,newtab=>), BMS Inventory],[bms_detail(=>{type:link, format:weblink},BMS Link,newtab=>), BMS Detailed View]","f_class_name":"Small Slab Bridge","f_class_color":"#13b7dd"},"geometry":{"type":"Point","coordinates":[90.7636111,23.1075]}},
{"type":"Feature","properties":{"id":2810,"sl":10850,"map_link":"https://maps.google.com/?q=23.10666670000000000,90.76416670000000000&amp;z=8&amp;t=k","image_popup":"8088/bms/assets/uploads/images/bridges/bridge_2810/1658375640.jpg","bridge_name":"Narikeltola Slab Bridge-2","bridge_type":"Small Slab Bridge","road_no":"R140","zone":"Cumilla","circle":"Cumilla","division":"Chandpur","subdivision":"Chandpur","sae":"Chandpur-1","bridge_length_(m)":1.5,"bridge_width_(m)":10.4,"chainage_(km)":86.1,"xcoord":90.7641667,"ycoord":23.1066667,"bms_inventory":"http://bms.rhd.gov.bd:8088/bms/bridges/inventory_view/2810","bms_detail":"http://bms.rhd.gov.bd:8088/bms/bridges/detail_view/2810","keys":"[bridge_name, Bridge Name], [bridge_type,Type], [chainage_(km), Chainage (km)], [road_no, On Road], [division, Division], [subdivision, Subdivision], [bridge_length_(m), Length (m)], [bridge_width_(m), Width (m)],[map_link(=>{type:link, format:weblink}, Google Map,newtab=>),Google Map View],[bms_inventory(=>{type:link, format:weblink}, BMS Link,newtab=>), BMS Inventory],[bms_detail(=>{type:link, format:weblink},BMS Link,newtab=>), BMS Detailed View]","f_class_name":"Small Slab Bridge","f_class_color":"#13b7dd"},"geometry":{"type":"Point","coordinates":[90.7641667,23.1066667]}},
{"type":"Feature","properties":{"id":2829,"sl":330,"map_link":"https://maps.google.com/?q=23.24722220000000000,90.88277780000000000&amp;z=8&amp;t=k","image_popup":"8088/bms/assets/uploads/images/bridges/bridge_2829/1658377522.jpg","bridge_name":"Aligonj Bridge","bridge_type":"PC Girder Bridge","road_no":"R140","zone":"Cumilla","circle":"Cumilla","division":"Chandpur","subdivision":"Hajigonj","sae":"Kaliapara","bridge_length_(m)":39.6,"bridge_width_(m)":10.8,"chainage_(km)":44.003,"xcoord":90.8827778,"ycoord":23.2472222,"bms_inventory":"http://bms.rhd.gov.bd:8088/bms/bridges/inventory_view/2829","bms_detail":"http://bms.rhd.gov.bd:8088/bms/bridges/detail_view/2829","keys":"[bridge_name, Bridge Name], [bridge_type,Type], [chainage_(km), Chainage (km)], [road_no, On Road], [division, Division], [subdivision, Subdivision], [bridge_length_(m), Length (m)], [bridge_width_(m), Width (m)],[map_link(=>{type:link, format:weblink}, Google Map,newtab=>),Google Map View],[bms_inventory(=>{type:link, format:weblink}, BMS Link,newtab=>), BMS Inventory],[bms_detail(=>{type:link, format:weblink},BMS Link,newtab=>), BMS Detailed View]","f_class_name":"PC Girder Bridge","f_class_color":"#6ebed6"},"geometry":{"type":"Point","coordinates":[90.8827778,23.2472222]}},
{"type":"Feature","properties":{"id":2833,"sl":6297,"map_link":"https://maps.google.com/?q=23.25138890000000000,90.85777780000000000&amp;z=8&amp;t=k","image_popup":"8088/bms/assets/uploads/images/bridges/bridge_2833/1658378965.jpg","bridge_name":"Haziganj Bridge","bridge_type":"PC Girder Bridge","road_no":"R140","zone":"Cumilla","circle":"Cumilla","division":"Chandpur","subdivision":"Hajigonj","sae":"SAE-Hajigonj-2","bridge_length_(m)":69.0,"bridge_width_(m)":7.5,"chainage_(km)":46.805,"xcoord":90.8577778,"ycoord":23.2513889,"bms_inventory":"http://bms.rhd.gov.bd:8088/bms/bridges/inventory_view/2833","bms_detail":"http://bms.rhd.gov.bd:8088/bms/bridges/detail_view/2833","keys":"[bridge_name, Bridge Name], [bridge_type,Type], [chainage_(km), Chainage (km)], [road_no, On Road], [division, Division], [subdivision, Subdivision], [bridge_length_(m), Length (m)], [bridge_width_(m), Width (m)],[map_link(=>{type:link, format:weblink}, Google Map,newtab=>),Google Map View],[bms_inventory(=>{type:link, format:weblink}, BMS Link,newtab=>), BMS Inventory],[bms_detail(=>{type:link, format:weblink},BMS Link,newtab=>), BMS Detailed View]","f_class_name":"PC Girder Bridge","f_class_color":"#6ebed6"},"geometry":{"type":"Point","coordinates":[90.8577778,23.2513889]}},
{"type":"Feature","properties":{"id":2834,"sl":7085,"map_link":"https://maps.google.com/?q=23.25166670000000000,90.75916670000000000&amp;z=8&amp;t=k","image_popup":"8088/bms/assets/uploads/images/bridges/bridge_2834/1658379186.jpg","bridge_name":"Jomjomiya Bridge","bridge_type":"PC Girder Bridge","road_no":"R140","zone":"Cumilla","circle":"Cumilla","division":"Chandpur","subdivision":"Chandpur","sae":"Chandpur-2","bridge_length_(m)":48.8,"bridge_width_(m)":10.3,"chainage_(km)":56.913,"xcoord":90.7591667,"ycoord":23.2516667,"bms_inventory":"http://bms.rhd.gov.bd:8088/bms/bridges/inventory_view/2834","bms_detail":"http://bms.rhd.gov.bd:8088/bms/bridges/detail_view/2834","keys":"[bridge_name, Bridge Name], [bridge_type,Type], [chainage_(km), Chainage (km)], [road_no, On Road], [division, Division], [subdivision, Subdivision], [bridge_length_(m), Length (m)], [bridge_width_(m), Width (m)],[map_link(=>{type:link, format:weblink}, Google Map,newtab=>),Google Map View],[bms_inventory(=>{type:link, format:weblink}, BMS Link,newtab=>), BMS Inventory],[bms_detail(=>{type:link, format:weblink},BMS Link,newtab=>), BMS Detailed View]","f_class_name":"PC Girder Bridge","f_class_color":"#6ebed6"},"geometry":{"type":"Point","coordinates":[90.7591667,23.2516667]}},
{"type":"Feature","properties":{"id":2855,"sl":5756,"map_link":"https://maps.google.com/?q=23.20694440000000000,90.93833330000000000&amp;z=8&amp;t=k","image_popup":"8088/bms/assets/uploads/images/bridges/bridge_2855/1658647125.jpg","bridge_name":"Gondhorbopur Bridge","bridge_type":"PC Girder Bridge","road_no":"Z1824","zone":"Cumilla","circle":"Cumilla","division":"Chandpur","subdivision":"Hajigonj","sae":"Kaliapara","bridge_length_(m)":87.9,"bridge_width_(m)":9.5,"chainage_(km)":5.825,"xcoord":90.9383333,"ycoord":23.2069444,"bms_inventory":"http://bms.rhd.gov.bd:8088/bms/bridges/inventory_view/2855","bms_detail":"http://bms.rhd.gov.bd:8088/bms/bridges/detail_view/2855","keys":"[bridge_name, Bridge Name], [bridge_type,Type], [chainage_(km), Chainage (km)], [road_no, On Road], [division, Division], [subdivision, Subdivision], [bridge_length_(m), Length (m)], [bridge_width_(m), Width (m)],[map_link(=>{type:link, format:weblink}, Google Map,newtab=>),Google Map View],[bms_inventory(=>{type:link, format:weblink}, BMS Link,newtab=>), BMS Inventory],[bms_detail(=>{type:link, format:weblink},BMS Link,newtab=>), BMS Detailed View]","f_class_name":"PC Girder Bridge","f_class_color":"#6ebed6"},"geometry":{"type":"Point","coordinates":[90.9383333,23.2069444]}},
{"type":"Feature","properties":{"id":2858,"sl":549,"map_link":"https://maps.google.com/?q=23.28138890000000000,90.95388890000000000&amp;z=8&amp;t=k","image_popup":"8088/bms/assets/uploads/images/bridges/bridge_2858/1658655218.jpg","bridge_name":"Amujar Bridge","bridge_type":"RC Girder Bridge","road_no":"Z1050","zone":"Cumilla","circle":"Cumilla","division":"Chandpur","subdivision":"Hajigonj","sae":"Kaliapara","bridge_length_(m)":8.4,"bridge_width_(m)":6.5,"chainage_(km)":3.622,"xcoord":90.9538889,"ycoord":23.2813889,"bms_inventory":"http://bms.rhd.gov.bd:8088/bms/bridges/inventory_view/2858","bms_detail":"http://bms.rhd.gov.bd:8088/bms/bridges/detail_view/2858","keys":"[bridge_name, Bridge Name], [bridge_type,Type], [chainage_(km), Chainage (km)], [road_no, On Road], [division, Division], [subdivision, Subdivision], [bridge_length_(m), Length (m)], [bridge_width_(m), Width (m)],[map_link(=>{type:link, format:weblink}, Google Map,newtab=>),Google Map View],[bms_inventory(=>{type:link, format:weblink}, BMS Link,newtab=>), BMS Inventory],[bms_detail(=>{type:link, format:weblink},BMS Link,newtab=>), BMS Detailed View]","f_class_name":"RC Girder Bridge","f_class_color":"#e8f674"},"geometry":{"type":"Point","coordinates":[90.9538889,23.2813889]}},
{"type":"Feature","properties":{"id":2859,"sl":548,"map_link":"https://maps.google.com/?q=23.28530560000000000,90.95322220000000000&amp;z=8&amp;t=k","image_popup":"8088/bms/assets/uploads/images/bridges/bridge_2859/1658655129.jpg","bridge_name":"Amujar Bridge-2","bridge_type":"RC Girder Bridge","road_no":"Z1050","zone":"Cumilla","circle":"Cumilla","division":"Chandpur","subdivision":"Hajigonj","sae":"Kaliapara","bridge_length_(m)":5.5,"bridge_width_(m)":6.5,"chainage_(km)":4.064,"xcoord":90.9532222,"ycoord":23.2853056,"bms_inventory":"http://bms.rhd.gov.bd:8088/bms/bridges/inventory_view/2859","bms_detail":"http://bms.rhd.gov.bd:8088/bms/bridges/detail_view/2859","keys":"[bridge_name, Bridge Name], [bridge_type,Type], [chainage_(km), Chainage (km)], [road_no, On Road], [division, Division], [subdivision, Subdivision], [bridge_length_(m), Length (m)], [bridge_width_(m), Width (m)],[map_link(=>{type:link, format:weblink}, Google Map,newtab=>),Google Map View],[bms_inventory(=>{type:link, format:weblink}, BMS Link,newtab=>), BMS Inventory],[bms_detail(=>{type:link, format:weblink},BMS Link,newtab=>), BMS Detailed View]","f_class_name":"RC Girder Bridge","f_class_color":"#e8f674"},"geometry":{"type":"Point","coordinates":[90.9532222,23.2853056]}},
{"type":"Feature","properties":{"id":2861,"sl":12812,"map_link":"https://maps.google.com/?q=23.30416670000000000,90.94944440000000000&amp;z=8&amp;t=k","image_popup":"8088/bms/assets/uploads/images/bridges/bridge_2861/1658656010.jpg","bridge_name":"Rohimanagar Bazar Bridge","bridge_type":"RC Girder Bridge","road_no":"Z1050","zone":"Cumilla","circle":"Cumilla","division":"Chandpur","subdivision":"Hajigonj","sae":"Kaliapara","bridge_length_(m)":8.7,"bridge_width_(m)":6.5,"chainage_(km)":6.236,"xcoord":90.9494444,"ycoord":23.3041667,"bms_inventory":"http://bms.rhd.gov.bd:8088/bms/bridges/inventory_view/2861","bms_detail":"http://bms.rhd.gov.bd:8088/bms/bridges/detail_view/2861","keys":"[bridge_name, Bridge Name], [bridge_type,Type], [chainage_(km), Chainage (km)], [road_no, On Road], [division, Division], [subdivision, Subdivision], [bridge_length_(m), Length (m)], [bridge_width_(m), Width (m)],[map_link(=>{type:link, format:weblink}, Google Map,newtab=>),Google Map View],[bms_inventory(=>{type:link, format:weblink}, BMS Link,newtab=>), BMS Inventory],[bms_detail(=>{type:link, format:weblink},BMS Link,newtab=>), BMS Detailed View]","f_class_name":"RC Girder Bridge","f_class_color":"#e8f674"},"geometry":{"type":"Point","coordinates":[90.9494444,23.3041667]}},
{"type":"Feature","properties":{"id":2862,"sl":12067,"map_link":"https://maps.google.com/?q=23.30972220000000000,90.94472220000000000&amp;z=8&amp;t=k","image_popup":"8088/bms/assets/uploads/images/bridges/bridge_2862/1658656313.jpg","bridge_name":"Poragaon Bridge","bridge_type":"RC Girder Bridge","road_no":"Z1050","zone":"Cumilla","circle":"Cumilla","division":"Chandpur","subdivision":"Hajigonj","sae":"Kaliapara","bridge_length_(m)":7.1,"bridge_width_(m)":9.7,"chainage_(km)":7.03,"xcoord":90.9447222,"ycoord":23.3097222,"bms_inventory":"http://bms.rhd.gov.bd:8088/bms/bridges/inventory_view/2862","bms_detail":"http://bms.rhd.gov.bd:8088/bms/bridges/detail_view/2862","keys":"[bridge_name, Bridge Name], [bridge_type,Type], [chainage_(km), Chainage (km)], [road_no, On Road], [division, Division], [subdivision, Subdivision], [bridge_length_(m), Length (m)], [bridge_width_(m), Width (m)],[map_link(=>{type:link, format:weblink}, Google Map,newtab=>),Google Map View],[bms_inventory(=>{type:link, format:weblink}, BMS Link,newtab=>), BMS Inventory],[bms_detail(=>{type:link, format:weblink},BMS Link,newtab=>), BMS Detailed View]","f_class_name":"RC Girder Bridge","f_class_color":"#e8f674"},"geometry":{"type":"Point","coordinates":[90.9447222,23.3097222]}},
{"type":"Feature","properties":{"id":2863,"sl":11669,"map_link":"https://maps.google.com/?q=23.31638890000000000,90.93222220000000000&amp;z=8&amp;t=k","image_popup":"8088/bms/assets/uploads/images/bridges/bridge_2863/1658656245.jpg","bridge_name":"Palgiri Bazar Bridge","bridge_type":"RC Girder Bridge","road_no":"Z1050","zone":"Cumilla","circle":"Cumilla","division":"Chandpur","subdivision":"Hajigonj","sae":"Kaliapara","bridge_length_(m)":7.2,"bridge_width_(m)":6.5,"chainage_(km)":8.512,"xcoord":90.9322222,"ycoord":23.3163889,"bms_inventory":"http://bms.rhd.gov.bd:8088/bms/bridges/inventory_view/2863","bms_detail":"http://bms.rhd.gov.bd:8088/bms/bridges/detail_view/2863","keys":"[bridge_name, Bridge Name], [bridge_type,Type], [chainage_(km), Chainage (km)], [road_no, On Road], [division, Division], [subdivision, Subdivision], [bridge_length_(m), Length (m)], [bridge_width_(m), Width (m)],[map_link(=>{type:link, format:weblink}, Google Map,newtab=>),Google Map View],[bms_inventory(=>{type:link, format:weblink}, BMS Link,newtab=>), BMS Inventory],[bms_detail(=>{type:link, format:weblink},BMS Link,newtab=>), BMS Detailed View]","f_class_name":"RC Girder Bridge","f_class_color":"#e8f674"},"geometry":{"type":"Point","coordinates":[90.9322222,23.3163889]}},
{"type":"Feature","properties":{"id":2868,"sl":9268,"map_link":"https://maps.google.com/?q=23.32194440000000000,90.91916670000000000&amp;z=8&amp;t=k","image_popup":"8088/bms/assets/uploads/images/bridges/bridge_2868/1658655569.jpg","bridge_name":"Lomti Bridge","bridge_type":"RC Girder Bridge","road_no":"Z1050","zone":"Cumilla","circle":"Cumilla","division":"Chandpur","subdivision":"Hajigonj","sae":"Kaliapara","bridge_length_(m)":8.7,"bridge_width_(m)":6.5,"chainage_(km)":10.042,"xcoord":90.9191667,"ycoord":23.3219444,"bms_inventory":"http://bms.rhd.gov.bd:8088/bms/bridges/inventory_view/2868","bms_detail":"http://bms.rhd.gov.bd:8088/bms/bridges/detail_view/2868","keys":"[bridge_name, Bridge Name], [bridge_type,Type], [chainage_(km), Chainage (km)], [road_no, On Road], [division, Division], [subdivision, Subdivision], [bridge_length_(m), Length (m)], [bridge_width_(m), Width (m)],[map_link(=>{type:link, format:weblink}, Google Map,newtab=>),Google Map View],[bms_inventory(=>{type:link, format:weblink}, BMS Link,newtab=>), BMS Inventory],[bms_detail(=>{type:link, format:weblink},BMS Link,newtab=>), BMS Detailed View]","f_class_name":"RC Girder Bridge","f_class_color":"#e8f674"},"geometry":{"type":"Point","coordinates":[90.9191667,23.3219444]}},
{"type":"Feature","properties":{"id":2873,"sl":9267,"map_link":"https://maps.google.com/?q=23.32250000000000000,90.91833330000000000&amp;z=8&amp;t=k","image_popup":"8088/bms/assets/uploads/images/bridges/bridge_2873/1658655499.jpg","bridge_name":"Lomti Bridge-2","bridge_type":"RC Girder Bridge","road_no":"Z1050","zone":"Cumilla","circle":"Cumilla","division":"Chandpur","subdivision":"Hajigonj","sae":"Kaliapara","bridge_length_(m)":5.5,"bridge_width_(m)":6.5,"chainage_(km)":10.165,"xcoord":90.9183333,"ycoord":23.3225,"bms_inventory":"http://bms.rhd.gov.bd:8088/bms/bridges/inventory_view/2873","bms_detail":"http://bms.rhd.gov.bd:8088/bms/bridges/detail_view/2873","keys":"[bridge_name, Bridge Name], [bridge_type,Type], [chainage_(km), Chainage (km)], [road_no, On Road], [division, Division], [subdivision, Subdivision], [bridge_length_(m), Length (m)], [bridge_width_(m), Width (m)],[map_link(=>{type:link, format:weblink}, Google Map,newtab=>),Google Map View],[bms_inventory(=>{type:link, format:weblink}, BMS Link,newtab=>), BMS Inventory],[bms_detail(=>{type:link, format:weblink},BMS Link,newtab=>), BMS Detailed View]","f_class_name":"RC Girder Bridge","f_class_color":"#e8f674"},"geometry":{"type":"Point","coordinates":[90.9183333,23.3225]}},
{"type":"Feature","properties":{"id":2875,"sl":10380,"map_link":"https://maps.google.com/?q=23.32702780000000000,90.91283330000000000&amp;z=8&amp;t=k","image_popup":"8088/bms/assets/uploads/images/bridges/bridge_2875/1658655650.jpg","bridge_name":"Monohorpur Bridge","bridge_type":"RC Girder Bridge","road_no":"Z1050","zone":"Cumilla","circle":"Cumilla","division":"Chandpur","subdivision":"Hajigonj","sae":"Kaliapara","bridge_length_(m)":7.3,"bridge_width_(m)":6.5,"chainage_(km)":10.934,"xcoord":90.9128333,"ycoord":23.3270278,"bms_inventory":"http://bms.rhd.gov.bd:8088/bms/bridges/inventory_view/2875","bms_detail":"http://bms.rhd.gov.bd:8088/bms/bridges/detail_view/2875","keys":"[bridge_name, Bridge Name], [bridge_type,Type], [chainage_(km), Chainage (km)], [road_no, On Road], [division, Division], [subdivision, Subdivision], [bridge_length_(m), Length (m)], [bridge_width_(m), Width (m)],[map_link(=>{type:link, format:weblink}, Google Map,newtab=>),Google Map View],[bms_inventory(=>{type:link, format:weblink}, BMS Link,newtab=>), BMS Inventory],[bms_detail(=>{type:link, format:weblink},BMS Link,newtab=>), BMS Detailed View]","f_class_name":"RC Girder Bridge","f_class_color":"#e8f674"},"geometry":{"type":"Point","coordinates":[90.9128333,23.3270278]}},
{"type":"Feature","properties":{"id":2882,"sl":14008,"map_link":"https://maps.google.com/?q=23.33811110000000000,90.89527780000000000&amp;z=8&amp;t=k","image_popup":"8088/bms/assets/uploads/images/bridges/bridge_2882/1658656086.jpg","bridge_name":"Shujitpur Bridge","bridge_type":"RC Girder Bridge","road_no":"Z1442","zone":"Cumilla","circle":"Cumilla","division":"Chandpur","subdivision":"Hajigonj","sae":"Kaliapara","bridge_length_(m)":18.8,"bridge_width_(m)":9.5,"chainage_(km)":13.407,"xcoord":90.8952778,"ycoord":23.3381111,"bms_inventory":"http://bms.rhd.gov.bd:8088/bms/bridges/inventory_view/2882","bms_detail":"http://bms.rhd.gov.bd:8088/bms/bridges/detail_view/2882","keys":"[bridge_name, Bridge Name], [bridge_type,Type], [chainage_(km), Chainage (km)], [road_no, On Road], [division, Division], [subdivision, Subdivision], [bridge_length_(m), Length (m)], [bridge_width_(m), Width (m)],[map_link(=>{type:link, format:weblink}, Google Map,newtab=>),Google Map View],[bms_inventory(=>{type:link, format:weblink}, BMS Link,newtab=>), BMS Inventory],[bms_detail(=>{type:link, format:weblink},BMS Link,newtab=>), BMS Detailed View]","f_class_name":"RC Girder Bridge","f_class_color":"#e8f674"},"geometry":{"type":"Point","coordinates":[90.8952778,23.3381111]}},
{"type":"Feature","properties":{"id":2884,"sl":14547,"map_link":"https://maps.google.com/?q=23.45638890000000000,90.70861110000000000&amp;z=8&amp;t=k","image_popup":"8088/bms/assets/uploads/images/bridges/bridge_2884/1658656511.jpg","bridge_name":"Srirayerpur Bridge","bridge_type":"Mixed Types Bridge","road_no":"Z1062","zone":"Cumilla","circle":"Cumilla","division":"Chandpur","subdivision":"Chandpur","sae":"Chandpur-2","bridge_length_(m)":279.0,"bridge_width_(m)":7.4,"chainage_(km)":10.625,"xcoord":90.7086111,"ycoord":23.4563889,"bms_inventory":"http://bms.rhd.gov.bd:8088/bms/bridges/inventory_view/2884","bms_detail":"http://bms.rhd.gov.bd:8088/bms/bridges/detail_view/2884","keys":"[bridge_name, Bridge Name], [bridge_type,Type], [chainage_(km), Chainage (km)], [road_no, On Road], [division, Division], [subdivision, Subdivision], [bridge_length_(m), Length (m)], [bridge_width_(m), Width (m)],[map_link(=>{type:link, format:weblink}, Google Map,newtab=>),Google Map View],[bms_inventory(=>{type:link, format:weblink}, BMS Link,newtab=>), BMS Inventory],[bms_detail(=>{type:link, format:weblink},BMS Link,newtab=>), BMS Detailed View]","f_class_name":"Mixed Types Bridge","f_class_color":"#2edb93"},"geometry":{"type":"Point","coordinates":[90.7086111,23.4563889]}},
{"type":"Feature","properties":{"id":2888,"sl":5065,"map_link":"https://maps.google.com/?q=23.34361110000000000,90.71805560000000000&amp;z=8&amp;t=k","image_popup":"8088/bms/assets/uploads/images/bridges/bridge_2888/1658721013.jpg","bridge_name":"Enayetpur Bridge","bridge_type":"PC Girder Bridge","road_no":"Z1418","zone":"Cumilla","circle":"Cumilla","division":"Chandpur","subdivision":"Chandpur","sae":"Matlab","bridge_length_(m)":25.4,"bridge_width_(m)":10.3,"chainage_(km)":0.2,"xcoord":90.7180556,"ycoord":23.3436111,"bms_inventory":"http://bms.rhd.gov.bd:8088/bms/bridges/inventory_view/2888","bms_detail":"http://bms.rhd.gov.bd:8088/bms/bridges/detail_view/2888","keys":"[bridge_name, Bridge Name], [bridge_type,Type], [chainage_(km), Chainage (km)], [road_no, On Road], [division, Division], [subdivision, Subdivision], [bridge_length_(m), Length (m)], [bridge_width_(m), Width (m)],[map_link(=>{type:link, format:weblink}, Google Map,newtab=>),Google Map View],[bms_inventory(=>{type:link, format:weblink}, BMS Link,newtab=>), BMS Inventory],[bms_detail(=>{type:link, format:weblink},BMS Link,newtab=>), BMS Detailed View]","f_class_name":"PC Girder Bridge","f_class_color":"#6ebed6"},"geometry":{"type":"Point","coordinates":[90.7180556,23.3436111]}},
{"type":"Feature","properties":{"id":2889,"sl":2398,"map_link":"https://maps.google.com/?q=23.32633330000000000,90.68786110000000000&amp;z=8&amp;t=k","image_popup":"8088/bms/assets/uploads/images/bridges/bridge_2889/1658721181.jpg","bridge_name":"Bordia Bridge","bridge_type":"RC Girder Bridge","road_no":"Z1402","zone":"Cumilla","circle":"Cumilla","division":"Chandpur","subdivision":"Chandpur","sae":"Matlab","bridge_length_(m)":16.3,"bridge_width_(m)":6.7,"chainage_(km)":7.805,"xcoord":90.6878611,"ycoord":23.3263333,"bms_inventory":"http://bms.rhd.gov.bd:8088/bms/bridges/inventory_view/2889","bms_detail":"http://bms.rhd.gov.bd:8088/bms/bridges/detail_view/2889","keys":"[bridge_name, Bridge Name], [bridge_type,Type], [chainage_(km), Chainage (km)], [road_no, On Road], [division, Division], [subdivision, Subdivision], [bridge_length_(m), Length (m)], [bridge_width_(m), Width (m)],[map_link(=>{type:link, format:weblink}, Google Map,newtab=>),Google Map View],[bms_inventory(=>{type:link, format:weblink}, BMS Link,newtab=>), BMS Inventory],[bms_detail(=>{type:link, format:weblink},BMS Link,newtab=>), BMS Detailed View]","f_class_name":"RC Girder Bridge","f_class_color":"#e8f674"},"geometry":{"type":"Point","coordinates":[90.6878611,23.3263333]}},
{"type":"Feature","properties":{"id":2893,"sl":9682,"map_link":"https://maps.google.com/?q=23.35361110000000000,90.71138890000000000&amp;z=8&amp;t=k","image_popup":"8088/bms/assets/uploads/images/bridges/bridge_2893/1658722177.jpg","bridge_name":"Matlab Bridge","bridge_type":"PC Girder Bridge","road_no":"Z1418","zone":"Cumilla","circle":"Cumilla","division":"Chandpur","subdivision":"Chandpur","sae":"Matlab","bridge_length_(m)":305.66,"bridge_width_(m)":10.2,"chainage_(km)":1.186,"xcoord":90.7113889,"ycoord":23.3536111,"bms_inventory":"http://bms.rhd.gov.bd:8088/bms/bridges/inventory_view/2893","bms_detail":"http://bms.rhd.gov.bd:8088/bms/bridges/detail_view/2893","keys":"[bridge_name, Bridge Name], [bridge_type,Type], [chainage_(km), Chainage (km)], [road_no, On Road], [division, Division], [subdivision, Subdivision], [bridge_length_(m), Length (m)], [bridge_width_(m), Width (m)],[map_link(=>{type:link, format:weblink}, Google Map,newtab=>),Google Map View],[bms_inventory(=>{type:link, format:weblink}, BMS Link,newtab=>), BMS Inventory],[bms_detail(=>{type:link, format:weblink},BMS Link,newtab=>), BMS Detailed View]","f_class_name":"PC Girder Bridge","f_class_color":"#6ebed6"},"geometry":{"type":"Point","coordinates":[90.7113889,23.3536111]}},
{"type":"Feature","properties":{"id":2904,"sl":11326,"map_link":"https://maps.google.com/?q=23.22333330000000000,90.65111110000000000&amp;z=8&amp;t=k","image_popup":"8088/bms/assets/uploads/images/bridges/bridge_2904/1679297804.jpg","bridge_name":"Notun- Puratun Bazar","bridge_type":"PC Girder Bridge","road_no":null,"zone":"Cumilla","circle":"Cumilla","division":"Chandpur","subdivision":"Chandpur","sae":"Matlab","bridge_length_(m)":260.7,"bridge_width_(m)":10.0,"chainage_(km)":0.0,"xcoord":90.6511111,"ycoord":23.2233333,"bms_inventory":"http://bms.rhd.gov.bd:8088/bms/bridges/inventory_view/2904","bms_detail":"http://bms.rhd.gov.bd:8088/bms/bridges/detail_view/2904","keys":"[bridge_name, Bridge Name], [bridge_type,Type], [chainage_(km), Chainage (km)], [road_no, On Road], [division, Division], [subdivision, Subdivision], [bridge_length_(m), Length (m)], [bridge_width_(m), Width (m)],[map_link(=>{type:link, format:weblink}, Google Map,newtab=>),Google Map View],[bms_inventory(=>{type:link, format:weblink}, BMS Link,newtab=>), BMS Inventory],[bms_detail(=>{type:link, format:weblink},BMS Link,newtab=>), BMS Detailed View]","f_class_name":"PC Girder Bridge","f_class_color":"#6ebed6"},"geometry":{"type":"Point","coordinates":[90.6511111,23.2233333]}},
{"type":"Feature","properties":{"id":2906,"sl":4758,"map_link":"https://maps.google.com/?q=23.34211110000000000,90.71419440000000000&amp;z=8&amp;t=k","image_popup":"8088/bms/assets/uploads/images/bridges/bridge_2906/1658724648.jpg","bridge_name":"Doshpara Bridge","bridge_type":"RC Girder Bridge","road_no":"Z1402","zone":"Cumilla","circle":"Cumilla","division":"Chandpur","subdivision":"Chandpur","sae":"Matlab","bridge_length_(m)":4.5,"bridge_width_(m)":14.5,"chainage_(km)":11.895,"xcoord":90.7141944,"ycoord":23.3421111,"bms_inventory":"http://bms.rhd.gov.bd:8088/bms/bridges/inventory_view/2906","bms_detail":"http://bms.rhd.gov.bd:8088/bms/bridges/detail_view/2906","keys":"[bridge_name, Bridge Name], [bridge_type,Type], [chainage_(km), Chainage (km)], [road_no, On Road], [division, Division], [subdivision, Subdivision], [bridge_length_(m), Length (m)], [bridge_width_(m), Width (m)],[map_link(=>{type:link, format:weblink}, Google Map,newtab=>),Google Map View],[bms_inventory(=>{type:link, format:weblink}, BMS Link,newtab=>), BMS Inventory],[bms_detail(=>{type:link, format:weblink},BMS Link,newtab=>), BMS Detailed View]","f_class_name":"RC Girder Bridge","f_class_color":"#e8f674"},"geometry":{"type":"Point","coordinates":[90.7141944,23.3421111]}},
{"type":"Feature","properties":{"id":2908,"sl":15600,"map_link":"https://maps.google.com/?q=23.34333330000000000,90.71888890000000000&amp;z=8&amp;t=k","image_popup":"8088/bms/assets/uploads/images/bridges/bridge_2908/1658725069.jpg","bridge_name":"Vangarpar Bridge","bridge_type":"PC Girder Bridge","road_no":"Z1402","zone":"Cumilla","circle":"Cumilla","division":"Chandpur","subdivision":"Chandpur","sae":"Matlab","bridge_length_(m)":31.6,"bridge_width_(m)":10.3,"chainage_(km)":12.389,"xcoord":90.7188889,"ycoord":23.3433333,"bms_inventory":"http://bms.rhd.gov.bd:8088/bms/bridges/inventory_view/2908","bms_detail":"http://bms.rhd.gov.bd:8088/bms/bridges/detail_view/2908","keys":"[bridge_name, Bridge Name], [bridge_type,Type], [chainage_(km), Chainage (km)], [road_no, On Road], [division, Division], [subdivision, Subdivision], [bridge_length_(m), Length (m)], [bridge_width_(m), Width (m)],[map_link(=>{type:link, format:weblink}, Google Map,newtab=>),Google Map View],[bms_inventory(=>{type:link, format:weblink}, BMS Link,newtab=>), BMS Inventory],[bms_detail(=>{type:link, format:weblink},BMS Link,newtab=>), BMS Detailed View]","f_class_name":"PC Girder Bridge","f_class_color":"#6ebed6"},"geometry":{"type":"Point","coordinates":[90.7188889,23.3433333]}},
{"type":"Feature","properties":{"id":2909,"sl":11996,"map_link":"https://maps.google.com/?q=23.34527780000000000,90.72527780000000000&amp;z=8&amp;t=k","image_popup":"8088/bms/assets/uploads/images/bridges/bridge_2909/1658725449.jpg","bridge_name":"Poilpara Bridge","bridge_type":"PC Girder Bridge","road_no":"Z1402","zone":"Cumilla","circle":"Cumilla","division":"Chandpur","subdivision":"Chandpur","sae":"Matlab","bridge_length_(m)":25.4,"bridge_width_(m)":10.4,"chainage_(km)":13.131,"xcoord":90.7252778,"ycoord":23.3452778,"bms_inventory":"http://bms.rhd.gov.bd:8088/bms/bridges/inventory_view/2909","bms_detail":"http://bms.rhd.gov.bd:8088/bms/bridges/detail_view/2909","keys":"[bridge_name, Bridge Name], [bridge_type,Type], [chainage_(km), Chainage (km)], [road_no, On Road], [division, Division], [subdivision, Subdivision], [bridge_length_(m), Length (m)], [bridge_width_(m), Width (m)],[map_link(=>{type:link, format:weblink}, Google Map,newtab=>),Google Map View],[bms_inventory(=>{type:link, format:weblink}, BMS Link,newtab=>), BMS Inventory],[bms_detail(=>{type:link, format:weblink},BMS Link,newtab=>), BMS Detailed View]","f_class_name":"PC Girder Bridge","f_class_color":"#6ebed6"},"geometry":{"type":"Point","coordinates":[90.7252778,23.3452778]}},
{"type":"Feature","properties":{"id":2911,"sl":4581,"map_link":"https://maps.google.com/?q=23.34777780000000000,90.73333330000000000&amp;z=8&amp;t=k","image_popup":"8088/bms/assets/uploads/images/bridges/bridge_2911/1658725749.jpg","bridge_name":"Doghurpur Bridge","bridge_type":"PC Girder Bridge","road_no":"Z1402","zone":"Cumilla","circle":"Cumilla","division":"Chandpur","subdivision":"Chandpur","sae":"Matlab","bridge_length_(m)":25.4,"bridge_width_(m)":10.4,"chainage_(km)":14.234,"xcoord":90.7333333,"ycoord":23.3477778,"bms_inventory":"http://bms.rhd.gov.bd:8088/bms/bridges/inventory_view/2911","bms_detail":"http://bms.rhd.gov.bd:8088/bms/bridges/detail_view/2911","keys":"[bridge_name, Bridge Name], [bridge_type,Type], [chainage_(km), Chainage (km)], [road_no, On Road], [division, Division], [subdivision, Subdivision], [bridge_length_(m), Length (m)], [bridge_width_(m), Width (m)],[map_link(=>{type:link, format:weblink}, Google Map,newtab=>),Google Map View],[bms_inventory(=>{type:link, format:weblink}, BMS Link,newtab=>), BMS Inventory],[bms_detail(=>{type:link, format:weblink},BMS Link,newtab=>), BMS Detailed View]","f_class_name":"PC Girder Bridge","f_class_color":"#6ebed6"},"geometry":{"type":"Point","coordinates":[90.7333333,23.3477778]}},
{"type":"Feature","properties":{"id":2916,"sl":10253,"map_link":"https://maps.google.com/?q=23.09861110000000000,90.66194440000000000&amp;z=8&amp;t=k","image_popup":"8088/bms/assets/uploads/images/bridges/bridge_2916/1658912111.jpg","bridge_name":"Mojonpur Bridge","bridge_type":"RC Girder Bridge","road_no":"Z8699","zone":"Cumilla","circle":"Cumilla","division":"Chandpur","subdivision":"Chandpur","sae":"Chandpur-1","bridge_length_(m)":6.3,"bridge_width_(m)":3.6,"chainage_(km)":7.565,"xcoord":90.6619444,"ycoord":23.0986111,"bms_inventory":"http://bms.rhd.gov.bd:8088/bms/bridges/inventory_view/2916","bms_detail":"http://bms.rhd.gov.bd:8088/bms/bridges/detail_view/2916","keys":"[bridge_name, Bridge Name], [bridge_type,Type], [chainage_(km), Chainage (km)], [road_no, On Road], [division, Division], [subdivision, Subdivision], [bridge_length_(m), Length (m)], [bridge_width_(m), Width (m)],[map_link(=>{type:link, format:weblink}, Google Map,newtab=>),Google Map View],[bms_inventory(=>{type:link, format:weblink}, BMS Link,newtab=>), BMS Inventory],[bms_detail(=>{type:link, format:weblink},BMS Link,newtab=>), BMS Detailed View]","f_class_name":"RC Girder Bridge","f_class_color":"#e8f674"},"geometry":{"type":"Point","coordinates":[90.6619444,23.0986111]}},
{"type":"Feature","properties":{"id":2918,"sl":10009,"map_link":"https://maps.google.com/?q=23.34708330000000000,90.75308330000000000&amp;z=8&amp;t=k","image_popup":"8088/bms/assets/uploads/images/bridges/bridge_2918/1658726801.jpg","bridge_name":"Moddho Nagda Bridge","bridge_type":"RC Girder Bridge","road_no":"Z1402","zone":"Cumilla","circle":"Cumilla","division":"Chandpur","subdivision":"Chandpur","sae":"Matlab","bridge_length_(m)":13.9,"bridge_width_(m)":10.4,"chainage_(km)":16.134,"xcoord":90.7530833,"ycoord":23.3470833,"bms_inventory":"http://bms.rhd.gov.bd:8088/bms/bridges/inventory_view/2918","bms_detail":"http://bms.rhd.gov.bd:8088/bms/bridges/detail_view/2918","keys":"[bridge_name, Bridge Name], [bridge_type,Type], [chainage_(km), Chainage (km)], [road_no, On Road], [division, Division], [subdivision, Subdivision], [bridge_length_(m), Length (m)], [bridge_width_(m), Width (m)],[map_link(=>{type:link, format:weblink}, Google Map,newtab=>),Google Map View],[bms_inventory(=>{type:link, format:weblink}, BMS Link,newtab=>), BMS Inventory],[bms_detail(=>{type:link, format:weblink},BMS Link,newtab=>), BMS Detailed View]","f_class_name":"RC Girder Bridge","f_class_color":"#e8f674"},"geometry":{"type":"Point","coordinates":[90.7530833,23.3470833]}},
{"type":"Feature","properties":{"id":2925,"sl":10834,"map_link":"https://maps.google.com/?q=23.37250000000000000,90.76944440000000000&amp;z=8&amp;t=k","image_popup":"8088/bms/assets/uploads/images/bridges/bridge_2925/1658730645.jpg","bridge_name":"Narayanpur Bazar Bridge","bridge_type":"RC Girder Bridge","road_no":"Z1402","zone":"Cumilla","circle":"Cumilla","division":"Chandpur","subdivision":"Chandpur","sae":"Matlab","bridge_length_(m)":41.5,"bridge_width_(m)":4.4,"chainage_(km)":20.692,"xcoord":90.7694444,"ycoord":23.3725,"bms_inventory":"http://bms.rhd.gov.bd:8088/bms/bridges/inventory_view/2925","bms_detail":"http://bms.rhd.gov.bd:8088/bms/bridges/detail_view/2925","keys":"[bridge_name, Bridge Name], [bridge_type,Type], [chainage_(km), Chainage (km)], [road_no, On Road], [division, Division], [subdivision, Subdivision], [bridge_length_(m), Length (m)], [bridge_width_(m), Width (m)],[map_link(=>{type:link, format:weblink}, Google Map,newtab=>),Google Map View],[bms_inventory(=>{type:link, format:weblink}, BMS Link,newtab=>), BMS Inventory],[bms_detail(=>{type:link, format:weblink},BMS Link,newtab=>), BMS Detailed View]","f_class_name":"RC Girder Bridge","f_class_color":"#e8f674"},"geometry":{"type":"Point","coordinates":[90.7694444,23.3725]}},
{"type":"Feature","properties":{"id":2930,"sl":10899,"map_link":"https://maps.google.com/?q=23.41555560000000000,90.75222220000000000&amp;z=8&amp;t=k","image_popup":"8088/bms/assets/uploads/images/bridges/bridge_2930/1658732634.jpg","bridge_name":"Nayergaon Bazar Bridge","bridge_type":"RC Girder Bridge","road_no":"Z1402","zone":"Cumilla","circle":"Cumilla","division":"Chandpur","subdivision":"Chandpur","sae":"Matlab","bridge_length_(m)":25.0,"bridge_width_(m)":9.6,"chainage_(km)":0.0,"xcoord":90.7522222,"ycoord":23.4155556,"bms_inventory":"http://bms.rhd.gov.bd:8088/bms/bridges/inventory_view/2930","bms_detail":"http://bms.rhd.gov.bd:8088/bms/bridges/detail_view/2930","keys":"[bridge_name, Bridge Name], [bridge_type,Type], [chainage_(km), Chainage (km)], [road_no, On Road], [division, Division], [subdivision, Subdivision], [bridge_length_(m), Length (m)], [bridge_width_(m), Width (m)],[map_link(=>{type:link, format:weblink}, Google Map,newtab=>),Google Map View],[bms_inventory(=>{type:link, format:weblink}, BMS Link,newtab=>), BMS Inventory],[bms_detail(=>{type:link, format:weblink},BMS Link,newtab=>), BMS Detailed View]","f_class_name":"RC Girder Bridge","f_class_color":"#e8f674"},"geometry":{"type":"Point","coordinates":[90.7522222,23.4155556]}},
{"type":"Feature","properties":{"id":2931,"sl":11659,"map_link":"https://maps.google.com/?q=23.34205560000000000,90.89397220000000000&amp;z=8&amp;t=k","image_popup":"8088/bms/assets/uploads/images/bridges/bridge_2931/1658739109.jpg","bridge_name":"Palashpur Bridge","bridge_type":"RC Girder Bridge","road_no":"Z1445","zone":"Cumilla","circle":"Cumilla","division":"Chandpur","subdivision":"Chandpur","sae":"Chandpur-2","bridge_length_(m)":20.4,"bridge_width_(m)":9.9,"chainage_(km)":0.334,"xcoord":90.8939722,"ycoord":23.3420556,"bms_inventory":"http://bms.rhd.gov.bd:8088/bms/bridges/inventory_view/2931","bms_detail":"http://bms.rhd.gov.bd:8088/bms/bridges/detail_view/2931","keys":"[bridge_name, Bridge Name], [bridge_type,Type], [chainage_(km), Chainage (km)], [road_no, On Road], [division, Division], [subdivision, Subdivision], [bridge_length_(m), Length (m)], [bridge_width_(m), Width (m)],[map_link(=>{type:link, format:weblink}, Google Map,newtab=>),Google Map View],[bms_inventory(=>{type:link, format:weblink}, BMS Link,newtab=>), BMS Inventory],[bms_detail(=>{type:link, format:weblink},BMS Link,newtab=>), BMS Detailed View]","f_class_name":"RC Girder Bridge","f_class_color":"#e8f674"},"geometry":{"type":"Point","coordinates":[90.8939722,23.3420556]}},
{"type":"Feature","properties":{"id":2933,"sl":2220,"map_link":"https://maps.google.com/?q=23.34361110000000000,90.88111110000000000&amp;z=8&amp;t=k","image_popup":"8088/bms/assets/uploads/images/bridges/bridge_2933/1658741763.jpg","bridge_name":"Boiliatoli Purbo Bridge","bridge_type":"Small Slab Bridge","road_no":"Z1445","zone":"Cumilla","circle":"Cumilla","division":"Chandpur","subdivision":"Chandpur","sae":"Chandpur-2","bridge_length_(m)":5.3,"bridge_width_(m)":3.6,"chainage_(km)":1.842,"xcoord":90.8811111,"ycoord":23.3436111,"bms_inventory":"http://bms.rhd.gov.bd:8088/bms/bridges/inventory_view/2933","bms_detail":"http://bms.rhd.gov.bd:8088/bms/bridges/detail_view/2933","keys":"[bridge_name, Bridge Name], [bridge_type,Type], [chainage_(km), Chainage (km)], [road_no, On Road], [division, Division], [subdivision, Subdivision], [bridge_length_(m), Length (m)], [bridge_width_(m), Width (m)],[map_link(=>{type:link, format:weblink}, Google Map,newtab=>),Google Map View],[bms_inventory(=>{type:link, format:weblink}, BMS Link,newtab=>), BMS Inventory],[bms_detail(=>{type:link, format:weblink},BMS Link,newtab=>), BMS Detailed View]","f_class_name":"Small Slab Bridge","f_class_color":"#13b7dd"},"geometry":{"type":"Point","coordinates":[90.8811111,23.3436111]}},
{"type":"Feature","properties":{"id":2934,"sl":2221,"map_link":"https://maps.google.com/?q=23.34361110000000000,90.87722220000000000&amp;z=8&amp;t=k","image_popup":"8088/bms/assets/uploads/images/bridges/bridge_2934/1658742122.jpg","bridge_name":"Boiliatoli Purbo Bridge-2","bridge_type":"Small Slab Bridge","road_no":"Z1445","zone":"Cumilla","circle":"Cumilla","division":"Chandpur","subdivision":"Chandpur","sae":"Chandpur-2","bridge_length_(m)":4.1,"bridge_width_(m)":3.6,"chainage_(km)":2.238,"xcoord":90.8772222,"ycoord":23.3436111,"bms_inventory":"http://bms.rhd.gov.bd:8088/bms/bridges/inventory_view/2934","bms_detail":"http://bms.rhd.gov.bd:8088/bms/bridges/detail_view/2934","keys":"[bridge_name, Bridge Name], [bridge_type,Type], [chainage_(km), Chainage (km)], [road_no, On Road], [division, Division], [subdivision, Subdivision], [bridge_length_(m), Length (m)], [bridge_width_(m), Width (m)],[map_link(=>{type:link, format:weblink}, Google Map,newtab=>),Google Map View],[bms_inventory(=>{type:link, format:weblink}, BMS Link,newtab=>), BMS Inventory],[bms_detail(=>{type:link, format:weblink},BMS Link,newtab=>), BMS Detailed View]","f_class_name":"Small Slab Bridge","f_class_color":"#13b7dd"},"geometry":{"type":"Point","coordinates":[90.8772222,23.3436111]}},
{"type":"Feature","properties":{"id":2935,"sl":10391,"map_link":"https://maps.google.com/?q=23.34222220000000000,90.86166670000000000&amp;z=8&amp;t=k","image_popup":"8088/bms/assets/uploads/images/bridges/bridge_2935/1658743873.jpg","bridge_name":"Monpura Bridge","bridge_type":"Small Slab Bridge","road_no":"Z1445","zone":"Cumilla","circle":"Cumilla","division":"Chandpur","subdivision":"Chandpur","sae":"Chandpur-2","bridge_length_(m)":6.8,"bridge_width_(m)":4.3,"chainage_(km)":3.923,"xcoord":90.8616667,"ycoord":23.3422222,"bms_inventory":"http://bms.rhd.gov.bd:8088/bms/bridges/inventory_view/2935","bms_detail":"http://bms.rhd.gov.bd:8088/bms/bridges/detail_view/2935","keys":"[bridge_name, Bridge Name], [bridge_type,Type], [chainage_(km), Chainage (km)], [road_no, On Road], [division, Division], [subdivision, Subdivision], [bridge_length_(m), Length (m)], [bridge_width_(m), Width (m)],[map_link(=>{type:link, format:weblink}, Google Map,newtab=>),Google Map View],[bms_inventory(=>{type:link, format:weblink}, BMS Link,newtab=>), BMS Inventory],[bms_detail(=>{type:link, format:weblink},BMS Link,newtab=>), BMS Detailed View]","f_class_name":"Small Slab Bridge","f_class_color":"#13b7dd"},"geometry":{"type":"Point","coordinates":[90.8616667,23.3422222]}},
{"type":"Feature","properties":{"id":2936,"sl":10007,"map_link":"https://maps.google.com/?q=23.34277780000000000,90.85555560000000000&amp;z=8&amp;t=k","image_popup":"8088/bms/assets/uploads/images/bridges/bridge_2936/1658744258.jpg","bridge_name":"Moddho Monpura Bridge","bridge_type":"Small Slab Bridge","road_no":"Z1445","zone":"Cumilla","circle":"Cumilla","division":"Chandpur","subdivision":"Chandpur","sae":"Chandpur-2","bridge_length_(m)":5.3,"bridge_width_(m)":3.7,"chainage_(km)":4.564,"xcoord":90.8555556,"ycoord":23.3427778,"bms_inventory":"http://bms.rhd.gov.bd:8088/bms/bridges/inventory_view/2936","bms_detail":"http://bms.rhd.gov.bd:8088/bms/bridges/detail_view/2936","keys":"[bridge_name, Bridge Name], [bridge_type,Type], [chainage_(km), Chainage (km)], [road_no, On Road], [division, Division], [subdivision, Subdivision], [bridge_length_(m), Length (m)], [bridge_width_(m), Width (m)],[map_link(=>{type:link, format:weblink}, Google Map,newtab=>),Google Map View],[bms_inventory(=>{type:link, format:weblink}, BMS Link,newtab=>), BMS Inventory],[bms_detail(=>{type:link, format:weblink},BMS Link,newtab=>), BMS Detailed View]","f_class_name":"Small Slab Bridge","f_class_color":"#13b7dd"},"geometry":{"type":"Point","coordinates":[90.8555556,23.3427778]}},
{"type":"Feature","properties":{"id":2943,"sl":3740,"map_link":"https://maps.google.com/?q=23.33083330000000000,90.82527780000000000&amp;z=8&amp;t=k","image_popup":"8088/bms/assets/uploads/images/bridges/bridge_2943/1658810201.jpg","bridge_name":"Choumuhoni Boro Bridge","bridge_type":"RC Girder Bridge","road_no":"Z1445","zone":"Cumilla","circle":"Cumilla","division":"Chandpur","subdivision":"Chandpur","sae":"Chandpur-2","bridge_length_(m)":22.8,"bridge_width_(m)":4.2,"chainage_(km)":8.38,"xcoord":90.8252778,"ycoord":23.3308333,"bms_inventory":"http://bms.rhd.gov.bd:8088/bms/bridges/inventory_view/2943","bms_detail":"http://bms.rhd.gov.bd:8088/bms/bridges/detail_view/2943","keys":"[bridge_name, Bridge Name], [bridge_type,Type], [chainage_(km), Chainage (km)], [road_no, On Road], [division, Division], [subdivision, Subdivision], [bridge_length_(m), Length (m)], [bridge_width_(m), Width (m)],[map_link(=>{type:link, format:weblink}, Google Map,newtab=>),Google Map View],[bms_inventory(=>{type:link, format:weblink}, BMS Link,newtab=>), BMS Inventory],[bms_detail(=>{type:link, format:weblink},BMS Link,newtab=>), BMS Detailed View]","f_class_name":"RC Girder Bridge","f_class_color":"#e8f674"},"geometry":{"type":"Point","coordinates":[90.8252778,23.3308333]}},
{"type":"Feature","properties":{"id":2949,"sl":6579,"map_link":"https://maps.google.com/?q=23.20666670000000000,90.68472220000000000&amp;z=8&amp;t=k","image_popup":"8088/bms/assets/uploads/images/bridges/bridge_2949/1658814280.jpg","bridge_name":"Ichuli Road Bridge","bridge_type":"RC Girder Bridge","road_no":"Z1412","zone":"Cumilla","circle":"Cumilla","division":"Chandpur","subdivision":"Chandpur","sae":"Chandpur-1","bridge_length_(m)":11.8,"bridge_width_(m)":6.4,"chainage_(km)":1.999,"xcoord":90.6847222,"ycoord":23.2066667,"bms_inventory":"http://bms.rhd.gov.bd:8088/bms/bridges/inventory_view/2949","bms_detail":"http://bms.rhd.gov.bd:8088/bms/bridges/detail_view/2949","keys":"[bridge_name, Bridge Name], [bridge_type,Type], [chainage_(km), Chainage (km)], [road_no, On Road], [division, Division], [subdivision, Subdivision], [bridge_length_(m), Length (m)], [bridge_width_(m), Width (m)],[map_link(=>{type:link, format:weblink}, Google Map,newtab=>),Google Map View],[bms_inventory(=>{type:link, format:weblink}, BMS Link,newtab=>), BMS Inventory],[bms_detail(=>{type:link, format:weblink},BMS Link,newtab=>), BMS Detailed View]","f_class_name":"RC Girder Bridge","f_class_color":"#e8f674"},"geometry":{"type":"Point","coordinates":[90.6847222,23.2066667]}},
{"type":"Feature","properties":{"id":2951,"sl":10799,"map_link":"https://maps.google.com/?q=23.20555560000000000,90.70166670000000000&amp;z=8&amp;t=k","image_popup":"8088/bms/assets/uploads/images/bridges/bridge_2951/1658814799.jpg","bridge_name":"Nanipur Shilua Bridge","bridge_type":"RC Slab Bridge","road_no":"Z1412","zone":"Cumilla","circle":"Cumilla","division":"Chandpur","subdivision":"Chandpur","sae":"Chandpur-1","bridge_length_(m)":48.1,"bridge_width_(m)":5.2,"chainage_(km)":3.821,"xcoord":90.7016667,"ycoord":23.2055556,"bms_inventory":"http://bms.rhd.gov.bd:8088/bms/bridges/inventory_view/2951","bms_detail":"http://bms.rhd.gov.bd:8088/bms/bridges/detail_view/2951","keys":"[bridge_name, Bridge Name], [bridge_type,Type], [chainage_(km), Chainage (km)], [road_no, On Road], [division, Division], [subdivision, Subdivision], [bridge_length_(m), Length (m)], [bridge_width_(m), Width (m)],[map_link(=>{type:link, format:weblink}, Google Map,newtab=>),Google Map View],[bms_inventory(=>{type:link, format:weblink}, BMS Link,newtab=>), BMS Inventory],[bms_detail(=>{type:link, format:weblink},BMS Link,newtab=>), BMS Detailed View]","f_class_name":"RC Slab Bridge","f_class_color":"#088afa"},"geometry":{"type":"Point","coordinates":[90.7016667,23.2055556]}},
{"type":"Feature","properties":{"id":2957,"sl":4467,"map_link":"https://maps.google.com/?q=23.33777780000000000,90.75416670000000000&amp;z=8&amp;t=k","image_popup":"8088/bms/assets/uploads/images/bridges/bridge_2957/1658816807.jpg","bridge_name":"Dhuliura Bridge","bridge_type":"Small Slab Bridge","road_no":"Z1445","zone":"Cumilla","circle":"Cumilla","division":"Chandpur","subdivision":"Chandpur","sae":"Matlab","bridge_length_(m)":4.4,"bridge_width_(m)":3.9,"chainage_(km)":16.852,"xcoord":90.7541667,"ycoord":23.3377778,"bms_inventory":"http://bms.rhd.gov.bd:8088/bms/bridges/inventory_view/2957","bms_detail":"http://bms.rhd.gov.bd:8088/bms/bridges/detail_view/2957","keys":"[bridge_name, Bridge Name], [bridge_type,Type], [chainage_(km), Chainage (km)], [road_no, On Road], [division, Division], [subdivision, Subdivision], [bridge_length_(m), Length (m)], [bridge_width_(m), Width (m)],[map_link(=>{type:link, format:weblink}, Google Map,newtab=>),Google Map View],[bms_inventory(=>{type:link, format:weblink}, BMS Link,newtab=>), BMS Inventory],[bms_detail(=>{type:link, format:weblink},BMS Link,newtab=>), BMS Detailed View]","f_class_name":"Small Slab Bridge","f_class_color":"#13b7dd"},"geometry":{"type":"Point","coordinates":[90.7541667,23.3377778]}},
{"type":"Feature","properties":{"id":2972,"sl":13787,"map_link":"https://maps.google.com/?q=23.32277780000000000,90.78666670000000000&amp;z=8&amp;t=k","image_popup":"8088/bms/assets/uploads/images/bridges/bridge_2972/1658824663.jpg","bridge_name":"Shilpa Bridge","bridge_type":"PC Girder Bridge","road_no":"Z1482","zone":"Cumilla","circle":"Cumilla","division":"Chandpur","subdivision":"Chandpur","sae":"Chandpur-1","bridge_length_(m)":30.4,"bridge_width_(m)":10.2,"chainage_(km)":10.008,"xcoord":90.7866667,"ycoord":23.3227778,"bms_inventory":"http://bms.rhd.gov.bd:8088/bms/bridges/inventory_view/2972","bms_detail":"http://bms.rhd.gov.bd:8088/bms/bridges/detail_view/2972","keys":"[bridge_name, Bridge Name], [bridge_type,Type], [chainage_(km), Chainage (km)], [road_no, On Road], [division, Division], [subdivision, Subdivision], [bridge_length_(m), Length (m)], [bridge_width_(m), Width (m)],[map_link(=>{type:link, format:weblink}, Google Map,newtab=>),Google Map View],[bms_inventory(=>{type:link, format:weblink}, BMS Link,newtab=>), BMS Inventory],[bms_detail(=>{type:link, format:weblink},BMS Link,newtab=>), BMS Detailed View]","f_class_name":"PC Girder Bridge","f_class_color":"#6ebed6"},"geometry":{"type":"Point","coordinates":[90.7866667,23.3227778]}},
{"type":"Feature","properties":{"id":2974,"sl":10880,"map_link":"https://maps.google.com/?q=23.32969440000000000,90.77883330000000000&amp;z=8&amp;t=k","image_popup":"8088/bms/assets/uploads/images/bridges/bridge_2974/1658825363.jpg","bridge_name":"Natshal Bridge","bridge_type":"RC Girder Bridge","road_no":"Z1482","zone":"Cumilla","circle":"Cumilla","division":"Chandpur","subdivision":"Chandpur","sae":"Chandpur-1","bridge_length_(m)":12.9,"bridge_width_(m)":4.2,"chainage_(km)":11.293,"xcoord":90.7788333,"ycoord":23.3296944,"bms_inventory":"http://bms.rhd.gov.bd:8088/bms/bridges/inventory_view/2974","bms_detail":"http://bms.rhd.gov.bd:8088/bms/bridges/detail_view/2974","keys":"[bridge_name, Bridge Name], [bridge_type,Type], [chainage_(km), Chainage (km)], [road_no, On Road], [division, Division], [subdivision, Subdivision], [bridge_length_(m), Length (m)], [bridge_width_(m), Width (m)],[map_link(=>{type:link, format:weblink}, Google Map,newtab=>),Google Map View],[bms_inventory(=>{type:link, format:weblink}, BMS Link,newtab=>), BMS Inventory],[bms_detail(=>{type:link, format:weblink},BMS Link,newtab=>), BMS Detailed View]","f_class_name":"RC Girder Bridge","f_class_color":"#e8f674"},"geometry":{"type":"Point","coordinates":[90.7788333,23.3296944]}},
{"type":"Feature","properties":{"id":2976,"sl":10837,"map_link":"https://maps.google.com/?q=23.36827780000000000,90.77127780000000000&amp;z=8&amp;t=k","image_popup":"8088/bms/assets/uploads/images/bridges/bridge_2976/1658826652.jpg","bridge_name":"Narayanpur Bridge","bridge_type":"RC Girder Bridge","road_no":"Z1482","zone":"Cumilla","circle":"Cumilla","division":"Chandpur","subdivision":"Chandpur","sae":"Chandpur-1","bridge_length_(m)":13.0,"bridge_width_(m)":4.2,"chainage_(km)":16.194,"xcoord":90.7712778,"ycoord":23.3682778,"bms_inventory":"http://bms.rhd.gov.bd:8088/bms/bridges/inventory_view/2976","bms_detail":"http://bms.rhd.gov.bd:8088/bms/bridges/detail_view/2976","keys":"[bridge_name, Bridge Name], [bridge_type,Type], [chainage_(km), Chainage (km)], [road_no, On Road], [division, Division], [subdivision, Subdivision], [bridge_length_(m), Length (m)], [bridge_width_(m), Width (m)],[map_link(=>{type:link, format:weblink}, Google Map,newtab=>),Google Map View],[bms_inventory(=>{type:link, format:weblink}, BMS Link,newtab=>), BMS Inventory],[bms_detail(=>{type:link, format:weblink},BMS Link,newtab=>), BMS Detailed View]","f_class_name":"RC Girder Bridge","f_class_color":"#e8f674"},"geometry":{"type":"Point","coordinates":[90.7712778,23.3682778]}},
{"type":"Feature","properties":{"id":2978,"sl":2417,"map_link":"https://maps.google.com/?q=23.25472220000000000,91.04277780000000000&amp;z=8&amp;t=k","image_popup":"8088/bms/assets/uploads/images/bridges/bridge_2978/1658826945.jpg","bridge_name":"Boro Baganiya Bridge-2","bridge_type":"Portable Steel Bridge","road_no":"Z1407","zone":"Cumilla","circle":"Cumilla","division":"Chandpur","subdivision":"Hajigonj","sae":"Kaliapara","bridge_length_(m)":24.8,"bridge_width_(m)":3.6,"chainage_(km)":1.8,"xcoord":91.0427778,"ycoord":23.2547222,"bms_inventory":"http://bms.rhd.gov.bd:8088/bms/bridges/inventory_view/2978","bms_detail":"http://bms.rhd.gov.bd:8088/bms/bridges/detail_view/2978","keys":"[bridge_name, Bridge Name], [bridge_type,Type], [chainage_(km), Chainage (km)], [road_no, On Road], [division, Division], [subdivision, Subdivision], [bridge_length_(m), Length (m)], [bridge_width_(m), Width (m)],[map_link(=>{type:link, format:weblink}, Google Map,newtab=>),Google Map View],[bms_inventory(=>{type:link, format:weblink}, BMS Link,newtab=>), BMS Inventory],[bms_detail(=>{type:link, format:weblink},BMS Link,newtab=>), BMS Detailed View]","f_class_name":"Portable Steel Bridge","f_class_color":"#29ffa4"},"geometry":{"type":"Point","coordinates":[91.0427778,23.2547222]}},
{"type":"Feature","properties":{"id":2979,"sl":10835,"map_link":"https://maps.google.com/?q=23.37077780000000000,90.77127780000000000&amp;z=8&amp;t=k","image_popup":"8088/bms/assets/uploads/images/bridges/bridge_2979/1658827105.jpg","bridge_name":"Narayanpur Bazar Bridge.","bridge_type":"RC Girder Bridge","road_no":"Z1482","zone":"Cumilla","circle":"Cumilla","division":"Chandpur","subdivision":"Chandpur","sae":"Chandpur-1","bridge_length_(m)":13.4,"bridge_width_(m)":4.2,"chainage_(km)":16.52,"xcoord":90.7712778,"ycoord":23.3707778,"bms_inventory":"http://bms.rhd.gov.bd:8088/bms/bridges/inventory_view/2979","bms_detail":"http://bms.rhd.gov.bd:8088/bms/bridges/detail_view/2979","keys":"[bridge_name, Bridge Name], [bridge_type,Type], [chainage_(km), Chainage (km)], [road_no, On Road], [division, Division], [subdivision, Subdivision], [bridge_length_(m), Length (m)], [bridge_width_(m), Width (m)],[map_link(=>{type:link, format:weblink}, Google Map,newtab=>),Google Map View],[bms_inventory(=>{type:link, format:weblink}, BMS Link,newtab=>), BMS Inventory],[bms_detail(=>{type:link, format:weblink},BMS Link,newtab=>), BMS Detailed View]","f_class_name":"RC Girder Bridge","f_class_color":"#e8f674"},"geometry":{"type":"Point","coordinates":[90.7712778,23.3707778]}},
{"type":"Feature","properties":{"id":2983,"sl":2374,"map_link":"https://maps.google.com/?q=23.19972220000000000,91.01122220000000000&amp;z=8&amp;t=k","image_popup":"8088/bms/assets/uploads/images/bridges/bridge_2983/1658893097.jpg","bridge_name":"Boranaiya Bazar Bridge","bridge_type":"RC Girder Bridge","road_no":"Z1407","zone":"Cumilla","circle":"Cumilla","division":"Chandpur","subdivision":"Hajigonj","sae":"Kaliapara","bridge_length_(m)":6.7,"bridge_width_(m)":4.3,"chainage_(km)":8.8,"xcoord":91.0112222,"ycoord":23.1997222,"bms_inventory":"http://bms.rhd.gov.bd:8088/bms/bridges/inventory_view/2983","bms_detail":"http://bms.rhd.gov.bd:8088/bms/bridges/detail_view/2983","keys":"[bridge_name, Bridge Name], [bridge_type,Type], [chainage_(km), Chainage (km)], [road_no, On Road], [division, Division], [subdivision, Subdivision], [bridge_length_(m), Length (m)], [bridge_width_(m), Width (m)],[map_link(=>{type:link, format:weblink}, Google Map,newtab=>),Google Map View],[bms_inventory(=>{type:link, format:weblink}, BMS Link,newtab=>), BMS Inventory],[bms_detail(=>{type:link, format:weblink},BMS Link,newtab=>), BMS Detailed View]","f_class_name":"RC Girder Bridge","f_class_color":"#e8f674"},"geometry":{"type":"Point","coordinates":[91.0112222,23.1997222]}},
{"type":"Feature","properties":{"id":2986,"sl":13529,"map_link":"https://maps.google.com/?q=23.16750000000000000,91.00555560000000000&amp;z=8&amp;t=k","image_popup":"8088/bms/assets/uploads/images/bridges/bridge_2986/1658894364.jpg","bridge_name":"Shantir Bazar Bridge.","bridge_type":"Portable Steel Bridge","road_no":"Z1407","zone":"Cumilla","circle":"Cumilla","division":"Chandpur","subdivision":"Hajigonj","sae":"Kaliapara","bridge_length_(m)":86.6,"bridge_width_(m)":3.4,"chainage_(km)":12.3,"xcoord":91.0055556,"ycoord":23.1675,"bms_inventory":"http://bms.rhd.gov.bd:8088/bms/bridges/inventory_view/2986","bms_detail":"http://bms.rhd.gov.bd:8088/bms/bridges/detail_view/2986","keys":"[bridge_name, Bridge Name], [bridge_type,Type], [chainage_(km), Chainage (km)], [road_no, On Road], [division, Division], [subdivision, Subdivision], [bridge_length_(m), Length (m)], [bridge_width_(m), Width (m)],[map_link(=>{type:link, format:weblink}, Google Map,newtab=>),Google Map View],[bms_inventory(=>{type:link, format:weblink}, BMS Link,newtab=>), BMS Inventory],[bms_detail(=>{type:link, format:weblink},BMS Link,newtab=>), BMS Detailed View]","f_class_name":"Portable Steel Bridge","f_class_color":"#29ffa4"},"geometry":{"type":"Point","coordinates":[91.0055556,23.1675]}},
{"type":"Feature","properties":{"id":3014,"sl":14583,"map_link":"https://maps.google.com/?q=23.20583330000000000,90.95222220000000000&amp;z=8&amp;t=k","image_popup":"8088/bms/assets/uploads/images/bridges/bridge_3014/1659245995.jpg","bridge_name":"Suchipara Bridge","bridge_type":"RC Girder Bridge","road_no":"Z1430","zone":"Cumilla","circle":"Cumilla","division":"Chandpur","subdivision":"Hajigonj","sae":"Kaliapara","bridge_length_(m)":80.0,"bridge_width_(m)":4.7,"chainage_(km)":25.039,"xcoord":90.9522222,"ycoord":23.2058333,"bms_inventory":"http://bms.rhd.gov.bd:8088/bms/bridges/inventory_view/3014","bms_detail":"http://bms.rhd.gov.bd:8088/bms/bridges/detail_view/3014","keys":"[bridge_name, Bridge Name], [bridge_type,Type], [chainage_(km), Chainage (km)], [road_no, On Road], [division, Division], [subdivision, Subdivision], [bridge_length_(m), Length (m)], [bridge_width_(m), Width (m)],[map_link(=>{type:link, format:weblink}, Google Map,newtab=>),Google Map View],[bms_inventory(=>{type:link, format:weblink}, BMS Link,newtab=>), BMS Inventory],[bms_detail(=>{type:link, format:weblink},BMS Link,newtab=>), BMS Detailed View]","f_class_name":"RC Girder Bridge","f_class_color":"#e8f674"},"geometry":{"type":"Point","coordinates":[90.9522222,23.2058333]}},
{"type":"Feature","properties":{"id":3065,"sl":10815,"map_link":"https://maps.google.com/?q=23.11416670000000000,90.99972220000000000&amp;z=8&amp;t=k","image_popup":"8088/bms/assets/uploads/images/bridges/bridge_3065/1664179248.jpg","bridge_name":"Naotola Bridge","bridge_type":"PC Girder Bridge","road_no":"Z1430","zone":"Cumilla","circle":"Cumilla","division":"Chandpur","subdivision":"Hajigonj","sae":"Kaliapara","bridge_length_(m)":25.0,"bridge_width_(m)":10.2,"chainage_(km)":7.756,"xcoord":90.9997222,"ycoord":23.1141667,"bms_inventory":"http://bms.rhd.gov.bd:8088/bms/bridges/inventory_view/3065","bms_detail":"http://bms.rhd.gov.bd:8088/bms/bridges/detail_view/3065","keys":"[bridge_name, Bridge Name], [bridge_type,Type], [chainage_(km), Chainage (km)], [road_no, On Road], [division, Division], [subdivision, Subdivision], [bridge_length_(m), Length (m)], [bridge_width_(m), Width (m)],[map_link(=>{type:link, format:weblink}, Google Map,newtab=>),Google Map View],[bms_inventory(=>{type:link, format:weblink}, BMS Link,newtab=>), BMS Inventory],[bms_detail(=>{type:link, format:weblink},BMS Link,newtab=>), BMS Detailed View]","f_class_name":"PC Girder Bridge","f_class_color":"#6ebed6"},"geometry":{"type":"Point","coordinates":[90.9997222,23.1141667]}},
{"type":"Feature","properties":{"id":3566,"sl":7281,"map_link":"https://maps.google.com/?q=23.33916670000000000,90.89166670000000000&amp;z=8&amp;t=k","image_popup":"8088/bms/assets/uploads/images/bridges/bridge_3566/1663043343.jpg","bridge_name":"Kachua Bridge","bridge_type":"RC Girder Bridge","road_no":"Z1044","zone":"Cumilla","circle":"Cumilla","division":"Chandpur","subdivision":"Hajigonj","sae":"SAE-Hajigonj-2","bridge_length_(m)":19.0,"bridge_width_(m)":9.5,"chainage_(km)":28.586,"xcoord":90.8916667,"ycoord":23.3391667,"bms_inventory":"http://bms.rhd.gov.bd:8088/bms/bridges/inventory_view/3566","bms_detail":"http://bms.rhd.gov.bd:8088/bms/bridges/detail_view/3566","keys":"[bridge_name, Bridge Name], [bridge_type,Type], [chainage_(km), Chainage (km)], [road_no, On Road], [division, Division], [subdivision, Subdivision], [bridge_length_(m), Length (m)], [bridge_width_(m), Width (m)],[map_link(=>{type:link, format:weblink}, Google Map,newtab=>),Google Map View],[bms_inventory(=>{type:link, format:weblink}, BMS Link,newtab=>), BMS Inventory],[bms_detail(=>{type:link, format:weblink},BMS Link,newtab=>), BMS Detailed View]","f_class_name":"RC Girder Bridge","f_class_color":"#e8f674"},"geometry":{"type":"Point","coordinates":[90.8916667,23.3391667]}},
{"type":"Feature","properties":{"id":3569,"sl":12970,"map_link":"https://maps.google.com/?q=23.44000000000000000,90.84138890000000000&amp;z=8&amp;t=k","image_popup":"8088/bms/assets/uploads/images/bridges/bridge_3569/1663051390.jpg","bridge_name":"Sachar Bridge","bridge_type":"PC Girder Bridge","road_no":"Z1044","zone":"Cumilla","circle":"Cumilla","division":"Chandpur","subdivision":"Hajigonj","sae":"SAE-Hajigonj-2","bridge_length_(m)":43.4,"bridge_width_(m)":10.2,"chainage_(km)":13.923,"xcoord":90.8413889,"ycoord":23.44,"bms_inventory":"http://bms.rhd.gov.bd:8088/bms/bridges/inventory_view/3569","bms_detail":"http://bms.rhd.gov.bd:8088/bms/bridges/detail_view/3569","keys":"[bridge_name, Bridge Name], [bridge_type,Type], [chainage_(km), Chainage (km)], [road_no, On Road], [division, Division], [subdivision, Subdivision], [bridge_length_(m), Length (m)], [bridge_width_(m), Width (m)],[map_link(=>{type:link, format:weblink}, Google Map,newtab=>),Google Map View],[bms_inventory(=>{type:link, format:weblink}, BMS Link,newtab=>), BMS Inventory],[bms_detail(=>{type:link, format:weblink},BMS Link,newtab=>), BMS Detailed View]","f_class_name":"PC Girder Bridge","f_class_color":"#6ebed6"},"geometry":{"type":"Point","coordinates":[90.8413889,23.44]}},
{"type":"Feature","properties":{"id":3570,"sl":12971,"map_link":"https://maps.google.com/?q=23.43472220000000000,90.84472220000000000&amp;z=8&amp;t=k","image_popup":"8088/bms/assets/uploads/images/bridges/bridge_3570/1663051506.jpg","bridge_name":"Sachar Bazar Bridge","bridge_type":"RC Girder Bridge","road_no":"Z1044","zone":"Cumilla","circle":"Cumilla","division":"Chandpur","subdivision":"Hajigonj","sae":"SAE-Hajigonj-2","bridge_length_(m)":18.0,"bridge_width_(m)":9.4,"chainage_(km)":14.763,"xcoord":90.8447222,"ycoord":23.4347222,"bms_inventory":"http://bms.rhd.gov.bd:8088/bms/bridges/inventory_view/3570","bms_detail":"http://bms.rhd.gov.bd:8088/bms/bridges/detail_view/3570","keys":"[bridge_name, Bridge Name], [bridge_type,Type], [chainage_(km), Chainage (km)], [road_no, On Road], [division, Division], [subdivision, Subdivision], [bridge_length_(m), Length (m)], [bridge_width_(m), Width (m)],[map_link(=>{type:link, format:weblink}, Google Map,newtab=>),Google Map View],[bms_inventory(=>{type:link, format:weblink}, BMS Link,newtab=>), BMS Inventory],[bms_detail(=>{type:link, format:weblink},BMS Link,newtab=>), BMS Detailed View]","f_class_name":"RC Girder Bridge","f_class_color":"#e8f674"},"geometry":{"type":"Point","coordinates":[90.8447222,23.4347222]}},
{"type":"Feature","properties":{"id":3571,"sl":4869,"map_link":"https://maps.google.com/?q=23.32972220000000000,90.88138890000000000&amp;z=8&amp;t=k","image_popup":"8088/bms/assets/uploads/images/bridges/bridge_3571/1663044990.jpg","bridge_name":"Dumuriya Bridge","bridge_type":"PC Girder Bridge","road_no":"Z1044","zone":"Cumilla","circle":"Cumilla","division":"Chandpur","subdivision":"Hajigonj","sae":"SAE-Hajigonj-2","bridge_length_(m)":22.0,"bridge_width_(m)":10.0,"chainage_(km)":30.149,"xcoord":90.8813889,"ycoord":23.3297222,"bms_inventory":"http://bms.rhd.gov.bd:8088/bms/bridges/inventory_view/3571","bms_detail":"http://bms.rhd.gov.bd:8088/bms/bridges/detail_view/3571","keys":"[bridge_name, Bridge Name], [bridge_type,Type], [chainage_(km), Chainage (km)], [road_no, On Road], [division, Division], [subdivision, Subdivision], [bridge_length_(m), Length (m)], [bridge_width_(m), Width (m)],[map_link(=>{type:link, format:weblink}, Google Map,newtab=>),Google Map View],[bms_inventory(=>{type:link, format:weblink}, BMS Link,newtab=>), BMS Inventory],[bms_detail(=>{type:link, format:weblink},BMS Link,newtab=>), BMS Detailed View]","f_class_name":"PC Girder Bridge","f_class_color":"#6ebed6"},"geometry":{"type":"Point","coordinates":[90.8813889,23.3297222]}},
{"type":"Feature","properties":{"id":3576,"sl":10967,"map_link":"https://maps.google.com/?q=23.32777780000000000,90.87722220000000000&amp;z=8&amp;t=k","image_popup":"8088/bms/assets/uploads/images/bridges/bridge_3576/1663046199.jpg","bridge_name":"Nilampara Bridge","bridge_type":"RC Girder Bridge","road_no":"Z1044","zone":"Cumilla","circle":"Cumilla","division":"Chandpur","subdivision":"Hajigonj","sae":"SAE-Hajigonj-2","bridge_length_(m)":24.6,"bridge_width_(m)":10.0,"chainage_(km)":30.639,"xcoord":90.8772222,"ycoord":23.3277778,"bms_inventory":"http://bms.rhd.gov.bd:8088/bms/bridges/inventory_view/3576","bms_detail":"http://bms.rhd.gov.bd:8088/bms/bridges/detail_view/3576","keys":"[bridge_name, Bridge Name], [bridge_type,Type], [chainage_(km), Chainage (km)], [road_no, On Road], [division, Division], [subdivision, Subdivision], [bridge_length_(m), Length (m)], [bridge_width_(m), Width (m)],[map_link(=>{type:link, format:weblink}, Google Map,newtab=>),Google Map View],[bms_inventory(=>{type:link, format:weblink}, BMS Link,newtab=>), BMS Inventory],[bms_detail(=>{type:link, format:weblink},BMS Link,newtab=>), BMS Detailed View]","f_class_name":"RC Girder Bridge","f_class_color":"#e8f674"},"geometry":{"type":"Point","coordinates":[90.8772222,23.3277778]}},
{"type":"Feature","properties":{"id":3591,"sl":4807,"map_link":"https://maps.google.com/?q=23.37444440000000000,90.85888890000000000&amp;z=8&amp;t=k","image_popup":"8088/bms/assets/uploads/images/bridges/bridge_3591/1663053296.jpg","bridge_name":"Duati Bridge","bridge_type":"RC Girder Bridge","road_no":"Z1044","zone":"Cumilla","circle":"Cumilla","division":"Chandpur","subdivision":"Hajigonj","sae":"SAE-Hajigonj-2","bridge_length_(m)":24.8,"bridge_width_(m)":7.7,"chainage_(km)":22.184,"xcoord":90.8588889,"ycoord":23.3744444,"bms_inventory":"http://bms.rhd.gov.bd:8088/bms/bridges/inventory_view/3591","bms_detail":"http://bms.rhd.gov.bd:8088/bms/bridges/detail_view/3591","keys":"[bridge_name, Bridge Name], [bridge_type,Type], [chainage_(km), Chainage (km)], [road_no, On Road], [division, Division], [subdivision, Subdivision], [bridge_length_(m), Length (m)], [bridge_width_(m), Width (m)],[map_link(=>{type:link, format:weblink}, Google Map,newtab=>),Google Map View],[bms_inventory(=>{type:link, format:weblink}, BMS Link,newtab=>), BMS Inventory],[bms_detail(=>{type:link, format:weblink},BMS Link,newtab=>), BMS Detailed View]","f_class_name":"RC Girder Bridge","f_class_color":"#e8f674"},"geometry":{"type":"Point","coordinates":[90.8588889,23.3744444]}},
{"type":"Feature","properties":{"id":3595,"sl":1211,"map_link":"https://maps.google.com/?q=23.24722220000000000,90.85250000000000000&amp;z=8&amp;t=k","image_popup":"8088/bms/assets/uploads/images/bridges/bridge_3595/1666078706.jpg","bridge_name":"Balurghat Bridge","bridge_type":"PC Girder Bridge","road_no":"Z1422","zone":"Cumilla","circle":"Cumilla","division":"Chandpur","subdivision":"Hajigonj","sae":"SAE-Hajigonj-2","bridge_length_(m)":118.0,"bridge_width_(m)":10.0,"chainage_(km)":0.492,"xcoord":90.8525,"ycoord":23.2472222,"bms_inventory":"http://bms.rhd.gov.bd:8088/bms/bridges/inventory_view/3595","bms_detail":"http://bms.rhd.gov.bd:8088/bms/bridges/detail_view/3595","keys":"[bridge_name, Bridge Name], [bridge_type,Type], [chainage_(km), Chainage (km)], [road_no, On Road], [division, Division], [subdivision, Subdivision], [bridge_length_(m), Length (m)], [bridge_width_(m), Width (m)],[map_link(=>{type:link, format:weblink}, Google Map,newtab=>),Google Map View],[bms_inventory(=>{type:link, format:weblink}, BMS Link,newtab=>), BMS Inventory],[bms_detail(=>{type:link, format:weblink},BMS Link,newtab=>), BMS Detailed View]","f_class_name":"PC Girder Bridge","f_class_color":"#6ebed6"},"geometry":{"type":"Point","coordinates":[90.8525,23.2472222]}},
{"type":"Feature","properties":{"id":3615,"sl":7914,"map_link":"https://maps.google.com/?q=23.27111110000000000,90.86638890000000000&amp;z=8&amp;t=k","image_popup":"8088/bms/assets/uploads/images/bridges/bridge_3615/1663136975.jpg","bridge_name":"Kathali Bridge","bridge_type":"RC Girder Bridge","road_no":"Z1044","zone":"Cumilla","circle":"Cumilla","division":"Chandpur","subdivision":"Hajigonj","sae":"SAE-Hajigonj-2","bridge_length_(m)":24.8,"bridge_width_(m)":9.5,"chainage_(km)":37.016,"xcoord":90.8663889,"ycoord":23.2711111,"bms_inventory":"http://bms.rhd.gov.bd:8088/bms/bridges/inventory_view/3615","bms_detail":"http://bms.rhd.gov.bd:8088/bms/bridges/detail_view/3615","keys":"[bridge_name, Bridge Name], [bridge_type,Type], [chainage_(km), Chainage (km)], [road_no, On Road], [division, Division], [subdivision, Subdivision], [bridge_length_(m), Length (m)], [bridge_width_(m), Width (m)],[map_link(=>{type:link, format:weblink}, Google Map,newtab=>),Google Map View],[bms_inventory(=>{type:link, format:weblink}, BMS Link,newtab=>), BMS Inventory],[bms_detail(=>{type:link, format:weblink},BMS Link,newtab=>), BMS Detailed View]","f_class_name":"RC Girder Bridge","f_class_color":"#e8f674"},"geometry":{"type":"Point","coordinates":[90.8663889,23.2711111]}},
{"type":"Feature","properties":{"id":3620,"sl":2170,"map_link":"https://maps.google.com/?q=23.26416670000000000,90.86361110000000000&amp;z=8&amp;t=k","image_popup":"8088/bms/assets/uploads/images/bridges/bridge_3620/1663137749.jpg","bridge_name":"Bodpur Bridge","bridge_type":"PC Girder Bridge","road_no":"Z1044","zone":"Cumilla","circle":"Cumilla","division":"Chandpur","subdivision":"Hajigonj","sae":"SAE-Hajigonj-2","bridge_length_(m)":65.8,"bridge_width_(m)":9.5,"chainage_(km)":37.219,"xcoord":90.8636111,"ycoord":23.2641667,"bms_inventory":"http://bms.rhd.gov.bd:8088/bms/bridges/inventory_view/3620","bms_detail":"http://bms.rhd.gov.bd:8088/bms/bridges/detail_view/3620","keys":"[bridge_name, Bridge Name], [bridge_type,Type], [chainage_(km), Chainage (km)], [road_no, On Road], [division, Division], [subdivision, Subdivision], [bridge_length_(m), Length (m)], [bridge_width_(m), Width (m)],[map_link(=>{type:link, format:weblink}, Google Map,newtab=>),Google Map View],[bms_inventory(=>{type:link, format:weblink}, BMS Link,newtab=>), BMS Inventory],[bms_detail(=>{type:link, format:weblink},BMS Link,newtab=>), BMS Detailed View]","f_class_name":"PC Girder Bridge","f_class_color":"#6ebed6"},"geometry":{"type":"Point","coordinates":[90.8636111,23.2641667]}},
{"type":"Feature","properties":{"id":3846,"sl":8429,"map_link":"https://maps.google.com/?q=23.34611110000000000,90.89611110000000000&amp;z=8&amp;t=k","image_popup":"8088/bms/assets/uploads/images/bridges/bridge_3846/1664868548.jpg","bridge_name":"Kochua Uttar Polton Moydan Bridge","bridge_type":"PC Girder Bridge","road_no":"Z1442","zone":"Cumilla","circle":"Cumilla","division":"Chandpur","subdivision":"Hajigonj","sae":"Kaliapara","bridge_length_(m)":20.0,"bridge_width_(m)":9.5,"chainage_(km)":0.0,"xcoord":90.8961111,"ycoord":23.3461111,"bms_inventory":"http://bms.rhd.gov.bd:8088/bms/bridges/inventory_view/3846","bms_detail":"http://bms.rhd.gov.bd:8088/bms/bridges/detail_view/3846","keys":"[bridge_name, Bridge Name], [bridge_type,Type], [chainage_(km), Chainage (km)], [road_no, On Road], [division, Division], [subdivision, Subdivision], [bridge_length_(m), Length (m)], [bridge_width_(m), Width (m)],[map_link(=>{type:link, format:weblink}, Google Map,newtab=>),Google Map View],[bms_inventory(=>{type:link, format:weblink}, BMS Link,newtab=>), BMS Inventory],[bms_detail(=>{type:link, format:weblink},BMS Link,newtab=>), BMS Detailed View]","f_class_name":"PC Girder Bridge","f_class_color":"#6ebed6"},"geometry":{"type":"Point","coordinates":[90.8961111,23.3461111]}},
{"type":"Feature","properties":{"id":3935,"sl":8156,"map_link":"https://maps.google.com/?q=23.77000000000000000,91.11472220000000000&amp;z=8&amp;t=k","image_popup":"8088/bms/assets/uploads/images/bridges/bridge_3935/1665510061.jpg","bridge_name":"Kharera-1 Slab Bridge","bridge_type":"RC Slab Bridge","road_no":"N102","zone":"Cumilla","circle":"Cumilla","division":"Brahmanbaria","subdivision":"Brahmanbaria","sae":"Brahmanbaria-2","bridge_length_(m)":17.0,"bridge_width_(m)":8.9,"chainage_(km)":46.826,"xcoord":91.1147222,"ycoord":23.77,"bms_inventory":"http://bms.rhd.gov.bd:8088/bms/bridges/inventory_view/3935","bms_detail":"http://bms.rhd.gov.bd:8088/bms/bridges/detail_view/3935","keys":"[bridge_name, Bridge Name], [bridge_type,Type], [chainage_(km), Chainage (km)], [road_no, On Road], [division, Division], [subdivision, Subdivision], [bridge_length_(m), Length (m)], [bridge_width_(m), Width (m)],[map_link(=>{type:link, format:weblink}, Google Map,newtab=>),Google Map View],[bms_inventory(=>{type:link, format:weblink}, BMS Link,newtab=>), BMS Inventory],[bms_detail(=>{type:link, format:weblink},BMS Link,newtab=>), BMS Detailed View]","f_class_name":"RC Slab Bridge","f_class_color":"#088afa"},"geometry":{"type":"Point","coordinates":[91.1147222,23.77]}},
{"type":"Feature","properties":{"id":3936,"sl":15207,"map_link":"https://maps.google.com/?q=23.82972220000000000,91.15472220000000000&amp;z=8&amp;t=k","image_popup":"8088/bms/assets/uploads/images/bridges/bridge_3936/1665511111.jpg","bridge_name":"Tontor Slab Bridge","bridge_type":"RC Slab Bridge","road_no":"N102","zone":"Cumilla","circle":"Cumilla","division":"Brahmanbaria","subdivision":"Brahmanbaria","sae":"Brahmanbaria-2","bridge_length_(m)":10.0,"bridge_width_(m)":9.0,"chainage_(km)":55.235,"xcoord":91.1547222,"ycoord":23.8297222,"bms_inventory":"http://bms.rhd.gov.bd:8088/bms/bridges/inventory_view/3936","bms_detail":"http://bms.rhd.gov.bd:8088/bms/bridges/detail_view/3936","keys":"[bridge_name, Bridge Name], [bridge_type,Type], [chainage_(km), Chainage (km)], [road_no, On Road], [division, Division], [subdivision, Subdivision], [bridge_length_(m), Length (m)], [bridge_width_(m), Width (m)],[map_link(=>{type:link, format:weblink}, Google Map,newtab=>),Google Map View],[bms_inventory(=>{type:link, format:weblink}, BMS Link,newtab=>), BMS Inventory],[bms_detail(=>{type:link, format:weblink},BMS Link,newtab=>), BMS Detailed View]","f_class_name":"RC Slab Bridge","f_class_color":"#088afa"},"geometry":{"type":"Point","coordinates":[91.1547222,23.8297222]}},
{"type":"Feature","properties":{"id":3937,"sl":218,"map_link":"https://maps.google.com/?q=23.86630560000000000,91.14788890000000000&amp;z=8&amp;t=k","image_popup":"8088/bms/assets/uploads/images/bridges/bridge_3937/1665512146.jpeg","bridge_name":"Ahranda Slab Bridge","bridge_type":"RC Slab Bridge","road_no":"N102","zone":"Cumilla","circle":"Cumilla","division":"Brahmanbaria","subdivision":"Brahmanbaria","sae":"Brahmanbaria-2","bridge_length_(m)":16.5,"bridge_width_(m)":8.75,"chainage_(km)":59.904,"xcoord":91.1478889,"ycoord":23.8663056,"bms_inventory":"http://bms.rhd.gov.bd:8088/bms/bridges/inventory_view/3937","bms_detail":"http://bms.rhd.gov.bd:8088/bms/bridges/detail_view/3937","keys":"[bridge_name, Bridge Name], [bridge_type,Type], [chainage_(km), Chainage (km)], [road_no, On Road], [division, Division], [subdivision, Subdivision], [bridge_length_(m), Length (m)], [bridge_width_(m), Width (m)],[map_link(=>{type:link, format:weblink}, Google Map,newtab=>),Google Map View],[bms_inventory(=>{type:link, format:weblink}, BMS Link,newtab=>), BMS Inventory],[bms_detail(=>{type:link, format:weblink},BMS Link,newtab=>), BMS Detailed View]","f_class_name":"RC Slab Bridge","f_class_color":"#088afa"},"geometry":{"type":"Point","coordinates":[91.1478889,23.8663056]}},
{"type":"Feature","properties":{"id":3938,"sl":14656,"map_link":"https://maps.google.com/?q=23.89444440000000000,91.13000000000000000&amp;z=8&amp;t=k","image_popup":"8088/bms/assets/uploads/images/bridges/bridge_3938/1665512765.jpg","bridge_name":"Sultanpur Slab Bridge","bridge_type":"RC Slab Bridge","road_no":"N102","zone":"Cumilla","circle":"Cumilla","division":"Brahmanbaria","subdivision":"Brahmanbaria","sae":"Brahmanbaria-2","bridge_length_(m)":20.6,"bridge_width_(m)":8.9,"chainage_(km)":63.527,"xcoord":91.13,"ycoord":23.8944444,"bms_inventory":"http://bms.rhd.gov.bd:8088/bms/bridges/inventory_view/3938","bms_detail":"http://bms.rhd.gov.bd:8088/bms/bridges/detail_view/3938","keys":"[bridge_name, Bridge Name], [bridge_type,Type], [chainage_(km), Chainage (km)], [road_no, On Road], [division, Division], [subdivision, Subdivision], [bridge_length_(m), Length (m)], [bridge_width_(m), Width (m)],[map_link(=>{type:link, format:weblink}, Google Map,newtab=>),Google Map View],[bms_inventory(=>{type:link, format:weblink}, BMS Link,newtab=>), BMS Inventory],[bms_detail(=>{type:link, format:weblink},BMS Link,newtab=>), BMS Detailed View]","f_class_name":"RC Slab Bridge","f_class_color":"#088afa"},"geometry":{"type":"Point","coordinates":[91.13,23.8944444]}},
{"type":"Feature","properties":{"id":3971,"sl":8943,"map_link":"https://maps.google.com/?q=23.75277780000000000,91.10000000000000000&amp;z=8&amp;t=k","image_popup":"8088/bms/assets/uploads/images/bridges/bridge_3971/1665560279.jpg","bridge_name":"Kuti Chowmuhoni","bridge_type":"Mixed Types Bridge","road_no":"Z1201","zone":"Cumilla","circle":"Cumilla","division":"Brahmanbaria","subdivision":"Brahmanbaria","sae":"Brahmanbaria-2","bridge_length_(m)":39.0,"bridge_width_(m)":7.7,"chainage_(km)":7.0,"xcoord":91.1,"ycoord":23.7527778,"bms_inventory":"http://bms.rhd.gov.bd:8088/bms/bridges/inventory_view/3971","bms_detail":"http://bms.rhd.gov.bd:8088/bms/bridges/detail_view/3971","keys":"[bridge_name, Bridge Name], [bridge_type,Type], [chainage_(km), Chainage (km)], [road_no, On Road], [division, Division], [subdivision, Subdivision], [bridge_length_(m), Length (m)], [bridge_width_(m), Width (m)],[map_link(=>{type:link, format:weblink}, Google Map,newtab=>),Google Map View],[bms_inventory(=>{type:link, format:weblink}, BMS Link,newtab=>), BMS Inventory],[bms_detail(=>{type:link, format:weblink},BMS Link,newtab=>), BMS Detailed View]","f_class_name":"Mixed Types Bridge","f_class_color":"#2edb93"},"geometry":{"type":"Point","coordinates":[91.1,23.7527778]}},
{"type":"Feature","properties":{"id":3988,"sl":3649,"map_link":"https://maps.google.com/?q=22.32527780000000000,91.13055560000000000&amp;z=8&amp;t=k","image_popup":"8088/bms/assets/uploads/images/bridges/bridge_3988/1666154439.jpg","bridge_name":"Chorkin Slab Bridge","bridge_type":"Small Slab Bridge","road_no":"Z1438","zone":"Cumilla","circle":"Noakhali","division":"Noakhali","subdivision":"Noakhali","sae":"SAE-Noakhali-2","bridge_length_(m)":4.2,"bridge_width_(m)":8.6,"chainage_(km)":0.35,"xcoord":91.1305556,"ycoord":22.3252778,"bms_inventory":"http://bms.rhd.gov.bd:8088/bms/bridges/inventory_view/3988","bms_detail":"http://bms.rhd.gov.bd:8088/bms/bridges/detail_view/3988","keys":"[bridge_name, Bridge Name], [bridge_type,Type], [chainage_(km), Chainage (km)], [road_no, On Road], [division, Division], [subdivision, Subdivision], [bridge_length_(m), Length (m)], [bridge_width_(m), Width (m)],[map_link(=>{type:link, format:weblink}, Google Map,newtab=>),Google Map View],[bms_inventory(=>{type:link, format:weblink}, BMS Link,newtab=>), BMS Inventory],[bms_detail(=>{type:link, format:weblink},BMS Link,newtab=>), BMS Detailed View]","f_class_name":"Small Slab Bridge","f_class_color":"#13b7dd"},"geometry":{"type":"Point","coordinates":[91.1305556,22.3252778]}},
{"type":"Feature","properties":{"id":3990,"sl":10536,"map_link":"https://maps.google.com/?q=22.94972220000000000,91.50083330000000000&amp;z=8&amp;t=k","image_popup":"8088/bms/assets/uploads/images/bridges/bridge_3990/1665659884.jpg","bridge_name":"Muhuri Bridge","bridge_type":"PC Girder Bridge","road_no":"N1","zone":"Cumilla","circle":"Noakhali","division":"Feni","subdivision":"Feni -1","sae":"Section 1","bridge_length_(m)":193.71,"bridge_width_(m)":11.2,"chainage_(km)":160.379,"xcoord":91.5008333,"ycoord":22.9497222,"bms_inventory":"http://bms.rhd.gov.bd:8088/bms/bridges/inventory_view/3990","bms_detail":"http://bms.rhd.gov.bd:8088/bms/bridges/detail_view/3990","keys":"[bridge_name, Bridge Name], [bridge_type,Type], [chainage_(km), Chainage (km)], [road_no, On Road], [division, Division], [subdivision, Subdivision], [bridge_length_(m), Length (m)], [bridge_width_(m), Width (m)],[map_link(=>{type:link, format:weblink}, Google Map,newtab=>),Google Map View],[bms_inventory(=>{type:link, format:weblink}, BMS Link,newtab=>), BMS Inventory],[bms_detail(=>{type:link, format:weblink},BMS Link,newtab=>), BMS Detailed View]","f_class_name":"PC Girder Bridge","f_class_color":"#6ebed6"},"geometry":{"type":"Point","coordinates":[91.5008333,22.9497222]}},
{"type":"Feature","properties":{"id":3991,"sl":10537,"map_link":"https://maps.google.com/?q=22.94972220000000000,91.50083330000000000&amp;z=8&amp;t=k","image_popup":"8088/bms/assets/uploads/images/bridges/bridge_3991/1665665716.jpg","bridge_name":"Muhuri Bridge 2","bridge_type":"PC Girder Bridge","road_no":"N1","zone":"Cumilla","circle":"Noakhali","division":"Feni","subdivision":"Feni -1","sae":"Section 1","bridge_length_(m)":189.3,"bridge_width_(m)":10.4,"chainage_(km)":160.379,"xcoord":91.5008333,"ycoord":22.9497222,"bms_inventory":"http://bms.rhd.gov.bd:8088/bms/bridges/inventory_view/3991","bms_detail":"http://bms.rhd.gov.bd:8088/bms/bridges/detail_view/3991","keys":"[bridge_name, Bridge Name], [bridge_type,Type], [chainage_(km), Chainage (km)], [road_no, On Road], [division, Division], [subdivision, Subdivision], [bridge_length_(m), Length (m)], [bridge_width_(m), Width (m)],[map_link(=>{type:link, format:weblink}, Google Map,newtab=>),Google Map View],[bms_inventory(=>{type:link, format:weblink}, BMS Link,newtab=>), BMS Inventory],[bms_detail(=>{type:link, format:weblink},BMS Link,newtab=>), BMS Detailed View]","f_class_name":"PC Girder Bridge","f_class_color":"#6ebed6"},"geometry":{"type":"Point","coordinates":[91.5008333,22.9497222]}},
{"type":"Feature","properties":{"id":3992,"sl":4470,"map_link":"https://maps.google.com/?q=22.91555560000000000,91.52583330000000000&amp;z=8&amp;t=k","image_popup":"8088/bms/assets/uploads/images/bridges/bridge_3992/1665666265.jpg","bridge_name":"Dhumghat Bridge","bridge_type":"PC Girder Bridge","road_no":"N1","zone":"Cumilla","circle":"Noakhali","division":"Feni","subdivision":"Feni -1","sae":"Section 1","bridge_length_(m)":221.8,"bridge_width_(m)":11.2,"chainage_(km)":165.097,"xcoord":91.5258333,"ycoord":22.9155556,"bms_inventory":"http://bms.rhd.gov.bd:8088/bms/bridges/inventory_view/3992","bms_detail":"http://bms.rhd.gov.bd:8088/bms/bridges/detail_view/3992","keys":"[bridge_name, Bridge Name], [bridge_type,Type], [chainage_(km), Chainage (km)], [road_no, On Road], [division, Division], [subdivision, Subdivision], [bridge_length_(m), Length (m)], [bridge_width_(m), Width (m)],[map_link(=>{type:link, format:weblink}, Google Map,newtab=>),Google Map View],[bms_inventory(=>{type:link, format:weblink}, BMS Link,newtab=>), BMS Inventory],[bms_detail(=>{type:link, format:weblink},BMS Link,newtab=>), BMS Detailed View]","f_class_name":"PC Girder Bridge","f_class_color":"#6ebed6"},"geometry":{"type":"Point","coordinates":[91.5258333,22.9155556]}},
{"type":"Feature","properties":{"id":3993,"sl":4471,"map_link":"https://maps.google.com/?q=22.91555560000000000,91.52583330000000000&amp;z=8&amp;t=k","image_popup":"8088/bms/assets/uploads/images/bridges/bridge_3993/1665666644.jpg","bridge_name":"Dhumghat Bridge 2","bridge_type":"PC Girder Bridge","road_no":"N1","zone":"Cumilla","circle":"Noakhali","division":"Feni","subdivision":"Feni -1","sae":"Section 1","bridge_length_(m)":216.1,"bridge_width_(m)":10.8,"chainage_(km)":165.097,"xcoord":91.5258333,"ycoord":22.9155556,"bms_inventory":"http://bms.rhd.gov.bd:8088/bms/bridges/inventory_view/3993","bms_detail":"http://bms.rhd.gov.bd:8088/bms/bridges/detail_view/3993","keys":"[bridge_name, Bridge Name], [bridge_type,Type], [chainage_(km), Chainage (km)], [road_no, On Road], [division, Division], [subdivision, Subdivision], [bridge_length_(m), Length (m)], [bridge_width_(m), Width (m)],[map_link(=>{type:link, format:weblink}, Google Map,newtab=>),Google Map View],[bms_inventory(=>{type:link, format:weblink}, BMS Link,newtab=>), BMS Inventory],[bms_detail(=>{type:link, format:weblink},BMS Link,newtab=>), BMS Detailed View]","f_class_name":"PC Girder Bridge","f_class_color":"#6ebed6"},"geometry":{"type":"Point","coordinates":[91.5258333,22.9155556]}},
{"type":"Feature","properties":{"id":3994,"sl":13368,"map_link":"https://maps.google.com/?q=24.05250000000000000,91.16611110000000000&amp;z=8&amp;t=k","image_popup":"8088/bms/assets/uploads/images/bridges/bridge_3994/1665667798.jpg","bridge_name":"Shahbajpur Bridge","bridge_type":"Mixed Types Bridge","road_no":"N2","zone":"Cumilla","circle":"Cumilla","division":"Brahmanbaria","subdivision":"Brahmanbaria","sae":"SAE-Brahmanbaria-1","bridge_length_(m)":56.0,"bridge_width_(m)":8.6,"chainage_(km)":91.67,"xcoord":91.1661111,"ycoord":24.0525,"bms_inventory":"http://bms.rhd.gov.bd:8088/bms/bridges/inventory_view/3994","bms_detail":"http://bms.rhd.gov.bd:8088/bms/bridges/detail_view/3994","keys":"[bridge_name, Bridge Name], [bridge_type,Type], [chainage_(km), Chainage (km)], [road_no, On Road], [division, Division], [subdivision, Subdivision], [bridge_length_(m), Length (m)], [bridge_width_(m), Width (m)],[map_link(=>{type:link, format:weblink}, Google Map,newtab=>),Google Map View],[bms_inventory(=>{type:link, format:weblink}, BMS Link,newtab=>), BMS Inventory],[bms_detail(=>{type:link, format:weblink},BMS Link,newtab=>), BMS Detailed View]","f_class_name":"Mixed Types Bridge","f_class_color":"#2edb93"},"geometry":{"type":"Point","coordinates":[91.1661111,24.0525]}},
{"type":"Feature","properties":{"id":3995,"sl":12635,"map_link":"https://maps.google.com/?q=24.04194440000000000,91.21416670000000000&amp;z=8&amp;t=k","image_popup":"8088/bms/assets/uploads/images/bridges/bridge_3995/1665684141.jpg","bridge_name":"Rampur Bridge 2","bridge_type":"Mixed Types Bridge","road_no":"N2","zone":"Cumilla","circle":"Cumilla","division":"Brahmanbaria","subdivision":"Brahmanbaria","sae":"Brahmanbaria-3","bridge_length_(m)":35.1,"bridge_width_(m)":9.5,"chainage_(km)":97.263,"xcoord":91.2141667,"ycoord":24.0419444,"bms_inventory":"http://bms.rhd.gov.bd:8088/bms/bridges/inventory_view/3995","bms_detail":"http://bms.rhd.gov.bd:8088/bms/bridges/detail_view/3995","keys":"[bridge_name, Bridge Name], [bridge_type,Type], [chainage_(km), Chainage (km)], [road_no, On Road], [division, Division], [subdivision, Subdivision], [bridge_length_(m), Length (m)], [bridge_width_(m), Width (m)],[map_link(=>{type:link, format:weblink}, Google Map,newtab=>),Google Map View],[bms_inventory(=>{type:link, format:weblink}, BMS Link,newtab=>), BMS Inventory],[bms_detail(=>{type:link, format:weblink},BMS Link,newtab=>), BMS Detailed View]","f_class_name":"Mixed Types Bridge","f_class_color":"#2edb93"},"geometry":{"type":"Point","coordinates":[91.2141667,24.0419444]}},
{"type":"Feature","properties":{"id":3996,"sl":13232,"map_link":"https://maps.google.com/?q=22.86388890000000000,91.39777780000000000&amp;z=8&amp;t=k","image_popup":"8088/bms/assets/uploads/images/bridges/bridge_3996/1665829392.jpg","bridge_name":"Satbariya-3 Bridge","bridge_type":"Mixed Types Bridge","road_no":"Z1034","zone":"Cumilla","circle":"Noakhali","division":"Feni","subdivision":"Feni -1","sae":"SAE-Feni Sub Division 1-2","bridge_length_(m)":19.7,"bridge_width_(m)":11.0,"chainage_(km)":17.433,"xcoord":91.3977778,"ycoord":22.8638889,"bms_inventory":"http://bms.rhd.gov.bd:8088/bms/bridges/inventory_view/3996","bms_detail":"http://bms.rhd.gov.bd:8088/bms/bridges/detail_view/3996","keys":"[bridge_name, Bridge Name], [bridge_type,Type], [chainage_(km), Chainage (km)], [road_no, On Road], [division, Division], [subdivision, Subdivision], [bridge_length_(m), Length (m)], [bridge_width_(m), Width (m)],[map_link(=>{type:link, format:weblink}, Google Map,newtab=>),Google Map View],[bms_inventory(=>{type:link, format:weblink}, BMS Link,newtab=>), BMS Inventory],[bms_detail(=>{type:link, format:weblink},BMS Link,newtab=>), BMS Detailed View]","f_class_name":"Mixed Types Bridge","f_class_color":"#2edb93"},"geometry":{"type":"Point","coordinates":[91.3977778,22.8638889]}},
{"type":"Feature","properties":{"id":3997,"sl":8653,"map_link":"https://maps.google.com/?q=23.58166670000000000,90.78833330000000000&amp;z=8&amp;t=k","image_popup":"8088/bms/assets/uploads/images/bridges/bridge_3997/1665830378.jpg","bridge_name":"Korikandi Bridge","bridge_type":"Mixed Types Bridge","road_no":"Z1053","zone":"Cumilla","circle":"Cumilla","division":"Cumilla","subdivision":"Gouripur","sae":"Gouripur-3","bridge_length_(m)":69.5,"bridge_width_(m)":10.34,"chainage_(km)":5.808,"xcoord":90.7883333,"ycoord":23.5816667,"bms_inventory":"http://bms.rhd.gov.bd:8088/bms/bridges/inventory_view/3997","bms_detail":"http://bms.rhd.gov.bd:8088/bms/bridges/detail_view/3997","keys":"[bridge_name, Bridge Name], [bridge_type,Type], [chainage_(km), Chainage (km)], [road_no, On Road], [division, Division], [subdivision, Subdivision], [bridge_length_(m), Length (m)], [bridge_width_(m), Width (m)],[map_link(=>{type:link, format:weblink}, Google Map,newtab=>),Google Map View],[bms_inventory(=>{type:link, format:weblink}, BMS Link,newtab=>), BMS Inventory],[bms_detail(=>{type:link, format:weblink},BMS Link,newtab=>), BMS Detailed View]","f_class_name":"Mixed Types Bridge","f_class_color":"#2edb93"},"geometry":{"type":"Point","coordinates":[90.7883333,23.5816667]}},
{"type":"Feature","properties":{"id":4001,"sl":752,"map_link":"https://maps.google.com/?q=22.93111110000000000,91.11833330000000000&amp;z=8&amp;t=k","image_popup":"8088/bms/assets/uploads/images/bridges/bridge_4001/1665891721.JPG","bridge_name":"Atiabarirpul Bridge","bridge_type":"RC Girder Bridge","road_no":"Z1453","zone":"Cumilla","circle":"Noakhali","division":"Noakhali","subdivision":"Chatkhil","sae":"Begumganj","bridge_length_(m)":11.1,"bridge_width_(m)":2.5,"chainage_(km)":1.6,"xcoord":91.1183333,"ycoord":22.9311111,"bms_inventory":"http://bms.rhd.gov.bd:8088/bms/bridges/inventory_view/4001","bms_detail":"http://bms.rhd.gov.bd:8088/bms/bridges/detail_view/4001","keys":"[bridge_name, Bridge Name], [bridge_type,Type], [chainage_(km), Chainage (km)], [road_no, On Road], [division, Division], [subdivision, Subdivision], [bridge_length_(m), Length (m)], [bridge_width_(m), Width (m)],[map_link(=>{type:link, format:weblink}, Google Map,newtab=>),Google Map View],[bms_inventory(=>{type:link, format:weblink}, BMS Link,newtab=>), BMS Inventory],[bms_detail(=>{type:link, format:weblink},BMS Link,newtab=>), BMS Detailed View]","f_class_name":"RC Girder Bridge","f_class_color":"#e8f674"},"geometry":{"type":"Point","coordinates":[91.1183333,22.9311111]}},
{"type":"Feature","properties":{"id":4005,"sl":8567,"map_link":"https://maps.google.com/?q=23.05055560000000000,91.10944440000000000&amp;z=8&amp;t=k","image_popup":"8088/bms/assets/uploads/images/bridges/bridge_4005/1665894097.jpg","bridge_name":"Kolatola Bridge-2","bridge_type":"RC Girder Bridge","road_no":"R141","zone":"Cumilla","circle":"Noakhali","division":"Noakhali","subdivision":"Chatkhil","sae":"Sonaimuri","bridge_length_(m)":13.4,"bridge_width_(m)":10.2,"chainage_(km)":37.174,"xcoord":91.1094444,"ycoord":23.0505556,"bms_inventory":"http://bms.rhd.gov.bd:8088/bms/bridges/inventory_view/4005","bms_detail":"http://bms.rhd.gov.bd:8088/bms/bridges/detail_view/4005","keys":"[bridge_name, Bridge Name], [bridge_type,Type], [chainage_(km), Chainage (km)], [road_no, On Road], [division, Division], [subdivision, Subdivision], [bridge_length_(m), Length (m)], [bridge_width_(m), Width (m)],[map_link(=>{type:link, format:weblink}, Google Map,newtab=>),Google Map View],[bms_inventory(=>{type:link, format:weblink}, BMS Link,newtab=>), BMS Inventory],[bms_detail(=>{type:link, format:weblink},BMS Link,newtab=>), BMS Detailed View]","f_class_name":"RC Girder Bridge","f_class_color":"#e8f674"},"geometry":{"type":"Point","coordinates":[91.1094444,23.0505556]}},
{"type":"Feature","properties":{"id":4018,"sl":15433,"map_link":"https://maps.google.com/?q=22.85666670000000000,91.17083330000000000&amp;z=8&amp;t=k","image_popup":"8088/bms/assets/uploads/images/bridges/bridge_4018/1674556802.JPG","bridge_name":"Uttar Korombox Bridge","bridge_type":"RC Girder Bridge","road_no":"Z1453","zone":"Cumilla","circle":"Noakhali","division":"Noakhali","subdivision":"Chatkhil","sae":"Begumganj","bridge_length_(m)":33.0,"bridge_width_(m)":6.9,"chainage_(km)":14.0,"xcoord":91.1708333,"ycoord":22.8566667,"bms_inventory":"http://bms.rhd.gov.bd:8088/bms/bridges/inventory_view/4018","bms_detail":"http://bms.rhd.gov.bd:8088/bms/bridges/detail_view/4018","keys":"[bridge_name, Bridge Name], [bridge_type,Type], [chainage_(km), Chainage (km)], [road_no, On Road], [division, Division], [subdivision, Subdivision], [bridge_length_(m), Length (m)], [bridge_width_(m), Width (m)],[map_link(=>{type:link, format:weblink}, Google Map,newtab=>),Google Map View],[bms_inventory(=>{type:link, format:weblink}, BMS Link,newtab=>), BMS Inventory],[bms_detail(=>{type:link, format:weblink},BMS Link,newtab=>), BMS Detailed View]","f_class_name":"RC Girder Bridge","f_class_color":"#e8f674"},"geometry":{"type":"Point","coordinates":[91.1708333,22.8566667]}},
{"type":"Feature","properties":{"id":4020,"sl":14218,"map_link":"https://maps.google.com/?q=23.03555560000000000,91.09694440000000000&amp;z=8&amp;t=k","image_popup":"8088/bms/assets/uploads/images/bridges/bridge_4020/1665897023.jpg","bridge_name":"Sonaimuri RC Slab Bridge-3","bridge_type":"RC Slab Bridge","road_no":"R141","zone":"Cumilla","circle":"Noakhali","division":"Noakhali","subdivision":"Chatkhil","sae":"Sonaimuri","bridge_length_(m)":24.7,"bridge_width_(m)":9.9,"chainage_(km)":39.0,"xcoord":91.0969444,"ycoord":23.0355556,"bms_inventory":"http://bms.rhd.gov.bd:8088/bms/bridges/inventory_view/4020","bms_detail":"http://bms.rhd.gov.bd:8088/bms/bridges/detail_view/4020","keys":"[bridge_name, Bridge Name], [bridge_type,Type], [chainage_(km), Chainage (km)], [road_no, On Road], [division, Division], [subdivision, Subdivision], [bridge_length_(m), Length (m)], [bridge_width_(m), Width (m)],[map_link(=>{type:link, format:weblink}, Google Map,newtab=>),Google Map View],[bms_inventory(=>{type:link, format:weblink}, BMS Link,newtab=>), BMS Inventory],[bms_detail(=>{type:link, format:weblink},BMS Link,newtab=>), BMS Detailed View]","f_class_name":"RC Slab Bridge","f_class_color":"#088afa"},"geometry":{"type":"Point","coordinates":[91.0969444,23.0355556]}},
{"type":"Feature","properties":{"id":4093,"sl":3583,"map_link":"https://maps.google.com/?q=22.13638890000000000,91.06111110000000000&amp;z=8&amp;t=k","image_popup":"8088/bms/assets/uploads/images/bridges/bridge_4093/1666073904.JPG","bridge_name":"Chor Ear Bridge","bridge_type":"RC Girder Bridge","road_no":"Z1455","zone":"Cumilla","circle":"Noakhali","division":"Noakhali","subdivision":"Noakhali","sae":"SAE-Noakhali-2","bridge_length_(m)":6.9,"bridge_width_(m)":4.5,"chainage_(km)":2.0,"xcoord":91.0611111,"ycoord":22.1363889,"bms_inventory":"http://bms.rhd.gov.bd:8088/bms/bridges/inventory_view/4093","bms_detail":"http://bms.rhd.gov.bd:8088/bms/bridges/detail_view/4093","keys":"[bridge_name, Bridge Name], [bridge_type,Type], [chainage_(km), Chainage (km)], [road_no, On Road], [division, Division], [subdivision, Subdivision], [bridge_length_(m), Length (m)], [bridge_width_(m), Width (m)],[map_link(=>{type:link, format:weblink}, Google Map,newtab=>),Google Map View],[bms_inventory(=>{type:link, format:weblink}, BMS Link,newtab=>), BMS Inventory],[bms_detail(=>{type:link, format:weblink},BMS Link,newtab=>), BMS Detailed View]","f_class_name":"RC Girder Bridge","f_class_color":"#e8f674"},"geometry":{"type":"Point","coordinates":[91.0611111,22.1363889]}},
{"type":"Feature","properties":{"id":4102,"sl":3650,"map_link":"https://maps.google.com/?q=22.33055560000000000,91.12416670000000000&amp;z=8&amp;t=k","image_popup":"8088/bms/assets/uploads/images/bridges/bridge_4102/1666155172.jpg","bridge_name":"Chorkin Slab Bridge-2","bridge_type":"Small Slab Bridge","road_no":"Z1438","zone":"Cumilla","circle":"Noakhali","division":"Noakhali","subdivision":"Noakhali","sae":"SAE-Noakhali-2","bridge_length_(m)":1.4,"bridge_width_(m)":7.0,"chainage_(km)":1.35,"xcoord":91.1241667,"ycoord":22.3305556,"bms_inventory":"http://bms.rhd.gov.bd:8088/bms/bridges/inventory_view/4102","bms_detail":"http://bms.rhd.gov.bd:8088/bms/bridges/detail_view/4102","keys":"[bridge_name, Bridge Name], [bridge_type,Type], [chainage_(km), Chainage (km)], [road_no, On Road], [division, Division], [subdivision, Subdivision], [bridge_length_(m), Length (m)], [bridge_width_(m), Width (m)],[map_link(=>{type:link, format:weblink}, Google Map,newtab=>),Google Map View],[bms_inventory(=>{type:link, format:weblink}, BMS Link,newtab=>), BMS Inventory],[bms_detail(=>{type:link, format:weblink},BMS Link,newtab=>), BMS Detailed View]","f_class_name":"Small Slab Bridge","f_class_color":"#13b7dd"},"geometry":{"type":"Point","coordinates":[91.1241667,22.3305556]}},
{"type":"Feature","properties":{"id":4111,"sl":9415,"map_link":"https://maps.google.com/?q=22.23527780000000000,91.09333330000000000&amp;z=8&amp;t=k","image_popup":"8088/bms/assets/uploads/images/bridges/bridge_4111/1666156955.jpg","bridge_name":"Maijdee Bridge","bridge_type":"RC Girder Bridge","road_no":"Z1438","zone":"Cumilla","circle":"Noakhali","division":"Noakhali","subdivision":"Noakhali","sae":"SAE-Noakhali-2","bridge_length_(m)":26.9,"bridge_width_(m)":4.2,"chainage_(km)":12.515,"xcoord":91.0933333,"ycoord":22.2352778,"bms_inventory":"http://bms.rhd.gov.bd:8088/bms/bridges/inventory_view/4111","bms_detail":"http://bms.rhd.gov.bd:8088/bms/bridges/detail_view/4111","keys":"[bridge_name, Bridge Name], [bridge_type,Type], [chainage_(km), Chainage (km)], [road_no, On Road], [division, Division], [subdivision, Subdivision], [bridge_length_(m), Length (m)], [bridge_width_(m), Width (m)],[map_link(=>{type:link, format:weblink}, Google Map,newtab=>),Google Map View],[bms_inventory(=>{type:link, format:weblink}, BMS Link,newtab=>), BMS Inventory],[bms_detail(=>{type:link, format:weblink},BMS Link,newtab=>), BMS Detailed View]","f_class_name":"RC Girder Bridge","f_class_color":"#e8f674"},"geometry":{"type":"Point","coordinates":[91.0933333,22.2352778]}},
{"type":"Feature","properties":{"id":4112,"sl":2308,"map_link":"https://maps.google.com/?q=22.31805560000000000,91.08416670000000000&amp;z=8&amp;t=k","image_popup":"8088/bms/assets/uploads/images/bridges/bridge_4112/1666157007.jpg","bridge_name":"Bolipole Bridge","bridge_type":"PC Girder Bridge","road_no":"Z1438","zone":"Cumilla","circle":"Noakhali","division":"Noakhali","subdivision":"Noakhali","sae":"SAE-Noakhali-2","bridge_length_(m)":43.3,"bridge_width_(m)":10.4,"chainage_(km)":5.005,"xcoord":91.0841667,"ycoord":22.3180556,"bms_inventory":"http://bms.rhd.gov.bd:8088/bms/bridges/inventory_view/4112","bms_detail":"http://bms.rhd.gov.bd:8088/bms/bridges/detail_view/4112","keys":"[bridge_name, Bridge Name], [bridge_type,Type], [chainage_(km), Chainage (km)], [road_no, On Road], [division, Division], [subdivision, Subdivision], [bridge_length_(m), Length (m)], [bridge_width_(m), Width (m)],[map_link(=>{type:link, format:weblink}, Google Map,newtab=>),Google Map View],[bms_inventory(=>{type:link, format:weblink}, BMS Link,newtab=>), BMS Inventory],[bms_detail(=>{type:link, format:weblink},BMS Link,newtab=>), BMS Detailed View]","f_class_name":"PC Girder Bridge","f_class_color":"#6ebed6"},"geometry":{"type":"Point","coordinates":[91.0841667,22.3180556]}},
{"type":"Feature","properties":{"id":4114,"sl":13929,"map_link":"https://maps.google.com/?q=22.23500000000000000,91.09361110000000000&amp;z=8&amp;t=k","image_popup":"8088/bms/assets/uploads/images/bridges/bridge_4114/1666157460.jpg","bridge_name":"Shonadia Slab Bridge","bridge_type":"Small Slab Bridge","road_no":"Z1438","zone":"Cumilla","circle":"Noakhali","division":"Noakhali","subdivision":"Noakhali","sae":"SAE-Noakhali-2","bridge_length_(m)":1.7,"bridge_width_(m)":7.1,"chainage_(km)":13.03,"xcoord":91.0936111,"ycoord":22.235,"bms_inventory":"http://bms.rhd.gov.bd:8088/bms/bridges/inventory_view/4114","bms_detail":"http://bms.rhd.gov.bd:8088/bms/bridges/detail_view/4114","keys":"[bridge_name, Bridge Name], [bridge_type,Type], [chainage_(km), Chainage (km)], [road_no, On Road], [division, Division], [subdivision, Subdivision], [bridge_length_(m), Length (m)], [bridge_width_(m), Width (m)],[map_link(=>{type:link, format:weblink}, Google Map,newtab=>),Google Map View],[bms_inventory(=>{type:link, format:weblink}, BMS Link,newtab=>), BMS Inventory],[bms_detail(=>{type:link, format:weblink},BMS Link,newtab=>), BMS Detailed View]","f_class_name":"Small Slab Bridge","f_class_color":"#13b7dd"},"geometry":{"type":"Point","coordinates":[91.0936111,22.235]}},
{"type":"Feature","properties":{"id":4115,"sl":13930,"map_link":"https://maps.google.com/?q=22.22944440000000000,91.09333330000000000&amp;z=8&amp;t=k","image_popup":"8088/bms/assets/uploads/images/bridges/bridge_4115/1666158448.jpg","bridge_name":"Shonadia Slab Bridge 2","bridge_type":"Small Slab Bridge","road_no":"Z1438","zone":"Cumilla","circle":"Noakhali","division":"Noakhali","subdivision":"Noakhali","sae":"SAE-Noakhali-2","bridge_length_(m)":1.7,"bridge_width_(m)":7.0,"chainage_(km)":13.98,"xcoord":91.0933333,"ycoord":22.2294444,"bms_inventory":"http://bms.rhd.gov.bd:8088/bms/bridges/inventory_view/4115","bms_detail":"http://bms.rhd.gov.bd:8088/bms/bridges/detail_view/4115","keys":"[bridge_name, Bridge Name], [bridge_type,Type], [chainage_(km), Chainage (km)], [road_no, On Road], [division, Division], [subdivision, Subdivision], [bridge_length_(m), Length (m)], [bridge_width_(m), Width (m)],[map_link(=>{type:link, format:weblink}, Google Map,newtab=>),Google Map View],[bms_inventory(=>{type:link, format:weblink}, BMS Link,newtab=>), BMS Inventory],[bms_detail(=>{type:link, format:weblink},BMS Link,newtab=>), BMS Detailed View]","f_class_name":"Small Slab Bridge","f_class_color":"#13b7dd"},"geometry":{"type":"Point","coordinates":[91.0933333,22.2294444]}},
{"type":"Feature","properties":{"id":4117,"sl":9566,"map_link":"https://maps.google.com/?q=22.21555560000000000,91.09305560000000000&amp;z=8&amp;t=k","image_popup":"8088/bms/assets/uploads/images/bridges/bridge_4117/1666160612.jpg","bridge_name":"Manikbazar Bridge","bridge_type":"RC Girder Bridge","road_no":"Z1438","zone":"Cumilla","circle":"Noakhali","division":"Noakhali","subdivision":"Noakhali","sae":"SAE-Noakhali-2","bridge_length_(m)":6.7,"bridge_width_(m)":4.4,"chainage_(km)":15.58,"xcoord":91.0930556,"ycoord":22.2155556,"bms_inventory":"http://bms.rhd.gov.bd:8088/bms/bridges/inventory_view/4117","bms_detail":"http://bms.rhd.gov.bd:8088/bms/bridges/detail_view/4117","keys":"[bridge_name, Bridge Name], [bridge_type,Type], [chainage_(km), Chainage (km)], [road_no, On Road], [division, Division], [subdivision, Subdivision], [bridge_length_(m), Length (m)], [bridge_width_(m), Width (m)],[map_link(=>{type:link, format:weblink}, Google Map,newtab=>),Google Map View],[bms_inventory(=>{type:link, format:weblink}, BMS Link,newtab=>), BMS Inventory],[bms_detail(=>{type:link, format:weblink},BMS Link,newtab=>), BMS Detailed View]","f_class_name":"RC Girder Bridge","f_class_color":"#e8f674"},"geometry":{"type":"Point","coordinates":[91.0930556,22.2155556]}},
{"type":"Feature","properties":{"id":4119,"sl":15190,"map_link":"https://maps.google.com/?q=22.28944440000000000,91.08666670000000000&amp;z=8&amp;t=k","image_popup":"8088/bms/assets/uploads/images/bridges/bridge_4119/1666161037.jpg","bridge_name":"Tomoruddin Bridge","bridge_type":"RC Girder Bridge","road_no":"Z1438","zone":"Cumilla","circle":"Noakhali","division":"Noakhali","subdivision":"Noakhali","sae":"SAE-Noakhali-2","bridge_length_(m)":5.5,"bridge_width_(m)":4.4,"chainage_(km)":6.76,"xcoord":91.0866667,"ycoord":22.2894444,"bms_inventory":"http://bms.rhd.gov.bd:8088/bms/bridges/inventory_view/4119","bms_detail":"http://bms.rhd.gov.bd:8088/bms/bridges/detail_view/4119","keys":"[bridge_name, Bridge Name], [bridge_type,Type], [chainage_(km), Chainage (km)], [road_no, On Road], [division, Division], [subdivision, Subdivision], [bridge_length_(m), Length (m)], [bridge_width_(m), Width (m)],[map_link(=>{type:link, format:weblink}, Google Map,newtab=>),Google Map View],[bms_inventory(=>{type:link, format:weblink}, BMS Link,newtab=>), BMS Inventory],[bms_detail(=>{type:link, format:weblink},BMS Link,newtab=>), BMS Detailed View]","f_class_name":"RC Girder Bridge","f_class_color":"#e8f674"},"geometry":{"type":"Point","coordinates":[91.0866667,22.2894444]}},
{"type":"Feature","properties":{"id":4120,"sl":6561,"map_link":"https://maps.google.com/?q=22.88972220000000000,91.20972220000000000&amp;z=8&amp;t=k","image_popup":"8088/bms/assets/uploads/images/bridges/bridge_4120/1666161537.JPG","bridge_name":"Icertek Bridge","bridge_type":"RC Girder Bridge","road_no":"Z1410","zone":"Cumilla","circle":"Noakhali","division":"Noakhali","subdivision":"Chatkhil","sae":"Sonaimuri","bridge_length_(m)":20.6,"bridge_width_(m)":7.3,"chainage_(km)":3.14,"xcoord":91.2097222,"ycoord":22.8897222,"bms_inventory":"http://bms.rhd.gov.bd:8088/bms/bridges/inventory_view/4120","bms_detail":"http://bms.rhd.gov.bd:8088/bms/bridges/detail_view/4120","keys":"[bridge_name, Bridge Name], [bridge_type,Type], [chainage_(km), Chainage (km)], [road_no, On Road], [division, Division], [subdivision, Subdivision], [bridge_length_(m), Length (m)], [bridge_width_(m), Width (m)],[map_link(=>{type:link, format:weblink}, Google Map,newtab=>),Google Map View],[bms_inventory(=>{type:link, format:weblink}, BMS Link,newtab=>), BMS Inventory],[bms_detail(=>{type:link, format:weblink},BMS Link,newtab=>), BMS Detailed View]","f_class_name":"RC Girder Bridge","f_class_color":"#e8f674"},"geometry":{"type":"Point","coordinates":[91.2097222,22.8897222]}},
{"type":"Feature","properties":{"id":4121,"sl":9200,"map_link":"https://maps.google.com/?q=22.28416670000000000,91.08638890000000000&amp;z=8&amp;t=k","image_popup":"8088/bms/assets/uploads/images/bridges/bridge_4121/1666161612.jpg","bridge_name":"Loharpool Bridge","bridge_type":"RC Girder Bridge","road_no":"Z1438","zone":"Cumilla","circle":"Noakhali","division":"Noakhali","subdivision":"Noakhali","sae":"SAE-Noakhali-2","bridge_length_(m)":26.9,"bridge_width_(m)":4.4,"chainage_(km)":0.0,"xcoord":91.0863889,"ycoord":22.2841667,"bms_inventory":"http://bms.rhd.gov.bd:8088/bms/bridges/inventory_view/4121","bms_detail":"http://bms.rhd.gov.bd:8088/bms/bridges/detail_view/4121","keys":"[bridge_name, Bridge Name], [bridge_type,Type], [chainage_(km), Chainage (km)], [road_no, On Road], [division, Division], [subdivision, Subdivision], [bridge_length_(m), Length (m)], [bridge_width_(m), Width (m)],[map_link(=>{type:link, format:weblink}, Google Map,newtab=>),Google Map View],[bms_inventory(=>{type:link, format:weblink}, BMS Link,newtab=>), BMS Inventory],[bms_detail(=>{type:link, format:weblink},BMS Link,newtab=>), BMS Detailed View]","f_class_name":"RC Girder Bridge","f_class_color":"#e8f674"},"geometry":{"type":"Point","coordinates":[91.0863889,22.2841667]}},
{"type":"Feature","properties":{"id":4128,"sl":1967,"map_link":"https://maps.google.com/?q=22.91555560000000000,91.21527780000000000&amp;z=8&amp;t=k","image_popup":"8088/bms/assets/uploads/images/bridges/bridge_4128/1666166391.JPG","bridge_name":"Bijbagh Bridge","bridge_type":"RC Girder Bridge","road_no":"Z1410","zone":"Cumilla","circle":"Noakhali","division":"Noakhali","subdivision":"Chatkhil","sae":"Sonaimuri","bridge_length_(m)":6.2,"bridge_width_(m)":5.0,"chainage_(km)":8.45,"xcoord":91.2152778,"ycoord":22.9155556,"bms_inventory":"http://bms.rhd.gov.bd:8088/bms/bridges/inventory_view/4128","bms_detail":"http://bms.rhd.gov.bd:8088/bms/bridges/detail_view/4128","keys":"[bridge_name, Bridge Name], [bridge_type,Type], [chainage_(km), Chainage (km)], [road_no, On Road], [division, Division], [subdivision, Subdivision], [bridge_length_(m), Length (m)], [bridge_width_(m), Width (m)],[map_link(=>{type:link, format:weblink}, Google Map,newtab=>),Google Map View],[bms_inventory(=>{type:link, format:weblink}, BMS Link,newtab=>), BMS Inventory],[bms_detail(=>{type:link, format:weblink},BMS Link,newtab=>), BMS Detailed View]","f_class_name":"RC Girder Bridge","f_class_color":"#e8f674"},"geometry":{"type":"Point","coordinates":[91.2152778,22.9155556]}},
{"type":"Feature","properties":{"id":4132,"sl":1182,"map_link":"https://maps.google.com/?q=22.93138890000000000,91.21638890000000000&amp;z=8&amp;t=k","image_popup":"8088/bms/assets/uploads/images/bridges/bridge_4132/1666167237.JPG","bridge_name":"Baliyakandi -2 Small Slab Bridge","bridge_type":"Small Slab Bridge","road_no":"Z1410","zone":"Cumilla","circle":"Noakhali","division":"Noakhali","subdivision":"Chatkhil","sae":"Sonaimuri","bridge_length_(m)":1.8,"bridge_width_(m)":10.0,"chainage_(km)":11.2,"xcoord":91.2163889,"ycoord":22.9313889,"bms_inventory":"http://bms.rhd.gov.bd:8088/bms/bridges/inventory_view/4132","bms_detail":"http://bms.rhd.gov.bd:8088/bms/bridges/detail_view/4132","keys":"[bridge_name, Bridge Name], [bridge_type,Type], [chainage_(km), Chainage (km)], [road_no, On Road], [division, Division], [subdivision, Subdivision], [bridge_length_(m), Length (m)], [bridge_width_(m), Width (m)],[map_link(=>{type:link, format:weblink}, Google Map,newtab=>),Google Map View],[bms_inventory(=>{type:link, format:weblink}, BMS Link,newtab=>), BMS Inventory],[bms_detail(=>{type:link, format:weblink},BMS Link,newtab=>), BMS Detailed View]","f_class_name":"Small Slab Bridge","f_class_color":"#13b7dd"},"geometry":{"type":"Point","coordinates":[91.2163889,22.9313889]}},
{"type":"Feature","properties":{"id":4147,"sl":4434,"map_link":"https://maps.google.com/?q=22.76861110000000000,91.11777780000000000&amp;z=8&amp;t=k","image_popup":"8088/bms/assets/uploads/images/bridges/bridge_4147/1666247609.jpg","bridge_name":"Dhormopur Bridge","bridge_type":"Small Slab Bridge","road_no":"Z1454","zone":"Cumilla","circle":"Noakhali","division":"Noakhali","subdivision":"Noakhali","sae":"Maijdee","bridge_length_(m)":4.1,"bridge_width_(m)":6.1,"chainage_(km)":1.9,"xcoord":91.1177778,"ycoord":22.7686111,"bms_inventory":"http://bms.rhd.gov.bd:8088/bms/bridges/inventory_view/4147","bms_detail":"http://bms.rhd.gov.bd:8088/bms/bridges/detail_view/4147","keys":"[bridge_name, Bridge Name], [bridge_type,Type], [chainage_(km), Chainage (km)], [road_no, On Road], [division, Division], [subdivision, Subdivision], [bridge_length_(m), Length (m)], [bridge_width_(m), Width (m)],[map_link(=>{type:link, format:weblink}, Google Map,newtab=>),Google Map View],[bms_inventory(=>{type:link, format:weblink}, BMS Link,newtab=>), BMS Inventory],[bms_detail(=>{type:link, format:weblink},BMS Link,newtab=>), BMS Detailed View]","f_class_name":"Small Slab Bridge","f_class_color":"#13b7dd"},"geometry":{"type":"Point","coordinates":[91.1177778,22.7686111]}},
{"type":"Feature","properties":{"id":4149,"sl":5490,"map_link":"https://maps.google.com/?q=22.73611110000000000,91.14166670000000000&amp;z=8&amp;t=k","image_popup":"8088/bms/assets/uploads/images/bridges/bridge_4149/1666248202.jpg","bridge_name":"Gazir Kheya Bridge","bridge_type":"Portable Steel Bridge","road_no":"Z1454","zone":"Cumilla","circle":"Noakhali","division":"Noakhali","subdivision":"Noakhali","sae":"Maijdee","bridge_length_(m)":45.5,"bridge_width_(m)":3.2,"chainage_(km)":6.6,"xcoord":91.1416667,"ycoord":22.7361111,"bms_inventory":"http://bms.rhd.gov.bd:8088/bms/bridges/inventory_view/4149","bms_detail":"http://bms.rhd.gov.bd:8088/bms/bridges/detail_view/4149","keys":"[bridge_name, Bridge Name], [bridge_type,Type], [chainage_(km), Chainage (km)], [road_no, On Road], [division, Division], [subdivision, Subdivision], [bridge_length_(m), Length (m)], [bridge_width_(m), Width (m)],[map_link(=>{type:link, format:weblink}, Google Map,newtab=>),Google Map View],[bms_inventory(=>{type:link, format:weblink}, BMS Link,newtab=>), BMS Inventory],[bms_detail(=>{type:link, format:weblink},BMS Link,newtab=>), BMS Detailed View]","f_class_name":"Portable Steel Bridge","f_class_color":"#29ffa4"},"geometry":{"type":"Point","coordinates":[91.1416667,22.7361111]}},
{"type":"Feature","properties":{"id":4150,"sl":15696,"map_link":"https://maps.google.com/?q=23.05750000000000000,90.98611110000000000&amp;z=8&amp;t=k","image_popup":"8088/bms/assets/uploads/images/bridges/bridge_4150/1666252939.jpg","bridge_name":"Vimpur Bridge","bridge_type":"RC Girder Bridge","road_no":"Z1426","zone":"Cumilla","circle":"Noakhali","division":"Noakhali","subdivision":"Chatkhil","sae":"Chatkhil","bridge_length_(m)":18.0,"bridge_width_(m)":5.1,"chainage_(km)":0.194,"xcoord":90.9861111,"ycoord":23.0575,"bms_inventory":"http://bms.rhd.gov.bd:8088/bms/bridges/inventory_view/4150","bms_detail":"http://bms.rhd.gov.bd:8088/bms/bridges/detail_view/4150","keys":"[bridge_name, Bridge Name], [bridge_type,Type], [chainage_(km), Chainage (km)], [road_no, On Road], [division, Division], [subdivision, Subdivision], [bridge_length_(m), Length (m)], [bridge_width_(m), Width (m)],[map_link(=>{type:link, format:weblink}, Google Map,newtab=>),Google Map View],[bms_inventory(=>{type:link, format:weblink}, BMS Link,newtab=>), BMS Inventory],[bms_detail(=>{type:link, format:weblink},BMS Link,newtab=>), BMS Detailed View]","f_class_name":"RC Girder Bridge","f_class_color":"#e8f674"},"geometry":{"type":"Point","coordinates":[90.9861111,23.0575]}},
{"type":"Feature","properties":{"id":4152,"sl":14801,"map_link":"https://maps.google.com/?q=23.04361110000000000,90.98972220000000000&amp;z=8&amp;t=k","image_popup":"8088/bms/assets/uploads/images/bridges/bridge_4152/1666252829.jpg","bridge_name":"Taltola Bazar Bridge","bridge_type":"RC Girder Bridge","road_no":"Z1426","zone":"Cumilla","circle":"Noakhali","division":"Noakhali","subdivision":"Chatkhil","sae":"Chatkhil","bridge_length_(m)":8.3,"bridge_width_(m)":4.7,"chainage_(km)":1.818,"xcoord":90.9897222,"ycoord":23.0436111,"bms_inventory":"http://bms.rhd.gov.bd:8088/bms/bridges/inventory_view/4152","bms_detail":"http://bms.rhd.gov.bd:8088/bms/bridges/detail_view/4152","keys":"[bridge_name, Bridge Name], [bridge_type,Type], [chainage_(km), Chainage (km)], [road_no, On Road], [division, Division], [subdivision, Subdivision], [bridge_length_(m), Length (m)], [bridge_width_(m), Width (m)],[map_link(=>{type:link, format:weblink}, Google Map,newtab=>),Google Map View],[bms_inventory(=>{type:link, format:weblink}, BMS Link,newtab=>), BMS Inventory],[bms_detail(=>{type:link, format:weblink},BMS Link,newtab=>), BMS Detailed View]","f_class_name":"RC Girder Bridge","f_class_color":"#e8f674"},"geometry":{"type":"Point","coordinates":[90.9897222,23.0436111]}},
{"type":"Feature","properties":{"id":4156,"sl":11079,"map_link":"https://maps.google.com/?q=22.73972220000000000,91.15861110000000000&amp;z=8&amp;t=k","image_popup":"8088/bms/assets/uploads/images/bridges/bridge_4156/1666250616.jpg","bridge_name":"Nobogram Bridge","bridge_type":"Small Slab Bridge","road_no":"Z1454","zone":"Cumilla","circle":"Noakhali","division":"Noakhali","subdivision":"Noakhali","sae":"Maijdee","bridge_length_(m)":2.0,"bridge_width_(m)":7.3,"chainage_(km)":0.0,"xcoord":91.1586111,"ycoord":22.7397222,"bms_inventory":"http://bms.rhd.gov.bd:8088/bms/bridges/inventory_view/4156","bms_detail":"http://bms.rhd.gov.bd:8088/bms/bridges/detail_view/4156","keys":"[bridge_name, Bridge Name], [bridge_type,Type], [chainage_(km), Chainage (km)], [road_no, On Road], [division, Division], [subdivision, Subdivision], [bridge_length_(m), Length (m)], [bridge_width_(m), Width (m)],[map_link(=>{type:link, format:weblink}, Google Map,newtab=>),Google Map View],[bms_inventory(=>{type:link, format:weblink}, BMS Link,newtab=>), BMS Inventory],[bms_detail(=>{type:link, format:weblink},BMS Link,newtab=>), BMS Detailed View]","f_class_name":"Small Slab Bridge","f_class_color":"#13b7dd"},"geometry":{"type":"Point","coordinates":[91.1586111,22.7397222]}},
{"type":"Feature","properties":{"id":4159,"sl":11080,"map_link":"https://maps.google.com/?q=22.74361111111100000,91.15972222222200000&amp;z=8&amp;t=k","image_popup":"8088/bms/assets/uploads/images/bridges/bridge_4159/1666251028.jpg","bridge_name":"Nobogram Bridge-2","bridge_type":"Portable Steel Bridge","road_no":"Z1454","zone":"Cumilla","circle":"Noakhali","division":"Noakhali","subdivision":"Noakhali","sae":"Maijdee","bridge_length_(m)":90.91,"bridge_width_(m)":3.4,"chainage_(km)":0.0,"xcoord":91.15972222000001,"ycoord":22.74361111,"bms_inventory":"http://bms.rhd.gov.bd:8088/bms/bridges/inventory_view/4159","bms_detail":"http://bms.rhd.gov.bd:8088/bms/bridges/detail_view/4159","keys":"[bridge_name, Bridge Name], [bridge_type,Type], [chainage_(km), Chainage (km)], [road_no, On Road], [division, Division], [subdivision, Subdivision], [bridge_length_(m), Length (m)], [bridge_width_(m), Width (m)],[map_link(=>{type:link, format:weblink}, Google Map,newtab=>),Google Map View],[bms_inventory(=>{type:link, format:weblink}, BMS Link,newtab=>), BMS Inventory],[bms_detail(=>{type:link, format:weblink},BMS Link,newtab=>), BMS Detailed View]","f_class_name":"Portable Steel Bridge","f_class_color":"#29ffa4"},"geometry":{"type":"Point","coordinates":[91.15972222,22.74361111]}},
{"type":"Feature","properties":{"id":4160,"sl":4205,"map_link":"https://maps.google.com/?q=22.98611110000000000,90.98750000000000000&amp;z=8&amp;t=k","image_popup":"8088/bms/assets/uploads/images/bridges/bridge_4160/1666252289.jpg","bridge_name":"Deliai Bazar Bridge","bridge_type":"RC Girder Bridge","road_no":"Z1426","zone":"Cumilla","circle":"Noakhali","division":"Noakhali","subdivision":"Chatkhil","sae":"Chatkhil","bridge_length_(m)":15.6,"bridge_width_(m)":5.0,"chainage_(km)":8.492,"xcoord":90.9875,"ycoord":22.9861111,"bms_inventory":"http://bms.rhd.gov.bd:8088/bms/bridges/inventory_view/4160","bms_detail":"http://bms.rhd.gov.bd:8088/bms/bridges/detail_view/4160","keys":"[bridge_name, Bridge Name], [bridge_type,Type], [chainage_(km), Chainage (km)], [road_no, On Road], [division, Division], [subdivision, Subdivision], [bridge_length_(m), Length (m)], [bridge_width_(m), Width (m)],[map_link(=>{type:link, format:weblink}, Google Map,newtab=>),Google Map View],[bms_inventory(=>{type:link, format:weblink}, BMS Link,newtab=>), BMS Inventory],[bms_detail(=>{type:link, format:weblink},BMS Link,newtab=>), BMS Detailed View]","f_class_name":"RC Girder Bridge","f_class_color":"#e8f674"},"geometry":{"type":"Point","coordinates":[90.9875,22.9861111]}},
{"type":"Feature","properties":{"id":4175,"sl":3905,"map_link":"https://maps.google.com/?q=22.80083330000000000,91.17805560000000000&amp;z=8&amp;t=k","image_popup":"8088/bms/assets/uploads/images/bridges/bridge_4175/1666494661.jpg","bridge_name":"Companir Hat Bridge","bridge_type":"RC Girder Bridge","road_no":"Z1454","zone":"Cumilla","circle":"Noakhali","division":"Noakhali","subdivision":"Noakhali","sae":"Maijdee","bridge_length_(m)":12.3,"bridge_width_(m)":4.3,"chainage_(km)":0.0,"xcoord":91.1780556,"ycoord":22.8008333,"bms_inventory":"http://bms.rhd.gov.bd:8088/bms/bridges/inventory_view/4175","bms_detail":"http://bms.rhd.gov.bd:8088/bms/bridges/detail_view/4175","keys":"[bridge_name, Bridge Name], [bridge_type,Type], [chainage_(km), Chainage (km)], [road_no, On Road], [division, Division], [subdivision, Subdivision], [bridge_length_(m), Length (m)], [bridge_width_(m), Width (m)],[map_link(=>{type:link, format:weblink}, Google Map,newtab=>),Google Map View],[bms_inventory(=>{type:link, format:weblink}, BMS Link,newtab=>), BMS Inventory],[bms_detail(=>{type:link, format:weblink},BMS Link,newtab=>), BMS Detailed View]","f_class_name":"RC Girder Bridge","f_class_color":"#e8f674"},"geometry":{"type":"Point","coordinates":[91.1780556,22.8008333]}},
{"type":"Feature","properties":{"id":4178,"sl":1911,"map_link":"https://maps.google.com/?q=22.89694440000000000,90.99444440000000000&amp;z=8&amp;t=k","image_popup":"8088/bms/assets/uploads/images/bridges/bridge_4178/1666495197.jpg","bridge_name":"Bhobani Jibonpur Bridge","bridge_type":"RC Girder Bridge","road_no":"R143","zone":"Cumilla","circle":"Noakhali","division":"Noakhali","subdivision":"Noakhali","sae":"Maijdee","bridge_length_(m)":19.0,"bridge_width_(m)":10.3,"chainage_(km)":11.515,"xcoord":90.9944444,"ycoord":22.8969444,"bms_inventory":"http://bms.rhd.gov.bd:8088/bms/bridges/inventory_view/4178","bms_detail":"http://bms.rhd.gov.bd:8088/bms/bridges/detail_view/4178","keys":"[bridge_name, Bridge Name], [bridge_type,Type], [chainage_(km), Chainage (km)], [road_no, On Road], [division, Division], [subdivision, Subdivision], [bridge_length_(m), Length (m)], [bridge_width_(m), Width (m)],[map_link(=>{type:link, format:weblink}, Google Map,newtab=>),Google Map View],[bms_inventory(=>{type:link, format:weblink}, BMS Link,newtab=>), BMS Inventory],[bms_detail(=>{type:link, format:weblink},BMS Link,newtab=>), BMS Detailed View]","f_class_name":"RC Girder Bridge","f_class_color":"#e8f674"},"geometry":{"type":"Point","coordinates":[90.9944444,22.8969444]}},
{"type":"Feature","properties":{"id":4182,"sl":7411,"map_link":"https://maps.google.com/?q=22.81583330000000000,91.17777780000000000&amp;z=8&amp;t=k","image_popup":"8088/bms/assets/uploads/images/bridges/bridge_4182/1666496340.jpg","bridge_name":"Kalamunshi Bazar Bridge","bridge_type":"Small Slab Bridge","road_no":"Z1454","zone":"Cumilla","circle":"Noakhali","division":"Noakhali","subdivision":"Noakhali","sae":"Maijdee","bridge_length_(m)":4.8,"bridge_width_(m)":4.8,"chainage_(km)":0.0,"xcoord":91.1777778,"ycoord":22.8158333,"bms_inventory":"http://bms.rhd.gov.bd:8088/bms/bridges/inventory_view/4182","bms_detail":"http://bms.rhd.gov.bd:8088/bms/bridges/detail_view/4182","keys":"[bridge_name, Bridge Name], [bridge_type,Type], [chainage_(km), Chainage (km)], [road_no, On Road], [division, Division], [subdivision, Subdivision], [bridge_length_(m), Length (m)], [bridge_width_(m), Width (m)],[map_link(=>{type:link, format:weblink}, Google Map,newtab=>),Google Map View],[bms_inventory(=>{type:link, format:weblink}, BMS Link,newtab=>), BMS Inventory],[bms_detail(=>{type:link, format:weblink},BMS Link,newtab=>), BMS Detailed View]","f_class_name":"Small Slab Bridge","f_class_color":"#13b7dd"},"geometry":{"type":"Point","coordinates":[91.1777778,22.8158333]}},
{"type":"Feature","properties":{"id":4199,"sl":713,"map_link":"https://maps.google.com/?q=22.84277780000000000,91.11305560000000000&amp;z=8&amp;t=k","image_popup":"8088/bms/assets/uploads/images/bridges/bridge_4199/1666582406.jpg","bridge_name":"Ashwadia Bridge","bridge_type":"PC Girder Bridge","road_no":"R148","zone":"Cumilla","circle":"Noakhali","division":"Noakhali","subdivision":"Noakhali","sae":"SAE-Noakhali-2","bridge_length_(m)":49.3,"bridge_width_(m)":10.3,"chainage_(km)":2.395,"xcoord":91.1130556,"ycoord":22.8427778,"bms_inventory":"http://bms.rhd.gov.bd:8088/bms/bridges/inventory_view/4199","bms_detail":"http://bms.rhd.gov.bd:8088/bms/bridges/detail_view/4199","keys":"[bridge_name, Bridge Name], [bridge_type,Type], [chainage_(km), Chainage (km)], [road_no, On Road], [division, Division], [subdivision, Subdivision], [bridge_length_(m), Length (m)], [bridge_width_(m), Width (m)],[map_link(=>{type:link, format:weblink}, Google Map,newtab=>),Google Map View],[bms_inventory(=>{type:link, format:weblink}, BMS Link,newtab=>), BMS Inventory],[bms_detail(=>{type:link, format:weblink},BMS Link,newtab=>), BMS Detailed View]","f_class_name":"PC Girder Bridge","f_class_color":"#6ebed6"},"geometry":{"type":"Point","coordinates":[91.1130556,22.8427778]}},
{"type":"Feature","properties":{"id":4200,"sl":7384,"map_link":"https://maps.google.com/?q=22.94833330000000000,91.10472220000000000&amp;z=8&amp;t=k","image_popup":"8088/bms/assets/uploads/images/bridges/bridge_4200/1666771327.jpg","bridge_name":"Kala Pool Bridge","bridge_type":"RC Girder Bridge","road_no":"R142","zone":"Cumilla","circle":"Noakhali","division":"Noakhali","subdivision":"Chatkhil","sae":"Sonaimuri","bridge_length_(m)":54.3,"bridge_width_(m)":8.7,"chainage_(km)":0.403,"xcoord":91.1047222,"ycoord":22.9483333,"bms_inventory":"http://bms.rhd.gov.bd:8088/bms/bridges/inventory_view/4200","bms_detail":"http://bms.rhd.gov.bd:8088/bms/bridges/detail_view/4200","keys":"[bridge_name, Bridge Name], [bridge_type,Type], [chainage_(km), Chainage (km)], [road_no, On Road], [division, Division], [subdivision, Subdivision], [bridge_length_(m), Length (m)], [bridge_width_(m), Width (m)],[map_link(=>{type:link, format:weblink}, Google Map,newtab=>),Google Map View],[bms_inventory(=>{type:link, format:weblink}, BMS Link,newtab=>), BMS Inventory],[bms_detail(=>{type:link, format:weblink},BMS Link,newtab=>), BMS Detailed View]","f_class_name":"RC Girder Bridge","f_class_color":"#e8f674"},"geometry":{"type":"Point","coordinates":[91.1047222,22.9483333]}},
{"type":"Feature","properties":{"id":4204,"sl":7385,"map_link":"https://maps.google.com/?q=22.94833330000000000,91.10472220000000000&amp;z=8&amp;t=k","image_popup":"8088/bms/assets/uploads/images/bridges/bridge_4204/1666771392.jpg","bridge_name":"Kala Pool Bridge-2","bridge_type":"RC Girder Bridge","road_no":"R142","zone":"Cumilla","circle":"Noakhali","division":"Noakhali","subdivision":"Chatkhil","sae":"Sonaimuri","bridge_length_(m)":60.2,"bridge_width_(m)":9.2,"chainage_(km)":0.403,"xcoord":91.1047222,"ycoord":22.9483333,"bms_inventory":"http://bms.rhd.gov.bd:8088/bms/bridges/inventory_view/4204","bms_detail":"http://bms.rhd.gov.bd:8088/bms/bridges/detail_view/4204","keys":"[bridge_name, Bridge Name], [bridge_type,Type], [chainage_(km), Chainage (km)], [road_no, On Road], [division, Division], [subdivision, Subdivision], [bridge_length_(m), Length (m)], [bridge_width_(m), Width (m)],[map_link(=>{type:link, format:weblink}, Google Map,newtab=>),Google Map View],[bms_inventory(=>{type:link, format:weblink}, BMS Link,newtab=>), BMS Inventory],[bms_detail(=>{type:link, format:weblink},BMS Link,newtab=>), BMS Detailed View]","f_class_name":"RC Girder Bridge","f_class_color":"#e8f674"},"geometry":{"type":"Point","coordinates":[91.1047222,22.9483333]}},
{"type":"Feature","properties":{"id":4207,"sl":9846,"map_link":"https://maps.google.com/?q=22.96166670000000000,91.10416670000000000&amp;z=8&amp;t=k","image_popup":"8088/bms/assets/uploads/images/bridges/bridge_4207/1666771483.jpg","bridge_name":"Mireshpur Bridge","bridge_type":"RC Girder Bridge","road_no":"R142","zone":"Cumilla","circle":"Noakhali","division":"Noakhali","subdivision":"Chatkhil","sae":"Sonaimuri","bridge_length_(m)":12.1,"bridge_width_(m)":10.1,"chainage_(km)":1.952,"xcoord":91.1041667,"ycoord":22.9616667,"bms_inventory":"http://bms.rhd.gov.bd:8088/bms/bridges/inventory_view/4207","bms_detail":"http://bms.rhd.gov.bd:8088/bms/bridges/detail_view/4207","keys":"[bridge_name, Bridge Name], [bridge_type,Type], [chainage_(km), Chainage (km)], [road_no, On Road], [division, Division], [subdivision, Subdivision], [bridge_length_(m), Length (m)], [bridge_width_(m), Width (m)],[map_link(=>{type:link, format:weblink}, Google Map,newtab=>),Google Map View],[bms_inventory(=>{type:link, format:weblink}, BMS Link,newtab=>), BMS Inventory],[bms_detail(=>{type:link, format:weblink},BMS Link,newtab=>), BMS Detailed View]","f_class_name":"RC Girder Bridge","f_class_color":"#e8f674"},"geometry":{"type":"Point","coordinates":[91.1041667,22.9616667]}},
{"type":"Feature","properties":{"id":4211,"sl":9847,"map_link":"https://maps.google.com/?q=22.96166670000000000,91.10416670000000000&amp;z=8&amp;t=k","image_popup":"8088/bms/assets/uploads/images/bridges/bridge_4211/1666771565.jpg","bridge_name":"Mireshpur Bridge-2","bridge_type":"RC Girder Bridge","road_no":"R142","zone":"Cumilla","circle":"Noakhali","division":"Noakhali","subdivision":"Chatkhil","sae":"Sonaimuri","bridge_length_(m)":12.2,"bridge_width_(m)":7.2,"chainage_(km)":1.952,"xcoord":91.1041667,"ycoord":22.9616667,"bms_inventory":"http://bms.rhd.gov.bd:8088/bms/bridges/inventory_view/4211","bms_detail":"http://bms.rhd.gov.bd:8088/bms/bridges/detail_view/4211","keys":"[bridge_name, Bridge Name], [bridge_type,Type], [chainage_(km), Chainage (km)], [road_no, On Road], [division, Division], [subdivision, Subdivision], [bridge_length_(m), Length (m)], [bridge_width_(m), Width (m)],[map_link(=>{type:link, format:weblink}, Google Map,newtab=>),Google Map View],[bms_inventory(=>{type:link, format:weblink}, BMS Link,newtab=>), BMS Inventory],[bms_detail(=>{type:link, format:weblink},BMS Link,newtab=>), BMS Detailed View]","f_class_name":"RC Girder Bridge","f_class_color":"#e8f674"},"geometry":{"type":"Point","coordinates":[91.1041667,22.9616667]}},
{"type":"Feature","properties":{"id":4212,"sl":10254,"map_link":"https://maps.google.com/?q=22.96750000000000000,91.10277780000000000&amp;z=8&amp;t=k","image_popup":"8088/bms/assets/uploads/images/bridges/bridge_4212/1666771683.jpg","bridge_name":"Mojumdar Hat Bridge","bridge_type":"RC Girder Bridge","road_no":"R142","zone":"Cumilla","circle":"Noakhali","division":"Noakhali","subdivision":"Chatkhil","sae":"Sonaimuri","bridge_length_(m)":7.6,"bridge_width_(m)":7.3,"chainage_(km)":2.625,"xcoord":91.1027778,"ycoord":22.9675,"bms_inventory":"http://bms.rhd.gov.bd:8088/bms/bridges/inventory_view/4212","bms_detail":"http://bms.rhd.gov.bd:8088/bms/bridges/detail_view/4212","keys":"[bridge_name, Bridge Name], [bridge_type,Type], [chainage_(km), Chainage (km)], [road_no, On Road], [division, Division], [subdivision, Subdivision], [bridge_length_(m), Length (m)], [bridge_width_(m), Width (m)],[map_link(=>{type:link, format:weblink}, Google Map,newtab=>),Google Map View],[bms_inventory(=>{type:link, format:weblink}, BMS Link,newtab=>), BMS Inventory],[bms_detail(=>{type:link, format:weblink},BMS Link,newtab=>), BMS Detailed View]","f_class_name":"RC Girder Bridge","f_class_color":"#e8f674"},"geometry":{"type":"Point","coordinates":[91.1027778,22.9675]}},
{"type":"Feature","properties":{"id":4218,"sl":8205,"map_link":"https://maps.google.com/?q=22.97333330000000000,91.10111110000000000&amp;z=8&amp;t=k","image_popup":"8088/bms/assets/uploads/images/bridges/bridge_4218/1666585727.JPG","bridge_name":"Khejurtola Bridge","bridge_type":"RC Girder Bridge","road_no":"R142","zone":"Cumilla","circle":"Noakhali","division":"Noakhali","subdivision":"Chatkhil","sae":"Sonaimuri","bridge_length_(m)":14.0,"bridge_width_(m)":10.15,"chainage_(km)":3.29,"xcoord":91.1011111,"ycoord":22.9733333,"bms_inventory":"http://bms.rhd.gov.bd:8088/bms/bridges/inventory_view/4218","bms_detail":"http://bms.rhd.gov.bd:8088/bms/bridges/detail_view/4218","keys":"[bridge_name, Bridge Name], [bridge_type,Type], [chainage_(km), Chainage (km)], [road_no, On Road], [division, Division], [subdivision, Subdivision], [bridge_length_(m), Length (m)], [bridge_width_(m), Width (m)],[map_link(=>{type:link, format:weblink}, Google Map,newtab=>),Google Map View],[bms_inventory(=>{type:link, format:weblink}, BMS Link,newtab=>), BMS Inventory],[bms_detail(=>{type:link, format:weblink},BMS Link,newtab=>), BMS Detailed View]","f_class_name":"RC Girder Bridge","f_class_color":"#e8f674"},"geometry":{"type":"Point","coordinates":[91.1011111,22.9733333]}},
{"type":"Feature","properties":{"id":4221,"sl":8206,"map_link":"https://maps.google.com/?q=22.97333330000000000,91.10111110000000000&amp;z=8&amp;t=k","image_popup":"8088/bms/assets/uploads/images/bridges/bridge_4221/1666586100.JPG","bridge_name":"Khejurtola Bridge-2","bridge_type":"RC Girder Bridge","road_no":"R142","zone":"Cumilla","circle":"Noakhali","division":"Noakhali","subdivision":"Chatkhil","sae":"Sonaimuri","bridge_length_(m)":14.0,"bridge_width_(m)":10.35,"chainage_(km)":3.29,"xcoord":91.1011111,"ycoord":22.9733333,"bms_inventory":"http://bms.rhd.gov.bd:8088/bms/bridges/inventory_view/4221","bms_detail":"http://bms.rhd.gov.bd:8088/bms/bridges/detail_view/4221","keys":"[bridge_name, Bridge Name], [bridge_type,Type], [chainage_(km), Chainage (km)], [road_no, On Road], [division, Division], [subdivision, Subdivision], [bridge_length_(m), Length (m)], [bridge_width_(m), Width (m)],[map_link(=>{type:link, format:weblink}, Google Map,newtab=>),Google Map View],[bms_inventory(=>{type:link, format:weblink}, BMS Link,newtab=>), BMS Inventory],[bms_detail(=>{type:link, format:weblink},BMS Link,newtab=>), BMS Detailed View]","f_class_name":"RC Girder Bridge","f_class_color":"#e8f674"},"geometry":{"type":"Point","coordinates":[91.1011111,22.9733333]}},
{"type":"Feature","properties":{"id":4222,"sl":619,"map_link":"https://maps.google.com/?q=22.97972220000000000,91.09888890000000000&amp;z=8&amp;t=k","image_popup":"8088/bms/assets/uploads/images/bridges/bridge_4222/1666586467.JPG","bridge_name":"Apania Bridge","bridge_type":"RC Girder Bridge","road_no":"R142","zone":"Cumilla","circle":"Noakhali","division":"Noakhali","subdivision":"Chatkhil","sae":"Sonaimuri","bridge_length_(m)":14.0,"bridge_width_(m)":10.35,"chainage_(km)":4.028,"xcoord":91.0988889,"ycoord":22.9797222,"bms_inventory":"http://bms.rhd.gov.bd:8088/bms/bridges/inventory_view/4222","bms_detail":"http://bms.rhd.gov.bd:8088/bms/bridges/detail_view/4222","keys":"[bridge_name, Bridge Name], [bridge_type,Type], [chainage_(km), Chainage (km)], [road_no, On Road], [division, Division], [subdivision, Subdivision], [bridge_length_(m), Length (m)], [bridge_width_(m), Width (m)],[map_link(=>{type:link, format:weblink}, Google Map,newtab=>),Google Map View],[bms_inventory(=>{type:link, format:weblink}, BMS Link,newtab=>), BMS Inventory],[bms_detail(=>{type:link, format:weblink},BMS Link,newtab=>), BMS Detailed View]","f_class_name":"RC Girder Bridge","f_class_color":"#e8f674"},"geometry":{"type":"Point","coordinates":[91.0988889,22.9797222]}},
{"type":"Feature","properties":{"id":4224,"sl":620,"map_link":"https://maps.google.com/?q=22.97972220000000000,91.09888890000000000&amp;z=8&amp;t=k","image_popup":"8088/bms/assets/uploads/images/bridges/bridge_4224/1666586867.JPG","bridge_name":"Apania Bridge-2","bridge_type":"RC Girder Bridge","road_no":"R142","zone":"Cumilla","circle":"Noakhali","division":"Noakhali","subdivision":"Chatkhil","sae":"Sonaimuri","bridge_length_(m)":12.7,"bridge_width_(m)":8.8,"chainage_(km)":4.028,"xcoord":91.0988889,"ycoord":22.9797222,"bms_inventory":"http://bms.rhd.gov.bd:8088/bms/bridges/inventory_view/4224","bms_detail":"http://bms.rhd.gov.bd:8088/bms/bridges/detail_view/4224","keys":"[bridge_name, Bridge Name], [bridge_type,Type], [chainage_(km), Chainage (km)], [road_no, On Road], [division, Division], [subdivision, Subdivision], [bridge_length_(m), Length (m)], [bridge_width_(m), Width (m)],[map_link(=>{type:link, format:weblink}, Google Map,newtab=>),Google Map View],[bms_inventory(=>{type:link, format:weblink}, BMS Link,newtab=>), BMS Inventory],[bms_detail(=>{type:link, format:weblink},BMS Link,newtab=>), BMS Detailed View]","f_class_name":"RC Girder Bridge","f_class_color":"#e8f674"},"geometry":{"type":"Point","coordinates":[91.0988889,22.9797222]}},
{"type":"Feature","properties":{"id":4225,"sl":9943,"map_link":"https://maps.google.com/?q=22.98805560000000000,91.09722220000000000&amp;z=8&amp;t=k","image_popup":"8088/bms/assets/uploads/images/bridges/bridge_4225/1666588183.JPG","bridge_name":"Mistri Barir Bridge 2","bridge_type":"RC Girder Bridge","road_no":"R142","zone":"Cumilla","circle":"Noakhali","division":"Noakhali","subdivision":"Chatkhil","sae":"Sonaimuri","bridge_length_(m)":7.9,"bridge_width_(m)":7.1,"chainage_(km)":4.99,"xcoord":91.0972222,"ycoord":22.9880556,"bms_inventory":"http://bms.rhd.gov.bd:8088/bms/bridges/inventory_view/4225","bms_detail":"http://bms.rhd.gov.bd:8088/bms/bridges/detail_view/4225","keys":"[bridge_name, Bridge Name], [bridge_type,Type], [chainage_(km), Chainage (km)], [road_no, On Road], [division, Division], [subdivision, Subdivision], [bridge_length_(m), Length (m)], [bridge_width_(m), Width (m)],[map_link(=>{type:link, format:weblink}, Google Map,newtab=>),Google Map View],[bms_inventory(=>{type:link, format:weblink}, BMS Link,newtab=>), BMS Inventory],[bms_detail(=>{type:link, format:weblink},BMS Link,newtab=>), BMS Detailed View]","f_class_name":"RC Girder Bridge","f_class_color":"#e8f674"},"geometry":{"type":"Point","coordinates":[91.0972222,22.9880556]}},
{"type":"Feature","properties":{"id":4227,"sl":9942,"map_link":"https://maps.google.com/?q=22.98805560000000000,91.09722220000000000&amp;z=8&amp;t=k","image_popup":"8088/bms/assets/uploads/images/bridges/bridge_4227/1666588591.JPG","bridge_name":"Mistri Barir Bridge","bridge_type":"RC Girder Bridge","road_no":"R142","zone":"Cumilla","circle":"Noakhali","division":"Noakhali","subdivision":"Chatkhil","sae":"Sonaimuri","bridge_length_(m)":14.0,"bridge_width_(m)":10.25,"chainage_(km)":4.99,"xcoord":91.0972222,"ycoord":22.9880556,"bms_inventory":"http://bms.rhd.gov.bd:8088/bms/bridges/inventory_view/4227","bms_detail":"http://bms.rhd.gov.bd:8088/bms/bridges/detail_view/4227","keys":"[bridge_name, Bridge Name], [bridge_type,Type], [chainage_(km), Chainage (km)], [road_no, On Road], [division, Division], [subdivision, Subdivision], [bridge_length_(m), Length (m)], [bridge_width_(m), Width (m)],[map_link(=>{type:link, format:weblink}, Google Map,newtab=>),Google Map View],[bms_inventory(=>{type:link, format:weblink}, BMS Link,newtab=>), BMS Inventory],[bms_detail(=>{type:link, format:weblink},BMS Link,newtab=>), BMS Detailed View]","f_class_name":"RC Girder Bridge","f_class_color":"#e8f674"},"geometry":{"type":"Point","coordinates":[91.0972222,22.9880556]}},
{"type":"Feature","properties":{"id":4229,"sl":1387,"map_link":"https://maps.google.com/?q=22.99722220000000000,91.09583330000000000&amp;z=8&amp;t=k","image_popup":"8088/bms/assets/uploads/images/bridges/bridge_4229/1666589809.JPG","bridge_name":"Barai Nagar Bridge 2","bridge_type":"RC Girder Bridge","road_no":"R142","zone":"Cumilla","circle":"Noakhali","division":"Noakhali","subdivision":"Chatkhil","sae":"Sonaimuri","bridge_length_(m)":13.0,"bridge_width_(m)":10.2,"chainage_(km)":6.05,"xcoord":91.0958333,"ycoord":22.9972222,"bms_inventory":"http://bms.rhd.gov.bd:8088/bms/bridges/inventory_view/4229","bms_detail":"http://bms.rhd.gov.bd:8088/bms/bridges/detail_view/4229","keys":"[bridge_name, Bridge Name], [bridge_type,Type], [chainage_(km), Chainage (km)], [road_no, On Road], [division, Division], [subdivision, Subdivision], [bridge_length_(m), Length (m)], [bridge_width_(m), Width (m)],[map_link(=>{type:link, format:weblink}, Google Map,newtab=>),Google Map View],[bms_inventory(=>{type:link, format:weblink}, BMS Link,newtab=>), BMS Inventory],[bms_detail(=>{type:link, format:weblink},BMS Link,newtab=>), BMS Detailed View]","f_class_name":"RC Girder Bridge","f_class_color":"#e8f674"},"geometry":{"type":"Point","coordinates":[91.0958333,22.9972222]}},
{"type":"Feature","properties":{"id":4231,"sl":1386,"map_link":"https://maps.google.com/?q=22.99722220000000000,91.09583330000000000&amp;z=8&amp;t=k","image_popup":"8088/bms/assets/uploads/images/bridges/bridge_4231/1666590217.JPG","bridge_name":"Barai Nagar Bridge 1","bridge_type":"RC Girder Bridge","road_no":"R142","zone":"Cumilla","circle":"Noakhali","division":"Noakhali","subdivision":"Chatkhil","sae":"Sonaimuri","bridge_length_(m)":13.0,"bridge_width_(m)":10.2,"chainage_(km)":6.05,"xcoord":91.0958333,"ycoord":22.9972222,"bms_inventory":"http://bms.rhd.gov.bd:8088/bms/bridges/inventory_view/4231","bms_detail":"http://bms.rhd.gov.bd:8088/bms/bridges/detail_view/4231","keys":"[bridge_name, Bridge Name], [bridge_type,Type], [chainage_(km), Chainage (km)], [road_no, On Road], [division, Division], [subdivision, Subdivision], [bridge_length_(m), Length (m)], [bridge_width_(m), Width (m)],[map_link(=>{type:link, format:weblink}, Google Map,newtab=>),Google Map View],[bms_inventory(=>{type:link, format:weblink}, BMS Link,newtab=>), BMS Inventory],[bms_detail(=>{type:link, format:weblink},BMS Link,newtab=>), BMS Detailed View]","f_class_name":"RC Girder Bridge","f_class_color":"#e8f674"},"geometry":{"type":"Point","coordinates":[91.0958333,22.9972222]}},
{"type":"Feature","properties":{"id":4232,"sl":2251,"map_link":"https://maps.google.com/?q=23.00638890000000000,91.09527780000000000&amp;z=8&amp;t=k","image_popup":"8088/bms/assets/uploads/images/bridges/bridge_4232/1667973583.JPG","bridge_name":"Bojra Shahi Mosque Bridge","bridge_type":"RC Girder Bridge","road_no":"R142","zone":"Cumilla","circle":"Noakhali","division":"Noakhali","subdivision":"Chatkhil","sae":"Sonaimuri","bridge_length_(m)":13.2,"bridge_width_(m)":10.3,"chainage_(km)":7.08,"xcoord":91.0952778,"ycoord":23.0063889,"bms_inventory":"http://bms.rhd.gov.bd:8088/bms/bridges/inventory_view/4232","bms_detail":"http://bms.rhd.gov.bd:8088/bms/bridges/detail_view/4232","keys":"[bridge_name, Bridge Name], [bridge_type,Type], [chainage_(km), Chainage (km)], [road_no, On Road], [division, Division], [subdivision, Subdivision], [bridge_length_(m), Length (m)], [bridge_width_(m), Width (m)],[map_link(=>{type:link, format:weblink}, Google Map,newtab=>),Google Map View],[bms_inventory(=>{type:link, format:weblink}, BMS Link,newtab=>), BMS Inventory],[bms_detail(=>{type:link, format:weblink},BMS Link,newtab=>), BMS Detailed View]","f_class_name":"RC Girder Bridge","f_class_color":"#e8f674"},"geometry":{"type":"Point","coordinates":[91.0952778,23.0063889]}},
{"type":"Feature","properties":{"id":4233,"sl":2252,"map_link":"https://maps.google.com/?q=23.00638890000000000,91.09527780000000000&amp;z=8&amp;t=k","image_popup":"8088/bms/assets/uploads/images/bridges/bridge_4233/1667973516.JPG","bridge_name":"Bojra Shahi Mosque Bridge 2","bridge_type":"RC Girder Bridge","road_no":"R142","zone":"Cumilla","circle":"Noakhali","division":"Noakhali","subdivision":"Chatkhil","sae":"Sonaimuri","bridge_length_(m)":13.8,"bridge_width_(m)":8.9,"chainage_(km)":7.08,"xcoord":91.0952778,"ycoord":23.0063889,"bms_inventory":"http://bms.rhd.gov.bd:8088/bms/bridges/inventory_view/4233","bms_detail":"http://bms.rhd.gov.bd:8088/bms/bridges/detail_view/4233","keys":"[bridge_name, Bridge Name], [bridge_type,Type], [chainage_(km), Chainage (km)], [road_no, On Road], [division, Division], [subdivision, Subdivision], [bridge_length_(m), Length (m)], [bridge_width_(m), Width (m)],[map_link(=>{type:link, format:weblink}, Google Map,newtab=>),Google Map View],[bms_inventory(=>{type:link, format:weblink}, BMS Link,newtab=>), BMS Inventory],[bms_detail(=>{type:link, format:weblink},BMS Link,newtab=>), BMS Detailed View]","f_class_name":"RC Girder Bridge","f_class_color":"#e8f674"},"geometry":{"type":"Point","coordinates":[91.0952778,23.0063889]}},
{"type":"Feature","properties":{"id":4234,"sl":2182,"map_link":"https://maps.google.com/?q=23.01611110000000000,91.09444440000000000&amp;z=8&amp;t=k","image_popup":"8088/bms/assets/uploads/images/bridges/bridge_4234/1667973764.JPG","bridge_name":"Bogadia Daksinpara Bridge","bridge_type":"RC Girder Bridge","road_no":"R142","zone":"Cumilla","circle":"Noakhali","division":"Noakhali","subdivision":"Chatkhil","sae":"Sonaimuri","bridge_length_(m)":13.0,"bridge_width_(m)":10.2,"chainage_(km)":8.21,"xcoord":91.0944444,"ycoord":23.0161111,"bms_inventory":"http://bms.rhd.gov.bd:8088/bms/bridges/inventory_view/4234","bms_detail":"http://bms.rhd.gov.bd:8088/bms/bridges/detail_view/4234","keys":"[bridge_name, Bridge Name], [bridge_type,Type], [chainage_(km), Chainage (km)], [road_no, On Road], [division, Division], [subdivision, Subdivision], [bridge_length_(m), Length (m)], [bridge_width_(m), Width (m)],[map_link(=>{type:link, format:weblink}, Google Map,newtab=>),Google Map View],[bms_inventory(=>{type:link, format:weblink}, BMS Link,newtab=>), BMS Inventory],[bms_detail(=>{type:link, format:weblink},BMS Link,newtab=>), BMS Detailed View]","f_class_name":"RC Girder Bridge","f_class_color":"#e8f674"},"geometry":{"type":"Point","coordinates":[91.0944444,23.0161111]}},
{"type":"Feature","properties":{"id":4236,"sl":2183,"map_link":"https://maps.google.com/?q=23.01611110000000000,91.09444440000000000&amp;z=8&amp;t=k","image_popup":"8088/bms/assets/uploads/images/bridges/bridge_4236/1667973868.JPG","bridge_name":"Bogadia Daksinpara Bridge-2","bridge_type":"RC Girder Bridge","road_no":"R142","zone":"Cumilla","circle":"Noakhali","division":"Noakhali","subdivision":"Chatkhil","sae":"Sonaimuri","bridge_length_(m)":12.9,"bridge_width_(m)":7.2,"chainage_(km)":8.21,"xcoord":91.0944444,"ycoord":23.0161111,"bms_inventory":"http://bms.rhd.gov.bd:8088/bms/bridges/inventory_view/4236","bms_detail":"http://bms.rhd.gov.bd:8088/bms/bridges/detail_view/4236","keys":"[bridge_name, Bridge Name], [bridge_type,Type], [chainage_(km), Chainage (km)], [road_no, On Road], [division, Division], [subdivision, Subdivision], [bridge_length_(m), Length (m)], [bridge_width_(m), Width (m)],[map_link(=>{type:link, format:weblink}, Google Map,newtab=>),Google Map View],[bms_inventory(=>{type:link, format:weblink}, BMS Link,newtab=>), BMS Inventory],[bms_detail(=>{type:link, format:weblink},BMS Link,newtab=>), BMS Detailed View]","f_class_name":"RC Girder Bridge","f_class_color":"#e8f674"},"geometry":{"type":"Point","coordinates":[91.0944444,23.0161111]}},
{"type":"Feature","properties":{"id":4238,"sl":2190,"map_link":"https://maps.google.com/?q=23.02222220000000000,91.09472220000000000&amp;z=8&amp;t=k","image_popup":"8088/bms/assets/uploads/images/bridges/bridge_4238/1666592485.JPG","bridge_name":"Bogodia Uttar Pole Bridge","bridge_type":"RC Girder Bridge","road_no":"R142","zone":"Cumilla","circle":"Noakhali","division":"Noakhali","subdivision":"Chatkhil","sae":"Sonaimuri","bridge_length_(m)":12.6,"bridge_width_(m)":10.4,"chainage_(km)":8.923,"xcoord":91.0947222,"ycoord":23.0222222,"bms_inventory":"http://bms.rhd.gov.bd:8088/bms/bridges/inventory_view/4238","bms_detail":"http://bms.rhd.gov.bd:8088/bms/bridges/detail_view/4238","keys":"[bridge_name, Bridge Name], [bridge_type,Type], [chainage_(km), Chainage (km)], [road_no, On Road], [division, Division], [subdivision, Subdivision], [bridge_length_(m), Length (m)], [bridge_width_(m), Width (m)],[map_link(=>{type:link, format:weblink}, Google Map,newtab=>),Google Map View],[bms_inventory(=>{type:link, format:weblink}, BMS Link,newtab=>), BMS Inventory],[bms_detail(=>{type:link, format:weblink},BMS Link,newtab=>), BMS Detailed View]","f_class_name":"RC Girder Bridge","f_class_color":"#e8f674"},"geometry":{"type":"Point","coordinates":[91.0947222,23.0222222]}},
{"type":"Feature","properties":{"id":4240,"sl":2191,"map_link":"https://maps.google.com/?q=23.02222220000000000,91.09472220000000000&amp;z=8&amp;t=k","image_popup":"8088/bms/assets/uploads/images/bridges/bridge_4240/1666592902.JPG","bridge_name":"Bogodia Uttar Pole Bridge-2","bridge_type":"RC Girder Bridge","road_no":"R142","zone":"Cumilla","circle":"Noakhali","division":"Noakhali","subdivision":"Chatkhil","sae":"Sonaimuri","bridge_length_(m)":12.7,"bridge_width_(m)":7.2,"chainage_(km)":8.923,"xcoord":91.0947222,"ycoord":23.0222222,"bms_inventory":"http://bms.rhd.gov.bd:8088/bms/bridges/inventory_view/4240","bms_detail":"http://bms.rhd.gov.bd:8088/bms/bridges/detail_view/4240","keys":"[bridge_name, Bridge Name], [bridge_type,Type], [chainage_(km), Chainage (km)], [road_no, On Road], [division, Division], [subdivision, Subdivision], [bridge_length_(m), Length (m)], [bridge_width_(m), Width (m)],[map_link(=>{type:link, format:weblink}, Google Map,newtab=>),Google Map View],[bms_inventory(=>{type:link, format:weblink}, BMS Link,newtab=>), BMS Inventory],[bms_detail(=>{type:link, format:weblink},BMS Link,newtab=>), BMS Detailed View]","f_class_name":"RC Girder Bridge","f_class_color":"#e8f674"},"geometry":{"type":"Point","coordinates":[91.0947222,23.0222222]}},
{"type":"Feature","properties":{"id":4246,"sl":2466,"map_link":"https://maps.google.com/?q=23.03916670000000000,91.09583330000000000&amp;z=8&amp;t=k","image_popup":"8088/bms/assets/uploads/images/bridges/bridge_4246/1666594302.jpg","bridge_name":"Boro Mosque Bridge","bridge_type":"RC Girder Bridge","road_no":"R142","zone":"Cumilla","circle":"Noakhali","division":"Noakhali","subdivision":"Chatkhil","sae":"Chatkhil","bridge_length_(m)":12.6,"bridge_width_(m)":7.2,"chainage_(km)":10.812,"xcoord":91.0958333,"ycoord":23.0391667,"bms_inventory":"http://bms.rhd.gov.bd:8088/bms/bridges/inventory_view/4246","bms_detail":"http://bms.rhd.gov.bd:8088/bms/bridges/detail_view/4246","keys":"[bridge_name, Bridge Name], [bridge_type,Type], [chainage_(km), Chainage (km)], [road_no, On Road], [division, Division], [subdivision, Subdivision], [bridge_length_(m), Length (m)], [bridge_width_(m), Width (m)],[map_link(=>{type:link, format:weblink}, Google Map,newtab=>),Google Map View],[bms_inventory(=>{type:link, format:weblink}, BMS Link,newtab=>), BMS Inventory],[bms_detail(=>{type:link, format:weblink},BMS Link,newtab=>), BMS Detailed View]","f_class_name":"RC Girder Bridge","f_class_color":"#e8f674"},"geometry":{"type":"Point","coordinates":[91.0958333,23.0391667]}},
{"type":"Feature","properties":{"id":4248,"sl":11086,"map_link":"https://maps.google.com/?q=23.06000000000000000,91.07638890000000000&amp;z=8&amp;t=k","image_popup":"8088/bms/assets/uploads/images/bridges/bridge_4248/1666595888.jpg","bridge_name":"Nodona Bazar Bridge","bridge_type":"RC Girder Bridge","road_no":"R142","zone":"Cumilla","circle":"Noakhali","division":"Noakhali","subdivision":"Chatkhil","sae":"Chatkhil","bridge_length_(m)":37.9,"bridge_width_(m)":9.8,"chainage_(km)":14.141,"xcoord":91.0763889,"ycoord":23.06,"bms_inventory":"http://bms.rhd.gov.bd:8088/bms/bridges/inventory_view/4248","bms_detail":"http://bms.rhd.gov.bd:8088/bms/bridges/detail_view/4248","keys":"[bridge_name, Bridge Name], [bridge_type,Type], [chainage_(km), Chainage (km)], [road_no, On Road], [division, Division], [subdivision, Subdivision], [bridge_length_(m), Length (m)], [bridge_width_(m), Width (m)],[map_link(=>{type:link, format:weblink}, Google Map,newtab=>),Google Map View],[bms_inventory(=>{type:link, format:weblink}, BMS Link,newtab=>), BMS Inventory],[bms_detail(=>{type:link, format:weblink},BMS Link,newtab=>), BMS Detailed View]","f_class_name":"RC Girder Bridge","f_class_color":"#e8f674"},"geometry":{"type":"Point","coordinates":[91.0763889,23.06]}},
{"type":"Feature","properties":{"id":4249,"sl":11537,"map_link":"https://maps.google.com/?q=23.06194440000000000,91.05611110000000000&amp;z=8&amp;t=k","image_popup":"8088/bms/assets/uploads/images/bridges/bridge_4249/1666596350.jpg","bridge_name":"Pachbaria Bridge","bridge_type":"RC Girder Bridge","road_no":"R142","zone":"Cumilla","circle":"Noakhali","division":"Noakhali","subdivision":"Chatkhil","sae":"Chatkhil","bridge_length_(m)":10.7,"bridge_width_(m)":7.9,"chainage_(km)":16.24,"xcoord":91.0561111,"ycoord":23.0619444,"bms_inventory":"http://bms.rhd.gov.bd:8088/bms/bridges/inventory_view/4249","bms_detail":"http://bms.rhd.gov.bd:8088/bms/bridges/detail_view/4249","keys":"[bridge_name, Bridge Name], [bridge_type,Type], [chainage_(km), Chainage (km)], [road_no, On Road], [division, Division], [subdivision, Subdivision], [bridge_length_(m), Length (m)], [bridge_width_(m), Width (m)],[map_link(=>{type:link, format:weblink}, Google Map,newtab=>),Google Map View],[bms_inventory(=>{type:link, format:weblink}, BMS Link,newtab=>), BMS Inventory],[bms_detail(=>{type:link, format:weblink},BMS Link,newtab=>), BMS Detailed View]","f_class_name":"RC Girder Bridge","f_class_color":"#e8f674"},"geometry":{"type":"Point","coordinates":[91.0561111,23.0619444]}},
{"type":"Feature","properties":{"id":4255,"sl":7262,"map_link":"https://maps.google.com/?q=23.06000000000000000,90.99916670000000000&amp;z=8&amp;t=k","image_popup":"8088/bms/assets/uploads/images/bridges/bridge_4255/1666598214.jpg","bridge_name":"Kachari Bazar Bridge","bridge_type":"RC Girder Bridge","road_no":"R142","zone":"Cumilla","circle":"Noakhali","division":"Noakhali","subdivision":"Chatkhil","sae":"Chatkhil","bridge_length_(m)":18.75,"bridge_width_(m)":9.8,"chainage_(km)":22.22,"xcoord":90.9991667,"ycoord":23.06,"bms_inventory":"http://bms.rhd.gov.bd:8088/bms/bridges/inventory_view/4255","bms_detail":"http://bms.rhd.gov.bd:8088/bms/bridges/detail_view/4255","keys":"[bridge_name, Bridge Name], [bridge_type,Type], [chainage_(km), Chainage (km)], [road_no, On Road], [division, Division], [subdivision, Subdivision], [bridge_length_(m), Length (m)], [bridge_width_(m), Width (m)],[map_link(=>{type:link, format:weblink}, Google Map,newtab=>),Google Map View],[bms_inventory(=>{type:link, format:weblink}, BMS Link,newtab=>), BMS Inventory],[bms_detail(=>{type:link, format:weblink},BMS Link,newtab=>), BMS Detailed View]","f_class_name":"RC Girder Bridge","f_class_color":"#e8f674"},"geometry":{"type":"Point","coordinates":[90.9991667,23.06]}},
{"type":"Feature","properties":{"id":4267,"sl":7566,"map_link":"https://maps.google.com/?q=22.72583330000000000,91.00888890000000000&amp;z=8&amp;t=k","image_popup":"8088/bms/assets/uploads/images/bridges/bridge_4267/1666600522.jpg","bridge_name":"Kamal Pole Bridge","bridge_type":"RC Girder Bridge","road_no":"Z1405","zone":"Cumilla","circle":"Noakhali","division":"Noakhali","subdivision":"Noakhali","sae":"Maijdee","bridge_length_(m)":18.7,"bridge_width_(m)":10.3,"chainage_(km)":55.7,"xcoord":91.0088889,"ycoord":22.7258333,"bms_inventory":"http://bms.rhd.gov.bd:8088/bms/bridges/inventory_view/4267","bms_detail":"http://bms.rhd.gov.bd:8088/bms/bridges/detail_view/4267","keys":"[bridge_name, Bridge Name], [bridge_type,Type], [chainage_(km), Chainage (km)], [road_no, On Road], [division, Division], [subdivision, Subdivision], [bridge_length_(m), Length (m)], [bridge_width_(m), Width (m)],[map_link(=>{type:link, format:weblink}, Google Map,newtab=>),Google Map View],[bms_inventory(=>{type:link, format:weblink}, BMS Link,newtab=>), BMS Inventory],[bms_detail(=>{type:link, format:weblink},BMS Link,newtab=>), BMS Detailed View]","f_class_name":"RC Girder Bridge","f_class_color":"#e8f674"},"geometry":{"type":"Point","coordinates":[91.0088889,22.7258333]}},
{"type":"Feature","properties":{"id":4278,"sl":6598,"map_link":"https://maps.google.com/?q=22.81333330000000000,91.10333330000000000&amp;z=8&amp;t=k","image_popup":"8088/bms/assets/uploads/images/bridges/bridge_4278/1666757954.jpg","bridge_name":"Income Chowdhury Pole Bridge","bridge_type":"RC Girder Bridge","road_no":"Z1451","zone":"Cumilla","circle":"Noakhali","division":"Noakhali","subdivision":"Noakhali","sae":"Maijdee","bridge_length_(m)":9.4,"bridge_width_(m)":4.3,"chainage_(km)":1.38,"xcoord":91.1033333,"ycoord":22.8133333,"bms_inventory":"http://bms.rhd.gov.bd:8088/bms/bridges/inventory_view/4278","bms_detail":"http://bms.rhd.gov.bd:8088/bms/bridges/detail_view/4278","keys":"[bridge_name, Bridge Name], [bridge_type,Type], [chainage_(km), Chainage (km)], [road_no, On Road], [division, Division], [subdivision, Subdivision], [bridge_length_(m), Length (m)], [bridge_width_(m), Width (m)],[map_link(=>{type:link, format:weblink}, Google Map,newtab=>),Google Map View],[bms_inventory(=>{type:link, format:weblink}, BMS Link,newtab=>), BMS Inventory],[bms_detail(=>{type:link, format:weblink},BMS Link,newtab=>), BMS Detailed View]","f_class_name":"RC Girder Bridge","f_class_color":"#e8f674"},"geometry":{"type":"Point","coordinates":[91.1033333,22.8133333]}},
{"type":"Feature","properties":{"id":4293,"sl":4006,"map_link":"https://maps.google.com/?q=22.73027780000000000,91.10472220000000000&amp;z=8&amp;t=k","image_popup":"8088/bms/assets/uploads/images/bridges/bridge_4293/1666760431.jpg","bridge_name":"Daksin Vatirtek Bridge","bridge_type":"RC Girder Bridge","road_no":"Z1451","zone":"Cumilla","circle":"Noakhali","division":"Noakhali","subdivision":"Noakhali","sae":"Maijdee","bridge_length_(m)":10.7,"bridge_width_(m)":6.5,"chainage_(km)":11.075,"xcoord":91.1047222,"ycoord":22.7302778,"bms_inventory":"http://bms.rhd.gov.bd:8088/bms/bridges/inventory_view/4293","bms_detail":"http://bms.rhd.gov.bd:8088/bms/bridges/detail_view/4293","keys":"[bridge_name, Bridge Name], [bridge_type,Type], [chainage_(km), Chainage (km)], [road_no, On Road], [division, Division], [subdivision, Subdivision], [bridge_length_(m), Length (m)], [bridge_width_(m), Width (m)],[map_link(=>{type:link, format:weblink}, Google Map,newtab=>),Google Map View],[bms_inventory(=>{type:link, format:weblink}, BMS Link,newtab=>), BMS Inventory],[bms_detail(=>{type:link, format:weblink},BMS Link,newtab=>), BMS Detailed View]","f_class_name":"RC Girder Bridge","f_class_color":"#e8f674"},"geometry":{"type":"Point","coordinates":[91.1047222,22.7302778]}},
{"type":"Feature","properties":{"id":4296,"sl":11440,"map_link":"https://maps.google.com/?q=22.69694440000000000,91.10972220000000000&amp;z=8&amp;t=k","image_popup":"8088/bms/assets/uploads/images/bridges/bridge_4296/1666760907.jpg","bridge_name":"Nurjahan Nagar Bridge","bridge_type":"RC Girder Bridge","road_no":"Z1451","zone":"Cumilla","circle":"Noakhali","division":"Noakhali","subdivision":"Noakhali","sae":"Maijdee","bridge_length_(m)":20.0,"bridge_width_(m)":7.1,"chainage_(km)":15.078,"xcoord":91.1097222,"ycoord":22.6969444,"bms_inventory":"http://bms.rhd.gov.bd:8088/bms/bridges/inventory_view/4296","bms_detail":"http://bms.rhd.gov.bd:8088/bms/bridges/detail_view/4296","keys":"[bridge_name, Bridge Name], [bridge_type,Type], [chainage_(km), Chainage (km)], [road_no, On Road], [division, Division], [subdivision, Subdivision], [bridge_length_(m), Length (m)], [bridge_width_(m), Width (m)],[map_link(=>{type:link, format:weblink}, Google Map,newtab=>),Google Map View],[bms_inventory(=>{type:link, format:weblink}, BMS Link,newtab=>), BMS Inventory],[bms_detail(=>{type:link, format:weblink},BMS Link,newtab=>), BMS Detailed View]","f_class_name":"RC Girder Bridge","f_class_color":"#e8f674"},"geometry":{"type":"Point","coordinates":[91.1097222,22.6969444]}},
{"type":"Feature","properties":{"id":4313,"sl":4005,"map_link":"https://maps.google.com/?q=23.00055560000000000,90.94250000000000000&amp;z=8&amp;t=k","image_popup":"8088/bms/assets/uploads/images/bridges/bridge_4313/1666843142.jpg","bridge_name":"Daksin Ramnarayanpur Bridge","bridge_type":"RC Girder Bridge","road_no":"Z1510","zone":"Cumilla","circle":"Noakhali","division":"Noakhali","subdivision":"Chatkhil","sae":"Chatkhil","bridge_length_(m)":7.0,"bridge_width_(m)":5.5,"chainage_(km)":17.38,"xcoord":90.9425,"ycoord":23.0005556,"bms_inventory":"http://bms.rhd.gov.bd:8088/bms/bridges/inventory_view/4313","bms_detail":"http://bms.rhd.gov.bd:8088/bms/bridges/detail_view/4313","keys":"[bridge_name, Bridge Name], [bridge_type,Type], [chainage_(km), Chainage (km)], [road_no, On Road], [division, Division], [subdivision, Subdivision], [bridge_length_(m), Length (m)], [bridge_width_(m), Width (m)],[map_link(=>{type:link, format:weblink}, Google Map,newtab=>),Google Map View],[bms_inventory(=>{type:link, format:weblink}, BMS Link,newtab=>), BMS Inventory],[bms_detail(=>{type:link, format:weblink},BMS Link,newtab=>), BMS Detailed View]","f_class_name":"RC Girder Bridge","f_class_color":"#e8f674"},"geometry":{"type":"Point","coordinates":[90.9425,23.0005556]}},
{"type":"Feature","properties":{"id":4323,"sl":8005,"map_link":"https://maps.google.com/?q=22.83166670000000000,91.10916670000000000&amp;z=8&amp;t=k","image_popup":"8088/bms/assets/uploads/images/bridges/bridge_4323/1666845422.jpg","bridge_name":"Kebaghat Bridge","bridge_type":"PC Girder Bridge","road_no":"Z1508","zone":"Cumilla","circle":"Noakhali","division":"Noakhali","subdivision":"Noakhali","sae":"SAE-Noakhali-2","bridge_length_(m)":40.3,"bridge_width_(m)":10.3,"chainage_(km)":0.7,"xcoord":91.1091667,"ycoord":22.8316667,"bms_inventory":"http://bms.rhd.gov.bd:8088/bms/bridges/inventory_view/4323","bms_detail":"http://bms.rhd.gov.bd:8088/bms/bridges/detail_view/4323","keys":"[bridge_name, Bridge Name], [bridge_type,Type], [chainage_(km), Chainage (km)], [road_no, On Road], [division, Division], [subdivision, Subdivision], [bridge_length_(m), Length (m)], [bridge_width_(m), Width (m)],[map_link(=>{type:link, format:weblink}, Google Map,newtab=>),Google Map View],[bms_inventory(=>{type:link, format:weblink}, BMS Link,newtab=>), BMS Inventory],[bms_detail(=>{type:link, format:weblink},BMS Link,newtab=>), BMS Detailed View]","f_class_name":"PC Girder Bridge","f_class_color":"#6ebed6"},"geometry":{"type":"Point","coordinates":[91.1091667,22.8316667]}},
{"type":"Feature","properties":{"id":4332,"sl":3167,"map_link":"https://maps.google.com/?q=22.80083330000000000,91.23972220000000000&amp;z=8&amp;t=k","image_popup":"8088/bms/assets/uploads/images/bridges/bridge_4332/1666846381.jpg","bridge_name":"Chaprashi Khal Bridge","bridge_type":"PC Girder Bridge","road_no":"Z1508","zone":"Cumilla","circle":"Noakhali","division":"Noakhali","subdivision":"Noakhali","sae":"SAE-Noakhali-2","bridge_length_(m)":28.1,"bridge_width_(m)":10.3,"chainage_(km)":15.48,"xcoord":91.2397222,"ycoord":22.8008333,"bms_inventory":"http://bms.rhd.gov.bd:8088/bms/bridges/inventory_view/4332","bms_detail":"http://bms.rhd.gov.bd:8088/bms/bridges/detail_view/4332","keys":"[bridge_name, Bridge Name], [bridge_type,Type], [chainage_(km), Chainage (km)], [road_no, On Road], [division, Division], [subdivision, Subdivision], [bridge_length_(m), Length (m)], [bridge_width_(m), Width (m)],[map_link(=>{type:link, format:weblink}, Google Map,newtab=>),Google Map View],[bms_inventory(=>{type:link, format:weblink}, BMS Link,newtab=>), BMS Inventory],[bms_detail(=>{type:link, format:weblink},BMS Link,newtab=>), BMS Detailed View]","f_class_name":"PC Girder Bridge","f_class_color":"#6ebed6"},"geometry":{"type":"Point","coordinates":[91.2397222,22.8008333]}},
{"type":"Feature","properties":{"id":4348,"sl":686,"map_link":"https://maps.google.com/?q=22.81138890000000000,91.32722220000000000&amp;z=8&amp;t=k","image_popup":"8088/bms/assets/uploads/images/bridges/bridge_4348/1666849043.jpg","bridge_name":"Asar Majhi Bridge","bridge_type":"RC Girder Bridge","road_no":"Z1508","zone":"Cumilla","circle":"Noakhali","division":"Noakhali","subdivision":"Noakhali","sae":"SAE-Noakhali-2","bridge_length_(m)":19.0,"bridge_width_(m)":10.2,"chainage_(km)":25.75,"xcoord":91.3272222,"ycoord":22.8113889,"bms_inventory":"http://bms.rhd.gov.bd:8088/bms/bridges/inventory_view/4348","bms_detail":"http://bms.rhd.gov.bd:8088/bms/bridges/detail_view/4348","keys":"[bridge_name, Bridge Name], [bridge_type,Type], [chainage_(km), Chainage (km)], [road_no, On Road], [division, Division], [subdivision, Subdivision], [bridge_length_(m), Length (m)], [bridge_width_(m), Width (m)],[map_link(=>{type:link, format:weblink}, Google Map,newtab=>),Google Map View],[bms_inventory(=>{type:link, format:weblink}, BMS Link,newtab=>), BMS Inventory],[bms_detail(=>{type:link, format:weblink},BMS Link,newtab=>), BMS Detailed View]","f_class_name":"RC Girder Bridge","f_class_color":"#e8f674"},"geometry":{"type":"Point","coordinates":[91.3272222,22.8113889]}},
{"type":"Feature","properties":{"id":4349,"sl":9425,"map_link":"https://maps.google.com/?q=23.06250000000000000,90.97111110000000000&amp;z=8&amp;t=k","image_popup":"8088/bms/assets/uploads/images/bridges/bridge_4349/1666849319.jpg","bridge_name":"Main goli Bridge","bridge_type":"RC Girder Bridge","road_no":"Z1510","zone":"Cumilla","circle":"Noakhali","division":"Noakhali","subdivision":"Chatkhil","sae":"Chatkhil","bridge_length_(m)":5.2,"bridge_width_(m)":4.2,"chainage_(km)":28.12,"xcoord":90.9711111,"ycoord":23.0625,"bms_inventory":"http://bms.rhd.gov.bd:8088/bms/bridges/inventory_view/4349","bms_detail":"http://bms.rhd.gov.bd:8088/bms/bridges/detail_view/4349","keys":"[bridge_name, Bridge Name], [bridge_type,Type], [chainage_(km), Chainage (km)], [road_no, On Road], [division, Division], [subdivision, Subdivision], [bridge_length_(m), Length (m)], [bridge_width_(m), Width (m)],[map_link(=>{type:link, format:weblink}, Google Map,newtab=>),Google Map View],[bms_inventory(=>{type:link, format:weblink}, BMS Link,newtab=>), BMS Inventory],[bms_detail(=>{type:link, format:weblink},BMS Link,newtab=>), BMS Detailed View]","f_class_name":"RC Girder Bridge","f_class_color":"#e8f674"},"geometry":{"type":"Point","coordinates":[90.9711111,23.0625]}},
{"type":"Feature","properties":{"id":4359,"sl":436,"map_link":"https://maps.google.com/?q=22.94444440000000000,91.03138890000000000&amp;z=8&amp;t=k","image_popup":"8088/bms/assets/uploads/images/bridges/bridge_4359/1666854027.jpg","bridge_name":"Amin Bazar Pul Bridge","bridge_type":"RC Girder Bridge","road_no":"R140","zone":"Cumilla","circle":"Noakhali","division":"Noakhali","subdivision":"Chatkhil","sae":"Begumganj","bridge_length_(m)":19.3,"bridge_width_(m)":7.8,"chainage_(km)":131.073,"xcoord":91.0313889,"ycoord":22.9444444,"bms_inventory":"http://bms.rhd.gov.bd:8088/bms/bridges/inventory_view/4359","bms_detail":"http://bms.rhd.gov.bd:8088/bms/bridges/detail_view/4359","keys":"[bridge_name, Bridge Name], [bridge_type,Type], [chainage_(km), Chainage (km)], [road_no, On Road], [division, Division], [subdivision, Subdivision], [bridge_length_(m), Length (m)], [bridge_width_(m), Width (m)],[map_link(=>{type:link, format:weblink}, Google Map,newtab=>),Google Map View],[bms_inventory(=>{type:link, format:weblink}, BMS Link,newtab=>), BMS Inventory],[bms_detail(=>{type:link, format:weblink},BMS Link,newtab=>), BMS Detailed View]","f_class_name":"RC Girder Bridge","f_class_color":"#e8f674"},"geometry":{"type":"Point","coordinates":[91.0313889,22.9444444]}},
{"type":"Feature","properties":{"id":4379,"sl":9526,"map_link":"https://maps.google.com/?q=22.93611110000000000,91.15138890000000000&amp;z=8&amp;t=k","image_popup":"8088/bms/assets/uploads/images/bridges/bridge_4379/1666857095.JPG","bridge_name":"Malkarbar Dokan Bridge","bridge_type":"Small Slab Bridge","road_no":"Z1457","zone":"Cumilla","circle":"Noakhali","division":"Noakhali","subdivision":"Chatkhil","sae":"Begumganj","bridge_length_(m)":1.0,"bridge_width_(m)":7.8,"chainage_(km)":0.0,"xcoord":91.1513889,"ycoord":22.9361111,"bms_inventory":"http://bms.rhd.gov.bd:8088/bms/bridges/inventory_view/4379","bms_detail":"http://bms.rhd.gov.bd:8088/bms/bridges/detail_view/4379","keys":"[bridge_name, Bridge Name], [bridge_type,Type], [chainage_(km), Chainage (km)], [road_no, On Road], [division, Division], [subdivision, Subdivision], [bridge_length_(m), Length (m)], [bridge_width_(m), Width (m)],[map_link(=>{type:link, format:weblink}, Google Map,newtab=>),Google Map View],[bms_inventory(=>{type:link, format:weblink}, BMS Link,newtab=>), BMS Inventory],[bms_detail(=>{type:link, format:weblink},BMS Link,newtab=>), BMS Detailed View]","f_class_name":"Small Slab Bridge","f_class_color":"#13b7dd"},"geometry":{"type":"Point","coordinates":[91.1513889,22.9361111]}},
{"type":"Feature","properties":{"id":4382,"sl":9212,"map_link":"https://maps.google.com/?q=22.94083330000000000,91.14805560000000000&amp;z=8&amp;t=k","image_popup":"8088/bms/assets/uploads/images/bridges/bridge_4382/1666857442.JPG","bridge_name":"Lokkhi Narayanpur Bridge","bridge_type":"Small Slab Bridge","road_no":"Z1457","zone":"Cumilla","circle":"Noakhali","division":"Noakhali","subdivision":"Chatkhil","sae":"Begumganj","bridge_length_(m)":4.3,"bridge_width_(m)":4.3,"chainage_(km)":0.0,"xcoord":91.1480556,"ycoord":22.9408333,"bms_inventory":"http://bms.rhd.gov.bd:8088/bms/bridges/inventory_view/4382","bms_detail":"http://bms.rhd.gov.bd:8088/bms/bridges/detail_view/4382","keys":"[bridge_name, Bridge Name], [bridge_type,Type], [chainage_(km), Chainage (km)], [road_no, On Road], [division, Division], [subdivision, Subdivision], [bridge_length_(m), Length (m)], [bridge_width_(m), Width (m)],[map_link(=>{type:link, format:weblink}, Google Map,newtab=>),Google Map View],[bms_inventory(=>{type:link, format:weblink}, BMS Link,newtab=>), BMS Inventory],[bms_detail(=>{type:link, format:weblink},BMS Link,newtab=>), BMS Detailed View]","f_class_name":"Small Slab Bridge","f_class_color":"#13b7dd"},"geometry":{"type":"Point","coordinates":[91.1480556,22.9408333]}},
{"type":"Feature","properties":{"id":4389,"sl":14679,"map_link":"https://maps.google.com/?q=22.94777780000000000,91.14694440000000000&amp;z=8&amp;t=k","image_popup":"8088/bms/assets/uploads/images/bridges/bridge_4389/1666857924.JPG","bridge_name":"Surergopal Bridge","bridge_type":"Portable Steel Bridge","road_no":"Z1457","zone":"Cumilla","circle":"Noakhali","division":"Noakhali","subdivision":"Chatkhil","sae":"Begumganj","bridge_length_(m)":15.2,"bridge_width_(m)":3.4,"chainage_(km)":0.0,"xcoord":91.1469444,"ycoord":22.9477778,"bms_inventory":"http://bms.rhd.gov.bd:8088/bms/bridges/inventory_view/4389","bms_detail":"http://bms.rhd.gov.bd:8088/bms/bridges/detail_view/4389","keys":"[bridge_name, Bridge Name], [bridge_type,Type], [chainage_(km), Chainage (km)], [road_no, On Road], [division, Division], [subdivision, Subdivision], [bridge_length_(m), Length (m)], [bridge_width_(m), Width (m)],[map_link(=>{type:link, format:weblink}, Google Map,newtab=>),Google Map View],[bms_inventory(=>{type:link, format:weblink}, BMS Link,newtab=>), BMS Inventory],[bms_detail(=>{type:link, format:weblink},BMS Link,newtab=>), BMS Detailed View]","f_class_name":"Portable Steel Bridge","f_class_color":"#29ffa4"},"geometry":{"type":"Point","coordinates":[91.1469444,22.9477778]}},
{"type":"Feature","properties":{"id":4407,"sl":10872,"map_link":"https://maps.google.com/?q=22.98888890000000000,91.13000000000000000&amp;z=8&amp;t=k","image_popup":"8088/bms/assets/uploads/images/bridges/bridge_4407/1667102527.JPG","bridge_name":"Natessor Bridge","bridge_type":"RC Girder Bridge","road_no":"Z1446","zone":"Cumilla","circle":"Noakhali","division":"Noakhali","subdivision":"Chatkhil","sae":"Begumganj","bridge_length_(m)":7.4,"bridge_width_(m)":3.65,"chainage_(km)":12.0,"xcoord":91.13,"ycoord":22.9888889,"bms_inventory":"http://bms.rhd.gov.bd:8088/bms/bridges/inventory_view/4407","bms_detail":"http://bms.rhd.gov.bd:8088/bms/bridges/detail_view/4407","keys":"[bridge_name, Bridge Name], [bridge_type,Type], [chainage_(km), Chainage (km)], [road_no, On Road], [division, Division], [subdivision, Subdivision], [bridge_length_(m), Length (m)], [bridge_width_(m), Width (m)],[map_link(=>{type:link, format:weblink}, Google Map,newtab=>),Google Map View],[bms_inventory(=>{type:link, format:weblink}, BMS Link,newtab=>), BMS Inventory],[bms_detail(=>{type:link, format:weblink},BMS Link,newtab=>), BMS Detailed View]","f_class_name":"RC Girder Bridge","f_class_color":"#e8f674"},"geometry":{"type":"Point","coordinates":[91.13,22.9888889]}},
{"type":"Feature","properties":{"id":4410,"sl":3956,"map_link":"https://maps.google.com/?q=22.99694440000000000,91.11083330000000000&amp;z=8&amp;t=k","image_popup":"8088/bms/assets/uploads/images/bridges/bridge_4410/1667103881.JPG","bridge_name":"Dai Barir Pole Bridge","bridge_type":"RC Girder Bridge","road_no":"Z1446","zone":"Cumilla","circle":"Noakhali","division":"Noakhali","subdivision":"Chatkhil","sae":"Begumganj","bridge_length_(m)":6.8,"bridge_width_(m)":4.25,"chainage_(km)":14.2,"xcoord":91.1108333,"ycoord":22.9969444,"bms_inventory":"http://bms.rhd.gov.bd:8088/bms/bridges/inventory_view/4410","bms_detail":"http://bms.rhd.gov.bd:8088/bms/bridges/detail_view/4410","keys":"[bridge_name, Bridge Name], [bridge_type,Type], [chainage_(km), Chainage (km)], [road_no, On Road], [division, Division], [subdivision, Subdivision], [bridge_length_(m), Length (m)], [bridge_width_(m), Width (m)],[map_link(=>{type:link, format:weblink}, Google Map,newtab=>),Google Map View],[bms_inventory(=>{type:link, format:weblink}, BMS Link,newtab=>), BMS Inventory],[bms_detail(=>{type:link, format:weblink},BMS Link,newtab=>), BMS Detailed View]","f_class_name":"RC Girder Bridge","f_class_color":"#e8f674"},"geometry":{"type":"Point","coordinates":[91.1108333,22.9969444]}},
{"type":"Feature","properties":{"id":4414,"sl":5811,"map_link":"https://maps.google.com/?q=22.86833330000000000,91.07472220000000000&amp;z=8&amp;t=k","image_popup":"8088/bms/assets/uploads/images/bridges/bridge_4414/1667107337.jpg","bridge_name":"Gopinathpur Slab Bridge","bridge_type":"Small Slab Bridge","road_no":"Z1429","zone":"Cumilla","circle":"Noakhali","division":"Noakhali","subdivision":"Noakhali","sae":"Maijdee","bridge_length_(m)":4.6,"bridge_width_(m)":9.8,"chainage_(km)":2.889,"xcoord":91.0747222,"ycoord":22.8683333,"bms_inventory":"http://bms.rhd.gov.bd:8088/bms/bridges/inventory_view/4414","bms_detail":"http://bms.rhd.gov.bd:8088/bms/bridges/detail_view/4414","keys":"[bridge_name, Bridge Name], [bridge_type,Type], [chainage_(km), Chainage (km)], [road_no, On Road], [division, Division], [subdivision, Subdivision], [bridge_length_(m), Length (m)], [bridge_width_(m), Width (m)],[map_link(=>{type:link, format:weblink}, Google Map,newtab=>),Google Map View],[bms_inventory(=>{type:link, format:weblink}, BMS Link,newtab=>), BMS Inventory],[bms_detail(=>{type:link, format:weblink},BMS Link,newtab=>), BMS Detailed View]","f_class_name":"Small Slab Bridge","f_class_color":"#13b7dd"},"geometry":{"type":"Point","coordinates":[91.0747222,22.8683333]}},
{"type":"Feature","properties":{"id":4431,"sl":7078,"map_link":"https://maps.google.com/?q=22.95222222222200000,91.18333333333300000&amp;z=8&amp;t=k","image_popup":"8088/bms/assets/uploads/images/bridges/bridge_4431/1667118549.jpg","bridge_name":"Jomidar haat Bazar Bridge","bridge_type":"Portable Steel Bridge","road_no":"Z1458","zone":"Cumilla","circle":"Noakhali","division":"Noakhali","subdivision":"Chatkhil","sae":"Begumganj","bridge_length_(m)":21.6,"bridge_width_(m)":3.5,"chainage_(km)":0.005,"xcoord":91.18333333,"ycoord":22.95222222,"bms_inventory":"http://bms.rhd.gov.bd:8088/bms/bridges/inventory_view/4431","bms_detail":"http://bms.rhd.gov.bd:8088/bms/bridges/detail_view/4431","keys":"[bridge_name, Bridge Name], [bridge_type,Type], [chainage_(km), Chainage (km)], [road_no, On Road], [division, Division], [subdivision, Subdivision], [bridge_length_(m), Length (m)], [bridge_width_(m), Width (m)],[map_link(=>{type:link, format:weblink}, Google Map,newtab=>),Google Map View],[bms_inventory(=>{type:link, format:weblink}, BMS Link,newtab=>), BMS Inventory],[bms_detail(=>{type:link, format:weblink},BMS Link,newtab=>), BMS Detailed View]","f_class_name":"Portable Steel Bridge","f_class_color":"#29ffa4"},"geometry":{"type":"Point","coordinates":[91.18333333,22.95222222]}},
{"type":"Feature","properties":{"id":4474,"sl":9021,"map_link":"https://maps.google.com/?q=22.94694440000000000,91.17472220000000000&amp;z=8&amp;t=k","image_popup":"8088/bms/assets/uploads/images/bridges/bridge_4474/1668318988.JPG","bridge_name":"Lalifpur Small Bridge","bridge_type":"Small Slab Bridge","road_no":"Z1456","zone":"Cumilla","circle":"Noakhali","division":"Noakhali","subdivision":"Chatkhil","sae":"Begumganj","bridge_length_(m)":4.9,"bridge_width_(m)":5.1,"chainage_(km)":5.09,"xcoord":91.1747222,"ycoord":22.9469444,"bms_inventory":"http://bms.rhd.gov.bd:8088/bms/bridges/inventory_view/4474","bms_detail":"http://bms.rhd.gov.bd:8088/bms/bridges/detail_view/4474","keys":"[bridge_name, Bridge Name], [bridge_type,Type], [chainage_(km), Chainage (km)], [road_no, On Road], [division, Division], [subdivision, Subdivision], [bridge_length_(m), Length (m)], [bridge_width_(m), Width (m)],[map_link(=>{type:link, format:weblink}, Google Map,newtab=>),Google Map View],[bms_inventory(=>{type:link, format:weblink}, BMS Link,newtab=>), BMS Inventory],[bms_detail(=>{type:link, format:weblink},BMS Link,newtab=>), BMS Detailed View]","f_class_name":"Small Slab Bridge","f_class_color":"#13b7dd"},"geometry":{"type":"Point","coordinates":[91.1747222,22.9469444]}},
{"type":"Feature","properties":{"id":4493,"sl":4923,"map_link":"https://maps.google.com/?q=22.84138890000000000,91.09805560000000000&amp;z=8&amp;t=k","image_popup":"8088/bms/assets/uploads/images/bridges/bridge_4493/1669011391.jpg","bridge_name":"Dutter Hat Bridge","bridge_type":"PC Girder Bridge","road_no":"N104","zone":"Cumilla","circle":"Noakhali","division":"Noakhali","subdivision":"Noakhali","sae":"Maijdee","bridge_length_(m)":25.0,"bridge_width_(m)":10.3,"chainage_(km)":47.78,"xcoord":91.0980556,"ycoord":22.8413889,"bms_inventory":"http://bms.rhd.gov.bd:8088/bms/bridges/inventory_view/4493","bms_detail":"http://bms.rhd.gov.bd:8088/bms/bridges/detail_view/4493","keys":"[bridge_name, Bridge Name], [bridge_type,Type], [chainage_(km), Chainage (km)], [road_no, On Road], [division, Division], [subdivision, Subdivision], [bridge_length_(m), Length (m)], [bridge_width_(m), Width (m)],[map_link(=>{type:link, format:weblink}, Google Map,newtab=>),Google Map View],[bms_inventory(=>{type:link, format:weblink}, BMS Link,newtab=>), BMS Inventory],[bms_detail(=>{type:link, format:weblink},BMS Link,newtab=>), BMS Detailed View]","f_class_name":"PC Girder Bridge","f_class_color":"#6ebed6"},"geometry":{"type":"Point","coordinates":[91.0980556,22.8413889]}},
{"type":"Feature","properties":{"id":4496,"sl":3739,"map_link":"https://maps.google.com/?q=22.94583330000000000,91.12333330000000000&amp;z=8&amp;t=k","image_popup":"8088/bms/assets/uploads/images/bridges/bridge_4496/1669012729.JPG","bridge_name":"Choumuhoni Bazar Bridge.","bridge_type":"PC Girder Bridge","road_no":"N104","zone":"Cumilla","circle":"Noakhali","division":"Noakhali","subdivision":"Chatkhil","sae":"Begumganj","bridge_length_(m)":22.0,"bridge_width_(m)":15.6,"chainage_(km)":34.9,"xcoord":91.1233333,"ycoord":22.9458333,"bms_inventory":"http://bms.rhd.gov.bd:8088/bms/bridges/inventory_view/4496","bms_detail":"http://bms.rhd.gov.bd:8088/bms/bridges/detail_view/4496","keys":"[bridge_name, Bridge Name], [bridge_type,Type], [chainage_(km), Chainage (km)], [road_no, On Road], [division, Division], [subdivision, Subdivision], [bridge_length_(m), Length (m)], [bridge_width_(m), Width (m)],[map_link(=>{type:link, format:weblink}, Google Map,newtab=>),Google Map View],[bms_inventory(=>{type:link, format:weblink}, BMS Link,newtab=>), BMS Inventory],[bms_detail(=>{type:link, format:weblink},BMS Link,newtab=>), BMS Detailed View]","f_class_name":"PC Girder Bridge","f_class_color":"#6ebed6"},"geometry":{"type":"Point","coordinates":[91.1233333,22.9458333]}},
{"type":"Feature","properties":{"id":4499,"sl":1685,"map_link":"https://maps.google.com/?q=22.94472220000000000,91.11000000000000000&amp;z=8&amp;t=k","image_popup":"8088/bms/assets/uploads/images/bridges/bridge_4499/1669013801.jpg","bridge_name":"Begumgonj Bridge","bridge_type":"PC Girder Bridge","road_no":"N104","zone":"Cumilla","circle":"Noakhali","division":"Noakhali","subdivision":"Chatkhil","sae":"Begumganj","bridge_length_(m)":43.5,"bridge_width_(m)":8.7,"chainage_(km)":35.492,"xcoord":91.11,"ycoord":22.9447222,"bms_inventory":"http://bms.rhd.gov.bd:8088/bms/bridges/inventory_view/4499","bms_detail":"http://bms.rhd.gov.bd:8088/bms/bridges/detail_view/4499","keys":"[bridge_name, Bridge Name], [bridge_type,Type], [chainage_(km), Chainage (km)], [road_no, On Road], [division, Division], [subdivision, Subdivision], [bridge_length_(m), Length (m)], [bridge_width_(m), Width (m)],[map_link(=>{type:link, format:weblink}, Google Map,newtab=>),Google Map View],[bms_inventory(=>{type:link, format:weblink}, BMS Link,newtab=>), BMS Inventory],[bms_detail(=>{type:link, format:weblink},BMS Link,newtab=>), BMS Detailed View]","f_class_name":"PC Girder Bridge","f_class_color":"#6ebed6"},"geometry":{"type":"Point","coordinates":[91.11,22.9447222]}},
{"type":"Feature","properties":{"id":4500,"sl":1686,"map_link":"https://maps.google.com/?q=22.94472220000000000,91.11000000000000000&amp;z=8&amp;t=k","image_popup":"8088/bms/assets/uploads/images/bridges/bridge_4500/1669019272.jpg","bridge_name":"Begumgonj Bridge-2","bridge_type":"PC Girder Bridge","road_no":"N104","zone":"Cumilla","circle":"Noakhali","division":"Noakhali","subdivision":"Chatkhil","sae":"Begumganj","bridge_length_(m)":43.5,"bridge_width_(m)":8.7,"chainage_(km)":35.492,"xcoord":91.11,"ycoord":22.9447222,"bms_inventory":"http://bms.rhd.gov.bd:8088/bms/bridges/inventory_view/4500","bms_detail":"http://bms.rhd.gov.bd:8088/bms/bridges/detail_view/4500","keys":"[bridge_name, Bridge Name], [bridge_type,Type], [chainage_(km), Chainage (km)], [road_no, On Road], [division, Division], [subdivision, Subdivision], [bridge_length_(m), Length (m)], [bridge_width_(m), Width (m)],[map_link(=>{type:link, format:weblink}, Google Map,newtab=>),Google Map View],[bms_inventory(=>{type:link, format:weblink}, BMS Link,newtab=>), BMS Inventory],[bms_detail(=>{type:link, format:weblink},BMS Link,newtab=>), BMS Detailed View]","f_class_name":"PC Girder Bridge","f_class_color":"#6ebed6"},"geometry":{"type":"Point","coordinates":[91.11,22.9447222]}},
{"type":"Feature","properties":{"id":4536,"sl":3090,"map_link":"https://maps.google.com/?q=22.94836670000000000,90.99074170000000000&amp;z=8&amp;t=k","image_popup":"8088/bms/assets/uploads/images/bridges/bridge_4536/1669697370.JPG","bridge_name":"Chandraganj Bridge","bridge_type":"RC Girder Bridge","road_no":"Z1426","zone":"Cumilla","circle":"Noakhali","division":"Laxmipur","subdivision":"Laxmipur","sae":"Laxmipur-1","bridge_length_(m)":6.0,"bridge_width_(m)":4.2,"chainage_(km)":12.995,"xcoord":90.9907417,"ycoord":22.9483667,"bms_inventory":"http://bms.rhd.gov.bd:8088/bms/bridges/inventory_view/4536","bms_detail":"http://bms.rhd.gov.bd:8088/bms/bridges/detail_view/4536","keys":"[bridge_name, Bridge Name], [bridge_type,Type], [chainage_(km), Chainage (km)], [road_no, On Road], [division, Division], [subdivision, Subdivision], [bridge_length_(m), Length (m)], [bridge_width_(m), Width (m)],[map_link(=>{type:link, format:weblink}, Google Map,newtab=>),Google Map View],[bms_inventory(=>{type:link, format:weblink}, BMS Link,newtab=>), BMS Inventory],[bms_detail(=>{type:link, format:weblink},BMS Link,newtab=>), BMS Detailed View]","f_class_name":"RC Girder Bridge","f_class_color":"#e8f674"},"geometry":{"type":"Point","coordinates":[90.9907417,22.9483667]}},
{"type":"Feature","properties":{"id":4537,"sl":7677,"map_link":"https://maps.google.com/?q=22.98500000000000000,90.90361110000000000&amp;z=8&amp;t=k","image_popup":"8088/bms/assets/uploads/images/bridges/bridge_4537/1669696408.JPG","bridge_name":"Kandir Uttorpar Mosque Slab Bridge","bridge_type":"Small Slab Bridge","road_no":"Z1417","zone":"Cumilla","circle":"Noakhali","division":"Laxmipur","subdivision":"Ramgonj","sae":"Ramgonj-1","bridge_length_(m)":1.4,"bridge_width_(m)":14.7,"chainage_(km)":3.19,"xcoord":90.9036111,"ycoord":22.985,"bms_inventory":"http://bms.rhd.gov.bd:8088/bms/bridges/inventory_view/4537","bms_detail":"http://bms.rhd.gov.bd:8088/bms/bridges/detail_view/4537","keys":"[bridge_name, Bridge Name], [bridge_type,Type], [chainage_(km), Chainage (km)], [road_no, On Road], [division, Division], [subdivision, Subdivision], [bridge_length_(m), Length (m)], [bridge_width_(m), Width (m)],[map_link(=>{type:link, format:weblink}, Google Map,newtab=>),Google Map View],[bms_inventory(=>{type:link, format:weblink}, BMS Link,newtab=>), BMS Inventory],[bms_detail(=>{type:link, format:weblink},BMS Link,newtab=>), BMS Detailed View]","f_class_name":"Small Slab Bridge","f_class_color":"#13b7dd"},"geometry":{"type":"Point","coordinates":[90.9036111,22.985]}},
{"type":"Feature","properties":{"id":4538,"sl":15624,"map_link":"https://maps.google.com/?q=23.12472220000000000,90.93583330000000000&amp;z=8&amp;t=k","image_popup":"8088/bms/assets/uploads/images/bridges/bridge_4538/1669696504.JPG","bridge_name":"Vatara Bazar Bridge","bridge_type":"Small Slab Bridge","road_no":"Z1417","zone":"Cumilla","circle":"Noakhali","division":"Laxmipur","subdivision":"Ramgonj","sae":"Ramgonj-1","bridge_length_(m)":1.4,"bridge_width_(m)":7.5,"chainage_(km)":2.4,"xcoord":90.9358333,"ycoord":23.1247222,"bms_inventory":"http://bms.rhd.gov.bd:8088/bms/bridges/inventory_view/4538","bms_detail":"http://bms.rhd.gov.bd:8088/bms/bridges/detail_view/4538","keys":"[bridge_name, Bridge Name], [bridge_type,Type], [chainage_(km), Chainage (km)], [road_no, On Road], [division, Division], [subdivision, Subdivision], [bridge_length_(m), Length (m)], [bridge_width_(m), Width (m)],[map_link(=>{type:link, format:weblink}, Google Map,newtab=>),Google Map View],[bms_inventory(=>{type:link, format:weblink}, BMS Link,newtab=>), BMS Inventory],[bms_detail(=>{type:link, format:weblink},BMS Link,newtab=>), BMS Detailed View]","f_class_name":"Small Slab Bridge","f_class_color":"#13b7dd"},"geometry":{"type":"Point","coordinates":[90.9358333,23.1247222]}},
{"type":"Feature","properties":{"id":4539,"sl":10166,"map_link":"https://maps.google.com/?q=23.12555560000000000,90.93527780000000000&amp;z=8&amp;t=k","image_popup":"8088/bms/assets/uploads/images/bridges/bridge_4539/1669696592.JPG","bridge_name":"Mohammadpur Slab Bridge","bridge_type":"Small Slab Bridge","road_no":"Z1417","zone":"Cumilla","circle":"Noakhali","division":"Laxmipur","subdivision":"Ramgonj","sae":"Ramgonj-1","bridge_length_(m)":1.4,"bridge_width_(m)":7.3,"chainage_(km)":2.28,"xcoord":90.9352778,"ycoord":23.1255556,"bms_inventory":"http://bms.rhd.gov.bd:8088/bms/bridges/inventory_view/4539","bms_detail":"http://bms.rhd.gov.bd:8088/bms/bridges/detail_view/4539","keys":"[bridge_name, Bridge Name], [bridge_type,Type], [chainage_(km), Chainage (km)], [road_no, On Road], [division, Division], [subdivision, Subdivision], [bridge_length_(m), Length (m)], [bridge_width_(m), Width (m)],[map_link(=>{type:link, format:weblink}, Google Map,newtab=>),Google Map View],[bms_inventory(=>{type:link, format:weblink}, BMS Link,newtab=>), BMS Inventory],[bms_detail(=>{type:link, format:weblink},BMS Link,newtab=>), BMS Detailed View]","f_class_name":"Small Slab Bridge","f_class_color":"#13b7dd"},"geometry":{"type":"Point","coordinates":[90.9352778,23.1255556]}},
{"type":"Feature","properties":{"id":4542,"sl":5291,"map_link":"https://maps.google.com/?q=23.15638890000000000,91.43305560000000000&amp;z=8&amp;t=k","image_popup":"8088/bms/assets/uploads/images/bridges/bridge_4542/1669727638.jpg","bridge_name":"Fulgaji Bazar Bridge","bridge_type":"Mixed Types Bridge","road_no":"Z1033","zone":"Cumilla","circle":"Noakhali","division":"Feni","subdivision":"Feni -2","sae":"Shuvopur","bridge_length_(m)":40.0,"bridge_width_(m)":10.2,"chainage_(km)":15.24,"xcoord":91.4330556,"ycoord":23.1563889,"bms_inventory":"http://bms.rhd.gov.bd:8088/bms/bridges/inventory_view/4542","bms_detail":"http://bms.rhd.gov.bd:8088/bms/bridges/detail_view/4542","keys":"[bridge_name, Bridge Name], [bridge_type,Type], [chainage_(km), Chainage (km)], [road_no, On Road], [division, Division], [subdivision, Subdivision], [bridge_length_(m), Length (m)], [bridge_width_(m), Width (m)],[map_link(=>{type:link, format:weblink}, Google Map,newtab=>),Google Map View],[bms_inventory(=>{type:link, format:weblink}, BMS Link,newtab=>), BMS Inventory],[bms_detail(=>{type:link, format:weblink},BMS Link,newtab=>), BMS Detailed View]","f_class_name":"Mixed Types Bridge","f_class_color":"#2edb93"},"geometry":{"type":"Point","coordinates":[91.4330556,23.1563889]}},
{"type":"Feature","properties":{"id":4543,"sl":9031,"map_link":"https://maps.google.com/?q=22.99611110000000000,91.40055560000000000&amp;z=8&amp;t=k","image_popup":"8088/bms/assets/uploads/images/bridges/bridge_4543/1669737525.jpg","bridge_name":"Lalpul Bridge","bridge_type":"Mixed Types Bridge","road_no":"N1","zone":"Cumilla","circle":"Noakhali","division":"Feni","subdivision":"Feni -1","sae":"Section 1","bridge_length_(m)":30.8,"bridge_width_(m)":12.6,"chainage_(km)":147.901,"xcoord":91.4005556,"ycoord":22.9961111,"bms_inventory":"http://bms.rhd.gov.bd:8088/bms/bridges/inventory_view/4543","bms_detail":"http://bms.rhd.gov.bd:8088/bms/bridges/detail_view/4543","keys":"[bridge_name, Bridge Name], [bridge_type,Type], [chainage_(km), Chainage (km)], [road_no, On Road], [division, Division], [subdivision, Subdivision], [bridge_length_(m), Length (m)], [bridge_width_(m), Width (m)],[map_link(=>{type:link, format:weblink}, Google Map,newtab=>),Google Map View],[bms_inventory(=>{type:link, format:weblink}, BMS Link,newtab=>), BMS Inventory],[bms_detail(=>{type:link, format:weblink},BMS Link,newtab=>), BMS Detailed View]","f_class_name":"Mixed Types Bridge","f_class_color":"#2edb93"},"geometry":{"type":"Point","coordinates":[91.4005556,22.9961111]}},
{"type":"Feature","properties":{"id":4545,"sl":5437,"map_link":"https://maps.google.com/?q=24.00166670000000000,91.10944440000000000&amp;z=8&amp;t=k","image_popup":"8088/bms/assets/uploads/images/bridges/bridge_4545/1669806328.jpg","bridge_name":"Gatura Bridge","bridge_type":"Mixed Types Bridge","road_no":"N102","zone":"Cumilla","circle":"Cumilla","division":"Brahmanbaria","subdivision":"Brahmanbaria","sae":"Brahmanbaria-2","bridge_length_(m)":19.5,"bridge_width_(m)":9.4,"chainage_(km)":78.08,"xcoord":91.1094444,"ycoord":24.0016667,"bms_inventory":"http://bms.rhd.gov.bd:8088/bms/bridges/inventory_view/4545","bms_detail":"http://bms.rhd.gov.bd:8088/bms/bridges/detail_view/4545","keys":"[bridge_name, Bridge Name], [bridge_type,Type], [chainage_(km), Chainage (km)], [road_no, On Road], [division, Division], [subdivision, Subdivision], [bridge_length_(m), Length (m)], [bridge_width_(m), Width (m)],[map_link(=>{type:link, format:weblink}, Google Map,newtab=>),Google Map View],[bms_inventory(=>{type:link, format:weblink}, BMS Link,newtab=>), BMS Inventory],[bms_detail(=>{type:link, format:weblink},BMS Link,newtab=>), BMS Detailed View]","f_class_name":"Mixed Types Bridge","f_class_color":"#2edb93"},"geometry":{"type":"Point","coordinates":[91.1094444,24.0016667]}},
{"type":"Feature","properties":{"id":4547,"sl":5092,"map_link":"https://maps.google.com/?q=23.97305560000000000,91.11111110000000000&amp;z=8&amp;t=k","image_popup":"8088/bms/assets/uploads/images/bridges/bridge_4547/1669889384.jpg","bridge_name":"Fakirapul-1","bridge_type":"Steel Girder Bridge","road_no":"N103","zone":"Cumilla","circle":"Cumilla","division":"Brahmanbaria","subdivision":"Brahmanbaria","sae":"Brahmanbaria-3","bridge_length_(m)":21.7,"bridge_width_(m)":7.0,"chainage_(km)":1.915,"xcoord":91.1111111,"ycoord":23.9730556,"bms_inventory":"http://bms.rhd.gov.bd:8088/bms/bridges/inventory_view/4547","bms_detail":"http://bms.rhd.gov.bd:8088/bms/bridges/detail_view/4547","keys":"[bridge_name, Bridge Name], [bridge_type,Type], [chainage_(km), Chainage (km)], [road_no, On Road], [division, Division], [subdivision, Subdivision], [bridge_length_(m), Length (m)], [bridge_width_(m), Width (m)],[map_link(=>{type:link, format:weblink}, Google Map,newtab=>),Google Map View],[bms_inventory(=>{type:link, format:weblink}, BMS Link,newtab=>), BMS Inventory],[bms_detail(=>{type:link, format:weblink},BMS Link,newtab=>), BMS Detailed View]","f_class_name":"Steel Girder Bridge","f_class_color":"#b15dec"},"geometry":{"type":"Point","coordinates":[91.1111111,23.9730556]}},
{"type":"Feature","properties":{"id":4551,"sl":1245,"map_link":"https://maps.google.com/?q=22.96638890000000000,90.83716670000000000&amp;z=8&amp;t=k","image_popup":"8088/bms/assets/uploads/images/bridges/bridge_4551/1669876585.jpg","bridge_name":"Banchanagar Bridge","bridge_type":"RC Girder Bridge","road_no":"Z1422","zone":"Cumilla","circle":"Noakhali","division":"Laxmipur","subdivision":"Laxmipur","sae":"Laxmipur-1","bridge_length_(m)":14.0,"bridge_width_(m)":6.3,"chainage_(km)":36.49,"xcoord":90.8371667,"ycoord":22.9663889,"bms_inventory":"http://bms.rhd.gov.bd:8088/bms/bridges/inventory_view/4551","bms_detail":"http://bms.rhd.gov.bd:8088/bms/bridges/detail_view/4551","keys":"[bridge_name, Bridge Name], [bridge_type,Type], [chainage_(km), Chainage (km)], [road_no, On Road], [division, Division], [subdivision, Subdivision], [bridge_length_(m), Length (m)], [bridge_width_(m), Width (m)],[map_link(=>{type:link, format:weblink}, Google Map,newtab=>),Google Map View],[bms_inventory(=>{type:link, format:weblink}, BMS Link,newtab=>), BMS Inventory],[bms_detail(=>{type:link, format:weblink},BMS Link,newtab=>), BMS Detailed View]","f_class_name":"RC Girder Bridge","f_class_color":"#e8f674"},"geometry":{"type":"Point","coordinates":[90.8371667,22.9663889]}},
{"type":"Feature","properties":{"id":4569,"sl":1282,"map_link":"https://maps.google.com/?q=23.02805560000000000,90.83166670000000000&amp;z=8&amp;t=k","image_popup":"8088/bms/assets/uploads/images/bridges/bridge_4569/1669880851.JPG","bridge_name":"Bangla Bazar Bridge","bridge_type":"PC Girder Bridge","road_no":"Z1422","zone":"Cumilla","circle":"Noakhali","division":"Laxmipur","subdivision":"Laxmipur","sae":"Laxmipur-1","bridge_length_(m)":25.1,"bridge_width_(m)":10.3,"chainage_(km)":27.27,"xcoord":90.8316667,"ycoord":23.0280556,"bms_inventory":"http://bms.rhd.gov.bd:8088/bms/bridges/inventory_view/4569","bms_detail":"http://bms.rhd.gov.bd:8088/bms/bridges/detail_view/4569","keys":"[bridge_name, Bridge Name], [bridge_type,Type], [chainage_(km), Chainage (km)], [road_no, On Road], [division, Division], [subdivision, Subdivision], [bridge_length_(m), Length (m)], [bridge_width_(m), Width (m)],[map_link(=>{type:link, format:weblink}, Google Map,newtab=>),Google Map View],[bms_inventory(=>{type:link, format:weblink}, BMS Link,newtab=>), BMS Inventory],[bms_detail(=>{type:link, format:weblink},BMS Link,newtab=>), BMS Detailed View]","f_class_name":"PC Girder Bridge","f_class_color":"#6ebed6"},"geometry":{"type":"Point","coordinates":[90.8316667,23.0280556]}},
{"type":"Feature","properties":{"id":4582,"sl":12582,"map_link":"https://maps.google.com/?q=23.09694440000000000,90.85777780000000000&amp;z=8&amp;t=k","image_popup":"8088/bms/assets/uploads/images/bridges/bridge_4582/1669882763.JPG","bridge_name":"Ramganj Highschool Bridge","bridge_type":"RC Girder Bridge","road_no":"Z1422","zone":"Cumilla","circle":"Noakhali","division":"Laxmipur","subdivision":"Ramgonj","sae":"Ramgonj-1","bridge_length_(m)":28.0,"bridge_width_(m)":8.65,"chainage_(km)":18.16,"xcoord":90.8577778,"ycoord":23.0969444,"bms_inventory":"http://bms.rhd.gov.bd:8088/bms/bridges/inventory_view/4582","bms_detail":"http://bms.rhd.gov.bd:8088/bms/bridges/detail_view/4582","keys":"[bridge_name, Bridge Name], [bridge_type,Type], [chainage_(km), Chainage (km)], [road_no, On Road], [division, Division], [subdivision, Subdivision], [bridge_length_(m), Length (m)], [bridge_width_(m), Width (m)],[map_link(=>{type:link, format:weblink}, Google Map,newtab=>),Google Map View],[bms_inventory(=>{type:link, format:weblink}, BMS Link,newtab=>), BMS Inventory],[bms_detail(=>{type:link, format:weblink},BMS Link,newtab=>), BMS Detailed View]","f_class_name":"RC Girder Bridge","f_class_color":"#e8f674"},"geometry":{"type":"Point","coordinates":[90.8577778,23.0969444]}},
{"type":"Feature","properties":{"id":4584,"sl":383,"map_link":"https://maps.google.com/?q=23.10944440000000000,90.86000000000000000&amp;z=8&amp;t=k","image_popup":"8088/bms/assets/uploads/images/bridges/bridge_4584/1669883673.JPG","bridge_name":"Alom Super Market Bridge","bridge_type":"RC Girder Bridge","road_no":"Z1422","zone":"Cumilla","circle":"Noakhali","division":"Laxmipur","subdivision":"Ramgonj","sae":"Ramgonj-1","bridge_length_(m)":25.0,"bridge_width_(m)":9.5,"chainage_(km)":16.41,"xcoord":90.86,"ycoord":23.1094444,"bms_inventory":"http://bms.rhd.gov.bd:8088/bms/bridges/inventory_view/4584","bms_detail":"http://bms.rhd.gov.bd:8088/bms/bridges/detail_view/4584","keys":"[bridge_name, Bridge Name], [bridge_type,Type], [chainage_(km), Chainage (km)], [road_no, On Road], [division, Division], [subdivision, Subdivision], [bridge_length_(m), Length (m)], [bridge_width_(m), Width (m)],[map_link(=>{type:link, format:weblink}, Google Map,newtab=>),Google Map View],[bms_inventory(=>{type:link, format:weblink}, BMS Link,newtab=>), BMS Inventory],[bms_detail(=>{type:link, format:weblink},BMS Link,newtab=>), BMS Detailed View]","f_class_name":"RC Girder Bridge","f_class_color":"#e8f674"},"geometry":{"type":"Point","coordinates":[90.86,23.1094444]}},
{"type":"Feature","properties":{"id":4592,"sl":8099,"map_link":"https://maps.google.com/?q=23.14333330000000000,90.86444440000000000&amp;z=8&amp;t=k","image_popup":"8088/bms/assets/uploads/images/bridges/bridge_4592/1669885378.JPG","bridge_name":"Khalifa Dorga Bridge","bridge_type":"PC Girder Bridge","road_no":"Z1422","zone":"Cumilla","circle":"Noakhali","division":"Laxmipur","subdivision":"Ramgonj","sae":"Ramgonj-1","bridge_length_(m)":31.2,"bridge_width_(m)":10.2,"chainage_(km)":12.525,"xcoord":90.8644444,"ycoord":23.1433333,"bms_inventory":"http://bms.rhd.gov.bd:8088/bms/bridges/inventory_view/4592","bms_detail":"http://bms.rhd.gov.bd:8088/bms/bridges/detail_view/4592","keys":"[bridge_name, Bridge Name], [bridge_type,Type], [chainage_(km), Chainage (km)], [road_no, On Road], [division, Division], [subdivision, Subdivision], [bridge_length_(m), Length (m)], [bridge_width_(m), Width (m)],[map_link(=>{type:link, format:weblink}, Google Map,newtab=>),Google Map View],[bms_inventory(=>{type:link, format:weblink}, BMS Link,newtab=>), BMS Inventory],[bms_detail(=>{type:link, format:weblink},BMS Link,newtab=>), BMS Detailed View]","f_class_name":"PC Girder Bridge","f_class_color":"#6ebed6"},"geometry":{"type":"Point","coordinates":[90.8644444,23.1433333]}},
{"type":"Feature","properties":{"id":4594,"sl":7902,"map_link":"https://maps.google.com/?q=23.15111110000000000,90.85972220000000000&amp;z=8&amp;t=k","image_popup":"8088/bms/assets/uploads/images/bridges/bridge_4594/1669885783.JPG","bridge_name":"Katakhalli Bridge","bridge_type":"PC Girder Bridge","road_no":"Z1422","zone":"Cumilla","circle":"Noakhali","division":"Laxmipur","subdivision":"Ramgonj","sae":"Ramgonj-1","bridge_length_(m)":31.1,"bridge_width_(m)":9.5,"chainage_(km)":11.536,"xcoord":90.8597222,"ycoord":23.1511111,"bms_inventory":"http://bms.rhd.gov.bd:8088/bms/bridges/inventory_view/4594","bms_detail":"http://bms.rhd.gov.bd:8088/bms/bridges/detail_view/4594","keys":"[bridge_name, Bridge Name], [bridge_type,Type], [chainage_(km), Chainage (km)], [road_no, On Road], [division, Division], [subdivision, Subdivision], [bridge_length_(m), Length (m)], [bridge_width_(m), Width (m)],[map_link(=>{type:link, format:weblink}, Google Map,newtab=>),Google Map View],[bms_inventory(=>{type:link, format:weblink}, BMS Link,newtab=>), BMS Inventory],[bms_detail(=>{type:link, format:weblink},BMS Link,newtab=>), BMS Detailed View]","f_class_name":"PC Girder Bridge","f_class_color":"#6ebed6"},"geometry":{"type":"Point","coordinates":[90.8597222,23.1511111]}},
{"type":"Feature","properties":{"id":4733,"sl":1578,"map_link":"https://maps.google.com/?q=23.07972220000000000,90.93305560000000000&amp;z=8&amp;t=k","image_popup":"8088/bms/assets/uploads/images/bridges/bridge_4733/1670396104.JPG","bridge_name":"Bassindur Bazar Slab Bridge","bridge_type":"Small Slab Bridge","road_no":"Z1436","zone":"Cumilla","circle":"Noakhali","division":"Laxmipur","subdivision":"Ramgonj","sae":"Ramgonj-1","bridge_length_(m)":4.9,"bridge_width_(m)":7.5,"chainage_(km)":7.11,"xcoord":90.9330556,"ycoord":23.0797222,"bms_inventory":"http://bms.rhd.gov.bd:8088/bms/bridges/inventory_view/4733","bms_detail":"http://bms.rhd.gov.bd:8088/bms/bridges/detail_view/4733","keys":"[bridge_name, Bridge Name], [bridge_type,Type], [chainage_(km), Chainage (km)], [road_no, On Road], [division, Division], [subdivision, Subdivision], [bridge_length_(m), Length (m)], [bridge_width_(m), Width (m)],[map_link(=>{type:link, format:weblink}, Google Map,newtab=>),Google Map View],[bms_inventory(=>{type:link, format:weblink}, BMS Link,newtab=>), BMS Inventory],[bms_detail(=>{type:link, format:weblink},BMS Link,newtab=>), BMS Detailed View]","f_class_name":"Small Slab Bridge","f_class_color":"#13b7dd"},"geometry":{"type":"Point","coordinates":[90.9330556,23.0797222]}},
{"type":"Feature","properties":{"id":4760,"sl":11129,"map_link":"https://maps.google.com/?q=23.07833330000000000,90.78000000000000000&amp;z=8&amp;t=k","image_popup":"8088/bms/assets/uploads/images/bridges/bridge_4760/1670480652.JPG","bridge_name":"Nolgora Slab Bridge","bridge_type":"Small Slab Bridge","road_no":"Z1466","zone":"Cumilla","circle":"Noakhali","division":"Laxmipur","subdivision":"Ramgonj","sae":"Ramgonj-1","bridge_length_(m)":1.4,"bridge_width_(m)":8.1,"chainage_(km)":1.01,"xcoord":90.78,"ycoord":23.0783333,"bms_inventory":"http://bms.rhd.gov.bd:8088/bms/bridges/inventory_view/4760","bms_detail":"http://bms.rhd.gov.bd:8088/bms/bridges/detail_view/4760","keys":"[bridge_name, Bridge Name], [bridge_type,Type], [chainage_(km), Chainage (km)], [road_no, On Road], [division, Division], [subdivision, Subdivision], [bridge_length_(m), Length (m)], [bridge_width_(m), Width (m)],[map_link(=>{type:link, format:weblink}, Google Map,newtab=>),Google Map View],[bms_inventory(=>{type:link, format:weblink}, BMS Link,newtab=>), BMS Inventory],[bms_detail(=>{type:link, format:weblink},BMS Link,newtab=>), BMS Detailed View]","f_class_name":"Small Slab Bridge","f_class_color":"#13b7dd"},"geometry":{"type":"Point","coordinates":[90.78,23.0783333]}},
{"type":"Feature","properties":{"id":4763,"sl":9637,"map_link":"https://maps.google.com/?q=23.07500000000000000,90.78916670000000000&amp;z=8&amp;t=k","image_popup":"8088/bms/assets/uploads/images/bridges/bridge_4763/1670487730.JPG","bridge_name":"Masumpur Slab Bridge","bridge_type":"Small Slab Bridge","road_no":"Z1466","zone":"Cumilla","circle":"Noakhali","division":"Laxmipur","subdivision":"Ramgonj","sae":"Ramgonj-1","bridge_length_(m)":1.4,"bridge_width_(m)":7.3,"chainage_(km)":3.3,"xcoord":90.7891667,"ycoord":23.075,"bms_inventory":"http://bms.rhd.gov.bd:8088/bms/bridges/inventory_view/4763","bms_detail":"http://bms.rhd.gov.bd:8088/bms/bridges/detail_view/4763","keys":"[bridge_name, Bridge Name], [bridge_type,Type], [chainage_(km), Chainage (km)], [road_no, On Road], [division, Division], [subdivision, Subdivision], [bridge_length_(m), Length (m)], [bridge_width_(m), Width (m)],[map_link(=>{type:link, format:weblink}, Google Map,newtab=>),Google Map View],[bms_inventory(=>{type:link, format:weblink}, BMS Link,newtab=>), BMS Inventory],[bms_detail(=>{type:link, format:weblink},BMS Link,newtab=>), BMS Detailed View]","f_class_name":"Small Slab Bridge","f_class_color":"#13b7dd"},"geometry":{"type":"Point","coordinates":[90.7891667,23.075]}},
{"type":"Feature","properties":{"id":4764,"sl":9638,"map_link":"https://maps.google.com/?q=23.07472220000000000,90.79083330000000000&amp;z=8&amp;t=k","image_popup":"8088/bms/assets/uploads/images/bridges/bridge_4764/1670488361.JPG","bridge_name":"Masumpur Slab Bridge-2","bridge_type":"Small Slab Bridge","road_no":"Z1466","zone":"Cumilla","circle":"Noakhali","division":"Laxmipur","subdivision":"Ramgonj","sae":"Ramgonj-1","bridge_length_(m)":1.4,"bridge_width_(m)":7.4,"chainage_(km)":3.4,"xcoord":90.7908333,"ycoord":23.0747222,"bms_inventory":"http://bms.rhd.gov.bd:8088/bms/bridges/inventory_view/4764","bms_detail":"http://bms.rhd.gov.bd:8088/bms/bridges/detail_view/4764","keys":"[bridge_name, Bridge Name], [bridge_type,Type], [chainage_(km), Chainage (km)], [road_no, On Road], [division, Division], [subdivision, Subdivision], [bridge_length_(m), Length (m)], [bridge_width_(m), Width (m)],[map_link(=>{type:link, format:weblink}, Google Map,newtab=>),Google Map View],[bms_inventory(=>{type:link, format:weblink}, BMS Link,newtab=>), BMS Inventory],[bms_detail(=>{type:link, format:weblink},BMS Link,newtab=>), BMS Detailed View]","f_class_name":"Small Slab Bridge","f_class_color":"#13b7dd"},"geometry":{"type":"Point","coordinates":[90.7908333,23.0747222]}},
{"type":"Feature","properties":{"id":4765,"sl":3893,"map_link":"https://maps.google.com/?q=22.93750000000000000,90.82916670000000000&amp;z=8&amp;t=k","image_popup":"8088/bms/assets/uploads/images/bridges/bridge_4765/1670488959.JPG","bridge_name":"College Road Bridge","bridge_type":"PC Girder Bridge","road_no":"R145","zone":"Cumilla","circle":"Noakhali","division":"Laxmipur","subdivision":"Laxmipur","sae":"Laxmipur-1","bridge_length_(m)":25.5,"bridge_width_(m)":10.3,"chainage_(km)":0.67,"xcoord":90.8291667,"ycoord":22.9375,"bms_inventory":"http://bms.rhd.gov.bd:8088/bms/bridges/inventory_view/4765","bms_detail":"http://bms.rhd.gov.bd:8088/bms/bridges/detail_view/4765","keys":"[bridge_name, Bridge Name], [bridge_type,Type], [chainage_(km), Chainage (km)], [road_no, On Road], [division, Division], [subdivision, Subdivision], [bridge_length_(m), Length (m)], [bridge_width_(m), Width (m)],[map_link(=>{type:link, format:weblink}, Google Map,newtab=>),Google Map View],[bms_inventory(=>{type:link, format:weblink}, BMS Link,newtab=>), BMS Inventory],[bms_detail(=>{type:link, format:weblink},BMS Link,newtab=>), BMS Detailed View]","f_class_name":"PC Girder Bridge","f_class_color":"#6ebed6"},"geometry":{"type":"Point","coordinates":[90.8291667,22.9375]}},
{"type":"Feature","properties":{"id":4766,"sl":1283,"map_link":"https://maps.google.com/?q=23.07500000000000000,90.79861110000000000&amp;z=8&amp;t=k","image_popup":"8088/bms/assets/uploads/images/bridges/bridge_4766/1670488794.JPG","bridge_name":"Bangla Bazar Bridge.","bridge_type":"RC Girder Bridge","road_no":"Z1466","zone":"Cumilla","circle":"Noakhali","division":"Laxmipur","subdivision":"Ramgonj","sae":"Ramgonj-1","bridge_length_(m)":10.7,"bridge_width_(m)":3.7,"chainage_(km)":4.462,"xcoord":90.7986111,"ycoord":23.075,"bms_inventory":"http://bms.rhd.gov.bd:8088/bms/bridges/inventory_view/4766","bms_detail":"http://bms.rhd.gov.bd:8088/bms/bridges/detail_view/4766","keys":"[bridge_name, Bridge Name], [bridge_type,Type], [chainage_(km), Chainage (km)], [road_no, On Road], [division, Division], [subdivision, Subdivision], [bridge_length_(m), Length (m)], [bridge_width_(m), Width (m)],[map_link(=>{type:link, format:weblink}, Google Map,newtab=>),Google Map View],[bms_inventory(=>{type:link, format:weblink}, BMS Link,newtab=>), BMS Inventory],[bms_detail(=>{type:link, format:weblink},BMS Link,newtab=>), BMS Detailed View]","f_class_name":"RC Girder Bridge","f_class_color":"#e8f674"},"geometry":{"type":"Point","coordinates":[90.7986111,23.075]}},
{"type":"Feature","properties":{"id":4769,"sl":14957,"map_link":"https://maps.google.com/?q=22.93250000000000000,90.81416670000000000&amp;z=8&amp;t=k","image_popup":"8088/bms/assets/uploads/images/bridges/bridge_4769/1670490374.JPG","bridge_name":"Terobeki Bazar Bridge","bridge_type":"Mixed Types Bridge","road_no":"R147","zone":"Cumilla","circle":"Noakhali","division":"Laxmipur","subdivision":"Laxmipur","sae":"Laxmipur-1","bridge_length_(m)":60.8,"bridge_width_(m)":10.3,"chainage_(km)":1.835,"xcoord":90.8141667,"ycoord":22.9325,"bms_inventory":"http://bms.rhd.gov.bd:8088/bms/bridges/inventory_view/4769","bms_detail":"http://bms.rhd.gov.bd:8088/bms/bridges/detail_view/4769","keys":"[bridge_name, Bridge Name], [bridge_type,Type], [chainage_(km), Chainage (km)], [road_no, On Road], [division, Division], [subdivision, Subdivision], [bridge_length_(m), Length (m)], [bridge_width_(m), Width (m)],[map_link(=>{type:link, format:weblink}, Google Map,newtab=>),Google Map View],[bms_inventory(=>{type:link, format:weblink}, BMS Link,newtab=>), BMS Inventory],[bms_detail(=>{type:link, format:weblink},BMS Link,newtab=>), BMS Detailed View]","f_class_name":"Mixed Types Bridge","f_class_color":"#2edb93"},"geometry":{"type":"Point","coordinates":[90.8141667,22.9325]}},
{"type":"Feature","properties":{"id":4777,"sl":1194,"map_link":"https://maps.google.com/?q=23.08813890000000000,90.88077780000000000&amp;z=8&amp;t=k","image_popup":"8088/bms/assets/uploads/images/bridges/bridge_4777/1670491809.JPG","bridge_name":"Balua Bridge","bridge_type":"RC Slab Bridge","road_no":"R142","zone":"Cumilla","circle":"Noakhali","division":"Laxmipur","subdivision":"Ramgonj","sae":"Ramgonj-1","bridge_length_(m)":18.7,"bridge_width_(m)":9.8,"chainage_(km)":35.3,"xcoord":90.8807778,"ycoord":23.0881389,"bms_inventory":"http://bms.rhd.gov.bd:8088/bms/bridges/inventory_view/4777","bms_detail":"http://bms.rhd.gov.bd:8088/bms/bridges/detail_view/4777","keys":"[bridge_name, Bridge Name], [bridge_type,Type], [chainage_(km), Chainage (km)], [road_no, On Road], [division, Division], [subdivision, Subdivision], [bridge_length_(m), Length (m)], [bridge_width_(m), Width (m)],[map_link(=>{type:link, format:weblink}, Google Map,newtab=>),Google Map View],[bms_inventory(=>{type:link, format:weblink}, BMS Link,newtab=>), BMS Inventory],[bms_detail(=>{type:link, format:weblink},BMS Link,newtab=>), BMS Detailed View]","f_class_name":"RC Slab Bridge","f_class_color":"#088afa"},"geometry":{"type":"Point","coordinates":[90.8807778,23.0881389]}},
{"type":"Feature","properties":{"id":4783,"sl":10168,"map_link":"https://maps.google.com/?q=23.12277780000000000,90.93750000000000000&amp;z=8&amp;t=k","image_popup":"8088/bms/assets/uploads/images/bridges/bridge_4783/1670735022.JPG","bridge_name":"Mohammadpurr Bridge","bridge_type":"RC Girder Bridge","road_no":"Z1437","zone":"Cumilla","circle":"Noakhali","division":"Laxmipur","subdivision":"Ramgonj","sae":"Ramgonj-1","bridge_length_(m)":9.2,"bridge_width_(m)":4.3,"chainage_(km)":0.412,"xcoord":90.9375,"ycoord":23.1227778,"bms_inventory":"http://bms.rhd.gov.bd:8088/bms/bridges/inventory_view/4783","bms_detail":"http://bms.rhd.gov.bd:8088/bms/bridges/detail_view/4783","keys":"[bridge_name, Bridge Name], [bridge_type,Type], [chainage_(km), Chainage (km)], [road_no, On Road], [division, Division], [subdivision, Subdivision], [bridge_length_(m), Length (m)], [bridge_width_(m), Width (m)],[map_link(=>{type:link, format:weblink}, Google Map,newtab=>),Google Map View],[bms_inventory(=>{type:link, format:weblink}, BMS Link,newtab=>), BMS Inventory],[bms_detail(=>{type:link, format:weblink},BMS Link,newtab=>), BMS Detailed View]","f_class_name":"RC Girder Bridge","f_class_color":"#e8f674"},"geometry":{"type":"Point","coordinates":[90.9375,23.1227778]}},
{"type":"Feature","properties":{"id":4784,"sl":11561,"map_link":"https://maps.google.com/?q=23.11277780000000000,90.92638890000000000&amp;z=8&amp;t=k","image_popup":"8088/bms/assets/uploads/images/bridges/bridge_4784/1670735354.JPG","bridge_name":"Pachrukhi School Slab Bridge","bridge_type":"Small Slab Bridge","road_no":"Z1437","zone":"Cumilla","circle":"Noakhali","division":"Laxmipur","subdivision":"Ramgonj","sae":"Ramgonj-1","bridge_length_(m)":5.5,"bridge_width_(m)":4.3,"chainage_(km)":2.215,"xcoord":90.9263889,"ycoord":23.1127778,"bms_inventory":"http://bms.rhd.gov.bd:8088/bms/bridges/inventory_view/4784","bms_detail":"http://bms.rhd.gov.bd:8088/bms/bridges/detail_view/4784","keys":"[bridge_name, Bridge Name], [bridge_type,Type], [chainage_(km), Chainage (km)], [road_no, On Road], [division, Division], [subdivision, Subdivision], [bridge_length_(m), Length (m)], [bridge_width_(m), Width (m)],[map_link(=>{type:link, format:weblink}, Google Map,newtab=>),Google Map View],[bms_inventory(=>{type:link, format:weblink}, BMS Link,newtab=>), BMS Inventory],[bms_detail(=>{type:link, format:weblink},BMS Link,newtab=>), BMS Detailed View]","f_class_name":"Small Slab Bridge","f_class_color":"#13b7dd"},"geometry":{"type":"Point","coordinates":[90.9263889,23.1127778]}},
{"type":"Feature","properties":{"id":4787,"sl":12583,"map_link":"https://maps.google.com/?q=23.09555560000000000,90.85833330000000000&amp;z=8&amp;t=k","image_popup":"8088/bms/assets/uploads/images/bridges/bridge_4787/1670742452.JPG","bridge_name":"Ramganj Shishu Park Bridge","bridge_type":"PC Girder Bridge","road_no":"Z1447","zone":"Cumilla","circle":"Noakhali","division":"Laxmipur","subdivision":"Ramgonj","sae":"Ramgonj-1","bridge_length_(m)":31.0,"bridge_width_(m)":10.4,"chainage_(km)":0.533,"xcoord":90.8583333,"ycoord":23.0955556,"bms_inventory":"http://bms.rhd.gov.bd:8088/bms/bridges/inventory_view/4787","bms_detail":"http://bms.rhd.gov.bd:8088/bms/bridges/detail_view/4787","keys":"[bridge_name, Bridge Name], [bridge_type,Type], [chainage_(km), Chainage (km)], [road_no, On Road], [division, Division], [subdivision, Subdivision], [bridge_length_(m), Length (m)], [bridge_width_(m), Width (m)],[map_link(=>{type:link, format:weblink}, Google Map,newtab=>),Google Map View],[bms_inventory(=>{type:link, format:weblink}, BMS Link,newtab=>), BMS Inventory],[bms_detail(=>{type:link, format:weblink},BMS Link,newtab=>), BMS Detailed View]","f_class_name":"PC Girder Bridge","f_class_color":"#6ebed6"},"geometry":{"type":"Point","coordinates":[90.8583333,23.0955556]}},
{"type":"Feature","properties":{"id":4788,"sl":8552,"map_link":"https://maps.google.com/?q=22.99111110000000000,90.78916670000000000&amp;z=8&amp;t=k","image_popup":"8088/bms/assets/uploads/images/bridges/bridge_4788/1673852728.JPG","bridge_name":"Kolakupa Bridge","bridge_type":"RC Girder Bridge","road_no":"Z1472","zone":"Cumilla","circle":"Noakhali","division":"Laxmipur","subdivision":"Laxmipur","sae":"Laxmipur-1","bridge_length_(m)":7.3,"bridge_width_(m)":3.65,"chainage_(km)":0.168,"xcoord":90.7891667,"ycoord":22.9911111,"bms_inventory":"http://bms.rhd.gov.bd:8088/bms/bridges/inventory_view/4788","bms_detail":"http://bms.rhd.gov.bd:8088/bms/bridges/detail_view/4788","keys":"[bridge_name, Bridge Name], [bridge_type,Type], [chainage_(km), Chainage (km)], [road_no, On Road], [division, Division], [subdivision, Subdivision], [bridge_length_(m), Length (m)], [bridge_width_(m), Width (m)],[map_link(=>{type:link, format:weblink}, Google Map,newtab=>),Google Map View],[bms_inventory(=>{type:link, format:weblink}, BMS Link,newtab=>), BMS Inventory],[bms_detail(=>{type:link, format:weblink},BMS Link,newtab=>), BMS Detailed View]","f_class_name":"RC Girder Bridge","f_class_color":"#e8f674"},"geometry":{"type":"Point","coordinates":[90.7891667,22.9911111]}},
{"type":"Feature","properties":{"id":4790,"sl":2942,"map_link":"https://maps.google.com/?q=23.00805560000000000,90.79444440000000000&amp;z=8&amp;t=k","image_popup":"8088/bms/assets/uploads/images/bridges/bridge_4790/1674046766.JPG","bridge_name":"Chaisha Bridge","bridge_type":"RC Girder Bridge","road_no":"Z1472","zone":"Cumilla","circle":"Noakhali","division":"Laxmipur","subdivision":"Laxmipur","sae":"Laxmipur-1","bridge_length_(m)":9.9,"bridge_width_(m)":4.3,"chainage_(km)":2.425,"xcoord":90.7944444,"ycoord":23.0080556,"bms_inventory":"http://bms.rhd.gov.bd:8088/bms/bridges/inventory_view/4790","bms_detail":"http://bms.rhd.gov.bd:8088/bms/bridges/detail_view/4790","keys":"[bridge_name, Bridge Name], [bridge_type,Type], [chainage_(km), Chainage (km)], [road_no, On Road], [division, Division], [subdivision, Subdivision], [bridge_length_(m), Length (m)], [bridge_width_(m), Width (m)],[map_link(=>{type:link, format:weblink}, Google Map,newtab=>),Google Map View],[bms_inventory(=>{type:link, format:weblink}, BMS Link,newtab=>), BMS Inventory],[bms_detail(=>{type:link, format:weblink},BMS Link,newtab=>), BMS Detailed View]","f_class_name":"RC Girder Bridge","f_class_color":"#e8f674"},"geometry":{"type":"Point","coordinates":[90.7944444,23.0080556]}},
{"type":"Feature","properties":{"id":4791,"sl":860,"map_link":"https://maps.google.com/?q=23.01833330000000000,90.79611110000000000&amp;z=8&amp;t=k","image_popup":"8088/bms/assets/uploads/images/bridges/bridge_4791/1674046842.JPG","bridge_name":"Babni Bridge","bridge_type":"Small Slab Bridge","road_no":"Z1472","zone":"Cumilla","circle":"Noakhali","division":"Laxmipur","subdivision":"Laxmipur","sae":"Laxmipur-1","bridge_length_(m)":1.75,"bridge_width_(m)":10.0,"chainage_(km)":3.922,"xcoord":90.7961111,"ycoord":23.0183333,"bms_inventory":"http://bms.rhd.gov.bd:8088/bms/bridges/inventory_view/4791","bms_detail":"http://bms.rhd.gov.bd:8088/bms/bridges/detail_view/4791","keys":"[bridge_name, Bridge Name], [bridge_type,Type], [chainage_(km), Chainage (km)], [road_no, On Road], [division, Division], [subdivision, Subdivision], [bridge_length_(m), Length (m)], [bridge_width_(m), Width (m)],[map_link(=>{type:link, format:weblink}, Google Map,newtab=>),Google Map View],[bms_inventory(=>{type:link, format:weblink}, BMS Link,newtab=>), BMS Inventory],[bms_detail(=>{type:link, format:weblink},BMS Link,newtab=>), BMS Detailed View]","f_class_name":"Small Slab Bridge","f_class_color":"#13b7dd"},"geometry":{"type":"Point","coordinates":[90.7961111,23.0183333]}},
{"type":"Feature","properties":{"id":4792,"sl":14160,"map_link":"https://maps.google.com/?q=23.02111110000000000,90.79833330000000000&amp;z=8&amp;t=k","image_popup":"8088/bms/assets/uploads/images/bridges/bridge_4792/1674046986.JPG","bridge_name":"Soicha Bridge","bridge_type":"Small Slab Bridge","road_no":"Z1472","zone":"Cumilla","circle":"Noakhali","division":"Laxmipur","subdivision":"Laxmipur","sae":"Laxmipur-1","bridge_length_(m)":1.45,"bridge_width_(m)":7.4,"chainage_(km)":4.56,"xcoord":90.7983333,"ycoord":23.0211111,"bms_inventory":"http://bms.rhd.gov.bd:8088/bms/bridges/inventory_view/4792","bms_detail":"http://bms.rhd.gov.bd:8088/bms/bridges/detail_view/4792","keys":"[bridge_name, Bridge Name], [bridge_type,Type], [chainage_(km), Chainage (km)], [road_no, On Road], [division, Division], [subdivision, Subdivision], [bridge_length_(m), Length (m)], [bridge_width_(m), Width (m)],[map_link(=>{type:link, format:weblink}, Google Map,newtab=>),Google Map View],[bms_inventory(=>{type:link, format:weblink}, BMS Link,newtab=>), BMS Inventory],[bms_detail(=>{type:link, format:weblink},BMS Link,newtab=>), BMS Detailed View]","f_class_name":"Small Slab Bridge","f_class_color":"#13b7dd"},"geometry":{"type":"Point","coordinates":[90.7983333,23.0211111]}},
{"type":"Feature","properties":{"id":4795,"sl":10304,"map_link":"https://maps.google.com/?q=23.03138890000000000,90.79527780000000000&amp;z=8&amp;t=k","image_popup":"8088/bms/assets/uploads/images/bridges/bridge_4795/1674047552.JPG","bridge_name":"Mollar Haat Bridge","bridge_type":"RC Girder Bridge","road_no":"Z1472","zone":"Cumilla","circle":"Noakhali","division":"Laxmipur","subdivision":"Laxmipur","sae":"Laxmipur-1","bridge_length_(m)":5.5,"bridge_width_(m)":3.7,"chainage_(km)":5.928,"xcoord":90.7952778,"ycoord":23.0313889,"bms_inventory":"http://bms.rhd.gov.bd:8088/bms/bridges/inventory_view/4795","bms_detail":"http://bms.rhd.gov.bd:8088/bms/bridges/detail_view/4795","keys":"[bridge_name, Bridge Name], [bridge_type,Type], [chainage_(km), Chainage (km)], [road_no, On Road], [division, Division], [subdivision, Subdivision], [bridge_length_(m), Length (m)], [bridge_width_(m), Width (m)],[map_link(=>{type:link, format:weblink}, Google Map,newtab=>),Google Map View],[bms_inventory(=>{type:link, format:weblink}, BMS Link,newtab=>), BMS Inventory],[bms_detail(=>{type:link, format:weblink},BMS Link,newtab=>), BMS Detailed View]","f_class_name":"RC Girder Bridge","f_class_color":"#e8f674"},"geometry":{"type":"Point","coordinates":[90.7952778,23.0313889]}},
{"type":"Feature","properties":{"id":4796,"sl":11965,"map_link":"https://maps.google.com/?q=22.90333330000000000,90.84527780000000000&amp;z=8&amp;t=k","image_popup":"8088/bms/assets/uploads/images/bridges/bridge_4796/1673781888.jpg","bridge_name":"Piyarapur Bridge","bridge_type":"PC Girder Bridge","road_no":"Z1405","zone":"Cumilla","circle":"Noakhali","division":"Laxmipur","subdivision":"Laxmipur","sae":"Laxmipur-1","bridge_length_(m)":81.1,"bridge_width_(m)":10.3,"chainage_(km)":5.598,"xcoord":90.8452778,"ycoord":22.9033333,"bms_inventory":"http://bms.rhd.gov.bd:8088/bms/bridges/inventory_view/4796","bms_detail":"http://bms.rhd.gov.bd:8088/bms/bridges/detail_view/4796","keys":"[bridge_name, Bridge Name], [bridge_type,Type], [chainage_(km), Chainage (km)], [road_no, On Road], [division, Division], [subdivision, Subdivision], [bridge_length_(m), Length (m)], [bridge_width_(m), Width (m)],[map_link(=>{type:link, format:weblink}, Google Map,newtab=>),Google Map View],[bms_inventory(=>{type:link, format:weblink}, BMS Link,newtab=>), BMS Inventory],[bms_detail(=>{type:link, format:weblink},BMS Link,newtab=>), BMS Detailed View]","f_class_name":"PC Girder Bridge","f_class_color":"#6ebed6"},"geometry":{"type":"Point","coordinates":[90.8452778,22.9033333]}},
{"type":"Feature","properties":{"id":4798,"sl":10305,"map_link":"https://maps.google.com/?q=23.03138890000000000,90.79500000000000000&amp;z=8&amp;t=k","image_popup":"8088/bms/assets/uploads/images/bridges/bridge_4798/1674047820.JPG","bridge_name":"Mollar Haat Bridge-2","bridge_type":"RC Girder Bridge","road_no":"Z1472","zone":"Cumilla","circle":"Noakhali","division":"Laxmipur","subdivision":"Laxmipur","sae":"Laxmipur-1","bridge_length_(m)":7.0,"bridge_width_(m)":6.6,"chainage_(km)":5.95,"xcoord":90.795,"ycoord":23.0313889,"bms_inventory":"http://bms.rhd.gov.bd:8088/bms/bridges/inventory_view/4798","bms_detail":"http://bms.rhd.gov.bd:8088/bms/bridges/detail_view/4798","keys":"[bridge_name, Bridge Name], [bridge_type,Type], [chainage_(km), Chainage (km)], [road_no, On Road], [division, Division], [subdivision, Subdivision], [bridge_length_(m), Length (m)], [bridge_width_(m), Width (m)],[map_link(=>{type:link, format:weblink}, Google Map,newtab=>),Google Map View],[bms_inventory(=>{type:link, format:weblink}, BMS Link,newtab=>), BMS Inventory],[bms_detail(=>{type:link, format:weblink},BMS Link,newtab=>), BMS Detailed View]","f_class_name":"RC Girder Bridge","f_class_color":"#e8f674"},"geometry":{"type":"Point","coordinates":[90.795,23.0313889]}},
{"type":"Feature","properties":{"id":4800,"sl":10306,"map_link":"https://maps.google.com/?q=23.03361110000000000,90.78916670000000000&amp;z=8&amp;t=k","image_popup":"8088/bms/assets/uploads/images/bridges/bridge_4800/1674048139.jpg","bridge_name":"Mollar Haat Bridge-3","bridge_type":"RC Girder Bridge","road_no":"Z1472","zone":"Cumilla","circle":"Noakhali","division":"Laxmipur","subdivision":"Laxmipur","sae":"Laxmipur-1","bridge_length_(m)":7.0,"bridge_width_(m)":5.5,"chainage_(km)":6.675,"xcoord":90.7891667,"ycoord":23.0336111,"bms_inventory":"http://bms.rhd.gov.bd:8088/bms/bridges/inventory_view/4800","bms_detail":"http://bms.rhd.gov.bd:8088/bms/bridges/detail_view/4800","keys":"[bridge_name, Bridge Name], [bridge_type,Type], [chainage_(km), Chainage (km)], [road_no, On Road], [division, Division], [subdivision, Subdivision], [bridge_length_(m), Length (m)], [bridge_width_(m), Width (m)],[map_link(=>{type:link, format:weblink}, Google Map,newtab=>),Google Map View],[bms_inventory(=>{type:link, format:weblink}, BMS Link,newtab=>), BMS Inventory],[bms_detail(=>{type:link, format:weblink},BMS Link,newtab=>), BMS Detailed View]","f_class_name":"RC Girder Bridge","f_class_color":"#e8f674"},"geometry":{"type":"Point","coordinates":[90.7891667,23.0336111]}},
{"type":"Feature","properties":{"id":4801,"sl":10307,"map_link":"https://maps.google.com/?q=23.03388890000000000,90.78555560000000000&amp;z=8&amp;t=k","image_popup":"8088/bms/assets/uploads/images/bridges/bridge_4801/1675321139.jpg","bridge_name":"Mollar Haat Bridge-4","bridge_type":"RC Girder Bridge","road_no":"Z1472","zone":"Cumilla","circle":"Noakhali","division":"Laxmipur","subdivision":"Laxmipur","sae":"Laxmipur-1","bridge_length_(m)":12.2,"bridge_width_(m)":5.7,"chainage_(km)":6.974,"xcoord":90.7855556,"ycoord":23.0338889,"bms_inventory":"http://bms.rhd.gov.bd:8088/bms/bridges/inventory_view/4801","bms_detail":"http://bms.rhd.gov.bd:8088/bms/bridges/detail_view/4801","keys":"[bridge_name, Bridge Name], [bridge_type,Type], [chainage_(km), Chainage (km)], [road_no, On Road], [division, Division], [subdivision, Subdivision], [bridge_length_(m), Length (m)], [bridge_width_(m), Width (m)],[map_link(=>{type:link, format:weblink}, Google Map,newtab=>),Google Map View],[bms_inventory(=>{type:link, format:weblink}, BMS Link,newtab=>), BMS Inventory],[bms_detail(=>{type:link, format:weblink},BMS Link,newtab=>), BMS Detailed View]","f_class_name":"RC Girder Bridge","f_class_color":"#e8f674"},"geometry":{"type":"Point","coordinates":[90.7855556,23.0338889]}},
{"type":"Feature","properties":{"id":4805,"sl":227,"map_link":"https://maps.google.com/?q=22.73055560000000000,90.87297220000000000&amp;z=8&amp;t=k","image_popup":"8088/bms/assets/uploads/images/bridges/bridge_4805/1673785917.JPG","bridge_name":"Aiyubnagar Bridge","bridge_type":"RC Slab Bridge","road_no":"Z1405","zone":"Cumilla","circle":"Noakhali","division":"Laxmipur","subdivision":"Laxmipur","sae":"Laxmipur-1","bridge_length_(m)":10.0,"bridge_width_(m)":9.4,"chainage_(km)":26.811,"xcoord":90.8729722,"ycoord":22.7305556,"bms_inventory":"http://bms.rhd.gov.bd:8088/bms/bridges/inventory_view/4805","bms_detail":"http://bms.rhd.gov.bd:8088/bms/bridges/detail_view/4805","keys":"[bridge_name, Bridge Name], [bridge_type,Type], [chainage_(km), Chainage (km)], [road_no, On Road], [division, Division], [subdivision, Subdivision], [bridge_length_(m), Length (m)], [bridge_width_(m), Width (m)],[map_link(=>{type:link, format:weblink}, Google Map,newtab=>),Google Map View],[bms_inventory(=>{type:link, format:weblink}, BMS Link,newtab=>), BMS Inventory],[bms_detail(=>{type:link, format:weblink},BMS Link,newtab=>), BMS Detailed View]","f_class_name":"RC Slab Bridge","f_class_color":"#088afa"},"geometry":{"type":"Point","coordinates":[90.8729722,22.7305556]}},
{"type":"Feature","properties":{"id":4811,"sl":10706,"map_link":"https://maps.google.com/?q=23.11500000000000000,90.88833330000000000&amp;z=8&amp;t=k","image_popup":"8088/bms/assets/uploads/images/bridges/bridge_4811/1673850752.JPG","bridge_name":"Nagraja Rampur Bridge","bridge_type":"Portable Steel Bridge","road_no":"Z1407","zone":"Cumilla","circle":"Noakhali","division":"Laxmipur","subdivision":"Laxmipur","sae":"Laxmipur-1","bridge_length_(m)":12.2,"bridge_width_(m)":3.5,"chainage_(km)":26.259,"xcoord":90.8883333,"ycoord":23.115,"bms_inventory":"http://bms.rhd.gov.bd:8088/bms/bridges/inventory_view/4811","bms_detail":"http://bms.rhd.gov.bd:8088/bms/bridges/detail_view/4811","keys":"[bridge_name, Bridge Name], [bridge_type,Type], [chainage_(km), Chainage (km)], [road_no, On Road], [division, Division], [subdivision, Subdivision], [bridge_length_(m), Length (m)], [bridge_width_(m), Width (m)],[map_link(=>{type:link, format:weblink}, Google Map,newtab=>),Google Map View],[bms_inventory(=>{type:link, format:weblink}, BMS Link,newtab=>), BMS Inventory],[bms_detail(=>{type:link, format:weblink},BMS Link,newtab=>), BMS Detailed View]","f_class_name":"Portable Steel Bridge","f_class_color":"#29ffa4"},"geometry":{"type":"Point","coordinates":[90.8883333,23.115]}},
{"type":"Feature","properties":{"id":4813,"sl":10703,"map_link":"https://maps.google.com/?q=23.11861110000000000,90.89527780000000000&amp;z=8&amp;t=k","image_popup":"8088/bms/assets/uploads/images/bridges/bridge_4813/1673850646.JPG","bridge_name":"Nagmud Bridge","bridge_type":"Portable Steel Bridge","road_no":"Z1407","zone":"Cumilla","circle":"Noakhali","division":"Laxmipur","subdivision":"Laxmipur","sae":"Laxmipur-1","bridge_length_(m)":9.1,"bridge_width_(m)":3.5,"chainage_(km)":25.393,"xcoord":90.8952778,"ycoord":23.1186111,"bms_inventory":"http://bms.rhd.gov.bd:8088/bms/bridges/inventory_view/4813","bms_detail":"http://bms.rhd.gov.bd:8088/bms/bridges/detail_view/4813","keys":"[bridge_name, Bridge Name], [bridge_type,Type], [chainage_(km), Chainage (km)], [road_no, On Road], [division, Division], [subdivision, Subdivision], [bridge_length_(m), Length (m)], [bridge_width_(m), Width (m)],[map_link(=>{type:link, format:weblink}, Google Map,newtab=>),Google Map View],[bms_inventory(=>{type:link, format:weblink}, BMS Link,newtab=>), BMS Inventory],[bms_detail(=>{type:link, format:weblink},BMS Link,newtab=>), BMS Detailed View]","f_class_name":"Portable Steel Bridge","f_class_color":"#29ffa4"},"geometry":{"type":"Point","coordinates":[90.8952778,23.1186111]}},
{"type":"Feature","properties":{"id":4816,"sl":12010,"map_link":"https://maps.google.com/?q=22.68641670000000000,90.91152780000000000&amp;z=8&amp;t=k","image_popup":"8088/bms/assets/uploads/images/bridges/bridge_4816/1673791532.JPG","bridge_name":"Polergora Bridge","bridge_type":"RC Slab Bridge","road_no":"Z1405","zone":"Cumilla","circle":"Noakhali","division":"Laxmipur","subdivision":"Laxmipur","sae":"Laxmipur-1","bridge_length_(m)":25.4,"bridge_width_(m)":9.5,"chainage_(km)":36.206,"xcoord":90.9115278,"ycoord":22.6864167,"bms_inventory":"http://bms.rhd.gov.bd:8088/bms/bridges/inventory_view/4816","bms_detail":"http://bms.rhd.gov.bd:8088/bms/bridges/detail_view/4816","keys":"[bridge_name, Bridge Name], [bridge_type,Type], [chainage_(km), Chainage (km)], [road_no, On Road], [division, Division], [subdivision, Subdivision], [bridge_length_(m), Length (m)], [bridge_width_(m), Width (m)],[map_link(=>{type:link, format:weblink}, Google Map,newtab=>),Google Map View],[bms_inventory(=>{type:link, format:weblink}, BMS Link,newtab=>), BMS Inventory],[bms_detail(=>{type:link, format:weblink},BMS Link,newtab=>), BMS Detailed View]","f_class_name":"RC Slab Bridge","f_class_color":"#088afa"},"geometry":{"type":"Point","coordinates":[90.9115278,22.6864167]}},
{"type":"Feature","properties":{"id":4818,"sl":15651,"map_link":"https://maps.google.com/?q=23.13944440000000000,90.92972220000000000&amp;z=8&amp;t=k","image_popup":"8088/bms/assets/uploads/images/bridges/bridge_4818/1673850286.JPG","bridge_name":"Vatra Bridge","bridge_type":"RC Girder Bridge","road_no":"Z1407","zone":"Cumilla","circle":"Noakhali","division":"Laxmipur","subdivision":"Laxmipur","sae":"Laxmipur-1","bridge_length_(m)":10.9,"bridge_width_(m)":3.6,"chainage_(km)":21.139,"xcoord":90.9297222,"ycoord":23.1394444,"bms_inventory":"http://bms.rhd.gov.bd:8088/bms/bridges/inventory_view/4818","bms_detail":"http://bms.rhd.gov.bd:8088/bms/bridges/detail_view/4818","keys":"[bridge_name, Bridge Name], [bridge_type,Type], [chainage_(km), Chainage (km)], [road_no, On Road], [division, Division], [subdivision, Subdivision], [bridge_length_(m), Length (m)], [bridge_width_(m), Width (m)],[map_link(=>{type:link, format:weblink}, Google Map,newtab=>),Google Map View],[bms_inventory(=>{type:link, format:weblink}, BMS Link,newtab=>), BMS Inventory],[bms_detail(=>{type:link, format:weblink},BMS Link,newtab=>), BMS Detailed View]","f_class_name":"RC Girder Bridge","f_class_color":"#e8f674"},"geometry":{"type":"Point","coordinates":[90.9297222,23.1394444]}},
{"type":"Feature","properties":{"id":4820,"sl":11726,"map_link":"https://maps.google.com/?q=23.13111110000000000,90.91583330000000000&amp;z=8&amp;t=k","image_popup":"8088/bms/assets/uploads/images/bridges/bridge_4820/1674053434.JPG","bridge_name":"Paniwala Bazar Bridge-2","bridge_type":"RC Girder Bridge","road_no":"Z1824","zone":"Cumilla","circle":"Noakhali","division":"Laxmipur","subdivision":"Laxmipur","sae":"Laxmipur-1","bridge_length_(m)":10.0,"bridge_width_(m)":4.7,"chainage_(km)":15.58,"xcoord":90.9158333,"ycoord":23.1311111,"bms_inventory":"http://bms.rhd.gov.bd:8088/bms/bridges/inventory_view/4820","bms_detail":"http://bms.rhd.gov.bd:8088/bms/bridges/detail_view/4820","keys":"[bridge_name, Bridge Name], [bridge_type,Type], [chainage_(km), Chainage (km)], [road_no, On Road], [division, Division], [subdivision, Subdivision], [bridge_length_(m), Length (m)], [bridge_width_(m), Width (m)],[map_link(=>{type:link, format:weblink}, Google Map,newtab=>),Google Map View],[bms_inventory(=>{type:link, format:weblink}, BMS Link,newtab=>), BMS Inventory],[bms_detail(=>{type:link, format:weblink},BMS Link,newtab=>), BMS Detailed View]","f_class_name":"RC Girder Bridge","f_class_color":"#e8f674"},"geometry":{"type":"Point","coordinates":[90.9158333,23.1311111]}},
{"type":"Feature","properties":{"id":4823,"sl":11725,"map_link":"https://maps.google.com/?q=23.13916670000000000,90.91555560000000000&amp;z=8&amp;t=k","image_popup":"8088/bms/assets/uploads/images/bridges/bridge_4823/1674053569.JPG","bridge_name":"Paniwala Bazar Bridge-1","bridge_type":"RC Girder Bridge","road_no":"Z1824","zone":"Cumilla","circle":"Noakhali","division":"Laxmipur","subdivision":"Laxmipur","sae":"Laxmipur-1","bridge_length_(m)":7.8,"bridge_width_(m)":4.45,"chainage_(km)":14.675,"xcoord":90.9155556,"ycoord":23.1391667,"bms_inventory":"http://bms.rhd.gov.bd:8088/bms/bridges/inventory_view/4823","bms_detail":"http://bms.rhd.gov.bd:8088/bms/bridges/detail_view/4823","keys":"[bridge_name, Bridge Name], [bridge_type,Type], [chainage_(km), Chainage (km)], [road_no, On Road], [division, Division], [subdivision, Subdivision], [bridge_length_(m), Length (m)], [bridge_width_(m), Width (m)],[map_link(=>{type:link, format:weblink}, Google Map,newtab=>),Google Map View],[bms_inventory(=>{type:link, format:weblink}, BMS Link,newtab=>), BMS Inventory],[bms_detail(=>{type:link, format:weblink},BMS Link,newtab=>), BMS Detailed View]","f_class_name":"RC Girder Bridge","f_class_color":"#e8f674"},"geometry":{"type":"Point","coordinates":[90.9155556,23.1391667]}},
{"type":"Feature","properties":{"id":4824,"sl":317,"map_link":"https://maps.google.com/?q=22.65250000000000000,90.91750000000000000&amp;z=8&amp;t=k","image_popup":"8088/bms/assets/uploads/images/bridges/bridge_4824/1673796203.JPG","bridge_name":"Alexandar Bridge","bridge_type":"Small Slab Bridge","road_no":"Z1405","zone":"Cumilla","circle":"Noakhali","division":"Laxmipur","subdivision":"Laxmipur","sae":"Laxmipur-1","bridge_length_(m)":1.7,"bridge_width_(m)":9.1,"chainage_(km)":40.489,"xcoord":90.9175,"ycoord":22.6525,"bms_inventory":"http://bms.rhd.gov.bd:8088/bms/bridges/inventory_view/4824","bms_detail":"http://bms.rhd.gov.bd:8088/bms/bridges/detail_view/4824","keys":"[bridge_name, Bridge Name], [bridge_type,Type], [chainage_(km), Chainage (km)], [road_no, On Road], [division, Division], [subdivision, Subdivision], [bridge_length_(m), Length (m)], [bridge_width_(m), Width (m)],[map_link(=>{type:link, format:weblink}, Google Map,newtab=>),Google Map View],[bms_inventory(=>{type:link, format:weblink}, BMS Link,newtab=>), BMS Inventory],[bms_detail(=>{type:link, format:weblink},BMS Link,newtab=>), BMS Detailed View]","f_class_name":"Small Slab Bridge","f_class_color":"#13b7dd"},"geometry":{"type":"Point","coordinates":[90.9175,22.6525]}},
{"type":"Feature","properties":{"id":4826,"sl":15784,"map_link":"https://maps.google.com/?q=22.56694440000000000,91.11500000000000000&amp;z=8&amp;t=k","image_popup":"8088/bms/assets/uploads/images/bridges/bridge_4826/1671362231.jpg","bridge_name":"Vuiyarhat Bridge","bridge_type":"RC Girder Bridge","road_no":"Z1428","zone":"Cumilla","circle":"Noakhali","division":"Noakhali","subdivision":"Noakhali","sae":"SAE-Noakhali-2","bridge_length_(m)":143.3,"bridge_width_(m)":4.3,"chainage_(km)":0.05,"xcoord":91.115,"ycoord":22.5669444,"bms_inventory":"http://bms.rhd.gov.bd:8088/bms/bridges/inventory_view/4826","bms_detail":"http://bms.rhd.gov.bd:8088/bms/bridges/detail_view/4826","keys":"[bridge_name, Bridge Name], [bridge_type,Type], [chainage_(km), Chainage (km)], [road_no, On Road], [division, Division], [subdivision, Subdivision], [bridge_length_(m), Length (m)], [bridge_width_(m), Width (m)],[map_link(=>{type:link, format:weblink}, Google Map,newtab=>),Google Map View],[bms_inventory(=>{type:link, format:weblink}, BMS Link,newtab=>), BMS Inventory],[bms_detail(=>{type:link, format:weblink},BMS Link,newtab=>), BMS Detailed View]","f_class_name":"RC Girder Bridge","f_class_color":"#e8f674"},"geometry":{"type":"Point","coordinates":[91.115,22.5669444]}},
{"type":"Feature","properties":{"id":4827,"sl":818,"map_link":"https://maps.google.com/?q=22.69916670000000000,90.99694440000000000&amp;z=8&amp;t=k","image_popup":"8088/bms/assets/uploads/images/bridges/bridge_4827/1673796947.JPG","bridge_name":"Azadnagar Bridge","bridge_type":"Mixed Types Bridge","road_no":"Z1405","zone":"Cumilla","circle":"Noakhali","division":"Laxmipur","subdivision":"Laxmipur","sae":"Laxmipur-1","bridge_length_(m)":81.2,"bridge_width_(m)":10.0,"chainage_(km)":52.15,"xcoord":90.9969444,"ycoord":22.6991667,"bms_inventory":"http://bms.rhd.gov.bd:8088/bms/bridges/inventory_view/4827","bms_detail":"http://bms.rhd.gov.bd:8088/bms/bridges/detail_view/4827","keys":"[bridge_name, Bridge Name], [bridge_type,Type], [chainage_(km), Chainage (km)], [road_no, On Road], [division, Division], [subdivision, Subdivision], [bridge_length_(m), Length (m)], [bridge_width_(m), Width (m)],[map_link(=>{type:link, format:weblink}, Google Map,newtab=>),Google Map View],[bms_inventory(=>{type:link, format:weblink}, BMS Link,newtab=>), BMS Inventory],[bms_detail(=>{type:link, format:weblink},BMS Link,newtab=>), BMS Detailed View]","f_class_name":"Mixed Types Bridge","f_class_color":"#2edb93"},"geometry":{"type":"Point","coordinates":[90.9969444,22.6991667]}},
{"type":"Feature","properties":{"id":4830,"sl":7348,"map_link":"https://maps.google.com/?q=22.53277780000000000,91.09388890000000000&amp;z=8&amp;t=k","image_popup":"8088/bms/assets/uploads/images/bridges/bridge_4830/1671364187.jpg","bridge_name":"Kajirtek Bridge","bridge_type":"RC Girder Bridge","road_no":"Z1428","zone":"Cumilla","circle":"Noakhali","division":"Noakhali","subdivision":"Noakhali","sae":"SAE-Noakhali-2","bridge_length_(m)":20.0,"bridge_width_(m)":4.5,"chainage_(km)":0.0,"xcoord":91.0938889,"ycoord":22.5327778,"bms_inventory":"http://bms.rhd.gov.bd:8088/bms/bridges/inventory_view/4830","bms_detail":"http://bms.rhd.gov.bd:8088/bms/bridges/detail_view/4830","keys":"[bridge_name, Bridge Name], [bridge_type,Type], [chainage_(km), Chainage (km)], [road_no, On Road], [division, Division], [subdivision, Subdivision], [bridge_length_(m), Length (m)], [bridge_width_(m), Width (m)],[map_link(=>{type:link, format:weblink}, Google Map,newtab=>),Google Map View],[bms_inventory(=>{type:link, format:weblink}, BMS Link,newtab=>), BMS Inventory],[bms_detail(=>{type:link, format:weblink},BMS Link,newtab=>), BMS Detailed View]","f_class_name":"RC Girder Bridge","f_class_color":"#e8f674"},"geometry":{"type":"Point","coordinates":[91.0938889,22.5327778]}},
{"type":"Feature","properties":{"id":4836,"sl":13973,"map_link":"https://maps.google.com/?q=22.93611110000000000,90.91555560000000000&amp;z=8&amp;t=k","image_popup":"8088/bms/assets/uploads/images/bridges/bridge_4836/1673852490.JPG","bridge_name":"Shorkar Dighir Par Bridge","bridge_type":"RC Girder Bridge","road_no":"Z1432","zone":"Cumilla","circle":"Noakhali","division":"Laxmipur","subdivision":"Laxmipur","sae":"Laxmipur-1","bridge_length_(m)":7.4,"bridge_width_(m)":7.1,"chainage_(km)":7.991,"xcoord":90.9155556,"ycoord":22.9361111,"bms_inventory":"http://bms.rhd.gov.bd:8088/bms/bridges/inventory_view/4836","bms_detail":"http://bms.rhd.gov.bd:8088/bms/bridges/detail_view/4836","keys":"[bridge_name, Bridge Name], [bridge_type,Type], [chainage_(km), Chainage (km)], [road_no, On Road], [division, Division], [subdivision, Subdivision], [bridge_length_(m), Length (m)], [bridge_width_(m), Width (m)],[map_link(=>{type:link, format:weblink}, Google Map,newtab=>),Google Map View],[bms_inventory(=>{type:link, format:weblink}, BMS Link,newtab=>), BMS Inventory],[bms_detail(=>{type:link, format:weblink},BMS Link,newtab=>), BMS Detailed View]","f_class_name":"RC Girder Bridge","f_class_color":"#e8f674"},"geometry":{"type":"Point","coordinates":[90.9155556,22.9361111]}},
{"type":"Feature","properties":{"id":4837,"sl":9550,"map_link":"https://maps.google.com/?q=22.94000000000000000,90.91083330000000000&amp;z=8&amp;t=k","image_popup":"8088/bms/assets/uploads/images/bridges/bridge_4837/1673852569.JPG","bridge_name":"Mandari Bazar Bridge","bridge_type":"PC Girder Bridge","road_no":"Z1432","zone":"Cumilla","circle":"Noakhali","division":"Laxmipur","subdivision":"Laxmipur","sae":"Laxmipur-1","bridge_length_(m)":28.6,"bridge_width_(m)":10.9,"chainage_(km)":8.66,"xcoord":90.9108333,"ycoord":22.94,"bms_inventory":"http://bms.rhd.gov.bd:8088/bms/bridges/inventory_view/4837","bms_detail":"http://bms.rhd.gov.bd:8088/bms/bridges/detail_view/4837","keys":"[bridge_name, Bridge Name], [bridge_type,Type], [chainage_(km), Chainage (km)], [road_no, On Road], [division, Division], [subdivision, Subdivision], [bridge_length_(m), Length (m)], [bridge_width_(m), Width (m)],[map_link(=>{type:link, format:weblink}, Google Map,newtab=>),Google Map View],[bms_inventory(=>{type:link, format:weblink}, BMS Link,newtab=>), BMS Inventory],[bms_detail(=>{type:link, format:weblink},BMS Link,newtab=>), BMS Detailed View]","f_class_name":"PC Girder Bridge","f_class_color":"#6ebed6"},"geometry":{"type":"Point","coordinates":[90.9108333,22.94]}},
{"type":"Feature","properties":{"id":4844,"sl":12435,"map_link":"https://maps.google.com/?q=23.07555560000000000,90.77111110000000000&amp;z=8&amp;t=k","image_popup":"8088/bms/assets/uploads/images/bridges/bridge_4844/1676277321.JPG","bridge_name":"Raipur Bridge.","bridge_type":"RC Girder Bridge","road_no":"R140","zone":"Cumilla","circle":"Noakhali","division":"Laxmipur","subdivision":"Laxmipur","sae":"Laxmipur-1","bridge_length_(m)":13.3,"bridge_width_(m)":9.2,"chainage_(km)":89.873,"xcoord":90.7711111,"ycoord":23.0755556,"bms_inventory":"http://bms.rhd.gov.bd:8088/bms/bridges/inventory_view/4844","bms_detail":"http://bms.rhd.gov.bd:8088/bms/bridges/detail_view/4844","keys":"[bridge_name, Bridge Name], [bridge_type,Type], [chainage_(km), Chainage (km)], [road_no, On Road], [division, Division], [subdivision, Subdivision], [bridge_length_(m), Length (m)], [bridge_width_(m), Width (m)],[map_link(=>{type:link, format:weblink}, Google Map,newtab=>),Google Map View],[bms_inventory(=>{type:link, format:weblink}, BMS Link,newtab=>), BMS Inventory],[bms_detail(=>{type:link, format:weblink},BMS Link,newtab=>), BMS Detailed View]","f_class_name":"RC Girder Bridge","f_class_color":"#e8f674"},"geometry":{"type":"Point","coordinates":[90.7711111,23.0755556]}},
{"type":"Feature","properties":{"id":4846,"sl":8092,"map_link":"https://maps.google.com/?q=23.05027780000000000,90.77333330000000000&amp;z=8&amp;t=k","image_popup":"8088/bms/assets/uploads/images/bridges/bridge_4846/1676278856.JPG","bridge_name":"Khaler Pol Bridge","bridge_type":"RC Girder Bridge","road_no":"R140","zone":"Cumilla","circle":"Noakhali","division":"Laxmipur","subdivision":"Laxmipur","sae":"Laxmipur-1","bridge_length_(m)":16.5,"bridge_width_(m)":10.3,"chainage_(km)":92.785,"xcoord":90.7733333,"ycoord":23.0502778,"bms_inventory":"http://bms.rhd.gov.bd:8088/bms/bridges/inventory_view/4846","bms_detail":"http://bms.rhd.gov.bd:8088/bms/bridges/detail_view/4846","keys":"[bridge_name, Bridge Name], [bridge_type,Type], [chainage_(km), Chainage (km)], [road_no, On Road], [division, Division], [subdivision, Subdivision], [bridge_length_(m), Length (m)], [bridge_width_(m), Width (m)],[map_link(=>{type:link, format:weblink}, Google Map,newtab=>),Google Map View],[bms_inventory(=>{type:link, format:weblink}, BMS Link,newtab=>), BMS Inventory],[bms_detail(=>{type:link, format:weblink},BMS Link,newtab=>), BMS Detailed View]","f_class_name":"RC Girder Bridge","f_class_color":"#e8f674"},"geometry":{"type":"Point","coordinates":[90.7733333,23.0502778]}},
{"type":"Feature","properties":{"id":4847,"sl":5220,"map_link":"https://maps.google.com/?q=22.86666670000000000,90.90583330000000000&amp;z=8&amp;t=k","image_popup":"8088/bms/assets/uploads/images/bridges/bridge_4847/1675753408.JPG","bridge_name":"Forgasha Small Slab Bridge","bridge_type":"Small Slab Bridge","road_no":"Z1429","zone":"Cumilla","circle":"Noakhali","division":"Laxmipur","subdivision":"Laxmipur","sae":"Laxmipur-1","bridge_length_(m)":2.0,"bridge_width_(m)":8.8,"chainage_(km)":24.1,"xcoord":90.9058333,"ycoord":22.8666667,"bms_inventory":"http://bms.rhd.gov.bd:8088/bms/bridges/inventory_view/4847","bms_detail":"http://bms.rhd.gov.bd:8088/bms/bridges/detail_view/4847","keys":"[bridge_name, Bridge Name], [bridge_type,Type], [chainage_(km), Chainage (km)], [road_no, On Road], [division, Division], [subdivision, Subdivision], [bridge_length_(m), Length (m)], [bridge_width_(m), Width (m)],[map_link(=>{type:link, format:weblink}, Google Map,newtab=>),Google Map View],[bms_inventory(=>{type:link, format:weblink}, BMS Link,newtab=>), BMS Inventory],[bms_detail(=>{type:link, format:weblink},BMS Link,newtab=>), BMS Detailed View]","f_class_name":"Small Slab Bridge","f_class_color":"#13b7dd"},"geometry":{"type":"Point","coordinates":[90.9058333,22.8666667]}},
{"type":"Feature","properties":{"id":4848,"sl":12101,"map_link":"https://maps.google.com/?q=23.04222220000000000,90.77166670000000000&amp;z=8&amp;t=k","image_popup":"8088/bms/assets/uploads/images/bridges/bridge_4848/1676279281.JPG","bridge_name":"Poschim Keroa Bridge","bridge_type":"Portable Steel Bridge","road_no":"R140","zone":"Cumilla","circle":"Noakhali","division":"Laxmipur","subdivision":"Laxmipur","sae":"Laxmipur-1","bridge_length_(m)":25.2,"bridge_width_(m)":10.6,"chainage_(km)":93.85,"xcoord":90.7716667,"ycoord":23.0422222,"bms_inventory":"http://bms.rhd.gov.bd:8088/bms/bridges/inventory_view/4848","bms_detail":"http://bms.rhd.gov.bd:8088/bms/bridges/detail_view/4848","keys":"[bridge_name, Bridge Name], [bridge_type,Type], [chainage_(km), Chainage (km)], [road_no, On Road], [division, Division], [subdivision, Subdivision], [bridge_length_(m), Length (m)], [bridge_width_(m), Width (m)],[map_link(=>{type:link, format:weblink}, Google Map,newtab=>),Google Map View],[bms_inventory(=>{type:link, format:weblink}, BMS Link,newtab=>), BMS Inventory],[bms_detail(=>{type:link, format:weblink},BMS Link,newtab=>), BMS Detailed View]","f_class_name":"Portable Steel Bridge","f_class_color":"#29ffa4"},"geometry":{"type":"Point","coordinates":[90.7716667,23.0422222]}},
{"type":"Feature","properties":{"id":4851,"sl":12438,"map_link":"https://maps.google.com/?q=23.02916670000000000,90.76333330000000000&amp;z=8&amp;t=k","image_popup":"8088/bms/assets/uploads/images/bridges/bridge_4851/1676286268.JPG","bridge_name":"Raipur Motsho Projonon Bridge","bridge_type":"PC Girder Bridge","road_no":"R140","zone":"Cumilla","circle":"Noakhali","division":"Laxmipur","subdivision":"Laxmipur","sae":"Laxmipur-1","bridge_length_(m)":25.6,"bridge_width_(m)":10.2,"chainage_(km)":95.569,"xcoord":90.7633333,"ycoord":23.0291667,"bms_inventory":"http://bms.rhd.gov.bd:8088/bms/bridges/inventory_view/4851","bms_detail":"http://bms.rhd.gov.bd:8088/bms/bridges/detail_view/4851","keys":"[bridge_name, Bridge Name], [bridge_type,Type], [chainage_(km), Chainage (km)], [road_no, On Road], [division, Division], [subdivision, Subdivision], [bridge_length_(m), Length (m)], [bridge_width_(m), Width (m)],[map_link(=>{type:link, format:weblink}, Google Map,newtab=>),Google Map View],[bms_inventory(=>{type:link, format:weblink}, BMS Link,newtab=>), BMS Inventory],[bms_detail(=>{type:link, format:weblink},BMS Link,newtab=>), BMS Detailed View]","f_class_name":"PC Girder Bridge","f_class_color":"#6ebed6"},"geometry":{"type":"Point","coordinates":[90.7633333,23.0291667]}},
{"type":"Feature","properties":{"id":4856,"sl":4016,"map_link":"https://maps.google.com/?q=22.95250000000000000,90.80888890000000000&amp;z=8&amp;t=k","image_popup":"8088/bms/assets/uploads/images/bridges/bridge_4856/1676288000.JPG","bridge_name":"Dalal Bazar Bridge","bridge_type":"RC Girder Bridge","road_no":"R140","zone":"Cumilla","circle":"Noakhali","division":"Laxmipur","subdivision":"Laxmipur","sae":"Laxmipur-1","bridge_length_(m)":29.6,"bridge_width_(m)":7.8,"chainage_(km)":106.893,"xcoord":90.8088889,"ycoord":22.9525,"bms_inventory":"http://bms.rhd.gov.bd:8088/bms/bridges/inventory_view/4856","bms_detail":"http://bms.rhd.gov.bd:8088/bms/bridges/detail_view/4856","keys":"[bridge_name, Bridge Name], [bridge_type,Type], [chainage_(km), Chainage (km)], [road_no, On Road], [division, Division], [subdivision, Subdivision], [bridge_length_(m), Length (m)], [bridge_width_(m), Width (m)],[map_link(=>{type:link, format:weblink}, Google Map,newtab=>),Google Map View],[bms_inventory(=>{type:link, format:weblink}, BMS Link,newtab=>), BMS Inventory],[bms_detail(=>{type:link, format:weblink},BMS Link,newtab=>), BMS Detailed View]","f_class_name":"RC Girder Bridge","f_class_color":"#e8f674"},"geometry":{"type":"Point","coordinates":[90.8088889,22.9525]}},
{"type":"Feature","properties":{"id":4858,"sl":2095,"map_link":"https://maps.google.com/?q=22.94555560000000000,90.81972220000000000&amp;z=8&amp;t=k","image_popup":"8088/bms/assets/img/no_picture.png","bridge_name":"Bisik kazibari Bridge","bridge_type":"Truss Bridge","road_no":"R140","zone":"Cumilla","circle":"Noakhali","division":"Laxmipur","subdivision":"Laxmipur","sae":"Laxmipur-1","bridge_length_(m)":30.1,"bridge_width_(m)":10.5,"chainage_(km)":108.739,"xcoord":90.8197222,"ycoord":22.9455556,"bms_inventory":"http://bms.rhd.gov.bd:8088/bms/bridges/inventory_view/4858","bms_detail":"http://bms.rhd.gov.bd:8088/bms/bridges/detail_view/4858","keys":"[bridge_name, Bridge Name], [bridge_type,Type], [chainage_(km), Chainage (km)], [road_no, On Road], [division, Division], [subdivision, Subdivision], [bridge_length_(m), Length (m)], [bridge_width_(m), Width (m)],[map_link(=>{type:link, format:weblink}, Google Map,newtab=>),Google Map View],[bms_inventory(=>{type:link, format:weblink}, BMS Link,newtab=>), BMS Inventory],[bms_detail(=>{type:link, format:weblink},BMS Link,newtab=>), BMS Detailed View]","f_class_name":"Truss Bridge","f_class_color":"#6470da"},"geometry":{"type":"Point","coordinates":[90.8197222,22.9455556]}},
{"type":"Feature","properties":{"id":4859,"sl":9322,"map_link":"https://maps.google.com/?q=22.94250000000000000,90.83805560000000000&amp;z=8&amp;t=k","image_popup":"8088/bms/assets/uploads/images/bridges/bridge_4859/1676288974.JPG","bridge_name":"Madam Bridge","bridge_type":"RC Girder Bridge","road_no":"R140","zone":"Cumilla","circle":"Noakhali","division":"Laxmipur","subdivision":"Laxmipur","sae":"Laxmipur-1","bridge_length_(m)":44.0,"bridge_width_(m)":8.2,"chainage_(km)":110.63,"xcoord":90.8380556,"ycoord":22.9425,"bms_inventory":"http://bms.rhd.gov.bd:8088/bms/bridges/inventory_view/4859","bms_detail":"http://bms.rhd.gov.bd:8088/bms/bridges/detail_view/4859","keys":"[bridge_name, Bridge Name], [bridge_type,Type], [chainage_(km), Chainage (km)], [road_no, On Road], [division, Division], [subdivision, Subdivision], [bridge_length_(m), Length (m)], [bridge_width_(m), Width (m)],[map_link(=>{type:link, format:weblink}, Google Map,newtab=>),Google Map View],[bms_inventory(=>{type:link, format:weblink}, BMS Link,newtab=>), BMS Inventory],[bms_detail(=>{type:link, format:weblink},BMS Link,newtab=>), BMS Detailed View]","f_class_name":"RC Girder Bridge","f_class_color":"#e8f674"},"geometry":{"type":"Point","coordinates":[90.8380556,22.9425]}},
{"type":"Feature","properties":{"id":4867,"sl":5853,"map_link":"https://maps.google.com/?q=22.94055560000000000,90.90944440000000000&amp;z=8&amp;t=k","image_popup":"8088/bms/assets/uploads/images/bridges/bridge_4867/1676289194.JPG","bridge_name":"Goru Bazar Bridge","bridge_type":"PC Girder Bridge","road_no":"R140","zone":"Cumilla","circle":"Noakhali","division":"Laxmipur","subdivision":"Laxmipur","sae":"Laxmipur-1","bridge_length_(m)":37.4,"bridge_width_(m)":9.9,"chainage_(km)":118.08,"xcoord":90.9094444,"ycoord":22.9405556,"bms_inventory":"http://bms.rhd.gov.bd:8088/bms/bridges/inventory_view/4867","bms_detail":"http://bms.rhd.gov.bd:8088/bms/bridges/detail_view/4867","keys":"[bridge_name, Bridge Name], [bridge_type,Type], [chainage_(km), Chainage (km)], [road_no, On Road], [division, Division], [subdivision, Subdivision], [bridge_length_(m), Length (m)], [bridge_width_(m), Width (m)],[map_link(=>{type:link, format:weblink}, Google Map,newtab=>),Google Map View],[bms_inventory(=>{type:link, format:weblink}, BMS Link,newtab=>), BMS Inventory],[bms_detail(=>{type:link, format:weblink},BMS Link,newtab=>), BMS Detailed View]","f_class_name":"PC Girder Bridge","f_class_color":"#6ebed6"},"geometry":{"type":"Point","coordinates":[90.9094444,22.9405556]}},
{"type":"Feature","properties":{"id":4872,"sl":3091,"map_link":"https://maps.google.com/?q=22.94759440000000000,90.99743330000000000&amp;z=8&amp;t=k","image_popup":"8088/bms/assets/uploads/images/bridges/bridge_4872/1680413601.jpeg","bridge_name":"Chandraganj Bridge.","bridge_type":"RC Girder Bridge","road_no":"R140","zone":"Cumilla","circle":"Noakhali","division":"Laxmipur","subdivision":"Laxmipur","sae":"Laxmipur-1","bridge_length_(m)":47.2,"bridge_width_(m)":8.3,"chainage_(km)":127.441,"xcoord":90.9974333,"ycoord":22.9475944,"bms_inventory":"http://bms.rhd.gov.bd:8088/bms/bridges/inventory_view/4872","bms_detail":"http://bms.rhd.gov.bd:8088/bms/bridges/detail_view/4872","keys":"[bridge_name, Bridge Name], [bridge_type,Type], [chainage_(km), Chainage (km)], [road_no, On Road], [division, Division], [subdivision, Subdivision], [bridge_length_(m), Length (m)], [bridge_width_(m), Width (m)],[map_link(=>{type:link, format:weblink}, Google Map,newtab=>),Google Map View],[bms_inventory(=>{type:link, format:weblink}, BMS Link,newtab=>), BMS Inventory],[bms_detail(=>{type:link, format:weblink},BMS Link,newtab=>), BMS Detailed View]","f_class_name":"RC Girder Bridge","f_class_color":"#e8f674"},"geometry":{"type":"Point","coordinates":[90.9974333,22.9475944]}},
{"type":"Feature","properties":{"id":4879,"sl":11449,"map_link":"https://maps.google.com/?q=22.90861110000000000,90.96472220000000000&amp;z=8&amp;t=k","image_popup":"8088/bms/assets/uploads/images/bridges/bridge_4879/1675597041.JPG","bridge_name":"Nurullahpur Bridge","bridge_type":"PC Girder Bridge","road_no":"R143","zone":"Cumilla","circle":"Noakhali","division":"Laxmipur","subdivision":"Laxmipur","sae":"Laxmipur-1","bridge_length_(m)":49.0,"bridge_width_(m)":10.3,"chainage_(km)":15.62,"xcoord":90.9647222,"ycoord":22.9086111,"bms_inventory":"http://bms.rhd.gov.bd:8088/bms/bridges/inventory_view/4879","bms_detail":"http://bms.rhd.gov.bd:8088/bms/bridges/detail_view/4879","keys":"[bridge_name, Bridge Name], [bridge_type,Type], [chainage_(km), Chainage (km)], [road_no, On Road], [division, Division], [subdivision, Subdivision], [bridge_length_(m), Length (m)], [bridge_width_(m), Width (m)],[map_link(=>{type:link, format:weblink}, Google Map,newtab=>),Google Map View],[bms_inventory(=>{type:link, format:weblink}, BMS Link,newtab=>), BMS Inventory],[bms_detail(=>{type:link, format:weblink},BMS Link,newtab=>), BMS Detailed View]","f_class_name":"PC Girder Bridge","f_class_color":"#6ebed6"},"geometry":{"type":"Point","coordinates":[90.9647222,22.9086111]}},
{"type":"Feature","properties":{"id":4884,"sl":2412,"map_link":"https://maps.google.com/?q=22.98555560000000000,90.89361110000000000&amp;z=8&amp;t=k","image_popup":"8088/bms/assets/uploads/images/bridges/bridge_4884/1675853467.JPG","bridge_name":"Boro Awlia Bridge","bridge_type":"RC Girder Bridge","road_no":"Z1510","zone":"Cumilla","circle":"Noakhali","division":"Laxmipur","subdivision":"Laxmipur","sae":"Laxmipur-1","bridge_length_(m)":4.1,"bridge_width_(m)":3.2,"chainage_(km)":990.0,"xcoord":90.8936111,"ycoord":22.9855556,"bms_inventory":"http://bms.rhd.gov.bd:8088/bms/bridges/inventory_view/4884","bms_detail":"http://bms.rhd.gov.bd:8088/bms/bridges/detail_view/4884","keys":"[bridge_name, Bridge Name], [bridge_type,Type], [chainage_(km), Chainage (km)], [road_no, On Road], [division, Division], [subdivision, Subdivision], [bridge_length_(m), Length (m)], [bridge_width_(m), Width (m)],[map_link(=>{type:link, format:weblink}, Google Map,newtab=>),Google Map View],[bms_inventory(=>{type:link, format:weblink}, BMS Link,newtab=>), BMS Inventory],[bms_detail(=>{type:link, format:weblink},BMS Link,newtab=>), BMS Detailed View]","f_class_name":"RC Girder Bridge","f_class_color":"#e8f674"},"geometry":{"type":"Point","coordinates":[90.8936111,22.9855556]}},
{"type":"Feature","properties":{"id":4897,"sl":12985,"map_link":"https://maps.google.com/?q=22.94055560000000000,90.98055560000000000&amp;z=8&amp;t=k","image_popup":"8088/bms/assets/uploads/images/bridges/bridge_4897/1675598490.JPG","bridge_name":"Sadarghor Bridge","bridge_type":"PC Girder Bridge","road_no":"R143","zone":"Cumilla","circle":"Noakhali","division":"Laxmipur","subdivision":"Laxmipur","sae":"Laxmipur-1","bridge_length_(m)":37.7,"bridge_width_(m)":10.3,"chainage_(km)":20.15,"xcoord":90.9805556,"ycoord":22.9405556,"bms_inventory":"http://bms.rhd.gov.bd:8088/bms/bridges/inventory_view/4897","bms_detail":"http://bms.rhd.gov.bd:8088/bms/bridges/detail_view/4897","keys":"[bridge_name, Bridge Name], [bridge_type,Type], [chainage_(km), Chainage (km)], [road_no, On Road], [division, Division], [subdivision, Subdivision], [bridge_length_(m), Length (m)], [bridge_width_(m), Width (m)],[map_link(=>{type:link, format:weblink}, Google Map,newtab=>),Google Map View],[bms_inventory(=>{type:link, format:weblink}, BMS Link,newtab=>), BMS Inventory],[bms_detail(=>{type:link, format:weblink},BMS Link,newtab=>), BMS Detailed View]","f_class_name":"PC Girder Bridge","f_class_color":"#6ebed6"},"geometry":{"type":"Point","coordinates":[90.9805556,22.9405556]}},
{"type":"Feature","properties":{"id":4910,"sl":4545,"map_link":"https://maps.google.com/?q=22.98277780000000000,90.87750000000000000&amp;z=8&amp;t=k","image_popup":"8088/bms/assets/uploads/images/bridges/bridge_4910/1675852676.JPG","bridge_name":"Dilshadpur-2 Bridge","bridge_type":"RC Girder Bridge","road_no":"Z1510","zone":"Cumilla","circle":"Noakhali","division":"Laxmipur","subdivision":"Laxmipur","sae":"Laxmipur-1","bridge_length_(m)":4.0,"bridge_width_(m)":3.1,"chainage_(km)":8.01,"xcoord":90.8775,"ycoord":22.9827778,"bms_inventory":"http://bms.rhd.gov.bd:8088/bms/bridges/inventory_view/4910","bms_detail":"http://bms.rhd.gov.bd:8088/bms/bridges/detail_view/4910","keys":"[bridge_name, Bridge Name], [bridge_type,Type], [chainage_(km), Chainage (km)], [road_no, On Road], [division, Division], [subdivision, Subdivision], [bridge_length_(m), Length (m)], [bridge_width_(m), Width (m)],[map_link(=>{type:link, format:weblink}, Google Map,newtab=>),Google Map View],[bms_inventory(=>{type:link, format:weblink}, BMS Link,newtab=>), BMS Inventory],[bms_detail(=>{type:link, format:weblink},BMS Link,newtab=>), BMS Detailed View]","f_class_name":"RC Girder Bridge","f_class_color":"#e8f674"},"geometry":{"type":"Point","coordinates":[90.8775,22.9827778]}},
{"type":"Feature","properties":{"id":4932,"sl":2469,"map_link":"https://maps.google.com/?q=23.44138890000000000,91.23027780000000000&amp;z=8&amp;t=k","image_popup":"8088/bms/assets/uploads/images/bridges/bridge_4932/1675197502.JPG","bridge_name":"Boro Pukurpar Bridge","bridge_type":"Small Slab Bridge","road_no":"Z1024","zone":"Cumilla","circle":"Cumilla","division":"Cumilla","subdivision":"Cumilla","sae":"Cumilla 3","bridge_length_(m)":2.5,"bridge_width_(m)":8.3,"chainage_(km)":2.5,"xcoord":91.2302778,"ycoord":23.4413889,"bms_inventory":"http://bms.rhd.gov.bd:8088/bms/bridges/inventory_view/4932","bms_detail":"http://bms.rhd.gov.bd:8088/bms/bridges/detail_view/4932","keys":"[bridge_name, Bridge Name], [bridge_type,Type], [chainage_(km), Chainage (km)], [road_no, On Road], [division, Division], [subdivision, Subdivision], [bridge_length_(m), Length (m)], [bridge_width_(m), Width (m)],[map_link(=>{type:link, format:weblink}, Google Map,newtab=>),Google Map View],[bms_inventory(=>{type:link, format:weblink}, BMS Link,newtab=>), BMS Inventory],[bms_detail(=>{type:link, format:weblink},BMS Link,newtab=>), BMS Detailed View]","f_class_name":"Small Slab Bridge","f_class_color":"#13b7dd"},"geometry":{"type":"Point","coordinates":[91.2302778,23.4413889]}},
{"type":"Feature","properties":{"id":4934,"sl":556,"map_link":"https://maps.google.com/?q=23.43833330000000000,91.23555560000000000&amp;z=8&amp;t=k","image_popup":"8088/bms/assets/uploads/images/bridges/bridge_4934/1675198761.JPG","bridge_name":"Anandapur Bridge","bridge_type":"Small Slab Bridge","road_no":"Z1024","zone":"Cumilla","circle":"Cumilla","division":"Cumilla","subdivision":"Cumilla","sae":"Cumilla 3","bridge_length_(m)":5.7,"bridge_width_(m)":7.3,"chainage_(km)":3.2,"xcoord":91.2355556,"ycoord":23.4383333,"bms_inventory":"http://bms.rhd.gov.bd:8088/bms/bridges/inventory_view/4934","bms_detail":"http://bms.rhd.gov.bd:8088/bms/bridges/detail_view/4934","keys":"[bridge_name, Bridge Name], [bridge_type,Type], [chainage_(km), Chainage (km)], [road_no, On Road], [division, Division], [subdivision, Subdivision], [bridge_length_(m), Length (m)], [bridge_width_(m), Width (m)],[map_link(=>{type:link, format:weblink}, Google Map,newtab=>),Google Map View],[bms_inventory(=>{type:link, format:weblink}, BMS Link,newtab=>), BMS Inventory],[bms_detail(=>{type:link, format:weblink},BMS Link,newtab=>), BMS Detailed View]","f_class_name":"Small Slab Bridge","f_class_color":"#13b7dd"},"geometry":{"type":"Point","coordinates":[91.2355556,23.4383333]}},
{"type":"Feature","properties":{"id":4939,"sl":9227,"map_link":"https://maps.google.com/?q=23.43000000000000000,91.24666670000000000&amp;z=8&amp;t=k","image_popup":"8088/bms/assets/img/no_picture.png","bridge_name":"Lokkhipur Bazar Bridge","bridge_type":"RC Girder Bridge","road_no":"Z1024","zone":"Cumilla","circle":"Cumilla","division":"Cumilla","subdivision":"Cumilla","sae":"Cumilla 3","bridge_length_(m)":20.0,"bridge_width_(m)":6.5,"chainage_(km)":4.655,"xcoord":91.2466667,"ycoord":23.43,"bms_inventory":"http://bms.rhd.gov.bd:8088/bms/bridges/inventory_view/4939","bms_detail":"http://bms.rhd.gov.bd:8088/bms/bridges/detail_view/4939","keys":"[bridge_name, Bridge Name], [bridge_type,Type], [chainage_(km), Chainage (km)], [road_no, On Road], [division, Division], [subdivision, Subdivision], [bridge_length_(m), Length (m)], [bridge_width_(m), Width (m)],[map_link(=>{type:link, format:weblink}, Google Map,newtab=>),Google Map View],[bms_inventory(=>{type:link, format:weblink}, BMS Link,newtab=>), BMS Inventory],[bms_detail(=>{type:link, format:weblink},BMS Link,newtab=>), BMS Detailed View]","f_class_name":"RC Girder Bridge","f_class_color":"#e8f674"},"geometry":{"type":"Point","coordinates":[91.2466667,23.43]}},
{"type":"Feature","properties":{"id":4942,"sl":9762,"map_link":"https://maps.google.com/?q=23.42138890000000000,91.25555560000000000&amp;z=8&amp;t=k","image_popup":"8088/bms/assets/uploads/images/bridges/bridge_4942/1675254885.JPG","bridge_name":"Meruyali Bridge","bridge_type":"RC Girder Bridge","road_no":"Z1024","zone":"Cumilla","circle":"Cumilla","division":"Cumilla","subdivision":"Cumilla","sae":"Cumilla 3","bridge_length_(m)":6.6,"bridge_width_(m)":3.6,"chainage_(km)":6.2,"xcoord":91.2555556,"ycoord":23.4213889,"bms_inventory":"http://bms.rhd.gov.bd:8088/bms/bridges/inventory_view/4942","bms_detail":"http://bms.rhd.gov.bd:8088/bms/bridges/detail_view/4942","keys":"[bridge_name, Bridge Name], [bridge_type,Type], [chainage_(km), Chainage (km)], [road_no, On Road], [division, Division], [subdivision, Subdivision], [bridge_length_(m), Length (m)], [bridge_width_(m), Width (m)],[map_link(=>{type:link, format:weblink}, Google Map,newtab=>),Google Map View],[bms_inventory(=>{type:link, format:weblink}, BMS Link,newtab=>), BMS Inventory],[bms_detail(=>{type:link, format:weblink},BMS Link,newtab=>), BMS Detailed View]","f_class_name":"RC Girder Bridge","f_class_color":"#e8f674"},"geometry":{"type":"Point","coordinates":[91.2555556,23.4213889]}},
{"type":"Feature","properties":{"id":4945,"sl":8625,"map_link":"https://maps.google.com/?q=23.41222220000000000,91.26333330000000000&amp;z=8&amp;t=k","image_popup":"8088/bms/assets/uploads/images/bridges/bridge_4945/1675256247.JPG","bridge_name":"Koneshtola Bazar Bridge","bridge_type":"Small Slab Bridge","road_no":"Z1024","zone":"Cumilla","circle":"Cumilla","division":"Cumilla","subdivision":"Cumilla","sae":"Cumilla 3","bridge_length_(m)":1.8,"bridge_width_(m)":5.5,"chainage_(km)":7.505,"xcoord":91.2633333,"ycoord":23.4122222,"bms_inventory":"http://bms.rhd.gov.bd:8088/bms/bridges/inventory_view/4945","bms_detail":"http://bms.rhd.gov.bd:8088/bms/bridges/detail_view/4945","keys":"[bridge_name, Bridge Name], [bridge_type,Type], [chainage_(km), Chainage (km)], [road_no, On Road], [division, Division], [subdivision, Subdivision], [bridge_length_(m), Length (m)], [bridge_width_(m), Width (m)],[map_link(=>{type:link, format:weblink}, Google Map,newtab=>),Google Map View],[bms_inventory(=>{type:link, format:weblink}, BMS Link,newtab=>), BMS Inventory],[bms_detail(=>{type:link, format:weblink},BMS Link,newtab=>), BMS Detailed View]","f_class_name":"Small Slab Bridge","f_class_color":"#13b7dd"},"geometry":{"type":"Point","coordinates":[91.2633333,23.4122222]}},
{"type":"Feature","properties":{"id":4948,"sl":4990,"map_link":"https://maps.google.com/?q=22.94694440000000000,91.17472220000000000&amp;z=8&amp;t=k","image_popup":"8088/bms/assets/uploads/images/bridges/bridge_4948/1675260407.JPG","bridge_name":"East Letifpur Bridge","bridge_type":"Small Slab Bridge","road_no":"Z1456","zone":"Cumilla","circle":"Noakhali","division":"Noakhali","subdivision":"Chatkhil","sae":"Begumganj","bridge_length_(m)":4.9,"bridge_width_(m)":5.1,"chainage_(km)":5.09,"xcoord":91.1747222,"ycoord":22.9469444,"bms_inventory":"http://bms.rhd.gov.bd:8088/bms/bridges/inventory_view/4948","bms_detail":"http://bms.rhd.gov.bd:8088/bms/bridges/detail_view/4948","keys":"[bridge_name, Bridge Name], [bridge_type,Type], [chainage_(km), Chainage (km)], [road_no, On Road], [division, Division], [subdivision, Subdivision], [bridge_length_(m), Length (m)], [bridge_width_(m), Width (m)],[map_link(=>{type:link, format:weblink}, Google Map,newtab=>),Google Map View],[bms_inventory(=>{type:link, format:weblink}, BMS Link,newtab=>), BMS Inventory],[bms_detail(=>{type:link, format:weblink},BMS Link,newtab=>), BMS Detailed View]","f_class_name":"Small Slab Bridge","f_class_color":"#13b7dd"},"geometry":{"type":"Point","coordinates":[91.1747222,22.9469444]}},
{"type":"Feature","properties":{"id":4956,"sl":3411,"map_link":"https://maps.google.com/?q=23.13000000000000000,91.27027780000000000&amp;z=8&amp;t=k","image_popup":"8088/bms/assets/uploads/images/bridges/bridge_4956/1675331948.JPG","bridge_name":"Chillpara Bridge","bridge_type":"PC Girder Bridge","road_no":"Z1048","zone":"Cumilla","circle":"Cumilla","division":"Cumilla","subdivision":"Cumilla","sae":"Cumilla 3","bridge_length_(m)":122.0,"bridge_width_(m)":5.0,"chainage_(km)":23.9,"xcoord":91.2702778,"ycoord":23.13,"bms_inventory":"http://bms.rhd.gov.bd:8088/bms/bridges/inventory_view/4956","bms_detail":"http://bms.rhd.gov.bd:8088/bms/bridges/detail_view/4956","keys":"[bridge_name, Bridge Name], [bridge_type,Type], [chainage_(km), Chainage (km)], [road_no, On Road], [division, Division], [subdivision, Subdivision], [bridge_length_(m), Length (m)], [bridge_width_(m), Width (m)],[map_link(=>{type:link, format:weblink}, Google Map,newtab=>),Google Map View],[bms_inventory(=>{type:link, format:weblink}, BMS Link,newtab=>), BMS Inventory],[bms_detail(=>{type:link, format:weblink},BMS Link,newtab=>), BMS Detailed View]","f_class_name":"PC Girder Bridge","f_class_color":"#6ebed6"},"geometry":{"type":"Point","coordinates":[91.2702778,23.13]}},
{"type":"Feature","properties":{"id":4957,"sl":10628,"map_link":"https://maps.google.com/?q=23.35583330000000000,91.18583330000000000&amp;z=8&amp;t=k","image_popup":"8088/bms/assets/uploads/images/bridges/bridge_4957/1675343591.JPG","bridge_name":"Murihatkhola Bridge","bridge_type":"RC Girder Bridge","road_no":"Z1023","zone":"Cumilla","circle":"Cumilla","division":"Cumilla","subdivision":"Cumilla","sae":"Cumilla-2","bridge_length_(m)":35.58,"bridge_width_(m)":5.3,"chainage_(km)":8.3,"xcoord":91.1858333,"ycoord":23.3558333,"bms_inventory":"http://bms.rhd.gov.bd:8088/bms/bridges/inventory_view/4957","bms_detail":"http://bms.rhd.gov.bd:8088/bms/bridges/detail_view/4957","keys":"[bridge_name, Bridge Name], [bridge_type,Type], [chainage_(km), Chainage (km)], [road_no, On Road], [division, Division], [subdivision, Subdivision], [bridge_length_(m), Length (m)], [bridge_width_(m), Width (m)],[map_link(=>{type:link, format:weblink}, Google Map,newtab=>),Google Map View],[bms_inventory(=>{type:link, format:weblink}, BMS Link,newtab=>), BMS Inventory],[bms_detail(=>{type:link, format:weblink},BMS Link,newtab=>), BMS Detailed View]","f_class_name":"RC Girder Bridge","f_class_color":"#e8f674"},"geometry":{"type":"Point","coordinates":[91.1858333,23.3558333]}},
{"type":"Feature","properties":{"id":4958,"sl":3304,"map_link":"https://maps.google.com/?q=23.22000000000000000,91.25333330000000000&amp;z=8&amp;t=k","image_popup":"8088/bms/assets/uploads/images/bridges/bridge_4958/1675351856.JPG","bridge_name":"Chatiyani Steel Bridge","bridge_type":"Portable Steel Bridge","road_no":"Z1045","zone":"Cumilla","circle":"Cumilla","division":"Cumilla","subdivision":"Cumilla","sae":"Cumilla-2","bridge_length_(m)":42.9,"bridge_width_(m)":5.6,"chainage_(km)":6.432,"xcoord":91.2533333,"ycoord":23.22,"bms_inventory":"http://bms.rhd.gov.bd:8088/bms/bridges/inventory_view/4958","bms_detail":"http://bms.rhd.gov.bd:8088/bms/bridges/detail_view/4958","keys":"[bridge_name, Bridge Name], [bridge_type,Type], [chainage_(km), Chainage (km)], [road_no, On Road], [division, Division], [subdivision, Subdivision], [bridge_length_(m), Length (m)], [bridge_width_(m), Width (m)],[map_link(=>{type:link, format:weblink}, Google Map,newtab=>),Google Map View],[bms_inventory(=>{type:link, format:weblink}, BMS Link,newtab=>), BMS Inventory],[bms_detail(=>{type:link, format:weblink},BMS Link,newtab=>), BMS Detailed View]","f_class_name":"Portable Steel Bridge","f_class_color":"#29ffa4"},"geometry":{"type":"Point","coordinates":[91.2533333,23.22]}},
{"type":"Feature","properties":{"id":4959,"sl":15743,"map_link":"https://maps.google.com/?q=23.23361110000000000,91.13611110000000000&amp;z=8&amp;t=k","image_popup":"8088/bms/assets/uploads/images/bridges/bridge_4959/1675355719.JPG","bridge_name":"Vojpara Steel Bridge","bridge_type":"Portable Steel Bridge","road_no":"Z1045","zone":"Cumilla","circle":"Cumilla","division":"Cumilla","subdivision":"Cumilla","sae":"Cumilla-2","bridge_length_(m)":12.4,"bridge_width_(m)":5.7,"chainage_(km)":19.86,"xcoord":91.1361111,"ycoord":23.2336111,"bms_inventory":"http://bms.rhd.gov.bd:8088/bms/bridges/inventory_view/4959","bms_detail":"http://bms.rhd.gov.bd:8088/bms/bridges/detail_view/4959","keys":"[bridge_name, Bridge Name], [bridge_type,Type], [chainage_(km), Chainage (km)], [road_no, On Road], [division, Division], [subdivision, Subdivision], [bridge_length_(m), Length (m)], [bridge_width_(m), Width (m)],[map_link(=>{type:link, format:weblink}, Google Map,newtab=>),Google Map View],[bms_inventory(=>{type:link, format:weblink}, BMS Link,newtab=>), BMS Inventory],[bms_detail(=>{type:link, format:weblink},BMS Link,newtab=>), BMS Detailed View]","f_class_name":"Portable Steel Bridge","f_class_color":"#29ffa4"},"geometry":{"type":"Point","coordinates":[91.1361111,23.2336111]}},
{"type":"Feature","properties":{"id":4960,"sl":12233,"map_link":"https://maps.google.com/?q=23.23805560000000000,91.12722220000000000&amp;z=8&amp;t=k","image_popup":"8088/bms/assets/uploads/images/bridges/bridge_4960/1675359408.JPG","bridge_name":"Purbo bazar Steel Bridge","bridge_type":"Portable Steel Bridge","road_no":"Z1045","zone":"Cumilla","circle":"Cumilla","division":"Cumilla","subdivision":"Cumilla","sae":"Cumilla-2","bridge_length_(m)":18.4,"bridge_width_(m)":3.8,"chainage_(km)":20.941,"xcoord":91.1272222,"ycoord":23.2380556,"bms_inventory":"http://bms.rhd.gov.bd:8088/bms/bridges/inventory_view/4960","bms_detail":"http://bms.rhd.gov.bd:8088/bms/bridges/detail_view/4960","keys":"[bridge_name, Bridge Name], [bridge_type,Type], [chainage_(km), Chainage (km)], [road_no, On Road], [division, Division], [subdivision, Subdivision], [bridge_length_(m), Length (m)], [bridge_width_(m), Width (m)],[map_link(=>{type:link, format:weblink}, Google Map,newtab=>),Google Map View],[bms_inventory(=>{type:link, format:weblink}, BMS Link,newtab=>), BMS Inventory],[bms_detail(=>{type:link, format:weblink},BMS Link,newtab=>), BMS Detailed View]","f_class_name":"Portable Steel Bridge","f_class_color":"#29ffa4"},"geometry":{"type":"Point","coordinates":[91.1272222,23.2380556]}},
{"type":"Feature","properties":{"id":4962,"sl":5761,"map_link":"https://maps.google.com/?q=23.37944440000000000,91.24166670000000000&amp;z=8&amp;t=k","image_popup":"8088/bms/assets/uploads/images/bridges/bridge_4962/1675421592.JPG","bridge_name":"Gonga Nagar Bridge","bridge_type":"Small Slab Bridge","road_no":"Z1024","zone":"Cumilla","circle":"Cumilla","division":"Cumilla","subdivision":"Cumilla","sae":"Cumilla 3","bridge_length_(m)":1.4,"bridge_width_(m)":5.5,"chainage_(km)":13.14,"xcoord":91.2416667,"ycoord":23.3794444,"bms_inventory":"http://bms.rhd.gov.bd:8088/bms/bridges/inventory_view/4962","bms_detail":"http://bms.rhd.gov.bd:8088/bms/bridges/detail_view/4962","keys":"[bridge_name, Bridge Name], [bridge_type,Type], [chainage_(km), Chainage (km)], [road_no, On Road], [division, Division], [subdivision, Subdivision], [bridge_length_(m), Length (m)], [bridge_width_(m), Width (m)],[map_link(=>{type:link, format:weblink}, Google Map,newtab=>),Google Map View],[bms_inventory(=>{type:link, format:weblink}, BMS Link,newtab=>), BMS Inventory],[bms_detail(=>{type:link, format:weblink},BMS Link,newtab=>), BMS Detailed View]","f_class_name":"Small Slab Bridge","f_class_color":"#13b7dd"},"geometry":{"type":"Point","coordinates":[91.2416667,23.3794444]}},
{"type":"Feature","properties":{"id":4963,"sl":13223,"map_link":"https://maps.google.com/?q=23.37555560000000000,91.21583330000000000&amp;z=8&amp;t=k","image_popup":"8088/bms/assets/uploads/images/bridges/bridge_4963/1675422826.JPG","bridge_name":"Satbaria Bridge","bridge_type":"Small Slab Bridge","road_no":"Z1024","zone":"Cumilla","circle":"Cumilla","division":"Cumilla","subdivision":"Cumilla","sae":"Cumilla 3","bridge_length_(m)":1.7,"bridge_width_(m)":4.3,"chainage_(km)":15.97,"xcoord":91.2158333,"ycoord":23.3755556,"bms_inventory":"http://bms.rhd.gov.bd:8088/bms/bridges/inventory_view/4963","bms_detail":"http://bms.rhd.gov.bd:8088/bms/bridges/detail_view/4963","keys":"[bridge_name, Bridge Name], [bridge_type,Type], [chainage_(km), Chainage (km)], [road_no, On Road], [division, Division], [subdivision, Subdivision], [bridge_length_(m), Length (m)], [bridge_width_(m), Width (m)],[map_link(=>{type:link, format:weblink}, Google Map,newtab=>),Google Map View],[bms_inventory(=>{type:link, format:weblink}, BMS Link,newtab=>), BMS Inventory],[bms_detail(=>{type:link, format:weblink},BMS Link,newtab=>), BMS Detailed View]","f_class_name":"Small Slab Bridge","f_class_color":"#13b7dd"},"geometry":{"type":"Point","coordinates":[91.2158333,23.3755556]}},
{"type":"Feature","properties":{"id":4965,"sl":13224,"map_link":"https://maps.google.com/?q=23.37611110000000000,91.20611110000000000&amp;z=8&amp;t=k","image_popup":"8088/bms/assets/img/no_picture.png","bridge_name":"Satbaria Bridge 2","bridge_type":"Small Slab Bridge","road_no":"Z1024","zone":"Cumilla","circle":"Cumilla","division":"Cumilla","subdivision":"Cumilla","sae":"Cumilla 3","bridge_length_(m)":2.6,"bridge_width_(m)":8.1,"chainage_(km)":16.97,"xcoord":91.2061111,"ycoord":23.3761111,"bms_inventory":"http://bms.rhd.gov.bd:8088/bms/bridges/inventory_view/4965","bms_detail":"http://bms.rhd.gov.bd:8088/bms/bridges/detail_view/4965","keys":"[bridge_name, Bridge Name], [bridge_type,Type], [chainage_(km), Chainage (km)], [road_no, On Road], [division, Division], [subdivision, Subdivision], [bridge_length_(m), Length (m)], [bridge_width_(m), Width (m)],[map_link(=>{type:link, format:weblink}, Google Map,newtab=>),Google Map View],[bms_inventory(=>{type:link, format:weblink}, BMS Link,newtab=>), BMS Inventory],[bms_detail(=>{type:link, format:weblink},BMS Link,newtab=>), BMS Detailed View]","f_class_name":"Small Slab Bridge","f_class_color":"#13b7dd"},"geometry":{"type":"Point","coordinates":[91.2061111,23.3761111]}},
{"type":"Feature","properties":{"id":4966,"sl":13220,"map_link":"https://maps.google.com/?q=23.37583330000000000,91.20500000000000000&amp;z=8&amp;t=k","image_popup":"8088/bms/assets/uploads/images/bridges/bridge_4966/1675424086.jpg","bridge_name":"Satbaria Boro Bridge","bridge_type":"RC Girder Bridge","road_no":"Z1024","zone":"Cumilla","circle":"Cumilla","division":"Cumilla","subdivision":"Cumilla","sae":"Cumilla 3","bridge_length_(m)":45.0,"bridge_width_(m)":3.7,"chainage_(km)":17.08,"xcoord":91.205,"ycoord":23.3758333,"bms_inventory":"http://bms.rhd.gov.bd:8088/bms/bridges/inventory_view/4966","bms_detail":"http://bms.rhd.gov.bd:8088/bms/bridges/detail_view/4966","keys":"[bridge_name, Bridge Name], [bridge_type,Type], [chainage_(km), Chainage (km)], [road_no, On Road], [division, Division], [subdivision, Subdivision], [bridge_length_(m), Length (m)], [bridge_width_(m), Width (m)],[map_link(=>{type:link, format:weblink}, Google Map,newtab=>),Google Map View],[bms_inventory(=>{type:link, format:weblink}, BMS Link,newtab=>), BMS Inventory],[bms_detail(=>{type:link, format:weblink},BMS Link,newtab=>), BMS Detailed View]","f_class_name":"RC Girder Bridge","f_class_color":"#e8f674"},"geometry":{"type":"Point","coordinates":[91.205,23.3758333]}},
{"type":"Feature","properties":{"id":4973,"sl":12560,"map_link":"https://maps.google.com/?q=23.38777780000000000,91.17166670000000000&amp;z=8&amp;t=k","image_popup":"8088/bms/assets/uploads/images/bridges/bridge_4973/1675427826.jpg","bridge_name":"Ramchandrapur Bridge","bridge_type":"Small Slab Bridge","road_no":"Z1024","zone":"Cumilla","circle":"Cumilla","division":"Cumilla","subdivision":"Cumilla","sae":"Cumilla 3","bridge_length_(m)":2.0,"bridge_width_(m)":4.2,"chainage_(km)":21.0,"xcoord":91.1716667,"ycoord":23.3877778,"bms_inventory":"http://bms.rhd.gov.bd:8088/bms/bridges/inventory_view/4973","bms_detail":"http://bms.rhd.gov.bd:8088/bms/bridges/detail_view/4973","keys":"[bridge_name, Bridge Name], [bridge_type,Type], [chainage_(km), Chainage (km)], [road_no, On Road], [division, Division], [subdivision, Subdivision], [bridge_length_(m), Length (m)], [bridge_width_(m), Width (m)],[map_link(=>{type:link, format:weblink}, Google Map,newtab=>),Google Map View],[bms_inventory(=>{type:link, format:weblink}, BMS Link,newtab=>), BMS Inventory],[bms_detail(=>{type:link, format:weblink},BMS Link,newtab=>), BMS Detailed View]","f_class_name":"Small Slab Bridge","f_class_color":"#13b7dd"},"geometry":{"type":"Point","coordinates":[91.1716667,23.3877778]}},
{"type":"Feature","properties":{"id":4975,"sl":314,"map_link":"https://maps.google.com/?q=23.38750000000000000,91.16777780000000000&amp;z=8&amp;t=k","image_popup":"8088/bms/assets/uploads/images/bridges/bridge_4975/1675428227.jpg","bridge_name":"Alekdiar Bridge","bridge_type":"Small Slab Bridge","road_no":"Z1024","zone":"Cumilla","circle":"Cumilla","division":"Cumilla","subdivision":"Cumilla","sae":"Cumilla 3","bridge_length_(m)":1.1,"bridge_width_(m)":4.3,"chainage_(km)":21.45,"xcoord":91.1677778,"ycoord":23.3875,"bms_inventory":"http://bms.rhd.gov.bd:8088/bms/bridges/inventory_view/4975","bms_detail":"http://bms.rhd.gov.bd:8088/bms/bridges/detail_view/4975","keys":"[bridge_name, Bridge Name], [bridge_type,Type], [chainage_(km), Chainage (km)], [road_no, On Road], [division, Division], [subdivision, Subdivision], [bridge_length_(m), Length (m)], [bridge_width_(m), Width (m)],[map_link(=>{type:link, format:weblink}, Google Map,newtab=>),Google Map View],[bms_inventory(=>{type:link, format:weblink}, BMS Link,newtab=>), BMS Inventory],[bms_detail(=>{type:link, format:weblink},BMS Link,newtab=>), BMS Detailed View]","f_class_name":"Small Slab Bridge","f_class_color":"#13b7dd"},"geometry":{"type":"Point","coordinates":[91.1677778,23.3875]}},
{"type":"Feature","properties":{"id":4978,"sl":1980,"map_link":"https://maps.google.com/?q=23.38500000000000000,91.16166670000000000&amp;z=8&amp;t=k","image_popup":"8088/bms/assets/uploads/images/bridges/bridge_4978/1675428983.jpg","bridge_name":"Bijoypur Bazar Bridge","bridge_type":"Small Slab Bridge","road_no":"Z1024","zone":"Cumilla","circle":"Cumilla","division":"Cumilla","subdivision":"Cumilla","sae":"Cumilla 3","bridge_length_(m)":1.3,"bridge_width_(m)":6.4,"chainage_(km)":23.3,"xcoord":91.1616667,"ycoord":23.385,"bms_inventory":"http://bms.rhd.gov.bd:8088/bms/bridges/inventory_view/4978","bms_detail":"http://bms.rhd.gov.bd:8088/bms/bridges/detail_view/4978","keys":"[bridge_name, Bridge Name], [bridge_type,Type], [chainage_(km), Chainage (km)], [road_no, On Road], [division, Division], [subdivision, Subdivision], [bridge_length_(m), Length (m)], [bridge_width_(m), Width (m)],[map_link(=>{type:link, format:weblink}, Google Map,newtab=>),Google Map View],[bms_inventory(=>{type:link, format:weblink}, BMS Link,newtab=>), BMS Inventory],[bms_detail(=>{type:link, format:weblink},BMS Link,newtab=>), BMS Detailed View]","f_class_name":"Small Slab Bridge","f_class_color":"#13b7dd"},"geometry":{"type":"Point","coordinates":[91.1616667,23.385]}},
{"type":"Feature","properties":{"id":4982,"sl":8420,"map_link":"https://maps.google.com/?q=23.14500000000000000,91.30388890000000000&amp;z=8&amp;t=k","image_popup":"8088/bms/assets/uploads/images/bridges/bridge_4982/1675430938.JPG","bridge_name":"Koburuya Bridge","bridge_type":"Small Slab Bridge","road_no":"Z1048","zone":"Cumilla","circle":"Cumilla","division":"Cumilla","subdivision":"Cumilla","sae":"Cumilla 3","bridge_length_(m)":2.3,"bridge_width_(m)":6.75,"chainage_(km)":28.72,"xcoord":91.3038889,"ycoord":23.145,"bms_inventory":"http://bms.rhd.gov.bd:8088/bms/bridges/inventory_view/4982","bms_detail":"http://bms.rhd.gov.bd:8088/bms/bridges/detail_view/4982","keys":"[bridge_name, Bridge Name], [bridge_type,Type], [chainage_(km), Chainage (km)], [road_no, On Road], [division, Division], [subdivision, Subdivision], [bridge_length_(m), Length (m)], [bridge_width_(m), Width (m)],[map_link(=>{type:link, format:weblink}, Google Map,newtab=>),Google Map View],[bms_inventory(=>{type:link, format:weblink}, BMS Link,newtab=>), BMS Inventory],[bms_detail(=>{type:link, format:weblink},BMS Link,newtab=>), BMS Detailed View]","f_class_name":"Small Slab Bridge","f_class_color":"#13b7dd"},"geometry":{"type":"Point","coordinates":[91.3038889,23.145]}},
{"type":"Feature","properties":{"id":4984,"sl":12503,"map_link":"https://maps.google.com/?q=23.39416670000000000,91.12972220000000000&amp;z=8&amp;t=k","image_popup":"8088/bms/assets/uploads/images/bridges/bridge_4984/1675430631.jpg","bridge_name":"Rajarkhola Bridge","bridge_type":"Small Slab Bridge","road_no":"Z1024","zone":"Cumilla","circle":"Cumilla","division":"Cumilla","subdivision":"Cumilla","sae":"Cumilla 3","bridge_length_(m)":2.3,"bridge_width_(m)":4.8,"chainage_(km)":27.2,"xcoord":91.1297222,"ycoord":23.3941667,"bms_inventory":"http://bms.rhd.gov.bd:8088/bms/bridges/inventory_view/4984","bms_detail":"http://bms.rhd.gov.bd:8088/bms/bridges/detail_view/4984","keys":"[bridge_name, Bridge Name], [bridge_type,Type], [chainage_(km), Chainage (km)], [road_no, On Road], [division, Division], [subdivision, Subdivision], [bridge_length_(m), Length (m)], [bridge_width_(m), Width (m)],[map_link(=>{type:link, format:weblink}, Google Map,newtab=>),Google Map View],[bms_inventory(=>{type:link, format:weblink}, BMS Link,newtab=>), BMS Inventory],[bms_detail(=>{type:link, format:weblink},BMS Link,newtab=>), BMS Detailed View]","f_class_name":"Small Slab Bridge","f_class_color":"#13b7dd"},"geometry":{"type":"Point","coordinates":[91.1297222,23.3941667]}},
{"type":"Feature","properties":{"id":4985,"sl":12504,"map_link":"https://maps.google.com/?q=23.39722220000000000,91.12250000000000000&amp;z=8&amp;t=k","image_popup":"8088/bms/assets/uploads/images/bridges/bridge_4985/1675431018.jpg","bridge_name":"Rajarkhola Poschim Kachar Bridge","bridge_type":"Small Slab Bridge","road_no":"Z1024","zone":"Cumilla","circle":"Cumilla","division":"Cumilla","subdivision":"Cumilla","sae":"Cumilla 3","bridge_length_(m)":2.3,"bridge_width_(m)":4.3,"chainage_(km)":28.4,"xcoord":91.1225,"ycoord":23.3972222,"bms_inventory":"http://bms.rhd.gov.bd:8088/bms/bridges/inventory_view/4985","bms_detail":"http://bms.rhd.gov.bd:8088/bms/bridges/detail_view/4985","keys":"[bridge_name, Bridge Name], [bridge_type,Type], [chainage_(km), Chainage (km)], [road_no, On Road], [division, Division], [subdivision, Subdivision], [bridge_length_(m), Length (m)], [bridge_width_(m), Width (m)],[map_link(=>{type:link, format:weblink}, Google Map,newtab=>),Google Map View],[bms_inventory(=>{type:link, format:weblink}, BMS Link,newtab=>), BMS Inventory],[bms_detail(=>{type:link, format:weblink},BMS Link,newtab=>), BMS Detailed View]","f_class_name":"Small Slab Bridge","f_class_color":"#13b7dd"},"geometry":{"type":"Point","coordinates":[91.1225,23.3972222]}},
{"type":"Feature","properties":{"id":4989,"sl":3371,"map_link":"https://maps.google.com/?q=23.14694440000000000,91.31333330000000000&amp;z=8&amp;t=k","image_popup":"8088/bms/assets/uploads/images/bridges/bridge_4989/1675438391.JPG","bridge_name":"Cheora bazar Bridge","bridge_type":"Small Slab Bridge","road_no":"Z1048","zone":"Cumilla","circle":"Cumilla","division":"Cumilla","subdivision":"Cumilla","sae":"Cumilla 3","bridge_length_(m)":1.6,"bridge_width_(m)":7.3,"chainage_(km)":29.728,"xcoord":91.3133333,"ycoord":23.1469444,"bms_inventory":"http://bms.rhd.gov.bd:8088/bms/bridges/inventory_view/4989","bms_detail":"http://bms.rhd.gov.bd:8088/bms/bridges/detail_view/4989","keys":"[bridge_name, Bridge Name], [bridge_type,Type], [chainage_(km), Chainage (km)], [road_no, On Road], [division, Division], [subdivision, Subdivision], [bridge_length_(m), Length (m)], [bridge_width_(m), Width (m)],[map_link(=>{type:link, format:weblink}, Google Map,newtab=>),Google Map View],[bms_inventory(=>{type:link, format:weblink}, BMS Link,newtab=>), BMS Inventory],[bms_detail(=>{type:link, format:weblink},BMS Link,newtab=>), BMS Detailed View]","f_class_name":"Small Slab Bridge","f_class_color":"#13b7dd"},"geometry":{"type":"Point","coordinates":[91.3133333,23.1469444]}},
{"type":"Feature","properties":{"id":4994,"sl":2375,"map_link":"https://maps.google.com/?q=23.39555560000000000,91.10250000000000000&amp;z=8&amp;t=k","image_popup":"8088/bms/assets/uploads/images/bridges/bridge_4994/1675450617.JPG","bridge_name":"Borangina Bridge","bridge_type":"RC Girder Bridge","road_no":"Z1024","zone":"Cumilla","circle":"Cumilla","division":"Cumilla","subdivision":"Cumilla","sae":"Cumilla 3","bridge_length_(m)":2.8,"bridge_width_(m)":3.7,"chainage_(km)":31.1,"xcoord":91.1025,"ycoord":23.3955556,"bms_inventory":"http://bms.rhd.gov.bd:8088/bms/bridges/inventory_view/4994","bms_detail":"http://bms.rhd.gov.bd:8088/bms/bridges/detail_view/4994","keys":"[bridge_name, Bridge Name], [bridge_type,Type], [chainage_(km), Chainage (km)], [road_no, On Road], [division, Division], [subdivision, Subdivision], [bridge_length_(m), Length (m)], [bridge_width_(m), Width (m)],[map_link(=>{type:link, format:weblink}, Google Map,newtab=>),Google Map View],[bms_inventory(=>{type:link, format:weblink}, BMS Link,newtab=>), BMS Inventory],[bms_detail(=>{type:link, format:weblink},BMS Link,newtab=>), BMS Detailed View]","f_class_name":"RC Girder Bridge","f_class_color":"#e8f674"},"geometry":{"type":"Point","coordinates":[91.1025,23.3955556]}},
{"type":"Feature","properties":{"id":4995,"sl":12267,"map_link":"https://maps.google.com/?q=23.39194440000000000,91.10250000000000000&amp;z=8&amp;t=k","image_popup":"8088/bms/assets/uploads/images/bridges/bridge_4995/1675451057.JPG","bridge_name":"Purbo Pachpukuria Bridge","bridge_type":"RC Girder Bridge","road_no":"Z1024","zone":"Cumilla","circle":"Cumilla","division":"Cumilla","subdivision":"Cumilla","sae":"Cumilla 3","bridge_length_(m)":3.0,"bridge_width_(m)":3.7,"chainage_(km)":31.3,"xcoord":91.1025,"ycoord":23.3919444,"bms_inventory":"http://bms.rhd.gov.bd:8088/bms/bridges/inventory_view/4995","bms_detail":"http://bms.rhd.gov.bd:8088/bms/bridges/detail_view/4995","keys":"[bridge_name, Bridge Name], [bridge_type,Type], [chainage_(km), Chainage (km)], [road_no, On Road], [division, Division], [subdivision, Subdivision], [bridge_length_(m), Length (m)], [bridge_width_(m), Width (m)],[map_link(=>{type:link, format:weblink}, Google Map,newtab=>),Google Map View],[bms_inventory(=>{type:link, format:weblink}, BMS Link,newtab=>), BMS Inventory],[bms_detail(=>{type:link, format:weblink},BMS Link,newtab=>), BMS Detailed View]","f_class_name":"RC Girder Bridge","f_class_color":"#e8f674"},"geometry":{"type":"Point","coordinates":[91.1025,23.3919444]}},
{"type":"Feature","properties":{"id":4996,"sl":11533,"map_link":"https://maps.google.com/?q=23.39027780000000000,91.10250000000000000&amp;z=8&amp;t=k","image_popup":"8088/bms/assets/uploads/images/bridges/bridge_4996/1675452076.JPG","bridge_name":"Pach Pukuria Bridge","bridge_type":"Small Slab Bridge","road_no":"Z1024","zone":"Cumilla","circle":"Cumilla","division":"Cumilla","subdivision":"Cumilla","sae":"Cumilla 3","bridge_length_(m)":1.15,"bridge_width_(m)":6.1,"chainage_(km)":31.4,"xcoord":91.1025,"ycoord":23.3902778,"bms_inventory":"http://bms.rhd.gov.bd:8088/bms/bridges/inventory_view/4996","bms_detail":"http://bms.rhd.gov.bd:8088/bms/bridges/detail_view/4996","keys":"[bridge_name, Bridge Name], [bridge_type,Type], [chainage_(km), Chainage (km)], [road_no, On Road], [division, Division], [subdivision, Subdivision], [bridge_length_(m), Length (m)], [bridge_width_(m), Width (m)],[map_link(=>{type:link, format:weblink}, Google Map,newtab=>),Google Map View],[bms_inventory(=>{type:link, format:weblink}, BMS Link,newtab=>), BMS Inventory],[bms_detail(=>{type:link, format:weblink},BMS Link,newtab=>), BMS Detailed View]","f_class_name":"Small Slab Bridge","f_class_color":"#13b7dd"},"geometry":{"type":"Point","coordinates":[91.1025,23.3902778]}},
{"type":"Feature","properties":{"id":4997,"sl":11534,"map_link":"https://maps.google.com/?q=23.38916670000000000,91.10250000000000000&amp;z=8&amp;t=k","image_popup":"8088/bms/assets/uploads/images/bridges/bridge_4997/1675452546.JPG","bridge_name":"Pach Pukuria Bridge 2","bridge_type":"Small Slab Bridge","road_no":"Z1024","zone":"Cumilla","circle":"Cumilla","division":"Cumilla","subdivision":"Cumilla","sae":"Cumilla 3","bridge_length_(m)":1.1,"bridge_width_(m)":5.5,"chainage_(km)":31.46,"xcoord":91.1025,"ycoord":23.3891667,"bms_inventory":"http://bms.rhd.gov.bd:8088/bms/bridges/inventory_view/4997","bms_detail":"http://bms.rhd.gov.bd:8088/bms/bridges/detail_view/4997","keys":"[bridge_name, Bridge Name], [bridge_type,Type], [chainage_(km), Chainage (km)], [road_no, On Road], [division, Division], [subdivision, Subdivision], [bridge_length_(m), Length (m)], [bridge_width_(m), Width (m)],[map_link(=>{type:link, format:weblink}, Google Map,newtab=>),Google Map View],[bms_inventory(=>{type:link, format:weblink}, BMS Link,newtab=>), BMS Inventory],[bms_detail(=>{type:link, format:weblink},BMS Link,newtab=>), BMS Detailed View]","f_class_name":"Small Slab Bridge","f_class_color":"#13b7dd"},"geometry":{"type":"Point","coordinates":[91.1025,23.3891667]}},
{"type":"Feature","properties":{"id":4998,"sl":13750,"map_link":"https://maps.google.com/?q=23.38833330000000000,91.10222220000000000&amp;z=8&amp;t=k","image_popup":"8088/bms/assets/uploads/images/bridges/bridge_4998/1675452954.JPG","bridge_name":"Shikarpur Bridge","bridge_type":"Small Slab Bridge","road_no":"Z1024","zone":"Cumilla","circle":"Cumilla","division":"Cumilla","subdivision":"Cumilla","sae":"Cumilla 3","bridge_length_(m)":1.3,"bridge_width_(m)":6.2,"chainage_(km)":31.5,"xcoord":91.1022222,"ycoord":23.3883333,"bms_inventory":"http://bms.rhd.gov.bd:8088/bms/bridges/inventory_view/4998","bms_detail":"http://bms.rhd.gov.bd:8088/bms/bridges/detail_view/4998","keys":"[bridge_name, Bridge Name], [bridge_type,Type], [chainage_(km), Chainage (km)], [road_no, On Road], [division, Division], [subdivision, Subdivision], [bridge_length_(m), Length (m)], [bridge_width_(m), Width (m)],[map_link(=>{type:link, format:weblink}, Google Map,newtab=>),Google Map View],[bms_inventory(=>{type:link, format:weblink}, BMS Link,newtab=>), BMS Inventory],[bms_detail(=>{type:link, format:weblink},BMS Link,newtab=>), BMS Detailed View]","f_class_name":"Small Slab Bridge","f_class_color":"#13b7dd"},"geometry":{"type":"Point","coordinates":[91.1022222,23.3883333]}},
{"type":"Feature","properties":{"id":5002,"sl":7153,"map_link":"https://maps.google.com/?q=23.38166670000000000,91.10361110000000000&amp;z=8&amp;t=k","image_popup":"8088/bms/assets/uploads/images/bridges/bridge_5002/1675454863.JPG","bridge_name":"Joykamta Uttor Para Bridge","bridge_type":"Small Slab Bridge","road_no":"Z1024","zone":"Cumilla","circle":"Cumilla","division":"Cumilla","subdivision":"Cumilla","sae":"Cumilla 3","bridge_length_(m)":3.0,"bridge_width_(m)":3.6,"chainage_(km)":33.2,"xcoord":91.1036111,"ycoord":23.3816667,"bms_inventory":"http://bms.rhd.gov.bd:8088/bms/bridges/inventory_view/5002","bms_detail":"http://bms.rhd.gov.bd:8088/bms/bridges/detail_view/5002","keys":"[bridge_name, Bridge Name], [bridge_type,Type], [chainage_(km), Chainage (km)], [road_no, On Road], [division, Division], [subdivision, Subdivision], [bridge_length_(m), Length (m)], [bridge_width_(m), Width (m)],[map_link(=>{type:link, format:weblink}, Google Map,newtab=>),Google Map View],[bms_inventory(=>{type:link, format:weblink}, BMS Link,newtab=>), BMS Inventory],[bms_detail(=>{type:link, format:weblink},BMS Link,newtab=>), BMS Detailed View]","f_class_name":"Small Slab Bridge","f_class_color":"#13b7dd"},"geometry":{"type":"Point","coordinates":[91.1036111,23.3816667]}},
{"type":"Feature","properties":{"id":5004,"sl":7149,"map_link":"https://maps.google.com/?q=23.37638890000000000,91.10472220000000000&amp;z=8&amp;t=k","image_popup":"8088/bms/assets/uploads/images/bridges/bridge_5004/1675455601.JPG","bridge_name":"Joykamta Bridge","bridge_type":"Small Slab Bridge","road_no":"Z1024","zone":"Cumilla","circle":"Cumilla","division":"Cumilla","subdivision":"Cumilla","sae":"Cumilla 3","bridge_length_(m)":2.0,"bridge_width_(m)":5.4,"chainage_(km)":34.0,"xcoord":91.1047222,"ycoord":23.3763889,"bms_inventory":"http://bms.rhd.gov.bd:8088/bms/bridges/inventory_view/5004","bms_detail":"http://bms.rhd.gov.bd:8088/bms/bridges/detail_view/5004","keys":"[bridge_name, Bridge Name], [bridge_type,Type], [chainage_(km), Chainage (km)], [road_no, On Road], [division, Division], [subdivision, Subdivision], [bridge_length_(m), Length (m)], [bridge_width_(m), Width (m)],[map_link(=>{type:link, format:weblink}, Google Map,newtab=>),Google Map View],[bms_inventory(=>{type:link, format:weblink}, BMS Link,newtab=>), BMS Inventory],[bms_detail(=>{type:link, format:weblink},BMS Link,newtab=>), BMS Detailed View]","f_class_name":"Small Slab Bridge","f_class_color":"#13b7dd"},"geometry":{"type":"Point","coordinates":[91.1047222,23.3763889]}},
{"type":"Feature","properties":{"id":5005,"sl":7151,"map_link":"https://maps.google.com/?q=23.37388890000000000,91.10583330000000000&amp;z=8&amp;t=k","image_popup":"8088/bms/assets/uploads/images/bridges/bridge_5005/1675455931.JPG","bridge_name":"Joykamta Dakshin Para Bridge","bridge_type":"Small Slab Bridge","road_no":"Z1024","zone":"Cumilla","circle":"Cumilla","division":"Cumilla","subdivision":"Cumilla","sae":"Cumilla 3","bridge_length_(m)":2.9,"bridge_width_(m)":3.9,"chainage_(km)":34.25,"xcoord":91.1058333,"ycoord":23.3738889,"bms_inventory":"http://bms.rhd.gov.bd:8088/bms/bridges/inventory_view/5005","bms_detail":"http://bms.rhd.gov.bd:8088/bms/bridges/detail_view/5005","keys":"[bridge_name, Bridge Name], [bridge_type,Type], [chainage_(km), Chainage (km)], [road_no, On Road], [division, Division], [subdivision, Subdivision], [bridge_length_(m), Length (m)], [bridge_width_(m), Width (m)],[map_link(=>{type:link, format:weblink}, Google Map,newtab=>),Google Map View],[bms_inventory(=>{type:link, format:weblink}, BMS Link,newtab=>), BMS Inventory],[bms_detail(=>{type:link, format:weblink},BMS Link,newtab=>), BMS Detailed View]","f_class_name":"Small Slab Bridge","f_class_color":"#13b7dd"},"geometry":{"type":"Point","coordinates":[91.1058333,23.3738889]}},
{"type":"Feature","properties":{"id":5006,"sl":490,"map_link":"https://maps.google.com/?q=23.37333330000000000,91.10611110000000000&amp;z=8&amp;t=k","image_popup":"8088/bms/assets/uploads/images/bridges/bridge_5006/1675456274.JPG","bridge_name":"Amratolii Bridge","bridge_type":"Small Slab Bridge","road_no":"Z1024","zone":"Cumilla","circle":"Cumilla","division":"Cumilla","subdivision":"Cumilla","sae":"Cumilla 3","bridge_length_(m)":1.1,"bridge_width_(m)":5.2,"chainage_(km)":34.3,"xcoord":91.1061111,"ycoord":23.3733333,"bms_inventory":"http://bms.rhd.gov.bd:8088/bms/bridges/inventory_view/5006","bms_detail":"http://bms.rhd.gov.bd:8088/bms/bridges/detail_view/5006","keys":"[bridge_name, Bridge Name], [bridge_type,Type], [chainage_(km), Chainage (km)], [road_no, On Road], [division, Division], [subdivision, Subdivision], [bridge_length_(m), Length (m)], [bridge_width_(m), Width (m)],[map_link(=>{type:link, format:weblink}, Google Map,newtab=>),Google Map View],[bms_inventory(=>{type:link, format:weblink}, BMS Link,newtab=>), BMS Inventory],[bms_detail(=>{type:link, format:weblink},BMS Link,newtab=>), BMS Detailed View]","f_class_name":"Small Slab Bridge","f_class_color":"#13b7dd"},"geometry":{"type":"Point","coordinates":[91.1061111,23.3733333]}},
{"type":"Feature","properties":{"id":5007,"sl":489,"map_link":"https://maps.google.com/?q=23.37250000000000000,91.10638890000000000&amp;z=8&amp;t=k","image_popup":"8088/bms/assets/uploads/images/bridges/bridge_5007/1675456623.JPG","bridge_name":"Amratoli Satbaria Bridge","bridge_type":"Small Slab Bridge","road_no":"Z1024","zone":"Cumilla","circle":"Cumilla","division":"Cumilla","subdivision":"Cumilla","sae":"Cumilla 3","bridge_length_(m)":1.8,"bridge_width_(m)":4.5,"chainage_(km)":34.5,"xcoord":91.1063889,"ycoord":23.3725,"bms_inventory":"http://bms.rhd.gov.bd:8088/bms/bridges/inventory_view/5007","bms_detail":"http://bms.rhd.gov.bd:8088/bms/bridges/detail_view/5007","keys":"[bridge_name, Bridge Name], [bridge_type,Type], [chainage_(km), Chainage (km)], [road_no, On Road], [division, Division], [subdivision, Subdivision], [bridge_length_(m), Length (m)], [bridge_width_(m), Width (m)],[map_link(=>{type:link, format:weblink}, Google Map,newtab=>),Google Map View],[bms_inventory(=>{type:link, format:weblink}, BMS Link,newtab=>), BMS Inventory],[bms_detail(=>{type:link, format:weblink},BMS Link,newtab=>), BMS Detailed View]","f_class_name":"Small Slab Bridge","f_class_color":"#13b7dd"},"geometry":{"type":"Point","coordinates":[91.1063889,23.3725]}},
{"type":"Feature","properties":{"id":5039,"sl":15857,"map_link":"https://maps.google.com/?q=22.91750000000000000,90.92527780000000000&amp;z=8&amp;t=k","image_popup":"8088/bms/assets/uploads/images/bridges/bridge_5039/1675867451.JPG","bridge_name":"West Digholi Bridge","bridge_type":"RC Girder Bridge","road_no":"Z1432","zone":"Cumilla","circle":"Noakhali","division":"Laxmipur","subdivision":"Laxmipur","sae":"Laxmipur-1","bridge_length_(m)":64.6,"bridge_width_(m)":4.4,"chainage_(km)":5.563,"xcoord":90.9252778,"ycoord":22.9175,"bms_inventory":"http://bms.rhd.gov.bd:8088/bms/bridges/inventory_view/5039","bms_detail":"http://bms.rhd.gov.bd:8088/bms/bridges/detail_view/5039","keys":"[bridge_name, Bridge Name], [bridge_type,Type], [chainage_(km), Chainage (km)], [road_no, On Road], [division, Division], [subdivision, Subdivision], [bridge_length_(m), Length (m)], [bridge_width_(m), Width (m)],[map_link(=>{type:link, format:weblink}, Google Map,newtab=>),Google Map View],[bms_inventory(=>{type:link, format:weblink}, BMS Link,newtab=>), BMS Inventory],[bms_detail(=>{type:link, format:weblink},BMS Link,newtab=>), BMS Detailed View]","f_class_name":"RC Girder Bridge","f_class_color":"#e8f674"},"geometry":{"type":"Point","coordinates":[90.9252778,22.9175]}},
{"type":"Feature","properties":{"id":5058,"sl":1349,"map_link":"https://maps.google.com/?q=23.13611110000000000,91.21194440000000000&amp;z=8&amp;t=k","image_popup":"8088/bms/assets/uploads/images/bridges/bridge_5058/1675957680.JPG","bridge_name":"Baniyachor Bridge","bridge_type":"Small Slab Bridge","road_no":"Z1048","zone":"Cumilla","circle":"Cumilla","division":"Cumilla","subdivision":"Cumilla","sae":"Cumilla 3","bridge_length_(m)":2.0,"bridge_width_(m)":7.2,"chainage_(km)":15.966,"xcoord":91.2119444,"ycoord":23.1361111,"bms_inventory":"http://bms.rhd.gov.bd:8088/bms/bridges/inventory_view/5058","bms_detail":"http://bms.rhd.gov.bd:8088/bms/bridges/detail_view/5058","keys":"[bridge_name, Bridge Name], [bridge_type,Type], [chainage_(km), Chainage (km)], [road_no, On Road], [division, Division], [subdivision, Subdivision], [bridge_length_(m), Length (m)], [bridge_width_(m), Width (m)],[map_link(=>{type:link, format:weblink}, Google Map,newtab=>),Google Map View],[bms_inventory(=>{type:link, format:weblink}, BMS Link,newtab=>), BMS Inventory],[bms_detail(=>{type:link, format:weblink},BMS Link,newtab=>), BMS Detailed View]","f_class_name":"Small Slab Bridge","f_class_color":"#13b7dd"},"geometry":{"type":"Point","coordinates":[91.2119444,23.1361111]}},
{"type":"Feature","properties":{"id":5066,"sl":2164,"map_link":"https://maps.google.com/?q=23.12194440000000000,91.24472220000000000&amp;z=8&amp;t=k","image_popup":"8088/bms/assets/uploads/images/bridges/bridge_5066/1676030838.JPG","bridge_name":"Bodorpur Bridge","bridge_type":"Small Slab Bridge","road_no":"Z1048","zone":"Cumilla","circle":"Cumilla","division":"Cumilla","subdivision":"Cumilla","sae":"Cumilla 3","bridge_length_(m)":4.6,"bridge_width_(m)":7.3,"chainage_(km)":20.952,"xcoord":91.2447222,"ycoord":23.1219444,"bms_inventory":"http://bms.rhd.gov.bd:8088/bms/bridges/inventory_view/5066","bms_detail":"http://bms.rhd.gov.bd:8088/bms/bridges/detail_view/5066","keys":"[bridge_name, Bridge Name], [bridge_type,Type], [chainage_(km), Chainage (km)], [road_no, On Road], [division, Division], [subdivision, Subdivision], [bridge_length_(m), Length (m)], [bridge_width_(m), Width (m)],[map_link(=>{type:link, format:weblink}, Google Map,newtab=>),Google Map View],[bms_inventory(=>{type:link, format:weblink}, BMS Link,newtab=>), BMS Inventory],[bms_detail(=>{type:link, format:weblink},BMS Link,newtab=>), BMS Detailed View]","f_class_name":"Small Slab Bridge","f_class_color":"#13b7dd"},"geometry":{"type":"Point","coordinates":[91.2447222,23.1219444]}},
{"type":"Feature","properties":{"id":5070,"sl":6168,"map_link":"https://maps.google.com/?q=23.28305560000000000,91.12055560000000000&amp;z=8&amp;t=k","image_popup":"8088/bms/assets/uploads/images/bridges/bridge_5070/1678686996.jpg","bridge_name":"Harischar Bazar Bridge","bridge_type":"RC Girder Bridge","road_no":"Z1047","zone":"Cumilla","circle":"Cumilla","division":"Cumilla","subdivision":"Cumilla","sae":"Cumilla 3","bridge_length_(m)":29.8,"bridge_width_(m)":3.9,"chainage_(km)":0.652,"xcoord":91.1205556,"ycoord":23.2830556,"bms_inventory":"http://bms.rhd.gov.bd:8088/bms/bridges/inventory_view/5070","bms_detail":"http://bms.rhd.gov.bd:8088/bms/bridges/detail_view/5070","keys":"[bridge_name, Bridge Name], [bridge_type,Type], [chainage_(km), Chainage (km)], [road_no, On Road], [division, Division], [subdivision, Subdivision], [bridge_length_(m), Length (m)], [bridge_width_(m), Width (m)],[map_link(=>{type:link, format:weblink}, Google Map,newtab=>),Google Map View],[bms_inventory(=>{type:link, format:weblink}, BMS Link,newtab=>), BMS Inventory],[bms_detail(=>{type:link, format:weblink},BMS Link,newtab=>), BMS Detailed View]","f_class_name":"RC Girder Bridge","f_class_color":"#e8f674"},"geometry":{"type":"Point","coordinates":[91.1205556,23.2830556]}},
{"type":"Feature","properties":{"id":5072,"sl":11442,"map_link":"https://maps.google.com/?q=23.30138890000000000,91.10638890000000000&amp;z=8&amp;t=k","image_popup":"8088/bms/assets/uploads/images/bridges/bridge_5072/1678777503.jpeg","bridge_name":"Nurpur Bridge","bridge_type":"Small Slab Bridge","road_no":"Z1023","zone":"Cumilla","circle":"Cumilla","division":"Cumilla","subdivision":"Cumilla","sae":"Cumilla 3","bridge_length_(m)":2.9,"bridge_width_(m)":4.8,"chainage_(km)":0.0,"xcoord":91.1063889,"ycoord":23.3013889,"bms_inventory":"http://bms.rhd.gov.bd:8088/bms/bridges/inventory_view/5072","bms_detail":"http://bms.rhd.gov.bd:8088/bms/bridges/detail_view/5072","keys":"[bridge_name, Bridge Name], [bridge_type,Type], [chainage_(km), Chainage (km)], [road_no, On Road], [division, Division], [subdivision, Subdivision], [bridge_length_(m), Length (m)], [bridge_width_(m), Width (m)],[map_link(=>{type:link, format:weblink}, Google Map,newtab=>),Google Map View],[bms_inventory(=>{type:link, format:weblink}, BMS Link,newtab=>), BMS Inventory],[bms_detail(=>{type:link, format:weblink},BMS Link,newtab=>), BMS Detailed View]","f_class_name":"Small Slab Bridge","f_class_color":"#13b7dd"},"geometry":{"type":"Point","coordinates":[91.1063889,23.3013889]}},
{"type":"Feature","properties":{"id":5078,"sl":325,"map_link":"https://maps.google.com/?q=23.14722220000000000,91.24055560000000000&amp;z=8&amp;t=k","image_popup":"8088/bms/assets/uploads/images/bridges/bridge_5078/1678168104.jpg","bridge_name":"Aliara Bridge","bridge_type":"Small Slab Bridge","road_no":"Z1027","zone":"Cumilla","circle":"Cumilla","division":"Cumilla","subdivision":"Cumilla","sae":"Cumilla-1","bridge_length_(m)":1.7,"bridge_width_(m)":5.3,"chainage_(km)":0.0,"xcoord":91.2405556,"ycoord":23.1472222,"bms_inventory":"http://bms.rhd.gov.bd:8088/bms/bridges/inventory_view/5078","bms_detail":"http://bms.rhd.gov.bd:8088/bms/bridges/detail_view/5078","keys":"[bridge_name, Bridge Name], [bridge_type,Type], [chainage_(km), Chainage (km)], [road_no, On Road], [division, Division], [subdivision, Subdivision], [bridge_length_(m), Length (m)], [bridge_width_(m), Width (m)],[map_link(=>{type:link, format:weblink}, Google Map,newtab=>),Google Map View],[bms_inventory(=>{type:link, format:weblink}, BMS Link,newtab=>), BMS Inventory],[bms_detail(=>{type:link, format:weblink},BMS Link,newtab=>), BMS Detailed View]","f_class_name":"Small Slab Bridge","f_class_color":"#13b7dd"},"geometry":{"type":"Point","coordinates":[91.2405556,23.1472222]}},
{"type":"Feature","properties":{"id":5079,"sl":11586,"map_link":"https://maps.google.com/?q=23.42361110000000000,91.16305560000000000&amp;z=8&amp;t=k","image_popup":"8088/bms/assets/uploads/images/bridges/bridge_5079/1679299541.jpeg","bridge_name":"Paduar Bazar-1 Bridge","bridge_type":"RC Girder Bridge","road_no":"N1","zone":"Cumilla","circle":"Cumilla","division":"Cumilla","subdivision":"Cumilla","sae":"Cumilla 3","bridge_length_(m)":36.5,"bridge_width_(m)":9.2,"chainage_(km)":90.521,"xcoord":91.1630556,"ycoord":23.4236111,"bms_inventory":"http://bms.rhd.gov.bd:8088/bms/bridges/inventory_view/5079","bms_detail":"http://bms.rhd.gov.bd:8088/bms/bridges/detail_view/5079","keys":"[bridge_name, Bridge Name], [bridge_type,Type], [chainage_(km), Chainage (km)], [road_no, On Road], [division, Division], [subdivision, Subdivision], [bridge_length_(m), Length (m)], [bridge_width_(m), Width (m)],[map_link(=>{type:link, format:weblink}, Google Map,newtab=>),Google Map View],[bms_inventory(=>{type:link, format:weblink}, BMS Link,newtab=>), BMS Inventory],[bms_detail(=>{type:link, format:weblink},BMS Link,newtab=>), BMS Detailed View]","f_class_name":"RC Girder Bridge","f_class_color":"#e8f674"},"geometry":{"type":"Point","coordinates":[91.1630556,23.4236111]}},
{"type":"Feature","properties":{"id":5082,"sl":11587,"map_link":"https://maps.google.com/?q=23.42361110000000000,91.16277780000000000&amp;z=8&amp;t=k","image_popup":"8088/bms/assets/uploads/images/bridges/bridge_5082/1679299865.jpeg","bridge_name":"Paduar Bazar-2 Bridge","bridge_type":"RC Girder Bridge","road_no":"N1","zone":"Cumilla","circle":"Cumilla","division":"Cumilla","subdivision":"Cumilla","sae":"Cumilla 3","bridge_length_(m)":38.5,"bridge_width_(m)":11.2,"chainage_(km)":90.521,"xcoord":91.1627778,"ycoord":23.4236111,"bms_inventory":"http://bms.rhd.gov.bd:8088/bms/bridges/inventory_view/5082","bms_detail":"http://bms.rhd.gov.bd:8088/bms/bridges/detail_view/5082","keys":"[bridge_name, Bridge Name], [bridge_type,Type], [chainage_(km), Chainage (km)], [road_no, On Road], [division, Division], [subdivision, Subdivision], [bridge_length_(m), Length (m)], [bridge_width_(m), Width (m)],[map_link(=>{type:link, format:weblink}, Google Map,newtab=>),Google Map View],[bms_inventory(=>{type:link, format:weblink}, BMS Link,newtab=>), BMS Inventory],[bms_detail(=>{type:link, format:weblink},BMS Link,newtab=>), BMS Detailed View]","f_class_name":"RC Girder Bridge","f_class_color":"#e8f674"},"geometry":{"type":"Point","coordinates":[91.1627778,23.4236111]}},
{"type":"Feature","properties":{"id":5088,"sl":8132,"map_link":"https://maps.google.com/?q=23.24583330000000000,91.12166670000000000&amp;z=8&amp;t=k","image_popup":"8088/bms/assets/uploads/images/bridges/bridge_5088/1678164049.jpg","bridge_name":"Khandani Market Bridge","bridge_type":"RC Girder Bridge","road_no":"R144","zone":"Cumilla","circle":"Cumilla","division":"Cumilla","subdivision":"Cumilla","sae":"Cumilla 3","bridge_length_(m)":5.9,"bridge_width_(m)":6.45,"chainage_(km)":0.68,"xcoord":91.1216667,"ycoord":23.2458333,"bms_inventory":"http://bms.rhd.gov.bd:8088/bms/bridges/inventory_view/5088","bms_detail":"http://bms.rhd.gov.bd:8088/bms/bridges/detail_view/5088","keys":"[bridge_name, Bridge Name], [bridge_type,Type], [chainage_(km), Chainage (km)], [road_no, On Road], [division, Division], [subdivision, Subdivision], [bridge_length_(m), Length (m)], [bridge_width_(m), Width (m)],[map_link(=>{type:link, format:weblink}, Google Map,newtab=>),Google Map View],[bms_inventory(=>{type:link, format:weblink}, BMS Link,newtab=>), BMS Inventory],[bms_detail(=>{type:link, format:weblink},BMS Link,newtab=>), BMS Detailed View]","f_class_name":"RC Girder Bridge","f_class_color":"#e8f674"},"geometry":{"type":"Point","coordinates":[91.1216667,23.2458333]}},
{"type":"Feature","properties":{"id":5098,"sl":9533,"map_link":"https://maps.google.com/?q=23.06888890000000000,91.24500000000000000&amp;z=8&amp;t=k","image_popup":"8088/bms/assets/uploads/images/bridges/bridge_5098/1678178038.jpeg","bridge_name":"Malony Chor Bridge","bridge_type":"Small Slab Bridge","road_no":"Z1027","zone":"Cumilla","circle":"Cumilla","division":"Cumilla","subdivision":"Cumilla","sae":"Cumilla 3","bridge_length_(m)":4.0,"bridge_width_(m)":4.9,"chainage_(km)":0.0,"xcoord":91.245,"ycoord":23.0688889,"bms_inventory":"http://bms.rhd.gov.bd:8088/bms/bridges/inventory_view/5098","bms_detail":"http://bms.rhd.gov.bd:8088/bms/bridges/detail_view/5098","keys":"[bridge_name, Bridge Name], [bridge_type,Type], [chainage_(km), Chainage (km)], [road_no, On Road], [division, Division], [subdivision, Subdivision], [bridge_length_(m), Length (m)], [bridge_width_(m), Width (m)],[map_link(=>{type:link, format:weblink}, Google Map,newtab=>),Google Map View],[bms_inventory(=>{type:link, format:weblink}, BMS Link,newtab=>), BMS Inventory],[bms_detail(=>{type:link, format:weblink},BMS Link,newtab=>), BMS Detailed View]","f_class_name":"Small Slab Bridge","f_class_color":"#13b7dd"},"geometry":{"type":"Point","coordinates":[91.245,23.0688889]}},
{"type":"Feature","properties":{"id":5104,"sl":684,"map_link":"https://maps.google.com/?q=23.13888890000000000,91.23750000000000000&amp;z=8&amp;t=k","image_popup":"8088/bms/assets/uploads/images/bridges/bridge_5104/1678177835.JPG","bridge_name":"Asampur Bridge","bridge_type":"RC Girder Bridge","road_no":"Z1027","zone":"Cumilla","circle":"Cumilla","division":"Cumilla","subdivision":"Cumilla","sae":"Cumilla 3","bridge_length_(m)":7.5,"bridge_width_(m)":4.3,"chainage_(km)":0.0,"xcoord":91.2375,"ycoord":23.1388889,"bms_inventory":"http://bms.rhd.gov.bd:8088/bms/bridges/inventory_view/5104","bms_detail":"http://bms.rhd.gov.bd:8088/bms/bridges/detail_view/5104","keys":"[bridge_name, Bridge Name], [bridge_type,Type], [chainage_(km), Chainage (km)], [road_no, On Road], [division, Division], [subdivision, Subdivision], [bridge_length_(m), Length (m)], [bridge_width_(m), Width (m)],[map_link(=>{type:link, format:weblink}, Google Map,newtab=>),Google Map View],[bms_inventory(=>{type:link, format:weblink}, BMS Link,newtab=>), BMS Inventory],[bms_detail(=>{type:link, format:weblink},BMS Link,newtab=>), BMS Detailed View]","f_class_name":"RC Girder Bridge","f_class_color":"#e8f674"},"geometry":{"type":"Point","coordinates":[91.2375,23.1388889]}},
{"type":"Feature","properties":{"id":5114,"sl":9683,"map_link":"https://maps.google.com/?q=23.29916670000000000,91.14722220000000000&amp;z=8&amp;t=k","image_popup":"8088/bms/assets/uploads/images/bridges/bridge_5114/1678182011.jpeg","bridge_name":"Matoaincoat 2 Bridge","bridge_type":"Small Slab Bridge","road_no":"Z1023","zone":"Cumilla","circle":"Cumilla","division":"Cumilla","subdivision":"Cumilla","sae":"Cumilla 3","bridge_length_(m)":1.8,"bridge_width_(m)":3.9,"chainage_(km)":0.0,"xcoord":91.1472222,"ycoord":23.2991667,"bms_inventory":"http://bms.rhd.gov.bd:8088/bms/bridges/inventory_view/5114","bms_detail":"http://bms.rhd.gov.bd:8088/bms/bridges/detail_view/5114","keys":"[bridge_name, Bridge Name], [bridge_type,Type], [chainage_(km), Chainage (km)], [road_no, On Road], [division, Division], [subdivision, Subdivision], [bridge_length_(m), Length (m)], [bridge_width_(m), Width (m)],[map_link(=>{type:link, format:weblink}, Google Map,newtab=>),Google Map View],[bms_inventory(=>{type:link, format:weblink}, BMS Link,newtab=>), BMS Inventory],[bms_detail(=>{type:link, format:weblink},BMS Link,newtab=>), BMS Detailed View]","f_class_name":"Small Slab Bridge","f_class_color":"#13b7dd"},"geometry":{"type":"Point","coordinates":[91.1472222,23.2991667]}},
{"type":"Feature","properties":{"id":5122,"sl":13606,"map_link":"https://maps.google.com/?q=23.37277780000000000,91.22027780000000000&amp;z=8&amp;t=k","image_popup":"8088/bms/assets/uploads/images/bridges/bridge_5122/1678251830.jPEG","bridge_name":"Shatbaria Bridge","bridge_type":"RC Girder Bridge","road_no":"Z1427","zone":"Cumilla","circle":"Cumilla","division":"Cumilla","subdivision":"Cumilla","sae":"Cumilla-2","bridge_length_(m)":9.8,"bridge_width_(m)":4.3,"chainage_(km)":0.0,"xcoord":91.2202778,"ycoord":23.3727778,"bms_inventory":"http://bms.rhd.gov.bd:8088/bms/bridges/inventory_view/5122","bms_detail":"http://bms.rhd.gov.bd:8088/bms/bridges/detail_view/5122","keys":"[bridge_name, Bridge Name], [bridge_type,Type], [chainage_(km), Chainage (km)], [road_no, On Road], [division, Division], [subdivision, Subdivision], [bridge_length_(m), Length (m)], [bridge_width_(m), Width (m)],[map_link(=>{type:link, format:weblink}, Google Map,newtab=>),Google Map View],[bms_inventory(=>{type:link, format:weblink}, BMS Link,newtab=>), BMS Inventory],[bms_detail(=>{type:link, format:weblink},BMS Link,newtab=>), BMS Detailed View]","f_class_name":"RC Girder Bridge","f_class_color":"#e8f674"},"geometry":{"type":"Point","coordinates":[91.2202778,23.3727778]}},
{"type":"Feature","properties":{"id":5123,"sl":13745,"map_link":"https://maps.google.com/?q=23.30111110000000000,91.11694440000000000&amp;z=8&amp;t=k","image_popup":"8088/bms/assets/uploads/images/bridges/bridge_5123/1678332452.jpeg","bridge_name":"Shikaripara 2 Bridge","bridge_type":"Small Slab Bridge","road_no":"z1023","zone":"Cumilla","circle":"Cumilla","division":"Cumilla","subdivision":"Cumilla","sae":"Cumilla 3","bridge_length_(m)":1.4,"bridge_width_(m)":4.3,"chainage_(km)":0.0,"xcoord":91.1169444,"ycoord":23.3011111,"bms_inventory":"http://bms.rhd.gov.bd:8088/bms/bridges/inventory_view/5123","bms_detail":"http://bms.rhd.gov.bd:8088/bms/bridges/detail_view/5123","keys":"[bridge_name, Bridge Name], [bridge_type,Type], [chainage_(km), Chainage (km)], [road_no, On Road], [division, Division], [subdivision, Subdivision], [bridge_length_(m), Length (m)], [bridge_width_(m), Width (m)],[map_link(=>{type:link, format:weblink}, Google Map,newtab=>),Google Map View],[bms_inventory(=>{type:link, format:weblink}, BMS Link,newtab=>), BMS Inventory],[bms_detail(=>{type:link, format:weblink},BMS Link,newtab=>), BMS Detailed View]","f_class_name":"Small Slab Bridge","f_class_color":"#13b7dd"},"geometry":{"type":"Point","coordinates":[91.1169444,23.3011111]}},
{"type":"Feature","properties":{"id":5124,"sl":13746,"map_link":"https://maps.google.com/?q=23.30111110000000000,91.12194440000000000&amp;z=8&amp;t=k","image_popup":"8088/bms/assets/uploads/images/bridges/bridge_5124/1678333519.jPEG","bridge_name":"Shikaripara Bridge","bridge_type":"RC Girder Bridge","road_no":"Z1023","zone":"Cumilla","circle":"Cumilla","division":"Cumilla","subdivision":"Cumilla","sae":"Cumilla 3","bridge_length_(m)":40.1,"bridge_width_(m)":7.3,"chainage_(km)":0.0,"xcoord":91.1219444,"ycoord":23.3011111,"bms_inventory":"http://bms.rhd.gov.bd:8088/bms/bridges/inventory_view/5124","bms_detail":"http://bms.rhd.gov.bd:8088/bms/bridges/detail_view/5124","keys":"[bridge_name, Bridge Name], [bridge_type,Type], [chainage_(km), Chainage (km)], [road_no, On Road], [division, Division], [subdivision, Subdivision], [bridge_length_(m), Length (m)], [bridge_width_(m), Width (m)],[map_link(=>{type:link, format:weblink}, Google Map,newtab=>),Google Map View],[bms_inventory(=>{type:link, format:weblink}, BMS Link,newtab=>), BMS Inventory],[bms_detail(=>{type:link, format:weblink},BMS Link,newtab=>), BMS Detailed View]","f_class_name":"RC Girder Bridge","f_class_color":"#e8f674"},"geometry":{"type":"Point","coordinates":[91.1219444,23.3011111]}},
{"type":"Feature","properties":{"id":5133,"sl":9686,"map_link":"https://maps.google.com/?q=23.29916670000000000,91.14833330000000000&amp;z=8&amp;t=k","image_popup":"8088/bms/assets/uploads/images/bridges/bridge_5133/1678339363.jpeg","bridge_name":"Matoaincoat Bridge","bridge_type":"RC Girder Bridge","road_no":"Z1023","zone":"Cumilla","circle":"Cumilla","division":"Cumilla","subdivision":"Cumilla","sae":"Cumilla 3","bridge_length_(m)":1.7,"bridge_width_(m)":3.7,"chainage_(km)":0.0,"xcoord":91.1483333,"ycoord":23.2991667,"bms_inventory":"http://bms.rhd.gov.bd:8088/bms/bridges/inventory_view/5133","bms_detail":"http://bms.rhd.gov.bd:8088/bms/bridges/detail_view/5133","keys":"[bridge_name, Bridge Name], [bridge_type,Type], [chainage_(km), Chainage (km)], [road_no, On Road], [division, Division], [subdivision, Subdivision], [bridge_length_(m), Length (m)], [bridge_width_(m), Width (m)],[map_link(=>{type:link, format:weblink}, Google Map,newtab=>),Google Map View],[bms_inventory(=>{type:link, format:weblink}, BMS Link,newtab=>), BMS Inventory],[bms_detail(=>{type:link, format:weblink},BMS Link,newtab=>), BMS Detailed View]","f_class_name":"RC Girder Bridge","f_class_color":"#e8f674"},"geometry":{"type":"Point","coordinates":[91.1483333,23.2991667]}},
{"type":"Feature","properties":{"id":5138,"sl":9773,"map_link":"https://maps.google.com/?q=23.33611110000000000,91.27000000000000000&amp;z=8&amp;t=k","image_popup":"8088/bms/assets/uploads/images/bridges/bridge_5138/1678340537.JPEG","bridge_name":"Mia Bazar Bridge","bridge_type":"PC Girder Bridge","road_no":"N1","zone":"Cumilla","circle":"Cumilla","division":"Cumilla","subdivision":"Cumilla","sae":"Cumilla 3","bridge_length_(m)":43.3,"bridge_width_(m)":10.8,"chainage_(km)":105.692,"xcoord":91.27,"ycoord":23.3361111,"bms_inventory":"http://bms.rhd.gov.bd:8088/bms/bridges/inventory_view/5138","bms_detail":"http://bms.rhd.gov.bd:8088/bms/bridges/detail_view/5138","keys":"[bridge_name, Bridge Name], [bridge_type,Type], [chainage_(km), Chainage (km)], [road_no, On Road], [division, Division], [subdivision, Subdivision], [bridge_length_(m), Length (m)], [bridge_width_(m), Width (m)],[map_link(=>{type:link, format:weblink}, Google Map,newtab=>),Google Map View],[bms_inventory(=>{type:link, format:weblink}, BMS Link,newtab=>), BMS Inventory],[bms_detail(=>{type:link, format:weblink},BMS Link,newtab=>), BMS Detailed View]","f_class_name":"PC Girder Bridge","f_class_color":"#6ebed6"},"geometry":{"type":"Point","coordinates":[91.27,23.3361111]}},
{"type":"Feature","properties":{"id":5139,"sl":9774,"map_link":"https://maps.google.com/?q=23.33583330000000000,91.27000000000000000&amp;z=8&amp;t=k","image_popup":"8088/bms/assets/uploads/images/bridges/bridge_5139/1678341964.jpeg","bridge_name":"Mia Bazar Bridge 2","bridge_type":"PC Girder Bridge","road_no":"N1","zone":"Cumilla","circle":"Cumilla","division":"Cumilla","subdivision":"Cumilla","sae":"Cumilla 3","bridge_length_(m)":43.3,"bridge_width_(m)":10.9,"chainage_(km)":105.692,"xcoord":91.27,"ycoord":23.3358333,"bms_inventory":"http://bms.rhd.gov.bd:8088/bms/bridges/inventory_view/5139","bms_detail":"http://bms.rhd.gov.bd:8088/bms/bridges/detail_view/5139","keys":"[bridge_name, Bridge Name], [bridge_type,Type], [chainage_(km), Chainage (km)], [road_no, On Road], [division, Division], [subdivision, Subdivision], [bridge_length_(m), Length (m)], [bridge_width_(m), Width (m)],[map_link(=>{type:link, format:weblink}, Google Map,newtab=>),Google Map View],[bms_inventory(=>{type:link, format:weblink}, BMS Link,newtab=>), BMS Inventory],[bms_detail(=>{type:link, format:weblink},BMS Link,newtab=>), BMS Detailed View]","f_class_name":"PC Girder Bridge","f_class_color":"#6ebed6"},"geometry":{"type":"Point","coordinates":[91.27,23.3358333]}},
{"type":"Feature","properties":{"id":5146,"sl":2693,"map_link":"https://maps.google.com/?q=23.06750000000000000,91.23722220000000000&amp;z=8&amp;t=k","image_popup":"8088/bms/assets/uploads/images/bridges/bridge_5146/1678348599.jpg","bridge_name":"Boxgonj Bazar Bridge","bridge_type":"RC Girder Bridge","road_no":"Z1027","zone":"Cumilla","circle":"Cumilla","division":"Cumilla","subdivision":"Cumilla","sae":"Cumilla 3","bridge_length_(m)":9.2,"bridge_width_(m)":4.2,"chainage_(km)":0.0,"xcoord":91.2372222,"ycoord":23.0675,"bms_inventory":"http://bms.rhd.gov.bd:8088/bms/bridges/inventory_view/5146","bms_detail":"http://bms.rhd.gov.bd:8088/bms/bridges/detail_view/5146","keys":"[bridge_name, Bridge Name], [bridge_type,Type], [chainage_(km), Chainage (km)], [road_no, On Road], [division, Division], [subdivision, Subdivision], [bridge_length_(m), Length (m)], [bridge_width_(m), Width (m)],[map_link(=>{type:link, format:weblink}, Google Map,newtab=>),Google Map View],[bms_inventory(=>{type:link, format:weblink}, BMS Link,newtab=>), BMS Inventory],[bms_detail(=>{type:link, format:weblink},BMS Link,newtab=>), BMS Detailed View]","f_class_name":"RC Girder Bridge","f_class_color":"#e8f674"},"geometry":{"type":"Point","coordinates":[91.2372222,23.0675]}},
{"type":"Feature","properties":{"id":5149,"sl":2849,"map_link":"https://maps.google.com/?q=23.52944440000000000,90.75138890000000000&amp;z=8&amp;t=k","image_popup":"8088/bms/assets/uploads/images/bridges/bridge_5149/1678350206.jpg","bridge_name":"Candgaw Bridge","bridge_type":"RC Girder Bridge","road_no":"N1","zone":"Cumilla","circle":"Cumilla","division":"Cumilla","subdivision":"Cumilla","sae":"Cumilla 3","bridge_length_(m)":17.9,"bridge_width_(m)":11.4,"chainage_(km)":42.23,"xcoord":90.7513889,"ycoord":23.5294444,"bms_inventory":"http://bms.rhd.gov.bd:8088/bms/bridges/inventory_view/5149","bms_detail":"http://bms.rhd.gov.bd:8088/bms/bridges/detail_view/5149","keys":"[bridge_name, Bridge Name], [bridge_type,Type], [chainage_(km), Chainage (km)], [road_no, On Road], [division, Division], [subdivision, Subdivision], [bridge_length_(m), Length (m)], [bridge_width_(m), Width (m)],[map_link(=>{type:link, format:weblink}, Google Map,newtab=>),Google Map View],[bms_inventory(=>{type:link, format:weblink}, BMS Link,newtab=>), BMS Inventory],[bms_detail(=>{type:link, format:weblink},BMS Link,newtab=>), BMS Detailed View]","f_class_name":"RC Girder Bridge","f_class_color":"#e8f674"},"geometry":{"type":"Point","coordinates":[90.7513889,23.5294444]}},
{"type":"Feature","properties":{"id":5151,"sl":2850,"map_link":"https://maps.google.com/?q=23.52944440000000000,90.75166670000000000&amp;z=8&amp;t=k","image_popup":"8088/bms/assets/uploads/images/bridges/bridge_5151/1678352235.jpg","bridge_name":"Candgaw-2 Bridge","bridge_type":"PC Girder Bridge","road_no":"N1","zone":"Cumilla","circle":"Cumilla","division":"Cumilla","subdivision":"Cumilla","sae":"Cumilla 3","bridge_length_(m)":18.2,"bridge_width_(m)":11.3,"chainage_(km)":42.23,"xcoord":90.7516667,"ycoord":23.5294444,"bms_inventory":"http://bms.rhd.gov.bd:8088/bms/bridges/inventory_view/5151","bms_detail":"http://bms.rhd.gov.bd:8088/bms/bridges/detail_view/5151","keys":"[bridge_name, Bridge Name], [bridge_type,Type], [chainage_(km), Chainage (km)], [road_no, On Road], [division, Division], [subdivision, Subdivision], [bridge_length_(m), Length (m)], [bridge_width_(m), Width (m)],[map_link(=>{type:link, format:weblink}, Google Map,newtab=>),Google Map View],[bms_inventory(=>{type:link, format:weblink}, BMS Link,newtab=>), BMS Inventory],[bms_detail(=>{type:link, format:weblink},BMS Link,newtab=>), BMS Detailed View]","f_class_name":"PC Girder Bridge","f_class_color":"#6ebed6"},"geometry":{"type":"Point","coordinates":[90.7516667,23.5294444]}},
{"type":"Feature","properties":{"id":5161,"sl":5049,"map_link":"https://maps.google.com/?q=23.51333330000000000,90.87027780000000000&amp;z=8&amp;t=k","image_popup":"8088/bms/assets/uploads/images/bridges/bridge_5161/1678607574.jpg","bridge_name":"Eliotganj Bridge","bridge_type":"RC Girder Bridge","road_no":"N1","zone":"Cumilla","circle":"Cumilla","division":"Cumilla","subdivision":"Cumilla","sae":"Cumilla 3","bridge_length_(m)":33.2,"bridge_width_(m)":9.3,"chainage_(km)":55.33,"xcoord":90.8702778,"ycoord":23.5133333,"bms_inventory":"http://bms.rhd.gov.bd:8088/bms/bridges/inventory_view/5161","bms_detail":"http://bms.rhd.gov.bd:8088/bms/bridges/detail_view/5161","keys":"[bridge_name, Bridge Name], [bridge_type,Type], [chainage_(km), Chainage (km)], [road_no, On Road], [division, Division], [subdivision, Subdivision], [bridge_length_(m), Length (m)], [bridge_width_(m), Width (m)],[map_link(=>{type:link, format:weblink}, Google Map,newtab=>),Google Map View],[bms_inventory(=>{type:link, format:weblink}, BMS Link,newtab=>), BMS Inventory],[bms_detail(=>{type:link, format:weblink},BMS Link,newtab=>), BMS Detailed View]","f_class_name":"RC Girder Bridge","f_class_color":"#e8f674"},"geometry":{"type":"Point","coordinates":[90.8702778,23.5133333]}},
{"type":"Feature","properties":{"id":5162,"sl":10464,"map_link":"https://maps.google.com/?q=23.41305560000000000,91.18472220000000000&amp;z=8&amp;t=k","image_popup":"8088/bms/assets/uploads/images/bridges/bridge_5162/1678607444.jpeg","bridge_name":"Mostofapur Bridge","bridge_type":"RC Girder Bridge","road_no":"N1","zone":"Cumilla","circle":"Cumilla","division":"Cumilla","subdivision":"Cumilla","sae":"Cumilla 3","bridge_length_(m)":27.6,"bridge_width_(m)":9.2,"chainage_(km)":92.632,"xcoord":91.1847222,"ycoord":23.4130556,"bms_inventory":"http://bms.rhd.gov.bd:8088/bms/bridges/inventory_view/5162","bms_detail":"http://bms.rhd.gov.bd:8088/bms/bridges/detail_view/5162","keys":"[bridge_name, Bridge Name], [bridge_type,Type], [chainage_(km), Chainage (km)], [road_no, On Road], [division, Division], [subdivision, Subdivision], [bridge_length_(m), Length (m)], [bridge_width_(m), Width (m)],[map_link(=>{type:link, format:weblink}, Google Map,newtab=>),Google Map View],[bms_inventory(=>{type:link, format:weblink}, BMS Link,newtab=>), BMS Inventory],[bms_detail(=>{type:link, format:weblink},BMS Link,newtab=>), BMS Detailed View]","f_class_name":"RC Girder Bridge","f_class_color":"#e8f674"},"geometry":{"type":"Point","coordinates":[91.1847222,23.4130556]}},
{"type":"Feature","properties":{"id":5164,"sl":10466,"map_link":"https://maps.google.com/?q=23.41305560000000000,91.18500000000000000&amp;z=8&amp;t=k","image_popup":"8088/bms/assets/img/no_picture.png","bridge_name":"Mostofapur-2 Bridge","bridge_type":"RC Girder Bridge","road_no":"N1","zone":"Cumilla","circle":"Cumilla","division":"Cumilla","subdivision":"Cumilla","sae":"Cumilla 3","bridge_length_(m)":25.6,"bridge_width_(m)":11.2,"chainage_(km)":92.632,"xcoord":91.185,"ycoord":23.4130556,"bms_inventory":"http://bms.rhd.gov.bd:8088/bms/bridges/inventory_view/5164","bms_detail":"http://bms.rhd.gov.bd:8088/bms/bridges/detail_view/5164","keys":"[bridge_name, Bridge Name], [bridge_type,Type], [chainage_(km), Chainage (km)], [road_no, On Road], [division, Division], [subdivision, Subdivision], [bridge_length_(m), Length (m)], [bridge_width_(m), Width (m)],[map_link(=>{type:link, format:weblink}, Google Map,newtab=>),Google Map View],[bms_inventory(=>{type:link, format:weblink}, BMS Link,newtab=>), BMS Inventory],[bms_detail(=>{type:link, format:weblink},BMS Link,newtab=>), BMS Detailed View]","f_class_name":"RC Girder Bridge","f_class_color":"#e8f674"},"geometry":{"type":"Point","coordinates":[91.185,23.4130556]}},
{"type":"Feature","properties":{"id":5165,"sl":5050,"map_link":"https://maps.google.com/?q=23.51333330000000000,90.87027780000000000&amp;z=8&amp;t=k","image_popup":"8088/bms/assets/uploads/images/bridges/bridge_5165/1678608608.jpg","bridge_name":"Eliotganj-2 Bridge","bridge_type":"PC Girder Bridge","road_no":"N1","zone":"Cumilla","circle":"Cumilla","division":"Cumilla","subdivision":"Cumilla","sae":"Cumilla 3","bridge_length_(m)":28.2,"bridge_width_(m)":10.9,"chainage_(km)":55.33,"xcoord":90.8702778,"ycoord":23.5133333,"bms_inventory":"http://bms.rhd.gov.bd:8088/bms/bridges/inventory_view/5165","bms_detail":"http://bms.rhd.gov.bd:8088/bms/bridges/detail_view/5165","keys":"[bridge_name, Bridge Name], [bridge_type,Type], [chainage_(km), Chainage (km)], [road_no, On Road], [division, Division], [subdivision, Subdivision], [bridge_length_(m), Length (m)], [bridge_width_(m), Width (m)],[map_link(=>{type:link, format:weblink}, Google Map,newtab=>),Google Map View],[bms_inventory(=>{type:link, format:weblink}, BMS Link,newtab=>), BMS Inventory],[bms_detail(=>{type:link, format:weblink},BMS Link,newtab=>), BMS Detailed View]","f_class_name":"PC Girder Bridge","f_class_color":"#6ebed6"},"geometry":{"type":"Point","coordinates":[90.8702778,23.5133333]}},
{"type":"Feature","properties":{"id":5171,"sl":4113,"map_link":"https://maps.google.com/?q=23.53166670000000000,90.71722220000000000&amp;z=8&amp;t=k","image_popup":"8088/bms/assets/uploads/images/bridges/bridge_5171/1678615142.jpeg","bridge_name":"Daudkandi Bridge","bridge_type":"RC Girder Bridge","road_no":"N1","zone":"Cumilla","circle":"Cumilla","division":"Cumilla","subdivision":"Cumilla","sae":"Cumilla 3","bridge_length_(m)":23.5,"bridge_width_(m)":8.1,"chainage_(km)":38.543,"xcoord":90.7172222,"ycoord":23.5316667,"bms_inventory":"http://bms.rhd.gov.bd:8088/bms/bridges/inventory_view/5171","bms_detail":"http://bms.rhd.gov.bd:8088/bms/bridges/detail_view/5171","keys":"[bridge_name, Bridge Name], [bridge_type,Type], [chainage_(km), Chainage (km)], [road_no, On Road], [division, Division], [subdivision, Subdivision], [bridge_length_(m), Length (m)], [bridge_width_(m), Width (m)],[map_link(=>{type:link, format:weblink}, Google Map,newtab=>),Google Map View],[bms_inventory(=>{type:link, format:weblink}, BMS Link,newtab=>), BMS Inventory],[bms_detail(=>{type:link, format:weblink},BMS Link,newtab=>), BMS Detailed View]","f_class_name":"RC Girder Bridge","f_class_color":"#e8f674"},"geometry":{"type":"Point","coordinates":[90.7172222,23.5316667]}},
{"type":"Feature","properties":{"id":5183,"sl":6161,"map_link":"https://maps.google.com/?q=23.49527780000000000,90.98305560000000000&amp;z=8&amp;t=k","image_popup":"8088/bms/assets/uploads/images/bridges/bridge_5183/1678684845.jpg","bridge_name":"Harikhola Bazar-2 Bridge","bridge_type":"Small Slab Bridge","road_no":"N1","zone":"Cumilla","circle":"Cumilla","division":"Cumilla","subdivision":"Cumilla","sae":"Cumilla 3","bridge_length_(m)":5.4,"bridge_width_(m)":8.2,"chainage_(km)":65.543,"xcoord":90.9830556,"ycoord":23.4952778,"bms_inventory":"http://bms.rhd.gov.bd:8088/bms/bridges/inventory_view/5183","bms_detail":"http://bms.rhd.gov.bd:8088/bms/bridges/detail_view/5183","keys":"[bridge_name, Bridge Name], [bridge_type,Type], [chainage_(km), Chainage (km)], [road_no, On Road], [division, Division], [subdivision, Subdivision], [bridge_length_(m), Length (m)], [bridge_width_(m), Width (m)],[map_link(=>{type:link, format:weblink}, Google Map,newtab=>),Google Map View],[bms_inventory(=>{type:link, format:weblink}, BMS Link,newtab=>), BMS Inventory],[bms_detail(=>{type:link, format:weblink},BMS Link,newtab=>), BMS Detailed View]","f_class_name":"Small Slab Bridge","f_class_color":"#13b7dd"},"geometry":{"type":"Point","coordinates":[90.9830556,23.4952778]}},
{"type":"Feature","properties":{"id":5184,"sl":4395,"map_link":"https://maps.google.com/?q=23.36805560000000000,91.21333330000000000&amp;z=8&amp;t=k","image_popup":"8088/bms/assets/uploads/images/bridges/bridge_5184/1678685116.jpeg","bridge_name":"Dhononjay Bridge","bridge_type":"Small Slab Bridge","road_no":"Z1427","zone":"Cumilla","circle":"Cumilla","division":"Cumilla","subdivision":"Cumilla","sae":"Cumilla-2","bridge_length_(m)":1.7,"bridge_width_(m)":5.6,"chainage_(km)":0.0,"xcoord":91.2133333,"ycoord":23.3680556,"bms_inventory":"http://bms.rhd.gov.bd:8088/bms/bridges/inventory_view/5184","bms_detail":"http://bms.rhd.gov.bd:8088/bms/bridges/detail_view/5184","keys":"[bridge_name, Bridge Name], [bridge_type,Type], [chainage_(km), Chainage (km)], [road_no, On Road], [division, Division], [subdivision, Subdivision], [bridge_length_(m), Length (m)], [bridge_width_(m), Width (m)],[map_link(=>{type:link, format:weblink}, Google Map,newtab=>),Google Map View],[bms_inventory(=>{type:link, format:weblink}, BMS Link,newtab=>), BMS Inventory],[bms_detail(=>{type:link, format:weblink},BMS Link,newtab=>), BMS Detailed View]","f_class_name":"Small Slab Bridge","f_class_color":"#13b7dd"},"geometry":{"type":"Point","coordinates":[91.2133333,23.3680556]}},
{"type":"Feature","properties":{"id":5196,"sl":8694,"map_link":"https://maps.google.com/?q=23.30027780000000000,91.10888890000000000&amp;z=8&amp;t=k","image_popup":"8088/bms/assets/uploads/images/bridges/bridge_5196/1678694428.jpg","bridge_name":"Kosraish Bridge","bridge_type":"Small Slab Bridge","road_no":"Z1023","zone":"Cumilla","circle":"Cumilla","division":"Cumilla","subdivision":"Cumilla","sae":"Cumilla 3","bridge_length_(m)":2.3,"bridge_width_(m)":3.5,"chainage_(km)":0.0,"xcoord":91.1088889,"ycoord":23.3002778,"bms_inventory":"http://bms.rhd.gov.bd:8088/bms/bridges/inventory_view/5196","bms_detail":"http://bms.rhd.gov.bd:8088/bms/bridges/detail_view/5196","keys":"[bridge_name, Bridge Name], [bridge_type,Type], [chainage_(km), Chainage (km)], [road_no, On Road], [division, Division], [subdivision, Subdivision], [bridge_length_(m), Length (m)], [bridge_width_(m), Width (m)],[map_link(=>{type:link, format:weblink}, Google Map,newtab=>),Google Map View],[bms_inventory(=>{type:link, format:weblink}, BMS Link,newtab=>), BMS Inventory],[bms_detail(=>{type:link, format:weblink},BMS Link,newtab=>), BMS Detailed View]","f_class_name":"Small Slab Bridge","f_class_color":"#13b7dd"},"geometry":{"type":"Point","coordinates":[91.1088889,23.3002778]}},
{"type":"Feature","properties":{"id":5199,"sl":8701,"map_link":"https://maps.google.com/?q=23.44888890000000000,91.14722220000000000&amp;z=8&amp;t=k","image_popup":"8088/bms/assets/uploads/images/bridges/bridge_5199/1678695679.jpg","bridge_name":"Kotbari Bridge","bridge_type":"RC Girder Bridge","road_no":"N1","zone":"Cumilla","circle":"Cumilla","division":"Cumilla","subdivision":"Cumilla","sae":"Cumilla 3","bridge_length_(m)":22.8,"bridge_width_(m)":9.2,"chainage_(km)":87.132,"xcoord":91.1472222,"ycoord":23.4488889,"bms_inventory":"http://bms.rhd.gov.bd:8088/bms/bridges/inventory_view/5199","bms_detail":"http://bms.rhd.gov.bd:8088/bms/bridges/detail_view/5199","keys":"[bridge_name, Bridge Name], [bridge_type,Type], [chainage_(km), Chainage (km)], [road_no, On Road], [division, Division], [subdivision, Subdivision], [bridge_length_(m), Length (m)], [bridge_width_(m), Width (m)],[map_link(=>{type:link, format:weblink}, Google Map,newtab=>),Google Map View],[bms_inventory(=>{type:link, format:weblink}, BMS Link,newtab=>), BMS Inventory],[bms_detail(=>{type:link, format:weblink},BMS Link,newtab=>), BMS Detailed View]","f_class_name":"RC Girder Bridge","f_class_color":"#e8f674"},"geometry":{"type":"Point","coordinates":[91.1472222,23.4488889]}},
{"type":"Feature","properties":{"id":5206,"sl":2067,"map_link":"https://maps.google.com/?q=23.15555560000000000,91.24444440000000000&amp;z=8&amp;t=k","image_popup":"8088/bms/assets/uploads/images/bridges/bridge_5206/1678767477.jpeg","bridge_name":"Biruni School Bridge","bridge_type":"Small Slab Bridge","road_no":"Z1027","zone":"Cumilla","circle":"Cumilla","division":"Cumilla","subdivision":"Cumilla","sae":"Cumilla 3","bridge_length_(m)":1.8,"bridge_width_(m)":11.0,"chainage_(km)":0.0,"xcoord":91.2444444,"ycoord":23.1555556,"bms_inventory":"http://bms.rhd.gov.bd:8088/bms/bridges/inventory_view/5206","bms_detail":"http://bms.rhd.gov.bd:8088/bms/bridges/detail_view/5206","keys":"[bridge_name, Bridge Name], [bridge_type,Type], [chainage_(km), Chainage (km)], [road_no, On Road], [division, Division], [subdivision, Subdivision], [bridge_length_(m), Length (m)], [bridge_width_(m), Width (m)],[map_link(=>{type:link, format:weblink}, Google Map,newtab=>),Google Map View],[bms_inventory(=>{type:link, format:weblink}, BMS Link,newtab=>), BMS Inventory],[bms_detail(=>{type:link, format:weblink},BMS Link,newtab=>), BMS Detailed View]","f_class_name":"Small Slab Bridge","f_class_color":"#13b7dd"},"geometry":{"type":"Point","coordinates":[91.2444444,23.1555556]}},
{"type":"Feature","properties":{"id":5210,"sl":9013,"map_link":"https://maps.google.com/?q=23.35861110000000000,91.25333330000000000&amp;z=8&amp;t=k","image_popup":"8088/bms/assets/uploads/images/bridges/bridge_5210/1678771638.JPG","bridge_name":"Lalbag Bridge","bridge_type":"RC Girder Bridge","road_no":"N1","zone":"Cumilla","circle":"Cumilla","division":"Cumilla","subdivision":"Cumilla","sae":"Cumilla 3","bridge_length_(m)":22.8,"bridge_width_(m)":9.2,"chainage_(km)":102.614,"xcoord":91.2533333,"ycoord":23.3586111,"bms_inventory":"http://bms.rhd.gov.bd:8088/bms/bridges/inventory_view/5210","bms_detail":"http://bms.rhd.gov.bd:8088/bms/bridges/detail_view/5210","keys":"[bridge_name, Bridge Name], [bridge_type,Type], [chainage_(km), Chainage (km)], [road_no, On Road], [division, Division], [subdivision, Subdivision], [bridge_length_(m), Length (m)], [bridge_width_(m), Width (m)],[map_link(=>{type:link, format:weblink}, Google Map,newtab=>),Google Map View],[bms_inventory(=>{type:link, format:weblink}, BMS Link,newtab=>), BMS Inventory],[bms_detail(=>{type:link, format:weblink},BMS Link,newtab=>), BMS Detailed View]","f_class_name":"RC Girder Bridge","f_class_color":"#e8f674"},"geometry":{"type":"Point","coordinates":[91.2533333,23.3586111]}},
{"type":"Feature","properties":{"id":5213,"sl":9014,"map_link":"https://maps.google.com/?q=23.35861110000000000,91.25305560000000000&amp;z=8&amp;t=k","image_popup":"8088/bms/assets/uploads/images/bridges/bridge_5213/1678772980.jpg","bridge_name":"Lalbag Bridge 2","bridge_type":"RC Girder Bridge","road_no":"N1","zone":"Cumilla","circle":"Cumilla","division":"Cumilla","subdivision":"Cumilla","sae":"Cumilla 3","bridge_length_(m)":22.8,"bridge_width_(m)":11.3,"chainage_(km)":102.0,"xcoord":91.2530556,"ycoord":23.3586111,"bms_inventory":"http://bms.rhd.gov.bd:8088/bms/bridges/inventory_view/5213","bms_detail":"http://bms.rhd.gov.bd:8088/bms/bridges/detail_view/5213","keys":"[bridge_name, Bridge Name], [bridge_type,Type], [chainage_(km), Chainage (km)], [road_no, On Road], [division, Division], [subdivision, Subdivision], [bridge_length_(m), Length (m)], [bridge_width_(m), Width (m)],[map_link(=>{type:link, format:weblink}, Google Map,newtab=>),Google Map View],[bms_inventory(=>{type:link, format:weblink}, BMS Link,newtab=>), BMS Inventory],[bms_detail(=>{type:link, format:weblink},BMS Link,newtab=>), BMS Detailed View]","f_class_name":"RC Girder Bridge","f_class_color":"#e8f674"},"geometry":{"type":"Point","coordinates":[91.2530556,23.3586111]}},
{"type":"Feature","properties":{"id":5217,"sl":11439,"map_link":"https://maps.google.com/?q=23.49805560000000000,90.96472220000000000&amp;z=8&amp;t=k","image_popup":"8088/bms/assets/uploads/images/bridges/bridge_5217/1678777336.jpeg","bridge_name":"Nuritola Bridge","bridge_type":"Small Slab Bridge","road_no":"N1","zone":"Cumilla","circle":"Cumilla","division":"Cumilla","subdivision":"Cumilla","sae":"Cumilla-1","bridge_length_(m)":5.5,"bridge_width_(m)":8.3,"chainage_(km)":65.543,"xcoord":90.9647222,"ycoord":23.4980556,"bms_inventory":"http://bms.rhd.gov.bd:8088/bms/bridges/inventory_view/5217","bms_detail":"http://bms.rhd.gov.bd:8088/bms/bridges/detail_view/5217","keys":"[bridge_name, Bridge Name], [bridge_type,Type], [chainage_(km), Chainage (km)], [road_no, On Road], [division, Division], [subdivision, Subdivision], [bridge_length_(m), Length (m)], [bridge_width_(m), Width (m)],[map_link(=>{type:link, format:weblink}, Google Map,newtab=>),Google Map View],[bms_inventory(=>{type:link, format:weblink}, BMS Link,newtab=>), BMS Inventory],[bms_detail(=>{type:link, format:weblink},BMS Link,newtab=>), BMS Detailed View]","f_class_name":"Small Slab Bridge","f_class_color":"#13b7dd"},"geometry":{"type":"Point","coordinates":[90.9647222,23.4980556]}},
{"type":"Feature","properties":{"id":5235,"sl":15956,"map_link":"https://maps.google.com/?q=23.53083330000000000,90.80416670000000000&amp;z=8&amp;t=k","image_popup":"8088/bms/assets/uploads/images/bridges/bridge_5235/1678861692.jpg","bridge_name":"Zinglatoli Bridge","bridge_type":"RC Girder Bridge","road_no":"N1","zone":"Cumilla","circle":"Cumilla","division":"Cumilla","subdivision":"Cumilla","sae":"Cumilla 3","bridge_length_(m)":18.0,"bridge_width_(m)":11.7,"chainage_(km)":47.672,"xcoord":90.8041667,"ycoord":23.5308333,"bms_inventory":"http://bms.rhd.gov.bd:8088/bms/bridges/inventory_view/5235","bms_detail":"http://bms.rhd.gov.bd:8088/bms/bridges/detail_view/5235","keys":"[bridge_name, Bridge Name], [bridge_type,Type], [chainage_(km), Chainage (km)], [road_no, On Road], [division, Division], [subdivision, Subdivision], [bridge_length_(m), Length (m)], [bridge_width_(m), Width (m)],[map_link(=>{type:link, format:weblink}, Google Map,newtab=>),Google Map View],[bms_inventory(=>{type:link, format:weblink}, BMS Link,newtab=>), BMS Inventory],[bms_detail(=>{type:link, format:weblink},BMS Link,newtab=>), BMS Detailed View]","f_class_name":"RC Girder Bridge","f_class_color":"#e8f674"},"geometry":{"type":"Point","coordinates":[90.8041667,23.5308333]}},
{"type":"Feature","properties":{"id":5236,"sl":15957,"map_link":"https://maps.google.com/?q=23.53083330000000000,90.80444440000000000&amp;z=8&amp;t=k","image_popup":"8088/bms/assets/uploads/images/bridges/bridge_5236/1678862416.jpg","bridge_name":"Zinglatoli-2 Bridge","bridge_type":"PC Girder Bridge","road_no":"N1","zone":"Cumilla","circle":"Cumilla","division":"Cumilla","subdivision":"Cumilla","sae":"Cumilla 3","bridge_length_(m)":18.0,"bridge_width_(m)":11.2,"chainage_(km)":47.672,"xcoord":90.8044444,"ycoord":23.5308333,"bms_inventory":"http://bms.rhd.gov.bd:8088/bms/bridges/inventory_view/5236","bms_detail":"http://bms.rhd.gov.bd:8088/bms/bridges/detail_view/5236","keys":"[bridge_name, Bridge Name], [bridge_type,Type], [chainage_(km), Chainage (km)], [road_no, On Road], [division, Division], [subdivision, Subdivision], [bridge_length_(m), Length (m)], [bridge_width_(m), Width (m)],[map_link(=>{type:link, format:weblink}, Google Map,newtab=>),Google Map View],[bms_inventory(=>{type:link, format:weblink}, BMS Link,newtab=>), BMS Inventory],[bms_detail(=>{type:link, format:weblink},BMS Link,newtab=>), BMS Detailed View]","f_class_name":"PC Girder Bridge","f_class_color":"#6ebed6"},"geometry":{"type":"Point","coordinates":[90.8044444,23.5308333]}},
{"type":"Feature","properties":{"id":5237,"sl":3460,"map_link":"https://maps.google.com/?q=23.40388890000000000,91.21777780000000000&amp;z=8&amp;t=k","image_popup":"8088/bms/assets/uploads/images/bridges/bridge_5237/1678863275.jpg","bridge_name":"Choara-1 Bridge","bridge_type":"RC Girder Bridge","road_no":"N1","zone":"Cumilla","circle":"Cumilla","division":"Cumilla","subdivision":"Cumilla","sae":"Cumilla 3","bridge_length_(m)":30.0,"bridge_width_(m)":9.2,"chainage_(km)":100.071,"xcoord":91.2177778,"ycoord":23.4038889,"bms_inventory":"http://bms.rhd.gov.bd:8088/bms/bridges/inventory_view/5237","bms_detail":"http://bms.rhd.gov.bd:8088/bms/bridges/detail_view/5237","keys":"[bridge_name, Bridge Name], [bridge_type,Type], [chainage_(km), Chainage (km)], [road_no, On Road], [division, Division], [subdivision, Subdivision], [bridge_length_(m), Length (m)], [bridge_width_(m), Width (m)],[map_link(=>{type:link, format:weblink}, Google Map,newtab=>),Google Map View],[bms_inventory(=>{type:link, format:weblink}, BMS Link,newtab=>), BMS Inventory],[bms_detail(=>{type:link, format:weblink},BMS Link,newtab=>), BMS Detailed View]","f_class_name":"RC Girder Bridge","f_class_color":"#e8f674"},"geometry":{"type":"Point","coordinates":[91.2177778,23.4038889]}},
{"type":"Feature","properties":{"id":5238,"sl":3461,"map_link":"https://maps.google.com/?q=23.40388890000000000,91.21805560000000000&amp;z=8&amp;t=k","image_popup":"8088/bms/assets/uploads/images/bridges/bridge_5238/1678864201.jpg","bridge_name":"Choara-2 Bridge","bridge_type":"RC Girder Bridge","road_no":"N1","zone":"Cumilla","circle":"Cumilla","division":"Cumilla","subdivision":"Cumilla","sae":"Cumilla 3","bridge_length_(m)":25.9,"bridge_width_(m)":11.2,"chainage_(km)":100.071,"xcoord":91.2180556,"ycoord":23.4038889,"bms_inventory":"http://bms.rhd.gov.bd:8088/bms/bridges/inventory_view/5238","bms_detail":"http://bms.rhd.gov.bd:8088/bms/bridges/detail_view/5238","keys":"[bridge_name, Bridge Name], [bridge_type,Type], [chainage_(km), Chainage (km)], [road_no, On Road], [division, Division], [subdivision, Subdivision], [bridge_length_(m), Length (m)], [bridge_width_(m), Width (m)],[map_link(=>{type:link, format:weblink}, Google Map,newtab=>),Google Map View],[bms_inventory(=>{type:link, format:weblink}, BMS Link,newtab=>), BMS Inventory],[bms_detail(=>{type:link, format:weblink},BMS Link,newtab=>), BMS Detailed View]","f_class_name":"RC Girder Bridge","f_class_color":"#e8f674"},"geometry":{"type":"Point","coordinates":[91.2180556,23.4038889]}},
{"type":"Feature","properties":{"id":5240,"sl":4882,"map_link":"https://maps.google.com/?q=23.48916670000000000,91.01194440000000000&amp;z=8&amp;t=k","image_popup":"8088/bms/assets/uploads/images/bridges/bridge_5240/1678867189.JPG","bridge_name":"Durgabari Bridge","bridge_type":"RC Girder Bridge","road_no":"N1","zone":"Cumilla","circle":"Cumilla","division":"Cumilla","subdivision":"Cumilla","sae":"Cumilla 3","bridge_length_(m)":22.7,"bridge_width_(m)":9.6,"chainage_(km)":70.52,"xcoord":91.0119444,"ycoord":23.4891667,"bms_inventory":"http://bms.rhd.gov.bd:8088/bms/bridges/inventory_view/5240","bms_detail":"http://bms.rhd.gov.bd:8088/bms/bridges/detail_view/5240","keys":"[bridge_name, Bridge Name], [bridge_type,Type], [chainage_(km), Chainage (km)], [road_no, On Road], [division, Division], [subdivision, Subdivision], [bridge_length_(m), Length (m)], [bridge_width_(m), Width (m)],[map_link(=>{type:link, format:weblink}, Google Map,newtab=>),Google Map View],[bms_inventory(=>{type:link, format:weblink}, BMS Link,newtab=>), BMS Inventory],[bms_detail(=>{type:link, format:weblink},BMS Link,newtab=>), BMS Detailed View]","f_class_name":"RC Girder Bridge","f_class_color":"#e8f674"},"geometry":{"type":"Point","coordinates":[91.0119444,23.4891667]}},
{"type":"Feature","properties":{"id":5241,"sl":4883,"map_link":"https://maps.google.com/?q=23.48916670000000000,91.01222220000000000&amp;z=8&amp;t=k","image_popup":"8088/bms/assets/uploads/images/bridges/bridge_5241/1678867771.jpg","bridge_name":"Durgabari-2 Bridge","bridge_type":"RC Girder Bridge","road_no":"N1","zone":"Cumilla","circle":"Cumilla","division":"Cumilla","subdivision":"Cumilla","sae":"Cumilla 3","bridge_length_(m)":23.0,"bridge_width_(m)":13.0,"chainage_(km)":70.52,"xcoord":91.0122222,"ycoord":23.4891667,"bms_inventory":"http://bms.rhd.gov.bd:8088/bms/bridges/inventory_view/5241","bms_detail":"http://bms.rhd.gov.bd:8088/bms/bridges/detail_view/5241","keys":"[bridge_name, Bridge Name], [bridge_type,Type], [chainage_(km), Chainage (km)], [road_no, On Road], [division, Division], [subdivision, Subdivision], [bridge_length_(m), Length (m)], [bridge_width_(m), Width (m)],[map_link(=>{type:link, format:weblink}, Google Map,newtab=>),Google Map View],[bms_inventory(=>{type:link, format:weblink}, BMS Link,newtab=>), BMS Inventory],[bms_detail(=>{type:link, format:weblink},BMS Link,newtab=>), BMS Detailed View]","f_class_name":"RC Girder Bridge","f_class_color":"#e8f674"},"geometry":{"type":"Point","coordinates":[91.0122222,23.4891667]}}
]
}
