{
"type": "FeatureCollection",
"name": "khulna_zone_bridges",
"crs": { "type": "name", "properties": { "name": "urn:ogc:def:crs:OGC:1.3:CRS84" } },
"features": [
{"type":"Feature","properties":{"id":105403,"sl":4413,"map_link":"https://maps.google.com/?q=23.53186110000000000,89.18603060000000000&amp;z=8&amp;t=k","image_popup":"8088/bms/assets/img/no_picture.png","bridge_name":"Dhopagata PC Girder Bridge","bridge_type":"PC Girder Bridge","road_no":"N7","zone":"Khulna","circle":"Kushtia","division":"Jhenaidah","subdivision":"Jhenaidah","sae":"SO-Jhenaidah-2","bridge_length_(m)":42.2,"bridge_width_(m)":10.435,"chainage_(km)":104.657,"ycoord":23.5318611,"xcoord":89.1860306,"bms_inventory":"http://bms.rhd.gov.bd:8088/bms/bridges/inventory_view/105403","bms_detail":"http://bms.rhd.gov.bd:8088/bms/bridges/detail_view/105403","f_class_name":"PC Girder Bridge","keys":"[bridge_name, Bridge Name], [bridge_type,Type], [chainage_(km), Chainage (km)], [road_no, On Road], [division, Division], [subdivision, Subdivision], [bridge_length_(m), Length (m)], [bridge_width_(m), Width (m)],[map_link(=>{type:link, format:weblink}, Google Map,newtab=>),Google Map View],[bms_inventory(=>{type:link, format:weblink}, BMS Link,newtab=>), BMS Inventory],[bms_detail(=>{type:link, format:weblink},BMS Link,newtab=>), BMS Detailed View]","f_class_color":"#6ebed6"},"geometry":{"type":"Point","coordinates":[89.1860306,23.5318611]}},
{"type":"Feature","properties":{"id":105416,"sl":1682,"map_link":"https://maps.google.com/?q=23.47579166666700000,89.14291111111100000&amp;z=8&amp;t=k","image_popup":"8088/bms/assets/img/no_picture.png","bridge_name":"Begaboti RCC girder bridge","bridge_type":"RC Girder Bridge","road_no":"N7","zone":"Khulna","circle":"Kushtia","division":"Jhenaidah","subdivision":"Jhenaidah","sae":"SO-Jhenaidah-3","bridge_length_(m)":31.5,"bridge_width_(m)":8.36,"chainage_(km)":112.698,"ycoord":23.475791666667,"xcoord":89.142911111111005,"bms_inventory":"http://bms.rhd.gov.bd:8088/bms/bridges/inventory_view/105416","bms_detail":"http://bms.rhd.gov.bd:8088/bms/bridges/detail_view/105416","f_class_name":"RC Girder Bridge","keys":"[bridge_name, Bridge Name], [bridge_type,Type], [chainage_(km), Chainage (km)], [road_no, On Road], [division, Division], [subdivision, Subdivision], [bridge_length_(m), Length (m)], [bridge_width_(m), Width (m)],[map_link(=>{type:link, format:weblink}, Google Map,newtab=>),Google Map View],[bms_inventory(=>{type:link, format:weblink}, BMS Link,newtab=>), BMS Inventory],[bms_detail(=>{type:link, format:weblink},BMS Link,newtab=>), BMS Detailed View]","f_class_color":"#e8f674"},"geometry":{"type":"Point","coordinates":[89.142911111111005,23.475791666667]}},
{"type":"Feature","properties":{"id":105446,"sl":7452,"map_link":"https://maps.google.com/?q=23.41233888888900000,89.13430555555600000&amp;z=8&amp;t=k","image_popup":"8088/bms/assets/uploads/images/prudential_images/bridges/bridge_5446/1700028323.jpg","bridge_name":"Kaliganj Bazar (Chitra) Balance Cantilever Bridge","bridge_type":"RC Girder Bridge","road_no":"N7","zone":"Khulna","circle":"Kushtia","division":"Jhenaidah","subdivision":"Jhenaidah","sae":"SO-Jhenaidah-3","bridge_length_(m)":43.1,"bridge_width_(m)":9.5,"chainage_(km)":119.908,"ycoord":23.412338888889,"xcoord":89.134305555555997,"bms_inventory":"http://bms.rhd.gov.bd:8088/bms/bridges/inventory_view/105446","bms_detail":"http://bms.rhd.gov.bd:8088/bms/bridges/detail_view/105446","f_class_name":"RC Girder Bridge","keys":"[bridge_name, Bridge Name], [bridge_type,Type], [chainage_(km), Chainage (km)], [road_no, On Road], [division, Division], [subdivision, Subdivision], [bridge_length_(m), Length (m)], [bridge_width_(m), Width (m)],[map_link(=>{type:link, format:weblink}, Google Map,newtab=>),Google Map View],[bms_inventory(=>{type:link, format:weblink}, BMS Link,newtab=>), BMS Inventory],[bms_detail(=>{type:link, format:weblink},BMS Link,newtab=>), BMS Detailed View]","f_class_color":"#e8f674"},"geometry":{"type":"Point","coordinates":[89.134305555555997,23.412338888889]}},
{"type":"Feature","properties":{"id":105499,"sl":3071,"map_link":"https://maps.google.com/?q=23.65555560000000000,89.19863060000000000&amp;z=8&amp;t=k","image_popup":"8088/bms/assets/uploads/images/prudential_images/bridges/bridge_5499/1700368199.jpg","bridge_name":"Chandipur PC Girder Bridge","bridge_type":"PC Girder Bridge","road_no":"N704","zone":"Khulna","circle":"Kushtia","division":"Jhenaidah","subdivision":"Jhenaidah","sae":"SO-Jhenaidah-1","bridge_length_(m)":30.0,"bridge_width_(m)":10.63,"chainage_(km)":12.723,"ycoord":23.6555556,"xcoord":89.1986306,"bms_inventory":"http://bms.rhd.gov.bd:8088/bms/bridges/inventory_view/105499","bms_detail":"http://bms.rhd.gov.bd:8088/bms/bridges/detail_view/105499","f_class_name":"PC Girder Bridge","keys":"[bridge_name, Bridge Name], [bridge_type,Type], [chainage_(km), Chainage (km)], [road_no, On Road], [division, Division], [subdivision, Subdivision], [bridge_length_(m), Length (m)], [bridge_width_(m), Width (m)],[map_link(=>{type:link, format:weblink}, Google Map,newtab=>),Google Map View],[bms_inventory(=>{type:link, format:weblink}, BMS Link,newtab=>), BMS Inventory],[bms_detail(=>{type:link, format:weblink},BMS Link,newtab=>), BMS Detailed View]","f_class_color":"#6ebed6"},"geometry":{"type":"Point","coordinates":[89.1986306,23.6555556]}},
{"type":"Feature","properties":{"id":105657,"sl":1494,"map_link":"https://maps.google.com/?q=23.39664638888900000,88.99159611111100000&amp;z=8&amp;t=k","image_popup":"8088/bms/assets/uploads/images/prudential_images/bridges/bridge_5657/1701837527.jpg","bridge_name":"Baromashi Bridge","bridge_type":"RC Girder Bridge","road_no":"R748","zone":"Khulna","circle":"Kushtia","division":"Jhenaidah","subdivision":"Jhenaidah","sae":"SO-Jhenaidah-3","bridge_length_(m)":18.7,"bridge_width_(m)":7.6,"chainage_(km)":49.76,"ycoord":23.396646388889,"xcoord":88.991596111110994,"bms_inventory":"http://bms.rhd.gov.bd:8088/bms/bridges/inventory_view/105657","bms_detail":"http://bms.rhd.gov.bd:8088/bms/bridges/detail_view/105657","f_class_name":"RC Girder Bridge","keys":"[bridge_name, Bridge Name], [bridge_type,Type], [chainage_(km), Chainage (km)], [road_no, On Road], [division, Division], [subdivision, Subdivision], [bridge_length_(m), Length (m)], [bridge_width_(m), Width (m)],[map_link(=>{type:link, format:weblink}, Google Map,newtab=>),Google Map View],[bms_inventory(=>{type:link, format:weblink}, BMS Link,newtab=>), BMS Inventory],[bms_detail(=>{type:link, format:weblink},BMS Link,newtab=>), BMS Detailed View]","f_class_color":"#e8f674"},"geometry":{"type":"Point","coordinates":[88.991596111110994,23.396646388889]}},
{"type":"Feature","properties":{"id":105660,"sl":8109,"map_link":"https://maps.google.com/?q=23.38892250000000000,88.94206583333300000&amp;z=8&amp;t=k","image_popup":"8088/bms/assets/uploads/images/prudential_images/bridges/bridge_5660/1702545281.jpg","bridge_name":"Khalish Pur Bridge","bridge_type":"RC Girder Bridge","road_no":"R748","zone":"Khulna","circle":"Kushtia","division":"Jhenaidah","subdivision":"Jhenaidah","sae":"SO-Jhenaidah-3","bridge_length_(m)":55.1,"bridge_width_(m)":8.1,"chainage_(km)":44.557,"ycoord":23.3889225,"xcoord":88.942065833333004,"bms_inventory":"http://bms.rhd.gov.bd:8088/bms/bridges/inventory_view/105660","bms_detail":"http://bms.rhd.gov.bd:8088/bms/bridges/detail_view/105660","f_class_name":"RC Girder Bridge","keys":"[bridge_name, Bridge Name], [bridge_type,Type], [chainage_(km), Chainage (km)], [road_no, On Road], [division, Division], [subdivision, Subdivision], [bridge_length_(m), Length (m)], [bridge_width_(m), Width (m)],[map_link(=>{type:link, format:weblink}, Google Map,newtab=>),Google Map View],[bms_inventory(=>{type:link, format:weblink}, BMS Link,newtab=>), BMS Inventory],[bms_detail(=>{type:link, format:weblink},BMS Link,newtab=>), BMS Detailed View]","f_class_color":"#e8f674"},"geometry":{"type":"Point","coordinates":[88.942065833333004,23.3889225]}},
{"type":"Feature","properties":{"id":105743,"sl":6779,"map_link":"https://maps.google.com/?q=23.46085777777800000,89.05141666666700000&amp;z=8&amp;t=k","image_popup":"8088/bms/assets/uploads/images/prudential_images/bridges/bridge_5743/1701599338.jpg","bridge_name":"Jalalpur RCC Girder Bridge","bridge_type":"RC Girder Bridge","road_no":"Z7489","zone":"Khulna","circle":"Kushtia","division":"Jhenaidah","subdivision":"Jhenaidah","sae":"SO-Jhenaidah-3","bridge_length_(m)":6.5,"bridge_width_(m)":4.4,"chainage_(km)":11.852,"ycoord":23.460857777777999,"xcoord":89.051416666666995,"bms_inventory":"http://bms.rhd.gov.bd:8088/bms/bridges/inventory_view/105743","bms_detail":"http://bms.rhd.gov.bd:8088/bms/bridges/detail_view/105743","f_class_name":"RC Girder Bridge","keys":"[bridge_name, Bridge Name], [bridge_type,Type], [chainage_(km), Chainage (km)], [road_no, On Road], [division, Division], [subdivision, Subdivision], [bridge_length_(m), Length (m)], [bridge_width_(m), Width (m)],[map_link(=>{type:link, format:weblink}, Google Map,newtab=>),Google Map View],[bms_inventory(=>{type:link, format:weblink}, BMS Link,newtab=>), BMS Inventory],[bms_detail(=>{type:link, format:weblink},BMS Link,newtab=>), BMS Detailed View]","f_class_color":"#e8f674"},"geometry":{"type":"Point","coordinates":[89.051416666666995,23.460857777777999]}},
{"type":"Feature","properties":{"id":105786,"sl":8502,"map_link":"https://maps.google.com/?q=22.79014305555600000,89.48262777777800000&amp;z=8&amp;t=k","image_popup":"8088/bms/assets/uploads/images/prudential_images/bridges/bridge_5786/1701682814.jpg","bridge_name":"koiya PC Girder Bridge","bridge_type":"PC Girder Bridge","road_no":"R760","zone":"Khulna","circle":"Khulna","division":"Khulna","subdivision":"Khulna-2","sae":"SO-Khulna Sub Division-2-1","bridge_length_(m)":74.5,"bridge_width_(m)":10.74,"chainage_(km)":9.42,"ycoord":22.790143055556001,"xcoord":89.482627777778006,"bms_inventory":"http://bms.rhd.gov.bd:8088/bms/bridges/inventory_view/105786","bms_detail":"http://bms.rhd.gov.bd:8088/bms/bridges/detail_view/105786","f_class_name":"PC Girder Bridge","keys":"[bridge_name, Bridge Name], [bridge_type,Type], [chainage_(km), Chainage (km)], [road_no, On Road], [division, Division], [subdivision, Subdivision], [bridge_length_(m), Length (m)], [bridge_width_(m), Width (m)],[map_link(=>{type:link, format:weblink}, Google Map,newtab=>),Google Map View],[bms_inventory(=>{type:link, format:weblink}, BMS Link,newtab=>), BMS Inventory],[bms_detail(=>{type:link, format:weblink},BMS Link,newtab=>), BMS Detailed View]","f_class_color":"#6ebed6"},"geometry":{"type":"Point","coordinates":[89.482627777778006,22.790143055556001]}},
{"type":"Feature","properties":{"id":105793,"sl":9282,"map_link":"https://maps.google.com/?q=22.86192416666700000,89.50110000000000000&amp;z=8&amp;t=k","image_popup":"8088/bms/assets/uploads/images/prudential_images/bridges/bridge_5793/1701749435.jpg","bridge_name":"Lota PC Girder Bridge","bridge_type":"PC Girder Bridge","road_no":"N709","zone":"Khulna","circle":"Khulna","division":"Khulna","subdivision":"Khulna-1","sae":"SO-Khulna Sub Division-1-1","bridge_length_(m)":30.8,"bridge_width_(m)":18.68,"chainage_(km)":8.84,"ycoord":22.861924166666999,"xcoord":89.5011,"bms_inventory":"http://bms.rhd.gov.bd:8088/bms/bridges/inventory_view/105793","bms_detail":"http://bms.rhd.gov.bd:8088/bms/bridges/detail_view/105793","f_class_name":"PC Girder Bridge","keys":"[bridge_name, Bridge Name], [bridge_type,Type], [chainage_(km), Chainage (km)], [road_no, On Road], [division, Division], [subdivision, Subdivision], [bridge_length_(m), Length (m)], [bridge_width_(m), Width (m)],[map_link(=>{type:link, format:weblink}, Google Map,newtab=>),Google Map View],[bms_inventory(=>{type:link, format:weblink}, BMS Link,newtab=>), BMS Inventory],[bms_detail(=>{type:link, format:weblink},BMS Link,newtab=>), BMS Detailed View]","f_class_color":"#6ebed6"},"geometry":{"type":"Point","coordinates":[89.5011,22.861924166666999]}},
{"type":"Feature","properties":{"id":105832,"sl":4072,"map_link":"https://maps.google.com/?q=22.96548555555600000,89.59693219444400000&amp;z=8&amp;t=k","image_popup":"8088/bms/assets/uploads/images/prudential_images/bridges/bridge_5832/1701859854.jpg","bridge_name":"Dari Mohishdia RCC Girder Bridge","bridge_type":"RC Girder Bridge","road_no":"Z7040","zone":"Khulna","circle":"Khulna","division":"Khulna","subdivision":"Khulna-2","sae":"SO-Khulna Sub Division-2-3","bridge_length_(m)":12.2,"bridge_width_(m)":4.5,"chainage_(km)":20.485,"ycoord":22.965485555556,"xcoord":89.596932194443994,"bms_inventory":"http://bms.rhd.gov.bd:8088/bms/bridges/inventory_view/105832","bms_detail":"http://bms.rhd.gov.bd:8088/bms/bridges/detail_view/105832","f_class_name":"RC Girder Bridge","keys":"[bridge_name, Bridge Name], [bridge_type,Type], [chainage_(km), Chainage (km)], [road_no, On Road], [division, Division], [subdivision, Subdivision], [bridge_length_(m), Length (m)], [bridge_width_(m), Width (m)],[map_link(=>{type:link, format:weblink}, Google Map,newtab=>),Google Map View],[bms_inventory(=>{type:link, format:weblink}, BMS Link,newtab=>), BMS Inventory],[bms_detail(=>{type:link, format:weblink},BMS Link,newtab=>), BMS Detailed View]","f_class_color":"#e8f674"},"geometry":{"type":"Point","coordinates":[89.596932194443994,22.965485555556]}},
{"type":"Feature","properties":{"id":105879,"sl":3164,"map_link":"https://maps.google.com/?q=23.37073577777800000,89.18118908333300000&amp;z=8&amp;t=k","image_popup":"8088/bms/assets/uploads/images/prudential_images/bridges/bridge_5879/1702198741.jpg","bridge_name":"Chaprail Bridge","bridge_type":"PC Girder Bridge","road_no":"Z7057","zone":"Khulna","circle":"Kushtia","division":"Jhenaidah","subdivision":"Jhenaidah","sae":"SO-Jhenaidah-3","bridge_length_(m)":44.0,"bridge_width_(m)":10.3,"chainage_(km)":4.94,"ycoord":23.370735777777998,"xcoord":89.181189083332995,"bms_inventory":"http://bms.rhd.gov.bd:8088/bms/bridges/inventory_view/105879","bms_detail":"http://bms.rhd.gov.bd:8088/bms/bridges/detail_view/105879","f_class_name":"PC Girder Bridge","keys":"[bridge_name, Bridge Name], [bridge_type,Type], [chainage_(km), Chainage (km)], [road_no, On Road], [division, Division], [subdivision, Subdivision], [bridge_length_(m), Length (m)], [bridge_width_(m), Width (m)],[map_link(=>{type:link, format:weblink}, Google Map,newtab=>),Google Map View],[bms_inventory(=>{type:link, format:weblink}, BMS Link,newtab=>), BMS Inventory],[bms_detail(=>{type:link, format:weblink},BMS Link,newtab=>), BMS Detailed View]","f_class_color":"#6ebed6"},"geometry":{"type":"Point","coordinates":[89.181189083332995,23.370735777777998]}},
{"type":"Feature","properties":{"id":105898,"sl":14960,"map_link":"https://maps.google.com/?q=22.94934050000000000,89.67505308333300000&amp;z=8&amp;t=k","image_popup":"8088/bms/assets/uploads/images/prudential_images/bridges/bridge_5898/1702291039.jpg","bridge_name":"Terokhada RCC Girder Bridge","bridge_type":"RC Girder Bridge","road_no":"Z7045","zone":"Khulna","circle":"Khulna","division":"Khulna","subdivision":"Khulna-2","sae":"SO-Khulna Sub Division-2-3","bridge_length_(m)":13.9,"bridge_width_(m)":4.8,"chainage_(km)":1.3,"ycoord":22.9493405,"xcoord":89.675053083332998,"bms_inventory":"http://bms.rhd.gov.bd:8088/bms/bridges/inventory_view/105898","bms_detail":"http://bms.rhd.gov.bd:8088/bms/bridges/detail_view/105898","f_class_name":"RC Girder Bridge","keys":"[bridge_name, Bridge Name], [bridge_type,Type], [chainage_(km), Chainage (km)], [road_no, On Road], [division, Division], [subdivision, Subdivision], [bridge_length_(m), Length (m)], [bridge_width_(m), Width (m)],[map_link(=>{type:link, format:weblink}, Google Map,newtab=>),Google Map View],[bms_inventory(=>{type:link, format:weblink}, BMS Link,newtab=>), BMS Inventory],[bms_detail(=>{type:link, format:weblink},BMS Link,newtab=>), BMS Detailed View]","f_class_color":"#e8f674"},"geometry":{"type":"Point","coordinates":[89.675053083332998,22.9493405]}},
{"type":"Feature","properties":{"id":105900,"sl":121,"map_link":"https://maps.google.com/?q=22.95776850000000000,89.67994538888900000&amp;z=8&amp;t=k","image_popup":"8088/bms/assets/img/no_picture.png","bridge_name":"Adampur RCC Girder Bridge","bridge_type":"RC Girder Bridge","road_no":"Z7045","zone":"Khulna","circle":"Khulna","division":"Khulna","subdivision":"Khulna-2","sae":"SO-Khulna Sub Division-2-3","bridge_length_(m)":8.0,"bridge_width_(m)":4.3,"chainage_(km)":2.366,"ycoord":22.9577685,"xcoord":89.679945388888996,"bms_inventory":"http://bms.rhd.gov.bd:8088/bms/bridges/inventory_view/105900","bms_detail":"http://bms.rhd.gov.bd:8088/bms/bridges/detail_view/105900","f_class_name":"RC Girder Bridge","keys":"[bridge_name, Bridge Name], [bridge_type,Type], [chainage_(km), Chainage (km)], [road_no, On Road], [division, Division], [subdivision, Subdivision], [bridge_length_(m), Length (m)], [bridge_width_(m), Width (m)],[map_link(=>{type:link, format:weblink}, Google Map,newtab=>),Google Map View],[bms_inventory(=>{type:link, format:weblink}, BMS Link,newtab=>), BMS Inventory],[bms_detail(=>{type:link, format:weblink},BMS Link,newtab=>), BMS Detailed View]","f_class_color":"#e8f674"},"geometry":{"type":"Point","coordinates":[89.679945388888996,22.9577685]}},
{"type":"Feature","properties":{"id":105902,"sl":122,"map_link":"https://maps.google.com/?q=22.96434677777800000,89.68710388888900000&amp;z=8&amp;t=k","image_popup":"8088/bms/assets/uploads/images/prudential_images/bridges/bridge_5902/1702294628.jpg","bridge_name":"Adampur RCC Girder Bridge 2","bridge_type":"RC Girder Bridge","road_no":"Z7045","zone":"Khulna","circle":"Khulna","division":"Khulna","subdivision":"Khulna-2","sae":"SO-Khulna Sub Division-2-3","bridge_length_(m)":12.8,"bridge_width_(m)":4.7,"chainage_(km)":3.428,"ycoord":22.964346777778001,"xcoord":89.687103888888998,"bms_inventory":"http://bms.rhd.gov.bd:8088/bms/bridges/inventory_view/105902","bms_detail":"http://bms.rhd.gov.bd:8088/bms/bridges/detail_view/105902","f_class_name":"RC Girder Bridge","keys":"[bridge_name, Bridge Name], [bridge_type,Type], [chainage_(km), Chainage (km)], [road_no, On Road], [division, Division], [subdivision, Subdivision], [bridge_length_(m), Length (m)], [bridge_width_(m), Width (m)],[map_link(=>{type:link, format:weblink}, Google Map,newtab=>),Google Map View],[bms_inventory(=>{type:link, format:weblink}, BMS Link,newtab=>), BMS Inventory],[bms_detail(=>{type:link, format:weblink},BMS Link,newtab=>), BMS Detailed View]","f_class_color":"#e8f674"},"geometry":{"type":"Point","coordinates":[89.687103888888998,22.964346777778001]}},
{"type":"Feature","properties":{"id":105908,"sl":11512,"map_link":"https://maps.google.com/?q=22.97697069444400000,89.70064369444400000&amp;z=8&amp;t=k","image_popup":"8088/bms/assets/uploads/images/prudential_images/bridges/bridge_5908/1702297537.jpg","bridge_name":"Orjuna RCC Girder Bridge","bridge_type":"RC Girder Bridge","road_no":"Z7045","zone":"Khulna","circle":"Khulna","division":"Khulna","subdivision":"Khulna-2","sae":"SO-Khulna Sub Division-2-3","bridge_length_(m)":13.0,"bridge_width_(m)":4.74,"chainage_(km)":6.134,"ycoord":22.976970694443999,"xcoord":89.700643694443997,"bms_inventory":"http://bms.rhd.gov.bd:8088/bms/bridges/inventory_view/105908","bms_detail":"http://bms.rhd.gov.bd:8088/bms/bridges/detail_view/105908","f_class_name":"RC Girder Bridge","keys":"[bridge_name, Bridge Name], [bridge_type,Type], [chainage_(km), Chainage (km)], [road_no, On Road], [division, Division], [subdivision, Subdivision], [bridge_length_(m), Length (m)], [bridge_width_(m), Width (m)],[map_link(=>{type:link, format:weblink}, Google Map,newtab=>),Google Map View],[bms_inventory(=>{type:link, format:weblink}, BMS Link,newtab=>), BMS Inventory],[bms_detail(=>{type:link, format:weblink},BMS Link,newtab=>), BMS Detailed View]","f_class_color":"#e8f674"},"geometry":{"type":"Point","coordinates":[89.700643694443997,22.976970694443999]}},
{"type":"Feature","properties":{"id":105910,"sl":9662,"map_link":"https://maps.google.com/?q=22.97389777777800000,89.70943358333300000&amp;z=8&amp;t=k","image_popup":"8088/bms/assets/uploads/images/prudential_images/bridges/bridge_5910/1702298325.jpg","bridge_name":"Matiarkul RCC Girder Bridge","bridge_type":"RC Girder Bridge","road_no":"Z7045","zone":"Khulna","circle":"Khulna","division":"Khulna","subdivision":"Khulna-2","sae":"SO-Khulna Sub Division-2-3","bridge_length_(m)":12.7,"bridge_width_(m)":4.7,"chainage_(km)":7.17,"ycoord":22.973897777777999,"xcoord":89.709433583332995,"bms_inventory":"http://bms.rhd.gov.bd:8088/bms/bridges/inventory_view/105910","bms_detail":"http://bms.rhd.gov.bd:8088/bms/bridges/detail_view/105910","f_class_name":"RC Girder Bridge","keys":"[bridge_name, Bridge Name], [bridge_type,Type], [chainage_(km), Chainage (km)], [road_no, On Road], [division, Division], [subdivision, Subdivision], [bridge_length_(m), Length (m)], [bridge_width_(m), Width (m)],[map_link(=>{type:link, format:weblink}, Google Map,newtab=>),Google Map View],[bms_inventory(=>{type:link, format:weblink}, BMS Link,newtab=>), BMS Inventory],[bms_detail(=>{type:link, format:weblink},BMS Link,newtab=>), BMS Detailed View]","f_class_color":"#e8f674"},"geometry":{"type":"Point","coordinates":[89.709433583332995,22.973897777777999]}},
{"type":"Feature","properties":{"id":105971,"sl":11143,"map_link":"https://maps.google.com/?q=23.28981069444400000,88.85756069444400000&amp;z=8&amp;t=k","image_popup":"8088/bms/assets/uploads/images/prudential_images/bridges/bridge_5971/1704340853.jpg","bridge_name":"Nolpatua RCC Slab Bridge","bridge_type":"RC Slab Bridge","road_no":"Z7488","zone":"Khulna","circle":"Kushtia","division":"Jhenaidah","subdivision":"Jhenaidah","sae":"SO-Jhenaidah-3","bridge_length_(m)":7.5,"bridge_width_(m)":4.4,"chainage_(km)":1.96,"ycoord":23.289810694444,"xcoord":88.857560694444004,"bms_inventory":"http://bms.rhd.gov.bd:8088/bms/bridges/inventory_view/105971","bms_detail":"http://bms.rhd.gov.bd:8088/bms/bridges/detail_view/105971","f_class_name":"RC Slab Bridge","keys":"[bridge_name, Bridge Name], [bridge_type,Type], [chainage_(km), Chainage (km)], [road_no, On Road], [division, Division], [subdivision, Subdivision], [bridge_length_(m), Length (m)], [bridge_width_(m), Width (m)],[map_link(=>{type:link, format:weblink}, Google Map,newtab=>),Google Map View],[bms_inventory(=>{type:link, format:weblink}, BMS Link,newtab=>), BMS Inventory],[bms_detail(=>{type:link, format:weblink},BMS Link,newtab=>), BMS Detailed View]","f_class_color":"#088afa"},"geometry":{"type":"Point","coordinates":[88.857560694444004,23.289810694444]}},
{"type":"Feature","properties":{"id":105975,"sl":8804,"map_link":"https://maps.google.com/?q=23.26439658333300000,88.84957369444400000&amp;z=8&amp;t=k","image_popup":"8088/bms/assets/uploads/images/prudential_images/bridges/bridge_5975/1702536438.jpg","bridge_name":"Kultola Bridge","bridge_type":"RC Girder Bridge","road_no":"Z7488","zone":"Khulna","circle":"Kushtia","division":"Jhenaidah","subdivision":"Jhenaidah","sae":"SO-Jhenaidah-3","bridge_length_(m)":12.5,"bridge_width_(m)":4.4,"chainage_(km)":4.955,"ycoord":23.264396583332999,"xcoord":88.849573694444004,"bms_inventory":"http://bms.rhd.gov.bd:8088/bms/bridges/inventory_view/105975","bms_detail":"http://bms.rhd.gov.bd:8088/bms/bridges/detail_view/105975","f_class_name":"RC Girder Bridge","keys":"[bridge_name, Bridge Name], [bridge_type,Type], [chainage_(km), Chainage (km)], [road_no, On Road], [division, Division], [subdivision, Subdivision], [bridge_length_(m), Length (m)], [bridge_width_(m), Width (m)],[map_link(=>{type:link, format:weblink}, Google Map,newtab=>),Google Map View],[bms_inventory(=>{type:link, format:weblink}, BMS Link,newtab=>), BMS Inventory],[bms_detail(=>{type:link, format:weblink},BMS Link,newtab=>), BMS Detailed View]","f_class_color":"#e8f674"},"geometry":{"type":"Point","coordinates":[88.849573694444004,23.264396583332999]}},
{"type":"Feature","properties":{"id":105984,"sl":1679,"map_link":"https://maps.google.com/?q=23.24217788888900000,88.88340950000000000&amp;z=8&amp;t=k","image_popup":"8088/bms/assets/uploads/images/prudential_images/bridges/bridge_5984/1702541942.jpg","bridge_name":"Bedbaria Bridge","bridge_type":"RC Girder Bridge","road_no":"Z7488","zone":"Khulna","circle":"Kushtia","division":"Jhenaidah","subdivision":"Jhenaidah","sae":"SO-Jhenaidah-3","bridge_length_(m)":8.4,"bridge_width_(m)":4.3,"chainage_(km)":12.33,"ycoord":23.242177888889,"xcoord":88.8834095,"bms_inventory":"http://bms.rhd.gov.bd:8088/bms/bridges/inventory_view/105984","bms_detail":"http://bms.rhd.gov.bd:8088/bms/bridges/detail_view/105984","f_class_name":"RC Girder Bridge","keys":"[bridge_name, Bridge Name], [bridge_type,Type], [chainage_(km), Chainage (km)], [road_no, On Road], [division, Division], [subdivision, Subdivision], [bridge_length_(m), Length (m)], [bridge_width_(m), Width (m)],[map_link(=>{type:link, format:weblink}, Google Map,newtab=>),Google Map View],[bms_inventory(=>{type:link, format:weblink}, BMS Link,newtab=>), BMS Inventory],[bms_detail(=>{type:link, format:weblink},BMS Link,newtab=>), BMS Detailed View]","f_class_color":"#e8f674"},"geometry":{"type":"Point","coordinates":[88.8834095,23.242177888889]}},
{"type":"Feature","properties":{"id":106047,"sl":413,"map_link":"https://maps.google.com/?q=22.47639008333300000,89.28722338888900000&amp;z=8&amp;t=k","image_popup":"8088/bms/assets/uploads/images/prudential_images/bridges/bridge_6047/1703043875.jpg","bridge_name":"Amadi PC Girder Bridge","bridge_type":"PC Girder Bridge","road_no":"Z7604","zone":"Khulna","circle":"Khulna","division":"Khulna","subdivision":"Khulna-1","sae":"SO-Khulna Sub Division-1-3","bridge_length_(m)":43.5,"bridge_width_(m)":10.1,"chainage_(km)":48.177,"ycoord":22.476390083333001,"xcoord":89.287223388889004,"bms_inventory":"http://bms.rhd.gov.bd:8088/bms/bridges/inventory_view/106047","bms_detail":"http://bms.rhd.gov.bd:8088/bms/bridges/detail_view/106047","f_class_name":"PC Girder Bridge","keys":"[bridge_name, Bridge Name], [bridge_type,Type], [chainage_(km), Chainage (km)], [road_no, On Road], [division, Division], [subdivision, Subdivision], [bridge_length_(m), Length (m)], [bridge_width_(m), Width (m)],[map_link(=>{type:link, format:weblink}, Google Map,newtab=>),Google Map View],[bms_inventory(=>{type:link, format:weblink}, BMS Link,newtab=>), BMS Inventory],[bms_detail(=>{type:link, format:weblink},BMS Link,newtab=>), BMS Detailed View]","f_class_color":"#6ebed6"},"geometry":{"type":"Point","coordinates":[89.287223388889004,22.476390083333001]}},
{"type":"Feature","properties":{"id":106067,"sl":1822,"map_link":"https://maps.google.com/?q=22.83219319444400000,89.26817838888900000&amp;z=8&amp;t=k","image_popup":"8088/bms/assets/uploads/images/prudential_images/bridges/bridge_6067/1703074906.jpg","bridge_name":"Betgram RCC Girder Bridge","bridge_type":"RC Girder Bridge","road_no":"Z7553","zone":"Khulna","circle":"Khulna","division":"Khulna","subdivision":"Khulna-1","sae":"SO-Khulna Sub Division-1-2","bridge_length_(m)":15.0,"bridge_width_(m)":4.3,"chainage_(km)":30.957,"ycoord":22.832193194443999,"xcoord":89.268178388888998,"bms_inventory":"http://bms.rhd.gov.bd:8088/bms/bridges/inventory_view/106067","bms_detail":"http://bms.rhd.gov.bd:8088/bms/bridges/detail_view/106067","f_class_name":"RC Girder Bridge","keys":"[bridge_name, Bridge Name], [bridge_type,Type], [chainage_(km), Chainage (km)], [road_no, On Road], [division, Division], [subdivision, Subdivision], [bridge_length_(m), Length (m)], [bridge_width_(m), Width (m)],[map_link(=>{type:link, format:weblink}, Google Map,newtab=>),Google Map View],[bms_inventory(=>{type:link, format:weblink}, BMS Link,newtab=>), BMS Inventory],[bms_detail(=>{type:link, format:weblink},BMS Link,newtab=>), BMS Detailed View]","f_class_color":"#e8f674"},"geometry":{"type":"Point","coordinates":[89.268178388888998,22.832193194443999]}},
{"type":"Feature","properties":{"id":106120,"sl":8894,"map_link":"https://maps.google.com/?q=23.83361608333300000,88.94042550000000000&amp;z=8&amp;t=k","image_popup":"8088/bms/assets/uploads/images/prudential_images/bridges/bridge_6120/1703392091.jpg","bridge_name":"Kursha RCC Girder Bridge","bridge_type":"RC Girder Bridge","road_no":"Z7465","zone":"Khulna","circle":"Kushtia","division":"Kushtia","subdivision":"Kushtia","sae":"SO-Kushtia-1","bridge_length_(m)":7.0,"bridge_width_(m)":4.8,"chainage_(km)":10.531,"ycoord":23.833616083332998,"xcoord":88.9404255,"bms_inventory":"http://bms.rhd.gov.bd:8088/bms/bridges/inventory_view/106120","bms_detail":"http://bms.rhd.gov.bd:8088/bms/bridges/detail_view/106120","f_class_name":"RC Girder Bridge","keys":"[bridge_name, Bridge Name], [bridge_type,Type], [chainage_(km), Chainage (km)], [road_no, On Road], [division, Division], [subdivision, Subdivision], [bridge_length_(m), Length (m)], [bridge_width_(m), Width (m)],[map_link(=>{type:link, format:weblink}, Google Map,newtab=>),Google Map View],[bms_inventory(=>{type:link, format:weblink}, BMS Link,newtab=>), BMS Inventory],[bms_detail(=>{type:link, format:weblink},BMS Link,newtab=>), BMS Detailed View]","f_class_color":"#e8f674"},"geometry":{"type":"Point","coordinates":[88.9404255,23.833616083332998]}},
{"type":"Feature","properties":{"id":106124,"sl":10517,"map_link":"https://maps.google.com/?q=22.78531333333300000,89.53889200000000000&amp;z=8&amp;t=k","image_popup":"8088/bms/assets/uploads/images/prudential_images/bridges/bridge_6124/1704169082.jpg","bridge_name":"Moyur PC Girder Bridge 1","bridge_type":"PC Girder Bridge","road_no":"N709","zone":"Khulna","circle":"Khulna","division":"Khulna","subdivision":"Khulna-2","sae":"SO-Khulna Sub Division-2-1","bridge_length_(m)":90.0,"bridge_width_(m)":9.8,"chainage_(km)":18.327,"ycoord":22.785313333333001,"xcoord":89.538892,"bms_inventory":"http://bms.rhd.gov.bd:8088/bms/bridges/inventory_view/106124","bms_detail":"http://bms.rhd.gov.bd:8088/bms/bridges/detail_view/106124","f_class_name":"PC Girder Bridge","keys":"[bridge_name, Bridge Name], [bridge_type,Type], [chainage_(km), Chainage (km)], [road_no, On Road], [division, Division], [subdivision, Subdivision], [bridge_length_(m), Length (m)], [bridge_width_(m), Width (m)],[map_link(=>{type:link, format:weblink}, Google Map,newtab=>),Google Map View],[bms_inventory(=>{type:link, format:weblink}, BMS Link,newtab=>), BMS Inventory],[bms_detail(=>{type:link, format:weblink},BMS Link,newtab=>), BMS Detailed View]","f_class_color":"#6ebed6"},"geometry":{"type":"Point","coordinates":[89.538892,22.785313333333001]}},
{"type":"Feature","properties":{"id":106125,"sl":10518,"map_link":"https://maps.google.com/?q=22.85527119444400000,89.53933100000000000&amp;z=8&amp;t=k","image_popup":"8088/bms/assets/uploads/images/prudential_images/bridges/bridge_6125/1704169881.jpg","bridge_name":"Moyur PC Girder Bridge 2","bridge_type":"PC Girder Bridge","road_no":"N709","zone":"Khulna","circle":"Khulna","division":"Khulna","subdivision":"Khulna-2","sae":"SO-Khulna Sub Division-2-1","bridge_length_(m)":90.0,"bridge_width_(m)":9.8,"chainage_(km)":18.327,"ycoord":22.855271194444001,"xcoord":89.539331,"bms_inventory":"http://bms.rhd.gov.bd:8088/bms/bridges/inventory_view/106125","bms_detail":"http://bms.rhd.gov.bd:8088/bms/bridges/detail_view/106125","f_class_name":"PC Girder Bridge","keys":"[bridge_name, Bridge Name], [bridge_type,Type], [chainage_(km), Chainage (km)], [road_no, On Road], [division, Division], [subdivision, Subdivision], [bridge_length_(m), Length (m)], [bridge_width_(m), Width (m)],[map_link(=>{type:link, format:weblink}, Google Map,newtab=>),Google Map View],[bms_inventory(=>{type:link, format:weblink}, BMS Link,newtab=>), BMS Inventory],[bms_detail(=>{type:link, format:weblink},BMS Link,newtab=>), BMS Detailed View]","f_class_color":"#6ebed6"},"geometry":{"type":"Point","coordinates":[89.539331,22.855271194444001]}},
{"type":"Feature","properties":{"id":106136,"sl":5073,"map_link":"https://maps.google.com/?q=23.82613708333300000,88.95657838888900000&amp;z=8&amp;t=k","image_popup":"8088/bms/assets/uploads/images/prudential_images/bridges/bridge_6136/1703412536.jpg","bridge_name":"Eshalmari Bridge","bridge_type":"RC Girder Bridge","road_no":"Z7465","zone":"Khulna","circle":"Kushtia","division":"Kushtia","subdivision":"Kushtia","sae":"SO-Kushtia-1","bridge_length_(m)":11.0,"bridge_width_(m)":4.4,"chainage_(km)":12.395,"ycoord":23.826137083332998,"xcoord":88.956578388889,"bms_inventory":"http://bms.rhd.gov.bd:8088/bms/bridges/inventory_view/106136","bms_detail":"http://bms.rhd.gov.bd:8088/bms/bridges/detail_view/106136","f_class_name":"RC Girder Bridge","keys":"[bridge_name, Bridge Name], [bridge_type,Type], [chainage_(km), Chainage (km)], [road_no, On Road], [division, Division], [subdivision, Subdivision], [bridge_length_(m), Length (m)], [bridge_width_(m), Width (m)],[map_link(=>{type:link, format:weblink}, Google Map,newtab=>),Google Map View],[bms_inventory(=>{type:link, format:weblink}, BMS Link,newtab=>), BMS Inventory],[bms_detail(=>{type:link, format:weblink},BMS Link,newtab=>), BMS Detailed View]","f_class_color":"#e8f674"},"geometry":{"type":"Point","coordinates":[88.956578388889,23.826137083332998]}},
{"type":"Feature","properties":{"id":106139,"sl":15662,"map_link":"https://maps.google.com/?q=23.82014619444400000,88.96816827777800000&amp;z=8&amp;t=k","image_popup":"8088/bms/assets/uploads/images/prudential_images/bridges/bridge_6139/1703415220.jpg","bridge_name":"Vedamari Bridge 3","bridge_type":"RC Girder Bridge","road_no":"Z7465","zone":"Khulna","circle":"Kushtia","division":"Kushtia","subdivision":"Kushtia","sae":"SO-Kushtia-1","bridge_length_(m)":12.8,"bridge_width_(m)":10.42,"chainage_(km)":13.721,"ycoord":23.820146194444,"xcoord":88.968168277778005,"bms_inventory":"http://bms.rhd.gov.bd:8088/bms/bridges/inventory_view/106139","bms_detail":"http://bms.rhd.gov.bd:8088/bms/bridges/detail_view/106139","f_class_name":"RC Girder Bridge","keys":"[bridge_name, Bridge Name], [bridge_type,Type], [chainage_(km), Chainage (km)], [road_no, On Road], [division, Division], [subdivision, Subdivision], [bridge_length_(m), Length (m)], [bridge_width_(m), Width (m)],[map_link(=>{type:link, format:weblink}, Google Map,newtab=>),Google Map View],[bms_inventory(=>{type:link, format:weblink}, BMS Link,newtab=>), BMS Inventory],[bms_detail(=>{type:link, format:weblink},BMS Link,newtab=>), BMS Detailed View]","f_class_color":"#e8f674"},"geometry":{"type":"Point","coordinates":[88.968168277778005,23.820146194444]}},
{"type":"Feature","properties":{"id":106143,"sl":15664,"map_link":"https://maps.google.com/?q=23.82151588888900000,88.96574050000000000&amp;z=8&amp;t=k","image_popup":"8088/bms/assets/img/no_picture.png","bridge_name":"Vedamari RCC Girder Bridge 4","bridge_type":"RC Girder Bridge","road_no":"Z7465","zone":"Khulna","circle":"Kushtia","division":"Kushtia","subdivision":"Kushtia","sae":"SO-Kushtia-1","bridge_length_(m)":10.8,"bridge_width_(m)":5.0,"chainage_(km)":13.452,"ycoord":23.821515888889,"xcoord":88.9657405,"bms_inventory":"http://bms.rhd.gov.bd:8088/bms/bridges/inventory_view/106143","bms_detail":"http://bms.rhd.gov.bd:8088/bms/bridges/detail_view/106143","f_class_name":"RC Girder Bridge","keys":"[bridge_name, Bridge Name], [bridge_type,Type], [chainage_(km), Chainage (km)], [road_no, On Road], [division, Division], [subdivision, Subdivision], [bridge_length_(m), Length (m)], [bridge_width_(m), Width (m)],[map_link(=>{type:link, format:weblink}, Google Map,newtab=>),Google Map View],[bms_inventory(=>{type:link, format:weblink}, BMS Link,newtab=>), BMS Inventory],[bms_detail(=>{type:link, format:weblink},BMS Link,newtab=>), BMS Detailed View]","f_class_color":"#e8f674"},"geometry":{"type":"Point","coordinates":[88.9657405,23.821515888889]}},
{"type":"Feature","properties":{"id":106145,"sl":15661,"map_link":"https://maps.google.com/?q=23.81966977777800000,88.96927100000000000&amp;z=8&amp;t=k","image_popup":"8088/bms/assets/uploads/images/prudential_images/bridges/bridge_6145/1703418549.jpg","bridge_name":"Vedamari Bridge 2","bridge_type":"RC Girder Bridge","road_no":"Z7465","zone":"Khulna","circle":"Kushtia","division":"Kushtia","subdivision":"Kushtia","sae":"SO-Kushtia-1","bridge_length_(m)":6.2,"bridge_width_(m)":4.85,"chainage_(km)":13.863,"ycoord":23.819669777778,"xcoord":88.969271,"bms_inventory":"http://bms.rhd.gov.bd:8088/bms/bridges/inventory_view/106145","bms_detail":"http://bms.rhd.gov.bd:8088/bms/bridges/detail_view/106145","f_class_name":"RC Girder Bridge","keys":"[bridge_name, Bridge Name], [bridge_type,Type], [chainage_(km), Chainage (km)], [road_no, On Road], [division, Division], [subdivision, Subdivision], [bridge_length_(m), Length (m)], [bridge_width_(m), Width (m)],[map_link(=>{type:link, format:weblink}, Google Map,newtab=>),Google Map View],[bms_inventory(=>{type:link, format:weblink}, BMS Link,newtab=>), BMS Inventory],[bms_detail(=>{type:link, format:weblink},BMS Link,newtab=>), BMS Detailed View]","f_class_color":"#e8f674"},"geometry":{"type":"Point","coordinates":[88.969271,23.819669777778]}},
{"type":"Feature","properties":{"id":106148,"sl":15663,"map_link":"https://maps.google.com/?q=23.81784669444400000,88.97272500000000000&amp;z=8&amp;t=k","image_popup":"8088/bms/assets/uploads/images/prudential_images/bridges/bridge_6148/1703419554.jpg","bridge_name":"Vedamari RCC Girder Bridge 1","bridge_type":"RC Girder Bridge","road_no":"Z7465","zone":"Khulna","circle":"Kushtia","division":"Kushtia","subdivision":"Kushtia","sae":"SO-Kushtia-1","bridge_length_(m)":6.0,"bridge_width_(m)":4.4,"chainage_(km)":14.271,"ycoord":23.817846694444,"xcoord":88.972725,"bms_inventory":"http://bms.rhd.gov.bd:8088/bms/bridges/inventory_view/106148","bms_detail":"http://bms.rhd.gov.bd:8088/bms/bridges/detail_view/106148","f_class_name":"RC Girder Bridge","keys":"[bridge_name, Bridge Name], [bridge_type,Type], [chainage_(km), Chainage (km)], [road_no, On Road], [division, Division], [subdivision, Subdivision], [bridge_length_(m), Length (m)], [bridge_width_(m), Width (m)],[map_link(=>{type:link, format:weblink}, Google Map,newtab=>),Google Map View],[bms_inventory(=>{type:link, format:weblink}, BMS Link,newtab=>), BMS Inventory],[bms_detail(=>{type:link, format:weblink},BMS Link,newtab=>), BMS Detailed View]","f_class_color":"#e8f674"},"geometry":{"type":"Point","coordinates":[88.972725,23.817846694444]}},
{"type":"Feature","properties":{"id":106165,"sl":5683,"map_link":"https://maps.google.com/?q=22.70438788888900000,89.46771258333300000&amp;z=8&amp;t=k","image_popup":"8088/bms/assets/uploads/images/prudential_images/bridges/bridge_6165/1714477628.jpg","bridge_name":"Gojalia RCC Girder Bridge","bridge_type":"RC Girder Bridge","road_no":"Z7608","zone":"Khulna","circle":"Khulna","division":"Khulna","subdivision":"Khulna-2","sae":"SO-Khulna Sub Division-2-2","bridge_length_(m)":39.8,"bridge_width_(m)":6.8,"chainage_(km)":32.1,"ycoord":22.704387888888999,"xcoord":89.467712583332997,"bms_inventory":"http://bms.rhd.gov.bd:8088/bms/bridges/inventory_view/106165","bms_detail":"http://bms.rhd.gov.bd:8088/bms/bridges/detail_view/106165","f_class_name":"RC Girder Bridge","keys":"[bridge_name, Bridge Name], [bridge_type,Type], [chainage_(km), Chainage (km)], [road_no, On Road], [division, Division], [subdivision, Subdivision], [bridge_length_(m), Length (m)], [bridge_width_(m), Width (m)],[map_link(=>{type:link, format:weblink}, Google Map,newtab=>),Google Map View],[bms_inventory(=>{type:link, format:weblink}, BMS Link,newtab=>), BMS Inventory],[bms_detail(=>{type:link, format:weblink},BMS Link,newtab=>), BMS Detailed View]","f_class_color":"#e8f674"},"geometry":{"type":"Point","coordinates":[89.467712583332997,22.704387888888999]}},
{"type":"Feature","properties":{"id":106187,"sl":6157,"map_link":"https://maps.google.com/?q=22.89229055555600000,89.66265666666700000&amp;z=8&amp;t=k","image_popup":"8088/bms/assets/uploads/images/prudential_images/bridges/bridge_6187/1703496243.jpg","bridge_name":"Harikhali RCC Girder Bridge 1","bridge_type":"RC Girder Bridge","road_no":"Z7041","zone":"Khulna","circle":"Khulna","division":"Khulna","subdivision":"Khulna-2","sae":"SO-Khulna Sub Division-2-3","bridge_length_(m)":18.5,"bridge_width_(m)":7.75,"chainage_(km)":16.585,"ycoord":22.892290555555999,"xcoord":89.662656666667004,"bms_inventory":"http://bms.rhd.gov.bd:8088/bms/bridges/inventory_view/106187","bms_detail":"http://bms.rhd.gov.bd:8088/bms/bridges/detail_view/106187","f_class_name":"RC Girder Bridge","keys":"[bridge_name, Bridge Name], [bridge_type,Type], [chainage_(km), Chainage (km)], [road_no, On Road], [division, Division], [subdivision, Subdivision], [bridge_length_(m), Length (m)], [bridge_width_(m), Width (m)],[map_link(=>{type:link, format:weblink}, Google Map,newtab=>),Google Map View],[bms_inventory(=>{type:link, format:weblink}, BMS Link,newtab=>), BMS Inventory],[bms_detail(=>{type:link, format:weblink},BMS Link,newtab=>), BMS Detailed View]","f_class_color":"#e8f674"},"geometry":{"type":"Point","coordinates":[89.662656666667004,22.892290555555999]}},
{"type":"Feature","properties":{"id":106190,"sl":6158,"map_link":"https://maps.google.com/?q=22.89680583333300000,89.66331027777800000&amp;z=8&amp;t=k","image_popup":"8088/bms/assets/uploads/images/prudential_images/bridges/bridge_6190/1704179394.jpg","bridge_name":"Harikhali RCC Girder Bridge 2","bridge_type":"RC Girder Bridge","road_no":"Z7041","zone":"Khulna","circle":"Khulna","division":"Khulna","subdivision":"Khulna-2","sae":"SO-Khulna Sub Division-2-3","bridge_length_(m)":21.7,"bridge_width_(m)":7.75,"chainage_(km)":17.134,"ycoord":22.896805833333001,"xcoord":89.663310277777995,"bms_inventory":"http://bms.rhd.gov.bd:8088/bms/bridges/inventory_view/106190","bms_detail":"http://bms.rhd.gov.bd:8088/bms/bridges/detail_view/106190","f_class_name":"RC Girder Bridge","keys":"[bridge_name, Bridge Name], [bridge_type,Type], [chainage_(km), Chainage (km)], [road_no, On Road], [division, Division], [subdivision, Subdivision], [bridge_length_(m), Length (m)], [bridge_width_(m), Width (m)],[map_link(=>{type:link, format:weblink}, Google Map,newtab=>),Google Map View],[bms_inventory(=>{type:link, format:weblink}, BMS Link,newtab=>), BMS Inventory],[bms_detail(=>{type:link, format:weblink},BMS Link,newtab=>), BMS Detailed View]","f_class_color":"#e8f674"},"geometry":{"type":"Point","coordinates":[89.663310277777995,22.896805833333001]}},
{"type":"Feature","properties":{"id":106207,"sl":10939,"map_link":"https://maps.google.com/?q=23.81514808333300000,89.10675827777800000&amp;z=8&amp;t=k","image_popup":"8088/bms/assets/uploads/images/prudential_images/bridges/bridge_6207/1703569422.jpg","bridge_name":"New Baliapara Bridge","bridge_type":"PC Girder Bridge","road_no":"N704","zone":"Khulna","circle":"Kushtia","division":"Kushtia","subdivision":"Kushtia","sae":"SO-Kushtia-1","bridge_length_(m)":30.0,"bridge_width_(m)":10.8,"chainage_(km)":33.563,"ycoord":23.815148083333,"xcoord":89.106758277777999,"bms_inventory":"http://bms.rhd.gov.bd:8088/bms/bridges/inventory_view/106207","bms_detail":"http://bms.rhd.gov.bd:8088/bms/bridges/detail_view/106207","f_class_name":"PC Girder Bridge","keys":"[bridge_name, Bridge Name], [bridge_type,Type], [chainage_(km), Chainage (km)], [road_no, On Road], [division, Division], [subdivision, Subdivision], [bridge_length_(m), Length (m)], [bridge_width_(m), Width (m)],[map_link(=>{type:link, format:weblink}, Google Map,newtab=>),Google Map View],[bms_inventory(=>{type:link, format:weblink}, BMS Link,newtab=>), BMS Inventory],[bms_detail(=>{type:link, format:weblink},BMS Link,newtab=>), BMS Detailed View]","f_class_color":"#6ebed6"},"geometry":{"type":"Point","coordinates":[89.106758277777999,23.815148083333]}},
{"type":"Feature","properties":{"id":106208,"sl":12194,"map_link":"https://maps.google.com/?q=23.81501069444400000,89.10665538888900000&amp;z=8&amp;t=k","image_popup":"8088/bms/assets/uploads/images/prudential_images/bridges/bridge_6208/1703570736.jpg","bridge_name":"Puran Baliapara Bridge","bridge_type":"RC Girder Bridge","road_no":"N704","zone":"Khulna","circle":"Kushtia","division":"Kushtia","subdivision":"Kushtia","sae":"SO-Kushtia-1","bridge_length_(m)":26.9,"bridge_width_(m)":7.3,"chainage_(km)":33.563,"ycoord":23.815010694443998,"xcoord":89.106655388888996,"bms_inventory":"http://bms.rhd.gov.bd:8088/bms/bridges/inventory_view/106208","bms_detail":"http://bms.rhd.gov.bd:8088/bms/bridges/detail_view/106208","f_class_name":"RC Girder Bridge","keys":"[bridge_name, Bridge Name], [bridge_type,Type], [chainage_(km), Chainage (km)], [road_no, On Road], [division, Division], [subdivision, Subdivision], [bridge_length_(m), Length (m)], [bridge_width_(m), Width (m)],[map_link(=>{type:link, format:weblink}, Google Map,newtab=>),Google Map View],[bms_inventory(=>{type:link, format:weblink}, BMS Link,newtab=>), BMS Inventory],[bms_detail(=>{type:link, format:weblink},BMS Link,newtab=>), BMS Detailed View]","f_class_color":"#e8f674"},"geometry":{"type":"Point","coordinates":[89.106655388888996,23.815010694443998]}},
{"type":"Feature","properties":{"id":106212,"sl":10943,"map_link":"https://maps.google.com/?q=23.88814119444400000,89.10782177777800000&amp;z=8&amp;t=k","image_popup":"8088/bms/assets/uploads/images/prudential_images/bridges/bridge_6212/1703572904.jpg","bridge_name":"New G.K Bridge","bridge_type":"PC Girder Bridge","road_no":"N704","zone":"Khulna","circle":"Kushtia","division":"Kushtia","subdivision":"Kushtia","sae":"SO-Kushtia-1","bridge_length_(m)":30.0,"bridge_width_(m)":10.7,"chainage_(km)":43.069,"ycoord":23.888141194444,"xcoord":89.107821777778,"bms_inventory":"http://bms.rhd.gov.bd:8088/bms/bridges/inventory_view/106212","bms_detail":"http://bms.rhd.gov.bd:8088/bms/bridges/detail_view/106212","f_class_name":"PC Girder Bridge","keys":"[bridge_name, Bridge Name], [bridge_type,Type], [chainage_(km), Chainage (km)], [road_no, On Road], [division, Division], [subdivision, Subdivision], [bridge_length_(m), Length (m)], [bridge_width_(m), Width (m)],[map_link(=>{type:link, format:weblink}, Google Map,newtab=>),Google Map View],[bms_inventory(=>{type:link, format:weblink}, BMS Link,newtab=>), BMS Inventory],[bms_detail(=>{type:link, format:weblink},BMS Link,newtab=>), BMS Detailed View]","f_class_color":"#6ebed6"},"geometry":{"type":"Point","coordinates":[89.107821777778,23.888141194444]}},
{"type":"Feature","properties":{"id":106213,"sl":12200,"map_link":"https://maps.google.com/?q=23.88819238888900000,89.10802700000000000&amp;z=8&amp;t=k","image_popup":"8088/bms/assets/uploads/images/prudential_images/bridges/bridge_6213/1703573890.jpg","bridge_name":"Puran G.K. Bridge","bridge_type":"RC Girder Bridge","road_no":"N704","zone":"Khulna","circle":"Kushtia","division":"Kushtia","subdivision":"Kushtia","sae":"SO-Kushtia-1","bridge_length_(m)":29.9,"bridge_width_(m)":7.5,"chainage_(km)":43.069,"ycoord":23.888192388888999,"xcoord":89.108027,"bms_inventory":"http://bms.rhd.gov.bd:8088/bms/bridges/inventory_view/106213","bms_detail":"http://bms.rhd.gov.bd:8088/bms/bridges/detail_view/106213","f_class_name":"RC Girder Bridge","keys":"[bridge_name, Bridge Name], [bridge_type,Type], [chainage_(km), Chainage (km)], [road_no, On Road], [division, Division], [subdivision, Subdivision], [bridge_length_(m), Length (m)], [bridge_width_(m), Width (m)],[map_link(=>{type:link, format:weblink}, Google Map,newtab=>),Google Map View],[bms_inventory(=>{type:link, format:weblink}, BMS Link,newtab=>), BMS Inventory],[bms_detail(=>{type:link, format:weblink},BMS Link,newtab=>), BMS Detailed View]","f_class_color":"#e8f674"},"geometry":{"type":"Point","coordinates":[89.108027,23.888192388888999]}},
{"type":"Feature","properties":{"id":106224,"sl":10447,"map_link":"https://maps.google.com/?q=23.92911077777800000,89.03772869444400000&amp;z=8&amp;t=k","image_popup":"8088/bms/assets/uploads/images/prudential_images/bridges/bridge_6224/1703586785.jpg","bridge_name":"Moshan Saifon Bridge","bridge_type":"RC Girder Bridge","road_no":"R745","zone":"Khulna","circle":"Kushtia","division":"Kushtia","subdivision":"Kushtia","sae":"SO-Kushtia-1","bridge_length_(m)":32.0,"bridge_width_(m)":8.5,"chainage_(km)":5.296,"ycoord":23.929110777778,"xcoord":89.037728694443999,"bms_inventory":"http://bms.rhd.gov.bd:8088/bms/bridges/inventory_view/106224","bms_detail":"http://bms.rhd.gov.bd:8088/bms/bridges/detail_view/106224","f_class_name":"RC Girder Bridge","keys":"[bridge_name, Bridge Name], [bridge_type,Type], [chainage_(km), Chainage (km)], [road_no, On Road], [division, Division], [subdivision, Subdivision], [bridge_length_(m), Length (m)], [bridge_width_(m), Width (m)],[map_link(=>{type:link, format:weblink}, Google Map,newtab=>),Google Map View],[bms_inventory(=>{type:link, format:weblink}, BMS Link,newtab=>), BMS Inventory],[bms_detail(=>{type:link, format:weblink},BMS Link,newtab=>), BMS Detailed View]","f_class_color":"#e8f674"},"geometry":{"type":"Point","coordinates":[89.037728694443999,23.929110777778]}},
{"type":"Feature","properties":{"id":106278,"sl":11047,"map_link":"https://maps.google.com/?q=23.93960000000000000,89.01220000000000000&amp;z=8&amp;t=k","image_popup":"8088/bms/assets/uploads/images/prudential_images/bridges/bridge_6278/1704014582.jpg","bridge_name":"Noapara RC Slab Bridge","bridge_type":"RC Slab Bridge","road_no":"Z7463","zone":"Khulna","circle":"Kushtia","division":"Kushtia","subdivision":"Kushtia","sae":"SO-Kushtia-1","bridge_length_(m)":6.7,"bridge_width_(m)":4.3,"chainage_(km)":10.007,"ycoord":23.9396,"xcoord":89.0122,"bms_inventory":"http://bms.rhd.gov.bd:8088/bms/bridges/inventory_view/106278","bms_detail":"http://bms.rhd.gov.bd:8088/bms/bridges/detail_view/106278","f_class_name":"RC Slab Bridge","keys":"[bridge_name, Bridge Name], [bridge_type,Type], [chainage_(km), Chainage (km)], [road_no, On Road], [division, Division], [subdivision, Subdivision], [bridge_length_(m), Length (m)], [bridge_width_(m), Width (m)],[map_link(=>{type:link, format:weblink}, Google Map,newtab=>),Google Map View],[bms_inventory(=>{type:link, format:weblink}, BMS Link,newtab=>), BMS Inventory],[bms_detail(=>{type:link, format:weblink},BMS Link,newtab=>), BMS Detailed View]","f_class_color":"#088afa"},"geometry":{"type":"Point","coordinates":[89.0122,23.9396]}},
{"type":"Feature","properties":{"id":106279,"sl":11046,"map_link":"https://maps.google.com/?q=23.94129308333300000,89.00349458333300000&amp;z=8&amp;t=k","image_popup":"8088/bms/assets/uploads/images/prudential_images/bridges/bridge_6279/1704015732.jpg","bridge_name":"Noapara PC Girder Bridge","bridge_type":"PC Girder Bridge","road_no":"Z7463","zone":"Khulna","circle":"Kushtia","division":"Kushtia","subdivision":"Kushtia","sae":"SO-Kushtia-2","bridge_length_(m)":25.1,"bridge_width_(m)":10.2,"chainage_(km)":8.89,"ycoord":23.941293083333001,"xcoord":89.003494583332994,"bms_inventory":"http://bms.rhd.gov.bd:8088/bms/bridges/inventory_view/106279","bms_detail":"http://bms.rhd.gov.bd:8088/bms/bridges/detail_view/106279","f_class_name":"PC Girder Bridge","keys":"[bridge_name, Bridge Name], [bridge_type,Type], [chainage_(km), Chainage (km)], [road_no, On Road], [division, Division], [subdivision, Subdivision], [bridge_length_(m), Length (m)], [bridge_width_(m), Width (m)],[map_link(=>{type:link, format:weblink}, Google Map,newtab=>),Google Map View],[bms_inventory(=>{type:link, format:weblink}, BMS Link,newtab=>), BMS Inventory],[bms_detail(=>{type:link, format:weblink},BMS Link,newtab=>), BMS Detailed View]","f_class_color":"#6ebed6"},"geometry":{"type":"Point","coordinates":[89.003494583332994,23.941293083333001]}},
{"type":"Feature","properties":{"id":106282,"sl":3333,"map_link":"https://maps.google.com/?q=23.88336619444400000,89.08970688888900000&amp;z=8&amp;t=k","image_popup":"8088/bms/assets/uploads/images/prudential_images/bridges/bridge_6282/1704019626.jpg","bridge_name":"Chechia PC Girder Bridge","bridge_type":"PC Girder Bridge","road_no":"N713","zone":"Khulna","circle":"Kushtia","division":"Kushtia","subdivision":"Kushtia","sae":"SO-Kushtia-2","bridge_length_(m)":49.5,"bridge_width_(m)":10.1,"chainage_(km)":0.45,"ycoord":23.883366194444001,"xcoord":89.089706888888998,"bms_inventory":"http://bms.rhd.gov.bd:8088/bms/bridges/inventory_view/106282","bms_detail":"http://bms.rhd.gov.bd:8088/bms/bridges/detail_view/106282","f_class_name":"PC Girder Bridge","keys":"[bridge_name, Bridge Name], [bridge_type,Type], [chainage_(km), Chainage (km)], [road_no, On Road], [division, Division], [subdivision, Subdivision], [bridge_length_(m), Length (m)], [bridge_width_(m), Width (m)],[map_link(=>{type:link, format:weblink}, Google Map,newtab=>),Google Map View],[bms_inventory(=>{type:link, format:weblink}, BMS Link,newtab=>), BMS Inventory],[bms_detail(=>{type:link, format:weblink},BMS Link,newtab=>), BMS Detailed View]","f_class_color":"#6ebed6"},"geometry":{"type":"Point","coordinates":[89.089706888888998,23.883366194444001]}},
{"type":"Feature","properties":{"id":106283,"sl":5894,"map_link":"https://maps.google.com/?q=23.95216850000000000,89.00478808333300000&amp;z=8&amp;t=k","image_popup":"8088/bms/assets/uploads/images/prudential_images/bridges/bridge_6283/1704179606.jpg","bridge_name":"Govindogunia RCC Bridge 1","bridge_type":"RC Girder Bridge","road_no":"Z7463","zone":"Khulna","circle":"Kushtia","division":"Kushtia","subdivision":"Kushtia","sae":"SO-Kushtia-2","bridge_length_(m)":36.7,"bridge_width_(m)":4.6,"chainage_(km)":7.39,"ycoord":23.9521685,"xcoord":89.004788083332997,"bms_inventory":"http://bms.rhd.gov.bd:8088/bms/bridges/inventory_view/106283","bms_detail":"http://bms.rhd.gov.bd:8088/bms/bridges/detail_view/106283","f_class_name":"RC Girder Bridge","keys":"[bridge_name, Bridge Name], [bridge_type,Type], [chainage_(km), Chainage (km)], [road_no, On Road], [division, Division], [subdivision, Subdivision], [bridge_length_(m), Length (m)], [bridge_width_(m), Width (m)],[map_link(=>{type:link, format:weblink}, Google Map,newtab=>),Google Map View],[bms_inventory(=>{type:link, format:weblink}, BMS Link,newtab=>), BMS Inventory],[bms_detail(=>{type:link, format:weblink},BMS Link,newtab=>), BMS Detailed View]","f_class_color":"#e8f674"},"geometry":{"type":"Point","coordinates":[89.004788083332997,23.9521685]}},
{"type":"Feature","properties":{"id":106331,"sl":1156,"map_link":"https://maps.google.com/?q=22.81520108333300000,89.38845527777800000&amp;z=8&amp;t=k","image_popup":"8088/bms/assets/uploads/images/prudential_images/bridges/bridge_6331/1704785474.jpg","bridge_name":"Baliakhali PC Girder Bridge","bridge_type":"PC Girder Bridge","road_no":"R760","zone":"Khulna","circle":"Khulna","division":"Khulna","subdivision":"Khulna-1","sae":"SO-Khulna Sub Division-1-2","bridge_length_(m)":88.8,"bridge_width_(m)":8.9,"chainage_(km)":19.713,"ycoord":22.815201083333001,"xcoord":89.388455277777993,"bms_inventory":"http://bms.rhd.gov.bd:8088/bms/bridges/inventory_view/106331","bms_detail":"http://bms.rhd.gov.bd:8088/bms/bridges/detail_view/106331","f_class_name":"PC Girder Bridge","keys":"[bridge_name, Bridge Name], [bridge_type,Type], [chainage_(km), Chainage (km)], [road_no, On Road], [division, Division], [subdivision, Subdivision], [bridge_length_(m), Length (m)], [bridge_width_(m), Width (m)],[map_link(=>{type:link, format:weblink}, Google Map,newtab=>),Google Map View],[bms_inventory(=>{type:link, format:weblink}, BMS Link,newtab=>), BMS Inventory],[bms_detail(=>{type:link, format:weblink},BMS Link,newtab=>), BMS Detailed View]","f_class_color":"#6ebed6"},"geometry":{"type":"Point","coordinates":[89.388455277777993,22.815201083333001]}},
{"type":"Feature","properties":{"id":106342,"sl":6010,"map_link":"https://maps.google.com/?q=22.79844777777800000,89.44815858333300000&amp;z=8&amp;t=k","image_popup":"8088/bms/assets/uploads/images/prudential_images/bridges/bridge_6342/1704794951.jpg","bridge_name":"Gutudia Wapda PC Girder Bridge","bridge_type":"PC Girder Bridge","road_no":"R760","zone":"Khulna","circle":"Khulna","division":"Khulna","subdivision":"Khulna-1","sae":"SO-Khulna Sub Division-1-2","bridge_length_(m)":27.7,"bridge_width_(m)":9.7,"chainage_(km)":13.185,"ycoord":22.798447777778001,"xcoord":89.448158583332997,"bms_inventory":"http://bms.rhd.gov.bd:8088/bms/bridges/inventory_view/106342","bms_detail":"http://bms.rhd.gov.bd:8088/bms/bridges/detail_view/106342","f_class_name":"PC Girder Bridge","keys":"[bridge_name, Bridge Name], [bridge_type,Type], [chainage_(km), Chainage (km)], [road_no, On Road], [division, Division], [subdivision, Subdivision], [bridge_length_(m), Length (m)], [bridge_width_(m), Width (m)],[map_link(=>{type:link, format:weblink}, Google Map,newtab=>),Google Map View],[bms_inventory(=>{type:link, format:weblink}, BMS Link,newtab=>), BMS Inventory],[bms_detail(=>{type:link, format:weblink},BMS Link,newtab=>), BMS Detailed View]","f_class_color":"#6ebed6"},"geometry":{"type":"Point","coordinates":[89.448158583332997,22.798447777778001]}},
{"type":"Feature","properties":{"id":106355,"sl":8312,"map_link":"https://maps.google.com/?q=22.82312727777800000,89.35115858333300000&amp;z=8&amp;t=k","image_popup":"8088/bms/assets/uploads/images/prudential_images/bridges/bridge_6355/1704864405.jpg","bridge_name":"Khornia PC Girder Bridge","bridge_type":"PC Girder Bridge","road_no":"R760","zone":"Khulna","circle":"Khulna","division":"Khulna","subdivision":"Khulna-1","sae":"SO-Khulna Sub Division-1-1","bridge_length_(m)":151.5,"bridge_width_(m)":9.3,"chainage_(km)":23.786,"ycoord":22.823127277777999,"xcoord":89.351158583333003,"bms_inventory":"http://bms.rhd.gov.bd:8088/bms/bridges/inventory_view/106355","bms_detail":"http://bms.rhd.gov.bd:8088/bms/bridges/detail_view/106355","f_class_name":"PC Girder Bridge","keys":"[bridge_name, Bridge Name], [bridge_type,Type], [chainage_(km), Chainage (km)], [road_no, On Road], [division, Division], [subdivision, Subdivision], [bridge_length_(m), Length (m)], [bridge_width_(m), Width (m)],[map_link(=>{type:link, format:weblink}, Google Map,newtab=>),Google Map View],[bms_inventory(=>{type:link, format:weblink}, BMS Link,newtab=>), BMS Inventory],[bms_detail(=>{type:link, format:weblink},BMS Link,newtab=>), BMS Detailed View]","f_class_color":"#6ebed6"},"geometry":{"type":"Point","coordinates":[89.351158583333003,22.823127277777999]}},
{"type":"Feature","properties":{"id":106390,"sl":12198,"map_link":"https://maps.google.com/?q=23.76312608333300000,89.11936038888900000&amp;z=8&amp;t=k","image_popup":"8088/bms/assets/uploads/images/prudential_images/bridges/bridge_6390/1704889635.jpg","bridge_name":"Puran Bittipara RCC Girder Bridge","bridge_type":"RC Girder Bridge","road_no":"N704","zone":"Khulna","circle":"Kushtia","division":"Kushtia","subdivision":"Kushtia","sae":"SO-Kushtia-1","bridge_length_(m)":33.5,"bridge_width_(m)":9.2,"chainage_(km)":27.637,"ycoord":23.763126083332999,"xcoord":89.119360388889007,"bms_inventory":"http://bms.rhd.gov.bd:8088/bms/bridges/inventory_view/106390","bms_detail":"http://bms.rhd.gov.bd:8088/bms/bridges/detail_view/106390","f_class_name":"RC Girder Bridge","keys":"[bridge_name, Bridge Name], [bridge_type,Type], [chainage_(km), Chainage (km)], [road_no, On Road], [division, Division], [subdivision, Subdivision], [bridge_length_(m), Length (m)], [bridge_width_(m), Width (m)],[map_link(=>{type:link, format:weblink}, Google Map,newtab=>),Google Map View],[bms_inventory(=>{type:link, format:weblink}, BMS Link,newtab=>), BMS Inventory],[bms_detail(=>{type:link, format:weblink},BMS Link,newtab=>), BMS Detailed View]","f_class_color":"#e8f674"},"geometry":{"type":"Point","coordinates":[89.119360388889007,23.763126083332999]}},
{"type":"Feature","properties":{"id":106392,"sl":10940,"map_link":"https://maps.google.com/?q=23.76317577777800000,89.11948677777800000&amp;z=8&amp;t=k","image_popup":"8088/bms/assets/uploads/images/prudential_images/bridges/bridge_6392/1704888995.jpg","bridge_name":"New Bittipara PC Girder Bridge","bridge_type":"PC Girder Bridge","road_no":"N704","zone":"Khulna","circle":"Kushtia","division":"Kushtia","subdivision":"Kushtia","sae":"SO-Kushtia-1","bridge_length_(m)":30.0,"bridge_width_(m)":12.7,"chainage_(km)":27.637,"ycoord":23.763175777777999,"xcoord":89.119486777777993,"bms_inventory":"http://bms.rhd.gov.bd:8088/bms/bridges/inventory_view/106392","bms_detail":"http://bms.rhd.gov.bd:8088/bms/bridges/detail_view/106392","f_class_name":"PC Girder Bridge","keys":"[bridge_name, Bridge Name], [bridge_type,Type], [chainage_(km), Chainage (km)], [road_no, On Road], [division, Division], [subdivision, Subdivision], [bridge_length_(m), Length (m)], [bridge_width_(m), Width (m)],[map_link(=>{type:link, format:weblink}, Google Map,newtab=>),Google Map View],[bms_inventory(=>{type:link, format:weblink}, BMS Link,newtab=>), BMS Inventory],[bms_detail(=>{type:link, format:weblink},BMS Link,newtab=>), BMS Detailed View]","f_class_color":"#6ebed6"},"geometry":{"type":"Point","coordinates":[89.119486777777993,23.763175777777999]}},
{"type":"Feature","properties":{"id":106433,"sl":13437,"map_link":"https://maps.google.com/?q=22.76589469444400000,89.13759000000000000&amp;z=8&amp;t=k","image_popup":"8088/bms/assets/uploads/images/prudential_images/bridges/bridge_6433/1717910601.jpg","bridge_name":"Shakdaha PC Girder Bridge","bridge_type":"PC Girder Bridge","road_no":"R760","zone":"Khulna","circle":"Khulna","division":"Satkhira","subdivision":"Satkhira -1","sae":"SO-Satkhira Sub Division-1-3","bridge_length_(m)":38.0,"bridge_width_(m)":10.5,"chainage_(km)":49.547,"ycoord":22.765894694444,"xcoord":89.13759,"bms_inventory":"http://bms.rhd.gov.bd:8088/bms/bridges/inventory_view/106433","bms_detail":"http://bms.rhd.gov.bd:8088/bms/bridges/detail_view/106433","f_class_name":"PC Girder Bridge","keys":"[bridge_name, Bridge Name], [bridge_type,Type], [chainage_(km), Chainage (km)], [road_no, On Road], [division, Division], [subdivision, Subdivision], [bridge_length_(m), Length (m)], [bridge_width_(m), Width (m)],[map_link(=>{type:link, format:weblink}, Google Map,newtab=>),Google Map View],[bms_inventory(=>{type:link, format:weblink}, BMS Link,newtab=>), BMS Inventory],[bms_detail(=>{type:link, format:weblink},BMS Link,newtab=>), BMS Detailed View]","f_class_color":"#6ebed6"},"geometry":{"type":"Point","coordinates":[89.13759,22.765894694444]}},
{"type":"Feature","properties":{"id":106436,"sl":2015,"map_link":"https://maps.google.com/?q=22.75311150000000000,89.10686869444400000&amp;z=8&amp;t=k","image_popup":"8088/bms/assets/uploads/images/prudential_images/bridges/bridge_6436/1705125981.jpeg","bridge_name":"Binerpota PC Girder Bridge 1","bridge_type":"PC Girder Bridge","road_no":"R760","zone":"Khulna","circle":"Khulna","division":"Satkhira","subdivision":"Satkhira -1","sae":"SO-Satkhira Sub Division-1-3","bridge_length_(m)":25.7,"bridge_width_(m)":10.48,"chainage_(km)":53.032,"ycoord":22.7531115,"xcoord":89.106868694444003,"bms_inventory":"http://bms.rhd.gov.bd:8088/bms/bridges/inventory_view/106436","bms_detail":"http://bms.rhd.gov.bd:8088/bms/bridges/detail_view/106436","f_class_name":"PC Girder Bridge","keys":"[bridge_name, Bridge Name], [bridge_type,Type], [chainage_(km), Chainage (km)], [road_no, On Road], [division, Division], [subdivision, Subdivision], [bridge_length_(m), Length (m)], [bridge_width_(m), Width (m)],[map_link(=>{type:link, format:weblink}, Google Map,newtab=>),Google Map View],[bms_inventory(=>{type:link, format:weblink}, BMS Link,newtab=>), BMS Inventory],[bms_detail(=>{type:link, format:weblink},BMS Link,newtab=>), BMS Detailed View]","f_class_color":"#6ebed6"},"geometry":{"type":"Point","coordinates":[89.106868694444003,22.7531115]}},
{"type":"Feature","properties":{"id":106438,"sl":2016,"map_link":"https://maps.google.com/?q=22.75129469444400000,89.10377069444400000&amp;z=8&amp;t=k","image_popup":"8088/bms/assets/uploads/images/prudential_images/bridges/bridge_6438/1705127709.jpg","bridge_name":"Binerpota PC Girder Bridge 2","bridge_type":"PC Girder Bridge","road_no":"R760","zone":"Khulna","circle":"Khulna","division":"Satkhira","subdivision":"Satkhira -1","sae":"SO-Satkhira Sub Division-1-3","bridge_length_(m)":75.1,"bridge_width_(m)":10.7,"chainage_(km)":53.396,"ycoord":22.751294694443999,"xcoord":89.103770694443995,"bms_inventory":"http://bms.rhd.gov.bd:8088/bms/bridges/inventory_view/106438","bms_detail":"http://bms.rhd.gov.bd:8088/bms/bridges/detail_view/106438","f_class_name":"PC Girder Bridge","keys":"[bridge_name, Bridge Name], [bridge_type,Type], [chainage_(km), Chainage (km)], [road_no, On Road], [division, Division], [subdivision, Subdivision], [bridge_length_(m), Length (m)], [bridge_width_(m), Width (m)],[map_link(=>{type:link, format:weblink}, Google Map,newtab=>),Google Map View],[bms_inventory(=>{type:link, format:weblink}, BMS Link,newtab=>), BMS Inventory],[bms_detail(=>{type:link, format:weblink},BMS Link,newtab=>), BMS Detailed View]","f_class_color":"#6ebed6"},"geometry":{"type":"Point","coordinates":[89.103770694443995,22.751294694443999]}},
{"type":"Feature","properties":{"id":106442,"sl":6686,"map_link":"https://maps.google.com/?q=22.77450538888900000,89.61004838888900000&amp;z=8&amp;t=k","image_popup":"8088/bms/assets/uploads/images/prudential_images/bridges/bridge_6442/1705129539.jpeg","bridge_name":"Jabusha PC Girder Bridge 1","bridge_type":"PC Girder Bridge","road_no":"N709","zone":"Khulna","circle":"Khulna","division":"Khulna","subdivision":"Khulna-2","sae":"SO-Khulna Sub Division-2-1","bridge_length_(m)":30.1,"bridge_width_(m)":9.9,"chainage_(km)":25.821,"ycoord":22.774505388889001,"xcoord":89.610048388888998,"bms_inventory":"http://bms.rhd.gov.bd:8088/bms/bridges/inventory_view/106442","bms_detail":"http://bms.rhd.gov.bd:8088/bms/bridges/detail_view/106442","f_class_name":"PC Girder Bridge","keys":"[bridge_name, Bridge Name], [bridge_type,Type], [chainage_(km), Chainage (km)], [road_no, On Road], [division, Division], [subdivision, Subdivision], [bridge_length_(m), Length (m)], [bridge_width_(m), Width (m)],[map_link(=>{type:link, format:weblink}, Google Map,newtab=>),Google Map View],[bms_inventory(=>{type:link, format:weblink}, BMS Link,newtab=>), BMS Inventory],[bms_detail(=>{type:link, format:weblink},BMS Link,newtab=>), BMS Detailed View]","f_class_color":"#6ebed6"},"geometry":{"type":"Point","coordinates":[89.610048388888998,22.774505388889001]}},
{"type":"Feature","properties":{"id":106444,"sl":6687,"map_link":"https://maps.google.com/?q=22.77438019444400000,89.61014927777800000&amp;z=8&amp;t=k","image_popup":"8088/bms/assets/uploads/images/prudential_images/bridges/bridge_6444/1705130508.jpeg","bridge_name":"Jabusha PC Girder Bridge 2","bridge_type":"PC Girder Bridge","road_no":"N709","zone":"Khulna","circle":"Khulna","division":"Khulna","subdivision":"Khulna-2","sae":"SO-Khulna Sub Division-2-1","bridge_length_(m)":30.1,"bridge_width_(m)":9.9,"chainage_(km)":25.821,"ycoord":22.774380194443999,"xcoord":89.610149277778007,"bms_inventory":"http://bms.rhd.gov.bd:8088/bms/bridges/inventory_view/106444","bms_detail":"http://bms.rhd.gov.bd:8088/bms/bridges/detail_view/106444","f_class_name":"PC Girder Bridge","keys":"[bridge_name, Bridge Name], [bridge_type,Type], [chainage_(km), Chainage (km)], [road_no, On Road], [division, Division], [subdivision, Subdivision], [bridge_length_(m), Length (m)], [bridge_width_(m), Width (m)],[map_link(=>{type:link, format:weblink}, Google Map,newtab=>),Google Map View],[bms_inventory(=>{type:link, format:weblink}, BMS Link,newtab=>), BMS Inventory],[bms_detail(=>{type:link, format:weblink},BMS Link,newtab=>), BMS Detailed View]","f_class_color":"#6ebed6"},"geometry":{"type":"Point","coordinates":[89.610149277778007,22.774380194443999]}},
{"type":"Feature","properties":{"id":106479,"sl":13817,"map_link":"https://maps.google.com/?q=23.95063308333300000,88.97426188888900000&amp;z=8&amp;t=k","image_popup":"8088/bms/assets/uploads/images/prudential_images/bridges/bridge_6479/1705211657.jpg","bridge_name":"Shingpur Bridge","bridge_type":"RC Girder Bridge","road_no":"Z7461","zone":"Khulna","circle":"Kushtia","division":"Kushtia","subdivision":"Kushtia","sae":"SO-Kushtia-1","bridge_length_(m)":12.8,"bridge_width_(m)":10.3,"chainage_(km)":2.8,"ycoord":23.950633083332999,"xcoord":88.974261888889004,"bms_inventory":"http://bms.rhd.gov.bd:8088/bms/bridges/inventory_view/106479","bms_detail":"http://bms.rhd.gov.bd:8088/bms/bridges/detail_view/106479","f_class_name":"RC Girder Bridge","keys":"[bridge_name, Bridge Name], [bridge_type,Type], [chainage_(km), Chainage (km)], [road_no, On Road], [division, Division], [subdivision, Subdivision], [bridge_length_(m), Length (m)], [bridge_width_(m), Width (m)],[map_link(=>{type:link, format:weblink}, Google Map,newtab=>),Google Map View],[bms_inventory(=>{type:link, format:weblink}, BMS Link,newtab=>), BMS Inventory],[bms_detail(=>{type:link, format:weblink},BMS Link,newtab=>), BMS Detailed View]","f_class_color":"#e8f674"},"geometry":{"type":"Point","coordinates":[88.974261888889004,23.950633083332999]}},
{"type":"Feature","properties":{"id":106480,"sl":4489,"map_link":"https://maps.google.com/?q=23.82510227777800000,89.32478369444400000&amp;z=8&amp;t=k","image_popup":"8088/bms/assets/uploads/images/prudential_images/bridges/bridge_6480/1705211658.jpg","bridge_name":"Dhusondiya Bridge","bridge_type":"RC Girder Bridge","road_no":"Z7105","zone":"Khulna","circle":"Kushtia","division":"Kushtia","subdivision":"Kushtia","sae":"SO-Kushtia-1","bridge_length_(m)":9.6,"bridge_width_(m)":4.7,"chainage_(km)":8.5,"ycoord":23.825102277778001,"xcoord":89.324783694443994,"bms_inventory":"http://bms.rhd.gov.bd:8088/bms/bridges/inventory_view/106480","bms_detail":"http://bms.rhd.gov.bd:8088/bms/bridges/detail_view/106480","f_class_name":"RC Girder Bridge","keys":"[bridge_name, Bridge Name], [bridge_type,Type], [chainage_(km), Chainage (km)], [road_no, On Road], [division, Division], [subdivision, Subdivision], [bridge_length_(m), Length (m)], [bridge_width_(m), Width (m)],[map_link(=>{type:link, format:weblink}, Google Map,newtab=>),Google Map View],[bms_inventory(=>{type:link, format:weblink}, BMS Link,newtab=>), BMS Inventory],[bms_detail(=>{type:link, format:weblink},BMS Link,newtab=>), BMS Detailed View]","f_class_color":"#e8f674"},"geometry":{"type":"Point","coordinates":[89.324783694443994,23.825102277778001]}},
{"type":"Feature","properties":{"id":106487,"sl":1160,"map_link":"https://maps.google.com/?q=23.95555538888900000,88.94458827777800000&amp;z=8&amp;t=k","image_popup":"8088/bms/assets/uploads/images/prudential_images/bridges/bridge_6487/1705217667.jpg","bridge_name":"Baliashisha Bridge","bridge_type":"RC Girder Bridge","road_no":"Z7461","zone":"Khulna","circle":"Kushtia","division":"Kushtia","subdivision":"Kushtia","sae":"SO-Kushtia-1","bridge_length_(m)":37.0,"bridge_width_(m)":4.3,"chainage_(km)":5.94,"ycoord":23.955555388889,"xcoord":88.944588277777996,"bms_inventory":"http://bms.rhd.gov.bd:8088/bms/bridges/inventory_view/106487","bms_detail":"http://bms.rhd.gov.bd:8088/bms/bridges/detail_view/106487","f_class_name":"RC Girder Bridge","keys":"[bridge_name, Bridge Name], [bridge_type,Type], [chainage_(km), Chainage (km)], [road_no, On Road], [division, Division], [subdivision, Subdivision], [bridge_length_(m), Length (m)], [bridge_width_(m), Width (m)],[map_link(=>{type:link, format:weblink}, Google Map,newtab=>),Google Map View],[bms_inventory(=>{type:link, format:weblink}, BMS Link,newtab=>), BMS Inventory],[bms_detail(=>{type:link, format:weblink},BMS Link,newtab=>), BMS Detailed View]","f_class_color":"#e8f674"},"geometry":{"type":"Point","coordinates":[88.944588277777996,23.955555388889]}},
{"type":"Feature","properties":{"id":106502,"sl":15155,"map_link":"https://maps.google.com/?q=23.77182719444400000,89.06817408333300000&amp;z=8&amp;t=k","image_popup":"8088/bms/assets/uploads/images/prudential_images/bridges/bridge_6502/1705226514.jpg","bridge_name":"Toilotupi Bridge","bridge_type":"RC Girder Bridge","road_no":"Z7404","zone":"Khulna","circle":"Kushtia","division":"Kushtia","subdivision":"Kushtia","sae":"SO-Kushtia-3","bridge_length_(m)":35.5,"bridge_width_(m)":4.3,"chainage_(km)":36.025,"ycoord":23.771827194444,"xcoord":89.068174083333005,"bms_inventory":"http://bms.rhd.gov.bd:8088/bms/bridges/inventory_view/106502","bms_detail":"http://bms.rhd.gov.bd:8088/bms/bridges/detail_view/106502","f_class_name":"RC Girder Bridge","keys":"[bridge_name, Bridge Name], [bridge_type,Type], [chainage_(km), Chainage (km)], [road_no, On Road], [division, Division], [subdivision, Subdivision], [bridge_length_(m), Length (m)], [bridge_width_(m), Width (m)],[map_link(=>{type:link, format:weblink}, Google Map,newtab=>),Google Map View],[bms_inventory(=>{type:link, format:weblink}, BMS Link,newtab=>), BMS Inventory],[bms_detail(=>{type:link, format:weblink},BMS Link,newtab=>), BMS Detailed View]","f_class_color":"#e8f674"},"geometry":{"type":"Point","coordinates":[89.068174083333005,23.771827194444]}},
{"type":"Feature","properties":{"id":106505,"sl":11048,"map_link":"https://maps.google.com/?q=23.93201658333300000,89.01670619444400000&amp;z=8&amp;t=k","image_popup":"8088/bms/assets/uploads/images/prudential_images/bridges/bridge_6505/1705231396.jpg","bridge_name":"Noapara RCC Girder Bridge","bridge_type":"RC Girder Bridge","road_no":"R745","zone":"Khulna","circle":"Kushtia","division":"Kushtia","subdivision":"Kushtia","sae":"SO-Kushtia-1","bridge_length_(m)":30.8,"bridge_width_(m)":7.1,"chainage_(km)":7.489,"ycoord":23.932016583332999,"xcoord":89.016706194443998,"bms_inventory":"http://bms.rhd.gov.bd:8088/bms/bridges/inventory_view/106505","bms_detail":"http://bms.rhd.gov.bd:8088/bms/bridges/detail_view/106505","f_class_name":"RC Girder Bridge","keys":"[bridge_name, Bridge Name], [bridge_type,Type], [chainage_(km), Chainage (km)], [road_no, On Road], [division, Division], [subdivision, Subdivision], [bridge_length_(m), Length (m)], [bridge_width_(m), Width (m)],[map_link(=>{type:link, format:weblink}, Google Map,newtab=>),Google Map View],[bms_inventory(=>{type:link, format:weblink}, BMS Link,newtab=>), BMS Inventory],[bms_detail(=>{type:link, format:weblink},BMS Link,newtab=>), BMS Detailed View]","f_class_color":"#e8f674"},"geometry":{"type":"Point","coordinates":[89.016706194443998,23.932016583332999]}},
{"type":"Feature","properties":{"id":106525,"sl":219,"map_link":"https://maps.google.com/?q=23.84623527777800000,89.03791438888900000&amp;z=8&amp;t=k","image_popup":"8088/bms/assets/uploads/images/prudential_images/bridges/bridge_6525/1705307646.jpg","bridge_name":"Ailchara PC Girder Bridge","bridge_type":"PC Girder Bridge","road_no":"R747","zone":"Khulna","circle":"Kushtia","division":"Kushtia","subdivision":"Kushtia","sae":"SO-Kushtia-3","bridge_length_(m)":38.9,"bridge_width_(m)":9.6,"chainage_(km)":7.2,"ycoord":23.846235277778,"xcoord":89.037914388889007,"bms_inventory":"http://bms.rhd.gov.bd:8088/bms/bridges/inventory_view/106525","bms_detail":"http://bms.rhd.gov.bd:8088/bms/bridges/detail_view/106525","f_class_name":"PC Girder Bridge","keys":"[bridge_name, Bridge Name], [bridge_type,Type], [chainage_(km), Chainage (km)], [road_no, On Road], [division, Division], [subdivision, Subdivision], [bridge_length_(m), Length (m)], [bridge_width_(m), Width (m)],[map_link(=>{type:link, format:weblink}, Google Map,newtab=>),Google Map View],[bms_inventory(=>{type:link, format:weblink}, BMS Link,newtab=>), BMS Inventory],[bms_detail(=>{type:link, format:weblink},BMS Link,newtab=>), BMS Detailed View]","f_class_color":"#6ebed6"},"geometry":{"type":"Point","coordinates":[89.037914388889007,23.846235277778]}},
{"type":"Feature","properties":{"id":106526,"sl":11139,"map_link":"https://maps.google.com/?q=23.83450577777800000,89.02312569444400000&amp;z=8&amp;t=k","image_popup":"8088/bms/assets/uploads/images/prudential_images/bridges/bridge_6526/1705308686.jpg","bridge_name":"Nolkola RCC Girder Bridge","bridge_type":"RC Girder Bridge","road_no":"R747","zone":"Khulna","circle":"Kushtia","division":"Kushtia","subdivision":"Kushtia","sae":"SO-Kushtia-2","bridge_length_(m)":48.0,"bridge_width_(m)":8.3,"chainage_(km)":9.488,"ycoord":23.834505777777999,"xcoord":89.023125694444005,"bms_inventory":"http://bms.rhd.gov.bd:8088/bms/bridges/inventory_view/106526","bms_detail":"http://bms.rhd.gov.bd:8088/bms/bridges/detail_view/106526","f_class_name":"RC Girder Bridge","keys":"[bridge_name, Bridge Name], [bridge_type,Type], [chainage_(km), Chainage (km)], [road_no, On Road], [division, Division], [subdivision, Subdivision], [bridge_length_(m), Length (m)], [bridge_width_(m), Width (m)],[map_link(=>{type:link, format:weblink}, Google Map,newtab=>),Google Map View],[bms_inventory(=>{type:link, format:weblink}, BMS Link,newtab=>), BMS Inventory],[bms_detail(=>{type:link, format:weblink},BMS Link,newtab=>), BMS Detailed View]","f_class_color":"#e8f674"},"geometry":{"type":"Point","coordinates":[89.023125694444005,23.834505777777999]}},
{"type":"Feature","properties":{"id":106527,"sl":7366,"map_link":"https://maps.google.com/?q=23.85752488888900000,88.90721508333300000&amp;z=8&amp;t=k","image_popup":"8088/bms/assets/uploads/images/prudential_images/bridges/bridge_6527/1705309817.jpg","bridge_name":"Kakiladoho RCC Girder Bridge","bridge_type":"RC Girder Bridge","road_no":"Z7465","zone":"Khulna","circle":"Kushtia","division":"Kushtia","subdivision":"Kushtia","sae":"SO-Kushtia-3","bridge_length_(m)":13.0,"bridge_width_(m)":10.5,"chainage_(km)":6.06,"ycoord":23.857524888888999,"xcoord":88.907215083333,"bms_inventory":"http://bms.rhd.gov.bd:8088/bms/bridges/inventory_view/106527","bms_detail":"http://bms.rhd.gov.bd:8088/bms/bridges/detail_view/106527","f_class_name":"RC Girder Bridge","keys":"[bridge_name, Bridge Name], [bridge_type,Type], [chainage_(km), Chainage (km)], [road_no, On Road], [division, Division], [subdivision, Subdivision], [bridge_length_(m), Length (m)], [bridge_width_(m), Width (m)],[map_link(=>{type:link, format:weblink}, Google Map,newtab=>),Google Map View],[bms_inventory(=>{type:link, format:weblink}, BMS Link,newtab=>), BMS Inventory],[bms_detail(=>{type:link, format:weblink},BMS Link,newtab=>), BMS Detailed View]","f_class_color":"#e8f674"},"geometry":{"type":"Point","coordinates":[88.907215083333,23.857524888888999]}},
{"type":"Feature","properties":{"id":106528,"sl":10318,"map_link":"https://maps.google.com/?q=23.86545277777800000,88.90962269444400000&amp;z=8&amp;t=k","image_popup":"8088/bms/assets/uploads/images/prudential_images/bridges/bridge_6528/1705311177.jpg","bridge_name":"Mollikpara RCC Girder Bridge","bridge_type":"RC Girder Bridge","road_no":"Z7465","zone":"Khulna","circle":"Kushtia","division":"Kushtia","subdivision":"Kushtia","sae":"SO-Kushtia-3","bridge_length_(m)":11.5,"bridge_width_(m)":6.6,"chainage_(km)":4.77,"ycoord":23.865452777778,"xcoord":88.909622694443996,"bms_inventory":"http://bms.rhd.gov.bd:8088/bms/bridges/inventory_view/106528","bms_detail":"http://bms.rhd.gov.bd:8088/bms/bridges/detail_view/106528","f_class_name":"RC Girder Bridge","keys":"[bridge_name, Bridge Name], [bridge_type,Type], [chainage_(km), Chainage (km)], [road_no, On Road], [division, Division], [subdivision, Subdivision], [bridge_length_(m), Length (m)], [bridge_width_(m), Width (m)],[map_link(=>{type:link, format:weblink}, Google Map,newtab=>),Google Map View],[bms_inventory(=>{type:link, format:weblink}, BMS Link,newtab=>), BMS Inventory],[bms_detail(=>{type:link, format:weblink},BMS Link,newtab=>), BMS Detailed View]","f_class_color":"#e8f674"},"geometry":{"type":"Point","coordinates":[88.909622694443996,23.865452777778]}},
{"type":"Feature","properties":{"id":106529,"sl":6958,"map_link":"https://maps.google.com/?q=23.83292819444400000,88.86947969444400000&amp;z=8&amp;t=k","image_popup":"8088/bms/assets/uploads/images/prudential_images/bridges/bridge_6529/1705313198.jpg","bridge_name":"Jhutiadanga PC Girder Bridge","bridge_type":"PC Girder Bridge","road_no":"Z7464","zone":"Khulna","circle":"Kushtia","division":"Kushtia","subdivision":"Kushtia","sae":"SO-Kushtia-3","bridge_length_(m)":25.4,"bridge_width_(m)":10.4,"chainage_(km)":14.587,"ycoord":23.832928194444001,"xcoord":88.869479694443996,"bms_inventory":"http://bms.rhd.gov.bd:8088/bms/bridges/inventory_view/106529","bms_detail":"http://bms.rhd.gov.bd:8088/bms/bridges/detail_view/106529","f_class_name":"PC Girder Bridge","keys":"[bridge_name, Bridge Name], [bridge_type,Type], [chainage_(km), Chainage (km)], [road_no, On Road], [division, Division], [subdivision, Subdivision], [bridge_length_(m), Length (m)], [bridge_width_(m), Width (m)],[map_link(=>{type:link, format:weblink}, Google Map,newtab=>),Google Map View],[bms_inventory(=>{type:link, format:weblink}, BMS Link,newtab=>), BMS Inventory],[bms_detail(=>{type:link, format:weblink},BMS Link,newtab=>), BMS Detailed View]","f_class_color":"#6ebed6"},"geometry":{"type":"Point","coordinates":[88.869479694443996,23.832928194444001]}},
{"type":"Feature","properties":{"id":106547,"sl":10852,"map_link":"https://maps.google.com/?q=22.72336738888900000,89.07512908333300000&amp;z=8&amp;t=k","image_popup":"8088/bms/assets/uploads/images/prudential_images/bridges/bridge_6547/1705486379.jpg","bridge_name":"Narkeltola RCC Girder Bridge","bridge_type":"RC Girder Bridge","road_no":"R760","zone":"Khulna","circle":"Khulna","division":"Satkhira","subdivision":"Satkhira -1","sae":"SO-Satkhira Sub Division-1-3","bridge_length_(m)":24.7,"bridge_width_(m)":8.7,"chainage_(km)":57.744,"ycoord":22.723367388888999,"xcoord":89.075129083332996,"bms_inventory":"http://bms.rhd.gov.bd:8088/bms/bridges/inventory_view/106547","bms_detail":"http://bms.rhd.gov.bd:8088/bms/bridges/detail_view/106547","f_class_name":"RC Girder Bridge","keys":"[bridge_name, Bridge Name], [bridge_type,Type], [chainage_(km), Chainage (km)], [road_no, On Road], [division, Division], [subdivision, Subdivision], [bridge_length_(m), Length (m)], [bridge_width_(m), Width (m)],[map_link(=>{type:link, format:weblink}, Google Map,newtab=>),Google Map View],[bms_inventory(=>{type:link, format:weblink}, BMS Link,newtab=>), BMS Inventory],[bms_detail(=>{type:link, format:weblink},BMS Link,newtab=>), BMS Detailed View]","f_class_color":"#e8f674"},"geometry":{"type":"Point","coordinates":[89.075129083332996,22.723367388888999]}},
{"type":"Feature","properties":{"id":106562,"sl":2755,"map_link":"https://maps.google.com/?q=22.88690058333300000,89.02440150000000000&amp;z=8&amp;t=k","image_popup":"8088/bms/assets/uploads/images/prudential_images/bridges/bridge_6562/1705561766.jpg","bridge_name":"Broj Baksha RCC Girder Bridge","bridge_type":"RC Girder Bridge","road_no":"R765","zone":"Khulna","circle":"Khulna","division":"Satkhira","subdivision":"Satkhira -1","sae":"SO-Satkhira Sub Division-1-1","bridge_length_(m)":10.5,"bridge_width_(m)":6.0,"chainage_(km)":21.52,"ycoord":22.886900583332999,"xcoord":89.0244015,"bms_inventory":"http://bms.rhd.gov.bd:8088/bms/bridges/inventory_view/106562","bms_detail":"http://bms.rhd.gov.bd:8088/bms/bridges/detail_view/106562","f_class_name":"RC Girder Bridge","keys":"[bridge_name, Bridge Name], [bridge_type,Type], [chainage_(km), Chainage (km)], [road_no, On Road], [division, Division], [subdivision, Subdivision], [bridge_length_(m), Length (m)], [bridge_width_(m), Width (m)],[map_link(=>{type:link, format:weblink}, Google Map,newtab=>),Google Map View],[bms_inventory(=>{type:link, format:weblink}, BMS Link,newtab=>), BMS Inventory],[bms_detail(=>{type:link, format:weblink},BMS Link,newtab=>), BMS Detailed View]","f_class_color":"#e8f674"},"geometry":{"type":"Point","coordinates":[89.0244015,22.886900583332999]}},
{"type":"Feature","properties":{"id":106575,"sl":3334,"map_link":"https://maps.google.com/?q=23.88747008333300000,89.08898900000000000&amp;z=8&amp;t=k","image_popup":"8088/bms/assets/uploads/images/prudential_images/bridges/bridge_6575/1705578763.jpeg","bridge_name":"Chechia PC Girder Bridge 2","bridge_type":"PC Girder Bridge","road_no":"N713","zone":"Khulna","circle":"Kushtia","division":"Kushtia","subdivision":"Kushtia","sae":"SO-Kushtia-2","bridge_length_(m)":144.0,"bridge_width_(m)":10.4,"chainage_(km)":0.9,"ycoord":23.887470083333,"xcoord":89.088989,"bms_inventory":"http://bms.rhd.gov.bd:8088/bms/bridges/inventory_view/106575","bms_detail":"http://bms.rhd.gov.bd:8088/bms/bridges/detail_view/106575","f_class_name":"PC Girder Bridge","keys":"[bridge_name, Bridge Name], [bridge_type,Type], [chainage_(km), Chainage (km)], [road_no, On Road], [division, Division], [subdivision, Subdivision], [bridge_length_(m), Length (m)], [bridge_width_(m), Width (m)],[map_link(=>{type:link, format:weblink}, Google Map,newtab=>),Google Map View],[bms_inventory(=>{type:link, format:weblink}, BMS Link,newtab=>), BMS Inventory],[bms_detail(=>{type:link, format:weblink},BMS Link,newtab=>), BMS Detailed View]","f_class_color":"#6ebed6"},"geometry":{"type":"Point","coordinates":[89.088989,23.887470083333]}},
{"type":"Feature","properties":{"id":106592,"sl":7294,"map_link":"https://maps.google.com/?q=22.73825900000000000,89.06287608333300000&amp;z=8&amp;t=k","image_popup":"8088/bms/assets/uploads/images/prudential_images/bridges/bridge_6592/1705744265.jpeg","bridge_name":"Kadamtala RCC Girder Bridge","bridge_type":"RC Girder Bridge","road_no":"R765","zone":"Khulna","circle":"Khulna","division":"Satkhira","subdivision":"Satkhira -1","sae":"SO-Satkhira Sub Division-1-1","bridge_length_(m)":41.0,"bridge_width_(m)":8.6,"chainage_(km)":39.758,"ycoord":22.738259,"xcoord":89.062876083332995,"bms_inventory":"http://bms.rhd.gov.bd:8088/bms/bridges/inventory_view/106592","bms_detail":"http://bms.rhd.gov.bd:8088/bms/bridges/detail_view/106592","f_class_name":"RC Girder Bridge","keys":"[bridge_name, Bridge Name], [bridge_type,Type], [chainage_(km), Chainage (km)], [road_no, On Road], [division, Division], [subdivision, Subdivision], [bridge_length_(m), Length (m)], [bridge_width_(m), Width (m)],[map_link(=>{type:link, format:weblink}, Google Map,newtab=>),Google Map View],[bms_inventory(=>{type:link, format:weblink}, BMS Link,newtab=>), BMS Inventory],[bms_detail(=>{type:link, format:weblink},BMS Link,newtab=>), BMS Detailed View]","f_class_color":"#e8f674"},"geometry":{"type":"Point","coordinates":[89.062876083332995,22.738259]}},
{"type":"Feature","properties":{"id":106600,"sl":9879,"map_link":"https://maps.google.com/?q=23.93791927777800000,88.99755019444400000&amp;z=8&amp;t=k","image_popup":"8088/bms/assets/uploads/images/prudential_images/bridges/bridge_6600/1707374146.jpg","bridge_name":"Mirpur Bazar RCC Girder Bridge","bridge_type":"RC Girder Bridge","road_no":"Z7451","zone":"Khulna","circle":"Kushtia","division":"Kushtia","subdivision":"Kushtia","sae":"SO-Kushtia-3","bridge_length_(m)":53.6,"bridge_width_(m)":5.1,"chainage_(km)":1.09,"ycoord":23.937919277778001,"xcoord":88.997550194444003,"bms_inventory":"http://bms.rhd.gov.bd:8088/bms/bridges/inventory_view/106600","bms_detail":"http://bms.rhd.gov.bd:8088/bms/bridges/detail_view/106600","f_class_name":"RC Girder Bridge","keys":"[bridge_name, Bridge Name], [bridge_type,Type], [chainage_(km), Chainage (km)], [road_no, On Road], [division, Division], [subdivision, Subdivision], [bridge_length_(m), Length (m)], [bridge_width_(m), Width (m)],[map_link(=>{type:link, format:weblink}, Google Map,newtab=>),Google Map View],[bms_inventory(=>{type:link, format:weblink}, BMS Link,newtab=>), BMS Inventory],[bms_detail(=>{type:link, format:weblink},BMS Link,newtab=>), BMS Detailed View]","f_class_color":"#e8f674"},"geometry":{"type":"Point","coordinates":[88.997550194444003,23.937919277778001]}},
{"type":"Feature","properties":{"id":106636,"sl":1384,"map_link":"https://maps.google.com/?q=23.95013977777800000,88.88506000000000000&amp;z=8&amp;t=k","image_popup":"8088/bms/assets/uploads/images/prudential_images/bridges/bridge_6636/1705908501.jpg","bridge_name":"Baragangdia RCC Girder Bridge","bridge_type":"RC Girder Bridge","road_no":"Z7461","zone":"Khulna","circle":"Kushtia","division":"Kushtia","subdivision":"Kushtia","sae":"SO-Kushtia-1","bridge_length_(m)":12.2,"bridge_width_(m)":4.5,"chainage_(km)":13.35,"ycoord":23.950139777777999,"xcoord":88.88506,"bms_inventory":"http://bms.rhd.gov.bd:8088/bms/bridges/inventory_view/106636","bms_detail":"http://bms.rhd.gov.bd:8088/bms/bridges/detail_view/106636","f_class_name":"RC Girder Bridge","keys":"[bridge_name, Bridge Name], [bridge_type,Type], [chainage_(km), Chainage (km)], [road_no, On Road], [division, Division], [subdivision, Subdivision], [bridge_length_(m), Length (m)], [bridge_width_(m), Width (m)],[map_link(=>{type:link, format:weblink}, Google Map,newtab=>),Google Map View],[bms_inventory(=>{type:link, format:weblink}, BMS Link,newtab=>), BMS Inventory],[bms_detail(=>{type:link, format:weblink},BMS Link,newtab=>), BMS Detailed View]","f_class_color":"#e8f674"},"geometry":{"type":"Point","coordinates":[88.88506,23.950139777777999]}},
{"type":"Feature","properties":{"id":106639,"sl":7810,"map_link":"https://maps.google.com/?q=22.74947450000000000,89.05021069444400000&amp;z=8&amp;t=k","image_popup":"8088/bms/assets/uploads/images/prudential_images/bridges/bridge_6639/1705916918.jpeg","bridge_name":"Kashempur PC Girder Bridge","bridge_type":"PC Girder Bridge","road_no":"Z7605","zone":"Khulna","circle":"Khulna","division":"Satkhira","subdivision":"Satkhira -2","sae":"SO-Satkhira Sub Division-2-1","bridge_length_(m)":25.5,"bridge_width_(m)":10.0,"chainage_(km)":7.979,"ycoord":22.7494745,"xcoord":89.050210694444004,"bms_inventory":"http://bms.rhd.gov.bd:8088/bms/bridges/inventory_view/106639","bms_detail":"http://bms.rhd.gov.bd:8088/bms/bridges/detail_view/106639","f_class_name":"PC Girder Bridge","keys":"[bridge_name, Bridge Name], [bridge_type,Type], [chainage_(km), Chainage (km)], [road_no, On Road], [division, Division], [subdivision, Subdivision], [bridge_length_(m), Length (m)], [bridge_width_(m), Width (m)],[map_link(=>{type:link, format:weblink}, Google Map,newtab=>),Google Map View],[bms_inventory(=>{type:link, format:weblink}, BMS Link,newtab=>), BMS Inventory],[bms_detail(=>{type:link, format:weblink},BMS Link,newtab=>), BMS Detailed View]","f_class_color":"#6ebed6"},"geometry":{"type":"Point","coordinates":[89.050210694444004,22.7494745]}},
{"type":"Feature","properties":{"id":106658,"sl":4384,"map_link":"https://maps.google.com/?q=23.59913538888900000,89.14367788888900000&amp;z=8&amp;t=k","image_popup":"8088/bms/assets/uploads/images/prudential_images/bridges/bridge_6658/1705988945.jpg","bridge_name":"Dhonaikhali Bridge","bridge_type":"RC Girder Bridge","road_no":"Z7404","zone":"Khulna","circle":"Kushtia","division":"Jhenaidah","subdivision":"Jhenaidah","sae":"SO-Jhenaidah-1","bridge_length_(m)":13.2,"bridge_width_(m)":3.3,"chainage_(km)":4.845,"ycoord":23.599135388889,"xcoord":89.143677888889002,"bms_inventory":"http://bms.rhd.gov.bd:8088/bms/bridges/inventory_view/106658","bms_detail":"http://bms.rhd.gov.bd:8088/bms/bridges/detail_view/106658","f_class_name":"RC Girder Bridge","keys":"[bridge_name, Bridge Name], [bridge_type,Type], [chainage_(km), Chainage (km)], [road_no, On Road], [division, Division], [subdivision, Subdivision], [bridge_length_(m), Length (m)], [bridge_width_(m), Width (m)],[map_link(=>{type:link, format:weblink}, Google Map,newtab=>),Google Map View],[bms_inventory(=>{type:link, format:weblink}, BMS Link,newtab=>), BMS Inventory],[bms_detail(=>{type:link, format:weblink},BMS Link,newtab=>), BMS Detailed View]","f_class_color":"#e8f674"},"geometry":{"type":"Point","coordinates":[89.143677888889002,23.599135388889]}},
{"type":"Feature","properties":{"id":106659,"sl":496,"map_link":"https://maps.google.com/?q=23.58524638888900000,89.17644750000000000&amp;z=8&amp;t=k","image_popup":"8088/bms/assets/uploads/images/prudential_images/bridges/bridge_6659/1705990269.jpg","bridge_name":"Amtali Bazar Bridge","bridge_type":"RC Girder Bridge","road_no":"Z7404","zone":"Khulna","circle":"Kushtia","division":"Jhenaidah","subdivision":"Jhenaidah","sae":"SO-Jhenaidah-1","bridge_length_(m)":20.3,"bridge_width_(m)":4.1,"chainage_(km)":0.108,"ycoord":23.585246388889001,"xcoord":89.1764475,"bms_inventory":"http://bms.rhd.gov.bd:8088/bms/bridges/inventory_view/106659","bms_detail":"http://bms.rhd.gov.bd:8088/bms/bridges/detail_view/106659","f_class_name":"RC Girder Bridge","keys":"[bridge_name, Bridge Name], [bridge_type,Type], [chainage_(km), Chainage (km)], [road_no, On Road], [division, Division], [subdivision, Subdivision], [bridge_length_(m), Length (m)], [bridge_width_(m), Width (m)],[map_link(=>{type:link, format:weblink}, Google Map,newtab=>),Google Map View],[bms_inventory(=>{type:link, format:weblink}, BMS Link,newtab=>), BMS Inventory],[bms_detail(=>{type:link, format:weblink},BMS Link,newtab=>), BMS Detailed View]","f_class_color":"#e8f674"},"geometry":{"type":"Point","coordinates":[89.1764475,23.585246388889001]}},
{"type":"Feature","properties":{"id":106669,"sl":4185,"map_link":"https://maps.google.com/?q=22.74945069444400000,89.08191338888900000&amp;z=8&amp;t=k","image_popup":"8088/bms/assets/uploads/images/prudential_images/bridges/bridge_6669/1706007874.jpeg","bridge_name":"Debnogor PC Girder Bridge","bridge_type":"PC Girder Bridge","road_no":"Z7605","zone":"Khulna","circle":"Khulna","division":"Satkhira","subdivision":"Satkhira -1","sae":"SO-Satkhira Sub Division-1-1","bridge_length_(m)":25.5,"bridge_width_(m)":10.2,"chainage_(km)":11.471,"ycoord":22.749450694444,"xcoord":89.081913388889006,"bms_inventory":"http://bms.rhd.gov.bd:8088/bms/bridges/inventory_view/106669","bms_detail":"http://bms.rhd.gov.bd:8088/bms/bridges/detail_view/106669","f_class_name":"PC Girder Bridge","keys":"[bridge_name, Bridge Name], [bridge_type,Type], [chainage_(km), Chainage (km)], [road_no, On Road], [division, Division], [subdivision, Subdivision], [bridge_length_(m), Length (m)], [bridge_width_(m), Width (m)],[map_link(=>{type:link, format:weblink}, Google Map,newtab=>),Google Map View],[bms_inventory(=>{type:link, format:weblink}, BMS Link,newtab=>), BMS Inventory],[bms_detail(=>{type:link, format:weblink},BMS Link,newtab=>), BMS Detailed View]","f_class_color":"#6ebed6"},"geometry":{"type":"Point","coordinates":[89.081913388889006,22.749450694444]}},
{"type":"Feature","properties":{"id":106683,"sl":9403,"map_link":"https://maps.google.com/?q=22.67598550000000000,88.98321650000000000&amp;z=8&amp;t=k","image_popup":"8088/bms/assets/uploads/images/prudential_images/bridges/bridge_6683/1706077089.jpeg","bridge_name":"Mahmudpur PC Girder Bridge","bridge_type":"PC Girder Bridge","road_no":"N715","zone":"Khulna","circle":"Khulna","division":"Satkhira","subdivision":"Satkhira -2","sae":"SO-Satkhira Sub Division-2-1","bridge_length_(m)":25.5,"bridge_width_(m)":10.5,"chainage_(km)":5.334,"ycoord":22.6759855,"xcoord":88.9832165,"bms_inventory":"http://bms.rhd.gov.bd:8088/bms/bridges/inventory_view/106683","bms_detail":"http://bms.rhd.gov.bd:8088/bms/bridges/detail_view/106683","f_class_name":"PC Girder Bridge","keys":"[bridge_name, Bridge Name], [bridge_type,Type], [chainage_(km), Chainage (km)], [road_no, On Road], [division, Division], [subdivision, Subdivision], [bridge_length_(m), Length (m)], [bridge_width_(m), Width (m)],[map_link(=>{type:link, format:weblink}, Google Map,newtab=>),Google Map View],[bms_inventory(=>{type:link, format:weblink}, BMS Link,newtab=>), BMS Inventory],[bms_detail(=>{type:link, format:weblink},BMS Link,newtab=>), BMS Detailed View]","f_class_color":"#6ebed6"},"geometry":{"type":"Point","coordinates":[88.9832165,22.6759855]}},
{"type":"Feature","properties":{"id":106716,"sl":13046,"map_link":"https://maps.google.com/?q=24.01996600000000000,88.98039750000000000&amp;z=8&amp;t=k","image_popup":"8088/bms/assets/uploads/images/prudential_images/bridges/bridge_6716/1706181950.jpg","bridge_name":"Sagorkhali Hishna Bridge","bridge_type":"RC Girder Bridge","road_no":"Z7411","zone":"Khulna","circle":"Kushtia","division":"Kushtia","subdivision":"Kushtia","sae":"SO-Kushtia-2","bridge_length_(m)":30.4,"bridge_width_(m)":7.25,"chainage_(km)":4.163,"ycoord":24.019966,"xcoord":88.9803975,"bms_inventory":"http://bms.rhd.gov.bd:8088/bms/bridges/inventory_view/106716","bms_detail":"http://bms.rhd.gov.bd:8088/bms/bridges/detail_view/106716","f_class_name":"RC Girder Bridge","keys":"[bridge_name, Bridge Name], [bridge_type,Type], [chainage_(km), Chainage (km)], [road_no, On Road], [division, Division], [subdivision, Subdivision], [bridge_length_(m), Length (m)], [bridge_width_(m), Width (m)],[map_link(=>{type:link, format:weblink}, Google Map,newtab=>),Google Map View],[bms_inventory(=>{type:link, format:weblink}, BMS Link,newtab=>), BMS Inventory],[bms_detail(=>{type:link, format:weblink},BMS Link,newtab=>), BMS Detailed View]","f_class_color":"#e8f674"},"geometry":{"type":"Point","coordinates":[88.9803975,24.019966]}},
{"type":"Feature","properties":{"id":106717,"sl":367,"map_link":"https://maps.google.com/?q=22.69056600000000000,89.04413108333300000&amp;z=8&amp;t=k","image_popup":"8088/bms/assets/uploads/images/prudential_images/bridges/bridge_6717/1706334844.jpeg","bridge_name":"Alipur RCC Girder Bridge","bridge_type":"RC Girder Bridge","road_no":"Z7602","zone":"Khulna","circle":"Khulna","division":"Satkhira","subdivision":"Satkhira -2","sae":"SO-Satkhira Sub Division-2-1","bridge_length_(m)":49.5,"bridge_width_(m)":9.3,"chainage_(km)":4.05,"ycoord":22.690566,"xcoord":89.044131083332999,"bms_inventory":"http://bms.rhd.gov.bd:8088/bms/bridges/inventory_view/106717","bms_detail":"http://bms.rhd.gov.bd:8088/bms/bridges/detail_view/106717","f_class_name":"RC Girder Bridge","keys":"[bridge_name, Bridge Name], [bridge_type,Type], [chainage_(km), Chainage (km)], [road_no, On Road], [division, Division], [subdivision, Subdivision], [bridge_length_(m), Length (m)], [bridge_width_(m), Width (m)],[map_link(=>{type:link, format:weblink}, Google Map,newtab=>),Google Map View],[bms_inventory(=>{type:link, format:weblink}, BMS Link,newtab=>), BMS Inventory],[bms_detail(=>{type:link, format:weblink},BMS Link,newtab=>), BMS Detailed View]","f_class_color":"#e8f674"},"geometry":{"type":"Point","coordinates":[89.044131083332999,22.690566]}},
{"type":"Feature","properties":{"id":106737,"sl":8793,"map_link":"https://maps.google.com/?q=22.64290077777800000,88.98951627777800000&amp;z=8&amp;t=k","image_popup":"8088/bms/assets/uploads/images/prudential_images/bridges/bridge_6737/1706345051.jpeg","bridge_name":"Kulia RCC Girder Bridge","bridge_type":"RC Girder Bridge","road_no":"Z7602","zone":"Khulna","circle":"Khulna","division":"Satkhira","subdivision":"Satkhira -2","sae":"SO-Satkhira Sub Division-2-1","bridge_length_(m)":57.0,"bridge_width_(m)":8.4,"chainage_(km)":12.093,"ycoord":22.642900777777999,"xcoord":88.989516277777994,"bms_inventory":"http://bms.rhd.gov.bd:8088/bms/bridges/inventory_view/106737","bms_detail":"http://bms.rhd.gov.bd:8088/bms/bridges/detail_view/106737","f_class_name":"RC Girder Bridge","keys":"[bridge_name, Bridge Name], [bridge_type,Type], [chainage_(km), Chainage (km)], [road_no, On Road], [division, Division], [subdivision, Subdivision], [bridge_length_(m), Length (m)], [bridge_width_(m), Width (m)],[map_link(=>{type:link, format:weblink}, Google Map,newtab=>),Google Map View],[bms_inventory(=>{type:link, format:weblink}, BMS Link,newtab=>), BMS Inventory],[bms_detail(=>{type:link, format:weblink},BMS Link,newtab=>), BMS Detailed View]","f_class_color":"#e8f674"},"geometry":{"type":"Point","coordinates":[88.989516277777994,22.642900777777999]}},
{"type":"Feature","properties":{"id":106754,"sl":470,"map_link":"https://maps.google.com/?q=23.90543708333300000,88.92560258333300000&amp;z=8&amp;t=k","image_popup":"8088/bms/assets/uploads/images/prudential_images/bridges/bridge_6754/1706355035.jpg","bridge_name":"Amla RCC Girder Bridge","bridge_type":"RC Girder Bridge","road_no":"R745","zone":"Khulna","circle":"Kushtia","division":"Kushtia","subdivision":"Kushtia","sae":"SO-Kushtia-1","bridge_length_(m)":121.9,"bridge_width_(m)":7.0,"chainage_(km)":17.583,"ycoord":23.905437083332998,"xcoord":88.925602583333003,"bms_inventory":"http://bms.rhd.gov.bd:8088/bms/bridges/inventory_view/106754","bms_detail":"http://bms.rhd.gov.bd:8088/bms/bridges/detail_view/106754","f_class_name":"RC Girder Bridge","keys":"[bridge_name, Bridge Name], [bridge_type,Type], [chainage_(km), Chainage (km)], [road_no, On Road], [division, Division], [subdivision, Subdivision], [bridge_length_(m), Length (m)], [bridge_width_(m), Width (m)],[map_link(=>{type:link, format:weblink}, Google Map,newtab=>),Google Map View],[bms_inventory(=>{type:link, format:weblink}, BMS Link,newtab=>), BMS Inventory],[bms_detail(=>{type:link, format:weblink},BMS Link,newtab=>), BMS Detailed View]","f_class_color":"#e8f674"},"geometry":{"type":"Point","coordinates":[88.925602583333003,23.905437083332998]}},
{"type":"Feature","properties":{"id":106755,"sl":11370,"map_link":"https://maps.google.com/?q=23.91854908333300000,88.97308500000000000&amp;z=8&amp;t=k","image_popup":"8088/bms/assets/uploads/images/prudential_images/bridges/bridge_6755/1706356165.jpg","bridge_name":"Nowdapara RCC Girder Bridge","bridge_type":"RC Girder Bridge","road_no":"R745","zone":"Khulna","circle":"Kushtia","division":"Kushtia","subdivision":"Kushtia","sae":"SO-Kushtia-1","bridge_length_(m)":80.8,"bridge_width_(m)":9.6,"chainage_(km)":12.437,"ycoord":23.918549083333001,"xcoord":88.973085,"bms_inventory":"http://bms.rhd.gov.bd:8088/bms/bridges/inventory_view/106755","bms_detail":"http://bms.rhd.gov.bd:8088/bms/bridges/detail_view/106755","f_class_name":"RC Girder Bridge","keys":"[bridge_name, Bridge Name], [bridge_type,Type], [chainage_(km), Chainage (km)], [road_no, On Road], [division, Division], [subdivision, Subdivision], [bridge_length_(m), Length (m)], [bridge_width_(m), Width (m)],[map_link(=>{type:link, format:weblink}, Google Map,newtab=>),Google Map View],[bms_inventory(=>{type:link, format:weblink}, BMS Link,newtab=>), BMS Inventory],[bms_detail(=>{type:link, format:weblink},BMS Link,newtab=>), BMS Detailed View]","f_class_color":"#e8f674"},"geometry":{"type":"Point","coordinates":[88.973085,23.918549083333001]}},
{"type":"Feature","properties":{"id":106779,"sl":11686,"map_link":"https://maps.google.com/?q=23.94127719444400000,89.00300208333300000&amp;z=8&amp;t=k","image_popup":"8088/bms/assets/uploads/images/prudential_images/bridges/bridge_6779/1706426480.jpg","bridge_name":"Palpara RCC Girder Bridge","bridge_type":"RC Girder Bridge","road_no":"Z7451","zone":"Khulna","circle":"Kushtia","division":"Kushtia","subdivision":"Kushtia","sae":"SO-Kushtia-1","bridge_length_(m)":58.4,"bridge_width_(m)":4.6,"chainage_(km)":2.03,"ycoord":23.941277194444002,"xcoord":89.003002083333001,"bms_inventory":"http://bms.rhd.gov.bd:8088/bms/bridges/inventory_view/106779","bms_detail":"http://bms.rhd.gov.bd:8088/bms/bridges/detail_view/106779","f_class_name":"RC Girder Bridge","keys":"[bridge_name, Bridge Name], [bridge_type,Type], [chainage_(km), Chainage (km)], [road_no, On Road], [division, Division], [subdivision, Subdivision], [bridge_length_(m), Length (m)], [bridge_width_(m), Width (m)],[map_link(=>{type:link, format:weblink}, Google Map,newtab=>),Google Map View],[bms_inventory(=>{type:link, format:weblink}, BMS Link,newtab=>), BMS Inventory],[bms_detail(=>{type:link, format:weblink},BMS Link,newtab=>), BMS Detailed View]","f_class_color":"#e8f674"},"geometry":{"type":"Point","coordinates":[89.003002083333001,23.941277194444002]}},
{"type":"Feature","properties":{"id":106802,"sl":11623,"map_link":"https://maps.google.com/?q=22.71185377777800000,89.07298927777800000&amp;z=8&amp;t=k","image_popup":"8088/bms/assets/uploads/images/prudential_images/bridges/bridge_6802/1706502253.jpeg","bridge_name":"Paka Pull PC Girder Bridge","bridge_type":"PC Girder Bridge","road_no":"Z7603","zone":"Khulna","circle":"Khulna","division":"Satkhira","subdivision":"Satkhira -1","sae":"SO-Satkhira Sub Division-1-2","bridge_length_(m)":39.0,"bridge_width_(m)":8.9,"chainage_(km)":0.194,"ycoord":22.711853777778,"xcoord":89.072989277778007,"bms_inventory":"http://bms.rhd.gov.bd:8088/bms/bridges/inventory_view/106802","bms_detail":"http://bms.rhd.gov.bd:8088/bms/bridges/detail_view/106802","f_class_name":"PC Girder Bridge","keys":"[bridge_name, Bridge Name], [bridge_type,Type], [chainage_(km), Chainage (km)], [road_no, On Road], [division, Division], [subdivision, Subdivision], [bridge_length_(m), Length (m)], [bridge_width_(m), Width (m)],[map_link(=>{type:link, format:weblink}, Google Map,newtab=>),Google Map View],[bms_inventory(=>{type:link, format:weblink}, BMS Link,newtab=>), BMS Inventory],[bms_detail(=>{type:link, format:weblink},BMS Link,newtab=>), BMS Detailed View]","f_class_color":"#6ebed6"},"geometry":{"type":"Point","coordinates":[89.072989277778007,22.711853777778]}},
{"type":"Feature","properties":{"id":106851,"sl":4562,"map_link":"https://maps.google.com/?q=23.61342877777800000,88.87944208333300000&amp;z=8&amp;t=k","image_popup":"8088/bms/assets/uploads/images/prudential_images/bridges/bridge_6851/1706589747.jpg","bridge_name":"Dingedah RCC Girder Bridge","bridge_type":"RC Girder Bridge","road_no":"R745","zone":"Khulna","circle":"Kushtia","division":"Chuadanga","subdivision":"Chuadanga","sae":"Headquarter","bridge_length_(m)":33.8,"bridge_width_(m)":8.4,"chainage_(km)":85.108,"ycoord":23.613428777778001,"xcoord":88.879442083333004,"bms_inventory":"http://bms.rhd.gov.bd:8088/bms/bridges/inventory_view/106851","bms_detail":"http://bms.rhd.gov.bd:8088/bms/bridges/detail_view/106851","f_class_name":"RC Girder Bridge","keys":"[bridge_name, Bridge Name], [bridge_type,Type], [chainage_(km), Chainage (km)], [road_no, On Road], [division, Division], [subdivision, Subdivision], [bridge_length_(m), Length (m)], [bridge_width_(m), Width (m)],[map_link(=>{type:link, format:weblink}, Google Map,newtab=>),Google Map View],[bms_inventory(=>{type:link, format:weblink}, BMS Link,newtab=>), BMS Inventory],[bms_detail(=>{type:link, format:weblink},BMS Link,newtab=>), BMS Detailed View]","f_class_color":"#e8f674"},"geometry":{"type":"Point","coordinates":[88.879442083333004,23.613428777778001]}},
{"type":"Feature","properties":{"id":106852,"sl":287,"map_link":"https://maps.google.com/?q=23.76861488888900000,88.94700200000000000&amp;z=8&amp;t=k","image_popup":"8088/bms/assets/uploads/images/prudential_images/bridges/bridge_6852/1706589449.jpg","bridge_name":"Alamdanga PC Girder Bridge","bridge_type":"PC Girder Bridge","road_no":"R747","zone":"Khulna","circle":"Kushtia","division":"Chuadanga","subdivision":"Chuadanga","sae":"Alamdanga","bridge_length_(m)":96.6,"bridge_width_(m)":8.3,"chainage_(km)":25.108,"ycoord":23.768614888889001,"xcoord":88.947002,"bms_inventory":"http://bms.rhd.gov.bd:8088/bms/bridges/inventory_view/106852","bms_detail":"http://bms.rhd.gov.bd:8088/bms/bridges/detail_view/106852","f_class_name":"PC Girder Bridge","keys":"[bridge_name, Bridge Name], [bridge_type,Type], [chainage_(km), Chainage (km)], [road_no, On Road], [division, Division], [subdivision, Subdivision], [bridge_length_(m), Length (m)], [bridge_width_(m), Width (m)],[map_link(=>{type:link, format:weblink}, Google Map,newtab=>),Google Map View],[bms_inventory(=>{type:link, format:weblink}, BMS Link,newtab=>), BMS Inventory],[bms_detail(=>{type:link, format:weblink},BMS Link,newtab=>), BMS Detailed View]","f_class_color":"#6ebed6"},"geometry":{"type":"Point","coordinates":[88.947002,23.768614888889001]}},
{"type":"Feature","properties":{"id":106853,"sl":3196,"map_link":"https://maps.google.com/?q=23.78152758333300000,88.91591850000000000&amp;z=8&amp;t=k","image_popup":"8088/bms/assets/uploads/images/prudential_images/bridges/bridge_6853/1706590202.jpg","bridge_name":"Char Jadabpur RCC Girder Bridge","bridge_type":"RC Girder Bridge","road_no":"Z7456","zone":"Khulna","circle":"Kushtia","division":"Chuadanga","subdivision":"Chuadanga","sae":"Alamdanga","bridge_length_(m)":13.2,"bridge_width_(m)":7.4,"chainage_(km)":20.892,"ycoord":23.781527583332998,"xcoord":88.9159185,"bms_inventory":"http://bms.rhd.gov.bd:8088/bms/bridges/inventory_view/106853","bms_detail":"http://bms.rhd.gov.bd:8088/bms/bridges/detail_view/106853","f_class_name":"RC Girder Bridge","keys":"[bridge_name, Bridge Name], [bridge_type,Type], [chainage_(km), Chainage (km)], [road_no, On Road], [division, Division], [subdivision, Subdivision], [bridge_length_(m), Length (m)], [bridge_width_(m), Width (m)],[map_link(=>{type:link, format:weblink}, Google Map,newtab=>),Google Map View],[bms_inventory(=>{type:link, format:weblink}, BMS Link,newtab=>), BMS Inventory],[bms_detail(=>{type:link, format:weblink},BMS Link,newtab=>), BMS Detailed View]","f_class_color":"#e8f674"},"geometry":{"type":"Point","coordinates":[88.9159185,23.781527583332998]}},
{"type":"Feature","properties":{"id":106889,"sl":9131,"map_link":"https://maps.google.com/?q=23.42979738888900000,88.82429258333300000&amp;z=8&amp;t=k","image_popup":"8088/bms/assets/uploads/images/prudential_images/bridges/bridge_6889/1706609270.jpg","bridge_name":"Laxmipur PC Girder Bridge","bridge_type":"PC Girder Bridge","road_no":"R748","zone":"Khulna","circle":"Kushtia","division":"Chuadanga","subdivision":"Chuadanga","sae":"Darshana","bridge_length_(m)":40.3,"bridge_width_(m)":10.0,"chainage_(km)":30.583,"ycoord":23.429797388889,"xcoord":88.824292583333005,"bms_inventory":"http://bms.rhd.gov.bd:8088/bms/bridges/inventory_view/106889","bms_detail":"http://bms.rhd.gov.bd:8088/bms/bridges/detail_view/106889","f_class_name":"PC Girder Bridge","keys":"[bridge_name, Bridge Name], [bridge_type,Type], [chainage_(km), Chainage (km)], [road_no, On Road], [division, Division], [subdivision, Subdivision], [bridge_length_(m), Length (m)], [bridge_width_(m), Width (m)],[map_link(=>{type:link, format:weblink}, Google Map,newtab=>),Google Map View],[bms_inventory(=>{type:link, format:weblink}, BMS Link,newtab=>), BMS Inventory],[bms_detail(=>{type:link, format:weblink},BMS Link,newtab=>), BMS Detailed View]","f_class_color":"#6ebed6"},"geometry":{"type":"Point","coordinates":[88.824292583333005,23.429797388889]}},
{"type":"Feature","properties":{"id":106901,"sl":5704,"map_link":"https://maps.google.com/?q=23.69691838888900000,88.79898358333300000&amp;z=8&amp;t=k","image_popup":"8088/bms/assets/uploads/images/prudential_images/bridges/bridge_6901/1706678142.jpg","bridge_name":"Gokulkhali Bazar RCC Girder Bridge","bridge_type":"RC Girder Bridge","road_no":"R745","zone":"Khulna","circle":"Kushtia","division":"Chuadanga","subdivision":"Chuadanga","sae":"Alamdanga","bridge_length_(m)":45.0,"bridge_width_(m)":9.0,"chainage_(km)":71.767,"ycoord":23.696918388888999,"xcoord":88.798983583332998,"bms_inventory":"http://bms.rhd.gov.bd:8088/bms/bridges/inventory_view/106901","bms_detail":"http://bms.rhd.gov.bd:8088/bms/bridges/detail_view/106901","f_class_name":"RC Girder Bridge","keys":"[bridge_name, Bridge Name], [bridge_type,Type], [chainage_(km), Chainage (km)], [road_no, On Road], [division, Division], [subdivision, Subdivision], [bridge_length_(m), Length (m)], [bridge_width_(m), Width (m)],[map_link(=>{type:link, format:weblink}, Google Map,newtab=>),Google Map View],[bms_inventory(=>{type:link, format:weblink}, BMS Link,newtab=>), BMS Inventory],[bms_detail(=>{type:link, format:weblink},BMS Link,newtab=>), BMS Detailed View]","f_class_color":"#e8f674"},"geometry":{"type":"Point","coordinates":[88.798983583332998,23.696918388888999]}},
{"type":"Feature","properties":{"id":106995,"sl":6630,"map_link":"https://maps.google.com/?q=22.75115800000000000,89.20537808333300000&amp;z=8&amp;t=k","image_popup":"8088/bms/assets/uploads/images/prudential_images/bridges/bridge_6995/1707018981.jpeg","bridge_name":"Islamkathi RCC Girder Bridge","bridge_type":"RC Girder Bridge","road_no":"Z7613","zone":"Khulna","circle":"Khulna","division":"Satkhira","subdivision":"Satkhira -1","sae":"SO-Satkhira Sub Division-1-3","bridge_length_(m)":13.1,"bridge_width_(m)":3.8,"chainage_(km)":6.253,"ycoord":22.751158,"xcoord":89.205378083333002,"bms_inventory":"http://bms.rhd.gov.bd:8088/bms/bridges/inventory_view/106995","bms_detail":"http://bms.rhd.gov.bd:8088/bms/bridges/detail_view/106995","f_class_name":"RC Girder Bridge","keys":"[bridge_name, Bridge Name], [bridge_type,Type], [chainage_(km), Chainage (km)], [road_no, On Road], [division, Division], [subdivision, Subdivision], [bridge_length_(m), Length (m)], [bridge_width_(m), Width (m)],[map_link(=>{type:link, format:weblink}, Google Map,newtab=>),Google Map View],[bms_inventory(=>{type:link, format:weblink}, BMS Link,newtab=>), BMS Inventory],[bms_detail(=>{type:link, format:weblink},BMS Link,newtab=>), BMS Detailed View]","f_class_color":"#e8f674"},"geometry":{"type":"Point","coordinates":[89.205378083333002,22.751158]}},
{"type":"Feature","properties":{"id":107012,"sl":11776,"map_link":"https://maps.google.com/?q=22.59697277777800000,89.00179708333300000&amp;z=8&amp;t=k","image_popup":"8088/bms/assets/uploads/images/prudential_images/bridges/bridge_7012/1707028454.jpeg","bridge_name":"Parulia RCC Balanced Cantilever Bridge","bridge_type":"RC Girder Bridge","road_no":"Z7602","zone":"Khulna","circle":"Khulna","division":"Satkhira","subdivision":"Satkhira -2","sae":"SO-Satkhira Sub Division-2-1","bridge_length_(m)":28.4,"bridge_width_(m)":9.2,"chainage_(km)":17.617,"ycoord":22.596972777777999,"xcoord":89.001797083333003,"bms_inventory":"http://bms.rhd.gov.bd:8088/bms/bridges/inventory_view/107012","bms_detail":"http://bms.rhd.gov.bd:8088/bms/bridges/detail_view/107012","f_class_name":"RC Girder Bridge","keys":"[bridge_name, Bridge Name], [bridge_type,Type], [chainage_(km), Chainage (km)], [road_no, On Road], [division, Division], [subdivision, Subdivision], [bridge_length_(m), Length (m)], [bridge_width_(m), Width (m)],[map_link(=>{type:link, format:weblink}, Google Map,newtab=>),Google Map View],[bms_inventory(=>{type:link, format:weblink}, BMS Link,newtab=>), BMS Inventory],[bms_detail(=>{type:link, format:weblink},BMS Link,newtab=>), BMS Detailed View]","f_class_color":"#e8f674"},"geometry":{"type":"Point","coordinates":[89.001797083333003,22.596972777777999]}},
{"type":"Feature","properties":{"id":107023,"sl":555,"map_link":"https://maps.google.com/?q=23.75059158333300000,88.95438850000000000&amp;z=8&amp;t=k","image_popup":"8088/bms/assets/uploads/images/prudential_images/bridges/bridge_7023/1707040928.jpg","bridge_name":"Anandadham RCC Girder Bridge","bridge_type":"RC Girder Bridge","road_no":"Z7404","zone":"Khulna","circle":"Kushtia","division":"Chuadanga","subdivision":"Chuadanga","sae":"Alamdanga","bridge_length_(m)":54.8,"bridge_width_(m)":7.1,"chainage_(km)":53.801,"ycoord":23.750591583333001,"xcoord":88.9543885,"bms_inventory":"http://bms.rhd.gov.bd:8088/bms/bridges/inventory_view/107023","bms_detail":"http://bms.rhd.gov.bd:8088/bms/bridges/detail_view/107023","f_class_name":"RC Girder Bridge","keys":"[bridge_name, Bridge Name], [bridge_type,Type], [chainage_(km), Chainage (km)], [road_no, On Road], [division, Division], [subdivision, Subdivision], [bridge_length_(m), Length (m)], [bridge_width_(m), Width (m)],[map_link(=>{type:link, format:weblink}, Google Map,newtab=>),Google Map View],[bms_inventory(=>{type:link, format:weblink}, BMS Link,newtab=>), BMS Inventory],[bms_detail(=>{type:link, format:weblink},BMS Link,newtab=>), BMS Detailed View]","f_class_color":"#e8f674"},"geometry":{"type":"Point","coordinates":[88.9543885,23.750591583333001]}},
{"type":"Feature","properties":{"id":107026,"sl":3197,"map_link":"https://maps.google.com/?q=23.78293788888900000,88.91167988888900000&amp;z=8&amp;t=k","image_popup":"8088/bms/assets/uploads/images/prudential_images/bridges/bridge_7026/1707042288.jpg","bridge_name":"Char Jadabpur RCC Girder Bridge 2","bridge_type":"RC Girder Bridge","road_no":"Z7456","zone":"Khulna","circle":"Kushtia","division":"Chuadanga","subdivision":"Chuadanga","sae":"Alamdanga","bridge_length_(m)":13.2,"bridge_width_(m)":7.6,"chainage_(km)":19.926,"ycoord":23.782937888888998,"xcoord":88.911679888888997,"bms_inventory":"http://bms.rhd.gov.bd:8088/bms/bridges/inventory_view/107026","bms_detail":"http://bms.rhd.gov.bd:8088/bms/bridges/detail_view/107026","f_class_name":"RC Girder Bridge","keys":"[bridge_name, Bridge Name], [bridge_type,Type], [chainage_(km), Chainage (km)], [road_no, On Road], [division, Division], [subdivision, Subdivision], [bridge_length_(m), Length (m)], [bridge_width_(m), Width (m)],[map_link(=>{type:link, format:weblink}, Google Map,newtab=>),Google Map View],[bms_inventory(=>{type:link, format:weblink}, BMS Link,newtab=>), BMS Inventory],[bms_detail(=>{type:link, format:weblink},BMS Link,newtab=>), BMS Detailed View]","f_class_color":"#e8f674"},"geometry":{"type":"Point","coordinates":[88.911679888888997,23.782937888888998]}},
{"type":"Feature","properties":{"id":107070,"sl":6835,"map_link":"https://maps.google.com/?q=23.72220525000000000,89.00832427777800000&amp;z=8&amp;t=k","image_popup":"8088/bms/assets/uploads/images/prudential_images/bridges/bridge_7070/1707199350.jpg","bridge_name":"Jamjami RCC Girder Bridge","bridge_type":"RC Girder Bridge","road_no":"Z7404","zone":"Khulna","circle":"Kushtia","division":"Chuadanga","subdivision":"Chuadanga","sae":"Alamdanga","bridge_length_(m)":27.7,"bridge_width_(m)":4.4,"chainage_(km)":47.131,"ycoord":23.72220525,"xcoord":89.008324277778001,"bms_inventory":"http://bms.rhd.gov.bd:8088/bms/bridges/inventory_view/107070","bms_detail":"http://bms.rhd.gov.bd:8088/bms/bridges/detail_view/107070","f_class_name":"RC Girder Bridge","keys":"[bridge_name, Bridge Name], [bridge_type,Type], [chainage_(km), Chainage (km)], [road_no, On Road], [division, Division], [subdivision, Subdivision], [bridge_length_(m), Length (m)], [bridge_width_(m), Width (m)],[map_link(=>{type:link, format:weblink}, Google Map,newtab=>),Google Map View],[bms_inventory(=>{type:link, format:weblink}, BMS Link,newtab=>), BMS Inventory],[bms_detail(=>{type:link, format:weblink},BMS Link,newtab=>), BMS Detailed View]","f_class_color":"#e8f674"},"geometry":{"type":"Point","coordinates":[89.008324277778001,23.72220525]}},
{"type":"Feature","properties":{"id":107085,"sl":9580,"map_link":"https://maps.google.com/?q=22.25197619444400000,89.09231127777800000&amp;z=8&amp;t=k","image_popup":"8088/bms/assets/uploads/images/prudential_images/bridges/bridge_7085/1707288406.jpeg","bridge_name":"Manikkhali PC Girder Bridge","bridge_type":"PC Girder Bridge","road_no":"Z7617","zone":"Khulna","circle":"Khulna","division":"Satkhira","subdivision":"Satkhira -2","sae":"SO-Satkhira Sub Division-2-3","bridge_length_(m)":25.1,"bridge_width_(m)":10.3,"chainage_(km)":25.531,"ycoord":22.251976194444001,"xcoord":89.092311277777995,"bms_inventory":"http://bms.rhd.gov.bd:8088/bms/bridges/inventory_view/107085","bms_detail":"http://bms.rhd.gov.bd:8088/bms/bridges/detail_view/107085","f_class_name":"PC Girder Bridge","keys":"[bridge_name, Bridge Name], [bridge_type,Type], [chainage_(km), Chainage (km)], [road_no, On Road], [division, Division], [subdivision, Subdivision], [bridge_length_(m), Length (m)], [bridge_width_(m), Width (m)],[map_link(=>{type:link, format:weblink}, Google Map,newtab=>),Google Map View],[bms_inventory(=>{type:link, format:weblink}, BMS Link,newtab=>), BMS Inventory],[bms_detail(=>{type:link, format:weblink},BMS Link,newtab=>), BMS Detailed View]","f_class_color":"#6ebed6"},"geometry":{"type":"Point","coordinates":[89.092311277777995,22.251976194444001]}},
{"type":"Feature","properties":{"id":107113,"sl":3823,"map_link":"https://maps.google.com/?q=23.65210000000000000,89.09890000000000000&amp;z=8&amp;t=k","image_popup":"8088/bms/assets/uploads/images/prudential_images/bridges/bridge_7113/1707385836.jpg","bridge_name":"Chulkoni Bazar PC Girder Bridge","bridge_type":"PC Girder Bridge","road_no":"Z7404","zone":"Khulna","circle":"Kushtia","division":"Jhenaidah","subdivision":"Jhenaidah","sae":"SO-Jhenaidah-1","bridge_length_(m)":25.1,"bridge_width_(m)":10.4,"chainage_(km)":15.595,"ycoord":23.6521,"xcoord":89.0989,"bms_inventory":"http://bms.rhd.gov.bd:8088/bms/bridges/inventory_view/107113","bms_detail":"http://bms.rhd.gov.bd:8088/bms/bridges/detail_view/107113","f_class_name":"PC Girder Bridge","keys":"[bridge_name, Bridge Name], [bridge_type,Type], [chainage_(km), Chainage (km)], [road_no, On Road], [division, Division], [subdivision, Subdivision], [bridge_length_(m), Length (m)], [bridge_width_(m), Width (m)],[map_link(=>{type:link, format:weblink}, Google Map,newtab=>),Google Map View],[bms_inventory(=>{type:link, format:weblink}, BMS Link,newtab=>), BMS Inventory],[bms_detail(=>{type:link, format:weblink},BMS Link,newtab=>), BMS Detailed View]","f_class_color":"#6ebed6"},"geometry":{"type":"Point","coordinates":[89.0989,23.6521]}},
{"type":"Feature","properties":{"id":107118,"sl":12069,"map_link":"https://maps.google.com/?q=23.65567838888900000,89.11436377777800000&amp;z=8&amp;t=k","image_popup":"8088/bms/assets/uploads/images/prudential_images/bridges/bridge_7118/1707389462.jpg","bridge_name":"Porahati Bridge","bridge_type":"RC Girder Bridge","road_no":"Z7404","zone":"Khulna","circle":"Kushtia","division":"Jhenaidah","subdivision":"Jhenaidah","sae":"SO-Jhenaidah-1","bridge_length_(m)":30.6,"bridge_width_(m)":4.04,"chainage_(km)":17.6,"ycoord":23.655678388889001,"xcoord":89.114363777777996,"bms_inventory":"http://bms.rhd.gov.bd:8088/bms/bridges/inventory_view/107118","bms_detail":"http://bms.rhd.gov.bd:8088/bms/bridges/detail_view/107118","f_class_name":"RC Girder Bridge","keys":"[bridge_name, Bridge Name], [bridge_type,Type], [chainage_(km), Chainage (km)], [road_no, On Road], [division, Division], [subdivision, Subdivision], [bridge_length_(m), Length (m)], [bridge_width_(m), Width (m)],[map_link(=>{type:link, format:weblink}, Google Map,newtab=>),Google Map View],[bms_inventory(=>{type:link, format:weblink}, BMS Link,newtab=>), BMS Inventory],[bms_detail(=>{type:link, format:weblink},BMS Link,newtab=>), BMS Detailed View]","f_class_color":"#e8f674"},"geometry":{"type":"Point","coordinates":[89.114363777777996,23.655678388889001]}},
{"type":"Feature","properties":{"id":107119,"sl":12806,"map_link":"https://maps.google.com/?q=23.68097208333300000,89.11048088888900000&amp;z=8&amp;t=k","image_popup":"8088/bms/assets/uploads/images/prudential_images/bridges/bridge_7119/1707390177.jpg","bridge_name":"Roghunathpur Sordarpar RCC Girder Bridge","bridge_type":"RC Girder Bridge","road_no":"Z7404","zone":"Khulna","circle":"Kushtia","division":"Jhenaidah","subdivision":"Jhenaidah","sae":"SO-Jhenaidah-1","bridge_length_(m)":6.3,"bridge_width_(m)":4.1,"chainage_(km)":21.625,"ycoord":23.680972083333,"xcoord":89.110480888889001,"bms_inventory":"http://bms.rhd.gov.bd:8088/bms/bridges/inventory_view/107119","bms_detail":"http://bms.rhd.gov.bd:8088/bms/bridges/detail_view/107119","f_class_name":"RC Girder Bridge","keys":"[bridge_name, Bridge Name], [bridge_type,Type], [chainage_(km), Chainage (km)], [road_no, On Road], [division, Division], [subdivision, Subdivision], [bridge_length_(m), Length (m)], [bridge_width_(m), Width (m)],[map_link(=>{type:link, format:weblink}, Google Map,newtab=>),Google Map View],[bms_inventory(=>{type:link, format:weblink}, BMS Link,newtab=>), BMS Inventory],[bms_detail(=>{type:link, format:weblink},BMS Link,newtab=>), BMS Detailed View]","f_class_color":"#e8f674"},"geometry":{"type":"Point","coordinates":[89.110480888889001,23.680972083333]}},
{"type":"Feature","properties":{"id":107120,"sl":12958,"map_link":"https://maps.google.com/?q=22.47160777777800000,89.02930988888900000&amp;z=8&amp;t=k","image_popup":"8088/bms/assets/uploads/images/prudential_images/bridges/bridge_7120/1707539251.jpg","bridge_name":"Saadpur PC Girder Bridge","bridge_type":"PC Girder Bridge","road_no":"Z7602","zone":"Khulna","circle":"Khulna","division":"Satkhira","subdivision":"Satkhira -2","sae":"SO-Satkhira Sub Division-2-2","bridge_length_(m)":40.0,"bridge_width_(m)":9.5,"chainage_(km)":32.933,"ycoord":22.471607777778001,"xcoord":89.029309888889003,"bms_inventory":"http://bms.rhd.gov.bd:8088/bms/bridges/inventory_view/107120","bms_detail":"http://bms.rhd.gov.bd:8088/bms/bridges/detail_view/107120","f_class_name":"PC Girder Bridge","keys":"[bridge_name, Bridge Name], [bridge_type,Type], [chainage_(km), Chainage (km)], [road_no, On Road], [division, Division], [subdivision, Subdivision], [bridge_length_(m), Length (m)], [bridge_width_(m), Width (m)],[map_link(=>{type:link, format:weblink}, Google Map,newtab=>),Google Map View],[bms_inventory(=>{type:link, format:weblink}, BMS Link,newtab=>), BMS Inventory],[bms_detail(=>{type:link, format:weblink},BMS Link,newtab=>), BMS Detailed View]","f_class_color":"#6ebed6"},"geometry":{"type":"Point","coordinates":[89.029309888889003,22.471607777778001]}},
{"type":"Feature","properties":{"id":107129,"sl":7374,"map_link":"https://maps.google.com/?q=22.45768850000000000,89.03372750000000000&amp;z=8&amp;t=k","image_popup":"8088/bms/assets/uploads/images/prudential_images/bridges/bridge_7129/1707547320.jpeg","bridge_name":"Kaksiyali PC Girder Bridge","bridge_type":"PC Girder Bridge","road_no":"Z7602","zone":"Khulna","circle":"Khulna","division":"Satkhira","subdivision":"Satkhira -2","sae":"SO-Satkhira Sub Division-2-2","bridge_length_(m)":160.0,"bridge_width_(m)":9.5,"chainage_(km)":34.645,"ycoord":22.4576885,"xcoord":89.0337275,"bms_inventory":"http://bms.rhd.gov.bd:8088/bms/bridges/inventory_view/107129","bms_detail":"http://bms.rhd.gov.bd:8088/bms/bridges/detail_view/107129","f_class_name":"PC Girder Bridge","keys":"[bridge_name, Bridge Name], [bridge_type,Type], [chainage_(km), Chainage (km)], [road_no, On Road], [division, Division], [subdivision, Subdivision], [bridge_length_(m), Length (m)], [bridge_width_(m), Width (m)],[map_link(=>{type:link, format:weblink}, Google Map,newtab=>),Google Map View],[bms_inventory(=>{type:link, format:weblink}, BMS Link,newtab=>), BMS Inventory],[bms_detail(=>{type:link, format:weblink},BMS Link,newtab=>), BMS Detailed View]","f_class_color":"#6ebed6"},"geometry":{"type":"Point","coordinates":[89.0337275,22.4576885]}},
{"type":"Feature","properties":{"id":107216,"sl":5497,"map_link":"https://maps.google.com/?q=23.48351627777800000,89.02999119444400000&amp;z=8&amp;t=k","image_popup":"8088/bms/assets/uploads/images/prudential_images/bridges/bridge_7216/1708227520.jpg","bridge_name":"Ghaga RCC Girder Bridge","bridge_type":"RC Girder Bridge","road_no":"Z7024","zone":"Khulna","circle":"Kushtia","division":"Jhenaidah","subdivision":"Jhenaidah","sae":"SO-Jhenaidah-3","bridge_length_(m)":34.5,"bridge_width_(m)":4.2,"chainage_(km)":1.197,"ycoord":23.483516277778001,"xcoord":89.029991194443994,"bms_inventory":"http://bms.rhd.gov.bd:8088/bms/bridges/inventory_view/107216","bms_detail":"http://bms.rhd.gov.bd:8088/bms/bridges/detail_view/107216","f_class_name":"RC Girder Bridge","keys":"[bridge_name, Bridge Name], [bridge_type,Type], [chainage_(km), Chainage (km)], [road_no, On Road], [division, Division], [subdivision, Subdivision], [bridge_length_(m), Length (m)], [bridge_width_(m), Width (m)],[map_link(=>{type:link, format:weblink}, Google Map,newtab=>),Google Map View],[bms_inventory(=>{type:link, format:weblink}, BMS Link,newtab=>), BMS Inventory],[bms_detail(=>{type:link, format:weblink},BMS Link,newtab=>), BMS Detailed View]","f_class_color":"#e8f674"},"geometry":{"type":"Point","coordinates":[89.029991194443994,23.483516277778001]}},
{"type":"Feature","properties":{"id":107222,"sl":4553,"map_link":"https://maps.google.com/?q=23.73735358333300000,88.70883588888900000&amp;z=8&amp;t=k","image_popup":"8088/bms/assets/uploads/images/prudential_images/bridges/bridge_7222/1708237885.jpg","bridge_name":"Dindatta RCC Girder Bridge","bridge_type":"RC Girder Bridge","road_no":"R745","zone":"Khulna","circle":"Kushtia","division":"Meherpur","subdivision":"Meherpur","sae":"SO-Meherpur-1","bridge_length_(m)":55.4,"bridge_width_(m)":7.7,"chainage_(km)":61.45,"ycoord":23.737353583333,"xcoord":88.708835888888999,"bms_inventory":"http://bms.rhd.gov.bd:8088/bms/bridges/inventory_view/107222","bms_detail":"http://bms.rhd.gov.bd:8088/bms/bridges/detail_view/107222","f_class_name":"RC Girder Bridge","keys":"[bridge_name, Bridge Name], [bridge_type,Type], [chainage_(km), Chainage (km)], [road_no, On Road], [division, Division], [subdivision, Subdivision], [bridge_length_(m), Length (m)], [bridge_width_(m), Width (m)],[map_link(=>{type:link, format:weblink}, Google Map,newtab=>),Google Map View],[bms_inventory(=>{type:link, format:weblink}, BMS Link,newtab=>), BMS Inventory],[bms_detail(=>{type:link, format:weblink},BMS Link,newtab=>), BMS Detailed View]","f_class_color":"#e8f674"},"geometry":{"type":"Point","coordinates":[88.708835888888999,23.737353583333]}},
{"type":"Feature","properties":{"id":107230,"sl":462,"map_link":"https://maps.google.com/?q=23.75036288888900000,88.67472119444400000&amp;z=8&amp;t=k","image_popup":"8088/bms/assets/uploads/images/prudential_images/bridges/bridge_7230/1708315153.jpg","bridge_name":"Amjhupi RCC Girder Bridge","bridge_type":"RC Girder Bridge","road_no":"R745","zone":"Khulna","circle":"Kushtia","division":"Meherpur","subdivision":"Meherpur","sae":"SO-Meherpur-2","bridge_length_(m)":34.6,"bridge_width_(m)":8.1,"chainage_(km)":57.717,"ycoord":23.750362888889001,"xcoord":88.674721194444004,"bms_inventory":"http://bms.rhd.gov.bd:8088/bms/bridges/inventory_view/107230","bms_detail":"http://bms.rhd.gov.bd:8088/bms/bridges/detail_view/107230","f_class_name":"RC Girder Bridge","keys":"[bridge_name, Bridge Name], [bridge_type,Type], [chainage_(km), Chainage (km)], [road_no, On Road], [division, Division], [subdivision, Subdivision], [bridge_length_(m), Length (m)], [bridge_width_(m), Width (m)],[map_link(=>{type:link, format:weblink}, Google Map,newtab=>),Google Map View],[bms_inventory(=>{type:link, format:weblink}, BMS Link,newtab=>), BMS Inventory],[bms_detail(=>{type:link, format:weblink},BMS Link,newtab=>), BMS Detailed View]","f_class_color":"#e8f674"},"geometry":{"type":"Point","coordinates":[88.674721194444004,23.750362888889001]}},
{"type":"Feature","properties":{"id":107242,"sl":302,"map_link":"https://maps.google.com/?q=23.80046358333300000,88.69394658333300000&amp;z=8&amp;t=k","image_popup":"8088/bms/assets/uploads/images/prudential_images/bridges/bridge_7242/1708336298.jpg","bridge_name":"Alampur PC Girder Bridge","bridge_type":"PC Girder Bridge","road_no":"R745","zone":"Khulna","circle":"Kushtia","division":"Meherpur","subdivision":"Meherpur","sae":"SO-Meherpur-2","bridge_length_(m)":31.7,"bridge_width_(m)":10.3,"chainage_(km)":46.52,"ycoord":23.800463583332998,"xcoord":88.693946583333002,"bms_inventory":"http://bms.rhd.gov.bd:8088/bms/bridges/inventory_view/107242","bms_detail":"http://bms.rhd.gov.bd:8088/bms/bridges/detail_view/107242","f_class_name":"PC Girder Bridge","keys":"[bridge_name, Bridge Name], [bridge_type,Type], [chainage_(km), Chainage (km)], [road_no, On Road], [division, Division], [subdivision, Subdivision], [bridge_length_(m), Length (m)], [bridge_width_(m), Width (m)],[map_link(=>{type:link, format:weblink}, Google Map,newtab=>),Google Map View],[bms_inventory(=>{type:link, format:weblink}, BMS Link,newtab=>), BMS Inventory],[bms_detail(=>{type:link, format:weblink},BMS Link,newtab=>), BMS Detailed View]","f_class_color":"#6ebed6"},"geometry":{"type":"Point","coordinates":[88.693946583333002,23.800463583332998]}},
{"type":"Feature","properties":{"id":107322,"sl":11372,"map_link":"https://maps.google.com/?q=23.84676519444400000,88.70063900000000000&amp;z=8&amp;t=k","image_popup":"8088/bms/assets/uploads/images/prudential_images/bridges/bridge_7322/1708833827.jpg","bridge_name":"Nowpara PC Girder Bridge","bridge_type":"PC Girder Bridge","road_no":"Z7452","zone":"Khulna","circle":"Kushtia","division":"Meherpur","subdivision":"Meherpur","sae":"SO-Meherpur-3","bridge_length_(m)":24.6,"bridge_width_(m)":10.4,"chainage_(km)":6.374,"ycoord":23.846765194444,"xcoord":88.700639,"bms_inventory":"http://bms.rhd.gov.bd:8088/bms/bridges/inventory_view/107322","bms_detail":"http://bms.rhd.gov.bd:8088/bms/bridges/detail_view/107322","f_class_name":"PC Girder Bridge","keys":"[bridge_name, Bridge Name], [bridge_type,Type], [chainage_(km), Chainage (km)], [road_no, On Road], [division, Division], [subdivision, Subdivision], [bridge_length_(m), Length (m)], [bridge_width_(m), Width (m)],[map_link(=>{type:link, format:weblink}, Google Map,newtab=>),Google Map View],[bms_inventory(=>{type:link, format:weblink}, BMS Link,newtab=>), BMS Inventory],[bms_detail(=>{type:link, format:weblink},BMS Link,newtab=>), BMS Detailed View]","f_class_color":"#6ebed6"},"geometry":{"type":"Point","coordinates":[88.700639,23.846765194444]}},
{"type":"Feature","properties":{"id":107327,"sl":14950,"map_link":"https://maps.google.com/?q=23.87171700000000000,88.78700250000000000&amp;z=8&amp;t=k","image_popup":"8088/bms/assets/uploads/images/prudential_images/bridges/bridge_7327/1708837183.jpg","bridge_name":"Terail Slab Bridge","bridge_type":"RC Slab Bridge","road_no":"R745","zone":"Khulna","circle":"Kushtia","division":"Meherpur","subdivision":"Meherpur","sae":"SO-Meherpur-3","bridge_length_(m)":24.4,"bridge_width_(m)":7.2,"chainage_(km)":33.461,"ycoord":23.871717,"xcoord":88.7870025,"bms_inventory":"http://bms.rhd.gov.bd:8088/bms/bridges/inventory_view/107327","bms_detail":"http://bms.rhd.gov.bd:8088/bms/bridges/detail_view/107327","f_class_name":"RC Slab Bridge","keys":"[bridge_name, Bridge Name], [bridge_type,Type], [chainage_(km), Chainage (km)], [road_no, On Road], [division, Division], [subdivision, Subdivision], [bridge_length_(m), Length (m)], [bridge_width_(m), Width (m)],[map_link(=>{type:link, format:weblink}, Google Map,newtab=>),Google Map View],[bms_inventory(=>{type:link, format:weblink}, BMS Link,newtab=>), BMS Inventory],[bms_detail(=>{type:link, format:weblink},BMS Link,newtab=>), BMS Detailed View]","f_class_color":"#088afa"},"geometry":{"type":"Point","coordinates":[88.7870025,23.871717]}},
{"type":"Feature","properties":{"id":107335,"sl":4706,"map_link":"https://maps.google.com/?q=23.16720169444400000,89.20961069444400000&amp;z=8&amp;t=k","image_popup":"8088/bms/assets/uploads/images/prudential_images/bridges/bridge_7335/1708874626.jpg","bridge_name":"Doratana RCC Girder Bridge","bridge_type":"RC Girder Bridge","road_no":"N702","zone":"Khulna","circle":"Jessore","division":"Jessore","subdivision":"Jashore -2","sae":"SO-Jashore Sub Division-2-2","bridge_length_(m)":20.0,"bridge_width_(m)":11.7,"chainage_(km)":0.038,"ycoord":23.167201694444,"xcoord":89.209610694443995,"bms_inventory":"http://bms.rhd.gov.bd:8088/bms/bridges/inventory_view/107335","bms_detail":"http://bms.rhd.gov.bd:8088/bms/bridges/detail_view/107335","f_class_name":"RC Girder Bridge","keys":"[bridge_name, Bridge Name], [bridge_type,Type], [chainage_(km), Chainage (km)], [road_no, On Road], [division, Division], [subdivision, Subdivision], [bridge_length_(m), Length (m)], [bridge_width_(m), Width (m)],[map_link(=>{type:link, format:weblink}, Google Map,newtab=>),Google Map View],[bms_inventory(=>{type:link, format:weblink}, BMS Link,newtab=>), BMS Inventory],[bms_detail(=>{type:link, format:weblink},BMS Link,newtab=>), BMS Detailed View]","f_class_color":"#e8f674"},"geometry":{"type":"Point","coordinates":[89.209610694443995,23.167201694444]}},
{"type":"Feature","properties":{"id":107347,"sl":12383,"map_link":"https://maps.google.com/?q=23.30716938888900000,89.29695408333300000&amp;z=8&amp;t=k","image_popup":"8088/bms/assets/uploads/images/prudential_images/bridges/bridge_7347/1708860601.jpg","bridge_name":"Raghobpur RCC Girder Bridge","bridge_type":"RC Girder Bridge","road_no":"N702","zone":"Khulna","circle":"Jessore","division":"Jessore","subdivision":"Jashore -2","sae":"SO-Jashore Sub Division-2-2","bridge_length_(m)":12.0,"bridge_width_(m)":9.1,"chainage_(km)":19.778,"ycoord":23.307169388889001,"xcoord":89.296954083333006,"bms_inventory":"http://bms.rhd.gov.bd:8088/bms/bridges/inventory_view/107347","bms_detail":"http://bms.rhd.gov.bd:8088/bms/bridges/detail_view/107347","f_class_name":"RC Girder Bridge","keys":"[bridge_name, Bridge Name], [bridge_type,Type], [chainage_(km), Chainage (km)], [road_no, On Road], [division, Division], [subdivision, Subdivision], [bridge_length_(m), Length (m)], [bridge_width_(m), Width (m)],[map_link(=>{type:link, format:weblink}, Google Map,newtab=>),Google Map View],[bms_inventory(=>{type:link, format:weblink}, BMS Link,newtab=>), BMS Inventory],[bms_detail(=>{type:link, format:weblink},BMS Link,newtab=>), BMS Detailed View]","f_class_color":"#e8f674"},"geometry":{"type":"Point","coordinates":[89.296954083333006,23.307169388889001]}},
{"type":"Feature","properties":{"id":107374,"sl":4747,"map_link":"https://maps.google.com/?q=22.90422338888900000,89.19411388888900000&amp;z=8&amp;t=k","image_popup":"8088/bms/assets/uploads/images/prudential_images/bridges/bridge_7374/1709025568.jpg","bridge_name":"Dormuthia Steel Girder Bridge","bridge_type":"Steel Girder Bridge","road_no":"Z7552","zone":"Khulna","circle":"Jessore","division":"Jessore","subdivision":"Jashore -1","sae":"SO-Jashore Sub Division-1-2","bridge_length_(m)":5.8,"bridge_width_(m)":6.5,"chainage_(km)":0.58,"ycoord":22.904223388889001,"xcoord":89.194113888889007,"bms_inventory":"http://bms.rhd.gov.bd:8088/bms/bridges/inventory_view/107374","bms_detail":"http://bms.rhd.gov.bd:8088/bms/bridges/detail_view/107374","f_class_name":"Steel Girder Bridge","keys":"[bridge_name, Bridge Name], [bridge_type,Type], [chainage_(km), Chainage (km)], [road_no, On Road], [division, Division], [subdivision, Subdivision], [bridge_length_(m), Length (m)], [bridge_width_(m), Width (m)],[map_link(=>{type:link, format:weblink}, Google Map,newtab=>),Google Map View],[bms_inventory(=>{type:link, format:weblink}, BMS Link,newtab=>), BMS Inventory],[bms_detail(=>{type:link, format:weblink},BMS Link,newtab=>), BMS Detailed View]","f_class_color":"#b15dec"},"geometry":{"type":"Point","coordinates":[89.194113888889007,22.904223388889001]}},
{"type":"Feature","properties":{"id":107395,"sl":14305,"map_link":"https://maps.google.com/?q=22.88235900000000000,89.11682969444400000&amp;z=8&amp;t=k","image_popup":"8088/bms/assets/uploads/images/prudential_images/bridges/bridge_7395/1709094514.jpg","bridge_name":"Soroskathi Rcc Girder Bridge","bridge_type":"RC Girder Bridge","road_no":"Z7552","zone":"Khulna","circle":"Jessore","division":"Jessore","subdivision":"Jashore -1","sae":"SO-Jashore Sub Division-1-2","bridge_length_(m)":68.5,"bridge_width_(m)":5.0,"chainage_(km)":13.636,"ycoord":22.882359,"xcoord":89.116829694443993,"bms_inventory":"http://bms.rhd.gov.bd:8088/bms/bridges/inventory_view/107395","bms_detail":"http://bms.rhd.gov.bd:8088/bms/bridges/detail_view/107395","f_class_name":"RC Girder Bridge","keys":"[bridge_name, Bridge Name], [bridge_type,Type], [chainage_(km), Chainage (km)], [road_no, On Road], [division, Division], [subdivision, Subdivision], [bridge_length_(m), Length (m)], [bridge_width_(m), Width (m)],[map_link(=>{type:link, format:weblink}, Google Map,newtab=>),Google Map View],[bms_inventory(=>{type:link, format:weblink}, BMS Link,newtab=>), BMS Inventory],[bms_detail(=>{type:link, format:weblink},BMS Link,newtab=>), BMS Detailed View]","f_class_color":"#e8f674"},"geometry":{"type":"Point","coordinates":[89.116829694443993,22.882359]}},
{"type":"Feature","properties":{"id":107403,"sl":5803,"map_link":"https://maps.google.com/?q=22.89080519444400000,89.13861077777800000&amp;z=8&amp;t=k","image_popup":"8088/bms/assets/uploads/images/prudential_images/bridges/bridge_7403/1709098863.jpg","bridge_name":"Gopalpur RCC Girder Bridge","bridge_type":"RC Girder Bridge","road_no":"Z7552","zone":"Khulna","circle":"Jessore","division":"Jessore","subdivision":"Jashore -1","sae":"SO-Jashore Sub Division-1-2","bridge_length_(m)":9.4,"bridge_width_(m)":6.3,"chainage_(km)":8.566,"ycoord":22.890805194443999,"xcoord":89.138610777777998,"bms_inventory":"http://bms.rhd.gov.bd:8088/bms/bridges/inventory_view/107403","bms_detail":"http://bms.rhd.gov.bd:8088/bms/bridges/detail_view/107403","f_class_name":"RC Girder Bridge","keys":"[bridge_name, Bridge Name], [bridge_type,Type], [chainage_(km), Chainage (km)], [road_no, On Road], [division, Division], [subdivision, Subdivision], [bridge_length_(m), Length (m)], [bridge_width_(m), Width (m)],[map_link(=>{type:link, format:weblink}, Google Map,newtab=>),Google Map View],[bms_inventory(=>{type:link, format:weblink}, BMS Link,newtab=>), BMS Inventory],[bms_detail(=>{type:link, format:weblink},BMS Link,newtab=>), BMS Detailed View]","f_class_color":"#e8f674"},"geometry":{"type":"Point","coordinates":[89.138610777777998,22.890805194443999]}},
{"type":"Feature","properties":{"id":107406,"sl":3163,"map_link":"https://maps.google.com/?q=22.54971919444400000,89.17228538888900000&amp;z=8&amp;t=k","image_popup":"8088/bms/assets/uploads/images/prudential_images/bridges/bridge_7406/1709100921.jpg","bridge_name":"Chapra PC Girder Bridge","bridge_type":"PC Girder Bridge","road_no":"Z7603","zone":"Khulna","circle":"Khulna","division":"Satkhira","subdivision":"Satkhira -1","sae":"SO-Satkhira Sub Division-1-2","bridge_length_(m)":94.0,"bridge_width_(m)":10.1,"chainage_(km)":23.491,"ycoord":22.549719194443998,"xcoord":89.172285388888994,"bms_inventory":"http://bms.rhd.gov.bd:8088/bms/bridges/inventory_view/107406","bms_detail":"http://bms.rhd.gov.bd:8088/bms/bridges/detail_view/107406","f_class_name":"PC Girder Bridge","keys":"[bridge_name, Bridge Name], [bridge_type,Type], [chainage_(km), Chainage (km)], [road_no, On Road], [division, Division], [subdivision, Subdivision], [bridge_length_(m), Length (m)], [bridge_width_(m), Width (m)],[map_link(=>{type:link, format:weblink}, Google Map,newtab=>),Google Map View],[bms_inventory(=>{type:link, format:weblink}, BMS Link,newtab=>), BMS Inventory],[bms_detail(=>{type:link, format:weblink},BMS Link,newtab=>), BMS Detailed View]","f_class_color":"#6ebed6"},"geometry":{"type":"Point","coordinates":[89.172285388888994,22.549719194443998]}},
{"type":"Feature","properties":{"id":107431,"sl":1829,"map_link":"https://maps.google.com/?q=23.42748219444400000,89.54114750000000000&amp;z=8&amp;t=k","image_popup":"8088/bms/assets/uploads/images/prudential_images/bridges/bridge_7431/1709116755.jpg","bridge_name":"Bethulia PC Girder Bridge","bridge_type":"PC Girder Bridge","road_no":"R721","zone":"Khulna","circle":"Jessore","division":"Magura","subdivision":"Magura","sae":"SO-Magura-1","bridge_length_(m)":31.0,"bridge_width_(m)":10.5,"chainage_(km)":16.662,"ycoord":23.427482194444,"xcoord":89.5411475,"bms_inventory":"http://bms.rhd.gov.bd:8088/bms/bridges/inventory_view/107431","bms_detail":"http://bms.rhd.gov.bd:8088/bms/bridges/detail_view/107431","f_class_name":"PC Girder Bridge","keys":"[bridge_name, Bridge Name], [bridge_type,Type], [chainage_(km), Chainage (km)], [road_no, On Road], [division, Division], [subdivision, Subdivision], [bridge_length_(m), Length (m)], [bridge_width_(m), Width (m)],[map_link(=>{type:link, format:weblink}, Google Map,newtab=>),Google Map View],[bms_inventory(=>{type:link, format:weblink}, BMS Link,newtab=>), BMS Inventory],[bms_detail(=>{type:link, format:weblink},BMS Link,newtab=>), BMS Detailed View]","f_class_color":"#6ebed6"},"geometry":{"type":"Point","coordinates":[89.5411475,23.427482194444]}},
{"type":"Feature","properties":{"id":107439,"sl":2683,"map_link":"https://maps.google.com/?q=22.90344669444400000,89.19949138888900000&amp;z=8&amp;t=k","image_popup":"8088/bms/assets/uploads/images/prudential_images/bridges/bridge_7439/1709180530.jpg","bridge_name":"Boughati RCC Girder Bridge","bridge_type":"RC Girder Bridge","road_no":"Z7553","zone":"Khulna","circle":"Jessore","division":"Jessore","subdivision":"Jashore -1","sae":"SO-Jashore Sub Division-1-2","bridge_length_(m)":12.8,"bridge_width_(m)":4.7,"chainage_(km)":2.391,"ycoord":22.903446694444,"xcoord":89.199491388889001,"bms_inventory":"http://bms.rhd.gov.bd:8088/bms/bridges/inventory_view/107439","bms_detail":"http://bms.rhd.gov.bd:8088/bms/bridges/detail_view/107439","f_class_name":"RC Girder Bridge","keys":"[bridge_name, Bridge Name], [bridge_type,Type], [chainage_(km), Chainage (km)], [road_no, On Road], [division, Division], [subdivision, Subdivision], [bridge_length_(m), Length (m)], [bridge_width_(m), Width (m)],[map_link(=>{type:link, format:weblink}, Google Map,newtab=>),Google Map View],[bms_inventory(=>{type:link, format:weblink}, BMS Link,newtab=>), BMS Inventory],[bms_detail(=>{type:link, format:weblink},BMS Link,newtab=>), BMS Detailed View]","f_class_color":"#e8f674"},"geometry":{"type":"Point","coordinates":[89.199491388889001,22.903446694444]}},
{"type":"Feature","properties":{"id":107480,"sl":7528,"map_link":"https://maps.google.com/?q=23.76405250000000000,88.68328277777800000&amp;z=8&amp;t=k","image_popup":"8088/bms/assets/uploads/images/prudential_images/bridges/bridge_7480/1709204980.jpg","bridge_name":"Kalitola RCC Girder Bridge","bridge_type":"RC Girder Bridge","road_no":"Z7467","zone":"Khulna","circle":"Kushtia","division":"Meherpur","subdivision":"Meherpur","sae":"SO-Meherpur-2","bridge_length_(m)":30.0,"bridge_width_(m)":5.2,"chainage_(km)":0.071,"ycoord":23.7640525,"xcoord":88.683282777778004,"bms_inventory":"http://bms.rhd.gov.bd:8088/bms/bridges/inventory_view/107480","bms_detail":"http://bms.rhd.gov.bd:8088/bms/bridges/detail_view/107480","f_class_name":"RC Girder Bridge","keys":"[bridge_name, Bridge Name], [bridge_type,Type], [chainage_(km), Chainage (km)], [road_no, On Road], [division, Division], [subdivision, Subdivision], [bridge_length_(m), Length (m)], [bridge_width_(m), Width (m)],[map_link(=>{type:link, format:weblink}, Google Map,newtab=>),Google Map View],[bms_inventory(=>{type:link, format:weblink}, BMS Link,newtab=>), BMS Inventory],[bms_detail(=>{type:link, format:weblink},BMS Link,newtab=>), BMS Detailed View]","f_class_color":"#e8f674"},"geometry":{"type":"Point","coordinates":[88.683282777778004,23.7640525]}},
{"type":"Feature","properties":{"id":107512,"sl":2390,"map_link":"https://maps.google.com/?q=22.54230977777800000,89.23853127777800000&amp;z=8&amp;t=k","image_popup":"8088/bms/assets/uploads/images/prudential_images/bridges/bridge_7512/1709386033.jpg","bridge_name":"Bordal PC Girder Bridge","bridge_type":"PC Girder Bridge","road_no":"Z7603","zone":"Khulna","circle":"Khulna","division":"Satkhira","subdivision":"Satkhira -1","sae":"SO-Satkhira Sub Division-1-2","bridge_length_(m)":200.0,"bridge_width_(m)":10.1,"chainage_(km)":33.042,"ycoord":22.542309777778001,"xcoord":89.238531277777994,"bms_inventory":"http://bms.rhd.gov.bd:8088/bms/bridges/inventory_view/107512","bms_detail":"http://bms.rhd.gov.bd:8088/bms/bridges/detail_view/107512","f_class_name":"PC Girder Bridge","keys":"[bridge_name, Bridge Name], [bridge_type,Type], [chainage_(km), Chainage (km)], [road_no, On Road], [division, Division], [subdivision, Subdivision], [bridge_length_(m), Length (m)], [bridge_width_(m), Width (m)],[map_link(=>{type:link, format:weblink}, Google Map,newtab=>),Google Map View],[bms_inventory(=>{type:link, format:weblink}, BMS Link,newtab=>), BMS Inventory],[bms_detail(=>{type:link, format:weblink},BMS Link,newtab=>), BMS Detailed View]","f_class_color":"#6ebed6"},"geometry":{"type":"Point","coordinates":[89.238531277777994,22.542309777778001]}},
{"type":"Feature","properties":{"id":107550,"sl":7899,"map_link":"https://maps.google.com/?q=23.44727069444400000,89.40953208333300000&amp;z=8&amp;t=k","image_popup":"8088/bms/assets/uploads/images/prudential_images/bridges/bridge_7550/1709531836.jpg","bridge_name":"Katakhali PC Girder Bridge","bridge_type":"PC Girder Bridge","road_no":"N702","zone":"Khulna","circle":"Jessore","division":"Magura","subdivision":"Magura","sae":"SO-Magura-1","bridge_length_(m)":37.5,"bridge_width_(m)":10.0,"chainage_(km)":39.448,"ycoord":23.447270694444001,"xcoord":89.409532083333005,"bms_inventory":"http://bms.rhd.gov.bd:8088/bms/bridges/inventory_view/107550","bms_detail":"http://bms.rhd.gov.bd:8088/bms/bridges/detail_view/107550","f_class_name":"PC Girder Bridge","keys":"[bridge_name, Bridge Name], [bridge_type,Type], [chainage_(km), Chainage (km)], [road_no, On Road], [division, Division], [subdivision, Subdivision], [bridge_length_(m), Length (m)], [bridge_width_(m), Width (m)],[map_link(=>{type:link, format:weblink}, Google Map,newtab=>),Google Map View],[bms_inventory(=>{type:link, format:weblink}, BMS Link,newtab=>), BMS Inventory],[bms_detail(=>{type:link, format:weblink},BMS Link,newtab=>), BMS Detailed View]","f_class_color":"#6ebed6"},"geometry":{"type":"Point","coordinates":[89.409532083333005,23.447270694444001]}},
{"type":"Feature","properties":{"id":107559,"sl":11750,"map_link":"https://maps.google.com/?q=22.84059538888900000,89.22459819444400000&amp;z=8&amp;t=k","image_popup":"8088/bms/assets/uploads/images/prudential_images/bridges/bridge_7559/1709612669.jpg","bridge_name":"Parchakra Rcc Girder Bridge","bridge_type":"RC Girder Bridge","road_no":"Z7553","zone":"Khulna","circle":"Jessore","division":"Jessore","subdivision":"Jashore -1","sae":"SO-Jashore Sub Division-1-2","bridge_length_(m)":12.5,"bridge_width_(m)":4.7,"chainage_(km)":23.45,"ycoord":22.840595388889,"xcoord":89.224598194443999,"bms_inventory":"http://bms.rhd.gov.bd:8088/bms/bridges/inventory_view/107559","bms_detail":"http://bms.rhd.gov.bd:8088/bms/bridges/detail_view/107559","f_class_name":"RC Girder Bridge","keys":"[bridge_name, Bridge Name], [bridge_type,Type], [chainage_(km), Chainage (km)], [road_no, On Road], [division, Division], [subdivision, Subdivision], [bridge_length_(m), Length (m)], [bridge_width_(m), Width (m)],[map_link(=>{type:link, format:weblink}, Google Map,newtab=>),Google Map View],[bms_inventory(=>{type:link, format:weblink}, BMS Link,newtab=>), BMS Inventory],[bms_detail(=>{type:link, format:weblink},BMS Link,newtab=>), BMS Detailed View]","f_class_color":"#e8f674"},"geometry":{"type":"Point","coordinates":[89.224598194443999,22.840595388889]}},
{"type":"Feature","properties":{"id":107583,"sl":10886,"map_link":"https://maps.google.com/?q=23.05803769444400000,89.00287000000000000&amp;z=8&amp;t=k","image_popup":"8088/bms/assets/uploads/images/prudential_images/bridges/bridge_7583/1709701238.jpg","bridge_name":"Navaran RCC Girder Bridge","bridge_type":"RC Girder Bridge","road_no":"N706","zone":"Khulna","circle":"Jessore","division":"Jessore","subdivision":"Jashore -1","sae":"SO-Jashore Sub Division-1-3","bridge_length_(m)":45.0,"bridge_width_(m)":8.3,"chainage_(km)":25.64,"ycoord":23.058037694444,"xcoord":89.00287,"bms_inventory":"http://bms.rhd.gov.bd:8088/bms/bridges/inventory_view/107583","bms_detail":"http://bms.rhd.gov.bd:8088/bms/bridges/detail_view/107583","f_class_name":"RC Girder Bridge","keys":"[bridge_name, Bridge Name], [bridge_type,Type], [chainage_(km), Chainage (km)], [road_no, On Road], [division, Division], [subdivision, Subdivision], [bridge_length_(m), Length (m)], [bridge_width_(m), Width (m)],[map_link(=>{type:link, format:weblink}, Google Map,newtab=>),Google Map View],[bms_inventory(=>{type:link, format:weblink}, BMS Link,newtab=>), BMS Inventory],[bms_detail(=>{type:link, format:weblink},BMS Link,newtab=>), BMS Detailed View]","f_class_color":"#e8f674"},"geometry":{"type":"Point","coordinates":[89.00287,23.058037694444]}},
{"type":"Feature","properties":{"id":107585,"sl":6724,"map_link":"https://maps.google.com/?q=23.40575688888900000,89.39551708333300000&amp;z=8&amp;t=k","image_popup":"8088/bms/assets/uploads/images/prudential_images/bridges/bridge_7585/1709700896.jpg","bridge_name":"Jagla RCC Girder Bridge","bridge_type":"RC Girder Bridge","road_no":"N702","zone":"Khulna","circle":"Jessore","division":"Magura","subdivision":"Magura","sae":"SO-Magura-3","bridge_length_(m)":21.5,"bridge_width_(m)":10.0,"chainage_(km)":34.537,"ycoord":23.405756888889002,"xcoord":89.395517083333004,"bms_inventory":"http://bms.rhd.gov.bd:8088/bms/bridges/inventory_view/107585","bms_detail":"http://bms.rhd.gov.bd:8088/bms/bridges/detail_view/107585","f_class_name":"RC Girder Bridge","keys":"[bridge_name, Bridge Name], [bridge_type,Type], [chainage_(km), Chainage (km)], [road_no, On Road], [division, Division], [subdivision, Subdivision], [bridge_length_(m), Length (m)], [bridge_width_(m), Width (m)],[map_link(=>{type:link, format:weblink}, Google Map,newtab=>),Google Map View],[bms_inventory(=>{type:link, format:weblink}, BMS Link,newtab=>), BMS Inventory],[bms_detail(=>{type:link, format:weblink},BMS Link,newtab=>), BMS Detailed View]","f_class_color":"#e8f674"},"geometry":{"type":"Point","coordinates":[89.395517083333004,23.405756888889002]}},
{"type":"Feature","properties":{"id":107603,"sl":12961,"map_link":"https://maps.google.com/?q=23.56769100000000000,89.45336200000000000&amp;z=8&amp;t=k","image_popup":"8088/bms/assets/uploads/images/prudential_images/bridges/bridge_7603/1709716324.jpg","bridge_name":"Sabdalpur RCC Girder Bridge","bridge_type":"RC Girder Bridge","road_no":"Z7007","zone":"Khulna","circle":"Jessore","division":"Magura","subdivision":"Magura","sae":"SO-Magura-2","bridge_length_(m)":31.0,"bridge_width_(m)":7.2,"chainage_(km)":7.345,"ycoord":23.567691,"xcoord":89.453362,"bms_inventory":"http://bms.rhd.gov.bd:8088/bms/bridges/inventory_view/107603","bms_detail":"http://bms.rhd.gov.bd:8088/bms/bridges/detail_view/107603","f_class_name":"RC Girder Bridge","keys":"[bridge_name, Bridge Name], [bridge_type,Type], [chainage_(km), Chainage (km)], [road_no, On Road], [division, Division], [subdivision, Subdivision], [bridge_length_(m), Length (m)], [bridge_width_(m), Width (m)],[map_link(=>{type:link, format:weblink}, Google Map,newtab=>),Google Map View],[bms_inventory(=>{type:link, format:weblink}, BMS Link,newtab=>), BMS Inventory],[bms_detail(=>{type:link, format:weblink},BMS Link,newtab=>), BMS Detailed View]","f_class_color":"#e8f674"},"geometry":{"type":"Point","coordinates":[89.453362,23.567691]}},
{"type":"Feature","properties":{"id":107605,"sl":12375,"map_link":"https://maps.google.com/?q=23.56179188888900000,89.45962708333300000&amp;z=8&amp;t=k","image_popup":"8088/bms/assets/uploads/images/prudential_images/bridges/bridge_7605/1709717738.jpg","bridge_name":"Radhanagor RC Girder Bridge","bridge_type":"RC Girder Bridge","road_no":"Z7007","zone":"Khulna","circle":"Jessore","division":"Magura","subdivision":"Magura","sae":"SO-Magura-2","bridge_length_(m)":25.7,"bridge_width_(m)":4.9,"chainage_(km)":6.23,"ycoord":23.561791888889001,"xcoord":89.459627083333004,"bms_inventory":"http://bms.rhd.gov.bd:8088/bms/bridges/inventory_view/107605","bms_detail":"http://bms.rhd.gov.bd:8088/bms/bridges/detail_view/107605","f_class_name":"RC Girder Bridge","keys":"[bridge_name, Bridge Name], [bridge_type,Type], [chainage_(km), Chainage (km)], [road_no, On Road], [division, Division], [subdivision, Subdivision], [bridge_length_(m), Length (m)], [bridge_width_(m), Width (m)],[map_link(=>{type:link, format:weblink}, Google Map,newtab=>),Google Map View],[bms_inventory(=>{type:link, format:weblink}, BMS Link,newtab=>), BMS Inventory],[bms_detail(=>{type:link, format:weblink},BMS Link,newtab=>), BMS Detailed View]","f_class_color":"#e8f674"},"geometry":{"type":"Point","coordinates":[89.459627083333004,23.561791888889001]}},
{"type":"Feature","properties":{"id":107612,"sl":8726,"map_link":"https://maps.google.com/?q=23.52620000000000000,89.46810000000000000&amp;z=8&amp;t=k","image_popup":"8088/bms/assets/uploads/images/prudential_images/bridges/bridge_7612/1709721934.jpg","bridge_name":"Krishnapur PC Girder Bridge","bridge_type":"PC Girder Bridge","road_no":"Z7007","zone":"Khulna","circle":"Jessore","division":"Magura","subdivision":"Magura","sae":"SO-Magura-2","bridge_length_(m)":31.0,"bridge_width_(m)":10.3,"chainage_(km)":0.74,"ycoord":23.5262,"xcoord":89.4681,"bms_inventory":"http://bms.rhd.gov.bd:8088/bms/bridges/inventory_view/107612","bms_detail":"http://bms.rhd.gov.bd:8088/bms/bridges/detail_view/107612","f_class_name":"PC Girder Bridge","keys":"[bridge_name, Bridge Name], [bridge_type,Type], [chainage_(km), Chainage (km)], [road_no, On Road], [division, Division], [subdivision, Subdivision], [bridge_length_(m), Length (m)], [bridge_width_(m), Width (m)],[map_link(=>{type:link, format:weblink}, Google Map,newtab=>),Google Map View],[bms_inventory(=>{type:link, format:weblink}, BMS Link,newtab=>), BMS Inventory],[bms_detail(=>{type:link, format:weblink},BMS Link,newtab=>), BMS Detailed View]","f_class_color":"#6ebed6"},"geometry":{"type":"Point","coordinates":[89.4681,23.5262]}},
{"type":"Feature","properties":{"id":107624,"sl":664,"map_link":"https://maps.google.com/?q=23.37669508333300000,89.37286627777800000&amp;z=8&amp;t=k","image_popup":"8088/bms/assets/uploads/images/prudential_images/bridges/bridge_7624/1709786677.jpg","bridge_name":"Arpara Bazar Truss Bridge","bridge_type":"Truss Bridge","road_no":"N702","zone":"Khulna","circle":"Jessore","division":"Magura","subdivision":"Magura","sae":"SO-Magura-2","bridge_length_(m)":92.0,"bridge_width_(m)":8.4,"chainage_(km)":30.69,"ycoord":23.376695083333001,"xcoord":89.372866277778002,"bms_inventory":"http://bms.rhd.gov.bd:8088/bms/bridges/inventory_view/107624","bms_detail":"http://bms.rhd.gov.bd:8088/bms/bridges/detail_view/107624","f_class_name":"Truss Bridge","keys":"[bridge_name, Bridge Name], [bridge_type,Type], [chainage_(km), Chainage (km)], [road_no, On Road], [division, Division], [subdivision, Subdivision], [bridge_length_(m), Length (m)], [bridge_width_(m), Width (m)],[map_link(=>{type:link, format:weblink}, Google Map,newtab=>),Google Map View],[bms_inventory(=>{type:link, format:weblink}, BMS Link,newtab=>), BMS Inventory],[bms_detail(=>{type:link, format:weblink},BMS Link,newtab=>), BMS Detailed View]","f_class_color":"#6470da"},"geometry":{"type":"Point","coordinates":[89.372866277778002,23.376695083333001]}},
{"type":"Feature","properties":{"id":107646,"sl":485,"map_link":"https://maps.google.com/?q=23.05350800000000000,88.93569438888900000&amp;z=8&amp;t=k","image_popup":"8088/bms/assets/uploads/images/prudential_images/bridges/bridge_7646/1709805705.jpg","bridge_name":"Amrakhali RCC Slab Bridge","bridge_type":"RC Slab Bridge","road_no":"N706","zone":"Khulna","circle":"Jessore","division":"Jessore","subdivision":"Jashore -1","sae":"SO-Jashore Sub Division-1-3","bridge_length_(m)":30.0,"bridge_width_(m)":9.5,"chainage_(km)":32.57,"ycoord":23.053508,"xcoord":88.935694388889004,"bms_inventory":"http://bms.rhd.gov.bd:8088/bms/bridges/inventory_view/107646","bms_detail":"http://bms.rhd.gov.bd:8088/bms/bridges/detail_view/107646","f_class_name":"RC Slab Bridge","keys":"[bridge_name, Bridge Name], [bridge_type,Type], [chainage_(km), Chainage (km)], [road_no, On Road], [division, Division], [subdivision, Subdivision], [bridge_length_(m), Length (m)], [bridge_width_(m), Width (m)],[map_link(=>{type:link, format:weblink}, Google Map,newtab=>),Google Map View],[bms_inventory(=>{type:link, format:weblink}, BMS Link,newtab=>), BMS Inventory],[bms_detail(=>{type:link, format:weblink},BMS Link,newtab=>), BMS Detailed View]","f_class_color":"#088afa"},"geometry":{"type":"Point","coordinates":[88.935694388889004,23.053508]}},
{"type":"Feature","properties":{"id":107663,"sl":3719,"map_link":"https://maps.google.com/?q=23.37543288888900000,89.50575069444400000&amp;z=8&amp;t=k","image_popup":"8088/bms/assets/uploads/images/prudential_images/bridges/bridge_7663/1709876800.jpg","bridge_name":"Chotojoka RCC Girder Bridge","bridge_type":"RC Girder Bridge","road_no":"R720","zone":"Khulna","circle":"Jessore","division":"Magura","subdivision":"Magura","sae":"SO-Magura-2","bridge_length_(m)":6.1,"bridge_width_(m)":8.4,"chainage_(km)":16.807,"ycoord":23.375432888889002,"xcoord":89.505750694444004,"bms_inventory":"http://bms.rhd.gov.bd:8088/bms/bridges/inventory_view/107663","bms_detail":"http://bms.rhd.gov.bd:8088/bms/bridges/detail_view/107663","f_class_name":"RC Girder Bridge","keys":"[bridge_name, Bridge Name], [bridge_type,Type], [chainage_(km), Chainage (km)], [road_no, On Road], [division, Division], [subdivision, Subdivision], [bridge_length_(m), Length (m)], [bridge_width_(m), Width (m)],[map_link(=>{type:link, format:weblink}, Google Map,newtab=>),Google Map View],[bms_inventory(=>{type:link, format:weblink}, BMS Link,newtab=>), BMS Inventory],[bms_detail(=>{type:link, format:weblink},BMS Link,newtab=>), BMS Detailed View]","f_class_color":"#e8f674"},"geometry":{"type":"Point","coordinates":[89.505750694444004,23.375432888889002]}},
{"type":"Feature","properties":{"id":107664,"sl":11184,"map_link":"https://maps.google.com/?q=22.84828119444400000,89.27760938888900000&amp;z=8&amp;t=k","image_popup":"8088/bms/assets/uploads/images/prudential_images/bridges/bridge_7664/1709877238.jpg","bridge_name":"Nornia PC Girder Bridge","bridge_type":"PC Girder Bridge","road_no":"R755","zone":"Khulna","circle":"Jessore","division":"Jessore","subdivision":"Jashore -1","sae":"SO-Jashore Sub Division-1-1","bridge_length_(m)":22.8,"bridge_width_(m)":10.1,"chainage_(km)":36.041,"ycoord":22.848281194443999,"xcoord":89.277609388889005,"bms_inventory":"http://bms.rhd.gov.bd:8088/bms/bridges/inventory_view/107664","bms_detail":"http://bms.rhd.gov.bd:8088/bms/bridges/detail_view/107664","f_class_name":"PC Girder Bridge","keys":"[bridge_name, Bridge Name], [bridge_type,Type], [chainage_(km), Chainage (km)], [road_no, On Road], [division, Division], [subdivision, Subdivision], [bridge_length_(m), Length (m)], [bridge_width_(m), Width (m)],[map_link(=>{type:link, format:weblink}, Google Map,newtab=>),Google Map View],[bms_inventory(=>{type:link, format:weblink}, BMS Link,newtab=>), BMS Inventory],[bms_detail(=>{type:link, format:weblink},BMS Link,newtab=>), BMS Detailed View]","f_class_color":"#6ebed6"},"geometry":{"type":"Point","coordinates":[89.277609388889005,22.848281194443999]}},
{"type":"Feature","properties":{"id":107684,"sl":8696,"map_link":"https://maps.google.com/?q=23.52828038888900000,89.49732958333300000&amp;z=8&amp;t=k","image_popup":"8088/bms/assets/uploads/images/prudential_images/bridges/bridge_7684/1709888734.jpg","bridge_name":"Kosundi RCC Girder Bridge","bridge_type":"RC Girder Bridge","road_no":"N7","zone":"Khulna","circle":"Jessore","division":"Magura","subdivision":"Magura","sae":"SO-Magura-2","bridge_length_(m)":14.7,"bridge_width_(m)":7.9,"chainage_(km)":68.013,"ycoord":23.528280388889002,"xcoord":89.497329583332998,"bms_inventory":"http://bms.rhd.gov.bd:8088/bms/bridges/inventory_view/107684","bms_detail":"http://bms.rhd.gov.bd:8088/bms/bridges/detail_view/107684","f_class_name":"RC Girder Bridge","keys":"[bridge_name, Bridge Name], [bridge_type,Type], [chainage_(km), Chainage (km)], [road_no, On Road], [division, Division], [subdivision, Subdivision], [bridge_length_(m), Length (m)], [bridge_width_(m), Width (m)],[map_link(=>{type:link, format:weblink}, Google Map,newtab=>),Google Map View],[bms_inventory(=>{type:link, format:weblink}, BMS Link,newtab=>), BMS Inventory],[bms_detail(=>{type:link, format:weblink},BMS Link,newtab=>), BMS Detailed View]","f_class_color":"#e8f674"},"geometry":{"type":"Point","coordinates":[89.497329583332998,23.528280388889002]}},
{"type":"Feature","properties":{"id":107697,"sl":6551,"map_link":"https://maps.google.com/?q=23.52419650000000000,89.48610619444400000&amp;z=8&amp;t=k","image_popup":"8088/bms/assets/uploads/images/prudential_images/bridges/bridge_7697/1709895483.jpg","bridge_name":"Hulinagar RCC Girder Bridge","bridge_type":"RC Girder Bridge","road_no":"N7","zone":"Khulna","circle":"Jessore","division":"Magura","subdivision":"Magura","sae":"SO-Magura-2","bridge_length_(m)":12.6,"bridge_width_(m)":7.9,"chainage_(km)":69.265,"ycoord":23.5241965,"xcoord":89.486106194444005,"bms_inventory":"http://bms.rhd.gov.bd:8088/bms/bridges/inventory_view/107697","bms_detail":"http://bms.rhd.gov.bd:8088/bms/bridges/detail_view/107697","f_class_name":"RC Girder Bridge","keys":"[bridge_name, Bridge Name], [bridge_type,Type], [chainage_(km), Chainage (km)], [road_no, On Road], [division, Division], [subdivision, Subdivision], [bridge_length_(m), Length (m)], [bridge_width_(m), Width (m)],[map_link(=>{type:link, format:weblink}, Google Map,newtab=>),Google Map View],[bms_inventory(=>{type:link, format:weblink}, BMS Link,newtab=>), BMS Inventory],[bms_detail(=>{type:link, format:weblink},BMS Link,newtab=>), BMS Detailed View]","f_class_color":"#e8f674"},"geometry":{"type":"Point","coordinates":[89.486106194444005,23.5241965]}},
{"type":"Feature","properties":{"id":107714,"sl":3472,"map_link":"https://maps.google.com/?q=22.28893200000000000,89.27362388888900000&amp;z=8&amp;t=k","image_popup":"8088/bms/assets/uploads/images/prudential_images/bridges/bridge_7714/1709963933.jpg","bridge_name":"Choddoroshi RCC Girder Bridge","bridge_type":"RC Girder Bridge","road_no":"Z7610","zone":"Khulna","circle":"Khulna","division":"Satkhira","subdivision":"Satkhira -1","sae":"SO-Satkhira Sub Division-1-2","bridge_length_(m)":136.6,"bridge_width_(m)":6.9,"chainage_(km)":17.494,"ycoord":22.288932,"xcoord":89.273623888889006,"bms_inventory":"http://bms.rhd.gov.bd:8088/bms/bridges/inventory_view/107714","bms_detail":"http://bms.rhd.gov.bd:8088/bms/bridges/detail_view/107714","f_class_name":"RC Girder Bridge","keys":"[bridge_name, Bridge Name], [bridge_type,Type], [chainage_(km), Chainage (km)], [road_no, On Road], [division, Division], [subdivision, Subdivision], [bridge_length_(m), Length (m)], [bridge_width_(m), Width (m)],[map_link(=>{type:link, format:weblink}, Google Map,newtab=>),Google Map View],[bms_inventory(=>{type:link, format:weblink}, BMS Link,newtab=>), BMS Inventory],[bms_detail(=>{type:link, format:weblink},BMS Link,newtab=>), BMS Detailed View]","f_class_color":"#e8f674"},"geometry":{"type":"Point","coordinates":[89.273623888889006,22.288932]}},
{"type":"Feature","properties":{"id":107723,"sl":13244,"map_link":"https://maps.google.com/?q=23.10989019444400000,89.24602969444400000&amp;z=8&amp;t=k","image_popup":"8088/bms/assets/uploads/images/prudential_images/bridges/bridge_7723/1709967918.jpg","bridge_name":"Satighata RCC Girder Bridge","bridge_type":"RC Girder Bridge","road_no":"R755","zone":"Khulna","circle":"Jessore","division":"Jessore","subdivision":"Jashore -1","sae":"SO-Jashore Sub Division-1-2","bridge_length_(m)":46.5,"bridge_width_(m)":8.2,"chainage_(km)":3.32,"ycoord":23.109890194443999,"xcoord":89.246029694444005,"bms_inventory":"http://bms.rhd.gov.bd:8088/bms/bridges/inventory_view/107723","bms_detail":"http://bms.rhd.gov.bd:8088/bms/bridges/detail_view/107723","f_class_name":"RC Girder Bridge","keys":"[bridge_name, Bridge Name], [bridge_type,Type], [chainage_(km), Chainage (km)], [road_no, On Road], [division, Division], [subdivision, Subdivision], [bridge_length_(m), Length (m)], [bridge_width_(m), Width (m)],[map_link(=>{type:link, format:weblink}, Google Map,newtab=>),Google Map View],[bms_inventory(=>{type:link, format:weblink}, BMS Link,newtab=>), BMS Inventory],[bms_detail(=>{type:link, format:weblink},BMS Link,newtab=>), BMS Detailed View]","f_class_color":"#e8f674"},"geometry":{"type":"Point","coordinates":[89.246029694444005,23.109890194443999]}},
{"type":"Feature","properties":{"id":107729,"sl":10226,"map_link":"https://maps.google.com/?q=23.00705558333300000,89.23528019444400000&amp;z=8&amp;t=k","image_popup":"8088/bms/assets/uploads/images/prudential_images/bridges/bridge_7729/1709975618.jpg","bridge_name":"Mohonpur RCC Girder Bridge","bridge_type":"RC Girder Bridge","road_no":"R755","zone":"Khulna","circle":"Jessore","division":"Jessore","subdivision":"Jashore -1","sae":"SO-Jashore Sub Division-1-2","bridge_length_(m)":15.8,"bridge_width_(m)":8.4,"chainage_(km)":15.47,"ycoord":23.007055583332999,"xcoord":89.235280194444002,"bms_inventory":"http://bms.rhd.gov.bd:8088/bms/bridges/inventory_view/107729","bms_detail":"http://bms.rhd.gov.bd:8088/bms/bridges/detail_view/107729","f_class_name":"RC Girder Bridge","keys":"[bridge_name, Bridge Name], [bridge_type,Type], [chainage_(km), Chainage (km)], [road_no, On Road], [division, Division], [subdivision, Subdivision], [bridge_length_(m), Length (m)], [bridge_width_(m), Width (m)],[map_link(=>{type:link, format:weblink}, Google Map,newtab=>),Google Map View],[bms_inventory(=>{type:link, format:weblink}, BMS Link,newtab=>), BMS Inventory],[bms_detail(=>{type:link, format:weblink},BMS Link,newtab=>), BMS Detailed View]","f_class_color":"#e8f674"},"geometry":{"type":"Point","coordinates":[89.235280194444002,23.007055583332999]}},
{"type":"Feature","properties":{"id":107772,"sl":13788,"map_link":"https://maps.google.com/?q=23.32481577777800000,89.31630627777800000&amp;z=8&amp;t=k","image_popup":"8088/bms/assets/uploads/images/prudential_images/bridges/bridge_7772/1710053009.jpg","bridge_name":"Shimakhali PC Girder Bridge","bridge_type":"PC Girder Bridge","road_no":"N702","zone":"Khulna","circle":"Jessore","division":"Magura","subdivision":"Magura","sae":"SO-Magura-3","bridge_length_(m)":80.0,"bridge_width_(m)":18.4,"chainage_(km)":22.59,"ycoord":23.324815777777999,"xcoord":89.316306277777997,"bms_inventory":"http://bms.rhd.gov.bd:8088/bms/bridges/inventory_view/107772","bms_detail":"http://bms.rhd.gov.bd:8088/bms/bridges/detail_view/107772","f_class_name":"PC Girder Bridge","keys":"[bridge_name, Bridge Name], [bridge_type,Type], [chainage_(km), Chainage (km)], [road_no, On Road], [division, Division], [subdivision, Subdivision], [bridge_length_(m), Length (m)], [bridge_width_(m), Width (m)],[map_link(=>{type:link, format:weblink}, Google Map,newtab=>),Google Map View],[bms_inventory(=>{type:link, format:weblink}, BMS Link,newtab=>), BMS Inventory],[bms_detail(=>{type:link, format:weblink},BMS Link,newtab=>), BMS Detailed View]","f_class_color":"#6ebed6"},"geometry":{"type":"Point","coordinates":[89.316306277777997,23.324815777777999]}},
{"type":"Feature","properties":{"id":107774,"sl":12553,"map_link":"https://maps.google.com/?q=22.97367677777800000,89.22800388888900000&amp;z=8&amp;t=k","image_popup":"8088/bms/assets/uploads/images/prudential_images/bridges/bridge_7774/1710060968.jpg","bridge_name":"Ram Nagar RCC Girder Bridge","bridge_type":"RC Girder Bridge","road_no":"R755","zone":"Khulna","circle":"Jessore","division":"Jessore","subdivision":"Jashore -1","sae":"SO-Jashore Sub Division-1-2","bridge_length_(m)":22.0,"bridge_width_(m)":10.3,"chainage_(km)":19.235,"ycoord":22.973676777778,"xcoord":89.228003888889006,"bms_inventory":"http://bms.rhd.gov.bd:8088/bms/bridges/inventory_view/107774","bms_detail":"http://bms.rhd.gov.bd:8088/bms/bridges/detail_view/107774","f_class_name":"RC Girder Bridge","keys":"[bridge_name, Bridge Name], [bridge_type,Type], [chainage_(km), Chainage (km)], [road_no, On Road], [division, Division], [subdivision, Subdivision], [bridge_length_(m), Length (m)], [bridge_width_(m), Width (m)],[map_link(=>{type:link, format:weblink}, Google Map,newtab=>),Google Map View],[bms_inventory(=>{type:link, format:weblink}, BMS Link,newtab=>), BMS Inventory],[bms_detail(=>{type:link, format:weblink},BMS Link,newtab=>), BMS Detailed View]","f_class_color":"#e8f674"},"geometry":{"type":"Point","coordinates":[89.228003888889006,22.973676777778]}},
{"type":"Feature","properties":{"id":107799,"sl":6520,"map_link":"https://maps.google.com/?q=23.32124969444400000,89.54101938888900000&amp;z=8&amp;t=k","image_popup":"8088/bms/assets/uploads/images/prudential_images/bridges/bridge_7799/1710130468.jpg","bridge_name":"Horiyakhali RCC Girder Bridge","bridge_type":"RC Girder Bridge","road_no":"Z7506","zone":"Khulna","circle":"Jessore","division":"Magura","subdivision":"Magura","sae":"SO-Magura-2","bridge_length_(m)":100.5,"bridge_width_(m)":5.0,"chainage_(km)":39.455,"ycoord":23.321249694443999,"xcoord":89.541019388888998,"bms_inventory":"http://bms.rhd.gov.bd:8088/bms/bridges/inventory_view/107799","bms_detail":"http://bms.rhd.gov.bd:8088/bms/bridges/detail_view/107799","f_class_name":"RC Girder Bridge","keys":"[bridge_name, Bridge Name], [bridge_type,Type], [chainage_(km), Chainage (km)], [road_no, On Road], [division, Division], [subdivision, Subdivision], [bridge_length_(m), Length (m)], [bridge_width_(m), Width (m)],[map_link(=>{type:link, format:weblink}, Google Map,newtab=>),Google Map View],[bms_inventory(=>{type:link, format:weblink}, BMS Link,newtab=>), BMS Inventory],[bms_detail(=>{type:link, format:weblink},BMS Link,newtab=>), BMS Detailed View]","f_class_color":"#e8f674"},"geometry":{"type":"Point","coordinates":[89.541019388888998,23.321249694443999]}},
{"type":"Feature","properties":{"id":107800,"sl":10359,"map_link":"https://maps.google.com/?q=22.86356477777800000,89.25750550000000000&amp;z=8&amp;t=k","image_popup":"8088/bms/assets/uploads/images/prudential_images/bridges/bridge_7800/1710130807.jpg","bridge_name":"Mongolkot RCC Girder Bridge","bridge_type":"RC Girder Bridge","road_no":"R755","zone":"Khulna","circle":"Jessore","division":"Jessore","subdivision":"Jashore -1","sae":"SO-Jashore Sub Division-1-2","bridge_length_(m)":50.0,"bridge_width_(m)":7.3,"chainage_(km)":33.163,"ycoord":22.863564777777999,"xcoord":89.2575055,"bms_inventory":"http://bms.rhd.gov.bd:8088/bms/bridges/inventory_view/107800","bms_detail":"http://bms.rhd.gov.bd:8088/bms/bridges/detail_view/107800","f_class_name":"RC Girder Bridge","keys":"[bridge_name, Bridge Name], [bridge_type,Type], [chainage_(km), Chainage (km)], [road_no, On Road], [division, Division], [subdivision, Subdivision], [bridge_length_(m), Length (m)], [bridge_width_(m), Width (m)],[map_link(=>{type:link, format:weblink}, Google Map,newtab=>),Google Map View],[bms_inventory(=>{type:link, format:weblink}, BMS Link,newtab=>), BMS Inventory],[bms_detail(=>{type:link, format:weblink},BMS Link,newtab=>), BMS Detailed View]","f_class_color":"#e8f674"},"geometry":{"type":"Point","coordinates":[89.2575055,22.863564777777999]}},
{"type":"Feature","properties":{"id":107803,"sl":10445,"map_link":"https://maps.google.com/?q=23.28255350000000000,89.51875469444400000&amp;z=8&amp;t=k","image_popup":"8088/bms/assets/uploads/images/prudential_images/bridges/bridge_7803/1710131805.jpg","bridge_name":"Moshakhali RCC Girder Bridge","bridge_type":"RC Girder Bridge","road_no":"Z7506","zone":"Khulna","circle":"Jessore","division":"Magura","subdivision":"Magura","sae":"SO-Magura-2","bridge_length_(m)":45.2,"bridge_width_(m)":5.0,"chainage_(km)":28.862,"ycoord":23.2825535,"xcoord":89.518754694443999,"bms_inventory":"http://bms.rhd.gov.bd:8088/bms/bridges/inventory_view/107803","bms_detail":"http://bms.rhd.gov.bd:8088/bms/bridges/detail_view/107803","f_class_name":"RC Girder Bridge","keys":"[bridge_name, Bridge Name], [bridge_type,Type], [chainage_(km), Chainage (km)], [road_no, On Road], [division, Division], [subdivision, Subdivision], [bridge_length_(m), Length (m)], [bridge_width_(m), Width (m)],[map_link(=>{type:link, format:weblink}, Google Map,newtab=>),Google Map View],[bms_inventory(=>{type:link, format:weblink}, BMS Link,newtab=>), BMS Inventory],[bms_detail(=>{type:link, format:weblink},BMS Link,newtab=>), BMS Detailed View]","f_class_color":"#e8f674"},"geometry":{"type":"Point","coordinates":[89.518754694443999,23.2825535]}},
{"type":"Feature","properties":{"id":107816,"sl":9062,"map_link":"https://maps.google.com/?q=23.66100350000000000,89.36566227777800000&amp;z=8&amp;t=k","image_popup":"8088/bms/assets/uploads/images/prudential_images/bridges/bridge_7816/1710136587.jpg","bridge_name":"Langolbadh Slab Bridge","bridge_type":"RC Slab Bridge","road_no":"Z7008","zone":"Khulna","circle":"Jessore","division":"Magura","subdivision":"Magura","sae":"SO-Magura-2","bridge_length_(m)":6.2,"bridge_width_(m)":5.5,"chainage_(km)":9.108,"ycoord":23.6610035,"xcoord":89.365662277778,"bms_inventory":"http://bms.rhd.gov.bd:8088/bms/bridges/inventory_view/107816","bms_detail":"http://bms.rhd.gov.bd:8088/bms/bridges/detail_view/107816","f_class_name":"RC Slab Bridge","keys":"[bridge_name, Bridge Name], [bridge_type,Type], [chainage_(km), Chainage (km)], [road_no, On Road], [division, Division], [subdivision, Subdivision], [bridge_length_(m), Length (m)], [bridge_width_(m), Width (m)],[map_link(=>{type:link, format:weblink}, Google Map,newtab=>),Google Map View],[bms_inventory(=>{type:link, format:weblink}, BMS Link,newtab=>), BMS Inventory],[bms_detail(=>{type:link, format:weblink},BMS Link,newtab=>), BMS Detailed View]","f_class_color":"#088afa"},"geometry":{"type":"Point","coordinates":[89.365662277778,23.6610035]}},
{"type":"Feature","properties":{"id":107818,"sl":11463,"map_link":"https://maps.google.com/?q=23.53363438888900000,89.40572608333300000&amp;z=8&amp;t=k","image_popup":"8088/bms/assets/uploads/images/prudential_images/bridges/bridge_7818/1710137686.jpg","bridge_name":"Okkurpara RCC Girder Bridge","bridge_type":"RC Girder Bridge","road_no":"Z7011","zone":"Khulna","circle":"Jessore","division":"Magura","subdivision":"Magura","sae":"SO-Magura-3","bridge_length_(m)":10.5,"bridge_width_(m)":4.5,"chainage_(km)":6.604,"ycoord":23.533634388888999,"xcoord":89.405726083332993,"bms_inventory":"http://bms.rhd.gov.bd:8088/bms/bridges/inventory_view/107818","bms_detail":"http://bms.rhd.gov.bd:8088/bms/bridges/detail_view/107818","f_class_name":"RC Girder Bridge","keys":"[bridge_name, Bridge Name], [bridge_type,Type], [chainage_(km), Chainage (km)], [road_no, On Road], [division, Division], [subdivision, Subdivision], [bridge_length_(m), Length (m)], [bridge_width_(m), Width (m)],[map_link(=>{type:link, format:weblink}, Google Map,newtab=>),Google Map View],[bms_inventory(=>{type:link, format:weblink}, BMS Link,newtab=>), BMS Inventory],[bms_detail(=>{type:link, format:weblink},BMS Link,newtab=>), BMS Detailed View]","f_class_color":"#e8f674"},"geometry":{"type":"Point","coordinates":[89.405726083332993,23.533634388888999]}},
{"type":"Feature","properties":{"id":107819,"sl":14497,"map_link":"https://maps.google.com/?q=23.59125877777800000,89.39330438888900000&amp;z=8&amp;t=k","image_popup":"8088/bms/assets/uploads/images/prudential_images/bridges/bridge_7819/1710138663.jpg","bridge_name":"Sreepur RCC Girder Bridge","bridge_type":"RC Girder Bridge","road_no":"Z7011","zone":"Khulna","circle":"Jessore","division":"Magura","subdivision":"Magura","sae":"SO-Magura-3","bridge_length_(m)":94.5,"bridge_width_(m)":7.1,"chainage_(km)":13.883,"ycoord":23.591258777777998,"xcoord":89.393304388889007,"bms_inventory":"http://bms.rhd.gov.bd:8088/bms/bridges/inventory_view/107819","bms_detail":"http://bms.rhd.gov.bd:8088/bms/bridges/detail_view/107819","f_class_name":"RC Girder Bridge","keys":"[bridge_name, Bridge Name], [bridge_type,Type], [chainage_(km), Chainage (km)], [road_no, On Road], [division, Division], [subdivision, Subdivision], [bridge_length_(m), Length (m)], [bridge_width_(m), Width (m)],[map_link(=>{type:link, format:weblink}, Google Map,newtab=>),Google Map View],[bms_inventory(=>{type:link, format:weblink}, BMS Link,newtab=>), BMS Inventory],[bms_detail(=>{type:link, format:weblink},BMS Link,newtab=>), BMS Detailed View]","f_class_color":"#e8f674"},"geometry":{"type":"Point","coordinates":[89.393304388889007,23.591258777777998]}},
{"type":"Feature","properties":{"id":107821,"sl":8763,"map_link":"https://maps.google.com/?q=23.01256500000000000,88.99316108333300000&amp;z=8&amp;t=k","image_popup":"8088/bms/assets/uploads/images/prudential_images/bridges/bridge_7821/1710145940.jpg","bridge_name":"Kuchamura RCC Girder Bridge","bridge_type":"RC Girder Bridge","road_no":"R765","zone":"Khulna","circle":"Jessore","division":"Jessore","subdivision":"Jashore -1","sae":"SO-Jashore Sub Division-1-3","bridge_length_(m)":6.0,"bridge_width_(m)":7.1,"chainage_(km)":5.203,"ycoord":23.012565,"xcoord":88.993161083333007,"bms_inventory":"http://bms.rhd.gov.bd:8088/bms/bridges/inventory_view/107821","bms_detail":"http://bms.rhd.gov.bd:8088/bms/bridges/detail_view/107821","f_class_name":"RC Girder Bridge","keys":"[bridge_name, Bridge Name], [bridge_type,Type], [chainage_(km), Chainage (km)], [road_no, On Road], [division, Division], [subdivision, Subdivision], [bridge_length_(m), Length (m)], [bridge_width_(m), Width (m)],[map_link(=>{type:link, format:weblink}, Google Map,newtab=>),Google Map View],[bms_inventory(=>{type:link, format:weblink}, BMS Link,newtab=>), BMS Inventory],[bms_detail(=>{type:link, format:weblink},BMS Link,newtab=>), BMS Detailed View]","f_class_color":"#e8f674"},"geometry":{"type":"Point","coordinates":[88.993161083333007,23.012565]}},
{"type":"Feature","properties":{"id":107829,"sl":13258,"map_link":"https://maps.google.com/?q=22.97824619444400000,88.97899800000000000&amp;z=8&amp;t=k","image_popup":"8088/bms/assets/uploads/images/prudential_images/bridges/bridge_7829/1710148990.jpg","bridge_name":"Satmile RCC Girder Bridge 1","bridge_type":"RC Girder Bridge","road_no":"R765","zone":"Khulna","circle":"Jessore","division":"Jessore","subdivision":"Jashore -1","sae":"SO-Jashore Sub Division-1-3","bridge_length_(m)":7.3,"bridge_width_(m)":7.1,"chainage_(km)":9.566,"ycoord":22.978246194444001,"xcoord":88.978998,"bms_inventory":"http://bms.rhd.gov.bd:8088/bms/bridges/inventory_view/107829","bms_detail":"http://bms.rhd.gov.bd:8088/bms/bridges/detail_view/107829","f_class_name":"RC Girder Bridge","keys":"[bridge_name, Bridge Name], [bridge_type,Type], [chainage_(km), Chainage (km)], [road_no, On Road], [division, Division], [subdivision, Subdivision], [bridge_length_(m), Length (m)], [bridge_width_(m), Width (m)],[map_link(=>{type:link, format:weblink}, Google Map,newtab=>),Google Map View],[bms_inventory(=>{type:link, format:weblink}, BMS Link,newtab=>), BMS Inventory],[bms_detail(=>{type:link, format:weblink},BMS Link,newtab=>), BMS Detailed View]","f_class_color":"#e8f674"},"geometry":{"type":"Point","coordinates":[88.978998,22.978246194444001]}},
{"type":"Feature","properties":{"id":107831,"sl":13259,"map_link":"https://maps.google.com/?q=22.97143569444400000,88.97940169444400000&amp;z=8&amp;t=k","image_popup":"8088/bms/assets/uploads/images/prudential_images/bridges/bridge_7831/1710149957.jpg","bridge_name":"Satmile RCC Girder Bridge 2","bridge_type":"RC Girder Bridge","road_no":"R765","zone":"Khulna","circle":"Jessore","division":"Jessore","subdivision":"Jashore -1","sae":"SO-Jashore Sub Division-1-3","bridge_length_(m)":7.3,"bridge_width_(m)":6.6,"chainage_(km)":10.223,"ycoord":22.971435694444001,"xcoord":88.979401694443993,"bms_inventory":"http://bms.rhd.gov.bd:8088/bms/bridges/inventory_view/107831","bms_detail":"http://bms.rhd.gov.bd:8088/bms/bridges/detail_view/107831","f_class_name":"RC Girder Bridge","keys":"[bridge_name, Bridge Name], [bridge_type,Type], [chainage_(km), Chainage (km)], [road_no, On Road], [division, Division], [subdivision, Subdivision], [bridge_length_(m), Length (m)], [bridge_width_(m), Width (m)],[map_link(=>{type:link, format:weblink}, Google Map,newtab=>),Google Map View],[bms_inventory(=>{type:link, format:weblink}, BMS Link,newtab=>), BMS Inventory],[bms_detail(=>{type:link, format:weblink},BMS Link,newtab=>), BMS Detailed View]","f_class_color":"#e8f674"},"geometry":{"type":"Point","coordinates":[88.979401694443993,22.971435694444001]}},
{"type":"Feature","properties":{"id":107854,"sl":947,"map_link":"https://maps.google.com/?q=22.94933027777800000,88.98397219444400000&amp;z=8&amp;t=k","image_popup":"8088/bms/assets/uploads/images/prudential_images/bridges/bridge_7854/1710218677.jpg","bridge_name":"Bagachora RCC Girder Bridge","bridge_type":"RC Girder Bridge","road_no":"R765","zone":"Khulna","circle":"Jessore","division":"Jessore","subdivision":"Jashore -1","sae":"SO-Jashore Sub Division-1-3","bridge_length_(m)":7.3,"bridge_width_(m)":6.5,"chainage_(km)":12.902,"ycoord":22.949330277777999,"xcoord":88.983972194443993,"bms_inventory":"http://bms.rhd.gov.bd:8088/bms/bridges/inventory_view/107854","bms_detail":"http://bms.rhd.gov.bd:8088/bms/bridges/detail_view/107854","f_class_name":"RC Girder Bridge","keys":"[bridge_name, Bridge Name], [bridge_type,Type], [chainage_(km), Chainage (km)], [road_no, On Road], [division, Division], [subdivision, Subdivision], [bridge_length_(m), Length (m)], [bridge_width_(m), Width (m)],[map_link(=>{type:link, format:weblink}, Google Map,newtab=>),Google Map View],[bms_inventory(=>{type:link, format:weblink}, BMS Link,newtab=>), BMS Inventory],[bms_detail(=>{type:link, format:weblink},BMS Link,newtab=>), BMS Detailed View]","f_class_color":"#e8f674"},"geometry":{"type":"Point","coordinates":[88.983972194443993,22.949330277777999]}},
{"type":"Feature","properties":{"id":107871,"sl":293,"map_link":"https://maps.google.com/?q=23.51646338888900000,89.31912119444400000&amp;z=8&amp;t=k","image_popup":"8088/bms/assets/uploads/images/prudential_images/bridges/bridge_7871/1710230359.jpg","bridge_name":"Alamkhali PC Girder Bridge","bridge_type":"PC Girder Bridge","road_no":"N7","zone":"Khulna","circle":"Jessore","division":"Magura","subdivision":"Magura","sae":"SO-Magura-3","bridge_length_(m)":22.5,"bridge_width_(m)":11.6,"chainage_(km)":89.461,"ycoord":23.516463388889001,"xcoord":89.319121194443994,"bms_inventory":"http://bms.rhd.gov.bd:8088/bms/bridges/inventory_view/107871","bms_detail":"http://bms.rhd.gov.bd:8088/bms/bridges/detail_view/107871","f_class_name":"PC Girder Bridge","keys":"[bridge_name, Bridge Name], [bridge_type,Type], [chainage_(km), Chainage (km)], [road_no, On Road], [division, Division], [subdivision, Subdivision], [bridge_length_(m), Length (m)], [bridge_width_(m), Width (m)],[map_link(=>{type:link, format:weblink}, Google Map,newtab=>),Google Map View],[bms_inventory(=>{type:link, format:weblink}, BMS Link,newtab=>), BMS Inventory],[bms_detail(=>{type:link, format:weblink},BMS Link,newtab=>), BMS Detailed View]","f_class_color":"#6ebed6"},"geometry":{"type":"Point","coordinates":[89.319121194443994,23.516463388889001]}},
{"type":"Feature","properties":{"id":107873,"sl":7929,"map_link":"https://maps.google.com/?q=23.49558438888900000,89.41456127777800000&amp;z=8&amp;t=k","image_popup":"8088/bms/assets/uploads/images/prudential_images/bridges/bridge_7873/1710231775.jpg","bridge_name":"Kathaltola PC Girder Bridge","bridge_type":"PC Girder Bridge","road_no":"Z7011","zone":"Khulna","circle":"Jessore","division":"Magura","subdivision":"Magura","sae":"SO-Magura-3","bridge_length_(m)":31.5,"bridge_width_(m)":11.6,"chainage_(km)":1.215,"ycoord":23.495584388889,"xcoord":89.414561277778006,"bms_inventory":"http://bms.rhd.gov.bd:8088/bms/bridges/inventory_view/107873","bms_detail":"http://bms.rhd.gov.bd:8088/bms/bridges/detail_view/107873","f_class_name":"PC Girder Bridge","keys":"[bridge_name, Bridge Name], [bridge_type,Type], [chainage_(km), Chainage (km)], [road_no, On Road], [division, Division], [subdivision, Subdivision], [bridge_length_(m), Length (m)], [bridge_width_(m), Width (m)],[map_link(=>{type:link, format:weblink}, Google Map,newtab=>),Google Map View],[bms_inventory(=>{type:link, format:weblink}, BMS Link,newtab=>), BMS Inventory],[bms_detail(=>{type:link, format:weblink},BMS Link,newtab=>), BMS Detailed View]","f_class_color":"#6ebed6"},"geometry":{"type":"Point","coordinates":[89.414561277778006,23.495584388889]}},
{"type":"Feature","properties":{"id":107903,"sl":13422,"map_link":"https://maps.google.com/?q=23.68310877777800000,89.24531277777800000&amp;z=8&amp;t=k","image_popup":"8088/bms/assets/uploads/images/prudential_images/bridges/bridge_7903/1710307999.jpg","bridge_name":"Shailkupa Kumar Bridge","bridge_type":"RC Girder Bridge","road_no":"Z7458","zone":"Khulna","circle":"Kushtia","division":"Jhenaidah","subdivision":"Jhenaidah","sae":"SO-Jhenaidah-1","bridge_length_(m)":85.0,"bridge_width_(m)":7.4,"chainage_(km)":6.016,"ycoord":23.683108777777999,"xcoord":89.245312777777997,"bms_inventory":"http://bms.rhd.gov.bd:8088/bms/bridges/inventory_view/107903","bms_detail":"http://bms.rhd.gov.bd:8088/bms/bridges/detail_view/107903","f_class_name":"RC Girder Bridge","keys":"[bridge_name, Bridge Name], [bridge_type,Type], [chainage_(km), Chainage (km)], [road_no, On Road], [division, Division], [subdivision, Subdivision], [bridge_length_(m), Length (m)], [bridge_width_(m), Width (m)],[map_link(=>{type:link, format:weblink}, Google Map,newtab=>),Google Map View],[bms_inventory(=>{type:link, format:weblink}, BMS Link,newtab=>), BMS Inventory],[bms_detail(=>{type:link, format:weblink},BMS Link,newtab=>), BMS Detailed View]","f_class_color":"#e8f674"},"geometry":{"type":"Point","coordinates":[89.245312777777997,23.683108777777999]}},
{"type":"Feature","properties":{"id":107905,"sl":6143,"map_link":"https://maps.google.com/?q=23.78921227777800000,88.77179908333300000&amp;z=8&amp;t=k","image_popup":"8088/bms/assets/uploads/images/prudential_images/bridges/bridge_7905/1710308718.jpg","bridge_name":"Hariadah RCC Girder Bridge","bridge_type":"RC Girder Bridge","road_no":"Z7454","zone":"Khulna","circle":"Kushtia","division":"Meherpur","subdivision":"Meherpur","sae":"SO-Meherpur-1","bridge_length_(m)":25.0,"bridge_width_(m)":6.0,"chainage_(km)":3.6,"ycoord":23.789212277777999,"xcoord":88.771799083332994,"bms_inventory":"http://bms.rhd.gov.bd:8088/bms/bridges/inventory_view/107905","bms_detail":"http://bms.rhd.gov.bd:8088/bms/bridges/detail_view/107905","f_class_name":"RC Girder Bridge","keys":"[bridge_name, Bridge Name], [bridge_type,Type], [chainage_(km), Chainage (km)], [road_no, On Road], [division, Division], [subdivision, Subdivision], [bridge_length_(m), Length (m)], [bridge_width_(m), Width (m)],[map_link(=>{type:link, format:weblink}, Google Map,newtab=>),Google Map View],[bms_inventory(=>{type:link, format:weblink}, BMS Link,newtab=>), BMS Inventory],[bms_detail(=>{type:link, format:weblink},BMS Link,newtab=>), BMS Detailed View]","f_class_color":"#e8f674"},"geometry":{"type":"Point","coordinates":[88.771799083332994,23.789212277777999]}},
{"type":"Feature","properties":{"id":107910,"sl":14794,"map_link":"https://maps.google.com/?q=23.49557338888900000,89.01329277777800000&amp;z=8&amp;t=k","image_popup":"8088/bms/assets/uploads/images/prudential_images/bridges/bridge_7910/1710311761.jpg","bridge_name":"Talshar Bridge","bridge_type":"RC Girder Bridge","road_no":"Z7489","zone":"Khulna","circle":"Kushtia","division":"Jhenaidah","subdivision":"Jhenaidah","sae":"SO-Jhenaidah-1","bridge_length_(m)":9.7,"bridge_width_(m)":4.2,"chainage_(km)":18.441,"ycoord":23.495573388888999,"xcoord":89.013292777778005,"bms_inventory":"http://bms.rhd.gov.bd:8088/bms/bridges/inventory_view/107910","bms_detail":"http://bms.rhd.gov.bd:8088/bms/bridges/detail_view/107910","f_class_name":"RC Girder Bridge","keys":"[bridge_name, Bridge Name], [bridge_type,Type], [chainage_(km), Chainage (km)], [road_no, On Road], [division, Division], [subdivision, Subdivision], [bridge_length_(m), Length (m)], [bridge_width_(m), Width (m)],[map_link(=>{type:link, format:weblink}, Google Map,newtab=>),Google Map View],[bms_inventory(=>{type:link, format:weblink}, BMS Link,newtab=>), BMS Inventory],[bms_detail(=>{type:link, format:weblink},BMS Link,newtab=>), BMS Detailed View]","f_class_color":"#e8f674"},"geometry":{"type":"Point","coordinates":[89.013292777778005,23.495573388888999]}},
{"type":"Feature","properties":{"id":107913,"sl":5719,"map_link":"https://maps.google.com/?q=23.54338869444400000,88.76471738888900000&amp;z=8&amp;t=k","image_popup":"8088/bms/assets/uploads/images/prudential_images/bridges/bridge_7913/1710315938.jpg","bridge_name":"Golaidori PC Girder Bridge","bridge_type":"PC Girder Bridge","road_no":"R749","zone":"Khulna","circle":"Kushtia","division":"Chuadanga","subdivision":"Chuadanga","sae":"Darshana","bridge_length_(m)":112.4,"bridge_width_(m)":10.3,"chainage_(km)":5.685,"ycoord":23.543388694444001,"xcoord":88.764717388888997,"bms_inventory":"http://bms.rhd.gov.bd:8088/bms/bridges/inventory_view/107913","bms_detail":"http://bms.rhd.gov.bd:8088/bms/bridges/detail_view/107913","f_class_name":"PC Girder Bridge","keys":"[bridge_name, Bridge Name], [bridge_type,Type], [chainage_(km), Chainage (km)], [road_no, On Road], [division, Division], [subdivision, Subdivision], [bridge_length_(m), Length (m)], [bridge_width_(m), Width (m)],[map_link(=>{type:link, format:weblink}, Google Map,newtab=>),Google Map View],[bms_inventory(=>{type:link, format:weblink}, BMS Link,newtab=>), BMS Inventory],[bms_detail(=>{type:link, format:weblink},BMS Link,newtab=>), BMS Detailed View]","f_class_color":"#6ebed6"},"geometry":{"type":"Point","coordinates":[88.764717388888997,23.543388694444001]}},
{"type":"Feature","properties":{"id":107915,"sl":10944,"map_link":"https://maps.google.com/?q=23.64671277777800000,88.84397627777800000&amp;z=8&amp;t=k","image_popup":"8088/bms/assets/uploads/images/prudential_images/bridges/bridge_7915/1710316768.jpg","bridge_name":"New Mathabhangha Bridge","bridge_type":"PC Girder Bridge","road_no":"R745","zone":"Khulna","circle":"Kushtia","division":"Chuadanga","subdivision":"Chuadanga","sae":"Headquarter","bridge_length_(m)":139.8,"bridge_width_(m)":10.3,"chainage_(km)":79.127,"ycoord":23.646712777777999,"xcoord":88.843976277777998,"bms_inventory":"http://bms.rhd.gov.bd:8088/bms/bridges/inventory_view/107915","bms_detail":"http://bms.rhd.gov.bd:8088/bms/bridges/detail_view/107915","f_class_name":"PC Girder Bridge","keys":"[bridge_name, Bridge Name], [bridge_type,Type], [chainage_(km), Chainage (km)], [road_no, On Road], [division, Division], [subdivision, Subdivision], [bridge_length_(m), Length (m)], [bridge_width_(m), Width (m)],[map_link(=>{type:link, format:weblink}, Google Map,newtab=>),Google Map View],[bms_inventory(=>{type:link, format:weblink}, BMS Link,newtab=>), BMS Inventory],[bms_detail(=>{type:link, format:weblink},BMS Link,newtab=>), BMS Detailed View]","f_class_color":"#6ebed6"},"geometry":{"type":"Point","coordinates":[88.843976277777998,23.646712777777999]}},
{"type":"Feature","properties":{"id":107918,"sl":11473,"map_link":"https://maps.google.com/?q=23.64639650000000000,88.84408788888900000&amp;z=8&amp;t=k","image_popup":"8088/bms/assets/uploads/images/prudential_images/bridges/bridge_7918/1710317814.jpg","bridge_name":"Old Mathabhanga RCC Girder Bridge","bridge_type":"RC Girder Bridge","road_no":"R745","zone":"Khulna","circle":"Kushtia","division":"Chuadanga","subdivision":"Chuadanga","sae":"Headquarter","bridge_length_(m)":140.2,"bridge_width_(m)":9.1,"chainage_(km)":79.127,"ycoord":23.6463965,"xcoord":88.844087888889007,"bms_inventory":"http://bms.rhd.gov.bd:8088/bms/bridges/inventory_view/107918","bms_detail":"http://bms.rhd.gov.bd:8088/bms/bridges/detail_view/107918","f_class_name":"RC Girder Bridge","keys":"[bridge_name, Bridge Name], [bridge_type,Type], [chainage_(km), Chainage (km)], [road_no, On Road], [division, Division], [subdivision, Subdivision], [bridge_length_(m), Length (m)], [bridge_width_(m), Width (m)],[map_link(=>{type:link, format:weblink}, Google Map,newtab=>),Google Map View],[bms_inventory(=>{type:link, format:weblink}, BMS Link,newtab=>), BMS Inventory],[bms_detail(=>{type:link, format:weblink},BMS Link,newtab=>), BMS Detailed View]","f_class_color":"#e8f674"},"geometry":{"type":"Point","coordinates":[88.844087888889007,23.6463965]}},
{"type":"Feature","properties":{"id":107921,"sl":1159,"map_link":"https://maps.google.com/?q=23.69824438888900000,88.74506208333300000&amp;z=8&amp;t=k","image_popup":"8088/bms/assets/uploads/images/prudential_images/bridges/bridge_7921/1710318891.jpg","bridge_name":"Baliarpur PC Girder Bridge","bridge_type":"PC Girder Bridge","road_no":"Z7468","zone":"Khulna","circle":"Kushtia","division":"Meherpur","subdivision":"Meherpur","sae":"SO-Meherpur-1","bridge_length_(m)":94.5,"bridge_width_(m)":10.4,"chainage_(km)":2.251,"ycoord":23.698244388889002,"xcoord":88.745062083332996,"bms_inventory":"http://bms.rhd.gov.bd:8088/bms/bridges/inventory_view/107921","bms_detail":"http://bms.rhd.gov.bd:8088/bms/bridges/detail_view/107921","f_class_name":"PC Girder Bridge","keys":"[bridge_name, Bridge Name], [bridge_type,Type], [chainage_(km), Chainage (km)], [road_no, On Road], [division, Division], [subdivision, Subdivision], [bridge_length_(m), Length (m)], [bridge_width_(m), Width (m)],[map_link(=>{type:link, format:weblink}, Google Map,newtab=>),Google Map View],[bms_inventory(=>{type:link, format:weblink}, BMS Link,newtab=>), BMS Inventory],[bms_detail(=>{type:link, format:weblink},BMS Link,newtab=>), BMS Detailed View]","f_class_color":"#6ebed6"},"geometry":{"type":"Point","coordinates":[88.745062083332996,23.698244388889002]}},
{"type":"Feature","properties":{"id":107925,"sl":10340,"map_link":"https://maps.google.com/?q=23.71272219444400000,88.61278700000000000&amp;z=8&amp;t=k","image_popup":"8088/bms/assets/uploads/images/prudential_images/bridges/bridge_7925/1710320556.jpg","bridge_name":"Monakhali PC Girder Bridge","bridge_type":"PC Girder Bridge","road_no":"R746","zone":"Khulna","circle":"Kushtia","division":"Meherpur","subdivision":"Meherpur","sae":"SO-Meherpur-1","bridge_length_(m)":94.5,"bridge_width_(m)":9.6,"chainage_(km)":7.78,"ycoord":23.712722194444002,"xcoord":88.612787,"bms_inventory":"http://bms.rhd.gov.bd:8088/bms/bridges/inventory_view/107925","bms_detail":"http://bms.rhd.gov.bd:8088/bms/bridges/detail_view/107925","f_class_name":"PC Girder Bridge","keys":"[bridge_name, Bridge Name], [bridge_type,Type], [chainage_(km), Chainage (km)], [road_no, On Road], [division, Division], [subdivision, Subdivision], [bridge_length_(m), Length (m)], [bridge_width_(m), Width (m)],[map_link(=>{type:link, format:weblink}, Google Map,newtab=>),Google Map View],[bms_inventory(=>{type:link, format:weblink}, BMS Link,newtab=>), BMS Inventory],[bms_detail(=>{type:link, format:weblink},BMS Link,newtab=>), BMS Detailed View]","f_class_color":"#6ebed6"},"geometry":{"type":"Point","coordinates":[88.612787,23.712722194444002]}},
{"type":"Feature","properties":{"id":107931,"sl":8255,"map_link":"https://maps.google.com/?q=22.91153908333300000,89.21986908333300000&amp;z=8&amp;t=k","image_popup":"8088/bms/assets/uploads/images/prudential_images/bridges/bridge_7931/1710393530.jpg","bridge_name":"Khojakhali (Keshabpur Shetu) RCC Girder Bridge","bridge_type":"RC Girder Bridge","road_no":"R755","zone":"Khulna","circle":"Jessore","division":"Jessore","subdivision":"Jashore -1","sae":"SO-Jashore Sub Division-1-2","bridge_length_(m)":18.7,"bridge_width_(m)":10.35,"chainage_(km)":26.376,"ycoord":22.911539083333,"xcoord":89.219869083332995,"bms_inventory":"http://bms.rhd.gov.bd:8088/bms/bridges/inventory_view/107931","bms_detail":"http://bms.rhd.gov.bd:8088/bms/bridges/detail_view/107931","f_class_name":"RC Girder Bridge","keys":"[bridge_name, Bridge Name], [bridge_type,Type], [chainage_(km), Chainage (km)], [road_no, On Road], [division, Division], [subdivision, Subdivision], [bridge_length_(m), Length (m)], [bridge_width_(m), Width (m)],[map_link(=>{type:link, format:weblink}, Google Map,newtab=>),Google Map View],[bms_inventory(=>{type:link, format:weblink}, BMS Link,newtab=>), BMS Inventory],[bms_detail(=>{type:link, format:weblink},BMS Link,newtab=>), BMS Detailed View]","f_class_color":"#e8f674"},"geometry":{"type":"Point","coordinates":[89.219869083332995,22.911539083333]}},
{"type":"Feature","properties":{"id":107934,"sl":2264,"map_link":"https://maps.google.com/?q=23.04340950000000000,89.19668308333300000&amp;z=8&amp;t=k","image_popup":"8088/bms/assets/uploads/images/prudential_images/bridges/bridge_7934/1710394382.jpg","bridge_name":"Bokospul RCC Girder Bridge","bridge_type":"RC Girder Bridge","road_no":"Z7551","zone":"Khulna","circle":"Jessore","division":"Jessore","subdivision":"Jashore -1","sae":"SO-Jashore Sub Division-1-2","bridge_length_(m)":13.0,"bridge_width_(m)":4.1,"chainage_(km)":4.326,"ycoord":23.0434095,"xcoord":89.196683083332999,"bms_inventory":"http://bms.rhd.gov.bd:8088/bms/bridges/inventory_view/107934","bms_detail":"http://bms.rhd.gov.bd:8088/bms/bridges/detail_view/107934","f_class_name":"RC Girder Bridge","keys":"[bridge_name, Bridge Name], [bridge_type,Type], [chainage_(km), Chainage (km)], [road_no, On Road], [division, Division], [subdivision, Subdivision], [bridge_length_(m), Length (m)], [bridge_width_(m), Width (m)],[map_link(=>{type:link, format:weblink}, Google Map,newtab=>),Google Map View],[bms_inventory(=>{type:link, format:weblink}, BMS Link,newtab=>), BMS Inventory],[bms_detail(=>{type:link, format:weblink},BMS Link,newtab=>), BMS Detailed View]","f_class_color":"#e8f674"},"geometry":{"type":"Point","coordinates":[89.196683083332999,23.0434095]}},
{"type":"Feature","properties":{"id":107979,"sl":10889,"map_link":"https://maps.google.com/?q=23.48892488888900000,89.42901400000000000&amp;z=8&amp;t=k","image_popup":"8088/bms/assets/uploads/images/prudential_images/bridges/bridge_7979/1710747314.jpg","bridge_name":"Navganga RC bridge 2","bridge_type":"RC Girder Bridge","road_no":"N7","zone":"Khulna","circle":"Jessore","division":"Magura","subdivision":"Magura","sae":"SO-Magura-1","bridge_length_(m)":20.5,"bridge_width_(m)":7.5,"chainage_(km)":76.587,"ycoord":23.488924888888999,"xcoord":89.429014,"bms_inventory":"http://bms.rhd.gov.bd:8088/bms/bridges/inventory_view/107979","bms_detail":"http://bms.rhd.gov.bd:8088/bms/bridges/detail_view/107979","f_class_name":"RC Girder Bridge","keys":"[bridge_name, Bridge Name], [bridge_type,Type], [chainage_(km), Chainage (km)], [road_no, On Road], [division, Division], [subdivision, Subdivision], [bridge_length_(m), Length (m)], [bridge_width_(m), Width (m)],[map_link(=>{type:link, format:weblink}, Google Map,newtab=>),Google Map View],[bms_inventory(=>{type:link, format:weblink}, BMS Link,newtab=>), BMS Inventory],[bms_detail(=>{type:link, format:weblink},BMS Link,newtab=>), BMS Detailed View]","f_class_color":"#e8f674"},"geometry":{"type":"Point","coordinates":[89.429014,23.488924888888999]}},
{"type":"Feature","properties":{"id":108005,"sl":11141,"map_link":"https://maps.google.com/?q=23.29156877777800000,88.85840619444400000&amp;z=8&amp;t=k","image_popup":"8088/bms/assets/uploads/images/prudential_images/bridges/bridge_8005/1710575862.jpg","bridge_name":"Nolpatua Bridge","bridge_type":"RC Girder Bridge","road_no":"Z7488","zone":"Khulna","circle":"Kushtia","division":"Jhenaidah","subdivision":"Jhenaidah","sae":"SO-Jhenaidah-3","bridge_length_(m)":9.0,"bridge_width_(m)":4.3,"chainage_(km)":1.744,"ycoord":23.291568777778,"xcoord":88.858406194444001,"bms_inventory":"http://bms.rhd.gov.bd:8088/bms/bridges/inventory_view/108005","bms_detail":"http://bms.rhd.gov.bd:8088/bms/bridges/detail_view/108005","f_class_name":"RC Girder Bridge","keys":"[bridge_name, Bridge Name], [bridge_type,Type], [chainage_(km), Chainage (km)], [road_no, On Road], [division, Division], [subdivision, Subdivision], [bridge_length_(m), Length (m)], [bridge_width_(m), Width (m)],[map_link(=>{type:link, format:weblink}, Google Map,newtab=>),Google Map View],[bms_inventory(=>{type:link, format:weblink}, BMS Link,newtab=>), BMS Inventory],[bms_detail(=>{type:link, format:weblink},BMS Link,newtab=>), BMS Detailed View]","f_class_color":"#e8f674"},"geometry":{"type":"Point","coordinates":[88.858406194444001,23.291568777778]}},
{"type":"Feature","properties":{"id":108006,"sl":11470,"map_link":"https://maps.google.com/?q=23.54423788888900000,89.18504300000000000&amp;z=8&amp;t=k","image_popup":"8088/bms/assets/uploads/images/prudential_images/bridges/bridge_8006/1710575948.jpg","bridge_name":"Old Dhupaghata Bridge","bridge_type":"PC Girder Bridge","road_no":"N703","zone":"Khulna","circle":"Kushtia","division":"Jhenaidah","subdivision":"Jhenaidah","sae":"SO-Jhenaidah-2","bridge_length_(m)":135.0,"bridge_width_(m)":6.3,"chainage_(km)":0.54,"ycoord":23.544237888889,"xcoord":89.185043,"bms_inventory":"http://bms.rhd.gov.bd:8088/bms/bridges/inventory_view/108006","bms_detail":"http://bms.rhd.gov.bd:8088/bms/bridges/detail_view/108006","f_class_name":"PC Girder Bridge","keys":"[bridge_name, Bridge Name], [bridge_type,Type], [chainage_(km), Chainage (km)], [road_no, On Road], [division, Division], [subdivision, Subdivision], [bridge_length_(m), Length (m)], [bridge_width_(m), Width (m)],[map_link(=>{type:link, format:weblink}, Google Map,newtab=>),Google Map View],[bms_inventory(=>{type:link, format:weblink}, BMS Link,newtab=>), BMS Inventory],[bms_detail(=>{type:link, format:weblink},BMS Link,newtab=>), BMS Detailed View]","f_class_color":"#6ebed6"},"geometry":{"type":"Point","coordinates":[89.185043,23.544237888889]}},
{"type":"Feature","properties":{"id":108011,"sl":638,"map_link":"https://maps.google.com/?q=23.55290000000000000,89.17750000000000000&amp;z=8&amp;t=k","image_popup":"8088/bms/assets/uploads/images/prudential_images/bridges/bridge_8011/1710578295.jpg","bridge_name":"Arappur bridge","bridge_type":"PC Girder Bridge","road_no":"N712","zone":"Khulna","circle":"Kushtia","division":"Jhenaidah","subdivision":"Jhenaidah","sae":"SO-Jhenaidah-2","bridge_length_(m)":69.0,"bridge_width_(m)":11.3,"chainage_(km)":1.825,"ycoord":23.5529,"xcoord":89.1775,"bms_inventory":"http://bms.rhd.gov.bd:8088/bms/bridges/inventory_view/108011","bms_detail":"http://bms.rhd.gov.bd:8088/bms/bridges/detail_view/108011","f_class_name":"PC Girder Bridge","keys":"[bridge_name, Bridge Name], [bridge_type,Type], [chainage_(km), Chainage (km)], [road_no, On Road], [division, Division], [subdivision, Subdivision], [bridge_length_(m), Length (m)], [bridge_width_(m), Width (m)],[map_link(=>{type:link, format:weblink}, Google Map,newtab=>),Google Map View],[bms_inventory(=>{type:link, format:weblink}, BMS Link,newtab=>), BMS Inventory],[bms_detail(=>{type:link, format:weblink},BMS Link,newtab=>), BMS Detailed View]","f_class_color":"#6ebed6"},"geometry":{"type":"Point","coordinates":[89.1775,23.5529]}},
{"type":"Feature","properties":{"id":108017,"sl":4483,"map_link":"https://maps.google.com/?q=23.54293158333300000,89.18492600000000000&amp;z=8&amp;t=k","image_popup":"8088/bms/assets/uploads/images/prudential_images/bridges/bridge_8017/1710580346.jpg","bridge_name":"Dhupaghata Pc Girder Bridge","bridge_type":"PC Girder Bridge","road_no":"N703","zone":"Khulna","circle":"Kushtia","division":"Jhenaidah","subdivision":"Jhenaidah","sae":"SO-Jhenaidah-2","bridge_length_(m)":150.4,"bridge_width_(m)":10.3,"chainage_(km)":0.54,"ycoord":23.542931583333001,"xcoord":89.184926,"bms_inventory":"http://bms.rhd.gov.bd:8088/bms/bridges/inventory_view/108017","bms_detail":"http://bms.rhd.gov.bd:8088/bms/bridges/detail_view/108017","f_class_name":"PC Girder Bridge","keys":"[bridge_name, Bridge Name], [bridge_type,Type], [chainage_(km), Chainage (km)], [road_no, On Road], [division, Division], [subdivision, Subdivision], [bridge_length_(m), Length (m)], [bridge_width_(m), Width (m)],[map_link(=>{type:link, format:weblink}, Google Map,newtab=>),Google Map View],[bms_inventory(=>{type:link, format:weblink}, BMS Link,newtab=>), BMS Inventory],[bms_detail(=>{type:link, format:weblink},BMS Link,newtab=>), BMS Detailed View]","f_class_color":"#6ebed6"},"geometry":{"type":"Point","coordinates":[89.184926,23.542931583333001]}},
{"type":"Feature","properties":{"id":108030,"sl":303,"map_link":"https://maps.google.com/?q=23.40777038888900000,89.00586338888900000&amp;z=8&amp;t=k","image_popup":"8088/bms/assets/uploads/images/prudential_images/bridges/bridge_8030/1710736087.jpg","bridge_name":"Alampur RCC Girder Bridge","bridge_type":"RC Girder Bridge","road_no":"Z7024","zone":"Khulna","circle":"Kushtia","division":"Jhenaidah","subdivision":"Jhenaidah","sae":"SO-Jhenaidah-3","bridge_length_(m)":55.6,"bridge_width_(m)":8.2,"chainage_(km)":11.35,"ycoord":23.407770388888999,"xcoord":89.005863388888997,"bms_inventory":"http://bms.rhd.gov.bd:8088/bms/bridges/inventory_view/108030","bms_detail":"http://bms.rhd.gov.bd:8088/bms/bridges/detail_view/108030","f_class_name":"RC Girder Bridge","keys":"[bridge_name, Bridge Name], [bridge_type,Type], [chainage_(km), Chainage (km)], [road_no, On Road], [division, Division], [subdivision, Subdivision], [bridge_length_(m), Length (m)], [bridge_width_(m), Width (m)],[map_link(=>{type:link, format:weblink}, Google Map,newtab=>),Google Map View],[bms_inventory(=>{type:link, format:weblink}, BMS Link,newtab=>), BMS Inventory],[bms_detail(=>{type:link, format:weblink},BMS Link,newtab=>), BMS Detailed View]","f_class_color":"#e8f674"},"geometry":{"type":"Point","coordinates":[89.005863388888997,23.407770388888999]}},
{"type":"Feature","properties":{"id":108049,"sl":15575,"map_link":"https://maps.google.com/?q=23.36509958333300000,88.93245258333300000&amp;z=8&amp;t=k","image_popup":"8088/bms/assets/uploads/images/prudential_images/bridges/bridge_8049/1710742986.jpg","bridge_name":"Valaipur Bridge","bridge_type":"RC Girder Bridge","road_no":"Z7023","zone":"Khulna","circle":"Kushtia","division":"Jhenaidah","subdivision":"Jhenaidah","sae":"SO-Jhenaidah-3","bridge_length_(m)":50.0,"bridge_width_(m)":8.0,"chainage_(km)":3.119,"ycoord":23.365099583332999,"xcoord":88.932452583333003,"bms_inventory":"http://bms.rhd.gov.bd:8088/bms/bridges/inventory_view/108049","bms_detail":"http://bms.rhd.gov.bd:8088/bms/bridges/detail_view/108049","f_class_name":"RC Girder Bridge","keys":"[bridge_name, Bridge Name], [bridge_type,Type], [chainage_(km), Chainage (km)], [road_no, On Road], [division, Division], [subdivision, Subdivision], [bridge_length_(m), Length (m)], [bridge_width_(m), Width (m)],[map_link(=>{type:link, format:weblink}, Google Map,newtab=>),Google Map View],[bms_inventory(=>{type:link, format:weblink}, BMS Link,newtab=>), BMS Inventory],[bms_detail(=>{type:link, format:weblink},BMS Link,newtab=>), BMS Detailed View]","f_class_color":"#e8f674"},"geometry":{"type":"Point","coordinates":[88.932452583333003,23.365099583332999]}},
{"type":"Feature","properties":{"id":108051,"sl":10888,"map_link":"https://maps.google.com/?q=23.48961769444400000,89.42933888888900000&amp;z=8&amp;t=k","image_popup":"8088/bms/assets/uploads/images/prudential_images/bridges/bridge_8051/1710746891.jpg","bridge_name":"Navganga RC bridge 1","bridge_type":"RC Slab Bridge","road_no":"N7","zone":"Khulna","circle":"Jessore","division":"Magura","subdivision":"Magura","sae":"SO-Magura-1","bridge_length_(m)":48.0,"bridge_width_(m)":9.2,"chainage_(km)":89.461,"ycoord":23.489617694444,"xcoord":89.429338888889006,"bms_inventory":"http://bms.rhd.gov.bd:8088/bms/bridges/inventory_view/108051","bms_detail":"http://bms.rhd.gov.bd:8088/bms/bridges/detail_view/108051","f_class_name":"RC Slab Bridge","keys":"[bridge_name, Bridge Name], [bridge_type,Type], [chainage_(km), Chainage (km)], [road_no, On Road], [division, Division], [subdivision, Subdivision], [bridge_length_(m), Length (m)], [bridge_width_(m), Width (m)],[map_link(=>{type:link, format:weblink}, Google Map,newtab=>),Google Map View],[bms_inventory(=>{type:link, format:weblink}, BMS Link,newtab=>), BMS Inventory],[bms_detail(=>{type:link, format:weblink},BMS Link,newtab=>), BMS Detailed View]","f_class_color":"#088afa"},"geometry":{"type":"Point","coordinates":[89.429338888889006,23.489617694444]}},
{"type":"Feature","properties":{"id":108114,"sl":15610,"map_link":"https://maps.google.com/?q=23.17610427777800000,89.41741108333300000&amp;z=8&amp;t=k","image_popup":"8088/bms/assets/uploads/images/prudential_images/bridges/bridge_8114/1710907714.jpg","bridge_name":"Vangura PC Girder Bridge 1","bridge_type":"PC Girder Bridge","road_no":"N806","zone":"Khulna","circle":"Jessore","division":"Narail","subdivision":"Narail","sae":"SO-Narail-1","bridge_length_(m)":38.0,"bridge_width_(m)":15.2,"chainage_(km)":33.639,"ycoord":23.176104277777998,"xcoord":89.417411083332993,"bms_inventory":"http://bms.rhd.gov.bd:8088/bms/bridges/inventory_view/108114","bms_detail":"http://bms.rhd.gov.bd:8088/bms/bridges/detail_view/108114","f_class_name":"PC Girder Bridge","keys":"[bridge_name, Bridge Name], [bridge_type,Type], [chainage_(km), Chainage (km)], [road_no, On Road], [division, Division], [subdivision, Subdivision], [bridge_length_(m), Length (m)], [bridge_width_(m), Width (m)],[map_link(=>{type:link, format:weblink}, Google Map,newtab=>),Google Map View],[bms_inventory(=>{type:link, format:weblink}, BMS Link,newtab=>), BMS Inventory],[bms_detail(=>{type:link, format:weblink},BMS Link,newtab=>), BMS Detailed View]","f_class_color":"#6ebed6"},"geometry":{"type":"Point","coordinates":[89.417411083332993,23.176104277777998]}},
{"type":"Feature","properties":{"id":108115,"sl":15611,"map_link":"https://maps.google.com/?q=23.17608369444400000,89.41751369444400000&amp;z=8&amp;t=k","image_popup":"8088/bms/assets/uploads/images/prudential_images/bridges/bridge_8115/1710907424.jpg","bridge_name":"Vangura PC Girder Bridge 2","bridge_type":"PC Girder Bridge","road_no":"N806","zone":"Khulna","circle":"Jessore","division":"Narail","subdivision":"Narail","sae":"SO-Narail-1","bridge_length_(m)":38.0,"bridge_width_(m)":15.2,"chainage_(km)":33.639,"ycoord":23.176083694443999,"xcoord":89.417513694443997,"bms_inventory":"http://bms.rhd.gov.bd:8088/bms/bridges/inventory_view/108115","bms_detail":"http://bms.rhd.gov.bd:8088/bms/bridges/detail_view/108115","f_class_name":"PC Girder Bridge","keys":"[bridge_name, Bridge Name], [bridge_type,Type], [chainage_(km), Chainage (km)], [road_no, On Road], [division, Division], [subdivision, Subdivision], [bridge_length_(m), Length (m)], [bridge_width_(m), Width (m)],[map_link(=>{type:link, format:weblink}, Google Map,newtab=>),Google Map View],[bms_inventory(=>{type:link, format:weblink}, BMS Link,newtab=>), BMS Inventory],[bms_detail(=>{type:link, format:weblink},BMS Link,newtab=>), BMS Detailed View]","f_class_color":"#6ebed6"},"geometry":{"type":"Point","coordinates":[89.417513694443997,23.176083694443999]}},
{"type":"Feature","properties":{"id":108119,"sl":4012,"map_link":"https://maps.google.com/?q=23.06947138888900000,89.27935277777800000&amp;z=8&amp;t=k","image_popup":"8088/bms/assets/uploads/images/prudential_images/bridges/bridge_8119/1710910829.jpg","bridge_name":"Dakuria RCC Girder Bridge","bridge_type":"RC Girder Bridge","road_no":"Z7058","zone":"Khulna","circle":"Jessore","division":"Jessore","subdivision":"Jashore -2","sae":"SO-Jashore Sub Division-2-1","bridge_length_(m)":20.0,"bridge_width_(m)":6.9,"chainage_(km)":6.72,"ycoord":23.069471388888999,"xcoord":89.279352777778001,"bms_inventory":"http://bms.rhd.gov.bd:8088/bms/bridges/inventory_view/108119","bms_detail":"http://bms.rhd.gov.bd:8088/bms/bridges/detail_view/108119","f_class_name":"RC Girder Bridge","keys":"[bridge_name, Bridge Name], [bridge_type,Type], [chainage_(km), Chainage (km)], [road_no, On Road], [division, Division], [subdivision, Subdivision], [bridge_length_(m), Length (m)], [bridge_width_(m), Width (m)],[map_link(=>{type:link, format:weblink}, Google Map,newtab=>),Google Map View],[bms_inventory(=>{type:link, format:weblink}, BMS Link,newtab=>), BMS Inventory],[bms_detail(=>{type:link, format:weblink},BMS Link,newtab=>), BMS Detailed View]","f_class_color":"#e8f674"},"geometry":{"type":"Point","coordinates":[89.279352777778001,23.069471388888999]}},
{"type":"Feature","properties":{"id":108123,"sl":3846,"map_link":"https://maps.google.com/?q=23.24169208333300000,89.16666677777800000&amp;z=8&amp;t=k","image_popup":"8088/bms/assets/uploads/images/prudential_images/bridges/bridge_8123/1710911966.jpg","bridge_name":"Churamonkati PC Girder Bridge","bridge_type":"PC Girder Bridge","road_no":"N7","zone":"Khulna","circle":"Jessore","division":"Jessore","subdivision":"Jashore -2","sae":"SO-Jashore Sub Division-2-1","bridge_length_(m)":40.0,"bridge_width_(m)":10.5,"chainage_(km)":139.419,"ycoord":23.241692083333,"xcoord":89.166666777778005,"bms_inventory":"http://bms.rhd.gov.bd:8088/bms/bridges/inventory_view/108123","bms_detail":"http://bms.rhd.gov.bd:8088/bms/bridges/detail_view/108123","f_class_name":"PC Girder Bridge","keys":"[bridge_name, Bridge Name], [bridge_type,Type], [chainage_(km), Chainage (km)], [road_no, On Road], [division, Division], [subdivision, Subdivision], [bridge_length_(m), Length (m)], [bridge_width_(m), Width (m)],[map_link(=>{type:link, format:weblink}, Google Map,newtab=>),Google Map View],[bms_inventory(=>{type:link, format:weblink}, BMS Link,newtab=>), BMS Inventory],[bms_detail(=>{type:link, format:weblink},BMS Link,newtab=>), BMS Detailed View]","f_class_color":"#6ebed6"},"geometry":{"type":"Point","coordinates":[89.166666777778005,23.241692083333]}},
{"type":"Feature","properties":{"id":108162,"sl":2302,"map_link":"https://maps.google.com/?q=23.09340888888900000,89.25086038888900000&amp;z=8&amp;t=k","image_popup":"8088/bms/assets/uploads/images/prudential_images/bridges/bridge_8162/1710993506.jpg","bridge_name":"Bolianpur RCC Girder Bridge","bridge_type":"RC Girder Bridge","road_no":"Z7059","zone":"Khulna","circle":"Jessore","division":"Jessore","subdivision":"Jashore -2","sae":"SO-Jashore Sub Division-2-1","bridge_length_(m)":30.7,"bridge_width_(m)":4.9,"chainage_(km)":0.021,"ycoord":23.093408888889002,"xcoord":89.250860388888995,"bms_inventory":"http://bms.rhd.gov.bd:8088/bms/bridges/inventory_view/108162","bms_detail":"http://bms.rhd.gov.bd:8088/bms/bridges/detail_view/108162","f_class_name":"RC Girder Bridge","keys":"[bridge_name, Bridge Name], [bridge_type,Type], [chainage_(km), Chainage (km)], [road_no, On Road], [division, Division], [subdivision, Subdivision], [bridge_length_(m), Length (m)], [bridge_width_(m), Width (m)],[map_link(=>{type:link, format:weblink}, Google Map,newtab=>),Google Map View],[bms_inventory(=>{type:link, format:weblink}, BMS Link,newtab=>), BMS Inventory],[bms_detail(=>{type:link, format:weblink},BMS Link,newtab=>), BMS Detailed View]","f_class_color":"#e8f674"},"geometry":{"type":"Point","coordinates":[89.250860388888995,23.093408888889002]}},
{"type":"Feature","properties":{"id":108164,"sl":11754,"map_link":"https://maps.google.com/?q=22.93111069444400000,89.12406500000000000&amp;z=8&amp;t=k","image_popup":"8088/bms/assets/uploads/images/prudential_images/bridges/bridge_8164/1710994999.jpg","bridge_name":"Parkhajura RCC Girder Bridge","bridge_type":"RC Girder Bridge","road_no":"Z7619","zone":"Khulna","circle":"Jessore","division":"Jessore","subdivision":"Jashore -1","sae":"SO-Jashore Sub Division-1-2","bridge_length_(m)":19.0,"bridge_width_(m)":10.4,"chainage_(km)":19.856,"ycoord":22.931110694444001,"xcoord":89.124065,"bms_inventory":"http://bms.rhd.gov.bd:8088/bms/bridges/inventory_view/108164","bms_detail":"http://bms.rhd.gov.bd:8088/bms/bridges/detail_view/108164","f_class_name":"RC Girder Bridge","keys":"[bridge_name, Bridge Name], [bridge_type,Type], [chainage_(km), Chainage (km)], [road_no, On Road], [division, Division], [subdivision, Subdivision], [bridge_length_(m), Length (m)], [bridge_width_(m), Width (m)],[map_link(=>{type:link, format:weblink}, Google Map,newtab=>),Google Map View],[bms_inventory(=>{type:link, format:weblink}, BMS Link,newtab=>), BMS Inventory],[bms_detail(=>{type:link, format:weblink},BMS Link,newtab=>), BMS Detailed View]","f_class_color":"#e8f674"},"geometry":{"type":"Point","coordinates":[89.124065,22.931110694444001]}},
{"type":"Feature","properties":{"id":108185,"sl":14117,"map_link":"https://maps.google.com/?q=23.16379958333300000,89.46781050000000000&amp;z=8&amp;t=k","image_popup":"8088/bms/assets/uploads/images/prudential_images/bridges/bridge_8185/1711007991.jpg","bridge_name":"Sitarampur RCC Girder Bridge","bridge_type":"RC Girder Bridge","road_no":"N806","zone":"Khulna","circle":"Jessore","division":"Narail","subdivision":"Narail","sae":"SO-Narail-1","bridge_length_(m)":47.7,"bridge_width_(m)":10.1,"chainage_(km)":28.239,"ycoord":23.163799583332999,"xcoord":89.4678105,"bms_inventory":"http://bms.rhd.gov.bd:8088/bms/bridges/inventory_view/108185","bms_detail":"http://bms.rhd.gov.bd:8088/bms/bridges/detail_view/108185","f_class_name":"RC Girder Bridge","keys":"[bridge_name, Bridge Name], [bridge_type,Type], [chainage_(km), Chainage (km)], [road_no, On Road], [division, Division], [subdivision, Subdivision], [bridge_length_(m), Length (m)], [bridge_width_(m), Width (m)],[map_link(=>{type:link, format:weblink}, Google Map,newtab=>),Google Map View],[bms_inventory(=>{type:link, format:weblink}, BMS Link,newtab=>), BMS Inventory],[bms_detail(=>{type:link, format:weblink},BMS Link,newtab=>), BMS Detailed View]","f_class_color":"#e8f674"},"geometry":{"type":"Point","coordinates":[89.4678105,23.163799583332999]}},
{"type":"Feature","properties":{"id":108221,"sl":10968,"map_link":"https://maps.google.com/?q=23.15982008333300000,89.22916769444400000&amp;z=8&amp;t=k","image_popup":"8088/bms/assets/uploads/images/prudential_images/bridges/bridge_8221/1711172017.jpg","bridge_name":"Nilganj RCC Girder Bridge","bridge_type":"RC Girder Bridge","road_no":"N806","zone":"Khulna","circle":"Jessore","division":"Jessore","subdivision":"Jashore -2","sae":"SO-Jashore Sub Division-2-3","bridge_length_(m)":20.0,"bridge_width_(m)":11.8,"chainage_(km)":54.442,"ycoord":23.159820083332999,"xcoord":89.229167694444001,"bms_inventory":"http://bms.rhd.gov.bd:8088/bms/bridges/inventory_view/108221","bms_detail":"http://bms.rhd.gov.bd:8088/bms/bridges/detail_view/108221","f_class_name":"RC Girder Bridge","keys":"[bridge_name, Bridge Name], [bridge_type,Type], [chainage_(km), Chainage (km)], [road_no, On Road], [division, Division], [subdivision, Subdivision], [bridge_length_(m), Length (m)], [bridge_width_(m), Width (m)],[map_link(=>{type:link, format:weblink}, Google Map,newtab=>),Google Map View],[bms_inventory(=>{type:link, format:weblink}, BMS Link,newtab=>), BMS Inventory],[bms_detail(=>{type:link, format:weblink},BMS Link,newtab=>), BMS Detailed View]","f_class_color":"#e8f674"},"geometry":{"type":"Point","coordinates":[89.229167694444001,23.159820083332999]}},
{"type":"Feature","properties":{"id":108233,"sl":5818,"map_link":"https://maps.google.com/?q=22.88528469444400000,89.18051569444400000&amp;z=8&amp;t=k","image_popup":"8088/bms/assets/uploads/images/prudential_images/bridges/bridge_8233/1711180234.jpg","bridge_name":"Gorai PC Girder Bridge","bridge_type":"PC Girder Bridge","road_no":"R710","zone":"Khulna","circle":"Kushtia","division":"Kushtia","subdivision":"Kushtia","sae":"SO-Kushtia-1","bridge_length_(m)":506.0,"bridge_width_(m)":10.1,"chainage_(km)":65.63,"ycoord":22.885284694444,"xcoord":89.180515694443997,"bms_inventory":"http://bms.rhd.gov.bd:8088/bms/bridges/inventory_view/108233","bms_detail":"http://bms.rhd.gov.bd:8088/bms/bridges/detail_view/108233","f_class_name":"PC Girder Bridge","keys":"[bridge_name, Bridge Name], [bridge_type,Type], [chainage_(km), Chainage (km)], [road_no, On Road], [division, Division], [subdivision, Subdivision], [bridge_length_(m), Length (m)], [bridge_width_(m), Width (m)],[map_link(=>{type:link, format:weblink}, Google Map,newtab=>),Google Map View],[bms_inventory(=>{type:link, format:weblink}, BMS Link,newtab=>), BMS Inventory],[bms_detail(=>{type:link, format:weblink},BMS Link,newtab=>), BMS Detailed View]","f_class_color":"#6ebed6"},"geometry":{"type":"Point","coordinates":[89.180515694443997,22.885284694444]}},
{"type":"Feature","properties":{"id":108234,"sl":8077,"map_link":"https://maps.google.com/?q=23.28325038888900000,89.25384769444400000&amp;z=8&amp;t=k","image_popup":"8088/bms/assets/uploads/images/prudential_images/bridges/bridge_8234/1711180402.jpg","bridge_name":"Khajura PC Girder Bridge","bridge_type":"PC Girder Bridge","road_no":"Z7057","zone":"Khulna","circle":"Jessore","division":"Jessore","subdivision":"Jashore -2","sae":"SO-Jashore Sub Division-2-2","bridge_length_(m)":81.5,"bridge_width_(m)":10.3,"chainage_(km)":19.918,"ycoord":23.283250388889002,"xcoord":89.253847694444005,"bms_inventory":"http://bms.rhd.gov.bd:8088/bms/bridges/inventory_view/108234","bms_detail":"http://bms.rhd.gov.bd:8088/bms/bridges/detail_view/108234","f_class_name":"PC Girder Bridge","keys":"[bridge_name, Bridge Name], [bridge_type,Type], [chainage_(km), Chainage (km)], [road_no, On Road], [division, Division], [subdivision, Subdivision], [bridge_length_(m), Length (m)], [bridge_width_(m), Width (m)],[map_link(=>{type:link, format:weblink}, Google Map,newtab=>),Google Map View],[bms_inventory(=>{type:link, format:weblink}, BMS Link,newtab=>), BMS Inventory],[bms_detail(=>{type:link, format:weblink},BMS Link,newtab=>), BMS Detailed View]","f_class_color":"#6ebed6"},"geometry":{"type":"Point","coordinates":[89.253847694444005,23.283250388889002]}},
{"type":"Feature","properties":{"id":108235,"sl":4705,"map_link":"https://maps.google.com/?q=22.64417469444400000,89.80150177777800000&amp;z=8&amp;t=k","image_popup":"8088/bms/assets/uploads/images/prudential_images/bridges/bridge_8235/1711181460.jpg","bridge_name":"Doratana PC Girder Bridge","bridge_type":"PC Girder Bridge","road_no":"R770","zone":"Khulna","circle":"Khulna","division":"Bagerhat","subdivision":"Bagerhat -1","sae":"Daratana","bridge_length_(m)":633.6,"bridge_width_(m)":10.1,"chainage_(km)":19.04,"ycoord":22.644174694444001,"xcoord":89.801501777778,"bms_inventory":"http://bms.rhd.gov.bd:8088/bms/bridges/inventory_view/108235","bms_detail":"http://bms.rhd.gov.bd:8088/bms/bridges/detail_view/108235","f_class_name":"PC Girder Bridge","keys":"[bridge_name, Bridge Name], [bridge_type,Type], [chainage_(km), Chainage (km)], [road_no, On Road], [division, Division], [subdivision, Subdivision], [bridge_length_(m), Length (m)], [bridge_width_(m), Width (m)],[map_link(=>{type:link, format:weblink}, Google Map,newtab=>),Google Map View],[bms_inventory(=>{type:link, format:weblink}, BMS Link,newtab=>), BMS Inventory],[bms_detail(=>{type:link, format:weblink},BMS Link,newtab=>), BMS Detailed View]","f_class_color":"#6ebed6"},"geometry":{"type":"Point","coordinates":[89.801501777778,22.644174694444001]}},
{"type":"Feature","properties":{"id":108241,"sl":7930,"map_link":"https://maps.google.com/?q=22.59153877777800000,89.84876869444400000&amp;z=8&amp;t=k","image_popup":"8088/bms/assets/uploads/images/prudential_images/bridges/bridge_8241/1711183749.jpg","bridge_name":"Kathaltola PC Girder Bridge (BG)","bridge_type":"PC Girder Bridge","road_no":"R773","zone":"Khulna","circle":"Khulna","division":"Bagerhat","subdivision":"Bagerhat -1","sae":"Morelgonj","bridge_length_(m)":31.2,"bridge_width_(m)":10.4,"chainage_(km)":1.671,"ycoord":22.591538777777998,"xcoord":89.848768694444004,"bms_inventory":"http://bms.rhd.gov.bd:8088/bms/bridges/inventory_view/108241","bms_detail":"http://bms.rhd.gov.bd:8088/bms/bridges/detail_view/108241","f_class_name":"PC Girder Bridge","keys":"[bridge_name, Bridge Name], [bridge_type,Type], [chainage_(km), Chainage (km)], [road_no, On Road], [division, Division], [subdivision, Subdivision], [bridge_length_(m), Length (m)], [bridge_width_(m), Width (m)],[map_link(=>{type:link, format:weblink}, Google Map,newtab=>),Google Map View],[bms_inventory(=>{type:link, format:weblink}, BMS Link,newtab=>), BMS Inventory],[bms_detail(=>{type:link, format:weblink},BMS Link,newtab=>), BMS Detailed View]","f_class_color":"#6ebed6"},"geometry":{"type":"Point","coordinates":[89.848768694444004,22.591538777777998]}},
{"type":"Feature","properties":{"id":108244,"sl":12030,"map_link":"https://maps.google.com/?q=22.39205958333300000,89.81389488888900000&amp;z=8&amp;t=k","image_popup":"8088/bms/assets/uploads/images/prudential_images/bridges/bridge_8244/1711186297.jpg","bridge_name":"Pollimongol Bazar RCC Girder Bridge","bridge_type":"RC Girder Bridge","road_no":"R773","zone":"Khulna","circle":"Khulna","division":"Bagerhat","subdivision":"Bagerhat -1","sae":"Morelgonj","bridge_length_(m)":21.8,"bridge_width_(m)":10.3,"chainage_(km)":26.818,"ycoord":22.392059583333001,"xcoord":89.813894888888996,"bms_inventory":"http://bms.rhd.gov.bd:8088/bms/bridges/inventory_view/108244","bms_detail":"http://bms.rhd.gov.bd:8088/bms/bridges/detail_view/108244","f_class_name":"RC Girder Bridge","keys":"[bridge_name, Bridge Name], [bridge_type,Type], [chainage_(km), Chainage (km)], [road_no, On Road], [division, Division], [subdivision, Subdivision], [bridge_length_(m), Length (m)], [bridge_width_(m), Width (m)],[map_link(=>{type:link, format:weblink}, Google Map,newtab=>),Google Map View],[bms_inventory(=>{type:link, format:weblink}, BMS Link,newtab=>), BMS Inventory],[bms_detail(=>{type:link, format:weblink},BMS Link,newtab=>), BMS Detailed View]","f_class_color":"#e8f674"},"geometry":{"type":"Point","coordinates":[89.813894888888996,22.392059583333001]}},
{"type":"Feature","properties":{"id":108245,"sl":11842,"map_link":"https://maps.google.com/?q=22.76598350000000000,89.16898358333300000&amp;z=8&amp;t=k","image_popup":"8088/bms/assets/uploads/images/prudential_images/bridges/bridge_8245/1711256541.jpg","bridge_name":"Patkelghata RCC Girder Bridge","bridge_type":"RC Girder Bridge","road_no":"R760","zone":"Khulna","circle":"Khulna","division":"Satkhira","subdivision":"Satkhira -1","sae":"SO-Satkhira Sub Division-1-3","bridge_length_(m)":182.0,"bridge_width_(m)":9.1,"chainage_(km)":46.04,"ycoord":22.7659835,"xcoord":89.168983583333002,"bms_inventory":"http://bms.rhd.gov.bd:8088/bms/bridges/inventory_view/108245","bms_detail":"http://bms.rhd.gov.bd:8088/bms/bridges/detail_view/108245","f_class_name":"RC Girder Bridge","keys":"[bridge_name, Bridge Name], [bridge_type,Type], [chainage_(km), Chainage (km)], [road_no, On Road], [division, Division], [subdivision, Subdivision], [bridge_length_(m), Length (m)], [bridge_width_(m), Width (m)],[map_link(=>{type:link, format:weblink}, Google Map,newtab=>),Google Map View],[bms_inventory(=>{type:link, format:weblink}, BMS Link,newtab=>), BMS Inventory],[bms_detail(=>{type:link, format:weblink},BMS Link,newtab=>), BMS Detailed View]","f_class_color":"#e8f674"},"geometry":{"type":"Point","coordinates":[89.168983583333002,22.7659835]}},
{"type":"Feature","properties":{"id":108268,"sl":6931,"map_link":"https://maps.google.com/?q=23.09994700000000000,89.09839200000000000&amp;z=8&amp;t=k","image_popup":"8088/bms/assets/uploads/images/prudential_images/bridges/bridge_8268/1711341800.jpg","bridge_name":"Jhikargacha PC Girder Bridge","bridge_type":"PC Girder Bridge","road_no":"N706","zone":"Khulna","circle":"Jessore","division":"Jessore","subdivision":"Jashore -1","sae":"SO-Jashore Sub Division-1-2","bridge_length_(m)":120.0,"bridge_width_(m)":15.1,"chainage_(km)":14.4,"ycoord":23.099947,"xcoord":89.098392,"bms_inventory":"http://bms.rhd.gov.bd:8088/bms/bridges/inventory_view/108268","bms_detail":"http://bms.rhd.gov.bd:8088/bms/bridges/detail_view/108268","f_class_name":"PC Girder Bridge","keys":"[bridge_name, Bridge Name], [bridge_type,Type], [chainage_(km), Chainage (km)], [road_no, On Road], [division, Division], [subdivision, Subdivision], [bridge_length_(m), Length (m)], [bridge_width_(m), Width (m)],[map_link(=>{type:link, format:weblink}, Google Map,newtab=>),Google Map View],[bms_inventory(=>{type:link, format:weblink}, BMS Link,newtab=>), BMS Inventory],[bms_detail(=>{type:link, format:weblink},BMS Link,newtab=>), BMS Detailed View]","f_class_color":"#6ebed6"},"geometry":{"type":"Point","coordinates":[89.098392,23.099947]}},
{"type":"Feature","properties":{"id":108297,"sl":1140,"map_link":"https://maps.google.com/?q=23.18769100000000000,89.45066719444400000&amp;z=8&amp;t=k","image_popup":"8088/bms/assets/uploads/images/prudential_images/bridges/bridge_8297/1711355436.jpg","bridge_name":"Bakshadanga RCC Girder Bridge","bridge_type":"RC Girder Bridge","road_no":"Z7504","zone":"Khulna","circle":"Jessore","division":"Narail","subdivision":"Narail","sae":"SO-Narail-1","bridge_length_(m)":9.7,"bridge_width_(m)":4.5,"chainage_(km)":3.213,"ycoord":23.187691,"xcoord":89.450667194443994,"bms_inventory":"http://bms.rhd.gov.bd:8088/bms/bridges/inventory_view/108297","bms_detail":"http://bms.rhd.gov.bd:8088/bms/bridges/detail_view/108297","f_class_name":"RC Girder Bridge","keys":"[bridge_name, Bridge Name], [bridge_type,Type], [chainage_(km), Chainage (km)], [road_no, On Road], [division, Division], [subdivision, Subdivision], [bridge_length_(m), Length (m)], [bridge_width_(m), Width (m)],[map_link(=>{type:link, format:weblink}, Google Map,newtab=>),Google Map View],[bms_inventory(=>{type:link, format:weblink}, BMS Link,newtab=>), BMS Inventory],[bms_detail(=>{type:link, format:weblink},BMS Link,newtab=>), BMS Detailed View]","f_class_color":"#e8f674"},"geometry":{"type":"Point","coordinates":[89.450667194443994,23.187691]}},
{"type":"Feature","properties":{"id":108327,"sl":1457,"map_link":"https://maps.google.com/?q=23.22420038888900000,89.56796319444400000&amp;z=8&amp;t=k","image_popup":"8088/bms/assets/uploads/images/prudential_images/bridges/bridge_8327/1711519383.jpg","bridge_name":"Barivanga RCC Girder Bridge","bridge_type":"RC Girder Bridge","road_no":"Z7506","zone":"Khulna","circle":"Jessore","division":"Narail","subdivision":"Narail","sae":"SO-Narail-2","bridge_length_(m)":23.4,"bridge_width_(m)":4.5,"chainage_(km)":12.06,"ycoord":23.224200388888999,"xcoord":89.567963194444005,"bms_inventory":"http://bms.rhd.gov.bd:8088/bms/bridges/inventory_view/108327","bms_detail":"http://bms.rhd.gov.bd:8088/bms/bridges/detail_view/108327","f_class_name":"RC Girder Bridge","keys":"[bridge_name, Bridge Name], [bridge_type,Type], [chainage_(km), Chainage (km)], [road_no, On Road], [division, Division], [subdivision, Subdivision], [bridge_length_(m), Length (m)], [bridge_width_(m), Width (m)],[map_link(=>{type:link, format:weblink}, Google Map,newtab=>),Google Map View],[bms_inventory(=>{type:link, format:weblink}, BMS Link,newtab=>), BMS Inventory],[bms_detail(=>{type:link, format:weblink},BMS Link,newtab=>), BMS Detailed View]","f_class_color":"#e8f674"},"geometry":{"type":"Point","coordinates":[89.567963194444005,23.224200388888999]}},
{"type":"Feature","properties":{"id":108345,"sl":12956,"map_link":"https://maps.google.com/?q=23.15647177777800000,89.50854388888900000&amp;z=8&amp;t=k","image_popup":"8088/bms/assets/uploads/images/prudential_images/bridges/bridge_8345/1711528382.jpg","bridge_name":"S.M Sultan PC Girder Bridge","bridge_type":"PC Girder Bridge","road_no":"Z7505","zone":"Khulna","circle":"Jessore","division":"Narail","subdivision":"Narail","sae":"SO-Narail-1","bridge_length_(m)":124.0,"bridge_width_(m)":10.0,"chainage_(km)":2.692,"ycoord":23.156471777777998,"xcoord":89.508543888888994,"bms_inventory":"http://bms.rhd.gov.bd:8088/bms/bridges/inventory_view/108345","bms_detail":"http://bms.rhd.gov.bd:8088/bms/bridges/detail_view/108345","f_class_name":"PC Girder Bridge","keys":"[bridge_name, Bridge Name], [bridge_type,Type], [chainage_(km), Chainage (km)], [road_no, On Road], [division, Division], [subdivision, Subdivision], [bridge_length_(m), Length (m)], [bridge_width_(m), Width (m)],[map_link(=>{type:link, format:weblink}, Google Map,newtab=>),Google Map View],[bms_inventory(=>{type:link, format:weblink}, BMS Link,newtab=>), BMS Inventory],[bms_detail(=>{type:link, format:weblink},BMS Link,newtab=>), BMS Detailed View]","f_class_color":"#6ebed6"},"geometry":{"type":"Point","coordinates":[89.508543888888994,23.156471777777998]}},
{"type":"Feature","properties":{"id":108355,"sl":15262,"map_link":"https://maps.google.com/?q=23.16648350000000000,89.44243450000000000&amp;z=8&amp;t=k","image_popup":"8088/bms/assets/uploads/images/prudential_images/bridges/bridge_8355/1711531309.jpg","bridge_name":"Tularampur PC Girder Bridge 1","bridge_type":"PC Girder Bridge","road_no":"N806","zone":"Khulna","circle":"Jessore","division":"Narail","subdivision":"Narail","sae":"SO-Narail-1","bridge_length_(m)":107.0,"bridge_width_(m)":15.2,"chainage_(km)":30.889,"ycoord":23.1664835,"xcoord":89.4424345,"bms_inventory":"http://bms.rhd.gov.bd:8088/bms/bridges/inventory_view/108355","bms_detail":"http://bms.rhd.gov.bd:8088/bms/bridges/detail_view/108355","f_class_name":"PC Girder Bridge","keys":"[bridge_name, Bridge Name], [bridge_type,Type], [chainage_(km), Chainage (km)], [road_no, On Road], [division, Division], [subdivision, Subdivision], [bridge_length_(m), Length (m)], [bridge_width_(m), Width (m)],[map_link(=>{type:link, format:weblink}, Google Map,newtab=>),Google Map View],[bms_inventory(=>{type:link, format:weblink}, BMS Link,newtab=>), BMS Inventory],[bms_detail(=>{type:link, format:weblink},BMS Link,newtab=>), BMS Detailed View]","f_class_color":"#6ebed6"},"geometry":{"type":"Point","coordinates":[89.4424345,23.1664835]}},
{"type":"Feature","properties":{"id":108357,"sl":15263,"map_link":"https://maps.google.com/?q=23.16662719444400000,89.44233788888900000&amp;z=8&amp;t=k","image_popup":"8088/bms/assets/uploads/images/prudential_images/bridges/bridge_8357/1711531986.jpg","bridge_name":"Tularampur PC Girder Bridge 2","bridge_type":"PC Girder Bridge","road_no":"N806","zone":"Khulna","circle":"Jessore","division":"Narail","subdivision":"Narail","sae":"SO-Narail-1","bridge_length_(m)":107.0,"bridge_width_(m)":15.2,"chainage_(km)":30.889,"ycoord":23.166627194444001,"xcoord":89.442337888889,"bms_inventory":"http://bms.rhd.gov.bd:8088/bms/bridges/inventory_view/108357","bms_detail":"http://bms.rhd.gov.bd:8088/bms/bridges/detail_view/108357","f_class_name":"PC Girder Bridge","keys":"[bridge_name, Bridge Name], [bridge_type,Type], [chainage_(km), Chainage (km)], [road_no, On Road], [division, Division], [subdivision, Subdivision], [bridge_length_(m), Length (m)], [bridge_width_(m), Width (m)],[map_link(=>{type:link, format:weblink}, Google Map,newtab=>),Google Map View],[bms_inventory(=>{type:link, format:weblink}, BMS Link,newtab=>), BMS Inventory],[bms_detail(=>{type:link, format:weblink},BMS Link,newtab=>), BMS Detailed View]","f_class_color":"#6ebed6"},"geometry":{"type":"Point","coordinates":[89.442337888889,23.166627194444001]}},
{"type":"Feature","properties":{"id":108394,"sl":5638,"map_link":"https://maps.google.com/?q=23.10793688888900000,89.49504127777800000&amp;z=8&amp;t=k","image_popup":"8088/bms/assets/uploads/images/prudential_images/bridges/bridge_8394/1711605694.jpg","bridge_name":"Gobra PC Girder Bridge","bridge_type":"PC Girder Bridge","road_no":"Z7030","zone":"Khulna","circle":"Jessore","division":"Narail","subdivision":"Narail","sae":"SO-Narail-1","bridge_length_(m)":40.0,"bridge_width_(m)":10.1,"chainage_(km)":7.772,"ycoord":23.107936888889,"xcoord":89.495041277778,"bms_inventory":"http://bms.rhd.gov.bd:8088/bms/bridges/inventory_view/108394","bms_detail":"http://bms.rhd.gov.bd:8088/bms/bridges/detail_view/108394","f_class_name":"PC Girder Bridge","keys":"[bridge_name, Bridge Name], [bridge_type,Type], [chainage_(km), Chainage (km)], [road_no, On Road], [division, Division], [subdivision, Subdivision], [bridge_length_(m), Length (m)], [bridge_width_(m), Width (m)],[map_link(=>{type:link, format:weblink}, Google Map,newtab=>),Google Map View],[bms_inventory(=>{type:link, format:weblink}, BMS Link,newtab=>), BMS Inventory],[bms_detail(=>{type:link, format:weblink},BMS Link,newtab=>), BMS Detailed View]","f_class_color":"#6ebed6"},"geometry":{"type":"Point","coordinates":[89.495041277778,23.107936888889]}},
{"type":"Feature","properties":{"id":108397,"sl":9194,"map_link":"https://maps.google.com/?q=23.18307269444400000,89.65313169444400000&amp;z=8&amp;t=k","image_popup":"8088/bms/assets/uploads/images/prudential_images/bridges/bridge_8397/1711610445.jpg","bridge_name":"Lohagara PC Girder Bridge","bridge_type":"PC Girder Bridge","road_no":"N806","zone":"Khulna","circle":"Jessore","division":"Narail","subdivision":"Narail","sae":"SO-Narail-2","bridge_length_(m)":112.0,"bridge_width_(m)":9.3,"chainage_(km)":7.752,"ycoord":23.183072694444,"xcoord":89.653131694443999,"bms_inventory":"http://bms.rhd.gov.bd:8088/bms/bridges/inventory_view/108397","bms_detail":"http://bms.rhd.gov.bd:8088/bms/bridges/detail_view/108397","f_class_name":"PC Girder Bridge","keys":"[bridge_name, Bridge Name], [bridge_type,Type], [chainage_(km), Chainage (km)], [road_no, On Road], [division, Division], [subdivision, Subdivision], [bridge_length_(m), Length (m)], [bridge_width_(m), Width (m)],[map_link(=>{type:link, format:weblink}, Google Map,newtab=>),Google Map View],[bms_inventory(=>{type:link, format:weblink}, BMS Link,newtab=>), BMS Inventory],[bms_detail(=>{type:link, format:weblink},BMS Link,newtab=>), BMS Detailed View]","f_class_color":"#6ebed6"},"geometry":{"type":"Point","coordinates":[89.653131694443999,23.183072694444]}},
{"type":"Feature","properties":{"id":108407,"sl":5271,"map_link":"https://maps.google.com/?q=22.68297308333300000,89.72250369444400000&amp;z=8&amp;t=k","image_popup":"8088/bms/assets/uploads/images/prudential_images/bridges/bridge_8407/1711613108.jpg","bridge_name":"Fulbari PC Girder Bridge","bridge_type":"PC Girder Bridge","road_no":"R770","zone":"Khulna","circle":"Khulna","division":"Bagerhat","subdivision":"Bagerhat -2","sae":"Bagerhat (2)","bridge_length_(m)":31.8,"bridge_width_(m)":10.4,"chainage_(km)":9.765,"ycoord":22.682973083333,"xcoord":89.722503694444001,"bms_inventory":"http://bms.rhd.gov.bd:8088/bms/bridges/inventory_view/108407","bms_detail":"http://bms.rhd.gov.bd:8088/bms/bridges/detail_view/108407","f_class_name":"PC Girder Bridge","keys":"[bridge_name, Bridge Name], [bridge_type,Type], [chainage_(km), Chainage (km)], [road_no, On Road], [division, Division], [subdivision, Subdivision], [bridge_length_(m), Length (m)], [bridge_width_(m), Width (m)],[map_link(=>{type:link, format:weblink}, Google Map,newtab=>),Google Map View],[bms_inventory(=>{type:link, format:weblink}, BMS Link,newtab=>), BMS Inventory],[bms_detail(=>{type:link, format:weblink},BMS Link,newtab=>), BMS Detailed View]","f_class_color":"#6ebed6"},"geometry":{"type":"Point","coordinates":[89.722503694444001,22.682973083333]}},
{"type":"Feature","properties":{"id":108416,"sl":12889,"map_link":"https://maps.google.com/?q=22.71225400000000000,90.68224838888900000&amp;z=8&amp;t=k","image_popup":"8088/bms/assets/uploads/images/prudential_images/bridges/bridge_8416/1711615673.jpg","bridge_name":"Rosulpur RCC Girder Bridge","bridge_type":"RC Girder Bridge","road_no":"R770","zone":"Khulna","circle":"Khulna","division":"Bagerhat","subdivision":"Bagerhat -2","sae":"Bagerhat (2)","bridge_length_(m)":13.1,"bridge_width_(m)":8.4,"chainage_(km)":4.404,"ycoord":22.712254,"xcoord":90.682248388888993,"bms_inventory":"http://bms.rhd.gov.bd:8088/bms/bridges/inventory_view/108416","bms_detail":"http://bms.rhd.gov.bd:8088/bms/bridges/detail_view/108416","f_class_name":"RC Girder Bridge","keys":"[bridge_name, Bridge Name], [bridge_type,Type], [chainage_(km), Chainage (km)], [road_no, On Road], [division, Division], [subdivision, Subdivision], [bridge_length_(m), Length (m)], [bridge_width_(m), Width (m)],[map_link(=>{type:link, format:weblink}, Google Map,newtab=>),Google Map View],[bms_inventory(=>{type:link, format:weblink}, BMS Link,newtab=>), BMS Inventory],[bms_detail(=>{type:link, format:weblink},BMS Link,newtab=>), BMS Detailed View]","f_class_color":"#e8f674"},"geometry":{"type":"Point","coordinates":[90.682248388888993,22.712254]}},
{"type":"Feature","properties":{"id":108430,"sl":1320,"map_link":"https://maps.google.com/?q=23.08615950000000000,89.55864377777800000&amp;z=8&amp;t=k","image_popup":"8088/bms/assets/uploads/images/prudential_images/bridges/bridge_8430/1711943966.jpg","bridge_name":"Bangram RCC Girder Bridge","bridge_type":"RC Girder Bridge","road_no":"Z7502","zone":"Khulna","circle":"Jessore","division":"Narail","subdivision":"Narail","sae":"SO-Narail-3","bridge_length_(m)":22.0,"bridge_width_(m)":10.3,"chainage_(km)":12.953,"ycoord":23.0861595,"xcoord":89.558643777778002,"bms_inventory":"http://bms.rhd.gov.bd:8088/bms/bridges/inventory_view/108430","bms_detail":"http://bms.rhd.gov.bd:8088/bms/bridges/detail_view/108430","f_class_name":"RC Girder Bridge","keys":"[bridge_name, Bridge Name], [bridge_type,Type], [chainage_(km), Chainage (km)], [road_no, On Road], [division, Division], [subdivision, Subdivision], [bridge_length_(m), Length (m)], [bridge_width_(m), Width (m)],[map_link(=>{type:link, format:weblink}, Google Map,newtab=>),Google Map View],[bms_inventory(=>{type:link, format:weblink}, BMS Link,newtab=>), BMS Inventory],[bms_detail(=>{type:link, format:weblink},BMS Link,newtab=>), BMS Detailed View]","f_class_color":"#e8f674"},"geometry":{"type":"Point","coordinates":[89.558643777778002,23.0861595]}},
{"type":"Feature","properties":{"id":108441,"sl":3046,"map_link":"https://maps.google.com/?q=23.06275200000000000,89.57452819444400000&amp;z=8&amp;t=k","image_popup":"8088/bms/assets/uploads/images/prudential_images/bridges/bridge_8441/1711946915.jpg","bridge_name":"Chanchuri PC Girder Bridge","bridge_type":"PC Girder Bridge","road_no":"Z7502","zone":"Khulna","circle":"Jessore","division":"Narail","subdivision":"Narail","sae":"SO-Narail-3","bridge_length_(m)":49.3,"bridge_width_(m)":10.0,"chainage_(km)":16.73,"ycoord":23.062752,"xcoord":89.574528194443999,"bms_inventory":"http://bms.rhd.gov.bd:8088/bms/bridges/inventory_view/108441","bms_detail":"http://bms.rhd.gov.bd:8088/bms/bridges/detail_view/108441","f_class_name":"PC Girder Bridge","keys":"[bridge_name, Bridge Name], [bridge_type,Type], [chainage_(km), Chainage (km)], [road_no, On Road], [division, Division], [subdivision, Subdivision], [bridge_length_(m), Length (m)], [bridge_width_(m), Width (m)],[map_link(=>{type:link, format:weblink}, Google Map,newtab=>),Google Map View],[bms_inventory(=>{type:link, format:weblink}, BMS Link,newtab=>), BMS Inventory],[bms_detail(=>{type:link, format:weblink},BMS Link,newtab=>), BMS Detailed View]","f_class_color":"#6ebed6"},"geometry":{"type":"Point","coordinates":[89.574528194443999,23.062752]}},
{"type":"Feature","properties":{"id":108477,"sl":3782,"map_link":"https://maps.google.com/?q=23.26447108333300000,89.01752558333300000&amp;z=8&amp;t=k","image_popup":"8088/bms/assets/uploads/images/prudential_images/bridges/bridge_8477/1711958981.jpg","bridge_name":"Chowgacha Bazar PC Girder Bridge","bridge_type":"PC Girder Bridge","road_no":"Z7031","zone":"Khulna","circle":"Jessore","division":"Jessore","subdivision":"Jashore -1","sae":"SO-Jashore Sub Division-1-1","bridge_length_(m)":50.0,"bridge_width_(m)":10.5,"chainage_(km)":16.47,"ycoord":23.264471083333,"xcoord":89.017525583332997,"bms_inventory":"http://bms.rhd.gov.bd:8088/bms/bridges/inventory_view/108477","bms_detail":"http://bms.rhd.gov.bd:8088/bms/bridges/detail_view/108477","f_class_name":"PC Girder Bridge","keys":"[bridge_name, Bridge Name], [bridge_type,Type], [chainage_(km), Chainage (km)], [road_no, On Road], [division, Division], [subdivision, Subdivision], [bridge_length_(m), Length (m)], [bridge_width_(m), Width (m)],[map_link(=>{type:link, format:weblink}, Google Map,newtab=>),Google Map View],[bms_inventory(=>{type:link, format:weblink}, BMS Link,newtab=>), BMS Inventory],[bms_detail(=>{type:link, format:weblink},BMS Link,newtab=>), BMS Detailed View]","f_class_color":"#6ebed6"},"geometry":{"type":"Point","coordinates":[89.017525583332997,23.264471083333]}},
{"type":"Feature","properties":{"id":108496,"sl":6912,"map_link":"https://maps.google.com/?q=22.98189277777800000,89.12150508333300000&amp;z=8&amp;t=k","image_popup":"8088/bms/assets/uploads/images/prudential_images/bridges/bridge_8496/1711965020.jpg","bridge_name":"Jhapa RCC Girder Bridge","bridge_type":"RC Girder Bridge","road_no":"Z7619","zone":"Khulna","circle":"Jessore","division":"Jessore","subdivision":"Jashore -1","sae":"SO-Jashore Sub Division-1-2","bridge_length_(m)":19.5,"bridge_width_(m)":4.1,"chainage_(km)":12.278,"ycoord":22.981892777778,"xcoord":89.121505083333005,"bms_inventory":"http://bms.rhd.gov.bd:8088/bms/bridges/inventory_view/108496","bms_detail":"http://bms.rhd.gov.bd:8088/bms/bridges/detail_view/108496","f_class_name":"RC Girder Bridge","keys":"[bridge_name, Bridge Name], [bridge_type,Type], [chainage_(km), Chainage (km)], [road_no, On Road], [division, Division], [subdivision, Subdivision], [bridge_length_(m), Length (m)], [bridge_width_(m), Width (m)],[map_link(=>{type:link, format:weblink}, Google Map,newtab=>),Google Map View],[bms_inventory(=>{type:link, format:weblink}, BMS Link,newtab=>), BMS Inventory],[bms_detail(=>{type:link, format:weblink},BMS Link,newtab=>), BMS Detailed View]","f_class_color":"#e8f674"},"geometry":{"type":"Point","coordinates":[89.121505083333005,22.981892777778]}},
{"type":"Feature","properties":{"id":108516,"sl":3967,"map_link":"https://maps.google.com/?q=23.16837638888900000,89.27993988888900000&amp;z=8&amp;t=k","image_popup":"8088/bms/assets/uploads/images/prudential_images/bridges/bridge_8516/1712034119.jpg","bridge_name":"Daitala Rcc Girder Bridge","bridge_type":"RC Girder Bridge","road_no":"N806","zone":"Khulna","circle":"Jessore","division":"Jessore","subdivision":"Jashore -2","sae":"SO-Jashore Sub Division-2-3","bridge_length_(m)":41.7,"bridge_width_(m)":7.4,"chainage_(km)":48.891,"ycoord":23.168376388889001,"xcoord":89.279939888889004,"bms_inventory":"http://bms.rhd.gov.bd:8088/bms/bridges/inventory_view/108516","bms_detail":"http://bms.rhd.gov.bd:8088/bms/bridges/detail_view/108516","f_class_name":"RC Girder Bridge","keys":"[bridge_name, Bridge Name], [bridge_type,Type], [chainage_(km), Chainage (km)], [road_no, On Road], [division, Division], [subdivision, Subdivision], [bridge_length_(m), Length (m)], [bridge_width_(m), Width (m)],[map_link(=>{type:link, format:weblink}, Google Map,newtab=>),Google Map View],[bms_inventory(=>{type:link, format:weblink}, BMS Link,newtab=>), BMS Inventory],[bms_detail(=>{type:link, format:weblink},BMS Link,newtab=>), BMS Detailed View]","f_class_color":"#e8f674"},"geometry":{"type":"Point","coordinates":[89.279939888889004,23.168376388889001]}},
{"type":"Feature","properties":{"id":108519,"sl":5535,"map_link":"https://maps.google.com/?q=23.19802550000000000,89.51359777777800000&amp;z=8&amp;t=k","image_popup":"8088/bms/assets/img/no_picture.png","bridge_name":"Ghorakhali PC Girder Bridge","bridge_type":"PC Girder Bridge","road_no":"R720","zone":"Khulna","circle":"Jessore","division":"Narail","subdivision":"Narail","sae":"SO-Narail-2","bridge_length_(m)":39.2,"bridge_width_(m)":10.5,"chainage_(km)":43.64,"ycoord":23.1980255,"xcoord":89.513597777778003,"bms_inventory":"http://bms.rhd.gov.bd:8088/bms/bridges/inventory_view/108519","bms_detail":"http://bms.rhd.gov.bd:8088/bms/bridges/detail_view/108519","f_class_name":"PC Girder Bridge","keys":"[bridge_name, Bridge Name], [bridge_type,Type], [chainage_(km), Chainage (km)], [road_no, On Road], [division, Division], [subdivision, Subdivision], [bridge_length_(m), Length (m)], [bridge_width_(m), Width (m)],[map_link(=>{type:link, format:weblink}, Google Map,newtab=>),Google Map View],[bms_inventory(=>{type:link, format:weblink}, BMS Link,newtab=>), BMS Inventory],[bms_detail(=>{type:link, format:weblink},BMS Link,newtab=>), BMS Detailed View]","f_class_color":"#6ebed6"},"geometry":{"type":"Point","coordinates":[89.513597777778003,23.1980255]}},
{"type":"Feature","properties":{"id":108527,"sl":978,"map_link":"https://maps.google.com/?q=23.22094669444400000,89.34703600000000000&amp;z=8&amp;t=k","image_popup":"8088/bms/assets/uploads/images/prudential_images/bridges/bridge_8527/1712038745.jpg","bridge_name":"Bagherpara RCC Girder Bridge","bridge_type":"RC Girder Bridge","road_no":"Z7501","zone":"Khulna","circle":"Jessore","division":"Jessore","subdivision":"Jashore -2","sae":"SO-Jashore Sub Division-2-3","bridge_length_(m)":18.75,"bridge_width_(m)":10.4,"chainage_(km)":4.161,"ycoord":23.220946694443999,"xcoord":89.347036,"bms_inventory":"http://bms.rhd.gov.bd:8088/bms/bridges/inventory_view/108527","bms_detail":"http://bms.rhd.gov.bd:8088/bms/bridges/detail_view/108527","f_class_name":"RC Girder Bridge","keys":"[bridge_name, Bridge Name], [bridge_type,Type], [chainage_(km), Chainage (km)], [road_no, On Road], [division, Division], [subdivision, Subdivision], [bridge_length_(m), Length (m)], [bridge_width_(m), Width (m)],[map_link(=>{type:link, format:weblink}, Google Map,newtab=>),Google Map View],[bms_inventory(=>{type:link, format:weblink}, BMS Link,newtab=>), BMS Inventory],[bms_detail(=>{type:link, format:weblink},BMS Link,newtab=>), BMS Detailed View]","f_class_color":"#e8f674"},"geometry":{"type":"Point","coordinates":[89.347036,23.220946694443999]}},
{"type":"Feature","properties":{"id":108538,"sl":1410,"map_link":"https://maps.google.com/?q=23.17146000000000000,89.22034200000000000&amp;z=8&amp;t=k","image_popup":"8088/bms/assets/uploads/images/prudential_images/bridges/bridge_8538/1712043467.jpg","bridge_name":"Barandipara PC Girder Bridge","bridge_type":"PC Girder Bridge","road_no":"N708","zone":"Khulna","circle":"Jessore","division":"Jessore","subdivision":"Jashore -2","sae":"SO-Jashore Sub Division-2-2","bridge_length_(m)":31.2,"bridge_width_(m)":10.2,"chainage_(km)":3.595,"ycoord":23.17146,"xcoord":89.220342,"bms_inventory":"http://bms.rhd.gov.bd:8088/bms/bridges/inventory_view/108538","bms_detail":"http://bms.rhd.gov.bd:8088/bms/bridges/detail_view/108538","f_class_name":"PC Girder Bridge","keys":"[bridge_name, Bridge Name], [bridge_type,Type], [chainage_(km), Chainage (km)], [road_no, On Road], [division, Division], [subdivision, Subdivision], [bridge_length_(m), Length (m)], [bridge_width_(m), Width (m)],[map_link(=>{type:link, format:weblink}, Google Map,newtab=>),Google Map View],[bms_inventory(=>{type:link, format:weblink}, BMS Link,newtab=>), BMS Inventory],[bms_detail(=>{type:link, format:weblink},BMS Link,newtab=>), BMS Detailed View]","f_class_color":"#6ebed6"},"geometry":{"type":"Point","coordinates":[89.220342,23.17146]}},
{"type":"Feature","properties":{"id":108540,"sl":857,"map_link":"https://maps.google.com/?q=23.17589069444400000,89.20656669444400000&amp;z=8&amp;t=k","image_popup":"8088/bms/assets/uploads/images/prudential_images/bridges/bridge_8540/1712044494.jpg","bridge_name":"Bablatala PC Girder Bridge","bridge_type":"PC Girder Bridge","road_no":"N708","zone":"Khulna","circle":"Jessore","division":"Jessore","subdivision":"Jashore -2","sae":"SO-Jashore Sub Division-2-2","bridge_length_(m)":31.3,"bridge_width_(m)":10.1,"chainage_(km)":1.692,"ycoord":23.175890694444,"xcoord":89.206566694444007,"bms_inventory":"http://bms.rhd.gov.bd:8088/bms/bridges/inventory_view/108540","bms_detail":"http://bms.rhd.gov.bd:8088/bms/bridges/detail_view/108540","f_class_name":"PC Girder Bridge","keys":"[bridge_name, Bridge Name], [bridge_type,Type], [chainage_(km), Chainage (km)], [road_no, On Road], [division, Division], [subdivision, Subdivision], [bridge_length_(m), Length (m)], [bridge_width_(m), Width (m)],[map_link(=>{type:link, format:weblink}, Google Map,newtab=>),Google Map View],[bms_inventory(=>{type:link, format:weblink}, BMS Link,newtab=>), BMS Inventory],[bms_detail(=>{type:link, format:weblink},BMS Link,newtab=>), BMS Detailed View]","f_class_color":"#6ebed6"},"geometry":{"type":"Point","coordinates":[89.206566694444007,23.175890694444]}},
{"type":"Feature","properties":{"id":108564,"sl":5138,"map_link":"https://maps.google.com/?q=22.62641069444400000,89.83112808333300000&amp;z=8&amp;t=k","image_popup":"8088/bms/assets/uploads/images/prudential_images/bridges/bridge_8564/1712116420.jpg","bridge_name":"Fatehpur PC Girder Bridge","bridge_type":"PC Girder Bridge","road_no":"R770","zone":"Khulna","circle":"Khulna","division":"Bagerhat","subdivision":"Bagerhat -1","sae":"Daratana","bridge_length_(m)":37.6,"bridge_width_(m)":10.2,"chainage_(km)":23.35,"ycoord":22.626410694444001,"xcoord":89.831128083332999,"bms_inventory":"http://bms.rhd.gov.bd:8088/bms/bridges/inventory_view/108564","bms_detail":"http://bms.rhd.gov.bd:8088/bms/bridges/detail_view/108564","f_class_name":"PC Girder Bridge","keys":"[bridge_name, Bridge Name], [bridge_type,Type], [chainage_(km), Chainage (km)], [road_no, On Road], [division, Division], [subdivision, Subdivision], [bridge_length_(m), Length (m)], [bridge_width_(m), Width (m)],[map_link(=>{type:link, format:weblink}, Google Map,newtab=>),Google Map View],[bms_inventory(=>{type:link, format:weblink}, BMS Link,newtab=>), BMS Inventory],[bms_detail(=>{type:link, format:weblink},BMS Link,newtab=>), BMS Detailed View]","f_class_color":"#6ebed6"},"geometry":{"type":"Point","coordinates":[89.831128083332999,22.626410694444001]}},
{"type":"Feature","properties":{"id":108577,"sl":9933,"map_link":"https://maps.google.com/?q=23.02754327777800000,89.64372488888900000&amp;z=8&amp;t=k","image_popup":"8088/bms/assets/uploads/images/prudential_images/bridges/bridge_8577/1712121913.jpg","bridge_name":"Mirzapur RCC Girder Bridge","bridge_type":"RC Girder Bridge","road_no":"Z7047","zone":"Khulna","circle":"Jessore","division":"Narail","subdivision":"Narail","sae":"SO-Narail-2","bridge_length_(m)":6.0,"bridge_width_(m)":8.0,"chainage_(km)":11.639,"ycoord":23.027543277778001,"xcoord":89.643724888888997,"bms_inventory":"http://bms.rhd.gov.bd:8088/bms/bridges/inventory_view/108577","bms_detail":"http://bms.rhd.gov.bd:8088/bms/bridges/detail_view/108577","f_class_name":"RC Girder Bridge","keys":"[bridge_name, Bridge Name], [bridge_type,Type], [chainage_(km), Chainage (km)], [road_no, On Road], [division, Division], [subdivision, Subdivision], [bridge_length_(m), Length (m)], [bridge_width_(m), Width (m)],[map_link(=>{type:link, format:weblink}, Google Map,newtab=>),Google Map View],[bms_inventory(=>{type:link, format:weblink}, BMS Link,newtab=>), BMS Inventory],[bms_detail(=>{type:link, format:weblink},BMS Link,newtab=>), BMS Detailed View]","f_class_color":"#e8f674"},"geometry":{"type":"Point","coordinates":[89.643724888888997,23.027543277778001]}},
{"type":"Feature","properties":{"id":108624,"sl":483,"map_link":"https://maps.google.com/?q=22.33410500000000000,89.81082250000000000&amp;z=8&amp;t=k","image_popup":"8088/bms/assets/uploads/images/prudential_images/bridges/bridge_8624/1712201535.jpg","bridge_name":"Amragachiya PC Girder Bridge","bridge_type":"PC Girder Bridge","road_no":"R773","zone":"Khulna","circle":"Khulna","division":"Bagerhat","subdivision":"Bagerhat -1","sae":"Morelgonj","bridge_length_(m)":29.5,"bridge_width_(m)":10.4,"chainage_(km)":33.706,"ycoord":22.334105,"xcoord":89.8108225,"bms_inventory":"http://bms.rhd.gov.bd:8088/bms/bridges/inventory_view/108624","bms_detail":"http://bms.rhd.gov.bd:8088/bms/bridges/detail_view/108624","f_class_name":"PC Girder Bridge","keys":"[bridge_name, Bridge Name], [bridge_type,Type], [chainage_(km), Chainage (km)], [road_no, On Road], [division, Division], [subdivision, Subdivision], [bridge_length_(m), Length (m)], [bridge_width_(m), Width (m)],[map_link(=>{type:link, format:weblink}, Google Map,newtab=>),Google Map View],[bms_inventory(=>{type:link, format:weblink}, BMS Link,newtab=>), BMS Inventory],[bms_detail(=>{type:link, format:weblink},BMS Link,newtab=>), BMS Detailed View]","f_class_color":"#6ebed6"},"geometry":{"type":"Point","coordinates":[89.8108225,22.334105]}},
{"type":"Feature","properties":{"id":108627,"sl":6276,"map_link":"https://maps.google.com/?q=23.18005658333300000,89.55887350000000000&amp;z=8&amp;t=k","image_popup":"8088/bms/assets/uploads/images/prudential_images/bridges/bridge_8627/1712203083.jpg","bridge_name":"Hawai Khali PC Girder Bridge 1","bridge_type":"PC Girder Bridge","road_no":"N806","zone":"Khulna","circle":"Jessore","division":"Narail","subdivision":"Narail","sae":"SO-Narail-2","bridge_length_(m)":35.0,"bridge_width_(m)":15.7,"chainage_(km)":17.609,"ycoord":23.180056583332998,"xcoord":89.5588735,"bms_inventory":"http://bms.rhd.gov.bd:8088/bms/bridges/inventory_view/108627","bms_detail":"http://bms.rhd.gov.bd:8088/bms/bridges/detail_view/108627","f_class_name":"PC Girder Bridge","keys":"[bridge_name, Bridge Name], [bridge_type,Type], [chainage_(km), Chainage (km)], [road_no, On Road], [division, Division], [subdivision, Subdivision], [bridge_length_(m), Length (m)], [bridge_width_(m), Width (m)],[map_link(=>{type:link, format:weblink}, Google Map,newtab=>),Google Map View],[bms_inventory(=>{type:link, format:weblink}, BMS Link,newtab=>), BMS Inventory],[bms_detail(=>{type:link, format:weblink},BMS Link,newtab=>), BMS Detailed View]","f_class_color":"#6ebed6"},"geometry":{"type":"Point","coordinates":[89.5588735,23.180056583332998]}},
{"type":"Feature","properties":{"id":108628,"sl":6277,"map_link":"https://maps.google.com/?q=23.18008208333300000,89.55905119444400000&amp;z=8&amp;t=k","image_popup":"8088/bms/assets/uploads/images/prudential_images/bridges/bridge_8628/1712203838.jpg","bridge_name":"Hawai Khali PC Girder Bridge 2","bridge_type":"PC Girder Bridge","road_no":"N806","zone":"Khulna","circle":"Jessore","division":"Narail","subdivision":"Narail","sae":"SO-Narail-2","bridge_length_(m)":35.0,"bridge_width_(m)":15.7,"chainage_(km)":17.609,"ycoord":23.180082083333001,"xcoord":89.559051194443995,"bms_inventory":"http://bms.rhd.gov.bd:8088/bms/bridges/inventory_view/108628","bms_detail":"http://bms.rhd.gov.bd:8088/bms/bridges/detail_view/108628","f_class_name":"PC Girder Bridge","keys":"[bridge_name, Bridge Name], [bridge_type,Type], [chainage_(km), Chainage (km)], [road_no, On Road], [division, Division], [subdivision, Subdivision], [bridge_length_(m), Length (m)], [bridge_width_(m), Width (m)],[map_link(=>{type:link, format:weblink}, Google Map,newtab=>),Google Map View],[bms_inventory(=>{type:link, format:weblink}, BMS Link,newtab=>), BMS Inventory],[bms_detail(=>{type:link, format:weblink},BMS Link,newtab=>), BMS Detailed View]","f_class_color":"#6ebed6"},"geometry":{"type":"Point","coordinates":[89.559051194443995,23.180082083333001]}},
{"type":"Feature","properties":{"id":108660,"sl":12930,"map_link":"https://maps.google.com/?q=23.04640558333300000,89.48601600000000000&amp;z=8&amp;t=k","image_popup":"8088/bms/assets/uploads/images/prudential_images/bridges/bridge_8660/1712217108.jpg","bridge_name":"Rukhali RCC Girder Bridge","bridge_type":"RC Girder Bridge","road_no":"Z7030","zone":"Khulna","circle":"Jessore","division":"Narail","subdivision":"Narail","sae":"SO-Narail-1","bridge_length_(m)":16.0,"bridge_width_(m)":9.9,"chainage_(km)":17.12,"ycoord":23.046405583333001,"xcoord":89.486016,"bms_inventory":"http://bms.rhd.gov.bd:8088/bms/bridges/inventory_view/108660","bms_detail":"http://bms.rhd.gov.bd:8088/bms/bridges/detail_view/108660","f_class_name":"RC Girder Bridge","keys":"[bridge_name, Bridge Name], [bridge_type,Type], [chainage_(km), Chainage (km)], [road_no, On Road], [division, Division], [subdivision, Subdivision], [bridge_length_(m), Length (m)], [bridge_width_(m), Width (m)],[map_link(=>{type:link, format:weblink}, Google Map,newtab=>),Google Map View],[bms_inventory(=>{type:link, format:weblink}, BMS Link,newtab=>), BMS Inventory],[bms_detail(=>{type:link, format:weblink},BMS Link,newtab=>), BMS Detailed View]","f_class_color":"#e8f674"},"geometry":{"type":"Point","coordinates":[89.486016,23.046405583333001]}},
{"type":"Feature","properties":{"id":108688,"sl":14745,"map_link":"https://maps.google.com/?q=22.25526450000000000,89.82837677777800000&amp;z=8&amp;t=k","image_popup":"8088/bms/assets/uploads/images/prudential_images/bridges/bridge_8688/1712375064.jpg","bridge_name":"Tafalbari RCC Girder Bridge","bridge_type":"RC Girder Bridge","road_no":"R773","zone":"Khulna","circle":"Khulna","division":"Bagerhat","subdivision":"Bagerhat -1","sae":"Morelgonj","bridge_length_(m)":36.0,"bridge_width_(m)":5.1,"chainage_(km)":46.241,"ycoord":22.2552645,"xcoord":89.828376777778004,"bms_inventory":"http://bms.rhd.gov.bd:8088/bms/bridges/inventory_view/108688","bms_detail":"http://bms.rhd.gov.bd:8088/bms/bridges/detail_view/108688","f_class_name":"RC Girder Bridge","keys":"[bridge_name, Bridge Name], [bridge_type,Type], [chainage_(km), Chainage (km)], [road_no, On Road], [division, Division], [subdivision, Subdivision], [bridge_length_(m), Length (m)], [bridge_width_(m), Width (m)],[map_link(=>{type:link, format:weblink}, Google Map,newtab=>),Google Map View],[bms_inventory(=>{type:link, format:weblink}, BMS Link,newtab=>), BMS Inventory],[bms_detail(=>{type:link, format:weblink},BMS Link,newtab=>), BMS Detailed View]","f_class_color":"#e8f674"},"geometry":{"type":"Point","coordinates":[89.828376777778004,22.2552645]}},
{"type":"Feature","properties":{"id":108690,"sl":14746,"map_link":"https://maps.google.com/?q=22.26433669444400000,89.82979369444400000&amp;z=8&amp;t=k","image_popup":"8088/bms/assets/uploads/images/prudential_images/bridges/bridge_8690/1712375805.jpg","bridge_name":"Tafalbari RCC Girder Bridge 2","bridge_type":"RC Girder Bridge","road_no":"R773","zone":"Khulna","circle":"Khulna","division":"Bagerhat","subdivision":"Bagerhat -1","sae":"Morelgonj","bridge_length_(m)":80.0,"bridge_width_(m)":4.9,"chainage_(km)":45.215,"ycoord":22.264336694444001,"xcoord":89.829793694444007,"bms_inventory":"http://bms.rhd.gov.bd:8088/bms/bridges/inventory_view/108690","bms_detail":"http://bms.rhd.gov.bd:8088/bms/bridges/detail_view/108690","f_class_name":"RC Girder Bridge","keys":"[bridge_name, Bridge Name], [bridge_type,Type], [chainage_(km), Chainage (km)], [road_no, On Road], [division, Division], [subdivision, Subdivision], [bridge_length_(m), Length (m)], [bridge_width_(m), Width (m)],[map_link(=>{type:link, format:weblink}, Google Map,newtab=>),Google Map View],[bms_inventory(=>{type:link, format:weblink}, BMS Link,newtab=>), BMS Inventory],[bms_detail(=>{type:link, format:weblink},BMS Link,newtab=>), BMS Detailed View]","f_class_color":"#e8f674"},"geometry":{"type":"Point","coordinates":[89.829793694444007,22.264336694444001]}},
{"type":"Feature","properties":{"id":108761,"sl":13657,"map_link":"https://maps.google.com/?q=23.17092950000000000,89.51171827777800000&amp;z=8&amp;t=k","image_popup":"8088/bms/assets/uploads/images/prudential_images/bridges/bridge_8761/1713172331.jpg","bridge_name":"Sheikh Russel PC Girder Bridge","bridge_type":"PC Girder Bridge","road_no":"N806","zone":"Khulna","circle":"Jessore","division":"Narail","subdivision":"Narail","sae":"SO-Narail-2","bridge_length_(m)":378.2,"bridge_width_(m)":8.2,"chainage_(km)":22.579,"ycoord":23.1709295,"xcoord":89.511718277778002,"bms_inventory":"http://bms.rhd.gov.bd:8088/bms/bridges/inventory_view/108761","bms_detail":"http://bms.rhd.gov.bd:8088/bms/bridges/detail_view/108761","f_class_name":"PC Girder Bridge","keys":"[bridge_name, Bridge Name], [bridge_type,Type], [chainage_(km), Chainage (km)], [road_no, On Road], [division, Division], [subdivision, Subdivision], [bridge_length_(m), Length (m)], [bridge_width_(m), Width (m)],[map_link(=>{type:link, format:weblink}, Google Map,newtab=>),Google Map View],[bms_inventory(=>{type:link, format:weblink}, BMS Link,newtab=>), BMS Inventory],[bms_detail(=>{type:link, format:weblink},BMS Link,newtab=>), BMS Detailed View]","f_class_color":"#6ebed6"},"geometry":{"type":"Point","coordinates":[89.511718277778002,23.1709295]}},
{"type":"Feature","properties":{"id":108781,"sl":7284,"map_link":"https://maps.google.com/?q=22.64363477777800000,89.87911888888900000&amp;z=8&amp;t=k","image_popup":"8088/bms/assets/uploads/images/prudential_images/bridges/bridge_8781/1713242164.jpg","bridge_name":"Kachua RCC Girder Bridge","bridge_type":"RC Girder Bridge","road_no":"Z7703","zone":"Khulna","circle":"Khulna","division":"Bagerhat","subdivision":"Bagerhat -1","sae":"Daratana","bridge_length_(m)":42.0,"bridge_width_(m)":10.2,"chainage_(km)":5.537,"ycoord":22.643634777778001,"xcoord":89.879118888888996,"bms_inventory":"http://bms.rhd.gov.bd:8088/bms/bridges/inventory_view/108781","bms_detail":"http://bms.rhd.gov.bd:8088/bms/bridges/detail_view/108781","f_class_name":"RC Girder Bridge","keys":"[bridge_name, Bridge Name], [bridge_type,Type], [chainage_(km), Chainage (km)], [road_no, On Road], [division, Division], [subdivision, Subdivision], [bridge_length_(m), Length (m)], [bridge_width_(m), Width (m)],[map_link(=>{type:link, format:weblink}, Google Map,newtab=>),Google Map View],[bms_inventory(=>{type:link, format:weblink}, BMS Link,newtab=>), BMS Inventory],[bms_detail(=>{type:link, format:weblink},BMS Link,newtab=>), BMS Detailed View]","f_class_color":"#e8f674"},"geometry":{"type":"Point","coordinates":[89.879118888888996,22.643634777778001]}},
{"type":"Feature","properties":{"id":108800,"sl":14845,"map_link":"https://maps.google.com/?q=22.65580019444400000,89.89047869444400000&amp;z=8&amp;t=k","image_popup":"8088/bms/assets/uploads/images/prudential_images/bridges/bridge_8800/1713256395.jpg","bridge_name":"Tangrakhali PC Girder Bridge","bridge_type":"PC Girder Bridge","road_no":"Z7716","zone":"Khulna","circle":"Khulna","division":"Bagerhat","subdivision":"Bagerhat -1","sae":"Daratana","bridge_length_(m)":112.5,"bridge_width_(m)":7.6,"chainage_(km)":8.385,"ycoord":22.655800194444002,"xcoord":89.890478694443999,"bms_inventory":"http://bms.rhd.gov.bd:8088/bms/bridges/inventory_view/108800","bms_detail":"http://bms.rhd.gov.bd:8088/bms/bridges/detail_view/108800","f_class_name":"PC Girder Bridge","keys":"[bridge_name, Bridge Name], [bridge_type,Type], [chainage_(km), Chainage (km)], [road_no, On Road], [division, Division], [subdivision, Subdivision], [bridge_length_(m), Length (m)], [bridge_width_(m), Width (m)],[map_link(=>{type:link, format:weblink}, Google Map,newtab=>),Google Map View],[bms_inventory(=>{type:link, format:weblink}, BMS Link,newtab=>), BMS Inventory],[bms_detail(=>{type:link, format:weblink},BMS Link,newtab=>), BMS Detailed View]","f_class_color":"#6ebed6"},"geometry":{"type":"Point","coordinates":[89.890478694443999,22.65580019]}},
{"type":"Feature","properties":{"id":108838,"sl":5097,"map_link":"https://maps.google.com/?q=22.77152500000000000,89.71299558333300000&amp;z=8&amp;t=k","image_popup":"8088/bms/assets/uploads/images/prudential_images/bridges/bridge_8838/1713332373.jpg","bridge_name":"Fakirhat Pc Girder Bridge","bridge_type":"PC Girder Bridge","road_no":"N805","zone":"Khulna","circle":"Khulna","division":"Bagerhat","subdivision":"Bagerhat -2","sae":"Bagerhat (2)","bridge_length_(m)":10.5,"bridge_width_(m)":10.3,"chainage_(km)":101.058,"ycoord":22.771525,"xcoord":89.712995583332997,"bms_inventory":"http://bms.rhd.gov.bd:8088/bms/bridges/inventory_view/108838","bms_detail":"http://bms.rhd.gov.bd:8088/bms/bridges/detail_view/108838","f_class_name":"PC Girder Bridge","keys":"[bridge_name, Bridge Name], [bridge_type,Type], [chainage_(km), Chainage (km)], [road_no, On Road], [division, Division], [subdivision, Subdivision], [bridge_length_(m), Length (m)], [bridge_width_(m), Width (m)],[map_link(=>{type:link, format:weblink}, Google Map,newtab=>),Google Map View],[bms_inventory(=>{type:link, format:weblink}, BMS Link,newtab=>), BMS Inventory],[bms_detail(=>{type:link, format:weblink},BMS Link,newtab=>), BMS Detailed View]","f_class_color":"#6ebed6"},"geometry":{"type":"Point","coordinates":[89.712995583332997,22.771525]}},
{"type":"Feature","properties":{"id":108876,"sl":5195,"map_link":"https://maps.google.com/?q=22.77167919444400000,89.71388169444400000&amp;z=8&amp;t=k","image_popup":"8088/bms/assets/img/no_picture.png","bridge_name":"Fokirhat PC Girder Bridge 2","bridge_type":"PC Girder Bridge","road_no":"N805","zone":"Khulna","circle":"Khulna","division":"Bagerhat","subdivision":"Bagerhat -2","sae":"Bagerhat (2)","bridge_length_(m)":10.5,"bridge_width_(m)":10.3,"chainage_(km)":101.058,"ycoord":22.771679194444001,"xcoord":89.713881694443998,"bms_inventory":"http://bms.rhd.gov.bd:8088/bms/bridges/inventory_view/108876","bms_detail":"http://bms.rhd.gov.bd:8088/bms/bridges/detail_view/108876","f_class_name":"PC Girder Bridge","keys":"[bridge_name, Bridge Name], [bridge_type,Type], [chainage_(km), Chainage (km)], [road_no, On Road], [division, Division], [subdivision, Subdivision], [bridge_length_(m), Length (m)], [bridge_width_(m), Width (m)],[map_link(=>{type:link, format:weblink}, Google Map,newtab=>),Google Map View],[bms_inventory(=>{type:link, format:weblink}, BMS Link,newtab=>), BMS Inventory],[bms_detail(=>{type:link, format:weblink},BMS Link,newtab=>), BMS Detailed View]","f_class_color":"#6ebed6"},"geometry":{"type":"Point","coordinates":[89.713881694443998,22.771679194444001]}},
{"type":"Feature","properties":{"id":108917,"sl":7144,"map_link":"https://maps.google.com/?q=22.89262438888900000,89.77640969444400000&amp;z=8&amp;t=k","image_popup":"8088/bms/assets/uploads/images/prudential_images/bridges/bridge_8917/1713678972.jpg","bridge_name":"Joydihi PC Girder Bridge","bridge_type":"PC Girder Bridge","road_no":"N805","zone":"Khulna","circle":"Khulna","division":"Bagerhat","subdivision":"Bagerhat -2","sae":"Bagerhat (2)","bridge_length_(m)":30.5,"bridge_width_(m)":10.1,"chainage_(km)":85.545,"ycoord":22.892624388889001,"xcoord":89.776409694443998,"bms_inventory":"http://bms.rhd.gov.bd:8088/bms/bridges/inventory_view/108917","bms_detail":"http://bms.rhd.gov.bd:8088/bms/bridges/detail_view/108917","f_class_name":"PC Girder Bridge","keys":"[bridge_name, Bridge Name], [bridge_type,Type], [chainage_(km), Chainage (km)], [road_no, On Road], [division, Division], [subdivision, Subdivision], [bridge_length_(m), Length (m)], [bridge_width_(m), Width (m)],[map_link(=>{type:link, format:weblink}, Google Map,newtab=>),Google Map View],[bms_inventory(=>{type:link, format:weblink}, BMS Link,newtab=>), BMS Inventory],[bms_detail(=>{type:link, format:weblink},BMS Link,newtab=>), BMS Detailed View]","f_class_color":"#6ebed6"},"geometry":{"type":"Point","coordinates":[89.776409694443998,22.892624388889001]}},
{"type":"Feature","properties":{"id":108949,"sl":8577,"map_link":"https://maps.google.com/?q=22.79868419444400000,89.76238808333300000&amp;z=8&amp;t=k","image_popup":"8088/bms/assets/uploads/images/prudential_images/bridges/bridge_8949/1713765329.jpg","bridge_name":"Kolkolia RCC Girder Bridge","bridge_type":"RC Girder Bridge","road_no":"Z7801","zone":"Khulna","circle":"Khulna","division":"Bagerhat","subdivision":"Bagerhat -2","sae":"Bagerhat (2)","bridge_length_(m)":36.5,"bridge_width_(m)":4.6,"chainage_(km)":19.25,"ycoord":22.798684194444,"xcoord":89.762388083332993,"bms_inventory":"http://bms.rhd.gov.bd:8088/bms/bridges/inventory_view/108949","bms_detail":"http://bms.rhd.gov.bd:8088/bms/bridges/detail_view/108949","f_class_name":"RC Girder Bridge","keys":"[bridge_name, Bridge Name], [bridge_type,Type], [chainage_(km), Chainage (km)], [road_no, On Road], [division, Division], [subdivision, Subdivision], [bridge_length_(m), Length (m)], [bridge_width_(m), Width (m)],[map_link(=>{type:link, format:weblink}, Google Map,newtab=>),Google Map View],[bms_inventory(=>{type:link, format:weblink}, BMS Link,newtab=>), BMS Inventory],[bms_detail(=>{type:link, format:weblink},BMS Link,newtab=>), BMS Detailed View]","f_class_color":"#e8f674"},"geometry":{"type":"Point","coordinates":[89.762388083332993,22.798684194444]}},
{"type":"Feature","properties":{"id":108999,"sl":10096,"map_link":"https://maps.google.com/?q=22.66927969444400000,89.87004827777800000&amp;z=8&amp;t=k","image_popup":"8088/bms/assets/uploads/images/prudential_images/bridges/bridge_8999/1713867140.jpg","bridge_name":"Moghiya RCC Girder Bridge","bridge_type":"RC Girder Bridge","road_no":"Z7714","zone":"Khulna","circle":"Khulna","division":"Bagerhat","subdivision":"Bagerhat -1","sae":"Bagerhat","bridge_length_(m)":6.7,"bridge_width_(m)":4.7,"chainage_(km)":7.394,"ycoord":22.669279694444,"xcoord":89.870048277777997,"bms_inventory":"http://bms.rhd.gov.bd:8088/bms/bridges/inventory_view/108999","bms_detail":"http://bms.rhd.gov.bd:8088/bms/bridges/detail_view/108999","f_class_name":"RC Girder Bridge","keys":"[bridge_name, Bridge Name], [bridge_type,Type], [chainage_(km), Chainage (km)], [road_no, On Road], [division, Division], [subdivision, Subdivision], [bridge_length_(m), Length (m)], [bridge_width_(m), Width (m)],[map_link(=>{type:link, format:weblink}, Google Map,newtab=>),Google Map View],[bms_inventory(=>{type:link, format:weblink}, BMS Link,newtab=>), BMS Inventory],[bms_detail(=>{type:link, format:weblink},BMS Link,newtab=>), BMS Detailed View]","f_class_color":"#e8f674"},"geometry":{"type":"Point","coordinates":[89.870048277777997,22.669279694444]}},
{"type":"Feature","properties":{"id":109007,"sl":7836,"map_link":"https://maps.google.com/?q=22.60148669444400000,89.75900119444400000&amp;z=8&amp;t=k","image_popup":"8088/bms/assets/uploads/images/prudential_images/bridges/bridge_9007/1713869814.jpg","bridge_name":"Kashimpur RCC Girder Bridge","bridge_type":"RC Girder Bridge","road_no":"Z7717","zone":"Khulna","circle":"Khulna","division":"Bagerhat","subdivision":"Bagerhat -2","sae":"Bagerhat (2)","bridge_length_(m)":42.5,"bridge_width_(m)":5.0,"chainage_(km)":7.562,"ycoord":22.601486694443999,"xcoord":89.759001194443996,"bms_inventory":"http://bms.rhd.gov.bd:8088/bms/bridges/inventory_view/109007","bms_detail":"http://bms.rhd.gov.bd:8088/bms/bridges/detail_view/109007","f_class_name":"RC Girder Bridge","keys":"[bridge_name, Bridge Name], [bridge_type,Type], [chainage_(km), Chainage (km)], [road_no, On Road], [division, Division], [subdivision, Subdivision], [bridge_length_(m), Length (m)], [bridge_width_(m), Width (m)],[map_link(=>{type:link, format:weblink}, Google Map,newtab=>),Google Map View],[bms_inventory(=>{type:link, format:weblink}, BMS Link,newtab=>), BMS Inventory],[bms_detail(=>{type:link, format:weblink},BMS Link,newtab=>), BMS Detailed View]","f_class_color":"#e8f674"},"geometry":{"type":"Point","coordinates":[89.759001194443996,22.601486694443999]}},
{"type":"Feature","properties":{"id":109009,"sl":9873,"map_link":"https://maps.google.com/?q=22.62292850000000000,89.76432569444400000&amp;z=8&amp;t=k","image_popup":"8088/bms/assets/uploads/images/prudential_images/bridges/bridge_9009/1713871265.jpg","bridge_name":"Mirjapur PC Girder Bridge","bridge_type":"PC Girder Bridge","road_no":"Z7717","zone":"Khulna","circle":"Khulna","division":"Bagerhat","subdivision":"Bagerhat -2","sae":"Bagerhat (2)","bridge_length_(m)":103.0,"bridge_width_(m)":5.5,"chainage_(km)":4.734,"ycoord":22.6229285,"xcoord":89.764325694443997,"bms_inventory":"http://bms.rhd.gov.bd:8088/bms/bridges/inventory_view/109009","bms_detail":"http://bms.rhd.gov.bd:8088/bms/bridges/detail_view/109009","f_class_name":"PC Girder Bridge","keys":"[bridge_name, Bridge Name], [bridge_type,Type], [chainage_(km), Chainage (km)], [road_no, On Road], [division, Division], [subdivision, Subdivision], [bridge_length_(m), Length (m)], [bridge_width_(m), Width (m)],[map_link(=>{type:link, format:weblink}, Google Map,newtab=>),Google Map View],[bms_inventory(=>{type:link, format:weblink}, BMS Link,newtab=>), BMS Inventory],[bms_detail(=>{type:link, format:weblink},BMS Link,newtab=>), BMS Detailed View]","f_class_color":"#6ebed6"},"geometry":{"type":"Point","coordinates":[89.764325694443997,22.6229285]}},
{"type":"Feature","properties":{"id":109013,"sl":9709,"map_link":"https://maps.google.com/?q=22.71249208333300000,89.84653338888900000&amp;z=8&amp;t=k","image_popup":"8088/bms/assets/uploads/images/prudential_images/bridges/bridge_9013/1713933946.jpg","bridge_name":"Mechokhali RCC Girder Bridge","bridge_type":"RC Girder Bridge","road_no":"Z7714","zone":"Khulna","circle":"Khulna","division":"Bagerhat","subdivision":"Bagerhat -1","sae":"Bagerhat","bridge_length_(m)":9.5,"bridge_width_(m)":4.2,"chainage_(km)":0.353,"ycoord":22.712492083333,"xcoord":89.846533388889,"bms_inventory":"http://bms.rhd.gov.bd:8088/bms/bridges/inventory_view/109013","bms_detail":"http://bms.rhd.gov.bd:8088/bms/bridges/detail_view/109013","f_class_name":"RC Girder Bridge","keys":"[bridge_name, Bridge Name], [bridge_type,Type], [chainage_(km), Chainage (km)], [road_no, On Road], [division, Division], [subdivision, Subdivision], [bridge_length_(m), Length (m)], [bridge_width_(m), Width (m)],[map_link(=>{type:link, format:weblink}, Google Map,newtab=>),Google Map View],[bms_inventory(=>{type:link, format:weblink}, BMS Link,newtab=>), BMS Inventory],[bms_detail(=>{type:link, format:weblink},BMS Link,newtab=>), BMS Detailed View]","f_class_color":"#e8f674"},"geometry":{"type":"Point","coordinates":[89.846533388889,22.712492083333]}},
{"type":"Feature","properties":{"id":109015,"sl":2083,"map_link":"https://maps.google.com/?q=22.59273550000000000,89.71297308333300000&amp;z=8&amp;t=k","image_popup":"8088/bms/assets/uploads/images/prudential_images/bridges/bridge_9015/1713935292.jpg","bridge_name":"Bishna PC Girder Bridge","bridge_type":"PC Girder Bridge","road_no":"Z7717","zone":"Khulna","circle":"Khulna","division":"Bagerhat","subdivision":"Bagerhat -2","sae":"Bagerhat (2)","bridge_length_(m)":157.5,"bridge_width_(m)":5.3,"chainage_(km)":12.688,"ycoord":22.5927355,"xcoord":89.712973083332997,"bms_inventory":"http://bms.rhd.gov.bd:8088/bms/bridges/inventory_view/109015","bms_detail":"http://bms.rhd.gov.bd:8088/bms/bridges/detail_view/109015","f_class_name":"PC Girder Bridge","keys":"[bridge_name, Bridge Name], [bridge_type,Type], [chainage_(km), Chainage (km)], [road_no, On Road], [division, Division], [subdivision, Subdivision], [bridge_length_(m), Length (m)], [bridge_width_(m), Width (m)],[map_link(=>{type:link, format:weblink}, Google Map,newtab=>),Google Map View],[bms_inventory(=>{type:link, format:weblink}, BMS Link,newtab=>), BMS Inventory],[bms_detail(=>{type:link, format:weblink},BMS Link,newtab=>), BMS Detailed View]","f_class_color":"#6ebed6"},"geometry":{"type":"Point","coordinates":[89.712973083332997,22.5927355]}},
{"type":"Feature","properties":{"id":109023,"sl":15615,"map_link":"https://maps.google.com/?q=22.68935219444400000,89.86443977777800000&amp;z=8&amp;t=k","image_popup":"8088/bms/assets/uploads/images/prudential_images/bridges/bridge_9023/1713938299.jpg","bridge_name":"Vasha Bazar RCC Girder Bridge","bridge_type":"RC Girder Bridge","road_no":"Z7714","zone":"Khulna","circle":"Khulna","division":"Bagerhat","subdivision":"Bagerhat -1","sae":"Bagerhat","bridge_length_(m)":15.5,"bridge_width_(m)":4.4,"chainage_(km)":4.915,"ycoord":22.689352194444002,"xcoord":89.864439777778003,"bms_inventory":"http://bms.rhd.gov.bd:8088/bms/bridges/inventory_view/109023","bms_detail":"http://bms.rhd.gov.bd:8088/bms/bridges/detail_view/109023","f_class_name":"RC Girder Bridge","keys":"[bridge_name, Bridge Name], [bridge_type,Type], [chainage_(km), Chainage (km)], [road_no, On Road], [division, Division], [subdivision, Subdivision], [bridge_length_(m), Length (m)], [bridge_width_(m), Width (m)],[map_link(=>{type:link, format:weblink}, Google Map,newtab=>),Google Map View],[bms_inventory(=>{type:link, format:weblink}, BMS Link,newtab=>), BMS Inventory],[bms_detail(=>{type:link, format:weblink},BMS Link,newtab=>), BMS Detailed View]","f_class_color":"#e8f674"},"geometry":{"type":"Point","coordinates":[89.864439777778003,22.689352194444002]}},
{"type":"Feature","properties":{"id":109049,"sl":5510,"map_link":"https://maps.google.com/?q=22.88076477777800000,89.76810627777800000&amp;z=8&amp;t=k","image_popup":"8088/bms/assets/uploads/images/prudential_images/bridges/bridge_9049/1713953716.jpg","bridge_name":"Ghatbila PC Girder Bridge","bridge_type":"PC Girder Bridge","road_no":"N805","zone":"Khulna","circle":"Khulna","division":"Bagerhat","subdivision":"Bagerhat -2","sae":"Bagerhat (2)","bridge_length_(m)":25.0,"bridge_width_(m)":12.1,"chainage_(km)":87.153,"ycoord":22.880764777778001,"xcoord":89.768106277778003,"bms_inventory":"http://bms.rhd.gov.bd:8088/bms/bridges/inventory_view/109049","bms_detail":"http://bms.rhd.gov.bd:8088/bms/bridges/detail_view/109049","f_class_name":"PC Girder Bridge","keys":"[bridge_name, Bridge Name], [bridge_type,Type], [chainage_(km), Chainage (km)], [road_no, On Road], [division, Division], [subdivision, Subdivision], [bridge_length_(m), Length (m)], [bridge_width_(m), Width (m)],[map_link(=>{type:link, format:weblink}, Google Map,newtab=>),Google Map View],[bms_inventory(=>{type:link, format:weblink}, BMS Link,newtab=>), BMS Inventory],[bms_detail(=>{type:link, format:weblink},BMS Link,newtab=>), BMS Detailed View]","f_class_color":"#6ebed6"},"geometry":{"type":"Point","coordinates":[89.768106277778003,22.880764777778001]}},
{"type":"Feature","properties":{"id":109054,"sl":13730,"map_link":"https://maps.google.com/?q=22.79828488888900000,89.87513950000000000&amp;z=8&amp;t=k","image_popup":"8088/bms/assets/uploads/images/prudential_images/bridges/bridge_9054/1713957871.jpg","bridge_name":"Shibpur PC Box Girder Bridge","bridge_type":"PC Box Girder Bridge","road_no":"Z7054","zone":"Khulna","circle":"Khulna","division":"Bagerhat","subdivision":"Bagerhat -1","sae":"Bagerhat","bridge_length_(m)":23.0,"bridge_width_(m)":4.7,"chainage_(km)":0.625,"ycoord":22.798284888889,"xcoord":89.8751395,"bms_inventory":"http://bms.rhd.gov.bd:8088/bms/bridges/inventory_view/109054","bms_detail":"http://bms.rhd.gov.bd:8088/bms/bridges/detail_view/109054","f_class_name":"PC Box Girder Bridge","keys":"[bridge_name, Bridge Name], [bridge_type,Type], [chainage_(km), Chainage (km)], [road_no, On Road], [division, Division], [subdivision, Subdivision], [bridge_length_(m), Length (m)], [bridge_width_(m), Width (m)],[map_link(=>{type:link, format:weblink}, Google Map,newtab=>),Google Map View],[bms_inventory(=>{type:link, format:weblink}, BMS Link,newtab=>), BMS Inventory],[bms_detail(=>{type:link, format:weblink},BMS Link,newtab=>), BMS Detailed View]","f_class_color":"#41df33"},"geometry":{"type":"Point","coordinates":[89.8751395,22.798284888889]}},
{"type":"Feature","properties":{"id":109056,"sl":1374,"map_link":"https://maps.google.com/?q=22.86090019444400000,89.87363408333300000&amp;z=8&amp;t=k","image_popup":"8088/bms/assets/uploads/images/prudential_images/bridges/bridge_9056/1714022966.jpg","bridge_name":"Barabaria RCC Girder Bridge 1","bridge_type":"RC Girder Bridge","road_no":"Z7054","zone":"Khulna","circle":"Khulna","division":"Bagerhat","subdivision":"Bagerhat -1","sae":"Bagerhat","bridge_length_(m)":16.4,"bridge_width_(m)":10.4,"chainage_(km)":10.115,"ycoord":22.860900194444,"xcoord":89.873634083333002,"bms_inventory":"http://bms.rhd.gov.bd:8088/bms/bridges/inventory_view/109056","bms_detail":"http://bms.rhd.gov.bd:8088/bms/bridges/detail_view/109056","f_class_name":"RC Girder Bridge","keys":"[bridge_name, Bridge Name], [bridge_type,Type], [chainage_(km), Chainage (km)], [road_no, On Road], [division, Division], [subdivision, Subdivision], [bridge_length_(m), Length (m)], [bridge_width_(m), Width (m)],[map_link(=>{type:link, format:weblink}, Google Map,newtab=>),Google Map View],[bms_inventory(=>{type:link, format:weblink}, BMS Link,newtab=>), BMS Inventory],[bms_detail(=>{type:link, format:weblink},BMS Link,newtab=>), BMS Detailed View]","f_class_color":"#e8f674"},"geometry":{"type":"Point","coordinates":[89.873634083333002,22.860900194444]}},
{"type":"Feature","properties":{"id":109057,"sl":1375,"map_link":"https://maps.google.com/?q=22.85553927777800000,89.86978177777800000&amp;z=8&amp;t=k","image_popup":"8088/bms/assets/uploads/images/prudential_images/bridges/bridge_9057/1714024215.jpg","bridge_name":"Barabaria RCC Girder Bridge 2","bridge_type":"RC Girder Bridge","road_no":"Z7054","zone":"Khulna","circle":"Khulna","division":"Bagerhat","subdivision":"Bagerhat -1","sae":"Bagerhat","bridge_length_(m)":16.5,"bridge_width_(m)":10.3,"chainage_(km)":9.225,"ycoord":22.855539277778,"xcoord":89.869781777778002,"bms_inventory":"http://bms.rhd.gov.bd:8088/bms/bridges/inventory_view/109057","bms_detail":"http://bms.rhd.gov.bd:8088/bms/bridges/detail_view/109057","f_class_name":"RC Girder Bridge","keys":"[bridge_name, Bridge Name], [bridge_type,Type], [chainage_(km), Chainage (km)], [road_no, On Road], [division, Division], [subdivision, Subdivision], [bridge_length_(m), Length (m)], [bridge_width_(m), Width (m)],[map_link(=>{type:link, format:weblink}, Google Map,newtab=>),Google Map View],[bms_inventory(=>{type:link, format:weblink}, BMS Link,newtab=>), BMS Inventory],[bms_detail(=>{type:link, format:weblink},BMS Link,newtab=>), BMS Detailed View]","f_class_color":"#e8f674"},"geometry":{"type":"Point","coordinates":[89.869781777778002,22.855539277778]}},
{"type":"Feature","properties":{"id":109059,"sl":1376,"map_link":"https://maps.google.com/?q=22.84879377777800000,89.86502988888900000&amp;z=8&amp;t=k","image_popup":"8088/bms/assets/uploads/images/prudential_images/bridges/bridge_9059/1714025033.jpg","bridge_name":"Barabaria RCC Girder Bridge 3","bridge_type":"RC Girder Bridge","road_no":"Z7054","zone":"Khulna","circle":"Khulna","division":"Bagerhat","subdivision":"Bagerhat -1","sae":"Bagerhat","bridge_length_(m)":13.3,"bridge_width_(m)":10.3,"chainage_(km)":8.275,"ycoord":22.848793777777999,"xcoord":89.865029888888998,"bms_inventory":"http://bms.rhd.gov.bd:8088/bms/bridges/inventory_view/109059","bms_detail":"http://bms.rhd.gov.bd:8088/bms/bridges/detail_view/109059","f_class_name":"RC Girder Bridge","keys":"[bridge_name, Bridge Name], [bridge_type,Type], [chainage_(km), Chainage (km)], [road_no, On Road], [division, Division], [subdivision, Subdivision], [bridge_length_(m), Length (m)], [bridge_width_(m), Width (m)],[map_link(=>{type:link, format:weblink}, Google Map,newtab=>),Google Map View],[bms_inventory(=>{type:link, format:weblink}, BMS Link,newtab=>), BMS Inventory],[bms_detail(=>{type:link, format:weblink},BMS Link,newtab=>), BMS Detailed View]","f_class_color":"#e8f674"},"geometry":{"type":"Point","coordinates":[89.865029888888998,22.848793777777999]}},
{"type":"Feature","properties":{"id":109060,"sl":7920,"map_link":"https://maps.google.com/?q=22.70343000000000000,89.80197819444400000&amp;z=8&amp;t=k","image_popup":"8088/bms/assets/uploads/images/prudential_images/bridges/bridge_9060/1714025743.jpg","bridge_name":"Kathali RCC Girder Bridge","bridge_type":"RC Girder Bridge","road_no":"Z7708","zone":"Khulna","circle":"Khulna","division":"Bagerhat","subdivision":"Bagerhat -1","sae":"Bagerhat","bridge_length_(m)":22.2,"bridge_width_(m)":7.6,"chainage_(km)":8.202,"ycoord":22.70343,"xcoord":89.801978194444004,"bms_inventory":"http://bms.rhd.gov.bd:8088/bms/bridges/inventory_view/109060","bms_detail":"http://bms.rhd.gov.bd:8088/bms/bridges/detail_view/109060","f_class_name":"RC Girder Bridge","keys":"[bridge_name, Bridge Name], [bridge_type,Type], [chainage_(km), Chainage (km)], [road_no, On Road], [division, Division], [subdivision, Subdivision], [bridge_length_(m), Length (m)], [bridge_width_(m), Width (m)],[map_link(=>{type:link, format:weblink}, Google Map,newtab=>),Google Map View],[bms_inventory(=>{type:link, format:weblink}, BMS Link,newtab=>), BMS Inventory],[bms_detail(=>{type:link, format:weblink},BMS Link,newtab=>), BMS Detailed View]","f_class_color":"#e8f674"},"geometry":{"type":"Point","coordinates":[89.801978194444004,22.70343]}},
{"type":"Feature","properties":{"id":109073,"sl":13731,"map_link":"https://maps.google.com/?q=22.82346808333300000,89.86374077777800000&amp;z=8&amp;t=k","image_popup":"8088/bms/assets/uploads/images/prudential_images/bridges/bridge_9073/1714034851.jpg","bridge_name":"Shibpur RCC Girder Bridge","bridge_type":"RC Girder Bridge","road_no":"Z7054","zone":"Khulna","circle":"Khulna","division":"Bagerhat","subdivision":"Bagerhat -1","sae":"Bagerhat","bridge_length_(m)":13.0,"bridge_width_(m)":10.4,"chainage_(km)":3.758,"ycoord":22.823468083333001,"xcoord":89.863740777778006,"bms_inventory":"http://bms.rhd.gov.bd:8088/bms/bridges/inventory_view/109073","bms_detail":"http://bms.rhd.gov.bd:8088/bms/bridges/detail_view/109073","f_class_name":"RC Girder Bridge","keys":"[bridge_name, Bridge Name], [bridge_type,Type], [chainage_(km), Chainage (km)], [road_no, On Road], [division, Division], [subdivision, Subdivision], [bridge_length_(m), Length (m)], [bridge_width_(m), Width (m)],[map_link(=>{type:link, format:weblink}, Google Map,newtab=>),Google Map View],[bms_inventory(=>{type:link, format:weblink}, BMS Link,newtab=>), BMS Inventory],[bms_detail(=>{type:link, format:weblink},BMS Link,newtab=>), BMS Detailed View]","f_class_color":"#e8f674"},"geometry":{"type":"Point","coordinates":[89.863740777778006,22.823468083333001]}},
{"type":"Feature","properties":{"id":109107,"sl":4219,"map_link":"https://maps.google.com/?q=22.71428377777800000,89.84505919444400000&amp;z=8&amp;t=k","image_popup":"8088/bms/assets/uploads/images/prudential_images/bridges/bridge_9107/1714211870.jpg","bridge_name":"Depara RCC Girder Bridge","bridge_type":"RC Girder Bridge","road_no":"Z7708","zone":"Khulna","circle":"Khulna","division":"Bagerhat","subdivision":"Bagerhat -1","sae":"Bagerhat","bridge_length_(m)":54.8,"bridge_width_(m)":10.4,"chainage_(km)":13.405,"ycoord":22.714283777778,"xcoord":89.845059194444005,"bms_inventory":"http://bms.rhd.gov.bd:8088/bms/bridges/inventory_view/109107","bms_detail":"http://bms.rhd.gov.bd:8088/bms/bridges/detail_view/109107","f_class_name":"RC Girder Bridge","keys":"[bridge_name, Bridge Name], [bridge_type,Type], [chainage_(km), Chainage (km)], [road_no, On Road], [division, Division], [subdivision, Subdivision], [bridge_length_(m), Length (m)], [bridge_width_(m), Width (m)],[map_link(=>{type:link, format:weblink}, Google Map,newtab=>),Google Map View],[bms_inventory(=>{type:link, format:weblink}, BMS Link,newtab=>), BMS Inventory],[bms_detail(=>{type:link, format:weblink},BMS Link,newtab=>), BMS Detailed View]","f_class_color":"#e8f674"},"geometry":{"type":"Point","coordinates":[89.845059194444005,22.714283777778]}},
{"type":"Feature","properties":{"id":109120,"sl":10867,"map_link":"https://maps.google.com/?q=22.86834638888900000,89.74762158333300000&amp;z=8&amp;t=k","image_popup":"8088/bms/assets/uploads/images/prudential_images/bridges/bridge_9120/1714216947.jpg","bridge_name":"Nasukhali Baily Steel Bridge","bridge_type":"Portable Steel Bridge","road_no":"Z8409","zone":"Khulna","circle":"Khulna","division":"Bagerhat","subdivision":"Bagerhat -2","sae":"Bagerhat (2)","bridge_length_(m)":15.0,"bridge_width_(m)":3.605,"chainage_(km)":15.359,"ycoord":22.868346388889002,"xcoord":89.747621583333,"bms_inventory":"http://bms.rhd.gov.bd:8088/bms/bridges/inventory_view/109120","bms_detail":"http://bms.rhd.gov.bd:8088/bms/bridges/detail_view/109120","f_class_name":"Portable Steel Bridge","keys":"[bridge_name, Bridge Name], [bridge_type,Type], [chainage_(km), Chainage (km)], [road_no, On Road], [division, Division], [subdivision, Subdivision], [bridge_length_(m), Length (m)], [bridge_width_(m), Width (m)],[map_link(=>{type:link, format:weblink}, Google Map,newtab=>),Google Map View],[bms_inventory(=>{type:link, format:weblink}, BMS Link,newtab=>), BMS Inventory],[bms_detail(=>{type:link, format:weblink},BMS Link,newtab=>), BMS Detailed View]","f_class_color":"#29ffa4"},"geometry":{"type":"Point","coordinates":[89.747621583333,22.868346388889002]}},
{"type":"Feature","properties":{"id":109138,"sl":10578,"map_link":"https://maps.google.com/?q=22.67784288888900000,89.78562608333300000&amp;z=8&amp;t=k","image_popup":"8088/bms/assets/uploads/images/prudential_images/bridges/bridge_9138/1714281636.jpg","bridge_name":"Muniganj PC Girder Bridge","bridge_type":"PC Girder Bridge","road_no":"Z7708","zone":"Khulna","circle":"Khulna","division":"Bagerhat","subdivision":"Bagerhat -1","sae":"Bagerhat","bridge_length_(m)":433.0,"bridge_width_(m)":9.6,"chainage_(km)":3.774,"ycoord":22.677842888889,"xcoord":89.785626083333,"bms_inventory":"http://bms.rhd.gov.bd:8088/bms/bridges/inventory_view/109138","bms_detail":"http://bms.rhd.gov.bd:8088/bms/bridges/detail_view/109138","f_class_name":"PC Girder Bridge","keys":"[bridge_name, Bridge Name], [bridge_type,Type], [chainage_(km), Chainage (km)], [road_no, On Road], [division, Division], [subdivision, Subdivision], [bridge_length_(m), Length (m)], [bridge_width_(m), Width (m)],[map_link(=>{type:link, format:weblink}, Google Map,newtab=>),Google Map View],[bms_inventory(=>{type:link, format:weblink}, BMS Link,newtab=>), BMS Inventory],[bms_detail(=>{type:link, format:weblink},BMS Link,newtab=>), BMS Detailed View]","f_class_color":"#6ebed6"},"geometry":{"type":"Point","coordinates":[89.785626083333,22.677842888889]}},
{"type":"Feature","properties":{"id":109143,"sl":5098,"map_link":"https://maps.google.com/?q=22.77412358333300000,89.72011050000000000&amp;z=8&amp;t=k","image_popup":"8088/bms/assets/uploads/images/prudential_images/bridges/bridge_9143/1714283445.jpg","bridge_name":"Fakirhat PC Girder Bridge 3","bridge_type":"PC Girder Bridge","road_no":"N805","zone":"Khulna","circle":"Khulna","division":"Bagerhat","subdivision":"Bagerhat -2","sae":"Bagerhat (2)","bridge_length_(m)":46.0,"bridge_width_(m)":10.1,"chainage_(km)":100.343,"ycoord":22.774123583333001,"xcoord":89.7201105,"bms_inventory":"http://bms.rhd.gov.bd:8088/bms/bridges/inventory_view/109143","bms_detail":"http://bms.rhd.gov.bd:8088/bms/bridges/detail_view/109143","f_class_name":"PC Girder Bridge","keys":"[bridge_name, Bridge Name], [bridge_type,Type], [chainage_(km), Chainage (km)], [road_no, On Road], [division, Division], [subdivision, Subdivision], [bridge_length_(m), Length (m)], [bridge_width_(m), Width (m)],[map_link(=>{type:link, format:weblink}, Google Map,newtab=>),Google Map View],[bms_inventory(=>{type:link, format:weblink}, BMS Link,newtab=>), BMS Inventory],[bms_detail(=>{type:link, format:weblink},BMS Link,newtab=>), BMS Detailed View]","f_class_color":"#6ebed6"},"geometry":{"type":"Point","coordinates":[89.7201105,22.774123583333001]}},
{"type":"Feature","properties":{"id":109146,"sl":5105,"map_link":"https://maps.google.com/?q=22.79804900000000000,89.73384069444400000&amp;z=8&amp;t=k","image_popup":"8088/bms/assets/uploads/images/prudential_images/bridges/bridge_9146/1714284459.jpg","bridge_name":"Faltita PC Girder Bridge","bridge_type":"PC Girder Bridge","road_no":"N805","zone":"Khulna","circle":"Khulna","division":"Bagerhat","subdivision":"Bagerhat -2","sae":"Bagerhat (2)","bridge_length_(m)":10.0,"bridge_width_(m)":10.1,"chainage_(km)":97.268,"ycoord":22.798049,"xcoord":89.733840694443998,"bms_inventory":"http://bms.rhd.gov.bd:8088/bms/bridges/inventory_view/109146","bms_detail":"http://bms.rhd.gov.bd:8088/bms/bridges/detail_view/109146","f_class_name":"PC Girder Bridge","keys":"[bridge_name, Bridge Name], [bridge_type,Type], [chainage_(km), Chainage (km)], [road_no, On Road], [division, Division], [subdivision, Subdivision], [bridge_length_(m), Length (m)], [bridge_width_(m), Width (m)],[map_link(=>{type:link, format:weblink}, Google Map,newtab=>),Google Map View],[bms_inventory(=>{type:link, format:weblink}, BMS Link,newtab=>), BMS Inventory],[bms_detail(=>{type:link, format:weblink},BMS Link,newtab=>), BMS Detailed View]","f_class_color":"#6ebed6"},"geometry":{"type":"Point","coordinates":[89.733840694443998,22.798049]}},
{"type":"Feature","properties":{"id":109148,"sl":7363,"map_link":"https://maps.google.com/?q=22.79215219444400000,89.72906838888900000&amp;z=8&amp;t=k","image_popup":"8088/bms/assets/uploads/images/prudential_images/bridges/bridge_9148/1714285673.jpg","bridge_name":"Kakdanga PC Girder Bridge","bridge_type":"PC Girder Bridge","road_no":"N805","zone":"Khulna","circle":"Khulna","division":"Bagerhat","subdivision":"Bagerhat -2","sae":"Bagerhat (2)","bridge_length_(m)":10.0,"bridge_width_(m)":10.1,"chainage_(km)":98.076,"ycoord":22.792152194444,"xcoord":89.729068388889004,"bms_inventory":"http://bms.rhd.gov.bd:8088/bms/bridges/inventory_view/109148","bms_detail":"http://bms.rhd.gov.bd:8088/bms/bridges/detail_view/109148","f_class_name":"PC Girder Bridge","keys":"[bridge_name, Bridge Name], [bridge_type,Type], [chainage_(km), Chainage (km)], [road_no, On Road], [division, Division], [subdivision, Subdivision], [bridge_length_(m), Length (m)], [bridge_width_(m), Width (m)],[map_link(=>{type:link, format:weblink}, Google Map,newtab=>),Google Map View],[bms_inventory(=>{type:link, format:weblink}, BMS Link,newtab=>), BMS Inventory],[bms_detail(=>{type:link, format:weblink},BMS Link,newtab=>), BMS Detailed View]","f_class_color":"#6ebed6"},"geometry":{"type":"Point","coordinates":[89.729068388889004,22.792152194444]}},
{"type":"Feature","properties":{"id":109150,"sl":7465,"map_link":"https://maps.google.com/?q=22.80217119444400000,89.73637138888900000&amp;z=8&amp;t=k","image_popup":"8088/bms/assets/uploads/images/prudential_images/bridges/bridge_9150/1714286605.jpg","bridge_name":"Kaligonga PC Girder Bridge (BG)","bridge_type":"PC Girder Bridge","road_no":"N805","zone":"Khulna","circle":"Khulna","division":"Bagerhat","subdivision":"Bagerhat -2","sae":"Bagerhat (2)","bridge_length_(m)":30.0,"bridge_width_(m)":10.1,"chainage_(km)":96.719,"ycoord":22.802171194444,"xcoord":89.736371388888998,"bms_inventory":"http://bms.rhd.gov.bd:8088/bms/bridges/inventory_view/109150","bms_detail":"http://bms.rhd.gov.bd:8088/bms/bridges/detail_view/109150","f_class_name":"PC Girder Bridge","keys":"[bridge_name, Bridge Name], [bridge_type,Type], [chainage_(km), Chainage (km)], [road_no, On Road], [division, Division], [subdivision, Subdivision], [bridge_length_(m), Length (m)], [bridge_width_(m), Width (m)],[map_link(=>{type:link, format:weblink}, Google Map,newtab=>),Google Map View],[bms_inventory(=>{type:link, format:weblink}, BMS Link,newtab=>), BMS Inventory],[bms_detail(=>{type:link, format:weblink},BMS Link,newtab=>), BMS Detailed View]","f_class_color":"#6ebed6"},"geometry":{"type":"Point","coordinates":[89.736371388888998,22.802171194444]}},
{"type":"Feature","properties":{"id":109154,"sl":9492,"map_link":"https://maps.google.com/?q=22.47580019444400000,89.62734858333300000&amp;z=8&amp;t=k","image_popup":"8088/bms/assets/uploads/images/prudential_images/bridges/bridge_9154/1714288341.jpg","bridge_name":"Malgazi RCC Girder Bridge","bridge_type":"RC Girder Bridge","road_no":"Z7701","zone":"Khulna","circle":"Khulna","division":"Bagerhat","subdivision":"Bagerhat -1","sae":"Bagerhat","bridge_length_(m)":6.5,"bridge_width_(m)":4.5,"chainage_(km)":24.53,"ycoord":22.475800194443998,"xcoord":89.627348583333003,"bms_inventory":"http://bms.rhd.gov.bd:8088/bms/bridges/inventory_view/109154","bms_detail":"http://bms.rhd.gov.bd:8088/bms/bridges/detail_view/109154","f_class_name":"RC Girder Bridge","keys":"[bridge_name, Bridge Name], [bridge_type,Type], [chainage_(km), Chainage (km)], [road_no, On Road], [division, Division], [subdivision, Subdivision], [bridge_length_(m), Length (m)], [bridge_width_(m), Width (m)],[map_link(=>{type:link, format:weblink}, Google Map,newtab=>),Google Map View],[bms_inventory(=>{type:link, format:weblink}, BMS Link,newtab=>), BMS Inventory],[bms_detail(=>{type:link, format:weblink},BMS Link,newtab=>), BMS Detailed View]","f_class_color":"#e8f674"},"geometry":{"type":"Point","coordinates":[89.627348583333003,22.475800194443998]}},
{"type":"Feature","properties":{"id":109166,"sl":3458,"map_link":"https://maps.google.com/?q=22.82076750000000000,89.74473119444400000&amp;z=8&amp;t=k","image_popup":"8088/bms/assets/uploads/images/prudential_images/bridges/bridge_9166/1714367807.jpg","bridge_name":"Chitra PC Girder Bridge","bridge_type":"PC Girder Bridge","road_no":"N805","zone":"Khulna","circle":"Khulna","division":"Bagerhat","subdivision":"Bagerhat -2","sae":"Bagerhat (2)","bridge_length_(m)":10.0,"bridge_width_(m)":10.1,"chainage_(km)":94.433,"ycoord":22.8207675,"xcoord":89.744731194444,"bms_inventory":"http://bms.rhd.gov.bd:8088/bms/bridges/inventory_view/109166","bms_detail":"http://bms.rhd.gov.bd:8088/bms/bridges/detail_view/109166","f_class_name":"PC Girder Bridge","keys":"[bridge_name, Bridge Name], [bridge_type,Type], [chainage_(km), Chainage (km)], [road_no, On Road], [division, Division], [subdivision, Subdivision], [bridge_length_(m), Length (m)], [bridge_width_(m), Width (m)],[map_link(=>{type:link, format:weblink}, Google Map,newtab=>),Google Map View],[bms_inventory(=>{type:link, format:weblink}, BMS Link,newtab=>), BMS Inventory],[bms_detail(=>{type:link, format:weblink},BMS Link,newtab=>), BMS Detailed View]","f_class_color":"#6ebed6"},"geometry":{"type":"Point","coordinates":[89.744731194444,22.8207675]}},
{"type":"Feature","properties":{"id":109169,"sl":3459,"map_link":"https://maps.google.com/?q=22.82044858333300000,89.74448669444400000&amp;z=8&amp;t=k","image_popup":"8088/bms/assets/uploads/images/prudential_images/bridges/bridge_9169/1714368551.jpg","bridge_name":"Chitra RCC Slab Bridge","bridge_type":"RC Slab Bridge","road_no":"N805","zone":"Khulna","circle":"Khulna","division":"Bagerhat","subdivision":"Bagerhat -2","sae":"Bagerhat (2)","bridge_length_(m)":16.0,"bridge_width_(m)":10.1,"chainage_(km)":94.466,"ycoord":22.820448583333,"xcoord":89.744486694444007,"bms_inventory":"http://bms.rhd.gov.bd:8088/bms/bridges/inventory_view/109169","bms_detail":"http://bms.rhd.gov.bd:8088/bms/bridges/detail_view/109169","f_class_name":"RC Slab Bridge","keys":"[bridge_name, Bridge Name], [bridge_type,Type], [chainage_(km), Chainage (km)], [road_no, On Road], [division, Division], [subdivision, Subdivision], [bridge_length_(m), Length (m)], [bridge_width_(m), Width (m)],[map_link(=>{type:link, format:weblink}, Google Map,newtab=>),Google Map View],[bms_inventory(=>{type:link, format:weblink}, BMS Link,newtab=>), BMS Inventory],[bms_detail(=>{type:link, format:weblink},BMS Link,newtab=>), BMS Detailed View]","f_class_color":"#088afa"},"geometry":{"type":"Point","coordinates":[89.744486694444007,22.820448583333]}},
{"type":"Feature","properties":{"id":109171,"sl":11149,"map_link":"https://maps.google.com/?q=22.80811427777800000,89.73815238888900000&amp;z=8&amp;t=k","image_popup":"8088/bms/assets/uploads/images/prudential_images/bridges/bridge_9171/1714370019.jpg","bridge_name":"Nonadanga PC Girder Bridge","bridge_type":"PC Girder Bridge","road_no":"N805","zone":"Khulna","circle":"Khulna","division":"Bagerhat","subdivision":"Bagerhat -2","sae":"Bagerhat (2)","bridge_length_(m)":10.0,"bridge_width_(m)":10.1,"chainage_(km)":96.033,"ycoord":22.808114277777999,"xcoord":89.738152388889006,"bms_inventory":"http://bms.rhd.gov.bd:8088/bms/bridges/inventory_view/109171","bms_detail":"http://bms.rhd.gov.bd:8088/bms/bridges/detail_view/109171","f_class_name":"PC Girder Bridge","keys":"[bridge_name, Bridge Name], [bridge_type,Type], [chainage_(km), Chainage (km)], [road_no, On Road], [division, Division], [subdivision, Subdivision], [bridge_length_(m), Length (m)], [bridge_width_(m), Width (m)],[map_link(=>{type:link, format:weblink}, Google Map,newtab=>),Google Map View],[bms_inventory(=>{type:link, format:weblink}, BMS Link,newtab=>), BMS Inventory],[bms_detail(=>{type:link, format:weblink},BMS Link,newtab=>), BMS Detailed View]","f_class_color":"#6ebed6"},"geometry":{"type":"Point","coordinates":[89.738152388889006,22.808114277777999]}},
{"type":"Feature","properties":{"id":109175,"sl":8011,"map_link":"https://maps.google.com/?q=22.81580619444400000,89.74124800000000000&amp;z=8&amp;t=k","image_popup":"8088/bms/assets/uploads/images/prudential_images/bridges/bridge_9175/1714371963.jpg","bridge_name":"Kendua PC Girder Bridge","bridge_type":"PC Girder Bridge","road_no":"N805","zone":"Khulna","circle":"Khulna","division":"Bagerhat","subdivision":"Bagerhat -2","sae":"Bagerhat (2)","bridge_length_(m)":30.0,"bridge_width_(m)":10.1,"chainage_(km)":95.093,"ycoord":22.815806194444001,"xcoord":89.741248,"bms_inventory":"http://bms.rhd.gov.bd:8088/bms/bridges/inventory_view/109175","bms_detail":"http://bms.rhd.gov.bd:8088/bms/bridges/detail_view/109175","f_class_name":"PC Girder Bridge","keys":"[bridge_name, Bridge Name], [bridge_type,Type], [chainage_(km), Chainage (km)], [road_no, On Road], [division, Division], [subdivision, Subdivision], [bridge_length_(m), Length (m)], [bridge_width_(m), Width (m)],[map_link(=>{type:link, format:weblink}, Google Map,newtab=>),Google Map View],[bms_inventory(=>{type:link, format:weblink}, BMS Link,newtab=>), BMS Inventory],[bms_detail(=>{type:link, format:weblink},BMS Link,newtab=>), BMS Detailed View]","f_class_color":"#6ebed6"},"geometry":{"type":"Point","coordinates":[89.741248,22.815806194444001]}},
{"type":"Feature","properties":{"id":109201,"sl":3194,"map_link":"https://maps.google.com/?q=22.46650658333300000,89.94320619444400000&amp;z=8&amp;t=k","image_popup":"8088/bms/assets/uploads/images/prudential_images/bridges/bridge_9201/1714455219.jpg","bridge_name":"Char Hoglabunia RCC Girder Bridge","bridge_type":"RC Girder Bridge","road_no":"Z7705","zone":"Khulna","circle":"Khulna","division":"Bagerhat","subdivision":"Bagerhat -1","sae":"Bagerhat","bridge_length_(m)":12.7,"bridge_width_(m)":10.2,"chainage_(km)":10.92,"ycoord":22.466506583333,"xcoord":89.943206194444002,"bms_inventory":"http://bms.rhd.gov.bd:8088/bms/bridges/inventory_view/109201","bms_detail":"http://bms.rhd.gov.bd:8088/bms/bridges/detail_view/109201","f_class_name":"RC Girder Bridge","keys":"[bridge_name, Bridge Name], [bridge_type,Type], [chainage_(km), Chainage (km)], [road_no, On Road], [division, Division], [subdivision, Subdivision], [bridge_length_(m), Length (m)], [bridge_width_(m), Width (m)],[map_link(=>{type:link, format:weblink}, Google Map,newtab=>),Google Map View],[bms_inventory(=>{type:link, format:weblink}, BMS Link,newtab=>), BMS Inventory],[bms_detail(=>{type:link, format:weblink},BMS Link,newtab=>), BMS Detailed View]","f_class_color":"#e8f674"},"geometry":{"type":"Point","coordinates":[89.943206194444002,22.466506583333]}},
{"type":"Feature","properties":{"id":109207,"sl":3065,"map_link":"https://maps.google.com/?q=22.83153319444400000,89.75265808333300000&amp;z=8&amp;t=k","image_popup":"8088/bms/assets/uploads/images/prudential_images/bridges/bridge_9207/1714459286.jpg","bridge_name":"Chanderhat PC Girder Bridge 2","bridge_type":"PC Girder Bridge","road_no":"N805","zone":"Khulna","circle":"Khulna","division":"Bagerhat","subdivision":"Bagerhat -2","sae":"Bagerhat (2)","bridge_length_(m)":10.0,"bridge_width_(m)":10.1,"chainage_(km)":92.967,"ycoord":22.831533194443999,"xcoord":89.752658083333003,"bms_inventory":"http://bms.rhd.gov.bd:8088/bms/bridges/inventory_view/109207","bms_detail":"http://bms.rhd.gov.bd:8088/bms/bridges/detail_view/109207","f_class_name":"PC Girder Bridge","keys":"[bridge_name, Bridge Name], [bridge_type,Type], [chainage_(km), Chainage (km)], [road_no, On Road], [division, Division], [subdivision, Subdivision], [bridge_length_(m), Length (m)], [bridge_width_(m), Width (m)],[map_link(=>{type:link, format:weblink}, Google Map,newtab=>),Google Map View],[bms_inventory(=>{type:link, format:weblink}, BMS Link,newtab=>), BMS Inventory],[bms_detail(=>{type:link, format:weblink},BMS Link,newtab=>), BMS Detailed View]","f_class_color":"#6ebed6"},"geometry":{"type":"Point","coordinates":[89.752658083333003,22.831533194443999]}},
{"type":"Feature","properties":{"id":109209,"sl":3064,"map_link":"https://maps.google.com/?q=22.82479569444400000,89.74759008333300000&amp;z=8&amp;t=k","image_popup":"8088/bms/assets/uploads/images/prudential_images/bridges/bridge_9209/1714460075.jpg","bridge_name":"Chanderhat PC Girder Bridge","bridge_type":"PC Girder Bridge","road_no":"N805","zone":"Khulna","circle":"Khulna","division":"Bagerhat","subdivision":"Bagerhat -2","sae":"Bagerhat (2)","bridge_length_(m)":10.0,"bridge_width_(m)":10.1,"chainage_(km)":93.881,"ycoord":22.824795694443999,"xcoord":89.747590083332994,"bms_inventory":"http://bms.rhd.gov.bd:8088/bms/bridges/inventory_view/109209","bms_detail":"http://bms.rhd.gov.bd:8088/bms/bridges/detail_view/109209","f_class_name":"PC Girder Bridge","keys":"[bridge_name, Bridge Name], [bridge_type,Type], [chainage_(km), Chainage (km)], [road_no, On Road], [division, Division], [subdivision, Subdivision], [bridge_length_(m), Length (m)], [bridge_width_(m), Width (m)],[map_link(=>{type:link, format:weblink}, Google Map,newtab=>),Google Map View],[bms_inventory(=>{type:link, format:weblink}, BMS Link,newtab=>), BMS Inventory],[bms_detail(=>{type:link, format:weblink},BMS Link,newtab=>), BMS Detailed View]","f_class_color":"#6ebed6"},"geometry":{"type":"Point","coordinates":[89.747590083332994,22.824795694443999]}},
{"type":"Feature","properties":{"id":109211,"sl":3272,"map_link":"https://maps.google.com/?q=22.89840250000000000,89.76559708333300000&amp;z=8&amp;t=k","image_popup":"8088/bms/assets/uploads/images/prudential_images/bridges/bridge_9211/1714461725.jpg","bridge_name":"Charkulia Baily Bridge","bridge_type":"Portable Steel Bridge","road_no":"Z8409","zone":"Khulna","circle":"Khulna","division":"Bagerhat","subdivision":"Bagerhat -2","sae":"Bagerhat (2)","bridge_length_(m)":24.0,"bridge_width_(m)":3.505,"chainage_(km)":19.638,"ycoord":22.8984025,"xcoord":89.765597083333006,"bms_inventory":"http://bms.rhd.gov.bd:8088/bms/bridges/inventory_view/109211","bms_detail":"http://bms.rhd.gov.bd:8088/bms/bridges/detail_view/109211","f_class_name":"Portable Steel Bridge","keys":"[bridge_name, Bridge Name], [bridge_type,Type], [chainage_(km), Chainage (km)], [road_no, On Road], [division, Division], [subdivision, Subdivision], [bridge_length_(m), Length (m)], [bridge_width_(m), Width (m)],[map_link(=>{type:link, format:weblink}, Google Map,newtab=>),Google Map View],[bms_inventory(=>{type:link, format:weblink}, BMS Link,newtab=>), BMS Inventory],[bms_detail(=>{type:link, format:weblink},BMS Link,newtab=>), BMS Detailed View]","f_class_color":"#29ffa4"},"geometry":{"type":"Point","coordinates":[89.765597083333006,22.8984025]}},
{"type":"Feature","properties":{"id":109212,"sl":5445,"map_link":"https://maps.google.com/?q=22.84937750000000000,89.75431269444400000&amp;z=8&amp;t=k","image_popup":"8088/bms/assets/uploads/images/prudential_images/bridges/bridge_9212/1714465784.jpg","bridge_name":"Gawla PC Girder Bridge","bridge_type":"PC Girder Bridge","road_no":"N805","zone":"Khulna","circle":"Khulna","division":"Bagerhat","subdivision":"Bagerhat -2","sae":"Bagerhat (2)","bridge_length_(m)":10.0,"bridge_width_(m)":10.1,"chainage_(km)":90.963,"ycoord":22.8493775,"xcoord":89.754312694443996,"bms_inventory":"http://bms.rhd.gov.bd:8088/bms/bridges/inventory_view/109212","bms_detail":"http://bms.rhd.gov.bd:8088/bms/bridges/detail_view/109212","f_class_name":"PC Girder Bridge","keys":"[bridge_name, Bridge Name], [bridge_type,Type], [chainage_(km), Chainage (km)], [road_no, On Road], [division, Division], [subdivision, Subdivision], [bridge_length_(m), Length (m)], [bridge_width_(m), Width (m)],[map_link(=>{type:link, format:weblink}, Google Map,newtab=>),Google Map View],[bms_inventory(=>{type:link, format:weblink}, BMS Link,newtab=>), BMS Inventory],[bms_detail(=>{type:link, format:weblink},BMS Link,newtab=>), BMS Detailed View]","f_class_color":"#6ebed6"},"geometry":{"type":"Point","coordinates":[89.754312694443996,22.8493775]}},
{"type":"Feature","properties":{"id":109215,"sl":5511,"map_link":"https://maps.google.com/?q=22.87462627777800000,89.76387877777800000&amp;z=8&amp;t=k","image_popup":"8088/bms/assets/uploads/images/prudential_images/bridges/bridge_9215/1714466683.jpg","bridge_name":"Ghatbila PC Girder Bridge 2","bridge_type":"PC Girder Bridge","road_no":"N805","zone":"Khulna","circle":"Khulna","division":"Bagerhat","subdivision":"Bagerhat -2","sae":"Bagerhat (2)","bridge_length_(m)":10.0,"bridge_width_(m)":10.1,"chainage_(km)":87.957,"ycoord":22.874626277777999,"xcoord":89.763878777778004,"bms_inventory":"http://bms.rhd.gov.bd:8088/bms/bridges/inventory_view/109215","bms_detail":"http://bms.rhd.gov.bd:8088/bms/bridges/detail_view/109215","f_class_name":"PC Girder Bridge","keys":"[bridge_name, Bridge Name], [bridge_type,Type], [chainage_(km), Chainage (km)], [road_no, On Road], [division, Division], [subdivision, Subdivision], [bridge_length_(m), Length (m)], [bridge_width_(m), Width (m)],[map_link(=>{type:link, format:weblink}, Google Map,newtab=>),Google Map View],[bms_inventory(=>{type:link, format:weblink}, BMS Link,newtab=>), BMS Inventory],[bms_detail(=>{type:link, format:weblink},BMS Link,newtab=>), BMS Detailed View]","f_class_color":"#6ebed6"},"geometry":{"type":"Point","coordinates":[89.763878777778004,22.874626277777999]}},
{"type":"Feature","properties":{"id":109218,"sl":9365,"map_link":"https://maps.google.com/?q=22.85656288888900000,89.75543450000000000&amp;z=8&amp;t=k","image_popup":"8088/bms/assets/uploads/images/prudential_images/bridges/bridge_9218/1714467851.jpg","bridge_name":"Madrasaghat PC Girder Bridge","bridge_type":"PC Girder Bridge","road_no":"N805","zone":"Khulna","circle":"Khulna","division":"Bagerhat","subdivision":"Bagerhat -2","sae":"Bagerhat (2)","bridge_length_(m)":30.0,"bridge_width_(m)":10.1,"chainage_(km)":90.153,"ycoord":22.856562888888998,"xcoord":89.7554345,"bms_inventory":"http://bms.rhd.gov.bd:8088/bms/bridges/inventory_view/109218","bms_detail":"http://bms.rhd.gov.bd:8088/bms/bridges/detail_view/109218","f_class_name":"PC Girder Bridge","keys":"[bridge_name, Bridge Name], [bridge_type,Type], [chainage_(km), Chainage (km)], [road_no, On Road], [division, Division], [subdivision, Subdivision], [bridge_length_(m), Length (m)], [bridge_width_(m), Width (m)],[map_link(=>{type:link, format:weblink}, Google Map,newtab=>),Google Map View],[bms_inventory(=>{type:link, format:weblink}, BMS Link,newtab=>), BMS Inventory],[bms_detail(=>{type:link, format:weblink},BMS Link,newtab=>), BMS Detailed View]","f_class_color":"#6ebed6"},"geometry":{"type":"Point","coordinates":[89.7554345,22.856562888888998]}},
{"type":"Feature","properties":{"id":109220,"sl":12545,"map_link":"https://maps.google.com/?q=22.87132869444400000,89.76184458333300000&amp;z=8&amp;t=k","image_popup":"8088/bms/assets/uploads/images/prudential_images/bridges/bridge_9220/1714468999.jpg","bridge_name":"Rajpat PC Girder Bridge","bridge_type":"PC Girder Bridge","road_no":"N805","zone":"Khulna","circle":"Khulna","division":"Bagerhat","subdivision":"Bagerhat -2","sae":"Bagerhat (2)","bridge_length_(m)":10.0,"bridge_width_(m)":10.1,"chainage_(km)":88.396,"ycoord":22.871328694443999,"xcoord":89.761844583333001,"bms_inventory":"http://bms.rhd.gov.bd:8088/bms/bridges/inventory_view/109220","bms_detail":"http://bms.rhd.gov.bd:8088/bms/bridges/detail_view/109220","f_class_name":"PC Girder Bridge","keys":"[bridge_name, Bridge Name], [bridge_type,Type], [chainage_(km), Chainage (km)], [road_no, On Road], [division, Division], [subdivision, Subdivision], [bridge_length_(m), Length (m)], [bridge_width_(m), Width (m)],[map_link(=>{type:link, format:weblink}, Google Map,newtab=>),Google Map View],[bms_inventory(=>{type:link, format:weblink}, BMS Link,newtab=>), BMS Inventory],[bms_detail(=>{type:link, format:weblink},BMS Link,newtab=>), BMS Detailed View]","f_class_color":"#6ebed6"},"geometry":{"type":"Point","coordinates":[89.761844583333001,22.871328694443999]}},
{"type":"Feature","properties":{"id":109221,"sl":7206,"map_link":"https://maps.google.com/?q=22.74423419444400000,89.63386000000000000&amp;z=8&amp;t=k","image_popup":"8088/bms/assets/uploads/images/prudential_images/bridges/bridge_9221/1714470276.jpg","bridge_name":"Jugikhali PC Girder Bridge","bridge_type":"PC Girder Bridge","road_no":"N7","zone":"Khulna","circle":"Khulna","division":"Bagerhat","subdivision":"Bagerhat -2","sae":"Bagerhat (2)","bridge_length_(m)":81.2,"bridge_width_(m)":9.64,"chainage_(km)":222.8,"ycoord":22.744234194444001,"xcoord":89.63386,"bms_inventory":"http://bms.rhd.gov.bd:8088/bms/bridges/inventory_view/109221","bms_detail":"http://bms.rhd.gov.bd:8088/bms/bridges/detail_view/109221","f_class_name":"PC Girder Bridge","keys":"[bridge_name, Bridge Name], [bridge_type,Type], [chainage_(km), Chainage (km)], [road_no, On Road], [division, Division], [subdivision, Subdivision], [bridge_length_(m), Length (m)], [bridge_width_(m), Width (m)],[map_link(=>{type:link, format:weblink}, Google Map,newtab=>),Google Map View],[bms_inventory(=>{type:link, format:weblink}, BMS Link,newtab=>), BMS Inventory],[bms_detail(=>{type:link, format:weblink},BMS Link,newtab=>), BMS Detailed View]","f_class_color":"#6ebed6"},"geometry":{"type":"Point","coordinates":[89.63386,22.744234194444001]}},
{"type":"Feature","properties":{"id":109223,"sl":1658,"map_link":"https://maps.google.com/?q=22.57298719444400000,89.61390938888900000&amp;z=8&amp;t=k","image_popup":"8088/bms/assets/uploads/images/prudential_images/bridges/bridge_9223/1714798650.jpg","bridge_name":"Baylai PC Girder Bridge","bridge_type":"PC Girder Bridge","road_no":"N7","zone":"Khulna","circle":"Khulna","division":"Bagerhat","subdivision":"Bagerhat -2","sae":"Bagerhat (2)","bridge_length_(m)":61.2,"bridge_width_(m)":10.8,"chainage_(km)":243.735,"ycoord":22.572987194444,"xcoord":89.613909388888999,"bms_inventory":"http://bms.rhd.gov.bd:8088/bms/bridges/inventory_view/109223","bms_detail":"http://bms.rhd.gov.bd:8088/bms/bridges/detail_view/109223","f_class_name":"PC Girder Bridge","keys":"[bridge_name, Bridge Name], [bridge_type,Type], [chainage_(km), Chainage (km)], [road_no, On Road], [division, Division], [subdivision, Subdivision], [bridge_length_(m), Length (m)], [bridge_width_(m), Width (m)],[map_link(=>{type:link, format:weblink}, Google Map,newtab=>),Google Map View],[bms_inventory(=>{type:link, format:weblink}, BMS Link,newtab=>), BMS Inventory],[bms_detail(=>{type:link, format:weblink},BMS Link,newtab=>), BMS Detailed View]","f_class_color":"#6ebed6"},"geometry":{"type":"Point","coordinates":[89.613909388888999,22.572987194444]}},
{"type":"Feature","properties":{"id":109224,"sl":1659,"map_link":"https://maps.google.com/?q=22.57325127777800000,89.61434427777800000&amp;z=8&amp;t=k","image_popup":"8088/bms/assets/uploads/images/prudential_images/bridges/bridge_9224/1714799566.jpg","bridge_name":"Baylai RCC Balanced Cantilever Bridge","bridge_type":"RC Girder Bridge","road_no":"N7","zone":"Khulna","circle":"Khulna","division":"Bagerhat","subdivision":"Bagerhat -2","sae":"Bagerhat (2)","bridge_length_(m)":55.5,"bridge_width_(m)":9.7,"chainage_(km)":243.735,"ycoord":22.573251277777999,"xcoord":89.614344277778002,"bms_inventory":"http://bms.rhd.gov.bd:8088/bms/bridges/inventory_view/109224","bms_detail":"http://bms.rhd.gov.bd:8088/bms/bridges/detail_view/109224","f_class_name":"RC Girder Bridge","keys":"[bridge_name, Bridge Name], [bridge_type,Type], [chainage_(km), Chainage (km)], [road_no, On Road], [division, Division], [subdivision, Subdivision], [bridge_length_(m), Length (m)], [bridge_width_(m), Width (m)],[map_link(=>{type:link, format:weblink}, Google Map,newtab=>),Google Map View],[bms_inventory(=>{type:link, format:weblink}, BMS Link,newtab=>), BMS Inventory],[bms_detail(=>{type:link, format:weblink},BMS Link,newtab=>), BMS Detailed View]","f_class_color":"#e8f674"},"geometry":{"type":"Point","coordinates":[89.614344277778002,22.573251277777999]}},
{"type":"Feature","properties":{"id":109231,"sl":5751,"map_link":"https://maps.google.com/?q=22.55621069444400000,89.59527508333300000&amp;z=8&amp;t=k","image_popup":"8088/bms/assets/uploads/images/prudential_images/bridges/bridge_9231/1714804781.jpg","bridge_name":"Gona PC Box Girder Bridge","bridge_type":"PC Box Girder Bridge","road_no":"N7","zone":"Khulna","circle":"Khulna","division":"Bagerhat","subdivision":"Bagerhat -2","sae":"Bagerhat (2)","bridge_length_(m)":22.0,"bridge_width_(m)":11.2,"chainage_(km)":246.467,"ycoord":22.556210694444001,"xcoord":89.595275083332993,"bms_inventory":"http://bms.rhd.gov.bd:8088/bms/bridges/inventory_view/109231","bms_detail":"http://bms.rhd.gov.bd:8088/bms/bridges/detail_view/109231","f_class_name":"PC Box Girder Bridge","keys":"[bridge_name, Bridge Name], [bridge_type,Type], [chainage_(km), Chainage (km)], [road_no, On Road], [division, Division], [subdivision, Subdivision], [bridge_length_(m), Length (m)], [bridge_width_(m), Width (m)],[map_link(=>{type:link, format:weblink}, Google Map,newtab=>),Google Map View],[bms_inventory(=>{type:link, format:weblink}, BMS Link,newtab=>), BMS Inventory],[bms_detail(=>{type:link, format:weblink},BMS Link,newtab=>), BMS Detailed View]","f_class_color":"#41df33"},"geometry":{"type":"Point","coordinates":[89.595275083332993,22.556210694444001]}},
{"type":"Feature","properties":{"id":109233,"sl":5752,"map_link":"https://maps.google.com/?q=22.55583777777800000,89.59478977777800000&amp;z=8&amp;t=k","image_popup":"8088/bms/assets/uploads/images/prudential_images/bridges/bridge_9233/1714805619.jpg","bridge_name":"Gona PC Girder Bridge","bridge_type":"PC Girder Bridge","road_no":"N7","zone":"Khulna","circle":"Khulna","division":"Bagerhat","subdivision":"Bagerhat -2","sae":"Bagerhat (2)","bridge_length_(m)":26.0,"bridge_width_(m)":11.1,"chainage_(km)":246.467,"ycoord":22.555837777777999,"xcoord":89.594789777778004,"bms_inventory":"http://bms.rhd.gov.bd:8088/bms/bridges/inventory_view/109233","bms_detail":"http://bms.rhd.gov.bd:8088/bms/bridges/detail_view/109233","f_class_name":"PC Girder Bridge","keys":"[bridge_name, Bridge Name], [bridge_type,Type], [chainage_(km), Chainage (km)], [road_no, On Road], [division, Division], [subdivision, Subdivision], [bridge_length_(m), Length (m)], [bridge_width_(m), Width (m)],[map_link(=>{type:link, format:weblink}, Google Map,newtab=>),Google Map View],[bms_inventory(=>{type:link, format:weblink}, BMS Link,newtab=>), BMS Inventory],[bms_detail(=>{type:link, format:weblink},BMS Link,newtab=>), BMS Detailed View]","f_class_color":"#6ebed6"},"geometry":{"type":"Point","coordinates":[89.594789777778004,22.555837777777999]}},
{"type":"Feature","properties":{"id":109234,"sl":12740,"map_link":"https://maps.google.com/?q=22.31608000000000000,89.84856750000000000&amp;z=8&amp;t=k","image_popup":"8088/bms/assets/uploads/images/prudential_images/bridges/bridge_9234/1714804890.jpg","bridge_name":"Rayenda Bazar PC Girder Bridge","bridge_type":"PC Girder Bridge","road_no":"R773","zone":"Khulna","circle":"Khulna","division":"Bagerhat","subdivision":"Bagerhat -1","sae":"Morelgonj","bridge_length_(m)":94.5,"bridge_width_(m)":9.6,"chainage_(km)":38.47,"ycoord":22.31608,"xcoord":89.8485675,"bms_inventory":"http://bms.rhd.gov.bd:8088/bms/bridges/inventory_view/109234","bms_detail":"http://bms.rhd.gov.bd:8088/bms/bridges/detail_view/109234","f_class_name":"PC Girder Bridge","keys":"[bridge_name, Bridge Name], [bridge_type,Type], [chainage_(km), Chainage (km)], [road_no, On Road], [division, Division], [subdivision, Subdivision], [bridge_length_(m), Length (m)], [bridge_width_(m), Width (m)],[map_link(=>{type:link, format:weblink}, Google Map,newtab=>),Google Map View],[bms_inventory(=>{type:link, format:weblink}, BMS Link,newtab=>), BMS Inventory],[bms_detail(=>{type:link, format:weblink},BMS Link,newtab=>), BMS Detailed View]","f_class_color":"#6ebed6"},"geometry":{"type":"Point","coordinates":[89.8485675,22.31608]}},
{"type":"Feature","properties":{"id":109235,"sl":7286,"map_link":"https://maps.google.com/?q=22.65059869444400000,89.88032077777800000&amp;z=8&amp;t=k","image_popup":"8088/bms/assets/uploads/images/prudential_images/bridges/bridge_9235/1719807879.jpg","bridge_name":"Kachua RCC Girder Bridge 1","bridge_type":"RC Girder Bridge","road_no":"Z7714","zone":"Khulna","circle":"Khulna","division":"Bagerhat","subdivision":"Bagerhat -1","sae":"Daratana","bridge_length_(m)":55.8,"bridge_width_(m)":4.8,"chainage_(km)":10.399,"ycoord":22.650598694444,"xcoord":89.880320777777996,"bms_inventory":"http://bms.rhd.gov.bd:8088/bms/bridges/inventory_view/109235","bms_detail":"http://bms.rhd.gov.bd:8088/bms/bridges/detail_view/109235","f_class_name":"RC Girder Bridge","keys":"[bridge_name, Bridge Name], [bridge_type,Type], [chainage_(km), Chainage (km)], [road_no, On Road], [division, Division], [subdivision, Subdivision], [bridge_length_(m), Length (m)], [bridge_width_(m), Width (m)],[map_link(=>{type:link, format:weblink}, Google Map,newtab=>),Google Map View],[bms_inventory(=>{type:link, format:weblink}, BMS Link,newtab=>), BMS Inventory],[bms_detail(=>{type:link, format:weblink},BMS Link,newtab=>), BMS Detailed View]","f_class_color":"#e8f674"},"geometry":{"type":"Point","coordinates":[89.880320777777996,22.650598694444]}},
{"type":"Feature","properties":{"id":109240,"sl":2195,"map_link":"https://maps.google.com/?q=22.58858319444400000,89.63154827777800000&amp;z=8&amp;t=k","image_popup":"8088/bms/assets/uploads/images/prudential_images/bridges/bridge_9240/1714812797.jpg","bridge_name":"Bogura RCC Balanced Cantilever Bridge","bridge_type":"RC Girder Bridge","road_no":"N7","zone":"Khulna","circle":"Khulna","division":"Bagerhat","subdivision":"Bagerhat -2","sae":"Bagerhat (2)","bridge_length_(m)":52.5,"bridge_width_(m)":9.7,"chainage_(km)":241.268,"ycoord":22.588583194443999,"xcoord":89.631548277777995,"bms_inventory":"http://bms.rhd.gov.bd:8088/bms/bridges/inventory_view/109240","bms_detail":"http://bms.rhd.gov.bd:8088/bms/bridges/detail_view/109240","f_class_name":"RC Girder Bridge","keys":"[bridge_name, Bridge Name], [bridge_type,Type], [chainage_(km), Chainage (km)], [road_no, On Road], [division, Division], [subdivision, Subdivision], [bridge_length_(m), Length (m)], [bridge_width_(m), Width (m)],[map_link(=>{type:link, format:weblink}, Google Map,newtab=>),Google Map View],[bms_inventory(=>{type:link, format:weblink}, BMS Link,newtab=>), BMS Inventory],[bms_detail(=>{type:link, format:weblink},BMS Link,newtab=>), BMS Detailed View]","f_class_color":"#e8f674"},"geometry":{"type":"Point","coordinates":[89.631548277777995,22.588583194443999]}},
{"type":"Feature","properties":{"id":109252,"sl":5257,"map_link":"https://maps.google.com/?q=22.63206519444400000,89.64196969444400000&amp;z=8&amp;t=k","image_popup":"8088/bms/assets/img/no_picture.png","bridge_name":"Foyla PC Box Girder Bridge","bridge_type":"PC Box Girder Bridge","road_no":"N7","zone":"Khulna","circle":"Khulna","division":"Bagerhat","subdivision":"Bagerhat -2","sae":"Bagerhat (2)","bridge_length_(m)":26.5,"bridge_width_(m)":9.7,"chainage_(km)":235.952,"ycoord":22.632065194443999,"xcoord":89.641969694444001,"bms_inventory":"http://bms.rhd.gov.bd:8088/bms/bridges/inventory_view/109252","bms_detail":"http://bms.rhd.gov.bd:8088/bms/bridges/detail_view/109252","f_class_name":"PC Box Girder Bridge","keys":"[bridge_name, Bridge Name], [bridge_type,Type], [chainage_(km), Chainage (km)], [road_no, On Road], [division, Division], [subdivision, Subdivision], [bridge_length_(m), Length (m)], [bridge_width_(m), Width (m)],[map_link(=>{type:link, format:weblink}, Google Map,newtab=>),Google Map View],[bms_inventory(=>{type:link, format:weblink}, BMS Link,newtab=>), BMS Inventory],[bms_detail(=>{type:link, format:weblink},BMS Link,newtab=>), BMS Detailed View]","f_class_color":"#41df33"},"geometry":{"type":"Point","coordinates":[89.641969694444001,22.632065194443999]}},
{"type":"Feature","properties":{"id":109260,"sl":14992,"map_link":"https://maps.google.com/?q=22.58448369444400000,89.62700527777800000&amp;z=8&amp;t=k","image_popup":"8088/bms/assets/uploads/images/prudential_images/bridges/bridge_9260/1714821107.jpg","bridge_name":"Tetulia PC Girder Bridge","bridge_type":"PC Girder Bridge","road_no":"N7","zone":"Khulna","circle":"Khulna","division":"Bagerhat","subdivision":"Bagerhat -2","sae":"Bagerhat (2)","bridge_length_(m)":31.5,"bridge_width_(m)":9.7,"chainage_(km)":241.912,"ycoord":22.584483694444,"xcoord":89.627005277777997,"bms_inventory":"http://bms.rhd.gov.bd:8088/bms/bridges/inventory_view/109260","bms_detail":"http://bms.rhd.gov.bd:8088/bms/bridges/detail_view/109260","f_class_name":"PC Girder Bridge","keys":"[bridge_name, Bridge Name], [bridge_type,Type], [chainage_(km), Chainage (km)], [road_no, On Road], [division, Division], [subdivision, Subdivision], [bridge_length_(m), Length (m)], [bridge_width_(m), Width (m)],[map_link(=>{type:link, format:weblink}, Google Map,newtab=>),Google Map View],[bms_inventory(=>{type:link, format:weblink}, BMS Link,newtab=>), BMS Inventory],[bms_detail(=>{type:link, format:weblink},BMS Link,newtab=>), BMS Detailed View]","f_class_color":"#6ebed6"},"geometry":{"type":"Point","coordinates":[89.627005277777997,22.584483694444]}},
{"type":"Feature","properties":{"id":109276,"sl":5965,"map_link":"https://maps.google.com/?q=22.40706727777800000,89.75072658333300000&amp;z=8&amp;t=k","image_popup":"8088/bms/assets/uploads/images/prudential_images/bridges/bridge_9276/1714885230.jpg","bridge_name":"Guilshakhali RCC Girder Bridge","bridge_type":"RC Girder Bridge","road_no":"Z7701","zone":"Khulna","circle":"Khulna","division":"Bagerhat","subdivision":"Bagerhat -1","sae":"Bagerhat","bridge_length_(m)":16.6,"bridge_width_(m)":10.3,"chainage_(km)":8.18,"ycoord":22.407067277778001,"xcoord":89.750726583333005,"bms_inventory":"http://bms.rhd.gov.bd:8088/bms/bridges/inventory_view/109276","bms_detail":"http://bms.rhd.gov.bd:8088/bms/bridges/detail_view/109276","f_class_name":"RC Girder Bridge","keys":"[bridge_name, Bridge Name], [bridge_type,Type], [chainage_(km), Chainage (km)], [road_no, On Road], [division, Division], [subdivision, Subdivision], [bridge_length_(m), Length (m)], [bridge_width_(m), Width (m)],[map_link(=>{type:link, format:weblink}, Google Map,newtab=>),Google Map View],[bms_inventory(=>{type:link, format:weblink}, BMS Link,newtab=>), BMS Inventory],[bms_detail(=>{type:link, format:weblink},BMS Link,newtab=>), BMS Detailed View]","f_class_color":"#e8f674"},"geometry":{"type":"Point","coordinates":[89.750726583333005,22.407067277778001]}},
{"type":"Feature","properties":{"id":109283,"sl":6994,"map_link":"https://maps.google.com/?q=22.41834788888900000,89.72802469444400000&amp;z=8&amp;t=k","image_popup":"8088/bms/assets/uploads/images/prudential_images/bridges/bridge_9283/1714888363.jpg","bridge_name":"Jiudhara RCC Girder Bridge","bridge_type":"RC Girder Bridge","road_no":"Z7701","zone":"Khulna","circle":"Khulna","division":"Bagerhat","subdivision":"Bagerhat -1","sae":"Bagerhat","bridge_length_(m)":13.5,"bridge_width_(m)":10.2,"chainage_(km)":11.28,"ycoord":22.418347888888999,"xcoord":89.728024694444002,"bms_inventory":"http://bms.rhd.gov.bd:8088/bms/bridges/inventory_view/109283","bms_detail":"http://bms.rhd.gov.bd:8088/bms/bridges/detail_view/109283","f_class_name":"RC Girder Bridge","keys":"[bridge_name, Bridge Name], [bridge_type,Type], [chainage_(km), Chainage (km)], [road_no, On Road], [division, Division], [subdivision, Subdivision], [bridge_length_(m), Length (m)], [bridge_width_(m), Width (m)],[map_link(=>{type:link, format:weblink}, Google Map,newtab=>),Google Map View],[bms_inventory(=>{type:link, format:weblink}, BMS Link,newtab=>), BMS Inventory],[bms_detail(=>{type:link, format:weblink},BMS Link,newtab=>), BMS Detailed View]","f_class_color":"#e8f674"},"geometry":{"type":"Point","coordinates":[89.728024694444002,22.418347888888999]}},
{"type":"Feature","properties":{"id":109285,"sl":8345,"map_link":"https://maps.google.com/?q=22.45508450000000000,89.69191977777800000&amp;z=8&amp;t=k","image_popup":"8088/bms/assets/uploads/images/prudential_images/bridges/bridge_9285/1714889310.jpg","bridge_name":"Khunkarerber RCC Girder Bridge","bridge_type":"RC Girder Bridge","road_no":"Z7045","zone":"Khulna","circle":"Khulna","division":"Bagerhat","subdivision":"Bagerhat -1","sae":"Bagerhat","bridge_length_(m)":10.1,"bridge_width_(m)":7.0,"chainage_(km)":17.06,"ycoord":22.4550845,"xcoord":89.691919777777997,"bms_inventory":"http://bms.rhd.gov.bd:8088/bms/bridges/inventory_view/109285","bms_detail":"http://bms.rhd.gov.bd:8088/bms/bridges/detail_view/109285","f_class_name":"RC Girder Bridge","keys":"[bridge_name, Bridge Name], [bridge_type,Type], [chainage_(km), Chainage (km)], [road_no, On Road], [division, Division], [subdivision, Subdivision], [bridge_length_(m), Length (m)], [bridge_width_(m), Width (m)],[map_link(=>{type:link, format:weblink}, Google Map,newtab=>),Google Map View],[bms_inventory(=>{type:link, format:weblink}, BMS Link,newtab=>), BMS Inventory],[bms_detail(=>{type:link, format:weblink},BMS Link,newtab=>), BMS Detailed View]","f_class_color":"#e8f674"},"geometry":{"type":"Point","coordinates":[89.691919777777997,22.4550845]}},
{"type":"Feature","properties":{"id":109306,"sl":1917,"map_link":"https://maps.google.com/?q=22.68104277777800000,89.65160019444400000&amp;z=8&amp;t=k","image_popup":"8088/bms/assets/uploads/images/prudential_images/bridges/bridge_9306/1715061175.jpg","bridge_name":"Bhola RCC Girder Bridge","bridge_type":"RC Girder Bridge","road_no":"N7","zone":"Khulna","circle":"Khulna","division":"Bagerhat","subdivision":"Bagerhat -1","sae":"Bagerhat","bridge_length_(m)":22.0,"bridge_width_(m)":9.7,"chainage_(km)":230.176,"ycoord":22.681042777778,"xcoord":89.651600194444001,"bms_inventory":"http://bms.rhd.gov.bd:8088/bms/bridges/inventory_view/109306","bms_detail":"http://bms.rhd.gov.bd:8088/bms/bridges/detail_view/109306","f_class_name":"RC Girder Bridge","keys":"[bridge_name, Bridge Name], [bridge_type,Type], [chainage_(km), Chainage (km)], [road_no, On Road], [division, Division], [subdivision, Subdivision], [bridge_length_(m), Length (m)], [bridge_width_(m), Width (m)],[map_link(=>{type:link, format:weblink}, Google Map,newtab=>),Google Map View],[bms_inventory(=>{type:link, format:weblink}, BMS Link,newtab=>), BMS Inventory],[bms_detail(=>{type:link, format:weblink},BMS Link,newtab=>), BMS Detailed View]","f_class_color":"#e8f674"},"geometry":{"type":"Point","coordinates":[89.651600194444001,22.681042777778]}},
{"type":"Feature","properties":{"id":109309,"sl":7342,"map_link":"https://maps.google.com/?q=22.45853750000000000,89.60011519444400000&amp;z=8&amp;t=k","image_popup":"8088/bms/assets/uploads/images/prudential_images/bridges/bridge_9309/1715063282.jpg","bridge_name":"Kainmari RCC Girder Bridge","bridge_type":"RC Girder Bridge","road_no":"Z7713","zone":"Khulna","circle":"Khulna","division":"Bagerhat","subdivision":"Bagerhat -2","sae":"Bagerhat (2)","bridge_length_(m)":42.6,"bridge_width_(m)":4.6,"chainage_(km)":0.585,"ycoord":22.4585375,"xcoord":89.600115194444001,"bms_inventory":"http://bms.rhd.gov.bd:8088/bms/bridges/inventory_view/109309","bms_detail":"http://bms.rhd.gov.bd:8088/bms/bridges/detail_view/109309","f_class_name":"RC Girder Bridge","keys":"[bridge_name, Bridge Name], [bridge_type,Type], [chainage_(km), Chainage (km)], [road_no, On Road], [division, Division], [subdivision, Subdivision], [bridge_length_(m), Length (m)], [bridge_width_(m), Width (m)],[map_link(=>{type:link, format:weblink}, Google Map,newtab=>),Google Map View],[bms_inventory(=>{type:link, format:weblink}, BMS Link,newtab=>), BMS Inventory],[bms_detail(=>{type:link, format:weblink},BMS Link,newtab=>), BMS Detailed View]","f_class_color":"#e8f674"},"geometry":{"type":"Point","coordinates":[89.600115194444001,22.4585375]}},
{"type":"Feature","properties":{"id":109314,"sl":7643,"map_link":"https://maps.google.com/?q=22.45659658333300000,89.60211069444400000&amp;z=8&amp;t=k","image_popup":"8088/bms/assets/uploads/images/prudential_images/bridges/bridge_9314/1715065521.jpg","bridge_name":"Kanainagar RCC Girder Bridge","bridge_type":"RC Girder Bridge","road_no":"Z7713","zone":"Khulna","circle":"Khulna","division":"Bagerhat","subdivision":"Bagerhat -2","sae":"Bagerhat (2)","bridge_length_(m)":27.0,"bridge_width_(m)":4.5,"chainage_(km)":0.959,"ycoord":22.456596583332999,"xcoord":89.602110694443994,"bms_inventory":"http://bms.rhd.gov.bd:8088/bms/bridges/inventory_view/109314","bms_detail":"http://bms.rhd.gov.bd:8088/bms/bridges/detail_view/109314","f_class_name":"RC Girder Bridge","keys":"[bridge_name, Bridge Name], [bridge_type,Type], [chainage_(km), Chainage (km)], [road_no, On Road], [division, Division], [subdivision, Subdivision], [bridge_length_(m), Length (m)], [bridge_width_(m), Width (m)],[map_link(=>{type:link, format:weblink}, Google Map,newtab=>),Google Map View],[bms_inventory(=>{type:link, format:weblink}, BMS Link,newtab=>), BMS Inventory],[bms_detail(=>{type:link, format:weblink},BMS Link,newtab=>), BMS Detailed View]","f_class_color":"#e8f674"},"geometry":{"type":"Point","coordinates":[89.602110694443994,22.456596583332999]}},
{"type":"Feature","properties":{"id":109329,"sl":7167,"map_link":"https://maps.google.com/?q=22.37153850000000000,89.64457877777800000&amp;z=8&amp;t=k","image_popup":"8088/bms/assets/uploads/images/prudential_images/bridges/bridge_9329/1715075886.jpg","bridge_name":"Joymoni RCC Girder Bridge","bridge_type":"RC Girder Bridge","road_no":"Z7713","zone":"Khulna","circle":"Khulna","division":"Bagerhat","subdivision":"Bagerhat -2","sae":"Bagerhat (2)","bridge_length_(m)":33.6,"bridge_width_(m)":4.6,"chainage_(km)":14.781,"ycoord":22.3715385,"xcoord":89.644578777777994,"bms_inventory":"http://bms.rhd.gov.bd:8088/bms/bridges/inventory_view/109329","bms_detail":"http://bms.rhd.gov.bd:8088/bms/bridges/detail_view/109329","f_class_name":"RC Girder Bridge","keys":"[bridge_name, Bridge Name], [bridge_type,Type], [chainage_(km), Chainage (km)], [road_no, On Road], [division, Division], [subdivision, Subdivision], [bridge_length_(m), Length (m)], [bridge_width_(m), Width (m)],[map_link(=>{type:link, format:weblink}, Google Map,newtab=>),Google Map View],[bms_inventory(=>{type:link, format:weblink}, BMS Link,newtab=>), BMS Inventory],[bms_detail(=>{type:link, format:weblink},BMS Link,newtab=>), BMS Detailed View]","f_class_color":"#e8f674"},"geometry":{"type":"Point","coordinates":[89.644578777777994,22.3715385]}},
{"type":"Feature","properties":{"id":109336,"sl":13418,"map_link":"https://maps.google.com/?q=22.84428650000000000,89.93871819444400000&amp;z=8&amp;t=k","image_popup":"8088/bms/assets/uploads/images/prudential_images/bridges/bridge_9336/1715079879.jpg","bridge_name":"Shailadah RCC Girder Bridge","bridge_type":"RC Girder Bridge","road_no":"Z7704","zone":"Khulna","circle":"Khulna","division":"Bagerhat","subdivision":"Bagerhat -2","sae":"Mollahat","bridge_length_(m)":20.9,"bridge_width_(m)":7.6,"chainage_(km)":31.164,"ycoord":22.8442865,"xcoord":89.938718194443993,"bms_inventory":"http://bms.rhd.gov.bd:8088/bms/bridges/inventory_view/109336","bms_detail":"http://bms.rhd.gov.bd:8088/bms/bridges/detail_view/109336","f_class_name":"RC Girder Bridge","keys":"[bridge_name, Bridge Name], [bridge_type,Type], [chainage_(km), Chainage (km)], [road_no, On Road], [division, Division], [subdivision, Subdivision], [bridge_length_(m), Length (m)], [bridge_width_(m), Width (m)],[map_link(=>{type:link, format:weblink}, Google Map,newtab=>),Google Map View],[bms_inventory(=>{type:link, format:weblink}, BMS Link,newtab=>), BMS Inventory],[bms_detail(=>{type:link, format:weblink},BMS Link,newtab=>), BMS Detailed View]","f_class_color":"#e8f674"},"geometry":{"type":"Point","coordinates":[89.938718194443993,22.8442865]}},
{"type":"Feature","properties":{"id":109339,"sl":8199,"map_link":"https://maps.google.com/?q=22.59782808333300000,89.73058619444400000&amp;z=8&amp;t=k","image_popup":"8088/bms/assets/uploads/images/prudential_images/bridges/bridge_9339/1715080528.jpg","bridge_name":"Khegraghat RCC Girder Bridge","bridge_type":"RC Girder Bridge","road_no":"Z7717","zone":"Khulna","circle":"Khulna","division":"Bagerhat","subdivision":"Bagerhat -1","sae":"Morelgonj","bridge_length_(m)":42.3,"bridge_width_(m)":6.3,"chainage_(km)":10.773,"ycoord":22.597828083332999,"xcoord":89.730586194444001,"bms_inventory":"http://bms.rhd.gov.bd:8088/bms/bridges/inventory_view/109339","bms_detail":"http://bms.rhd.gov.bd:8088/bms/bridges/detail_view/109339","f_class_name":"RC Girder Bridge","keys":"[bridge_name, Bridge Name], [bridge_type,Type], [chainage_(km), Chainage (km)], [road_no, On Road], [division, Division], [subdivision, Subdivision], [bridge_length_(m), Length (m)], [bridge_width_(m), Width (m)],[map_link(=>{type:link, format:weblink}, Google Map,newtab=>),Google Map View],[bms_inventory(=>{type:link, format:weblink}, BMS Link,newtab=>), BMS Inventory],[bms_detail(=>{type:link, format:weblink},BMS Link,newtab=>), BMS Detailed View]","f_class_color":"#e8f674"},"geometry":{"type":"Point","coordinates":[89.730586194444001,22.597828083332999]}},
{"type":"Feature","properties":{"id":109341,"sl":4116,"map_link":"https://maps.google.com/?q=22.57606138888900000,89.66074108333300000&amp;z=8&amp;t=k","image_popup":"8088/bms/assets/uploads/images/prudential_images/bridges/bridge_9341/1715081792.jpg","bridge_name":"Daudkhali PC Girder Bridge","bridge_type":"PC Girder Bridge","road_no":"Z7704","zone":"Khulna","circle":"Khulna","division":"Bagerhat","subdivision":"Bagerhat -2","sae":"Bagerhat (2)","bridge_length_(m)":241.2,"bridge_width_(m)":5.2,"chainage_(km)":19.639,"ycoord":22.576061388888998,"xcoord":89.660741083332994,"bms_inventory":"http://bms.rhd.gov.bd:8088/bms/bridges/inventory_view/109341","bms_detail":"http://bms.rhd.gov.bd:8088/bms/bridges/detail_view/109341","f_class_name":"PC Girder Bridge","keys":"[bridge_name, Bridge Name], [bridge_type,Type], [chainage_(km), Chainage (km)], [road_no, On Road], [division, Division], [subdivision, Subdivision], [bridge_length_(m), Length (m)], [bridge_width_(m), Width (m)],[map_link(=>{type:link, format:weblink}, Google Map,newtab=>),Google Map View],[bms_inventory(=>{type:link, format:weblink}, BMS Link,newtab=>), BMS Inventory],[bms_detail(=>{type:link, format:weblink},BMS Link,newtab=>), BMS Detailed View]","f_class_color":"#6ebed6"},"geometry":{"type":"Point","coordinates":[89.660741083332994,22.576061388888998]}},
{"type":"Feature","properties":{"id":109394,"sl":2890,"map_link":"https://maps.google.com/?q=22.45819819444400000,89.28441138888900000&amp;z=8&amp;t=k","image_popup":"8088/bms/assets/img/no_picture.png","bridge_name":"Chadali PC Girder Bridge","bridge_type":"PC Girder Bridge","road_no":"Z7604","zone":"Khulna","circle":"Khulna","division":"Khulna","subdivision":"Khulna-1","sae":"SO-Khulna Sub Division-1-3","bridge_length_(m)":225.6,"bridge_width_(m)":7.64,"chainage_(km)":50.3,"ycoord":22.458198194444002,"xcoord":89.284411388888998,"bms_inventory":"http://bms.rhd.gov.bd:8088/bms/bridges/inventory_view/109394","bms_detail":"http://bms.rhd.gov.bd:8088/bms/bridges/detail_view/109394","f_class_name":"PC Girder Bridge","keys":"[bridge_name, Bridge Name], [bridge_type,Type], [chainage_(km), Chainage (km)], [road_no, On Road], [division, Division], [subdivision, Subdivision], [bridge_length_(m), Length (m)], [bridge_width_(m), Width (m)],[map_link(=>{type:link, format:weblink}, Google Map,newtab=>),Google Map View],[bms_inventory(=>{type:link, format:weblink}, BMS Link,newtab=>), BMS Inventory],[bms_detail(=>{type:link, format:weblink},BMS Link,newtab=>), BMS Detailed View]","f_class_color":"#6ebed6"},"geometry":{"type":"Point","coordinates":[89.284411388888998,22.458198194444002]}},
{"type":"Feature","properties":{"id":109396,"sl":1616,"map_link":"https://maps.google.com/?q=22.74684750000000000,89.51844488888900000&amp;z=8&amp;t=k","image_popup":"8088/bms/assets/uploads/images/prudential_images/bridges/bridge_9396/1715228686.jpg","bridge_name":"Batiaghata PC Girder Bridge","bridge_type":"PC Girder Bridge","road_no":"Z7606","zone":"Khulna","circle":"Khulna","division":"Khulna","subdivision":"Khulna-2","sae":"SO-Khulna Sub Division-2-3","bridge_length_(m)":261.0,"bridge_width_(m)":7.6,"chainage_(km)":6.737,"ycoord":22.7468475,"xcoord":89.518444888888993,"bms_inventory":"http://bms.rhd.gov.bd:8088/bms/bridges/inventory_view/109396","bms_detail":"http://bms.rhd.gov.bd:8088/bms/bridges/detail_view/109396","f_class_name":"PC Girder Bridge","keys":"[bridge_name, Bridge Name], [bridge_type,Type], [chainage_(km), Chainage (km)], [road_no, On Road], [division, Division], [subdivision, Subdivision], [bridge_length_(m), Length (m)], [bridge_width_(m), Width (m)],[map_link(=>{type:link, format:weblink}, Google Map,newtab=>),Google Map View],[bms_inventory(=>{type:link, format:weblink}, BMS Link,newtab=>), BMS Inventory],[bms_detail(=>{type:link, format:weblink},BMS Link,newtab=>), BMS Detailed View]","f_class_color":"#6ebed6"},"geometry":{"type":"Point","coordinates":[89.518444888888993,22.7468475]}},
{"type":"Feature","properties":{"id":109406,"sl":2904,"map_link":"https://maps.google.com/?q=22.48715519444400000,89.64087938888900000&amp;z=8&amp;t=k","image_popup":"8088/bms/assets/uploads/images/prudential_images/bridges/bridge_9406/1715233712.jpg","bridge_name":"Chadpai PC Girder Bridge","bridge_type":"PC Girder Bridge","road_no":"Z7717","zone":"Khulna","circle":"Khulna","division":"Bagerhat","subdivision":"Bagerhat -2","sae":"Bagerhat (2)","bridge_length_(m)":60.0,"bridge_width_(m)":4.7,"chainage_(km)":30.905,"ycoord":22.487155194444,"xcoord":89.640879388889005,"bms_inventory":"http://bms.rhd.gov.bd:8088/bms/bridges/inventory_view/109406","bms_detail":"http://bms.rhd.gov.bd:8088/bms/bridges/detail_view/109406","f_class_name":"PC Girder Bridge","keys":"[bridge_name, Bridge Name], [bridge_type,Type], [chainage_(km), Chainage (km)], [road_no, On Road], [division, Division], [subdivision, Subdivision], [bridge_length_(m), Length (m)], [bridge_width_(m), Width (m)],[map_link(=>{type:link, format:weblink}, Google Map,newtab=>),Google Map View],[bms_inventory(=>{type:link, format:weblink}, BMS Link,newtab=>), BMS Inventory],[bms_detail(=>{type:link, format:weblink},BMS Link,newtab=>), BMS Detailed View]","f_class_color":"#6ebed6"},"geometry":{"type":"Point","coordinates":[89.640879388889005,22.487155194444]}},
{"type":"Feature","properties":{"id":109412,"sl":3406,"map_link":"https://maps.google.com/?q=22.43024488888900000,89.61191388888900000&amp;z=8&amp;t=k","image_popup":"8088/bms/assets/uploads/images/prudential_images/bridges/bridge_9412/1715236935.jpeg","bridge_name":"Chila RCC Girder Bridge","bridge_type":"RC Girder Bridge","road_no":"Z7713","zone":"Khulna","circle":"Khulna","division":"Bagerhat","subdivision":"Bagerhat -2","sae":"Bagerhat (2)","bridge_length_(m)":91.0,"bridge_width_(m)":5.3,"chainage_(km)":4.57,"ycoord":22.430244888889,"xcoord":89.611913888889006,"bms_inventory":"http://bms.rhd.gov.bd:8088/bms/bridges/inventory_view/109412","bms_detail":"http://bms.rhd.gov.bd:8088/bms/bridges/detail_view/109412","f_class_name":"RC Girder Bridge","keys":"[bridge_name, Bridge Name], [bridge_type,Type], [chainage_(km), Chainage (km)], [road_no, On Road], [division, Division], [subdivision, Subdivision], [bridge_length_(m), Length (m)], [bridge_width_(m), Width (m)],[map_link(=>{type:link, format:weblink}, Google Map,newtab=>),Google Map View],[bms_inventory(=>{type:link, format:weblink}, BMS Link,newtab=>), BMS Inventory],[bms_detail(=>{type:link, format:weblink},BMS Link,newtab=>), BMS Detailed View]","f_class_color":"#e8f674"},"geometry":{"type":"Point","coordinates":[89.611913888889006,22.430244888889]}},
{"type":"Feature","properties":{"id":109414,"sl":15342,"map_link":"https://maps.google.com/?q=22.40996877777800000,89.63617850000000000&amp;z=8&amp;t=k","image_popup":"8088/bms/assets/uploads/images/prudential_images/bridges/bridge_9414/1715238172.jpg","bridge_name":"Ulukhata jhora RCC Girder Bridge 1","bridge_type":"RC Girder Bridge","road_no":"Z7713","zone":"Khulna","circle":"Khulna","division":"Bagerhat","subdivision":"Bagerhat -2","sae":"Bagerhat (2)","bridge_length_(m)":20.0,"bridge_width_(m)":4.4,"chainage_(km)":8.326,"ycoord":22.409968777778001,"xcoord":89.6361785,"bms_inventory":"http://bms.rhd.gov.bd:8088/bms/bridges/inventory_view/109414","bms_detail":"http://bms.rhd.gov.bd:8088/bms/bridges/detail_view/109414","f_class_name":"RC Girder Bridge","keys":"[bridge_name, Bridge Name], [bridge_type,Type], [chainage_(km), Chainage (km)], [road_no, On Road], [division, Division], [subdivision, Subdivision], [bridge_length_(m), Length (m)], [bridge_width_(m), Width (m)],[map_link(=>{type:link, format:weblink}, Google Map,newtab=>),Google Map View],[bms_inventory(=>{type:link, format:weblink}, BMS Link,newtab=>), BMS Inventory],[bms_detail(=>{type:link, format:weblink},BMS Link,newtab=>), BMS Detailed View]","f_class_color":"#e8f674"},"geometry":{"type":"Point","coordinates":[89.6361785,22.409968777778001]}},
{"type":"Feature","properties":{"id":109415,"sl":15343,"map_link":"https://maps.google.com/?q=22.41209877777800000,89.63544188888900000&amp;z=8&amp;t=k","image_popup":"8088/bms/assets/uploads/images/prudential_images/bridges/bridge_9415/1715239159.jpg","bridge_name":"Ulukhata Jhora RCC Girder Bridge 2","bridge_type":"RC Girder Bridge","road_no":"Z7713","zone":"Khulna","circle":"Khulna","division":"Bagerhat","subdivision":"Bagerhat -2","sae":"Bagerhat (2)","bridge_length_(m)":20.0,"bridge_width_(m)":4.5,"chainage_(km)":8.065,"ycoord":22.412098777777999,"xcoord":89.635441888889005,"bms_inventory":"http://bms.rhd.gov.bd:8088/bms/bridges/inventory_view/109415","bms_detail":"http://bms.rhd.gov.bd:8088/bms/bridges/detail_view/109415","f_class_name":"RC Girder Bridge","keys":"[bridge_name, Bridge Name], [bridge_type,Type], [chainage_(km), Chainage (km)], [road_no, On Road], [division, Division], [subdivision, Subdivision], [bridge_length_(m), Length (m)], [bridge_width_(m), Width (m)],[map_link(=>{type:link, format:weblink}, Google Map,newtab=>),Google Map View],[bms_inventory(=>{type:link, format:weblink}, BMS Link,newtab=>), BMS Inventory],[bms_detail(=>{type:link, format:weblink},BMS Link,newtab=>), BMS Detailed View]","f_class_color":"#e8f674"},"geometry":{"type":"Point","coordinates":[89.635441888889005,22.412098777777999]}},
{"type":"Feature","properties":{"id":109416,"sl":8812,"map_link":"https://maps.google.com/?q=22.48190077777800000,89.61317350000000000&amp;z=8&amp;t=k","image_popup":"8088/bms/assets/uploads/images/prudential_images/bridges/bridge_9416/1715243663.jpg","bridge_name":"Kumarkhali Rcc Girder Bridge (BG)","bridge_type":"RC Girder Bridge","road_no":"Z7717","zone":"Khulna","circle":"Khulna","division":"Bagerhat","subdivision":"Bagerhat -2","sae":"Bagerhat (2)","bridge_length_(m)":36.0,"bridge_width_(m)":5.2,"chainage_(km)":33.764,"ycoord":22.481900777778002,"xcoord":89.6131735,"bms_inventory":"http://bms.rhd.gov.bd:8088/bms/bridges/inventory_view/109416","bms_detail":"http://bms.rhd.gov.bd:8088/bms/bridges/detail_view/109416","f_class_name":"RC Girder Bridge","keys":"[bridge_name, Bridge Name], [bridge_type,Type], [chainage_(km), Chainage (km)], [road_no, On Road], [division, Division], [subdivision, Subdivision], [bridge_length_(m), Length (m)], [bridge_width_(m), Width (m)],[map_link(=>{type:link, format:weblink}, Google Map,newtab=>),Google Map View],[bms_inventory(=>{type:link, format:weblink}, BMS Link,newtab=>), BMS Inventory],[bms_detail(=>{type:link, format:weblink},BMS Link,newtab=>), BMS Detailed View]","f_class_color":"#e8f674"},"geometry":{"type":"Point","coordinates":[89.6131735,22.481900777778002]}},
{"type":"Feature","properties":{"id":109419,"sl":5305,"map_link":"https://maps.google.com/?q=22.51600819444400000,89.65172519444400000&amp;z=8&amp;t=k","image_popup":"8088/bms/assets/uploads/images/prudential_images/bridges/bridge_9419/1715245094.jpg","bridge_name":"Fulpukuria RCC Girder Bridge","bridge_type":"RC Girder Bridge","road_no":"Z7717","zone":"Khulna","circle":"Khulna","division":"Bagerhat","subdivision":"Bagerhat -2","sae":"Bagerhat (2)","bridge_length_(m)":36.0,"bridge_width_(m)":4.8,"chainage_(km)":27.238,"ycoord":22.516008194444002,"xcoord":89.651725194443998,"bms_inventory":"http://bms.rhd.gov.bd:8088/bms/bridges/inventory_view/109419","bms_detail":"http://bms.rhd.gov.bd:8088/bms/bridges/detail_view/109419","f_class_name":"RC Girder Bridge","keys":"[bridge_name, Bridge Name], [bridge_type,Type], [chainage_(km), Chainage (km)], [road_no, On Road], [division, Division], [subdivision, Subdivision], [bridge_length_(m), Length (m)], [bridge_width_(m), Width (m)],[map_link(=>{type:link, format:weblink}, Google Map,newtab=>),Google Map View],[bms_inventory(=>{type:link, format:weblink}, BMS Link,newtab=>), BMS Inventory],[bms_detail(=>{type:link, format:weblink},BMS Link,newtab=>), BMS Detailed View]","f_class_color":"#e8f674"},"geometry":{"type":"Point","coordinates":[89.651725194443998,22.516008194444002]}},
{"type":"Feature","properties":{"id":109538,"sl":13733,"map_link":"https://maps.google.com/?q=22.58179200000000000,89.30397038888900000&amp;z=8&amp;t=k","image_popup":"8088/bms/assets/uploads/images/prudential_images/bridges/bridge_9538/1715658723.jpg","bridge_name":"Shibsha PC Girder Bridge","bridge_type":"PC Girder Bridge","road_no":"Z7604","zone":"Khulna","circle":"Khulna","division":"Khulna","subdivision":"Khulna-1","sae":"SO-Khulna Sub Division-1-3","bridge_length_(m)":349.5,"bridge_width_(m)":9.4,"chainage_(km)":32.731,"ycoord":22.581792,"xcoord":89.303970388888999,"bms_inventory":"http://bms.rhd.gov.bd:8088/bms/bridges/inventory_view/109538","bms_detail":"http://bms.rhd.gov.bd:8088/bms/bridges/detail_view/109538","f_class_name":"PC Girder Bridge","keys":"[bridge_name, Bridge Name], [bridge_type,Type], [chainage_(km), Chainage (km)], [road_no, On Road], [division, Division], [subdivision, Subdivision], [bridge_length_(m), Length (m)], [bridge_width_(m), Width (m)],[map_link(=>{type:link, format:weblink}, Google Map,newtab=>),Google Map View],[bms_inventory(=>{type:link, format:weblink}, BMS Link,newtab=>), BMS Inventory],[bms_detail(=>{type:link, format:weblink},BMS Link,newtab=>), BMS Detailed View]","f_class_color":"#6ebed6"},"geometry":{"type":"Point","coordinates":[89.303970388888999,22.581792]}},
{"type":"Feature","properties":{"id":109540,"sl":13734,"map_link":"https://maps.google.com/?q=22.59053277777800000,89.32512027777800000&amp;z=8&amp;t=k","image_popup":"8088/bms/assets/uploads/images/prudential_images/bridges/bridge_9540/1715659840.jpg","bridge_name":"Shibsha Steel Girder Bridge","bridge_type":"Steel Girder Bridge","road_no":"Z7608","zone":"Khulna","circle":"Khulna","division":"Khulna","subdivision":"Khulna-1","sae":"SO-Khulna Sub Division-1-3","bridge_length_(m)":202.5,"bridge_width_(m)":5.1,"chainage_(km)":1.504,"ycoord":22.590532777778002,"xcoord":89.325120277777998,"bms_inventory":"http://bms.rhd.gov.bd:8088/bms/bridges/inventory_view/109540","bms_detail":"http://bms.rhd.gov.bd:8088/bms/bridges/detail_view/109540","f_class_name":"Steel Girder Bridge","keys":"[bridge_name, Bridge Name], [bridge_type,Type], [chainage_(km), Chainage (km)], [road_no, On Road], [division, Division], [subdivision, Subdivision], [bridge_length_(m), Length (m)], [bridge_width_(m), Width (m)],[map_link(=>{type:link, format:weblink}, Google Map,newtab=>),Google Map View],[bms_inventory(=>{type:link, format:weblink}, BMS Link,newtab=>), BMS Inventory],[bms_detail(=>{type:link, format:weblink},BMS Link,newtab=>), BMS Detailed View]","f_class_color":"#b15dec"},"geometry":{"type":"Point","coordinates":[89.325120277777998,22.590532777778002]}},
{"type":"Feature","properties":{"id":110065,"sl":6884,"map_link":"https://maps.google.com/?q=22.69646788888900000,89.70814550000000000&amp;z=8&amp;t=k","image_popup":"8088/bms/assets/uploads/images/prudential_images/bridges/bridge_10065/1717405389.jpg","bridge_name":"Jaukhali RCC Girder Bridge","bridge_type":"RC Girder Bridge","road_no":"R770","zone":"Khulna","circle":"Khulna","division":"Bagerhat","subdivision":"Bagerhat -2","sae":"Bagerhat (2)","bridge_length_(m)":61.5,"bridge_width_(m)":8.6,"chainage_(km)":7.62,"ycoord":22.696467888889,"xcoord":89.7081455,"bms_inventory":"http://bms.rhd.gov.bd:8088/bms/bridges/inventory_view/110065","bms_detail":"http://bms.rhd.gov.bd:8088/bms/bridges/detail_view/110065","f_class_name":"RC Girder Bridge","keys":"[bridge_name, Bridge Name], [bridge_type,Type], [chainage_(km), Chainage (km)], [road_no, On Road], [division, Division], [subdivision, Subdivision], [bridge_length_(m), Length (m)], [bridge_width_(m), Width (m)],[map_link(=>{type:link, format:weblink}, Google Map,newtab=>),Google Map View],[bms_inventory(=>{type:link, format:weblink}, BMS Link,newtab=>), BMS Inventory],[bms_detail(=>{type:link, format:weblink},BMS Link,newtab=>), BMS Detailed View]","f_class_color":"#e8f674"},"geometry":{"type":"Point","coordinates":[89.7081455,22.696467888889]}},
{"type":"Feature","properties":{"id":110067,"sl":11924,"map_link":"https://maps.google.com/?q=22.72189777777800000,89.66650619444400000&amp;z=8&amp;t=k","image_popup":"8088/bms/assets/uploads/images/prudential_images/bridges/bridge_10067/1717406458.jpg","bridge_name":"Piljango RCC Girder Bridge","bridge_type":"RC Girder Bridge","road_no":"R770","zone":"Khulna","circle":"Khulna","division":"Bagerhat","subdivision":"Bagerhat -2","sae":"Bagerhat (2)","bridge_length_(m)":20.0,"bridge_width_(m)":11.3,"chainage_(km)":2.451,"ycoord":22.721897777778,"xcoord":89.666506194443997,"bms_inventory":"http://bms.rhd.gov.bd:8088/bms/bridges/inventory_view/110067","bms_detail":"http://bms.rhd.gov.bd:8088/bms/bridges/detail_view/110067","f_class_name":"RC Girder Bridge","keys":"[bridge_name, Bridge Name], [bridge_type,Type], [chainage_(km), Chainage (km)], [road_no, On Road], [division, Division], [subdivision, Subdivision], [bridge_length_(m), Length (m)], [bridge_width_(m), Width (m)],[map_link(=>{type:link, format:weblink}, Google Map,newtab=>),Google Map View],[bms_inventory(=>{type:link, format:weblink}, BMS Link,newtab=>), BMS Inventory],[bms_detail(=>{type:link, format:weblink},BMS Link,newtab=>), BMS Detailed View]","f_class_color":"#e8f674"},"geometry":{"type":"Point","coordinates":[89.666506194443997,22.721897777778]}},
{"type":"Feature","properties":{"id":110176,"sl":7154,"map_link":"https://maps.google.com/?q=22.79204188888900000,89.48991858333300000&amp;z=8&amp;t=k","image_popup":"8088/bms/assets/uploads/images/prudential_images/bridges/bridge_10176/1717915727.jpg","bridge_name":"Joykhali PC Girder Bridge","bridge_type":"PC Girder Bridge","road_no":"R760","zone":"Khulna","circle":"Khulna","division":"Khulna","subdivision":"Khulna-1","sae":"SO-Khulna Sub Division-1-1","bridge_length_(m)":28.7,"bridge_width_(m)":9.6,"chainage_(km)":8.64,"ycoord":22.792041888888999,"xcoord":89.489918583332994,"bms_inventory":"http://bms.rhd.gov.bd:8088/bms/bridges/inventory_view/110176","bms_detail":"http://bms.rhd.gov.bd:8088/bms/bridges/detail_view/110176","f_class_name":"PC Girder Bridge","keys":"[bridge_name, Bridge Name], [bridge_type,Type], [chainage_(km), Chainage (km)], [road_no, On Road], [division, Division], [subdivision, Subdivision], [bridge_length_(m), Length (m)], [bridge_width_(m), Width (m)],[map_link(=>{type:link, format:weblink}, Google Map,newtab=>),Google Map View],[bms_inventory(=>{type:link, format:weblink}, BMS Link,newtab=>), BMS Inventory],[bms_detail(=>{type:link, format:weblink},BMS Link,newtab=>), BMS Detailed View]","f_class_color":"#6ebed6"},"geometry":{"type":"Point","coordinates":[89.489918583332994,22.792041888888999]}},
{"type":"Feature","properties":{"id":110246,"sl":8115,"map_link":"https://maps.google.com/?q=23.89228669444400000,88.87186319444400000&amp;z=8&amp;t=k","image_popup":"8088/bms/assets/img/no_picture.png","bridge_name":"Khalishakundi PC Girder Bridge","bridge_type":"PC Girder Bridge","road_no":"R745","zone":"Khulna","circle":"Kushtia","division":"Kushtia","subdivision":"Kushtia","sae":"SO-Kushtia-1","bridge_length_(m)":116.7,"bridge_width_(m)":9.5,"chainage_(km)":23.339,"ycoord":23.892286694444,"xcoord":88.871863194444003,"bms_inventory":"http://bms.rhd.gov.bd:8088/bms/bridges/inventory_view/110246","bms_detail":"http://bms.rhd.gov.bd:8088/bms/bridges/detail_view/110246","f_class_name":"PC Girder Bridge","keys":"[bridge_name, Bridge Name], [bridge_type,Type], [chainage_(km), Chainage (km)], [road_no, On Road], [division, Division], [subdivision, Subdivision], [bridge_length_(m), Length (m)], [bridge_width_(m), Width (m)],[map_link(=>{type:link, format:weblink}, Google Map,newtab=>),Google Map View],[bms_inventory(=>{type:link, format:weblink}, BMS Link,newtab=>), BMS Inventory],[bms_detail(=>{type:link, format:weblink},BMS Link,newtab=>), BMS Detailed View]","f_class_color":"#6ebed6"},"geometry":{"type":"Point","coordinates":[88.871863194444003,23.892286694444]}},
{"type":"Feature","properties":{"id":110254,"sl":8128,"map_link":"https://maps.google.com/?q=22.77804000000000000,89.58116769444400000&amp;z=8&amp;t=k","image_popup":"8088/bms/assets/uploads/images/prudential_images/bridges/bridge_10254/1718015031.jpg","bridge_name":"Khan Jahan Ali PC Box Girder Bridge","bridge_type":"PC Box Girder Bridge","road_no":"N709","zone":"Khulna","circle":"Khulna","division":"Khulna","subdivision":"Khulna-2","sae":"SO-Khulna Sub Division-2-1","bridge_length_(m)":1360.0,"bridge_width_(m)":16.5,"chainage_(km)":22.668,"ycoord":22.77804,"xcoord":89.581167694444005,"bms_inventory":"http://bms.rhd.gov.bd:8088/bms/bridges/inventory_view/110254","bms_detail":"http://bms.rhd.gov.bd:8088/bms/bridges/detail_view/110254","f_class_name":"PC Box Girder Bridge","keys":"[bridge_name, Bridge Name], [bridge_type,Type], [chainage_(km), Chainage (km)], [road_no, On Road], [division, Division], [subdivision, Subdivision], [bridge_length_(m), Length (m)], [bridge_width_(m), Width (m)],[map_link(=>{type:link, format:weblink}, Google Map,newtab=>),Google Map View],[bms_inventory(=>{type:link, format:weblink}, BMS Link,newtab=>), BMS Inventory],[bms_detail(=>{type:link, format:weblink},BMS Link,newtab=>), BMS Detailed View]","f_class_color":"#41df33"},"geometry":{"type":"Point","coordinates":[89.581167694444005,22.77804]}},
{"type":"Feature","properties":{"id":110323,"sl":2957,"map_link":"https://maps.google.com/?q=23.54971777777800000,89.16871069444400000&amp;z=8&amp;t=k","image_popup":"8088/bms/assets/uploads/images/prudential_images/bridges/bridge_10323/1718095028.jpg","bridge_name":"Chaklapara Bridge","bridge_type":"RC Girder Bridge","road_no":"N712","zone":"Khulna","circle":"Kushtia","division":"Jhenaidah","subdivision":"Jhenaidah","sae":"SO-Jhenaidah-1","bridge_length_(m)":79.5,"bridge_width_(m)":9.42,"chainage_(km)":2.875,"ycoord":23.549717777778,"xcoord":89.168710694444002,"bms_inventory":"http://bms.rhd.gov.bd:8088/bms/bridges/inventory_view/110323","bms_detail":"http://bms.rhd.gov.bd:8088/bms/bridges/detail_view/110323","f_class_name":"RC Girder Bridge","keys":"[bridge_name, Bridge Name], [bridge_type,Type], [chainage_(km), Chainage (km)], [road_no, On Road], [division, Division], [subdivision, Subdivision], [bridge_length_(m), Length (m)], [bridge_width_(m), Width (m)],[map_link(=>{type:link, format:weblink}, Google Map,newtab=>),Google Map View],[bms_inventory(=>{type:link, format:weblink}, BMS Link,newtab=>), BMS Inventory],[bms_detail(=>{type:link, format:weblink},BMS Link,newtab=>), BMS Detailed View]","f_class_color":"#e8f674"},"geometry":{"type":"Point","coordinates":[89.168710694444002,23.549717777778]}},
{"type":"Feature","properties":{"id":110335,"sl":1430,"map_link":"https://maps.google.com/?q=23.66698300000000000,89.19079327777800000&amp;z=8&amp;t=k","image_popup":"8088/bms/assets/img/no_picture.png","bridge_name":"Barda pc girder bridge","bridge_type":"PC Girder Bridge","road_no":"N704","zone":"Khulna","circle":"Kushtia","division":"Jhenaidah","subdivision":"Jhenaidah","sae":"SO-Jhenaidah-1","bridge_length_(m)":100.0,"bridge_width_(m)":10.4,"chainage_(km)":0.0,"ycoord":23.666983,"xcoord":89.190793277777999,"bms_inventory":"http://bms.rhd.gov.bd:8088/bms/bridges/inventory_view/110335","bms_detail":"http://bms.rhd.gov.bd:8088/bms/bridges/detail_view/110335","f_class_name":"PC Girder Bridge","keys":"[bridge_name, Bridge Name], [bridge_type,Type], [chainage_(km), Chainage (km)], [road_no, On Road], [division, Division], [subdivision, Subdivision], [bridge_length_(m), Length (m)], [bridge_width_(m), Width (m)],[map_link(=>{type:link, format:weblink}, Google Map,newtab=>),Google Map View],[bms_inventory(=>{type:link, format:weblink}, BMS Link,newtab=>), BMS Inventory],[bms_detail(=>{type:link, format:weblink},BMS Link,newtab=>), BMS Detailed View]","f_class_color":"#6ebed6"},"geometry":{"type":"Point","coordinates":[89.19079328,23.666983]}},
{"type":"Feature","properties":{"id":110366,"sl":5909,"map_link":"https://maps.google.com/?q=23.60325377777800000,89.38716919444400000&amp;z=8&amp;t=k","image_popup":"8088/bms/assets/uploads/images/prudential_images/bridges/bridge_10366/1718120535.jpg","bridge_name":"Goyalpara RCC Girder Bridge","bridge_type":"RC Girder Bridge","road_no":"Z7008","zone":"Khulna","circle":"Jessore","division":"Magura","subdivision":"Magura","sae":"SO-Magura-2","bridge_length_(m)":9.5,"bridge_width_(m)":4.3,"chainage_(km)":1.675,"ycoord":23.603253777778001,"xcoord":89.387169194443999,"bms_inventory":"http://bms.rhd.gov.bd:8088/bms/bridges/inventory_view/110366","bms_detail":"http://bms.rhd.gov.bd:8088/bms/bridges/detail_view/110366","f_class_name":"RC Girder Bridge","keys":"[bridge_name, Bridge Name], [bridge_type,Type], [chainage_(km), Chainage (km)], [road_no, On Road], [division, Division], [subdivision, Subdivision], [bridge_length_(m), Length (m)], [bridge_width_(m), Width (m)],[map_link(=>{type:link, format:weblink}, Google Map,newtab=>),Google Map View],[bms_inventory(=>{type:link, format:weblink}, BMS Link,newtab=>), BMS Inventory],[bms_detail(=>{type:link, format:weblink},BMS Link,newtab=>), BMS Detailed View]","f_class_color":"#e8f674"},"geometry":{"type":"Point","coordinates":[89.387169194443999,23.603253777778001]}},
{"type":"Feature","properties":{"id":110580,"sl":9581,"map_link":"https://maps.google.com/?q=22.55090169444400000,89.18821900000000000&amp;z=8&amp;t=k","image_popup":"8088/bms/assets/img/no_picture.png","bridge_name":"Manikkhali PC Girder Bridge 2","bridge_type":"PC Girder Bridge","road_no":"Z7603","zone":"Khulna","circle":"Khulna","division":"Satkhira","subdivision":"Satkhira -1","sae":"SO-Satkhira Sub Division-1-2","bridge_length_(m)":305.2,"bridge_width_(m)":10.2,"chainage_(km)":28.4,"ycoord":22.550901694444001,"xcoord":89.188219,"bms_inventory":"http://bms.rhd.gov.bd:8088/bms/bridges/inventory_view/110580","bms_detail":"http://bms.rhd.gov.bd:8088/bms/bridges/detail_view/110580","f_class_name":"PC Girder Bridge","keys":"[bridge_name, Bridge Name], [bridge_type,Type], [chainage_(km), Chainage (km)], [road_no, On Road], [division, Division], [subdivision, Subdivision], [bridge_length_(m), Length (m)], [bridge_width_(m), Width (m)],[map_link(=>{type:link, format:weblink}, Google Map,newtab=>),Google Map View],[bms_inventory(=>{type:link, format:weblink}, BMS Link,newtab=>), BMS Inventory],[bms_detail(=>{type:link, format:weblink},BMS Link,newtab=>), BMS Detailed View]","f_class_color":"#6ebed6"},"geometry":{"type":"Point","coordinates":[89.188219,22.550901694444001]}},
{"type":"Feature","properties":{"id":110603,"sl":2870,"map_link":"https://maps.google.com/?q=23.54821888888900000,89.17367308333300000&amp;z=8&amp;t=k","image_popup":"8088/bms/assets/img/no_picture.png","bridge_name":"Castle Bridge","bridge_type":"RC Girder Bridge","road_no":"N704","zone":"Khulna","circle":"Kushtia","division":"Jhenaidah","subdivision":"Jhenaidah","sae":"SO-Jhenaidah-1","bridge_length_(m)":81.2,"bridge_width_(m)":4.9,"chainage_(km)":0.233,"ycoord":23.548218888889,"xcoord":89.173673083333,"bms_inventory":"http://bms.rhd.gov.bd:8088/bms/bridges/inventory_view/110603","bms_detail":"http://bms.rhd.gov.bd:8088/bms/bridges/detail_view/110603","f_class_name":"RC Girder Bridge","keys":"[bridge_name, Bridge Name], [bridge_type,Type], [chainage_(km), Chainage (km)], [road_no, On Road], [division, Division], [subdivision, Subdivision], [bridge_length_(m), Length (m)], [bridge_width_(m), Width (m)],[map_link(=>{type:link, format:weblink}, Google Map,newtab=>),Google Map View],[bms_inventory(=>{type:link, format:weblink}, BMS Link,newtab=>), BMS Inventory],[bms_detail(=>{type:link, format:weblink},BMS Link,newtab=>), BMS Detailed View]","f_class_color":"#e8f674"},"geometry":{"type":"Point","coordinates":[89.173673083333,23.548218888889]}},
{"type":"Feature","properties":{"id":110695,"sl":5573,"map_link":"https://maps.google.com/?q=23.56386111111100000,89.14340277777800000&amp;z=8&amp;t=k","image_popup":"8088/bms/assets/img/no_picture.png","bridge_name":"Gilabarya Bridge","bridge_type":"PC Girder Bridge","road_no":"Z7457","zone":"Khulna","circle":"Kushtia","division":"Jhenaidah","subdivision":"Jhenaidah","sae":"SO-Jhenaidah-2","bridge_length_(m)":70.0,"bridge_width_(m)":10.0,"chainage_(km)":2.88,"ycoord":23.563861111110999,"xcoord":89.143402777777993,"bms_inventory":"http://bms.rhd.gov.bd:8088/bms/bridges/inventory_view/110695","bms_detail":"http://bms.rhd.gov.bd:8088/bms/bridges/detail_view/110695","f_class_name":"PC Girder Bridge","keys":"[bridge_name, Bridge Name], [bridge_type,Type], [chainage_(km), Chainage (km)], [road_no, On Road], [division, Division], [subdivision, Subdivision], [bridge_length_(m), Length (m)], [bridge_width_(m), Width (m)],[map_link(=>{type:link, format:weblink}, Google Map,newtab=>),Google Map View],[bms_inventory(=>{type:link, format:weblink}, BMS Link,newtab=>), BMS Inventory],[bms_detail(=>{type:link, format:weblink},BMS Link,newtab=>), BMS Detailed View]","f_class_color":"#6ebed6"},"geometry":{"type":"Point","coordinates":[89.143402777777993,23.563861111110999]}},
{"type":"Feature","properties":{"id":110718,"sl":2897,"map_link":"https://maps.google.com/?q=24.01638450000000000,88.99728469444400000&amp;z=8&amp;t=k","image_popup":"8088/bms/assets/img/no_picture.png","bridge_name":"Chadgram Bridge","bridge_type":"PC Girder Bridge","road_no":"Z7411","zone":"Khulna","circle":"Kushtia","division":"Kushtia","subdivision":"Kushtia","sae":"SO-Kushtia-3","bridge_length_(m)":9.0,"bridge_width_(m)":6.0,"chainage_(km)":2.042,"ycoord":24.0163845,"xcoord":88.997284694444005,"bms_inventory":"http://bms.rhd.gov.bd:8088/bms/bridges/inventory_view/110718","bms_detail":"http://bms.rhd.gov.bd:8088/bms/bridges/detail_view/110718","f_class_name":"PC Girder Bridge","keys":"[bridge_name, Bridge Name], [bridge_type,Type], [chainage_(km), Chainage (km)], [road_no, On Road], [division, Division], [subdivision, Subdivision], [bridge_length_(m), Length (m)], [bridge_width_(m), Width (m)],[map_link(=>{type:link, format:weblink}, Google Map,newtab=>),Google Map View],[bms_inventory(=>{type:link, format:weblink}, BMS Link,newtab=>), BMS Inventory],[bms_detail(=>{type:link, format:weblink},BMS Link,newtab=>), BMS Detailed View]","f_class_color":"#6ebed6"},"geometry":{"type":"Point","coordinates":[88.997284694444005,24.0163845]}}
]
}
