{
"type": "FeatureCollection",
"name": "sylhet_zone_bridges",
"crs": { "type": "name", "properties": { "name": "urn:ogc:def:crs:OGC:1.3:CRS84" } },
"features": [
{ "type": "Feature", "properties": { "id": "422", "sl": 562, "map_link": "https://maps.google.com/?q=25.095759833333,91.23443&amp;z=8&amp;t=k", "image_popup": "8088/bms/assets/uploads/images/bridges/bridge_422/1718009566.JPG", "bridge_name": "Anawarpur Bridge", "bridge_type": "PC Girder Bridge", "road_no": "Z2806", "zone": "Sylhet", "circle": "Sylhet", "division": "Sunamganj", "subdivision": "Sunamganj", "sae": "Sunamganj-1", "bridge_length_(m)": 31.7, "bridge_width_(m)": 9.93, "chainage_(km)": 8.45, "ycoord": 25.095759833332998, "xcoord": 91.23443, "bms_inventory": "http://bms.rhd.gov.bd:8088/bms/bridges/inventory_view/422", "bms_detail": "http://bms.rhd.gov.bd:8088/bms/bridges/inventory_view/422", "f_class_name": "PC Girder Bridge", "keys": "[bridge_name, Bridge Name], [bridge_type,Type], [chainage_(km), Chainage (km)], [road_no, On Road], [division, Division], [subdivision, Subdivision], [bridge_length_(m), Length (m)], [bridge_width_(m), Width (m)], [spans, Span], [span_arrangement, Span Arrangement], [completion_year, Const. Year], [map_link(=>{type:link, format:weblink}, Google Map,newtab=>),Google Map View],[bms_inventory(=>{type:link, format:weblink}, BMS Link,newtab=>), BMS Inventory],[bms_detail(=>{type:link, format:weblink},BMS Link,newtab=>), BMS Detailed View]", "f_class_color": "#6ebed6", "spans": 1.0, "span_arrangement": "31.16", "completion_year": "2020", "bridge_no": "250545911404" }, "geometry": { "type": "Point", "coordinates": [ 91.23443, 25.095759833332998 ] } },
{ "type": "Feature", "properties": { "id": "4638", "sl": 6224, "map_link": "https://maps.google.com/?q=25.06248,91.25696&amp;z=8&amp;t=k", "image_popup": "8088/bms/assets/uploads/images/bridges/bridge_4638/1717999255.JPG", "bridge_name": "Hasimpur Bridge", "bridge_type": "PC Girder Bridge", "road_no": "Z2806", "zone": "Sylhet", "circle": "Sylhet", "division": "Sunamganj", "subdivision": "Sunamganj", "sae": "Sunamganj-1", "bridge_length_(m)": 31.81, "bridge_width_(m)": 10.25, "chainage_(km)": 3.27, "ycoord": 25.06248, "xcoord": 91.25696, "bms_inventory": "http://bms.rhd.gov.bd:8088/bms/bridges/inventory_view/4638", "bms_detail": "http://bms.rhd.gov.bd:8088/bms/bridges/inventory_view/4638", "f_class_name": "PC Girder Bridge", "keys": "[bridge_name, Bridge Name], [bridge_type,Type], [chainage_(km), Chainage (km)], [road_no, On Road], [division, Division], [subdivision, Subdivision], [bridge_length_(m), Length (m)], [bridge_width_(m), Width (m)], [spans, Span], [span_arrangement, Span Arrangement], [completion_year, Const. Year], [map_link(=>{type:link, format:weblink}, Google Map,newtab=>),Google Map View],[bms_inventory(=>{type:link, format:weblink}, BMS Link,newtab=>), BMS Inventory],[bms_detail(=>{type:link, format:weblink},BMS Link,newtab=>), BMS Detailed View]", "f_class_color": "#6ebed6", "spans": 1.0, "span_arrangement": "31.16", "completion_year": "2015", "bridge_no": "250345911525" }, "geometry": { "type": "Point", "coordinates": [ 91.25696, 25.06248 ] } },
{ "type": "Feature", "properties": { "id": "5276", "sl": 9353, "map_link": "https://maps.google.com/?q=24.094083333333,91.289638888889&amp;z=8&amp;t=k", "image_popup": "8088/bms/assets/uploads/images/bridges/bridge_5276/1700026749.JPG", "bridge_name": "Madhobpur Bridge", "bridge_type": "RC Girder Bridge", "road_no": "N2", "zone": "Sylhet", "circle": "Moulavi Bazar", "division": "Habiganj", "subdivision": "Shaistagonj", "sae": "Teliyapara", "bridge_length_(m)": 68.5, "bridge_width_(m)": 8.98, "chainage_(km)": 107.607, "ycoord": 24.094083333333, "xcoord": 91.289638888889002, "bms_inventory": "http://bms.rhd.gov.bd:8088/bms/bridges/inventory_view/5276", "bms_detail": "http://bms.rhd.gov.bd:8088/bms/bridges/inventory_view/5276", "f_class_name": "RC Girder Bridge", "keys": "[bridge_name, Bridge Name], [bridge_type,Type], [chainage_(km), Chainage (km)], [road_no, On Road], [division, Division], [subdivision, Subdivision], [bridge_length_(m), Length (m)], [bridge_width_(m), Width (m)], [spans, Span], [span_arrangement, Span Arrangement], [completion_year, Const. Year], [map_link(=>{type:link, format:weblink}, Google Map,newtab=>),Google Map View],[bms_inventory(=>{type:link, format:weblink}, BMS Link,newtab=>), BMS Inventory],[bms_detail(=>{type:link, format:weblink},BMS Link,newtab=>), BMS Detailed View]", "f_class_color": "#e8f674", "spans": 3.0, "span_arrangement": "28.8+14.7+26.8", "completion_year": "1998", "bridge_no": "24053891722" }, "geometry": { "type": "Point", "coordinates": [ 91.289638888889002, 24.094083333333 ] } },
{ "type": "Feature", "properties": { "id": "5281", "sl": 9357, "map_link": "https://maps.google.com/?q=24.106972222222,91.299944444444&amp;z=8&amp;t=k", "image_popup": "8088/bms/assets/uploads/images/bridges/bridge_5281/1698646972.JPG", "bridge_name": "Madhobpur Kachari", "bridge_type": "PC Girder Bridge", "road_no": "N2", "zone": "Sylhet", "circle": "Moulavi Bazar", "division": "Habiganj", "subdivision": "Shaistagonj", "sae": "Teliyapara", "bridge_length_(m)": 20.82, "bridge_width_(m)": 10.44, "chainage_(km)": 109.403, "ycoord": 24.106972222222002, "xcoord": 91.299944444443994, "bms_inventory": "http://bms.rhd.gov.bd:8088/bms/bridges/inventory_view/5281", "bms_detail": "http://bms.rhd.gov.bd:8088/bms/bridges/inventory_view/5281", "f_class_name": "PC Girder Bridge", "keys": "[bridge_name, Bridge Name], [bridge_type,Type], [chainage_(km), Chainage (km)], [road_no, On Road], [division, Division], [subdivision, Subdivision], [bridge_length_(m), Length (m)], [bridge_width_(m), Width (m)], [spans, Span], [span_arrangement, Span Arrangement], [completion_year, Const. Year], [map_link(=>{type:link, format:weblink}, Google Map,newtab=>),Google Map View],[bms_inventory(=>{type:link, format:weblink}, BMS Link,newtab=>), BMS Inventory],[bms_detail(=>{type:link, format:weblink},BMS Link,newtab=>), BMS Detailed View]", "f_class_color": "#6ebed6", "spans": 1.0, "span_arrangement": "20.8", "completion_year": "2007", "bridge_no": "240625911760" }, "geometry": { "type": "Point", "coordinates": [ 91.299944444443994, 24.106972222222002 ] } },
{ "type": "Feature", "properties": { "id": "5285", "sl": 563, "map_link": "https://maps.google.com/?q=24.126944444444,91.319111111111&amp;z=8&amp;t=k", "image_popup": "8088/bms/assets/uploads/images/bridges/bridge_5285/1698652555.JPG", "bridge_name": "Andara Bridge", "bridge_type": "PC Girder Bridge", "road_no": "N2", "zone": "Sylhet", "circle": "Moulavi Bazar", "division": "Habiganj", "subdivision": "Shaistagonj", "sae": "Teliyapara", "bridge_length_(m)": 31.0, "bridge_width_(m)": 10.4, "chainage_(km)": 112.332, "ycoord": 24.126944444444, "xcoord": 91.319111111110999, "bms_inventory": "http://bms.rhd.gov.bd:8088/bms/bridges/inventory_view/5285", "bms_detail": "http://bms.rhd.gov.bd:8088/bms/bridges/inventory_view/5285", "f_class_name": "PC Girder Bridge", "keys": "[bridge_name, Bridge Name], [bridge_type,Type], [chainage_(km), Chainage (km)], [road_no, On Road], [division, Division], [subdivision, Subdivision], [bridge_length_(m), Length (m)], [bridge_width_(m), Width (m)], [spans, Span], [span_arrangement, Span Arrangement], [completion_year, Const. Year], [map_link(=>{type:link, format:weblink}, Google Map,newtab=>),Google Map View],[bms_inventory(=>{type:link, format:weblink}, BMS Link,newtab=>), BMS Inventory],[bms_detail(=>{type:link, format:weblink},BMS Link,newtab=>), BMS Detailed View]", "f_class_color": "#6ebed6", "spans": 1.0, "span_arrangement": "30.77", "completion_year": "2008", "bridge_no": "240737911909" }, "geometry": { "type": "Point", "coordinates": [ 91.319111111110999, 24.126944444444 ] } },
{ "type": "Feature", "properties": { "id": "5287", "sl": 1692, "map_link": "https://maps.google.com/?q=24.135694444444,91.3235&amp;z=8&amp;t=k", "image_popup": "8088/bms/assets/uploads/images/bridges/bridge_5287/1698653091.JPG", "bridge_name": "Bejura Bridge-1", "bridge_type": "PC Girder Bridge", "road_no": "N2", "zone": "Sylhet", "circle": "Moulavi Bazar", "division": "Habiganj", "subdivision": "Shaistagonj", "sae": "Teliyapara", "bridge_length_(m)": 27.0, "bridge_width_(m)": 10.45, "chainage_(km)": 113.437, "ycoord": 24.135694444443999, "xcoord": 91.3235, "bms_inventory": "http://bms.rhd.gov.bd:8088/bms/bridges/inventory_view/5287", "bms_detail": "http://bms.rhd.gov.bd:8088/bms/bridges/inventory_view/5287", "f_class_name": "PC Girder Bridge", "keys": "[bridge_name, Bridge Name], [bridge_type,Type], [chainage_(km), Chainage (km)], [road_no, On Road], [division, Division], [subdivision, Subdivision], [bridge_length_(m), Length (m)], [bridge_width_(m), Width (m)], [spans, Span], [span_arrangement, Span Arrangement], [completion_year, Const. Year], [map_link(=>{type:link, format:weblink}, Google Map,newtab=>),Google Map View],[bms_inventory(=>{type:link, format:weblink}, BMS Link,newtab=>), BMS Inventory],[bms_detail(=>{type:link, format:weblink},BMS Link,newtab=>), BMS Detailed View]", "f_class_color": "#6ebed6", "spans": 1.0, "span_arrangement": "25.78", "completion_year": "2008", "bridge_no": "240809911925" }, "geometry": { "type": "Point", "coordinates": [ 91.3235, 24.135694444443999 ] } },
{ "type": "Feature", "properties": { "id": "5288", "sl": 1693, "map_link": "https://maps.google.com/?q=24.141666666667,91.326916666667&amp;z=8&amp;t=k", "image_popup": "8088/bms/assets/uploads/images/bridges/bridge_5288/1697966555.JPG", "bridge_name": "Bejura Bridge-2", "bridge_type": "PC Girder Bridge", "road_no": "N2", "zone": "Sylhet", "circle": "Moulavi Bazar", "division": "Habiganj", "subdivision": "Shaistagonj", "sae": "Teliyapara", "bridge_length_(m)": 41.2, "bridge_width_(m)": 10.48, "chainage_(km)": 114.193, "ycoord": 24.141666666667, "xcoord": 91.326916666667003, "bms_inventory": "http://bms.rhd.gov.bd:8088/bms/bridges/inventory_view/5288", "bms_detail": "http://bms.rhd.gov.bd:8088/bms/bridges/inventory_view/5288", "f_class_name": "PC Girder Bridge", "keys": "[bridge_name, Bridge Name], [bridge_type,Type], [chainage_(km), Chainage (km)], [road_no, On Road], [division, Division], [subdivision, Subdivision], [bridge_length_(m), Length (m)], [bridge_width_(m), Width (m)], [spans, Span], [span_arrangement, Span Arrangement], [completion_year, Const. Year], [map_link(=>{type:link, format:weblink}, Google Map,newtab=>),Google Map View],[bms_inventory(=>{type:link, format:weblink}, BMS Link,newtab=>), BMS Inventory],[bms_detail(=>{type:link, format:weblink},BMS Link,newtab=>), BMS Detailed View]", "f_class_color": "#6ebed6", "spans": 1.0, "span_arrangement": "40.8", "completion_year": "2004", "bridge_no": "240830911937" }, "geometry": { "type": "Point", "coordinates": [ 91.326916666667003, 24.141666666667 ] } },
{ "type": "Feature", "properties": { "id": "5289", "sl": 6984, "map_link": "https://maps.google.com/?q=24.144888888889,91.336611111111&amp;z=8&amp;t=k", "image_popup": "8088/bms/assets/uploads/images/bridges/bridge_5289/1697966808.JPG", "bridge_name": "Jinudpur Bridge", "bridge_type": "PC Girder Bridge", "road_no": "N2", "zone": "Sylhet", "circle": "Moulavi Bazar", "division": "Habiganj", "subdivision": "Shaistagonj", "sae": "Teliyapara", "bridge_length_(m)": 22.85, "bridge_width_(m)": 10.2, "chainage_(km)": 115.236, "ycoord": 24.144888888889, "xcoord": 91.336611111110997, "bms_inventory": "http://bms.rhd.gov.bd:8088/bms/bridges/inventory_view/5289", "bms_detail": "http://bms.rhd.gov.bd:8088/bms/bridges/inventory_view/5289", "f_class_name": "PC Girder Bridge", "keys": "[bridge_name, Bridge Name], [bridge_type,Type], [chainage_(km), Chainage (km)], [road_no, On Road], [division, Division], [subdivision, Subdivision], [bridge_length_(m), Length (m)], [bridge_width_(m), Width (m)], [spans, Span], [span_arrangement, Span Arrangement], [completion_year, Const. Year], [map_link(=>{type:link, format:weblink}, Google Map,newtab=>),Google Map View],[bms_inventory(=>{type:link, format:weblink}, BMS Link,newtab=>), BMS Inventory],[bms_detail(=>{type:link, format:weblink},BMS Link,newtab=>), BMS Detailed View]", "f_class_color": "#6ebed6", "spans": 1.0, "span_arrangement": "22.62", "completion_year": "2005", "bridge_no": "240842912012" }, "geometry": { "type": "Point", "coordinates": [ 91.336611111110997, 24.144888888889 ] } },
{ "type": "Feature", "properties": { "id": "5291", "sl": 13408, "map_link": "https://maps.google.com/?q=24.2108333,91.3560278&amp;z=8&amp;t=k", "image_popup": "8088/bms/assets/uploads/images/bridges/bridge_5291/1697969885.jpeg", "bridge_name": "Shahpur Bridge", "bridge_type": "PC Girder Bridge", "road_no": "N2", "zone": "Sylhet", "circle": "Moulavi Bazar", "division": "Habiganj", "subdivision": "Shaistagonj", "sae": "Teliyapara", "bridge_length_(m)": 33.0, "bridge_width_(m)": 10.37, "chainage_(km)": 123.487, "ycoord": 24.2108333, "xcoord": 91.3560278, "bms_inventory": "http://bms.rhd.gov.bd:8088/bms/bridges/inventory_view/5291", "bms_detail": "http://bms.rhd.gov.bd:8088/bms/bridges/inventory_view/5291", "f_class_name": "PC Girder Bridge", "keys": "[bridge_name, Bridge Name], [bridge_type,Type], [chainage_(km), Chainage (km)], [road_no, On Road], [division, Division], [subdivision, Subdivision], [bridge_length_(m), Length (m)], [bridge_width_(m), Width (m)], [spans, Span], [span_arrangement, Span Arrangement], [completion_year, Const. Year], [map_link(=>{type:link, format:weblink}, Google Map,newtab=>),Google Map View],[bms_inventory(=>{type:link, format:weblink}, BMS Link,newtab=>), BMS Inventory],[bms_detail(=>{type:link, format:weblink},BMS Link,newtab=>), BMS Detailed View]", "f_class_color": "#6ebed6", "spans": 1.0, "span_arrangement": "31.6", "completion_year": "2019", "bridge_no": "241239912122" }, "geometry": { "type": "Point", "coordinates": [ 91.3560278, 24.2108333 ] } },
{ "type": "Feature", "properties": { "id": "5353", "sl": 8241, "map_link": "https://maps.google.com/?q=24.270109833333,91.478415833333&amp;z=8&amp;t=k", "image_popup": "8088/bms/assets/uploads/images/bridges/bridge_5353/1700540727.JPG", "bridge_name": "Khoai Bridge", "bridge_type": "Truss Bridge", "road_no": "N2", "zone": "Sylhet", "circle": "Moulavi Bazar", "division": "Habiganj", "subdivision": "Shaistagonj", "sae": "Teliyapara", "bridge_length_(m)": 198.65, "bridge_width_(m)": 9.52, "chainage_(km)": 141.623, "ycoord": 24.270109833332999, "xcoord": 91.478415833333003, "bms_inventory": "http://bms.rhd.gov.bd:8088/bms/bridges/inventory_view/5353", "bms_detail": "http://bms.rhd.gov.bd:8088/bms/bridges/inventory_view/5353", "f_class_name": "Truss Bridge", "keys": "[bridge_name, Bridge Name], [bridge_type,Type], [chainage_(km), Chainage (km)], [road_no, On Road], [division, Division], [subdivision, Subdivision], [bridge_length_(m), Length (m)], [bridge_width_(m), Width (m)], [spans, Span], [span_arrangement, Span Arrangement], [completion_year, Const. Year], [map_link(=>{type:link, format:weblink}, Google Map,newtab=>),Google Map View],[bms_inventory(=>{type:link, format:weblink}, BMS Link,newtab=>), BMS Inventory],[bms_detail(=>{type:link, format:weblink},BMS Link,newtab=>), BMS Detailed View]", "f_class_color": "#6470da", "spans": 3.0, "span_arrangement": "58.05+82.5+58.1", "completion_year": "2000", "bridge_no": "241612912842" }, "geometry": { "type": "Point", "coordinates": [ 91.478415833333003, 24.270109833332999 ] } },
{ "type": "Feature", "properties": { "id": "5354", "sl": 6038, "map_link": "https://maps.google.com/?q=24.279972,91.487915833333&amp;z=8&amp;t=k", "image_popup": "8088/bms/assets/uploads/images/bridges/bridge_5354/1700540821.JPG", "bridge_name": "Haddivanga Bridge", "bridge_type": "RC Slab Bridge", "road_no": "N2", "zone": "Sylhet", "circle": "Moulavi Bazar", "division": "Habiganj", "subdivision": "Shaistagonj", "sae": "Teliyapara", "bridge_length_(m)": 27.0, "bridge_width_(m)": 9.65, "chainage_(km)": 143.154, "ycoord": 24.279972, "xcoord": 91.487915833333005, "bms_inventory": "http://bms.rhd.gov.bd:8088/bms/bridges/inventory_view/5354", "bms_detail": "http://bms.rhd.gov.bd:8088/bms/bridges/inventory_view/5354", "f_class_name": "RC Slab Bridge", "keys": "[bridge_name, Bridge Name], [bridge_type,Type], [chainage_(km), Chainage (km)], [road_no, On Road], [division, Division], [subdivision, Subdivision], [bridge_length_(m), Length (m)], [bridge_width_(m), Width (m)], [spans, Span], [span_arrangement, Span Arrangement], [completion_year, Const. Year], [map_link(=>{type:link, format:weblink}, Google Map,newtab=>),Google Map View],[bms_inventory(=>{type:link, format:weblink}, BMS Link,newtab=>), BMS Inventory],[bms_detail(=>{type:link, format:weblink},BMS Link,newtab=>), BMS Detailed View]", "f_class_color": "#088afa", "spans": 3.0, "span_arrangement": "8+8+8", "completion_year": "2003", "bridge_no": "241648912916" }, "geometry": { "type": "Point", "coordinates": [ 91.487915833333005, 24.279972 ] } },
{ "type": "Feature", "properties": { "id": "5412", "sl": 1357, "map_link": "https://maps.google.com/?q=24.55375,91.6051361&amp;z=8&amp;t=k", "image_popup": "8088/bms/assets/uploads/images/bridges/bridge_5412/1697948920.jpeg", "bridge_name": "Banudeb Bridge", "bridge_type": "PC Girder Bridge", "road_no": "N2", "zone": "Sylhet", "circle": "Moulavi Bazar", "division": "Habiganj", "subdivision": "Shaistagonj", "sae": "SAE-Shaistagonj-3", "bridge_length_(m)": 34.0, "bridge_width_(m)": 10.46, "chainage_(km)": 177.422, "ycoord": 24.55375, "xcoord": 91.6051361, "bms_inventory": "http://bms.rhd.gov.bd:8088/bms/bridges/inventory_view/5412", "bms_detail": "http://bms.rhd.gov.bd:8088/bms/bridges/inventory_view/5412", "f_class_name": "PC Girder Bridge", "keys": "[bridge_name, Bridge Name], [bridge_type,Type], [chainage_(km), Chainage (km)], [road_no, On Road], [division, Division], [subdivision, Subdivision], [bridge_length_(m), Length (m)], [bridge_width_(m), Width (m)], [spans, Span], [span_arrangement, Span Arrangement], [completion_year, Const. Year], [map_link(=>{type:link, format:weblink}, Google Map,newtab=>),Google Map View],[bms_inventory(=>{type:link, format:weblink}, BMS Link,newtab=>), BMS Inventory],[bms_detail(=>{type:link, format:weblink},BMS Link,newtab=>), BMS Detailed View]", "f_class_color": "#6ebed6", "spans": 1.0, "span_arrangement": "33.18", "completion_year": "2011", "bridge_no": "243314973618" }, "geometry": { "type": "Point", "coordinates": [ 91.6051361, 24.55375 ] } },
{ "type": "Feature", "properties": { "id": "5423", "sl": 5816, "map_link": "https://maps.google.com/?q=24.5661917,91.6028306&amp;z=8&amp;t=k", "image_popup": "8088/bms/assets/uploads/images/bridges/bridge_5423/1697952880.jpeg", "bridge_name": "Goplar Bridge", "bridge_type": "PC Girder Bridge", "road_no": "N2", "zone": "Sylhet", "circle": "Moulavi Bazar", "division": "Habiganj", "subdivision": "Shaistagonj", "sae": "SAE-Shaistagonj-3", "bridge_length_(m)": 23.3, "bridge_width_(m)": 12.5, "chainage_(km)": 178.858, "ycoord": 24.5661917, "xcoord": 91.6028306, "bms_inventory": "http://bms.rhd.gov.bd:8088/bms/bridges/inventory_view/5423", "bms_detail": "http://bms.rhd.gov.bd:8088/bms/bridges/inventory_view/5423", "f_class_name": "PC Girder Bridge", "keys": "[bridge_name, Bridge Name], [bridge_type,Type], [chainage_(km), Chainage (km)], [road_no, On Road], [division, Division], [subdivision, Subdivision], [bridge_length_(m), Length (m)], [bridge_width_(m), Width (m)], [spans, Span], [span_arrangement, Span Arrangement], [completion_year, Const. Year], [map_link(=>{type:link, format:weblink}, Google Map,newtab=>),Google Map View],[bms_inventory(=>{type:link, format:weblink}, BMS Link,newtab=>), BMS Inventory],[bms_detail(=>{type:link, format:weblink},BMS Link,newtab=>), BMS Detailed View]", "f_class_color": "#6ebed6", "spans": 1.0, "span_arrangement": "22.8", "completion_year": "2004", "bridge_no": "243358913610" }, "geometry": { "type": "Point", "coordinates": [ 91.6028306, 24.5661917 ] } },
{ "type": "Feature", "properties": { "id": "5427", "sl": 12949, "map_link": "https://maps.google.com/?q=24.5707472,91.6028306&amp;z=8&amp;t=k", "image_popup": "8088/bms/assets/uploads/images/bridges/bridge_5427/1697953904.jpeg", "bridge_name": "Rustompur Bridge", "bridge_type": "RC Girder Bridge", "road_no": "N2", "zone": "Sylhet", "circle": "Moulavi Bazar", "division": "Habiganj", "subdivision": "Shaistagonj", "sae": "SAE-Shaistagonj-3", "bridge_length_(m)": 15.9, "bridge_width_(m)": 10.67, "chainage_(km)": 179.159, "ycoord": 24.5707472, "xcoord": 91.6028306, "bms_inventory": "http://bms.rhd.gov.bd:8088/bms/bridges/inventory_view/5427", "bms_detail": "http://bms.rhd.gov.bd:8088/bms/bridges/inventory_view/5427", "f_class_name": "RC Girder Bridge", "keys": "[bridge_name, Bridge Name], [bridge_type,Type], [chainage_(km), Chainage (km)], [road_no, On Road], [division, Division], [subdivision, Subdivision], [bridge_length_(m), Length (m)], [bridge_width_(m), Width (m)], [spans, Span], [span_arrangement, Span Arrangement], [completion_year, Const. Year], [map_link(=>{type:link, format:weblink}, Google Map,newtab=>),Google Map View],[bms_inventory(=>{type:link, format:weblink}, BMS Link,newtab=>), BMS Inventory],[bms_detail(=>{type:link, format:weblink},BMS Link,newtab=>), BMS Detailed View]", "f_class_color": "#e8f674", "spans": 1.0, "span_arrangement": "15.57", "completion_year": "2004", "bridge_no": "223415913610" }, "geometry": { "type": "Point", "coordinates": [ 91.6028306, 24.5707472 ] } },
{ "type": "Feature", "properties": { "id": "5432", "sl": 3011, "map_link": "https://maps.google.com/?q=24.3535,91.5379417&amp;z=8&amp;t=k", "image_popup": "8088/bms/assets/uploads/images/bridges/bridge_5432/1697955762.jpeg", "bridge_name": "Chalta Bazar Bridge", "bridge_type": "PC Girder Bridge", "road_no": "N2", "zone": "Sylhet", "circle": "Moulavi Bazar", "division": "Habiganj", "subdivision": "Shaistagonj", "sae": "SAE-Shaistagonj-2", "bridge_length_(m)": 65.3, "bridge_width_(m)": 10.53, "chainage_(km)": 153.399, "ycoord": 24.3535, "xcoord": 91.5379417, "bms_inventory": "http://bms.rhd.gov.bd:8088/bms/bridges/inventory_view/5432", "bms_detail": "http://bms.rhd.gov.bd:8088/bms/bridges/inventory_view/5432", "f_class_name": "PC Girder Bridge", "keys": "[bridge_name, Bridge Name], [bridge_type,Type], [chainage_(km), Chainage (km)], [road_no, On Road], [division, Division], [subdivision, Subdivision], [bridge_length_(m), Length (m)], [bridge_width_(m), Width (m)], [spans, Span], [span_arrangement, Span Arrangement], [completion_year, Const. Year], [map_link(=>{type:link, format:weblink}, Google Map,newtab=>),Google Map View],[bms_inventory(=>{type:link, format:weblink}, BMS Link,newtab=>), BMS Inventory],[bms_detail(=>{type:link, format:weblink},BMS Link,newtab=>), BMS Detailed View]", "f_class_color": "#6ebed6", "spans": 3.0, "span_arrangement": "16.8+30.9+16.8", "completion_year": "2003", "bridge_no": "242113913217" }, "geometry": { "type": "Point", "coordinates": [ 91.5379417, 24.3535 ] } },
{ "type": "Feature", "properties": { "id": "5434", "sl": 12950, "map_link": "https://maps.google.com/?q=24.5805806,91.5978306&amp;z=8&amp;t=k", "image_popup": "8088/bms/assets/uploads/images/bridges/bridge_5434/1697956133.jpeg", "bridge_name": "Rustompur Bridge-2", "bridge_type": "RC Girder Bridge", "road_no": "N2", "zone": "Sylhet", "circle": "Moulavi Bazar", "division": "Habiganj", "subdivision": "Shaistagonj", "sae": "SAE-Shaistagonj-3", "bridge_length_(m)": 48.0, "bridge_width_(m)": 10.9, "chainage_(km)": 180.394, "ycoord": 24.5805806, "xcoord": 91.5978306, "bms_inventory": "http://bms.rhd.gov.bd:8088/bms/bridges/inventory_view/5434", "bms_detail": "http://bms.rhd.gov.bd:8088/bms/bridges/inventory_view/5434", "f_class_name": "RC Girder Bridge", "keys": "[bridge_name, Bridge Name], [bridge_type,Type], [chainage_(km), Chainage (km)], [road_no, On Road], [division, Division], [subdivision, Subdivision], [bridge_length_(m), Length (m)], [bridge_width_(m), Width (m)], [spans, Span], [span_arrangement, Span Arrangement], [completion_year, Const. Year], [map_link(=>{type:link, format:weblink}, Google Map,newtab=>),Google Map View],[bms_inventory(=>{type:link, format:weblink}, BMS Link,newtab=>), BMS Inventory],[bms_detail(=>{type:link, format:weblink},BMS Link,newtab=>), BMS Detailed View]", "f_class_color": "#e8f674", "spans": 3.0, "span_arrangement": "15.8+15.95+15.68", "completion_year": "2004", "bridge_no": "243450913552" }, "geometry": { "type": "Point", "coordinates": [ 91.5978306, 24.5805806 ] } },
{ "type": "Feature", "properties": { "id": "5438", "sl": 5007, "map_link": "https://maps.google.com/?q=24.4913889,91.5799694&amp;z=8&amp;t=k", "image_popup": "8088/bms/assets/uploads/images/bridges/bridge_5438/1697957466.jpeg", "bridge_name": "Echamoti Bridge", "bridge_type": "PC Girder Bridge", "road_no": "N2", "zone": "Sylhet", "circle": "Moulavi Bazar", "division": "Habiganj", "subdivision": "Shaistagonj", "sae": "SAE-Shaistagonj-2", "bridge_length_(m)": 26.3, "bridge_width_(m)": 10.5, "chainage_(km)": 169.711, "ycoord": 24.4913889, "xcoord": 91.5799694, "bms_inventory": "http://bms.rhd.gov.bd:8088/bms/bridges/inventory_view/5438", "bms_detail": "http://bms.rhd.gov.bd:8088/bms/bridges/inventory_view/5438", "f_class_name": "PC Girder Bridge", "keys": "[bridge_name, Bridge Name], [bridge_type,Type], [chainage_(km), Chainage (km)], [road_no, On Road], [division, Division], [subdivision, Subdivision], [bridge_length_(m), Length (m)], [bridge_width_(m), Width (m)], [spans, Span], [span_arrangement, Span Arrangement], [completion_year, Const. Year], [map_link(=>{type:link, format:weblink}, Google Map,newtab=>),Google Map View],[bms_inventory(=>{type:link, format:weblink}, BMS Link,newtab=>), BMS Inventory],[bms_detail(=>{type:link, format:weblink},BMS Link,newtab=>), BMS Detailed View]", "f_class_color": "#6ebed6", "spans": 1.0, "span_arrangement": "25.8", "completion_year": "2010", "bridge_no": "242929913448" }, "geometry": { "type": "Point", "coordinates": [ 91.5799694, 24.4913889 ] } },
{ "type": "Feature", "properties": { "id": "5441", "sl": 786, "map_link": "https://maps.google.com/?q=24.5848028,91.5996639&amp;z=8&amp;t=k", "image_popup": "8088/bms/assets/uploads/images/bridges/bridge_5441/1697959613.jpeg", "bridge_name": "Aushkandi Bridge", "bridge_type": "RC Girder Bridge", "road_no": "N2", "zone": "Sylhet", "circle": "Moulavi Bazar", "division": "Habiganj", "subdivision": "Shaistagonj", "sae": "SAE-Shaistagonj-3", "bridge_length_(m)": 38.57, "bridge_width_(m)": 10.56, "chainage_(km)": 180.898, "ycoord": 24.5848028, "xcoord": 91.5996639, "bms_inventory": "http://bms.rhd.gov.bd:8088/bms/bridges/inventory_view/5441", "bms_detail": "http://bms.rhd.gov.bd:8088/bms/bridges/inventory_view/5441", "f_class_name": "RC Girder Bridge", "keys": "[bridge_name, Bridge Name], [bridge_type,Type], [chainage_(km), Chainage (km)], [road_no, On Road], [division, Division], [subdivision, Subdivision], [bridge_length_(m), Length (m)], [bridge_width_(m), Width (m)], [spans, Span], [span_arrangement, Span Arrangement], [completion_year, Const. Year], [map_link(=>{type:link, format:weblink}, Google Map,newtab=>),Google Map View],[bms_inventory(=>{type:link, format:weblink}, BMS Link,newtab=>), BMS Inventory],[bms_detail(=>{type:link, format:weblink},BMS Link,newtab=>), BMS Detailed View]", "f_class_color": "#e8f674", "spans": 3.0, "span_arrangement": "12.8+12.8+12.8", "completion_year": "2004", "bridge_no": "243505913559" }, "geometry": { "type": "Point", "coordinates": [ 91.5996639, 24.5848028 ] } },
{ "type": "Feature", "properties": { "id": "5442", "sl": 10555, "map_link": "https://maps.google.com/?q=24.368221833333,91.544583&amp;z=8&amp;t=k", "image_popup": "8088/bms/assets/uploads/images/bridges/bridge_5442/1697960011.jpeg", "bridge_name": "Mukkandi Bridge", "bridge_type": "PC Girder Bridge", "road_no": "N2", "zone": "Sylhet", "circle": "Moulavi Bazar", "division": "Habiganj", "subdivision": "Shaistagonj", "sae": "SAE-Shaistagonj-2", "bridge_length_(m)": 17.6, "bridge_width_(m)": 10.45, "chainage_(km)": 155.22, "ycoord": 24.368221833332999, "xcoord": 91.544583, "bms_inventory": "http://bms.rhd.gov.bd:8088/bms/bridges/inventory_view/5442", "bms_detail": "http://bms.rhd.gov.bd:8088/bms/bridges/inventory_view/5442", "f_class_name": "PC Girder Bridge", "keys": "[bridge_name, Bridge Name], [bridge_type,Type], [chainage_(km), Chainage (km)], [road_no, On Road], [division, Division], [subdivision, Subdivision], [bridge_length_(m), Length (m)], [bridge_width_(m), Width (m)], [spans, Span], [span_arrangement, Span Arrangement], [completion_year, Const. Year], [map_link(=>{type:link, format:weblink}, Google Map,newtab=>),Google Map View],[bms_inventory(=>{type:link, format:weblink}, BMS Link,newtab=>), BMS Inventory],[bms_detail(=>{type:link, format:weblink},BMS Link,newtab=>), BMS Detailed View]", "f_class_color": "#6ebed6", "spans": 1.0, "span_arrangement": "17", "completion_year": "2003", "bridge_no": "242206913241" }, "geometry": { "type": "Point", "coordinates": [ 91.544583, 24.368221833332999 ] } },
{ "type": "Feature", "properties": { "id": "5454", "sl": 10417, "map_link": "https://maps.google.com/?q=24.381972,91.551389&amp;z=8&amp;t=k", "image_popup": "8088/bms/assets/uploads/images/bridges/bridge_5454/1697965630.jpeg", "bridge_name": "Mordilong Bridge", "bridge_type": "RC Girder Bridge", "road_no": "N2", "zone": "Sylhet", "circle": "Moulavi Bazar", "division": "Habiganj", "subdivision": "Shaistagonj", "sae": "SAE-Shaistagonj-2", "bridge_length_(m)": 15.0, "bridge_width_(m)": 10.46, "chainage_(km)": 156.913, "ycoord": 24.381972, "xcoord": 91.551389, "bms_inventory": "http://bms.rhd.gov.bd:8088/bms/bridges/inventory_view/5454", "bms_detail": "http://bms.rhd.gov.bd:8088/bms/bridges/inventory_view/5454", "f_class_name": "RC Girder Bridge", "keys": "[bridge_name, Bridge Name], [bridge_type,Type], [chainage_(km), Chainage (km)], [road_no, On Road], [division, Division], [subdivision, Subdivision], [bridge_length_(m), Length (m)], [bridge_width_(m), Width (m)], [spans, Span], [span_arrangement, Span Arrangement], [completion_year, Const. Year], [map_link(=>{type:link, format:weblink}, Google Map,newtab=>),Google Map View],[bms_inventory(=>{type:link, format:weblink}, BMS Link,newtab=>), BMS Inventory],[bms_detail(=>{type:link, format:weblink},BMS Link,newtab=>), BMS Detailed View]", "f_class_color": "#e8f674", "spans": 1.0, "span_arrangement": "14.4", "completion_year": "2003", "bridge_no": "242255913305" }, "geometry": { "type": "Point", "coordinates": [ 91.551389, 24.381972 ] } },
{ "type": "Feature", "properties": { "id": "5456", "sl": 9828, "map_link": "https://maps.google.com/?q=24.6011917,91.6156083&amp;z=8&amp;t=k", "image_popup": "8088/bms/assets/uploads/images/bridges/bridge_5456/1697966091.jpeg", "bridge_name": "Minajpur Bridge", "bridge_type": "PC Girder Bridge", "road_no": "N2", "zone": "Sylhet", "circle": "Moulavi Bazar", "division": "Habiganj", "subdivision": "Shaistagonj", "sae": "SAE-Shaistagonj-3", "bridge_length_(m)": 57.13, "bridge_width_(m)": 10.5, "chainage_(km)": 183.652, "ycoord": 24.6011917, "xcoord": 91.6156083, "bms_inventory": "http://bms.rhd.gov.bd:8088/bms/bridges/inventory_view/5456", "bms_detail": "http://bms.rhd.gov.bd:8088/bms/bridges/inventory_view/5456", "f_class_name": "PC Girder Bridge", "keys": "[bridge_name, Bridge Name], [bridge_type,Type], [chainage_(km), Chainage (km)], [road_no, On Road], [division, Division], [subdivision, Subdivision], [bridge_length_(m), Length (m)], [bridge_width_(m), Width (m)], [spans, Span], [span_arrangement, Span Arrangement], [completion_year, Const. Year], [map_link(=>{type:link, format:weblink}, Google Map,newtab=>),Google Map View],[bms_inventory(=>{type:link, format:weblink}, BMS Link,newtab=>), BMS Inventory],[bms_detail(=>{type:link, format:weblink},BMS Link,newtab=>), BMS Detailed View]", "f_class_color": "#6ebed6", "spans": 3.0, "span_arrangement": "16.8+22.88+16.85", "completion_year": "2004", "bridge_no": "243604913656" }, "geometry": { "type": "Point", "coordinates": [ 91.6156083, 24.6011917 ] } },
{ "type": "Feature", "properties": { "id": "5464", "sl": 2488, "map_link": "https://maps.google.com/?q=24.4391639,91.5681639&amp;z=8&amp;t=k", "image_popup": "8088/bms/assets/uploads/images/bridges/bridge_5464/1698033512.jpeg", "bridge_name": "Borochor Bazar Bridge", "bridge_type": "RC Girder Bridge", "road_no": "N2", "zone": "Sylhet", "circle": "Moulavi Bazar", "division": "Habiganj", "subdivision": "Shaistagonj", "sae": "SAE-Shaistagonj-2", "bridge_length_(m)": 15.7, "bridge_width_(m)": 10.4, "chainage_(km)": 163.707, "ycoord": 24.4391639, "xcoord": 91.5681639, "bms_inventory": "http://bms.rhd.gov.bd:8088/bms/bridges/inventory_view/5464", "bms_detail": "http://bms.rhd.gov.bd:8088/bms/bridges/inventory_view/5464", "f_class_name": "RC Girder Bridge", "keys": "[bridge_name, Bridge Name], [bridge_type,Type], [chainage_(km), Chainage (km)], [road_no, On Road], [division, Division], [subdivision, Subdivision], [bridge_length_(m), Length (m)], [bridge_width_(m), Width (m)], [spans, Span], [span_arrangement, Span Arrangement], [completion_year, Const. Year], [map_link(=>{type:link, format:weblink}, Google Map,newtab=>),Google Map View],[bms_inventory(=>{type:link, format:weblink}, BMS Link,newtab=>), BMS Inventory],[bms_detail(=>{type:link, format:weblink},BMS Link,newtab=>), BMS Detailed View]", "f_class_color": "#e8f674", "spans": 1.0, "span_arrangement": "15.1", "completion_year": "2003", "bridge_no": "242621913405" }, "geometry": { "type": "Point", "coordinates": [ 91.5681639, 24.4391639 ] } },
{ "type": "Feature", "properties": { "id": "5467", "sl": 12830, "map_link": "https://maps.google.com/?q=24.445,91.5705528&amp;z=8&amp;t=k", "image_popup": "8088/bms/assets/uploads/images/bridges/bridge_5467/1698034911.jpeg", "bridge_name": "Rokonpur Bridge", "bridge_type": "PC Girder Bridge", "road_no": "N2", "zone": "Sylhet", "circle": "Moulavi Bazar", "division": "Habiganj", "subdivision": "Shaistagonj", "sae": "SAE-Shaistagonj-2", "bridge_length_(m)": 21.5, "bridge_width_(m)": 10.5, "chainage_(km)": 164.369, "ycoord": 24.445, "xcoord": 91.5705528, "bms_inventory": "http://bms.rhd.gov.bd:8088/bms/bridges/inventory_view/5467", "bms_detail": "http://bms.rhd.gov.bd:8088/bms/bridges/inventory_view/5467", "f_class_name": "PC Girder Bridge", "keys": "[bridge_name, Bridge Name], [bridge_type,Type], [chainage_(km), Chainage (km)], [road_no, On Road], [division, Division], [subdivision, Subdivision], [bridge_length_(m), Length (m)], [bridge_width_(m), Width (m)], [spans, Span], [span_arrangement, Span Arrangement], [completion_year, Const. Year], [map_link(=>{type:link, format:weblink}, Google Map,newtab=>),Google Map View],[bms_inventory(=>{type:link, format:weblink}, BMS Link,newtab=>), BMS Inventory],[bms_detail(=>{type:link, format:weblink},BMS Link,newtab=>), BMS Detailed View]", "f_class_color": "#6ebed6", "spans": 1.0, "span_arrangement": "20.8", "completion_year": "2006", "bridge_no": "242642913414" }, "geometry": { "type": "Point", "coordinates": [ 91.5705528, 24.445 ] } },
{ "type": "Feature", "properties": { "id": "5470", "sl": 14704, "map_link": "https://maps.google.com/?q=24.276277,91.403917&amp;z=8&amp;t=k", "image_popup": "8088/bms/assets/uploads/images/bridges/bridge_5470/1699954463.JPG", "bridge_name": "Sutang Bridge", "bridge_type": "PC Girder Bridge", "road_no": "N2", "zone": "Sylhet", "circle": "Moulavi Bazar", "division": "Habiganj", "subdivision": "Shaistagonj", "sae": "Teliyapara", "bridge_length_(m)": 84.0, "bridge_width_(m)": 10.4, "chainage_(km)": 133.06, "ycoord": 24.276277, "xcoord": 91.403917, "bms_inventory": "http://bms.rhd.gov.bd:8088/bms/bridges/inventory_view/5470", "bms_detail": "http://bms.rhd.gov.bd:8088/bms/bridges/inventory_view/5470", "f_class_name": "PC Girder Bridge", "keys": "[bridge_name, Bridge Name], [bridge_type,Type], [chainage_(km), Chainage (km)], [road_no, On Road], [division, Division], [subdivision, Subdivision], [bridge_length_(m), Length (m)], [bridge_width_(m), Width (m)], [spans, Span], [span_arrangement, Span Arrangement], [completion_year, Const. Year], [map_link(=>{type:link, format:weblink}, Google Map,newtab=>),Google Map View],[bms_inventory(=>{type:link, format:weblink}, BMS Link,newtab=>), BMS Inventory],[bms_detail(=>{type:link, format:weblink},BMS Link,newtab=>), BMS Detailed View]", "f_class_color": "#6ebed6", "spans": 3.0, "span_arrangement": "26+31+26", "completion_year": "2004", "bridge_no": "241635912414" }, "geometry": { "type": "Point", "coordinates": [ 91.403917, 24.276277 ] } },
{ "type": "Feature", "properties": { "id": "5484", "sl": 11723, "map_link": "https://maps.google.com/?q=24.4691639,91.5736917&amp;z=8&amp;t=k", "image_popup": "8088/bms/assets/uploads/images/bridges/bridge_5484/1698041566.jpeg", "bridge_name": "Paniudoma Bazar Bridge", "bridge_type": "PC Girder Bridge", "road_no": "N2", "zone": "Sylhet", "circle": "Moulavi Bazar", "division": "Habiganj", "subdivision": "Shaistagonj", "sae": "SAE-Shaistagonj-2", "bridge_length_(m)": 55.2, "bridge_width_(m)": 10.5, "chainage_(km)": 167.121, "ycoord": 24.4691639, "xcoord": 91.5736917, "bms_inventory": "http://bms.rhd.gov.bd:8088/bms/bridges/inventory_view/5484", "bms_detail": "http://bms.rhd.gov.bd:8088/bms/bridges/inventory_view/5484", "f_class_name": "PC Girder Bridge", "keys": "[bridge_name, Bridge Name], [bridge_type,Type], [chainage_(km), Chainage (km)], [road_no, On Road], [division, Division], [subdivision, Subdivision], [bridge_length_(m), Length (m)], [bridge_width_(m), Width (m)], [spans, Span], [span_arrangement, Span Arrangement], [completion_year, Const. Year], [map_link(=>{type:link, format:weblink}, Google Map,newtab=>),Google Map View],[bms_inventory(=>{type:link, format:weblink}, BMS Link,newtab=>), BMS Inventory],[bms_detail(=>{type:link, format:weblink},BMS Link,newtab=>), BMS Detailed View]", "f_class_color": "#6ebed6", "spans": 3.0, "span_arrangement": "16.8+20.99+16.9", "completion_year": "2020", "bridge_no": "242809913425" }, "geometry": { "type": "Point", "coordinates": [ 91.5736917, 24.4691639 ] } },
{ "type": "Feature", "properties": { "id": "5486", "sl": 11724, "map_link": "https://maps.google.com/?q=24.4732194,91.5743028&amp;z=8&amp;t=k", "image_popup": "8088/bms/assets/uploads/images/bridges/bridge_5486/1698042466.jpeg", "bridge_name": "Paniudoma Bridge", "bridge_type": "PC Girder Bridge", "road_no": "N2", "zone": "Sylhet", "circle": "Moulavi Bazar", "division": "Habiganj", "subdivision": "Shaistagonj", "sae": "SAE-Shaistagonj-2", "bridge_length_(m)": 23.4, "bridge_width_(m)": 10.46, "chainage_(km)": 167.581, "ycoord": 24.4732194, "xcoord": 91.5743028, "bms_inventory": "http://bms.rhd.gov.bd:8088/bms/bridges/inventory_view/5486", "bms_detail": "http://bms.rhd.gov.bd:8088/bms/bridges/inventory_view/5486", "f_class_name": "PC Girder Bridge", "keys": "[bridge_name, Bridge Name], [bridge_type,Type], [chainage_(km), Chainage (km)], [road_no, On Road], [division, Division], [subdivision, Subdivision], [bridge_length_(m), Length (m)], [bridge_width_(m), Width (m)], [spans, Span], [span_arrangement, Span Arrangement], [completion_year, Const. Year], [map_link(=>{type:link, format:weblink}, Google Map,newtab=>),Google Map View],[bms_inventory(=>{type:link, format:weblink}, BMS Link,newtab=>), BMS Inventory],[bms_detail(=>{type:link, format:weblink},BMS Link,newtab=>), BMS Detailed View]", "f_class_color": "#6ebed6", "spans": 1.0, "span_arrangement": "22.6", "completion_year": "2004", "bridge_no": "242824913427" }, "geometry": { "type": "Point", "coordinates": [ 91.5743028, 24.4732194 ] } },
{ "type": "Feature", "properties": { "id": "5492", "sl": 12334, "map_link": "https://maps.google.com/?q=24.4059972,91.5608306&amp;z=8&amp;t=k", "image_popup": "8088/bms/assets/img/no_picture.png", "bridge_name": "Putijuri Bridge", "bridge_type": "PC Girder Bridge", "road_no": "N2", "zone": "Sylhet", "circle": "Moulavi Bazar", "division": "Habiganj", "subdivision": "Shaistagonj", "sae": "SAE-Shaistagonj-2", "bridge_length_(m)": 21.5, "bridge_width_(m)": 10.5, "chainage_(km)": 159.973, "ycoord": 24.4059972, "xcoord": 91.5608306, "bms_inventory": "http://bms.rhd.gov.bd:8088/bms/bridges/inventory_view/5492", "bms_detail": "http://bms.rhd.gov.bd:8088/bms/bridges/inventory_view/5492", "f_class_name": "PC Girder Bridge", "keys": "[bridge_name, Bridge Name], [bridge_type,Type], [chainage_(km), Chainage (km)], [road_no, On Road], [division, Division], [subdivision, Subdivision], [bridge_length_(m), Length (m)], [bridge_width_(m), Width (m)], [spans, Span], [span_arrangement, Span Arrangement], [completion_year, Const. Year], [map_link(=>{type:link, format:weblink}, Google Map,newtab=>),Google Map View],[bms_inventory(=>{type:link, format:weblink}, BMS Link,newtab=>), BMS Inventory],[bms_detail(=>{type:link, format:weblink},BMS Link,newtab=>), BMS Detailed View]", "f_class_color": "#6ebed6", "spans": 1.0, "span_arrangement": "20.66", "completion_year": "2004", "bridge_no": "242422913339" }, "geometry": { "type": "Point", "coordinates": [ 91.5608306, 24.4059972 ] } },
{ "type": "Feature", "properties": { "id": "5578", "sl": 15346, "map_link": "https://maps.google.com/?q=24.613472,91.634776833333&amp;z=8&amp;t=k", "image_popup": "8088/bms/assets/uploads/images/bridges/bridge_5578/1698556322.jpeg", "bridge_name": "Umarpur Bridge", "bridge_type": "PC Girder Bridge", "road_no": "N2", "zone": "Sylhet", "circle": "Moulavi Bazar", "division": "Habiganj", "subdivision": "Shaistagonj", "sae": "SAE-Shaistagonj-3", "bridge_length_(m)": 57.15, "bridge_width_(m)": 10.5, "chainage_(km)": 186.133, "ycoord": 24.613472, "xcoord": 91.634776833333007, "bms_inventory": "http://bms.rhd.gov.bd:8088/bms/bridges/inventory_view/5578", "bms_detail": "http://bms.rhd.gov.bd:8088/bms/bridges/inventory_view/5578", "f_class_name": "PC Girder Bridge", "keys": "[bridge_name, Bridge Name], [bridge_type,Type], [chainage_(km), Chainage (km)], [road_no, On Road], [division, Division], [subdivision, Subdivision], [bridge_length_(m), Length (m)], [bridge_width_(m), Width (m)], [spans, Span], [span_arrangement, Span Arrangement], [completion_year, Const. Year], [map_link(=>{type:link, format:weblink}, Google Map,newtab=>),Google Map View],[bms_inventory(=>{type:link, format:weblink}, BMS Link,newtab=>), BMS Inventory],[bms_detail(=>{type:link, format:weblink},BMS Link,newtab=>), BMS Detailed View]", "f_class_color": "#6ebed6", "spans": 3.0, "span_arrangement": "16.8+22.9+16.8", "completion_year": "2004", "bridge_no": "243648913805" }, "geometry": { "type": "Point", "coordinates": [ 91.634776833333007, 24.613472 ] } },
{ "type": "Feature", "properties": { "id": "5581", "sl": 11068, "map_link": "https://maps.google.com/?q=24.612860833333,91.644193833333&amp;z=8&amp;t=k", "image_popup": "8088/bms/assets/uploads/images/bridges/bridge_5581/1698571243.JPG", "bridge_name": "Nobigonj Bridge-1", "bridge_type": "RC Girder Bridge", "road_no": "N2", "zone": "Sylhet", "circle": "Moulavi Bazar", "division": "Habiganj", "subdivision": "Shaistagonj", "sae": "SAE-Shaistagonj-3", "bridge_length_(m)": 16.14, "bridge_width_(m)": 10.37, "chainage_(km)": 187.1, "ycoord": 24.612860833332999, "xcoord": 91.644193833333006, "bms_inventory": "http://bms.rhd.gov.bd:8088/bms/bridges/inventory_view/5581", "bms_detail": "http://bms.rhd.gov.bd:8088/bms/bridges/inventory_view/5581", "f_class_name": "RC Girder Bridge", "keys": "[bridge_name, Bridge Name], [bridge_type,Type], [chainage_(km), Chainage (km)], [road_no, On Road], [division, Division], [subdivision, Subdivision], [bridge_length_(m), Length (m)], [bridge_width_(m), Width (m)], [spans, Span], [span_arrangement, Span Arrangement], [completion_year, Const. Year], [map_link(=>{type:link, format:weblink}, Google Map,newtab=>),Google Map View],[bms_inventory(=>{type:link, format:weblink}, BMS Link,newtab=>), BMS Inventory],[bms_detail(=>{type:link, format:weblink},BMS Link,newtab=>), BMS Detailed View]", "f_class_color": "#e8f674", "spans": 1.0, "span_arrangement": "15.58", "completion_year": "2004", "bridge_no": "243646913839" }, "geometry": { "type": "Point", "coordinates": [ 91.644193833333006, 24.612860833332999 ] } },
{ "type": "Feature", "properties": { "id": "5586", "sl": 11069, "map_link": "https://maps.google.com/?q=24.616944,91.659999833333&amp;z=8&amp;t=k", "image_popup": "8088/bms/assets/uploads/images/bridges/bridge_5586/1698570667.JPG", "bridge_name": "Nobigonj Bridge-2", "bridge_type": "PC Girder Bridge", "road_no": "N2", "zone": "Sylhet", "circle": "Moulavi Bazar", "division": "Habiganj", "subdivision": "Shaistagonj", "sae": "SAE-Shaistagonj-3", "bridge_length_(m)": 32.0, "bridge_width_(m)": 10.5, "chainage_(km)": 188.774, "ycoord": 24.616944, "xcoord": 91.659999833333003, "bms_inventory": "http://bms.rhd.gov.bd:8088/bms/bridges/inventory_view/5586", "bms_detail": "http://bms.rhd.gov.bd:8088/bms/bridges/inventory_view/5586", "f_class_name": "PC Girder Bridge", "keys": "[bridge_name, Bridge Name], [bridge_type,Type], [chainage_(km), Chainage (km)], [road_no, On Road], [division, Division], [subdivision, Subdivision], [bridge_length_(m), Length (m)], [bridge_width_(m), Width (m)], [spans, Span], [span_arrangement, Span Arrangement], [completion_year, Const. Year], [map_link(=>{type:link, format:weblink}, Google Map,newtab=>),Google Map View],[bms_inventory(=>{type:link, format:weblink}, BMS Link,newtab=>), BMS Inventory],[bms_detail(=>{type:link, format:weblink},BMS Link,newtab=>), BMS Detailed View]", "f_class_color": "#6ebed6", "spans": 1.0, "span_arrangement": "30.78", "completion_year": "2004", "bridge_no": "243701913936" }, "geometry": { "type": "Point", "coordinates": [ 91.659999833333003, 24.616944 ] } },
{ "type": "Feature", "properties": { "id": "5668", "sl": 7675, "map_link": "https://maps.google.com/?q=24.521305,91.589555&amp;z=8&amp;t=k", "image_popup": "8088/bms/assets/uploads/images/bridges/bridge_5668/1698896854.JPG", "bridge_name": "Kandigaon Bridge", "bridge_type": "RC Girder Bridge", "road_no": "N2", "zone": "Sylhet", "circle": "Moulavi Bazar", "division": "Habiganj", "subdivision": "Shaistagonj", "sae": "SAE-Shaistagonj-3", "bridge_length_(m)": 15.6, "bridge_width_(m)": 10.6, "chainage_(km)": 173.284, "ycoord": 24.521305, "xcoord": 91.589555, "bms_inventory": "http://bms.rhd.gov.bd:8088/bms/bridges/inventory_view/5668", "bms_detail": "http://bms.rhd.gov.bd:8088/bms/bridges/inventory_view/5668", "f_class_name": "RC Girder Bridge", "keys": "[bridge_name, Bridge Name], [bridge_type,Type], [chainage_(km), Chainage (km)], [road_no, On Road], [division, Division], [subdivision, Subdivision], [bridge_length_(m), Length (m)], [bridge_width_(m), Width (m)], [spans, Span], [span_arrangement, Span Arrangement], [completion_year, Const. Year], [map_link(=>{type:link, format:weblink}, Google Map,newtab=>),Google Map View],[bms_inventory(=>{type:link, format:weblink}, BMS Link,newtab=>), BMS Inventory],[bms_detail(=>{type:link, format:weblink},BMS Link,newtab=>), BMS Detailed View]", "f_class_color": "#e8f674", "spans": 1.0, "span_arrangement": "15.6", "completion_year": "2004", "bridge_no": "243117913522" }, "geometry": { "type": "Point", "coordinates": [ 91.589555, 24.521305 ] } },
{ "type": "Feature", "properties": { "id": "5703", "sl": 1968, "map_link": "https://maps.google.com/?q=24.551306,91.605528&amp;z=8&amp;t=k", "image_popup": "8088/bms/assets/uploads/images/bridges/bridge_5703/1704292492.jpeg", "bridge_name": "Bijna Bridge", "bridge_type": "PC Girder Bridge", "road_no": "N2", "zone": "Sylhet", "circle": "Moulavi Bazar", "division": "Habiganj", "subdivision": "Shaistagonj", "sae": "SAE-Shaistagonj-3", "bridge_length_(m)": 147.0, "bridge_width_(m)": 10.45, "chainage_(km)": 177.145, "ycoord": 24.551306, "xcoord": 91.605528, "bms_inventory": "http://bms.rhd.gov.bd:8088/bms/bridges/inventory_view/5703", "bms_detail": "http://bms.rhd.gov.bd:8088/bms/bridges/inventory_view/5703", "f_class_name": "PC Girder Bridge", "keys": "[bridge_name, Bridge Name], [bridge_type,Type], [chainage_(km), Chainage (km)], [road_no, On Road], [division, Division], [subdivision, Subdivision], [bridge_length_(m), Length (m)], [bridge_width_(m), Width (m)], [spans, Span], [span_arrangement, Span Arrangement], [completion_year, Const. Year], [map_link(=>{type:link, format:weblink}, Google Map,newtab=>),Google Map View],[bms_inventory(=>{type:link, format:weblink}, BMS Link,newtab=>), BMS Inventory],[bms_detail(=>{type:link, format:weblink},BMS Link,newtab=>), BMS Detailed View]", "f_class_color": "#6ebed6", "spans": 4.0, "span_arrangement": "30.98+40.8+40.9+30.85", "completion_year": "2003", "bridge_no": "243305913620" }, "geometry": { "type": "Point", "coordinates": [ 91.605528, 24.551306 ] } },
{ "type": "Feature", "properties": { "id": "5705", "sl": 12979, "map_link": "https://maps.google.com/?q=24.547776833333,91.605472&amp;z=8&amp;t=k", "image_popup": "8088/bms/assets/uploads/images/bridges/bridge_5705/1704292446.jpeg", "bridge_name": "Sadarghat Bridge.", "bridge_type": "PC Girder Bridge", "road_no": "N2", "zone": "Sylhet", "circle": "Moulavi Bazar", "division": "Habiganj", "subdivision": "Shaistagonj", "sae": "SAE-Shaistagonj-3", "bridge_length_(m)": 54.0, "bridge_width_(m)": 10.52, "chainage_(km)": 176.744, "ycoord": 24.547776833333, "xcoord": 91.605472, "bms_inventory": "http://bms.rhd.gov.bd:8088/bms/bridges/inventory_view/5705", "bms_detail": "http://bms.rhd.gov.bd:8088/bms/bridges/inventory_view/5705", "f_class_name": "PC Girder Bridge", "keys": "[bridge_name, Bridge Name], [bridge_type,Type], [chainage_(km), Chainage (km)], [road_no, On Road], [division, Division], [subdivision, Subdivision], [bridge_length_(m), Length (m)], [bridge_width_(m), Width (m)], [spans, Span], [span_arrangement, Span Arrangement], [completion_year, Const. Year], [map_link(=>{type:link, format:weblink}, Google Map,newtab=>),Google Map View],[bms_inventory(=>{type:link, format:weblink}, BMS Link,newtab=>), BMS Inventory],[bms_detail(=>{type:link, format:weblink},BMS Link,newtab=>), BMS Detailed View]", "f_class_color": "#6ebed6", "spans": 3.0, "span_arrangement": "16.4+16.9+16.8", "completion_year": "2004", "bridge_no": "243252913620" }, "geometry": { "type": "Point", "coordinates": [ 91.605472, 24.547776833333 ] } },
{ "type": "Feature", "properties": { "id": "5738", "sl": 9881, "map_link": "https://maps.google.com/?q=24.297579833333,91.51353&amp;z=8&amp;t=k", "image_popup": "8088/bms/assets/uploads/images/bridges/bridge_5738/1699329469.JPG", "bridge_name": "Mirpur Bridge", "bridge_type": "RC Slab Bridge", "road_no": "N207", "zone": "Sylhet", "circle": "Moulavi Bazar", "division": "Habiganj", "subdivision": "Shaistagonj", "sae": "SAE-Shaistagonj-2", "bridge_length_(m)": 24.18, "bridge_width_(m)": 8.8, "chainage_(km)": 0.457, "ycoord": 24.297579833333, "xcoord": 91.51353, "bms_inventory": "http://bms.rhd.gov.bd:8088/bms/bridges/inventory_view/5738", "bms_detail": "http://bms.rhd.gov.bd:8088/bms/bridges/inventory_view/5738", "f_class_name": "RC Slab Bridge", "keys": "[bridge_name, Bridge Name], [bridge_type,Type], [chainage_(km), Chainage (km)], [road_no, On Road], [division, Division], [subdivision, Subdivision], [bridge_length_(m), Length (m)], [bridge_width_(m), Width (m)], [spans, Span], [span_arrangement, Span Arrangement], [completion_year, Const. Year], [map_link(=>{type:link, format:weblink}, Google Map,newtab=>),Google Map View],[bms_inventory(=>{type:link, format:weblink}, BMS Link,newtab=>), BMS Inventory],[bms_detail(=>{type:link, format:weblink},BMS Link,newtab=>), BMS Detailed View]", "f_class_color": "#088afa", "spans": 3.0, "span_arrangement": "7.8+8+7.8", "completion_year": "1978", "bridge_no": "241751913049" }, "geometry": { "type": "Point", "coordinates": [ 91.51353, 24.297579833333 ] } },
{ "type": "Feature", "properties": { "id": "5745", "sl": 9882, "map_link": "https://maps.google.com/?q=24.29587,91.52365&amp;z=8&amp;t=k", "image_popup": "8088/bms/assets/uploads/images/bridges/bridge_5745/1699331188.JPG", "bridge_name": "Mirpur Bridge 2", "bridge_type": "Steel Girder Bridge", "road_no": "N207", "zone": "Sylhet", "circle": "Moulavi Bazar", "division": "Habiganj", "subdivision": "Shaistagonj", "sae": "SAE-Shaistagonj-2", "bridge_length_(m)": 21.1, "bridge_width_(m)": 9.85, "chainage_(km)": 1.515, "ycoord": 24.29587, "xcoord": 91.52365, "bms_inventory": "http://bms.rhd.gov.bd:8088/bms/bridges/inventory_view/5745", "bms_detail": "http://bms.rhd.gov.bd:8088/bms/bridges/inventory_view/5745", "f_class_name": "Steel Girder Bridge", "keys": "[bridge_name, Bridge Name], [bridge_type,Type], [chainage_(km), Chainage (km)], [road_no, On Road], [division, Division], [subdivision, Subdivision], [bridge_length_(m), Length (m)], [bridge_width_(m), Width (m)], [spans, Span], [span_arrangement, Span Arrangement], [completion_year, Const. Year], [map_link(=>{type:link, format:weblink}, Google Map,newtab=>),Google Map View],[bms_inventory(=>{type:link, format:weblink}, BMS Link,newtab=>), BMS Inventory],[bms_detail(=>{type:link, format:weblink},BMS Link,newtab=>), BMS Detailed View]", "f_class_color": "#b15dec", "spans": 1.0, "span_arrangement": "20.55", "completion_year": "1993", "bridge_no": "241745913125" }, "geometry": { "type": "Point", "coordinates": [ 91.52365, 24.29587 ] } },
{ "type": "Feature", "properties": { "id": "5748", "sl": 10882, "map_link": "https://maps.google.com/?q=24.29373,91.5369&amp;z=8&amp;t=k", "image_popup": "8088/bms/assets/uploads/images/bridges/bridge_5748/1699331923.JPG", "bridge_name": "Natun Bazar Bridge", "bridge_type": "RC Girder Bridge", "road_no": "N207", "zone": "Sylhet", "circle": "Moulavi Bazar", "division": "Habiganj", "subdivision": "Shaistagonj", "sae": "SAE-Shaistagonj-2", "bridge_length_(m)": 31.0, "bridge_width_(m)": 7.3, "chainage_(km)": 2.893, "ycoord": 24.29373, "xcoord": 91.5369, "bms_inventory": "http://bms.rhd.gov.bd:8088/bms/bridges/inventory_view/5748", "bms_detail": "http://bms.rhd.gov.bd:8088/bms/bridges/inventory_view/5748", "f_class_name": "RC Girder Bridge", "keys": "[bridge_name, Bridge Name], [bridge_type,Type], [chainage_(km), Chainage (km)], [road_no, On Road], [division, Division], [subdivision, Subdivision], [bridge_length_(m), Length (m)], [bridge_width_(m), Width (m)], [spans, Span], [span_arrangement, Span Arrangement], [completion_year, Const. Year], [map_link(=>{type:link, format:weblink}, Google Map,newtab=>),Google Map View],[bms_inventory(=>{type:link, format:weblink}, BMS Link,newtab=>), BMS Inventory],[bms_detail(=>{type:link, format:weblink},BMS Link,newtab=>), BMS Detailed View]", "f_class_color": "#e8f674", "spans": 3.0, "span_arrangement": "5.6+18.8+5.8", "completion_year": "1993", "bridge_no": "241737913213" }, "geometry": { "type": "Point", "coordinates": [ 91.5369, 24.29373 ] } },
{ "type": "Feature", "properties": { "id": "5750", "sl": 7749, "map_link": "https://maps.google.com/?q=24.29307,91.546229833333&amp;z=8&amp;t=k", "image_popup": "8088/bms/assets/uploads/images/bridges/bridge_5750/1699332767.JPG", "bridge_name": "Karangi Bridge", "bridge_type": "RC Girder Bridge", "road_no": "N207", "zone": "Sylhet", "circle": "Moulavi Bazar", "division": "Habiganj", "subdivision": "Shaistagonj", "sae": "SAE-Shaistagonj-2", "bridge_length_(m)": 56.0, "bridge_width_(m)": 9.76, "chainage_(km)": 3.863, "ycoord": 24.29307, "xcoord": 91.546229833333001, "bms_inventory": "http://bms.rhd.gov.bd:8088/bms/bridges/inventory_view/5750", "bms_detail": "http://bms.rhd.gov.bd:8088/bms/bridges/inventory_view/5750", "f_class_name": "RC Girder Bridge", "keys": "[bridge_name, Bridge Name], [bridge_type,Type], [chainage_(km), Chainage (km)], [road_no, On Road], [division, Division], [subdivision, Subdivision], [bridge_length_(m), Length (m)], [bridge_width_(m), Width (m)], [spans, Span], [span_arrangement, Span Arrangement], [completion_year, Const. Year], [map_link(=>{type:link, format:weblink}, Google Map,newtab=>),Google Map View],[bms_inventory(=>{type:link, format:weblink}, BMS Link,newtab=>), BMS Inventory],[bms_detail(=>{type:link, format:weblink},BMS Link,newtab=>), BMS Detailed View]", "f_class_color": "#e8f674", "spans": 3.0, "span_arrangement": "18.44+18+18.44", "completion_year": "1993", "bridge_no": "241736913246" }, "geometry": { "type": "Point", "coordinates": [ 91.546229833333001, 24.29307 ] } },
{ "type": "Feature", "properties": { "id": "5761", "sl": 12933, "map_link": "https://maps.google.com/?q=24.426082833333,91.568248833333&amp;z=8&amp;t=k", "image_popup": "8088/bms/assets/uploads/images/bridges/bridge_5761/1699349177.jpeg", "bridge_name": "Rupaichora Bridge", "bridge_type": "RC Girder Bridge", "road_no": "N2", "zone": "Sylhet", "circle": "Moulavi Bazar", "division": "Habiganj", "subdivision": "Shaistagonj", "sae": "SAE-Shaistagonj-2", "bridge_length_(m)": 39.1, "bridge_width_(m)": 10.4, "chainage_(km)": 162.23, "ycoord": 24.426082833332998, "xcoord": 91.568248833333001, "bms_inventory": "http://bms.rhd.gov.bd:8088/bms/bridges/inventory_view/5761", "bms_detail": "http://bms.rhd.gov.bd:8088/bms/bridges/inventory_view/5761", "f_class_name": "RC Girder Bridge", "keys": "[bridge_name, Bridge Name], [bridge_type,Type], [chainage_(km), Chainage (km)], [road_no, On Road], [division, Division], [subdivision, Subdivision], [bridge_length_(m), Length (m)], [bridge_width_(m), Width (m)], [spans, Span], [span_arrangement, Span Arrangement], [completion_year, Const. Year], [map_link(=>{type:link, format:weblink}, Google Map,newtab=>),Google Map View],[bms_inventory(=>{type:link, format:weblink}, BMS Link,newtab=>), BMS Inventory],[bms_detail(=>{type:link, format:weblink},BMS Link,newtab=>), BMS Detailed View]", "f_class_color": "#e8f674", "spans": 3.0, "span_arrangement": "12.8+13+12.9", "completion_year": "2003", "bridge_no": "242534913406" }, "geometry": { "type": "Point", "coordinates": [ 91.568248833333001, 24.426082833332998 ] } },
{ "type": "Feature", "properties": { "id": "5762", "sl": 9875, "map_link": "https://maps.google.com/?q=24.112179833333,91.30486&amp;z=8&amp;t=k", "image_popup": "8088/bms/assets/uploads/images/bridges/bridge_5762/1700468006.JPG", "bridge_name": "Mirnagar Bridge", "bridge_type": "RC Girder Bridge", "road_no": "N2", "zone": "Sylhet", "circle": "Moulavi Bazar", "division": "Habiganj", "subdivision": "Shaistagonj", "sae": "Teliyapara", "bridge_length_(m)": 35.0, "bridge_width_(m)": 8.53, "chainage_(km)": 110.163, "ycoord": 24.112179833332998, "xcoord": 91.30486, "bms_inventory": "http://bms.rhd.gov.bd:8088/bms/bridges/inventory_view/5762", "bms_detail": "http://bms.rhd.gov.bd:8088/bms/bridges/inventory_view/5762", "f_class_name": "RC Girder Bridge", "keys": "[bridge_name, Bridge Name], [bridge_type,Type], [chainage_(km), Chainage (km)], [road_no, On Road], [division, Division], [subdivision, Subdivision], [bridge_length_(m), Length (m)], [bridge_width_(m), Width (m)], [spans, Span], [span_arrangement, Span Arrangement], [completion_year, Const. Year], [map_link(=>{type:link, format:weblink}, Google Map,newtab=>),Google Map View],[bms_inventory(=>{type:link, format:weblink}, BMS Link,newtab=>), BMS Inventory],[bms_detail(=>{type:link, format:weblink},BMS Link,newtab=>), BMS Detailed View]", "f_class_color": "#e8f674", "spans": 3.0, "span_arrangement": "6+22+5.88", "completion_year": "1973", "bridge_no": "240644911817" }, "geometry": { "type": "Point", "coordinates": [ 91.30486, 24.112179833332998 ] } },
{ "type": "Feature", "properties": { "id": "5833", "sl": 14705, "map_link": "https://maps.google.com/?q=24.32691,91.34345&amp;z=8&amp;t=k", "image_popup": "8088/bms/assets/uploads/images/bridges/bridge_5833/1699937593.jpg", "bridge_name": "Sutang Bridge.", "bridge_type": "Mixed Types Bridge", "road_no": "R220", "zone": "Sylhet", "circle": "Moulavi Bazar", "division": "Habiganj", "subdivision": "Habigonj", "sae": "Habiganj", "bridge_length_(m)": 83.0, "bridge_width_(m)": 10.22, "chainage_(km)": 42.242, "ycoord": 24.32691, "xcoord": 91.34345, "bms_inventory": "http://bms.rhd.gov.bd:8088/bms/bridges/inventory_view/5833", "bms_detail": "http://bms.rhd.gov.bd:8088/bms/bridges/inventory_view/5833", "f_class_name": "Mixed Types Bridge", "keys": "[bridge_name, Bridge Name], [bridge_type,Type], [chainage_(km), Chainage (km)], [road_no, On Road], [division, Division], [subdivision, Subdivision], [bridge_length_(m), Length (m)], [bridge_width_(m), Width (m)], [spans, Span], [span_arrangement, Span Arrangement], [completion_year, Const. Year], [map_link(=>{type:link, format:weblink}, Google Map,newtab=>),Google Map View],[bms_inventory(=>{type:link, format:weblink}, BMS Link,newtab=>), BMS Inventory],[bms_detail(=>{type:link, format:weblink},BMS Link,newtab=>), BMS Detailed View]", "f_class_color": "#2edb93", "spans": 5.0, "span_arrangement": "7.8+12.87+40.28+13+7.7", "completion_year": "2018", "bridge_no": "241937912036" }, "geometry": { "type": "Point", "coordinates": [ 91.34345, 24.32691 ] } },
{ "type": "Feature", "properties": { "id": "5842", "sl": 9292, "map_link": "https://maps.google.com/?q=24.351929833333,91.37005&amp;z=8&amp;t=k", "image_popup": "8088/bms/assets/uploads/images/bridges/bridge_5842/1699939906.jpg", "bridge_name": "Lukra Bridge", "bridge_type": "Mixed Types Bridge", "road_no": "R220", "zone": "Sylhet", "circle": "Moulavi Bazar", "division": "Habiganj", "subdivision": "Habigonj", "sae": "Habiganj", "bridge_length_(m)": 45.0, "bridge_width_(m)": 10.25, "chainage_(km)": 46.295, "ycoord": 24.351929833332999, "xcoord": 91.37005, "bms_inventory": "http://bms.rhd.gov.bd:8088/bms/bridges/inventory_view/5842", "bms_detail": "http://bms.rhd.gov.bd:8088/bms/bridges/inventory_view/5842", "f_class_name": "Mixed Types Bridge", "keys": "[bridge_name, Bridge Name], [bridge_type,Type], [chainage_(km), Chainage (km)], [road_no, On Road], [division, Division], [subdivision, Subdivision], [bridge_length_(m), Length (m)], [bridge_width_(m), Width (m)], [spans, Span], [span_arrangement, Span Arrangement], [completion_year, Const. Year], [map_link(=>{type:link, format:weblink}, Google Map,newtab=>),Google Map View],[bms_inventory(=>{type:link, format:weblink}, BMS Link,newtab=>), BMS Inventory],[bms_detail(=>{type:link, format:weblink},BMS Link,newtab=>), BMS Detailed View]", "f_class_color": "#2edb93", "spans": 3.0, "span_arrangement": "5.02+34.2+4.7", "completion_year": "2018", "bridge_no": "242107912212" }, "geometry": { "type": "Point", "coordinates": [ 91.37005, 24.351929833332999 ] } },
{ "type": "Feature", "properties": { "id": "5848", "sl": 9066, "map_link": "https://maps.google.com/?q=24.363099833333,91.387379833333&amp;z=8&amp;t=k", "image_popup": "8088/bms/assets/uploads/images/bridges/bridge_5848/1699941118.jpg", "bridge_name": "Langra Bridge", "bridge_type": "Mixed Types Bridge", "road_no": "R220", "zone": "Sylhet", "circle": "Moulavi Bazar", "division": "Habiganj", "subdivision": "Habigonj", "sae": "Habiganj", "bridge_length_(m)": 44.8, "bridge_width_(m)": 10.3, "chainage_(km)": 48.572, "ycoord": 24.363099833332999, "xcoord": 91.387379833333, "bms_inventory": "http://bms.rhd.gov.bd:8088/bms/bridges/inventory_view/5848", "bms_detail": "http://bms.rhd.gov.bd:8088/bms/bridges/inventory_view/5848", "f_class_name": "Mixed Types Bridge", "keys": "[bridge_name, Bridge Name], [bridge_type,Type], [chainage_(km), Chainage (km)], [road_no, On Road], [division, Division], [subdivision, Subdivision], [bridge_length_(m), Length (m)], [bridge_width_(m), Width (m)], [spans, Span], [span_arrangement, Span Arrangement], [completion_year, Const. Year], [map_link(=>{type:link, format:weblink}, Google Map,newtab=>),Google Map View],[bms_inventory(=>{type:link, format:weblink}, BMS Link,newtab=>), BMS Inventory],[bms_detail(=>{type:link, format:weblink},BMS Link,newtab=>), BMS Detailed View]", "f_class_color": "#2edb93", "spans": 3.0, "span_arrangement": "6.5+31.25+6.38", "completion_year": "2018", "bridge_no": "242147912315" }, "geometry": { "type": "Point", "coordinates": [ 91.387379833333, 24.363099833332999 ] } },
{ "type": "Feature", "properties": { "id": "5850", "sl": 7444, "map_link": "https://maps.google.com/?q=24.30599,91.29115&amp;z=8&amp;t=k", "image_popup": "8088/bms/assets/uploads/images/bridges/bridge_5850/1699942134.jpg", "bridge_name": "Kalidara Bridge", "bridge_type": "PC Girder Bridge", "road_no": "R220", "zone": "Sylhet", "circle": "Moulavi Bazar", "division": "Habiganj", "subdivision": "Habigonj", "sae": "Habiganj", "bridge_length_(m)": 66.0, "bridge_width_(m)": 7.55, "chainage_(km)": 36.105, "ycoord": 24.30599, "xcoord": 91.29115, "bms_inventory": "http://bms.rhd.gov.bd:8088/bms/bridges/inventory_view/5850", "bms_detail": "http://bms.rhd.gov.bd:8088/bms/bridges/inventory_view/5850", "f_class_name": "PC Girder Bridge", "keys": "[bridge_name, Bridge Name], [bridge_type,Type], [chainage_(km), Chainage (km)], [road_no, On Road], [division, Division], [subdivision, Subdivision], [bridge_length_(m), Length (m)], [bridge_width_(m), Width (m)], [spans, Span], [span_arrangement, Span Arrangement], [completion_year, Const. Year], [map_link(=>{type:link, format:weblink}, Google Map,newtab=>),Google Map View],[bms_inventory(=>{type:link, format:weblink}, BMS Link,newtab=>), BMS Inventory],[bms_detail(=>{type:link, format:weblink},BMS Link,newtab=>), BMS Detailed View]", "f_class_color": "#6ebed6", "spans": 3.0, "span_arrangement": "21.79+21.86+21.24", "completion_year": "1995", "bridge_no": "241822911728" }, "geometry": { "type": "Point", "coordinates": [ 91.29115, 24.30599 ] } },
{ "type": "Feature", "properties": { "id": "5852", "sl": 2769, "map_link": "https://maps.google.com/?q=24.31052,91.3018&amp;z=8&amp;t=k", "image_popup": "8088/bms/assets/uploads/images/bridges/bridge_5852/1699944129.jpg", "bridge_name": "Bulla Bridge", "bridge_type": "RC Girder Bridge", "road_no": "R220", "zone": "Sylhet", "circle": "Moulavi Bazar", "division": "Habiganj", "subdivision": "Habigonj", "sae": "Habiganj", "bridge_length_(m)": 16.3, "bridge_width_(m)": 10.25, "chainage_(km)": 37.33, "ycoord": 24.31052, "xcoord": 91.3018, "bms_inventory": "http://bms.rhd.gov.bd:8088/bms/bridges/inventory_view/5852", "bms_detail": "http://bms.rhd.gov.bd:8088/bms/bridges/inventory_view/5852", "f_class_name": "RC Girder Bridge", "keys": "[bridge_name, Bridge Name], [bridge_type,Type], [chainage_(km), Chainage (km)], [road_no, On Road], [division, Division], [subdivision, Subdivision], [bridge_length_(m), Length (m)], [bridge_width_(m), Width (m)], [spans, Span], [span_arrangement, Span Arrangement], [completion_year, Const. Year], [map_link(=>{type:link, format:weblink}, Google Map,newtab=>),Google Map View],[bms_inventory(=>{type:link, format:weblink}, BMS Link,newtab=>), BMS Inventory],[bms_detail(=>{type:link, format:weblink},BMS Link,newtab=>), BMS Detailed View]", "f_class_color": "#e8f674", "spans": 1.0, "span_arrangement": "14.92", "completion_year": "2018", "bridge_no": "241838911806" }, "geometry": { "type": "Point", "coordinates": [ 91.3018, 24.31052 ] } },
{ "type": "Feature", "properties": { "id": "5978", "sl": 4779, "map_link": "https://maps.google.com/?q=24.322527,91.530027&amp;z=8&amp;t=k", "image_popup": "8088/bms/assets/uploads/images/bridges/bridge_5978/1700548504.JPG", "bridge_name": "Doulotpur Bridge", "bridge_type": "PC Girder Bridge", "road_no": "N2", "zone": "Sylhet", "circle": "Moulavi Bazar", "division": "Habiganj", "subdivision": "Shaistagonj", "sae": "Teliyapara", "bridge_length_(m)": 48.4, "bridge_width_(m)": 12.5, "chainage_(km)": 149.785, "ycoord": 24.322527, "xcoord": 91.530027, "bms_inventory": "http://bms.rhd.gov.bd:8088/bms/bridges/inventory_view/5978", "bms_detail": "http://bms.rhd.gov.bd:8088/bms/bridges/inventory_view/5978", "f_class_name": "PC Girder Bridge", "keys": "[bridge_name, Bridge Name], [bridge_type,Type], [chainage_(km), Chainage (km)], [road_no, On Road], [division, Division], [subdivision, Subdivision], [bridge_length_(m), Length (m)], [bridge_width_(m), Width (m)], [spans, Span], [span_arrangement, Span Arrangement], [completion_year, Const. Year], [map_link(=>{type:link, format:weblink}, Google Map,newtab=>),Google Map View],[bms_inventory(=>{type:link, format:weblink}, BMS Link,newtab=>), BMS Inventory],[bms_detail(=>{type:link, format:weblink},BMS Link,newtab=>), BMS Detailed View]", "f_class_color": "#6ebed6", "spans": 2.0, "span_arrangement": "20.8+20.9", "completion_year": "2003", "bridge_no": "241921913148" }, "geometry": { "type": "Point", "coordinates": [ 91.530027, 24.322527 ] } },
{ "type": "Feature", "properties": { "id": "6030", "sl": 7028, "map_link": "https://maps.google.com/?q=24.145929833333,91.351359833333&amp;z=8&amp;t=k", "image_popup": "8088/bms/assets/uploads/images/bridges/bridge_6030/1700726524.jpg", "bridge_name": "Jogodishpur Temunia Bridge", "bridge_type": "Truss Bridge", "road_no": "N204", "zone": "Sylhet", "circle": "Moulavi Bazar", "division": "Habiganj", "subdivision": "Shaistagonj", "sae": "Teliyapara", "bridge_length_(m)": 41.16, "bridge_width_(m)": 9.46, "chainage_(km)": 0.806, "ycoord": 24.145929833333, "xcoord": 91.351359833333007, "bms_inventory": "http://bms.rhd.gov.bd:8088/bms/bridges/inventory_view/6030", "bms_detail": "http://bms.rhd.gov.bd:8088/bms/bridges/inventory_view/6030", "f_class_name": "Truss Bridge", "keys": "[bridge_name, Bridge Name], [bridge_type,Type], [chainage_(km), Chainage (km)], [road_no, On Road], [division, Division], [subdivision, Subdivision], [bridge_length_(m), Length (m)], [bridge_width_(m), Width (m)], [spans, Span], [span_arrangement, Span Arrangement], [completion_year, Const. Year], [map_link(=>{type:link, format:weblink}, Google Map,newtab=>),Google Map View],[bms_inventory(=>{type:link, format:weblink}, BMS Link,newtab=>), BMS Inventory],[bms_detail(=>{type:link, format:weblink},BMS Link,newtab=>), BMS Detailed View]", "f_class_color": "#6470da", "spans": 1.0, "span_arrangement": "40.63", "completion_year": "1999", "bridge_no": "240845912105" }, "geometry": { "type": "Point", "coordinates": [ 91.351359833333007, 24.145929833333 ] } },
{ "type": "Feature", "properties": { "id": "6044", "sl": 5250, "map_link": "https://maps.google.com/?q=24.12413,91.412559833333&amp;z=8&amp;t=k", "image_popup": "8088/bms/assets/uploads/images/bridges/bridge_6044/1700733291.jpg", "bridge_name": "Foyjabadh Bridge", "bridge_type": "RC Girder Bridge", "road_no": "N204", "zone": "Sylhet", "circle": "Moulavi Bazar", "division": "Habiganj", "subdivision": "Shaistagonj", "sae": "Teliyapara", "bridge_length_(m)": 15.8, "bridge_width_(m)": 10.22, "chainage_(km)": 8.859, "ycoord": 24.12413, "xcoord": 91.412559833333006, "bms_inventory": "http://bms.rhd.gov.bd:8088/bms/bridges/inventory_view/6044", "bms_detail": "http://bms.rhd.gov.bd:8088/bms/bridges/inventory_view/6044", "f_class_name": "RC Girder Bridge", "keys": "[bridge_name, Bridge Name], [bridge_type,Type], [chainage_(km), Chainage (km)], [road_no, On Road], [division, Division], [subdivision, Subdivision], [bridge_length_(m), Length (m)], [bridge_width_(m), Width (m)], [spans, Span], [span_arrangement, Span Arrangement], [completion_year, Const. Year], [map_link(=>{type:link, format:weblink}, Google Map,newtab=>),Google Map View],[bms_inventory(=>{type:link, format:weblink}, BMS Link,newtab=>), BMS Inventory],[bms_detail(=>{type:link, format:weblink},BMS Link,newtab=>), BMS Detailed View]", "f_class_color": "#e8f674", "spans": 1.0, "span_arrangement": "15.55", "completion_year": "1964", "bridge_no": "240727912445" }, "geometry": { "type": "Point", "coordinates": [ 91.412559833333006, 24.12413 ] } },
{ "type": "Feature", "properties": { "id": "6062", "sl": 2959, "map_link": "https://maps.google.com/?q=24.134679833333,91.47717&amp;z=8&amp;t=k", "image_popup": "8088/bms/assets/uploads/images/bridges/bridge_6062/1700989753.jpg", "bridge_name": "Chaklapunjo Bridge", "bridge_type": "RC Girder Bridge", "road_no": "N204", "zone": "Sylhet", "circle": "Moulavi Bazar", "division": "Habiganj", "subdivision": "Shaistagonj", "sae": "SAE-Shaistagonj-2", "bridge_length_(m)": 40.6, "bridge_width_(m)": 9.8, "chainage_(km)": 16.291, "ycoord": 24.134679833332999, "xcoord": 91.47717, "bms_inventory": "http://bms.rhd.gov.bd:8088/bms/bridges/inventory_view/6062", "bms_detail": "http://bms.rhd.gov.bd:8088/bms/bridges/inventory_view/6062", "f_class_name": "RC Girder Bridge", "keys": "[bridge_name, Bridge Name], [bridge_type,Type], [chainage_(km), Chainage (km)], [road_no, On Road], [division, Division], [subdivision, Subdivision], [bridge_length_(m), Length (m)], [bridge_width_(m), Width (m)], [spans, Span], [span_arrangement, Span Arrangement], [completion_year, Const. Year], [map_link(=>{type:link, format:weblink}, Google Map,newtab=>),Google Map View],[bms_inventory(=>{type:link, format:weblink}, BMS Link,newtab=>), BMS Inventory],[bms_detail(=>{type:link, format:weblink},BMS Link,newtab=>), BMS Detailed View]", "f_class_color": "#e8f674", "spans": 3.0, "span_arrangement": "13.47+12.9+13.5", "completion_year": "1998", "bridge_no": "240805912838" }, "geometry": { "type": "Point", "coordinates": [ 91.47717, 24.134679833332999 ] } },
{ "type": "Feature", "properties": { "id": "6070", "sl": 3532, "map_link": "https://maps.google.com/?q=24.14421,91.483329833333&amp;z=8&amp;t=k", "image_popup": "8088/bms/assets/uploads/images/bridges/bridge_6070/1701056289.jpeg", "bridge_name": "Chondichora Bridge", "bridge_type": "RC Girder Bridge", "road_no": "N204", "zone": "Sylhet", "circle": "Moulavi Bazar", "division": "Habiganj", "subdivision": "Shaistagonj", "sae": "SAE-Shaistagonj-2", "bridge_length_(m)": 47.6, "bridge_width_(m)": 10.26, "chainage_(km)": 17.573, "ycoord": 24.14421, "xcoord": 91.483329833333002, "bms_inventory": "http://bms.rhd.gov.bd:8088/bms/bridges/inventory_view/6070", "bms_detail": "http://bms.rhd.gov.bd:8088/bms/bridges/inventory_view/6070", "f_class_name": "RC Girder Bridge", "keys": "[bridge_name, Bridge Name], [bridge_type,Type], [chainage_(km), Chainage (km)], [road_no, On Road], [division, Division], [subdivision, Subdivision], [bridge_length_(m), Length (m)], [bridge_width_(m), Width (m)], [spans, Span], [span_arrangement, Span Arrangement], [completion_year, Const. Year], [map_link(=>{type:link, format:weblink}, Google Map,newtab=>),Google Map View],[bms_inventory(=>{type:link, format:weblink}, BMS Link,newtab=>), BMS Inventory],[bms_detail(=>{type:link, format:weblink},BMS Link,newtab=>), BMS Detailed View]", "f_class_color": "#e8f674", "spans": 3.0, "span_arrangement": "15.49+15.59+15.5", "completion_year": "1978", "bridge_no": "240839912860" }, "geometry": { "type": "Point", "coordinates": [ 91.483329833333002, 24.14421 ] } },
{ "type": "Feature", "properties": { "id": "6082", "sl": 3080, "map_link": "https://maps.google.com/?q=24.17311,91.501859833333&amp;z=8&amp;t=k", "image_popup": "8088/bms/assets/uploads/images/bridges/bridge_6082/1701067201.jpeg", "bridge_name": "Chandpur Bridge.", "bridge_type": "Truss Bridge", "road_no": "N204", "zone": "Sylhet", "circle": "Moulavi Bazar", "division": "Habiganj", "subdivision": "Shaistagonj", "sae": "SAE-Shaistagonj-2", "bridge_length_(m)": 40.77, "bridge_width_(m)": 9.48, "chainage_(km)": 21.475, "ycoord": 24.17311, "xcoord": 91.501859833333, "bms_inventory": "http://bms.rhd.gov.bd:8088/bms/bridges/inventory_view/6082", "bms_detail": "http://bms.rhd.gov.bd:8088/bms/bridges/inventory_view/6082", "f_class_name": "Truss Bridge", "keys": "[bridge_name, Bridge Name], [bridge_type,Type], [chainage_(km), Chainage (km)], [road_no, On Road], [division, Division], [subdivision, Subdivision], [bridge_length_(m), Length (m)], [bridge_width_(m), Width (m)], [spans, Span], [span_arrangement, Span Arrangement], [completion_year, Const. Year], [map_link(=>{type:link, format:weblink}, Google Map,newtab=>),Google Map View],[bms_inventory(=>{type:link, format:weblink}, BMS Link,newtab=>), BMS Inventory],[bms_detail(=>{type:link, format:weblink},BMS Link,newtab=>), BMS Detailed View]", "f_class_color": "#6470da", "spans": 1.0, "span_arrangement": "40.7", "completion_year": "1998", "bridge_no": "241023913007" }, "geometry": { "type": "Point", "coordinates": [ 91.501859833333, 24.17311 ] } },
{ "type": "Feature", "properties": { "id": "6089", "sl": 5955, "map_link": "https://maps.google.com/?q=24.217439833333,91.50987&amp;z=8&amp;t=k", "image_popup": "8088/bms/assets/uploads/images/bridges/bridge_6089/1701073076.jpeg", "bridge_name": "Gugaura Slab Bridge", "bridge_type": "Small Slab Bridge", "road_no": "N204", "zone": "Sylhet", "circle": "Moulavi Bazar", "division": "Habiganj", "subdivision": "Shaistagonj", "sae": "SAE-Shaistagonj-2", "bridge_length_(m)": 3.45, "bridge_width_(m)": 7.36, "chainage_(km)": 27.914, "ycoord": 24.217439833333, "xcoord": 91.50987, "bms_inventory": "http://bms.rhd.gov.bd:8088/bms/bridges/inventory_view/6089", "bms_detail": "http://bms.rhd.gov.bd:8088/bms/bridges/inventory_view/6089", "f_class_name": "Small Slab Bridge", "keys": "[bridge_name, Bridge Name], [bridge_type,Type], [chainage_(km), Chainage (km)], [road_no, On Road], [division, Division], [subdivision, Subdivision], [bridge_length_(m), Length (m)], [bridge_width_(m), Width (m)], [spans, Span], [span_arrangement, Span Arrangement], [completion_year, Const. Year], [map_link(=>{type:link, format:weblink}, Google Map,newtab=>),Google Map View],[bms_inventory(=>{type:link, format:weblink}, BMS Link,newtab=>), BMS Inventory],[bms_detail(=>{type:link, format:weblink},BMS Link,newtab=>), BMS Detailed View]", "f_class_color": "#13b7dd", "spans": 1.0, "span_arrangement": "2.3", "completion_year": "1974", "bridge_no": "241303913036" }, "geometry": { "type": "Point", "coordinates": [ 91.50987, 24.217439833333 ] } },
{ "type": "Feature", "properties": { "id": "6092", "sl": 3842, "map_link": "https://maps.google.com/?q=24.221009833333,91.508589833333&amp;z=8&amp;t=k", "image_popup": "8088/bms/assets/uploads/images/bridges/bridge_6092/1701073611.jpeg", "bridge_name": "Chunorughat Rice Mill Slab Bridge", "bridge_type": "Small Slab Bridge", "road_no": "N204", "zone": "Sylhet", "circle": "Moulavi Bazar", "division": "Habiganj", "subdivision": "Shaistagonj", "sae": "SAE-Shaistagonj-2", "bridge_length_(m)": 4.45, "bridge_width_(m)": 7.35, "chainage_(km)": 28.204, "ycoord": 24.221009833333, "xcoord": 91.508589833333005, "bms_inventory": "http://bms.rhd.gov.bd:8088/bms/bridges/inventory_view/6092", "bms_detail": "http://bms.rhd.gov.bd:8088/bms/bridges/inventory_view/6092", "f_class_name": "Small Slab Bridge", "keys": "[bridge_name, Bridge Name], [bridge_type,Type], [chainage_(km), Chainage (km)], [road_no, On Road], [division, Division], [subdivision, Subdivision], [bridge_length_(m), Length (m)], [bridge_width_(m), Width (m)], [spans, Span], [span_arrangement, Span Arrangement], [completion_year, Const. Year], [map_link(=>{type:link, format:weblink}, Google Map,newtab=>),Google Map View],[bms_inventory(=>{type:link, format:weblink}, BMS Link,newtab=>), BMS Inventory],[bms_detail(=>{type:link, format:weblink},BMS Link,newtab=>), BMS Detailed View]", "f_class_color": "#13b7dd", "spans": 1.0, "span_arrangement": "3.5", "completion_year": "1987", "bridge_no": "241316913031" }, "geometry": { "type": "Point", "coordinates": [ 91.508589833333005, 24.221009833333 ] } },
{ "type": "Feature", "properties": { "id": "6099", "sl": 4885, "map_link": "https://maps.google.com/?q=24.25241,91.49127&amp;z=8&amp;t=k", "image_popup": "8088/bms/assets/uploads/images/bridges/bridge_6099/1701144319.jpeg", "bridge_name": "Durgapur Bazar Bridge", "bridge_type": "PC Girder Bridge", "road_no": "N204", "zone": "Sylhet", "circle": "Moulavi Bazar", "division": "Habiganj", "subdivision": "Shaistagonj", "sae": "SAE-Shaistagonj-2", "bridge_length_(m)": 19.2, "bridge_width_(m)": 7.89, "chainage_(km)": 32.177, "ycoord": 24.25241, "xcoord": 91.49127, "bms_inventory": "http://bms.rhd.gov.bd:8088/bms/bridges/inventory_view/6099", "bms_detail": "http://bms.rhd.gov.bd:8088/bms/bridges/inventory_view/6099", "f_class_name": "PC Girder Bridge", "keys": "[bridge_name, Bridge Name], [bridge_type,Type], [chainage_(km), Chainage (km)], [road_no, On Road], [division, Division], [subdivision, Subdivision], [bridge_length_(m), Length (m)], [bridge_width_(m), Width (m)], [spans, Span], [span_arrangement, Span Arrangement], [completion_year, Const. Year], [map_link(=>{type:link, format:weblink}, Google Map,newtab=>),Google Map View],[bms_inventory(=>{type:link, format:weblink}, BMS Link,newtab=>), BMS Inventory],[bms_detail(=>{type:link, format:weblink},BMS Link,newtab=>), BMS Detailed View]", "f_class_color": "#6ebed6", "spans": 1.0, "span_arrangement": "18.75", "completion_year": "1965", "bridge_no": "241507912929" }, "geometry": { "type": "Point", "coordinates": [ 91.49127, 24.25241 ] } },
{ "type": "Feature", "properties": { "id": "6137", "sl": 11642, "map_link": "https://maps.google.com/?q=24.2025,91.52697&amp;z=8&amp;t=k", "image_popup": "8088/bms/assets/uploads/images/bridges/bridge_6137/1701580963.jpeg", "bridge_name": "Pakuria Bridge", "bridge_type": "Portable Steel Bridge", "road_no": "Z2008", "zone": "Sylhet", "circle": "Moulavi Bazar", "division": "Habiganj", "subdivision": "Habigonj", "sae": "Habiganj", "bridge_length_(m)": 148.6, "bridge_width_(m)": 4.24, "chainage_(km)": 0.913, "ycoord": 24.2025, "xcoord": 91.52697, "bms_inventory": "http://bms.rhd.gov.bd:8088/bms/bridges/inventory_view/6137", "bms_detail": "http://bms.rhd.gov.bd:8088/bms/bridges/inventory_view/6137", "f_class_name": "Portable Steel Bridge", "keys": "[bridge_name, Bridge Name], [bridge_type,Type], [chainage_(km), Chainage (km)], [road_no, On Road], [division, Division], [subdivision, Subdivision], [bridge_length_(m), Length (m)], [bridge_width_(m), Width (m)], [spans, Span], [span_arrangement, Span Arrangement], [completion_year, Const. Year], [map_link(=>{type:link, format:weblink}, Google Map,newtab=>),Google Map View],[bms_inventory(=>{type:link, format:weblink}, BMS Link,newtab=>), BMS Inventory],[bms_detail(=>{type:link, format:weblink},BMS Link,newtab=>), BMS Detailed View]", "f_class_color": "#29ffa4", "spans": 4.0, "span_arrangement": "36.59+36.59+36.59+36.59", "completion_year": "1997", "bridge_no": "241209913137" }, "geometry": { "type": "Point", "coordinates": [ 91.52697, 24.2025 ] } },
{ "type": "Feature", "properties": { "id": "6153", "sl": 7628, "map_link": "https://maps.google.com/?q=24.39299,91.40791&amp;z=8&amp;t=k", "image_popup": "8088/bms/assets/uploads/images/bridges/bridge_6153/1701595055.jpeg", "bridge_name": "Kamrapur Bridge", "bridge_type": "PC Girder Bridge", "road_no": "R221", "zone": "Sylhet", "circle": "Moulavi Bazar", "division": "Habiganj", "subdivision": "Habigonj", "sae": "Habiganj", "bridge_length_(m)": 112.35, "bridge_width_(m)": 7.6, "chainage_(km)": 0.146, "ycoord": 24.39299, "xcoord": 91.40791, "bms_inventory": "http://bms.rhd.gov.bd:8088/bms/bridges/inventory_view/6153", "bms_detail": "http://bms.rhd.gov.bd:8088/bms/bridges/inventory_view/6153", "f_class_name": "PC Girder Bridge", "keys": "[bridge_name, Bridge Name], [bridge_type,Type], [chainage_(km), Chainage (km)], [road_no, On Road], [division, Division], [subdivision, Subdivision], [bridge_length_(m), Length (m)], [bridge_width_(m), Width (m)], [spans, Span], [span_arrangement, Span Arrangement], [completion_year, Const. Year], [map_link(=>{type:link, format:weblink}, Google Map,newtab=>),Google Map View],[bms_inventory(=>{type:link, format:weblink}, BMS Link,newtab=>), BMS Inventory],[bms_detail(=>{type:link, format:weblink},BMS Link,newtab=>), BMS Detailed View]", "f_class_color": "#6ebed6", "spans": 3.0, "span_arrangement": "37.44+37.3+37.29", "completion_year": "1992", "bridge_no": "242335912428" }, "geometry": { "type": "Point", "coordinates": [ 91.40791, 24.39299 ] } },
{ "type": "Feature", "properties": { "id": "6280", "sl": 273, "map_link": "https://maps.google.com/?q=24.55845,91.51483&amp;z=8&amp;t=k", "image_popup": "8088/bms/assets/uploads/images/bridges/bridge_6280/1702443575.JPG", "bridge_name": "Akrampur Bridge", "bridge_type": "PC Girder Bridge", "road_no": "R240", "zone": "Sylhet", "circle": "Moulavi Bazar", "division": "Habiganj", "subdivision": "Habigonj", "sae": "Nabiganj", "bridge_length_(m)": 22.3, "bridge_width_(m)": 9.97, "chainage_(km)": 39.236, "ycoord": 24.55845, "xcoord": 91.51483, "bms_inventory": "http://bms.rhd.gov.bd:8088/bms/bridges/inventory_view/6280", "bms_detail": "http://bms.rhd.gov.bd:8088/bms/bridges/inventory_view/6280", "f_class_name": "PC Girder Bridge", "keys": "[bridge_name, Bridge Name], [bridge_type,Type], [chainage_(km), Chainage (km)], [road_no, On Road], [division, Division], [subdivision, Subdivision], [bridge_length_(m), Length (m)], [bridge_width_(m), Width (m)], [spans, Span], [span_arrangement, Span Arrangement], [completion_year, Const. Year], [map_link(=>{type:link, format:weblink}, Google Map,newtab=>),Google Map View],[bms_inventory(=>{type:link, format:weblink}, BMS Link,newtab=>), BMS Inventory],[bms_detail(=>{type:link, format:weblink},BMS Link,newtab=>), BMS Detailed View]", "f_class_color": "#6ebed6", "spans": 1.0, "span_arrangement": "21.81", "completion_year": "2004", "bridge_no": "243330913053" }, "geometry": { "type": "Point", "coordinates": [ 91.51483, 24.55845 ] } },
{ "type": "Feature", "properties": { "id": "6290", "sl": 3557, "map_link": "https://maps.google.com/?q=24.481249833333,91.470079833333&amp;z=8&amp;t=k", "image_popup": "8088/bms/assets/uploads/images/bridges/bridge_6290/1702443385.JPG", "bridge_name": "Chondolpur Bridge", "bridge_type": "PC Girder Bridge", "road_no": "R240", "zone": "Sylhet", "circle": "Moulavi Bazar", "division": "Habiganj", "subdivision": "Habigonj", "sae": "Nabiganj", "bridge_length_(m)": 22.57, "bridge_width_(m)": 9.98, "chainage_(km)": 29.5, "ycoord": 24.481249833332999, "xcoord": 91.470079833333003, "bms_inventory": "http://bms.rhd.gov.bd:8088/bms/bridges/inventory_view/6290", "bms_detail": "http://bms.rhd.gov.bd:8088/bms/bridges/inventory_view/6290", "f_class_name": "PC Girder Bridge", "keys": "[bridge_name, Bridge Name], [bridge_type,Type], [chainage_(km), Chainage (km)], [road_no, On Road], [division, Division], [subdivision, Subdivision], [bridge_length_(m), Length (m)], [bridge_width_(m), Width (m)], [spans, Span], [span_arrangement, Span Arrangement], [completion_year, Const. Year], [map_link(=>{type:link, format:weblink}, Google Map,newtab=>),Google Map View],[bms_inventory(=>{type:link, format:weblink}, BMS Link,newtab=>), BMS Inventory],[bms_detail(=>{type:link, format:weblink},BMS Link,newtab=>), BMS Detailed View]", "f_class_color": "#6ebed6", "spans": 1.0, "span_arrangement": "21.93", "completion_year": "2008", "bridge_no": "242852912812" }, "geometry": { "type": "Point", "coordinates": [ 91.470079833333003, 24.481249833332999 ] } },
{ "type": "Feature", "properties": { "id": "6292", "sl": 4928, "map_link": "https://maps.google.com/?q=24.48824,91.473759833333&amp;z=8&amp;t=k", "image_popup": "8088/bms/assets/uploads/images/bridges/bridge_6292/1702444070.JPG", "bridge_name": "Eamam Bari Bridge", "bridge_type": "RC Girder Bridge", "road_no": "R240", "zone": "Sylhet", "circle": "Moulavi Bazar", "division": "Habiganj", "subdivision": "Habigonj", "sae": "Nabiganj", "bridge_length_(m)": 25.58, "bridge_width_(m)": 10.0, "chainage_(km)": 30.04, "ycoord": 24.48824, "xcoord": 91.473759833333006, "bms_inventory": "http://bms.rhd.gov.bd:8088/bms/bridges/inventory_view/6292", "bms_detail": "http://bms.rhd.gov.bd:8088/bms/bridges/inventory_view/6292", "f_class_name": "RC Girder Bridge", "keys": "[bridge_name, Bridge Name], [bridge_type,Type], [chainage_(km), Chainage (km)], [road_no, On Road], [division, Division], [subdivision, Subdivision], [bridge_length_(m), Length (m)], [bridge_width_(m), Width (m)], [spans, Span], [span_arrangement, Span Arrangement], [completion_year, Const. Year], [map_link(=>{type:link, format:weblink}, Google Map,newtab=>),Google Map View],[bms_inventory(=>{type:link, format:weblink}, BMS Link,newtab=>), BMS Inventory],[bms_detail(=>{type:link, format:weblink},BMS Link,newtab=>), BMS Detailed View]", "f_class_color": "#e8f674", "spans": 1.0, "span_arrangement": "24.94", "completion_year": "2001", "bridge_no": "242918912826" }, "geometry": { "type": "Point", "coordinates": [ 91.473759833333006, 24.48824 ] } },
{ "type": "Feature", "properties": { "id": "6303", "sl": 11665, "map_link": "https://maps.google.com/?q=24.512589833333,91.48944&amp;z=8&amp;t=k", "image_popup": "8088/bms/assets/uploads/images/bridges/bridge_6303/1702447637.JPG", "bridge_name": "Paler Bazar Bridge", "bridge_type": "RC Girder Bridge", "road_no": "R240", "zone": "Sylhet", "circle": "Moulavi Bazar", "division": "Habiganj", "subdivision": "Habigonj", "sae": "Nabiganj", "bridge_length_(m)": 25.75, "bridge_width_(m)": 9.52, "chainage_(km)": 33.24, "ycoord": 24.512589833332999, "xcoord": 91.48944, "bms_inventory": "http://bms.rhd.gov.bd:8088/bms/bridges/inventory_view/6303", "bms_detail": "http://bms.rhd.gov.bd:8088/bms/bridges/inventory_view/6303", "f_class_name": "RC Girder Bridge", "keys": "[bridge_name, Bridge Name], [bridge_type,Type], [chainage_(km), Chainage (km)], [road_no, On Road], [division, Division], [subdivision, Subdivision], [bridge_length_(m), Length (m)], [bridge_width_(m), Width (m)], [spans, Span], [span_arrangement, Span Arrangement], [completion_year, Const. Year], [map_link(=>{type:link, format:weblink}, Google Map,newtab=>),Google Map View],[bms_inventory(=>{type:link, format:weblink}, BMS Link,newtab=>), BMS Inventory],[bms_detail(=>{type:link, format:weblink},BMS Link,newtab=>), BMS Detailed View]", "f_class_color": "#e8f674", "spans": 1.0, "span_arrangement": "25.02", "completion_year": "2001", "bridge_no": "243045912922" }, "geometry": { "type": "Point", "coordinates": [ 91.48944, 24.512589833332999 ] } },
{ "type": "Feature", "properties": { "id": "6309", "sl": 1153, "map_link": "https://maps.google.com/?q=24.41728,91.430359833333&amp;z=8&amp;t=k", "image_popup": "8088/bms/assets/uploads/images/bridges/bridge_6309/1702449440.jpeg", "bridge_name": "Balia Khal Bridge", "bridge_type": "Portable Steel Bridge", "road_no": "R240", "zone": "Sylhet", "circle": "Moulavi Bazar", "division": "Habiganj", "subdivision": "Habigonj", "sae": "Habiganj", "bridge_length_(m)": 111.62, "bridge_width_(m)": 4.24, "chainage_(km)": 20.56, "ycoord": 24.41728, "xcoord": 91.430359833333, "bms_inventory": "http://bms.rhd.gov.bd:8088/bms/bridges/inventory_view/6309", "bms_detail": "http://bms.rhd.gov.bd:8088/bms/bridges/inventory_view/6309", "f_class_name": "Portable Steel Bridge", "keys": "[bridge_name, Bridge Name], [bridge_type,Type], [chainage_(km), Chainage (km)], [road_no, On Road], [division, Division], [subdivision, Subdivision], [bridge_length_(m), Length (m)], [bridge_width_(m), Width (m)], [spans, Span], [span_arrangement, Span Arrangement], [completion_year, Const. Year], [map_link(=>{type:link, format:weblink}, Google Map,newtab=>),Google Map View],[bms_inventory(=>{type:link, format:weblink}, BMS Link,newtab=>), BMS Inventory],[bms_detail(=>{type:link, format:weblink},BMS Link,newtab=>), BMS Detailed View]", "f_class_color": "#29ffa4", "spans": 3.0, "span_arrangement": "36.6+36.58+36.6", "completion_year": "1982", "bridge_no": "242502912549" }, "geometry": { "type": "Point", "coordinates": [ 91.430359833333, 24.41728 ] } },
{ "type": "Feature", "properties": { "id": "6321", "sl": 327, "map_link": "https://maps.google.com/?q=24.439110416667,91.4512&amp;z=8&amp;t=k", "image_popup": "8088/bms/assets/uploads/images/bridges/bridge_6321/1702456402.JPG", "bridge_name": "Aliganj Bazar Bridge", "bridge_type": "RC Girder Bridge", "road_no": "R240", "zone": "Sylhet", "circle": "Moulavi Bazar", "division": "Habiganj", "subdivision": "Habigonj", "sae": "Habiganj", "bridge_length_(m)": 19.6, "bridge_width_(m)": 9.96, "chainage_(km)": 23.826, "ycoord": 24.439110416666999, "xcoord": 91.4512, "bms_inventory": "http://bms.rhd.gov.bd:8088/bms/bridges/inventory_view/6321", "bms_detail": "http://bms.rhd.gov.bd:8088/bms/bridges/inventory_view/6321", "f_class_name": "RC Girder Bridge", "keys": "[bridge_name, Bridge Name], [bridge_type,Type], [chainage_(km), Chainage (km)], [road_no, On Road], [division, Division], [subdivision, Subdivision], [bridge_length_(m), Length (m)], [bridge_width_(m), Width (m)], [spans, Span], [span_arrangement, Span Arrangement], [completion_year, Const. Year], [map_link(=>{type:link, format:weblink}, Google Map,newtab=>),Google Map View],[bms_inventory(=>{type:link, format:weblink}, BMS Link,newtab=>), BMS Inventory],[bms_detail(=>{type:link, format:weblink},BMS Link,newtab=>), BMS Detailed View]", "f_class_color": "#e8f674", "spans": 1.0, "span_arrangement": "18.94", "completion_year": "1995", "bridge_no": "242621912704" }, "geometry": { "type": "Point", "coordinates": [ 91.4512, 24.439110416666999 ] } },
{ "type": "Feature", "properties": { "id": "6335", "sl": 15544, "map_link": "https://maps.google.com/?q=24.46572,91.46177&amp;z=8&amp;t=k", "image_popup": "8088/bms/assets/uploads/images/bridges/bridge_6335/1702526190.JPG", "bridge_name": "Uzipur Bridge", "bridge_type": "PC Girder Bridge", "road_no": "R240", "zone": "Sylhet", "circle": "Moulavi Bazar", "division": "Habiganj", "subdivision": "Habigonj", "sae": "Nabiganj", "bridge_length_(m)": 31.9, "bridge_width_(m)": 10.21, "chainage_(km)": 27.075, "ycoord": 24.46572, "xcoord": 91.46177, "bms_inventory": "http://bms.rhd.gov.bd:8088/bms/bridges/inventory_view/6335", "bms_detail": "http://bms.rhd.gov.bd:8088/bms/bridges/inventory_view/6335", "f_class_name": "PC Girder Bridge", "keys": "[bridge_name, Bridge Name], [bridge_type,Type], [chainage_(km), Chainage (km)], [road_no, On Road], [division, Division], [subdivision, Subdivision], [bridge_length_(m), Length (m)], [bridge_width_(m), Width (m)], [spans, Span], [span_arrangement, Span Arrangement], [completion_year, Const. Year], [map_link(=>{type:link, format:weblink}, Google Map,newtab=>),Google Map View],[bms_inventory(=>{type:link, format:weblink}, BMS Link,newtab=>), BMS Inventory],[bms_detail(=>{type:link, format:weblink},BMS Link,newtab=>), BMS Detailed View]", "f_class_color": "#6ebed6", "spans": 1.0, "span_arrangement": "31.29", "completion_year": "2000", "bridge_no": "242757912742" }, "geometry": { "type": "Point", "coordinates": [ 91.46177, 24.46572 ] } },
{ "type": "Feature", "properties": { "id": "6339", "sl": 4231, "map_link": "https://maps.google.com/?q=24.590849916667,91.588899833333&amp;z=8&amp;t=k", "image_popup": "8088/bms/assets/uploads/images/bridges/bridge_6339/1702527568.JPG", "bridge_name": "Devna Bridge", "bridge_type": "RC Girder Bridge", "road_no": "R240", "zone": "Sylhet", "circle": "Moulavi Bazar", "division": "Habiganj", "subdivision": "Habigonj", "sae": "Nabiganj", "bridge_length_(m)": 24.8, "bridge_width_(m)": 9.5, "chainage_(km)": 48.105, "ycoord": 24.590849916667, "xcoord": 91.588899833333002, "bms_inventory": "http://bms.rhd.gov.bd:8088/bms/bridges/inventory_view/6339", "bms_detail": "http://bms.rhd.gov.bd:8088/bms/bridges/inventory_view/6339", "f_class_name": "RC Girder Bridge", "keys": "[bridge_name, Bridge Name], [bridge_type,Type], [chainage_(km), Chainage (km)], [road_no, On Road], [division, Division], [subdivision, Subdivision], [bridge_length_(m), Length (m)], [bridge_width_(m), Width (m)], [spans, Span], [span_arrangement, Span Arrangement], [completion_year, Const. Year], [map_link(=>{type:link, format:weblink}, Google Map,newtab=>),Google Map View],[bms_inventory(=>{type:link, format:weblink}, BMS Link,newtab=>), BMS Inventory],[bms_detail(=>{type:link, format:weblink},BMS Link,newtab=>), BMS Detailed View]", "f_class_color": "#e8f674", "spans": 1.0, "span_arrangement": "24.19", "completion_year": "2014", "bridge_no": "243528913520" }, "geometry": { "type": "Point", "coordinates": [ 91.588899833333002, 24.590849916667 ] } },
{ "type": "Feature", "properties": { "id": "6342", "sl": 10625, "map_link": "https://maps.google.com/?q=24.234249833333,91.50593&amp;z=8&amp;t=k", "image_popup": "8088/bms/assets/uploads/images/bridges/bridge_6342/1702536370.jpeg", "bridge_name": "Murarbond Slab Bridge-1", "bridge_type": "Small Slab Bridge", "road_no": "Z2010", "zone": "Sylhet", "circle": "Moulavi Bazar", "division": "Habiganj", "subdivision": "Habigonj", "sae": "Habiganj", "bridge_length_(m)": 2.29, "bridge_width_(m)": 9.2, "chainage_(km)": 0.242, "ycoord": 24.234249833332999, "xcoord": 91.50593, "bms_inventory": "http://bms.rhd.gov.bd:8088/bms/bridges/inventory_view/6342", "bms_detail": "http://bms.rhd.gov.bd:8088/bms/bridges/inventory_view/6342", "f_class_name": "Small Slab Bridge", "keys": "[bridge_name, Bridge Name], [bridge_type,Type], [chainage_(km), Chainage (km)], [road_no, On Road], [division, Division], [subdivision, Subdivision], [bridge_length_(m), Length (m)], [bridge_width_(m), Width (m)], [spans, Span], [span_arrangement, Span Arrangement], [completion_year, Const. Year], [map_link(=>{type:link, format:weblink}, Google Map,newtab=>),Google Map View],[bms_inventory(=>{type:link, format:weblink}, BMS Link,newtab=>), BMS Inventory],[bms_detail(=>{type:link, format:weblink},BMS Link,newtab=>), BMS Detailed View]", "f_class_color": "#13b7dd", "spans": 1.0, "span_arrangement": "1.42", "completion_year": "1978", "bridge_no": "241403913021" }, "geometry": { "type": "Point", "coordinates": [ 91.50593, 24.234249833332999 ] } },
{ "type": "Feature", "properties": { "id": "6344", "sl": 10626, "map_link": "https://maps.google.com/?q=24.23451,91.50933&amp;z=8&amp;t=k", "image_popup": "8088/bms/assets/uploads/images/bridges/bridge_6344/1702788409.jpeg", "bridge_name": "Murarbond Slab Bridge-2", "bridge_type": "Small Slab Bridge", "road_no": "Z2010", "zone": "Sylhet", "circle": "Moulavi Bazar", "division": "Habiganj", "subdivision": "Habigonj", "sae": "Habiganj", "bridge_length_(m)": 2.35, "bridge_width_(m)": 9.02, "chainage_(km)": 0.592, "ycoord": 24.23451, "xcoord": 91.50933, "bms_inventory": "http://bms.rhd.gov.bd:8088/bms/bridges/inventory_view/6344", "bms_detail": "http://bms.rhd.gov.bd:8088/bms/bridges/inventory_view/6344", "f_class_name": "Small Slab Bridge", "keys": "[bridge_name, Bridge Name], [bridge_type,Type], [chainage_(km), Chainage (km)], [road_no, On Road], [division, Division], [subdivision, Subdivision], [bridge_length_(m), Length (m)], [bridge_width_(m), Width (m)], [spans, Span], [span_arrangement, Span Arrangement], [completion_year, Const. Year], [map_link(=>{type:link, format:weblink}, Google Map,newtab=>),Google Map View],[bms_inventory(=>{type:link, format:weblink}, BMS Link,newtab=>), BMS Inventory],[bms_detail(=>{type:link, format:weblink},BMS Link,newtab=>), BMS Detailed View]", "f_class_color": "#13b7dd", "spans": 1.0, "span_arrangement": "1.5", "completion_year": "1977", "bridge_no": "241404913034" }, "geometry": { "type": "Point", "coordinates": [ 91.50933, 24.23451 ] } },
{ "type": "Feature", "properties": { "id": "6346", "sl": 12405, "map_link": "https://maps.google.com/?q=24.620229833333,91.624449833333&amp;z=8&amp;t=k", "image_popup": "8088/bms/assets/uploads/images/bridges/bridge_6346/1702791651.jpg", "bridge_name": "Raighoor Slab Bridge", "bridge_type": "Small Slab Bridge", "road_no": "R241", "zone": "Sylhet", "circle": "Moulavi Bazar", "division": "Habiganj", "subdivision": "Habigonj", "sae": "Habiganj", "bridge_length_(m)": 1.38, "bridge_width_(m)": 7.18, "chainage_(km)": 1.055, "ycoord": 24.620229833332999, "xcoord": 91.624449833333003, "bms_inventory": "http://bms.rhd.gov.bd:8088/bms/bridges/inventory_view/6346", "bms_detail": "http://bms.rhd.gov.bd:8088/bms/bridges/inventory_view/6346", "f_class_name": "Small Slab Bridge", "keys": "[bridge_name, Bridge Name], [bridge_type,Type], [chainage_(km), Chainage (km)], [road_no, On Road], [division, Division], [subdivision, Subdivision], [bridge_length_(m), Length (m)], [bridge_width_(m), Width (m)], [spans, Span], [span_arrangement, Span Arrangement], [completion_year, Const. Year], [map_link(=>{type:link, format:weblink}, Google Map,newtab=>),Google Map View],[bms_inventory(=>{type:link, format:weblink}, BMS Link,newtab=>), BMS Inventory],[bms_detail(=>{type:link, format:weblink},BMS Link,newtab=>), BMS Detailed View]", "f_class_color": "#13b7dd", "spans": 1.0, "span_arrangement": "0.78", "completion_year": "2003", "bridge_no": "243713913728" }, "geometry": { "type": "Point", "coordinates": [ 91.624449833333003, 24.620229833332999 ] } },
{ "type": "Feature", "properties": { "id": "6347", "sl": 11195, "map_link": "https://maps.google.com/?q=24.2347,91.51117&amp;z=8&amp;t=k", "image_popup": "8088/bms/assets/uploads/images/bridges/bridge_6347/1702789036.jpeg", "bridge_name": "Norpotibadh Slab Bridge", "bridge_type": "Small Slab Bridge", "road_no": "Z2010", "zone": "Sylhet", "circle": "Moulavi Bazar", "division": "Habiganj", "subdivision": "Habigonj", "sae": "Habiganj", "bridge_length_(m)": 2.3, "bridge_width_(m)": 9.8, "chainage_(km)": 0.79, "ycoord": 24.2347, "xcoord": 91.51117, "bms_inventory": "http://bms.rhd.gov.bd:8088/bms/bridges/inventory_view/6347", "bms_detail": "http://bms.rhd.gov.bd:8088/bms/bridges/inventory_view/6347", "f_class_name": "Small Slab Bridge", "keys": "[bridge_name, Bridge Name], [bridge_type,Type], [chainage_(km), Chainage (km)], [road_no, On Road], [division, Division], [subdivision, Subdivision], [bridge_length_(m), Length (m)], [bridge_width_(m), Width (m)], [spans, Span], [span_arrangement, Span Arrangement], [completion_year, Const. Year], [map_link(=>{type:link, format:weblink}, Google Map,newtab=>),Google Map View],[bms_inventory(=>{type:link, format:weblink}, BMS Link,newtab=>), BMS Inventory],[bms_detail(=>{type:link, format:weblink},BMS Link,newtab=>), BMS Detailed View]", "f_class_color": "#13b7dd", "spans": 1.0, "span_arrangement": "1.5", "completion_year": "1978", "bridge_no": "241405913040" }, "geometry": { "type": "Point", "coordinates": [ 91.51117, 24.2347 ] } },
{ "type": "Feature", "properties": { "id": "6350", "sl": 11192, "map_link": "https://maps.google.com/?q=24.235099833333,91.51725&amp;z=8&amp;t=k", "image_popup": "8088/bms/assets/uploads/images/bridges/bridge_6350/1702790023.jpeg", "bridge_name": "Norpoti Slab Bridge", "bridge_type": "Small Slab Bridge", "road_no": "Z2010", "zone": "Sylhet", "circle": "Moulavi Bazar", "division": "Habiganj", "subdivision": "Habigonj", "sae": "Habiganj", "bridge_length_(m)": 2.23, "bridge_width_(m)": 9.1, "chainage_(km)": 1.392, "ycoord": 24.235099833332999, "xcoord": 91.51725, "bms_inventory": "http://bms.rhd.gov.bd:8088/bms/bridges/inventory_view/6350", "bms_detail": "http://bms.rhd.gov.bd:8088/bms/bridges/inventory_view/6350", "f_class_name": "Small Slab Bridge", "keys": "[bridge_name, Bridge Name], [bridge_type,Type], [chainage_(km), Chainage (km)], [road_no, On Road], [division, Division], [subdivision, Subdivision], [bridge_length_(m), Length (m)], [bridge_width_(m), Width (m)], [spans, Span], [span_arrangement, Span Arrangement], [completion_year, Const. Year], [map_link(=>{type:link, format:weblink}, Google Map,newtab=>),Google Map View],[bms_inventory(=>{type:link, format:weblink}, BMS Link,newtab=>), BMS Inventory],[bms_detail(=>{type:link, format:weblink},BMS Link,newtab=>), BMS Detailed View]", "f_class_color": "#13b7dd", "spans": 1.0, "span_arrangement": "1.5", "completion_year": "1978", "bridge_no": "241406913102" }, "geometry": { "type": "Point", "coordinates": [ 91.51725, 24.235099833332999 ] } },
{ "type": "Feature", "properties": { "id": "6351", "sl": 11193, "map_link": "https://maps.google.com/?q=24.234709833333,91.522419833333&amp;z=8&amp;t=k", "image_popup": "8088/bms/assets/uploads/images/bridges/bridge_6351/1702790407.jpeg", "bridge_name": "Norpoti Slab Bridge-2", "bridge_type": "Small Slab Bridge", "road_no": "Z2010", "zone": "Sylhet", "circle": "Moulavi Bazar", "division": "Habiganj", "subdivision": "Habigonj", "sae": "Habiganj", "bridge_length_(m)": 2.3, "bridge_width_(m)": 9.2, "chainage_(km)": 1.92, "ycoord": 24.234709833333, "xcoord": 91.522419833333004, "bms_inventory": "http://bms.rhd.gov.bd:8088/bms/bridges/inventory_view/6351", "bms_detail": "http://bms.rhd.gov.bd:8088/bms/bridges/inventory_view/6351", "f_class_name": "Small Slab Bridge", "keys": "[bridge_name, Bridge Name], [bridge_type,Type], [chainage_(km), Chainage (km)], [road_no, On Road], [division, Division], [subdivision, Subdivision], [bridge_length_(m), Length (m)], [bridge_width_(m), Width (m)], [spans, Span], [span_arrangement, Span Arrangement], [completion_year, Const. Year], [map_link(=>{type:link, format:weblink}, Google Map,newtab=>),Google Map View],[bms_inventory(=>{type:link, format:weblink}, BMS Link,newtab=>), BMS Inventory],[bms_detail(=>{type:link, format:weblink},BMS Link,newtab=>), BMS Detailed View]", "f_class_color": "#13b7dd", "spans": 1.0, "span_arrangement": "1.53", "completion_year": "1977", "bridge_no": "211405913121" }, "geometry": { "type": "Point", "coordinates": [ 91.522419833333004, 24.234709833333 ] } },
{ "type": "Feature", "properties": { "id": "6354", "sl": 6960, "map_link": "https://maps.google.com/?q=24.628889833333,91.614819833333&amp;z=8&amp;t=k", "image_popup": "8088/bms/assets/uploads/images/bridges/bridge_6354/1702792652.jpg", "bridge_name": "Jiapur Slab Bridge", "bridge_type": "Small Slab Bridge", "road_no": "R241", "zone": "Sylhet", "circle": "Moulavi Bazar", "division": "Habiganj", "subdivision": "Habigonj", "sae": "Habiganj", "bridge_length_(m)": 1.9, "bridge_width_(m)": 7.07, "chainage_(km)": 2.633, "ycoord": 24.628889833333002, "xcoord": 91.614819833333001, "bms_inventory": "http://bms.rhd.gov.bd:8088/bms/bridges/inventory_view/6354", "bms_detail": "http://bms.rhd.gov.bd:8088/bms/bridges/inventory_view/6354", "f_class_name": "Small Slab Bridge", "keys": "[bridge_name, Bridge Name], [bridge_type,Type], [chainage_(km), Chainage (km)], [road_no, On Road], [division, Division], [subdivision, Subdivision], [bridge_length_(m), Length (m)], [bridge_width_(m), Width (m)], [spans, Span], [span_arrangement, Span Arrangement], [completion_year, Const. Year], [map_link(=>{type:link, format:weblink}, Google Map,newtab=>),Google Map View],[bms_inventory(=>{type:link, format:weblink}, BMS Link,newtab=>), BMS Inventory],[bms_detail(=>{type:link, format:weblink},BMS Link,newtab=>), BMS Detailed View]", "f_class_color": "#13b7dd", "spans": 1.0, "span_arrangement": "1.05", "completion_year": "2000", "bridge_no": "243744913653" }, "geometry": { "type": "Point", "coordinates": [ 91.614819833333001, 24.628889833333002 ] } },
{ "type": "Feature", "properties": { "id": "6356", "sl": 7581, "map_link": "https://maps.google.com/?q=24.6319,91.61211&amp;z=8&amp;t=k", "image_popup": "8088/bms/assets/uploads/images/bridges/bridge_6356/1702793366.JPG", "bridge_name": "Kamargaon Bridge", "bridge_type": "RC Girder Bridge", "road_no": "R241", "zone": "Sylhet", "circle": "Moulavi Bazar", "division": "Habiganj", "subdivision": "Habigonj", "sae": "Habiganj", "bridge_length_(m)": 22.46, "bridge_width_(m)": 10.32, "chainage_(km)": 3.083, "ycoord": 24.6319, "xcoord": 91.61211, "bms_inventory": "http://bms.rhd.gov.bd:8088/bms/bridges/inventory_view/6356", "bms_detail": "http://bms.rhd.gov.bd:8088/bms/bridges/inventory_view/6356", "f_class_name": "RC Girder Bridge", "keys": "[bridge_name, Bridge Name], [bridge_type,Type], [chainage_(km), Chainage (km)], [road_no, On Road], [division, Division], [subdivision, Subdivision], [bridge_length_(m), Length (m)], [bridge_width_(m), Width (m)], [spans, Span], [span_arrangement, Span Arrangement], [completion_year, Const. Year], [map_link(=>{type:link, format:weblink}, Google Map,newtab=>),Google Map View],[bms_inventory(=>{type:link, format:weblink}, BMS Link,newtab=>), BMS Inventory],[bms_detail(=>{type:link, format:weblink},BMS Link,newtab=>), BMS Detailed View]", "f_class_color": "#e8f674", "spans": 1.0, "span_arrangement": "21.89", "completion_year": "2004", "bridge_no": "243755913644" }, "geometry": { "type": "Point", "coordinates": [ 91.61211, 24.6319 ] } },
{ "type": "Feature", "properties": { "id": "6365", "sl": 7377, "map_link": "https://maps.google.com/?q=24.644369833333,91.599279833333&amp;z=8&amp;t=k", "image_popup": "8088/bms/assets/uploads/images/bridges/bridge_6365/1702800458.jpeg", "bridge_name": "Kakura Bridge", "bridge_type": "PC Girder Bridge", "road_no": "R241", "zone": "Sylhet", "circle": "Moulavi Bazar", "division": "Habiganj", "subdivision": "Habigonj", "sae": "Habiganj", "bridge_length_(m)": 31.96, "bridge_width_(m)": 10.28, "chainage_(km)": 5.615, "ycoord": 24.644369833332998, "xcoord": 91.599279833333, "bms_inventory": "http://bms.rhd.gov.bd:8088/bms/bridges/inventory_view/6365", "bms_detail": "http://bms.rhd.gov.bd:8088/bms/bridges/inventory_view/6365", "f_class_name": "PC Girder Bridge", "keys": "[bridge_name, Bridge Name], [bridge_type,Type], [chainage_(km), Chainage (km)], [road_no, On Road], [division, Division], [subdivision, Subdivision], [bridge_length_(m), Length (m)], [bridge_width_(m), Width (m)], [spans, Span], [span_arrangement, Span Arrangement], [completion_year, Const. Year], [map_link(=>{type:link, format:weblink}, Google Map,newtab=>),Google Map View],[bms_inventory(=>{type:link, format:weblink}, BMS Link,newtab=>), BMS Inventory],[bms_detail(=>{type:link, format:weblink},BMS Link,newtab=>), BMS Detailed View]", "f_class_color": "#6ebed6", "spans": 1.0, "span_arrangement": "31.24", "completion_year": "2000", "bridge_no": "243840913557" }, "geometry": { "type": "Point", "coordinates": [ 91.599279833333, 24.644369833332998 ] } },
{ "type": "Feature", "properties": { "id": "6370", "sl": 15347, "map_link": "https://maps.google.com/?q=24.666419833333,91.563509833333&amp;z=8&amp;t=k", "image_popup": "8088/bms/assets/uploads/images/bridges/bridge_6370/1702803148.jpeg", "bridge_name": "Umarpur Bridge.", "bridge_type": "PC Girder Bridge", "road_no": "R241", "zone": "Sylhet", "circle": "Moulavi Bazar", "division": "Habiganj", "subdivision": "Habigonj", "sae": "Habiganj", "bridge_length_(m)": 32.0, "bridge_width_(m)": 10.26, "chainage_(km)": 10.267, "ycoord": 24.666419833332998, "xcoord": 91.563509833333001, "bms_inventory": "http://bms.rhd.gov.bd:8088/bms/bridges/inventory_view/6370", "bms_detail": "http://bms.rhd.gov.bd:8088/bms/bridges/inventory_view/6370", "f_class_name": "PC Girder Bridge", "keys": "[bridge_name, Bridge Name], [bridge_type,Type], [chainage_(km), Chainage (km)], [road_no, On Road], [division, Division], [subdivision, Subdivision], [bridge_length_(m), Length (m)], [bridge_width_(m), Width (m)], [spans, Span], [span_arrangement, Span Arrangement], [completion_year, Const. Year], [map_link(=>{type:link, format:weblink}, Google Map,newtab=>),Google Map View],[bms_inventory(=>{type:link, format:weblink}, BMS Link,newtab=>), BMS Inventory],[bms_detail(=>{type:link, format:weblink},BMS Link,newtab=>), BMS Detailed View]", "f_class_color": "#6ebed6", "spans": 1.0, "span_arrangement": "31.24", "completion_year": "2000", "bridge_no": "243959913349" }, "geometry": { "type": "Point", "coordinates": [ 91.563509833333001, 24.666419833332998 ] } },
{ "type": "Feature", "properties": { "id": "6389", "sl": 14640, "map_link": "https://maps.google.com/?q=24.53274,91.393829833333&amp;z=8&amp;t=k", "image_popup": "8088/bms/assets/uploads/images/bridges/bridge_6389/1703140150.JPG", "bridge_name": "Sukti Bridge", "bridge_type": "PC Girder Bridge", "road_no": "Z2405", "zone": "Sylhet", "circle": "Moulavi Bazar", "division": "Habiganj", "subdivision": "Habigonj", "sae": "Baniachong", "bridge_length_(m)": 149.55, "bridge_width_(m)": 10.27, "chainage_(km)": 2.735, "ycoord": 24.53274, "xcoord": 91.393829833333001, "bms_inventory": "http://bms.rhd.gov.bd:8088/bms/bridges/inventory_view/6389", "bms_detail": "http://bms.rhd.gov.bd:8088/bms/bridges/inventory_view/6389", "f_class_name": "PC Girder Bridge", "keys": "[bridge_name, Bridge Name], [bridge_type,Type], [chainage_(km), Chainage (km)], [road_no, On Road], [division, Division], [subdivision, Subdivision], [bridge_length_(m), Length (m)], [bridge_width_(m), Width (m)], [spans, Span], [span_arrangement, Span Arrangement], [completion_year, Const. Year], [map_link(=>{type:link, format:weblink}, Google Map,newtab=>),Google Map View],[bms_inventory(=>{type:link, format:weblink}, BMS Link,newtab=>), BMS Inventory],[bms_detail(=>{type:link, format:weblink},BMS Link,newtab=>), BMS Detailed View]", "f_class_color": "#6ebed6", "spans": 3.0, "span_arrangement": "49.7+49.57+49.6", "completion_year": "2008", "bridge_no": "243158912338" }, "geometry": { "type": "Point", "coordinates": [ 91.393829833333001, 24.53274 ] } },
{ "type": "Feature", "properties": { "id": "6404", "sl": 8483, "map_link": "https://maps.google.com/?q=24.546269833333,91.42579&amp;z=8&amp;t=k", "image_popup": "8088/bms/assets/uploads/images/bridges/bridge_6404/1703140557.JPG", "bridge_name": "Kogapasha Bridge", "bridge_type": "PC Girder Bridge", "road_no": "Z2405", "zone": "Sylhet", "circle": "Moulavi Bazar", "division": "Habiganj", "subdivision": "Habigonj", "sae": "Baniachong", "bridge_length_(m)": 70.55, "bridge_width_(m)": 10.3, "chainage_(km)": 6.392, "ycoord": 24.546269833333, "xcoord": 91.42579, "bms_inventory": "http://bms.rhd.gov.bd:8088/bms/bridges/inventory_view/6404", "bms_detail": "http://bms.rhd.gov.bd:8088/bms/bridges/inventory_view/6404", "f_class_name": "PC Girder Bridge", "keys": "[bridge_name, Bridge Name], [bridge_type,Type], [chainage_(km), Chainage (km)], [road_no, On Road], [division, Division], [subdivision, Subdivision], [bridge_length_(m), Length (m)], [bridge_width_(m), Width (m)], [spans, Span], [span_arrangement, Span Arrangement], [completion_year, Const. Year], [map_link(=>{type:link, format:weblink}, Google Map,newtab=>),Google Map View],[bms_inventory(=>{type:link, format:weblink}, BMS Link,newtab=>), BMS Inventory],[bms_detail(=>{type:link, format:weblink},BMS Link,newtab=>), BMS Detailed View]", "f_class_color": "#6ebed6", "spans": 2.0, "span_arrangement": "35.07+34.61", "completion_year": "2008", "bridge_no": "243247912533" }, "geometry": { "type": "Point", "coordinates": [ 91.42579, 24.546269833333 ] } },
{ "type": "Feature", "properties": { "id": "6406", "sl": 8484, "map_link": "https://maps.google.com/?q=24.5511,91.43864&amp;z=8&amp;t=k", "image_popup": "8088/bms/assets/uploads/images/bridges/bridge_6406/1703140851.JPG", "bridge_name": "Kogapasha Bridge-2", "bridge_type": "PC Girder Bridge", "road_no": "Z2405", "zone": "Sylhet", "circle": "Moulavi Bazar", "division": "Habiganj", "subdivision": "Habigonj", "sae": "Baniachong", "bridge_length_(m)": 94.2, "bridge_width_(m)": 10.33, "chainage_(km)": 7.812, "ycoord": 24.5511, "xcoord": 91.43864, "bms_inventory": "http://bms.rhd.gov.bd:8088/bms/bridges/inventory_view/6406", "bms_detail": "http://bms.rhd.gov.bd:8088/bms/bridges/inventory_view/6406", "f_class_name": "PC Girder Bridge", "keys": "[bridge_name, Bridge Name], [bridge_type,Type], [chainage_(km), Chainage (km)], [road_no, On Road], [division, Division], [subdivision, Subdivision], [bridge_length_(m), Length (m)], [bridge_width_(m), Width (m)], [spans, Span], [span_arrangement, Span Arrangement], [completion_year, Const. Year], [map_link(=>{type:link, format:weblink}, Google Map,newtab=>),Google Map View],[bms_inventory(=>{type:link, format:weblink}, BMS Link,newtab=>), BMS Inventory],[bms_detail(=>{type:link, format:weblink},BMS Link,newtab=>), BMS Detailed View]", "f_class_color": "#6ebed6", "spans": 3.0, "span_arrangement": "31.21+30.98+31.16", "completion_year": "2008", "bridge_no": "243304912619" }, "geometry": { "type": "Point", "coordinates": [ 91.43864, 24.5511 ] } },
{ "type": "Feature", "properties": { "id": "6511", "sl": 8986, "map_link": "https://maps.google.com/?q=24.28275,91.220889833333&amp;z=8&amp;t=k", "image_popup": "8088/bms/assets/uploads/images/bridges/bridge_6511/1703581995.JPG", "bridge_name": "Lakhai Bridge", "bridge_type": "Portable Steel Bridge", "road_no": "Z2404", "zone": "Sylhet", "circle": "Moulavi Bazar", "division": "Habiganj", "subdivision": "Habigonj", "sae": "Habiganj", "bridge_length_(m)": 46.09, "bridge_width_(m)": 3.68, "chainage_(km)": 2.8, "ycoord": 24.28275, "xcoord": 91.220889833333004, "bms_inventory": "http://bms.rhd.gov.bd:8088/bms/bridges/inventory_view/6511", "bms_detail": "http://bms.rhd.gov.bd:8088/bms/bridges/inventory_view/6511", "f_class_name": "Portable Steel Bridge", "keys": "[bridge_name, Bridge Name], [bridge_type,Type], [chainage_(km), Chainage (km)], [road_no, On Road], [division, Division], [subdivision, Subdivision], [bridge_length_(m), Length (m)], [bridge_width_(m), Width (m)], [spans, Span], [span_arrangement, Span Arrangement], [completion_year, Const. Year], [map_link(=>{type:link, format:weblink}, Google Map,newtab=>),Google Map View],[bms_inventory(=>{type:link, format:weblink}, BMS Link,newtab=>), BMS Inventory],[bms_detail(=>{type:link, format:weblink},BMS Link,newtab=>), BMS Detailed View]", "f_class_color": "#29ffa4", "spans": 3.0, "span_arrangement": "15.2+15.2+15.2", "completion_year": "1996", "bridge_no": "241658911315" }, "geometry": { "type": "Point", "coordinates": [ 91.220889833333004, 24.28275 ] } },
{ "type": "Feature", "properties": { "id": "6512", "sl": 8984, "map_link": "https://maps.google.com/?q=24.28893,91.214849833333&amp;z=8&amp;t=k", "image_popup": "8088/bms/assets/uploads/images/bridges/bridge_6512/1703582838.JPG", "bridge_name": "Lakhai Bazar Bridge", "bridge_type": "Small Slab Bridge", "road_no": "Z2404", "zone": "Sylhet", "circle": "Moulavi Bazar", "division": "Habiganj", "subdivision": "Habigonj", "sae": "Habiganj", "bridge_length_(m)": 1.1, "bridge_width_(m)": 7.4, "chainage_(km)": 3.9, "ycoord": 24.28893, "xcoord": 91.214849833333005, "bms_inventory": "http://bms.rhd.gov.bd:8088/bms/bridges/inventory_view/6512", "bms_detail": "http://bms.rhd.gov.bd:8088/bms/bridges/inventory_view/6512", "f_class_name": "Small Slab Bridge", "keys": "[bridge_name, Bridge Name], [bridge_type,Type], [chainage_(km), Chainage (km)], [road_no, On Road], [division, Division], [subdivision, Subdivision], [bridge_length_(m), Length (m)], [bridge_width_(m), Width (m)], [spans, Span], [span_arrangement, Span Arrangement], [completion_year, Const. Year], [map_link(=>{type:link, format:weblink}, Google Map,newtab=>),Google Map View],[bms_inventory(=>{type:link, format:weblink}, BMS Link,newtab=>), BMS Inventory],[bms_detail(=>{type:link, format:weblink},BMS Link,newtab=>), BMS Detailed View]", "f_class_color": "#13b7dd", "spans": 1.0, "span_arrangement": "0.66", "completion_year": "1995", "bridge_no": "241720911253" }, "geometry": { "type": "Point", "coordinates": [ 91.214849833333005, 24.28893 ] } },
{ "type": "Feature", "properties": { "id": "6513", "sl": 8985, "map_link": "https://maps.google.com/?q=24.298539833333,91.213139833333&amp;z=8&amp;t=k", "image_popup": "8088/bms/assets/uploads/images/bridges/bridge_6513/1703583202.JPG", "bridge_name": "Lakhai Bazar Bridge 2", "bridge_type": "Small Slab Bridge", "road_no": "Z2404", "zone": "Sylhet", "circle": "Moulavi Bazar", "division": "Habiganj", "subdivision": "Habigonj", "sae": "Habiganj", "bridge_length_(m)": 1.13, "bridge_width_(m)": 6.7, "chainage_(km)": 4.1, "ycoord": 24.298539833332999, "xcoord": 91.213139833333003, "bms_inventory": "http://bms.rhd.gov.bd:8088/bms/bridges/inventory_view/6513", "bms_detail": "http://bms.rhd.gov.bd:8088/bms/bridges/inventory_view/6513", "f_class_name": "Small Slab Bridge", "keys": "[bridge_name, Bridge Name], [bridge_type,Type], [chainage_(km), Chainage (km)], [road_no, On Road], [division, Division], [subdivision, Subdivision], [bridge_length_(m), Length (m)], [bridge_width_(m), Width (m)], [spans, Span], [span_arrangement, Span Arrangement], [completion_year, Const. Year], [map_link(=>{type:link, format:weblink}, Google Map,newtab=>),Google Map View],[bms_inventory(=>{type:link, format:weblink}, BMS Link,newtab=>), BMS Inventory],[bms_detail(=>{type:link, format:weblink},BMS Link,newtab=>), BMS Detailed View]", "f_class_color": "#13b7dd", "spans": 1.0, "span_arrangement": "0.65", "completion_year": "1996", "bridge_no": "241755911247" }, "geometry": { "type": "Point", "coordinates": [ 91.213139833333003, 24.298539833332999 ] } },
{ "type": "Feature", "properties": { "id": "6549", "sl": 7420, "map_link": "https://maps.google.com/?q=24.402129833333,91.404129833333&amp;z=8&amp;t=k", "image_popup": "8088/bms/assets/uploads/images/bridges/bridge_6549/1704000658.jpg", "bridge_name": "Kalarduba Bridge", "bridge_type": "Mixed Types Bridge", "road_no": "Z2403", "zone": "Sylhet", "circle": "Moulavi Bazar", "division": "Habiganj", "subdivision": "Habigonj", "sae": "Baniachong", "bridge_length_(m)": 60.0, "bridge_width_(m)": 10.22, "chainage_(km)": 2.313, "ycoord": 24.402129833332999, "xcoord": 91.404129833333002, "bms_inventory": "http://bms.rhd.gov.bd:8088/bms/bridges/inventory_view/6549", "bms_detail": "http://bms.rhd.gov.bd:8088/bms/bridges/inventory_view/6549", "f_class_name": "Mixed Types Bridge", "keys": "[bridge_name, Bridge Name], [bridge_type,Type], [chainage_(km), Chainage (km)], [road_no, On Road], [division, Division], [subdivision, Subdivision], [bridge_length_(m), Length (m)], [bridge_width_(m), Width (m)], [spans, Span], [span_arrangement, Span Arrangement], [completion_year, Const. Year], [map_link(=>{type:link, format:weblink}, Google Map,newtab=>),Google Map View],[bms_inventory(=>{type:link, format:weblink}, BMS Link,newtab=>), BMS Inventory],[bms_detail(=>{type:link, format:weblink},BMS Link,newtab=>), BMS Detailed View]", "f_class_color": "#2edb93", "spans": 5.0, "span_arrangement": "5.7+13.2+21.91+12.77+5.78", "completion_year": "2005", "bridge_no": "242408912415" }, "geometry": { "type": "Point", "coordinates": [ 91.404129833333002, 24.402129833332999 ] } },
{ "type": "Feature", "properties": { "id": "6554", "sl": 6862, "map_link": "https://maps.google.com/?q=24.5377,91.33217&amp;z=8&amp;t=k", "image_popup": "8088/bms/assets/uploads/images/bridges/bridge_6554/1704001231.JPG", "bridge_name": "Jangi Bridge", "bridge_type": "PC Girder Bridge", "road_no": "Z2403", "zone": "Sylhet", "circle": "Moulavi Bazar", "division": "Habiganj", "subdivision": "Habigonj", "sae": "Baniachong", "bridge_length_(m)": 75.44, "bridge_width_(m)": 7.58, "chainage_(km)": 28.01, "ycoord": 24.5377, "xcoord": 91.33217, "bms_inventory": "http://bms.rhd.gov.bd:8088/bms/bridges/inventory_view/6554", "bms_detail": "http://bms.rhd.gov.bd:8088/bms/bridges/inventory_view/6554", "f_class_name": "PC Girder Bridge", "keys": "[bridge_name, Bridge Name], [bridge_type,Type], [chainage_(km), Chainage (km)], [road_no, On Road], [division, Division], [subdivision, Subdivision], [bridge_length_(m), Length (m)], [bridge_width_(m), Width (m)], [spans, Span], [span_arrangement, Span Arrangement], [completion_year, Const. Year], [map_link(=>{type:link, format:weblink}, Google Map,newtab=>),Google Map View],[bms_inventory(=>{type:link, format:weblink}, BMS Link,newtab=>), BMS Inventory],[bms_detail(=>{type:link, format:weblink},BMS Link,newtab=>), BMS Detailed View]", "f_class_color": "#6ebed6", "spans": 2.0, "span_arrangement": "37.3+37.27", "completion_year": "2005", "bridge_no": "243216911956" }, "geometry": { "type": "Point", "coordinates": [ 91.33217, 24.5377 ] } },
{ "type": "Feature", "properties": { "id": "6557", "sl": 14574, "map_link": "https://maps.google.com/?q=24.429179833333,91.3953&amp;z=8&amp;t=k", "image_popup": "8088/bms/assets/uploads/images/bridges/bridge_6557/1704001696.jpg", "bridge_name": "Subidpur Bridge", "bridge_type": "Mixed Types Bridge", "road_no": "Z2403", "zone": "Sylhet", "circle": "Moulavi Bazar", "division": "Habiganj", "subdivision": "Habigonj", "sae": "Baniachong", "bridge_length_(m)": 3.4, "bridge_width_(m)": 10.2, "chainage_(km)": 4.829, "ycoord": 24.429179833332999, "xcoord": 91.3953, "bms_inventory": "http://bms.rhd.gov.bd:8088/bms/bridges/inventory_view/6557", "bms_detail": "http://bms.rhd.gov.bd:8088/bms/bridges/inventory_view/6557", "f_class_name": "Mixed Types Bridge", "keys": "[bridge_name, Bridge Name], [bridge_type,Type], [chainage_(km), Chainage (km)], [road_no, On Road], [division, Division], [subdivision, Subdivision], [bridge_length_(m), Length (m)], [bridge_width_(m), Width (m)], [spans, Span], [span_arrangement, Span Arrangement], [completion_year, Const. Year], [map_link(=>{type:link, format:weblink}, Google Map,newtab=>),Google Map View],[bms_inventory(=>{type:link, format:weblink}, BMS Link,newtab=>), BMS Inventory],[bms_detail(=>{type:link, format:weblink},BMS Link,newtab=>), BMS Detailed View]", "f_class_color": "#2edb93", "spans": 3.0, "span_arrangement": "4+25.16+4", "completion_year": "2005", "bridge_no": "242545912343" }, "geometry": { "type": "Point", "coordinates": [ 91.3953, 24.429179833332999 ] } },
{ "type": "Feature", "properties": { "id": "6559", "sl": 3471, "map_link": "https://maps.google.com/?q=24.54007,91.3288&amp;z=8&amp;t=k", "image_popup": "8088/bms/assets/uploads/images/bridges/bridge_6559/1704002024.JPG", "bridge_name": "Choddopasha Bridge", "bridge_type": "PC Girder Bridge", "road_no": "Z2403", "zone": "Sylhet", "circle": "Moulavi Bazar", "division": "Habiganj", "subdivision": "Habigonj", "sae": "Baniachong", "bridge_length_(m)": 37.86, "bridge_width_(m)": 7.64, "chainage_(km)": 28.45, "ycoord": 24.54007, "xcoord": 91.3288, "bms_inventory": "http://bms.rhd.gov.bd:8088/bms/bridges/inventory_view/6559", "bms_detail": "http://bms.rhd.gov.bd:8088/bms/bridges/inventory_view/6559", "f_class_name": "PC Girder Bridge", "keys": "[bridge_name, Bridge Name], [bridge_type,Type], [chainage_(km), Chainage (km)], [road_no, On Road], [division, Division], [subdivision, Subdivision], [bridge_length_(m), Length (m)], [bridge_width_(m), Width (m)], [spans, Span], [span_arrangement, Span Arrangement], [completion_year, Const. Year], [map_link(=>{type:link, format:weblink}, Google Map,newtab=>),Google Map View],[bms_inventory(=>{type:link, format:weblink}, BMS Link,newtab=>), BMS Inventory],[bms_detail(=>{type:link, format:weblink},BMS Link,newtab=>), BMS Detailed View]", "f_class_color": "#6ebed6", "spans": 1.0, "span_arrangement": "37.3", "completion_year": "2005", "bridge_no": "243224911944" }, "geometry": { "type": "Point", "coordinates": [ 91.3288, 24.54007 ] } },
{ "type": "Feature", "properties": { "id": "6561", "sl": 14575, "map_link": "https://maps.google.com/?q=24.43185,91.39333&amp;z=8&amp;t=k", "image_popup": "8088/bms/assets/uploads/images/bridges/bridge_6561/1704002244.jpg", "bridge_name": "Subidpur Bridge 2", "bridge_type": "PC Girder Bridge", "road_no": "Z2403", "zone": "Sylhet", "circle": "Moulavi Bazar", "division": "Habiganj", "subdivision": "Habigonj", "sae": "Baniachong", "bridge_length_(m)": 25.5, "bridge_width_(m)": 10.25, "chainage_(km)": 5.252, "ycoord": 24.43185, "xcoord": 91.39333, "bms_inventory": "http://bms.rhd.gov.bd:8088/bms/bridges/inventory_view/6561", "bms_detail": "http://bms.rhd.gov.bd:8088/bms/bridges/inventory_view/6561", "f_class_name": "PC Girder Bridge", "keys": "[bridge_name, Bridge Name], [bridge_type,Type], [chainage_(km), Chainage (km)], [road_no, On Road], [division, Division], [subdivision, Subdivision], [bridge_length_(m), Length (m)], [bridge_width_(m), Width (m)], [spans, Span], [span_arrangement, Span Arrangement], [completion_year, Const. Year], [map_link(=>{type:link, format:weblink}, Google Map,newtab=>),Google Map View],[bms_inventory(=>{type:link, format:weblink}, BMS Link,newtab=>), BMS Inventory],[bms_detail(=>{type:link, format:weblink},BMS Link,newtab=>), BMS Detailed View]", "f_class_color": "#6ebed6", "spans": 1.0, "span_arrangement": "25.14", "completion_year": "2007", "bridge_no": "242555912336" }, "geometry": { "type": "Point", "coordinates": [ 91.39333, 24.43185 ] } },
{ "type": "Feature", "properties": { "id": "6562", "sl": 3425, "map_link": "https://maps.google.com/?q=24.548729833333,91.31506&amp;z=8&amp;t=k", "image_popup": "8088/bms/assets/uploads/images/bridges/bridge_6562/1704254363.JPG", "bridge_name": "Chinde Bridge", "bridge_type": "Mixed Types Bridge", "road_no": "Z2403", "zone": "Sylhet", "circle": "Moulavi Bazar", "division": "Habiganj", "subdivision": "Habigonj", "sae": "Baniachong", "bridge_length_(m)": 88.0, "bridge_width_(m)": 7.58, "chainage_(km)": 29.1, "ycoord": 24.548729833332999, "xcoord": 91.31506, "bms_inventory": "http://bms.rhd.gov.bd:8088/bms/bridges/inventory_view/6562", "bms_detail": "http://bms.rhd.gov.bd:8088/bms/bridges/inventory_view/6562", "f_class_name": "Mixed Types Bridge", "keys": "[bridge_name, Bridge Name], [bridge_type,Type], [chainage_(km), Chainage (km)], [road_no, On Road], [division, Division], [subdivision, Subdivision], [bridge_length_(m), Length (m)], [bridge_width_(m), Width (m)], [spans, Span], [span_arrangement, Span Arrangement], [completion_year, Const. Year], [map_link(=>{type:link, format:weblink}, Google Map,newtab=>),Google Map View],[bms_inventory(=>{type:link, format:weblink}, BMS Link,newtab=>), BMS Inventory],[bms_detail(=>{type:link, format:weblink},BMS Link,newtab=>), BMS Detailed View]", "f_class_color": "#2edb93", "spans": 3.0, "span_arrangement": "25+25.17+37.4", "completion_year": "2003", "bridge_no": "243255911854" }, "geometry": { "type": "Point", "coordinates": [ 91.31506, 24.548729833332999 ] } },
{ "type": "Feature", "properties": { "id": "6564", "sl": 15710, "map_link": "https://maps.google.com/?q=24.44272,91.360129833333&amp;z=8&amp;t=k", "image_popup": "8088/bms/assets/uploads/images/bridges/bridge_6564/1704009308.jpg", "bridge_name": "Vobanipur Bridge", "bridge_type": "PC Girder Bridge", "road_no": "Z2403", "zone": "Sylhet", "circle": "Moulavi Bazar", "division": "Habiganj", "subdivision": "Habigonj", "sae": "Baniachong", "bridge_length_(m)": 25.6, "bridge_width_(m)": 10.25, "chainage_(km)": 7.081, "ycoord": 24.44272, "xcoord": 91.360129833333005, "bms_inventory": "http://bms.rhd.gov.bd:8088/bms/bridges/inventory_view/6564", "bms_detail": "http://bms.rhd.gov.bd:8088/bms/bridges/inventory_view/6564", "f_class_name": "PC Girder Bridge", "keys": "[bridge_name, Bridge Name], [bridge_type,Type], [chainage_(km), Chainage (km)], [road_no, On Road], [division, Division], [subdivision, Subdivision], [bridge_length_(m), Length (m)], [bridge_width_(m), Width (m)], [spans, Span], [span_arrangement, Span Arrangement], [completion_year, Const. Year], [map_link(=>{type:link, format:weblink}, Google Map,newtab=>),Google Map View],[bms_inventory(=>{type:link, format:weblink}, BMS Link,newtab=>), BMS Inventory],[bms_detail(=>{type:link, format:weblink},BMS Link,newtab=>), BMS Detailed View]", "f_class_color": "#6ebed6", "spans": 1.0, "span_arrangement": "25.13", "completion_year": "2007", "bridge_no": "242634912136" }, "geometry": { "type": "Point", "coordinates": [ 91.360129833333005, 24.44272 ] } },
{ "type": "Feature", "properties": { "id": "6574", "sl": 12729, "map_link": "https://maps.google.com/?q=24.45192,91.37048&amp;z=8&amp;t=k", "image_popup": "8088/bms/assets/uploads/images/bridges/bridge_6574/1704010367.jpg", "bridge_name": "Ratnapur Bridge", "bridge_type": "Portable Steel Bridge", "road_no": "Z2403", "zone": "Sylhet", "circle": "Moulavi Bazar", "division": "Habiganj", "subdivision": "Habigonj", "sae": "Baniachong", "bridge_length_(m)": 124.0, "bridge_width_(m)": 4.32, "chainage_(km)": 8.508, "ycoord": 24.45192, "xcoord": 91.37048, "bms_inventory": "http://bms.rhd.gov.bd:8088/bms/bridges/inventory_view/6574", "bms_detail": "http://bms.rhd.gov.bd:8088/bms/bridges/inventory_view/6574", "f_class_name": "Portable Steel Bridge", "keys": "[bridge_name, Bridge Name], [bridge_type,Type], [chainage_(km), Chainage (km)], [road_no, On Road], [division, Division], [subdivision, Subdivision], [bridge_length_(m), Length (m)], [bridge_width_(m), Width (m)], [spans, Span], [span_arrangement, Span Arrangement], [completion_year, Const. Year], [map_link(=>{type:link, format:weblink}, Google Map,newtab=>),Google Map View],[bms_inventory(=>{type:link, format:weblink}, BMS Link,newtab=>), BMS Inventory],[bms_detail(=>{type:link, format:weblink},BMS Link,newtab=>), BMS Detailed View]", "f_class_color": "#29ffa4", "spans": 4.0, "span_arrangement": "30.87+30.76+30.83+30.68", "completion_year": "1977", "bridge_no": "242707912214" }, "geometry": { "type": "Point", "coordinates": [ 91.37048, 24.45192 ] } },
{ "type": "Feature", "properties": { "id": "6582", "sl": 7068, "map_link": "https://maps.google.com/?q=24.561859833333,91.283649833333&amp;z=8&amp;t=k", "image_popup": "8088/bms/assets/uploads/images/bridges/bridge_6582/1704011634.JPG", "bridge_name": "Jolshukha Bridge", "bridge_type": "PC Girder Bridge", "road_no": "Z2403", "zone": "Sylhet", "circle": "Moulavi Bazar", "division": "Habiganj", "subdivision": "Habigonj", "sae": "Baniachong", "bridge_length_(m)": 43.8, "bridge_width_(m)": 10.25, "chainage_(km)": 35.1, "ycoord": 24.561859833332999, "xcoord": 91.283649833333001, "bms_inventory": "http://bms.rhd.gov.bd:8088/bms/bridges/inventory_view/6582", "bms_detail": "http://bms.rhd.gov.bd:8088/bms/bridges/inventory_view/6582", "f_class_name": "PC Girder Bridge", "keys": "[bridge_name, Bridge Name], [bridge_type,Type], [chainage_(km), Chainage (km)], [road_no, On Road], [division, Division], [subdivision, Subdivision], [bridge_length_(m), Length (m)], [bridge_width_(m), Width (m)], [spans, Span], [span_arrangement, Span Arrangement], [completion_year, Const. Year], [map_link(=>{type:link, format:weblink}, Google Map,newtab=>),Google Map View],[bms_inventory(=>{type:link, format:weblink}, BMS Link,newtab=>), BMS Inventory],[bms_detail(=>{type:link, format:weblink},BMS Link,newtab=>), BMS Detailed View]", "f_class_color": "#6ebed6", "spans": 1.0, "span_arrangement": "43.25", "completion_year": "2005", "bridge_no": "243343911701" }, "geometry": { "type": "Point", "coordinates": [ 91.283649833333001, 24.561859833332999 ] } },
{ "type": "Feature", "properties": { "id": "6589", "sl": 14011, "map_link": "https://maps.google.com/?q=24.477329833333,91.371719833333&amp;z=8&amp;t=k", "image_popup": "8088/bms/assets/uploads/images/bridges/bridge_6589/1704013121.jpg", "bridge_name": "Shukti Steel Bridge", "bridge_type": "Portable Steel Bridge", "road_no": "Z2403", "zone": "Sylhet", "circle": "Moulavi Bazar", "division": "Habiganj", "subdivision": "Habigonj", "sae": "Baniachong", "bridge_length_(m)": 73.43, "bridge_width_(m)": 4.13, "chainage_(km)": 11.595, "ycoord": 24.477329833332998, "xcoord": 91.371719833333003, "bms_inventory": "http://bms.rhd.gov.bd:8088/bms/bridges/inventory_view/6589", "bms_detail": "http://bms.rhd.gov.bd:8088/bms/bridges/inventory_view/6589", "f_class_name": "Portable Steel Bridge", "keys": "[bridge_name, Bridge Name], [bridge_type,Type], [chainage_(km), Chainage (km)], [road_no, On Road], [division, Division], [subdivision, Subdivision], [bridge_length_(m), Length (m)], [bridge_width_(m), Width (m)], [spans, Span], [span_arrangement, Span Arrangement], [completion_year, Const. Year], [map_link(=>{type:link, format:weblink}, Google Map,newtab=>),Google Map View],[bms_inventory(=>{type:link, format:weblink}, BMS Link,newtab=>), BMS Inventory],[bms_detail(=>{type:link, format:weblink},BMS Link,newtab=>), BMS Detailed View]", "f_class_color": "#29ffa4", "spans": 4.0, "span_arrangement": "18.28+18.28+18.3+18.28", "completion_year": "2010", "bridge_no": "242838912218" }, "geometry": { "type": "Point", "coordinates": [ 91.371719833333003, 24.477329833332998 ] } },
{ "type": "Feature", "properties": { "id": "6595", "sl": 14010, "map_link": "https://maps.google.com/?q=24.481839833333,91.37098&amp;z=8&amp;t=k", "image_popup": "8088/bms/assets/uploads/images/bridges/bridge_6595/1704015181.jpeg", "bridge_name": "Shukti Bridge", "bridge_type": "Mixed Types Bridge", "road_no": "Z2403", "zone": "Sylhet", "circle": "Moulavi Bazar", "division": "Habiganj", "subdivision": "Habigonj", "sae": "Baniachong", "bridge_length_(m)": 44.9, "bridge_width_(m)": 10.31, "chainage_(km)": 12.105, "ycoord": 24.481839833333002, "xcoord": 91.37098, "bms_inventory": "http://bms.rhd.gov.bd:8088/bms/bridges/inventory_view/6595", "bms_detail": "http://bms.rhd.gov.bd:8088/bms/bridges/inventory_view/6595", "f_class_name": "Mixed Types Bridge", "keys": "[bridge_name, Bridge Name], [bridge_type,Type], [chainage_(km), Chainage (km)], [road_no, On Road], [division, Division], [subdivision, Subdivision], [bridge_length_(m), Length (m)], [bridge_width_(m), Width (m)], [spans, Span], [span_arrangement, Span Arrangement], [completion_year, Const. Year], [map_link(=>{type:link, format:weblink}, Google Map,newtab=>),Google Map View],[bms_inventory(=>{type:link, format:weblink}, BMS Link,newtab=>), BMS Inventory],[bms_detail(=>{type:link, format:weblink},BMS Link,newtab=>), BMS Detailed View]", "f_class_color": "#2edb93", "spans": 3.0, "span_arrangement": "5.16+34.2+5.04", "completion_year": "2007", "bridge_no": "242855912216" }, "geometry": { "type": "Point", "coordinates": [ 91.37098, 24.481839833333002 ] } },
{ "type": "Feature", "properties": { "id": "6600", "sl": 11472, "map_link": "https://maps.google.com/?q=24.39129,91.41267&amp;z=8&amp;t=k", "image_popup": "8088/bms/assets/uploads/images/bridges/bridge_6600/1704015991.JPG", "bridge_name": "Old Khoai Bridge", "bridge_type": "Portable Steel Bridge", "road_no": "R240", "zone": "Sylhet", "circle": "Moulavi Bazar", "division": "Habiganj", "subdivision": "Habigonj", "sae": "Habiganj", "bridge_length_(m)": 92.0, "bridge_width_(m)": 4.16, "chainage_(km)": 16.708, "ycoord": 24.39129, "xcoord": 91.41267, "bms_inventory": "http://bms.rhd.gov.bd:8088/bms/bridges/inventory_view/6600", "bms_detail": "http://bms.rhd.gov.bd:8088/bms/bridges/inventory_view/6600", "f_class_name": "Portable Steel Bridge", "keys": "[bridge_name, Bridge Name], [bridge_type,Type], [chainage_(km), Chainage (km)], [road_no, On Road], [division, Division], [subdivision, Subdivision], [bridge_length_(m), Length (m)], [bridge_width_(m), Width (m)], [spans, Span], [span_arrangement, Span Arrangement], [completion_year, Const. Year], [map_link(=>{type:link, format:weblink}, Google Map,newtab=>),Google Map View],[bms_inventory(=>{type:link, format:weblink}, BMS Link,newtab=>), BMS Inventory],[bms_detail(=>{type:link, format:weblink},BMS Link,newtab=>), BMS Detailed View]", "f_class_color": "#29ffa4", "spans": 4.0, "span_arrangement": "18.36+18.22+36.5+18.24", "completion_year": "1997", "bridge_no": "242329912446" }, "geometry": { "type": "Point", "coordinates": [ 91.41267, 24.39129 ] } },
{ "type": "Feature", "properties": { "id": "6601", "sl": 13512, "map_link": "https://maps.google.com/?q=24.499189833333,91.37184&amp;z=8&amp;t=k", "image_popup": "8088/bms/assets/uploads/images/bridges/bridge_6601/1704086267.jpg", "bridge_name": "Shanti Para Bridge", "bridge_type": "Mixed Types Bridge", "road_no": "Z2403", "zone": "Sylhet", "circle": "Moulavi Bazar", "division": "Habiganj", "subdivision": "Habigonj", "sae": "Baniachong", "bridge_length_(m)": 21.3, "bridge_width_(m)": 10.32, "chainage_(km)": 14.06, "ycoord": 24.499189833332998, "xcoord": 91.37184, "bms_inventory": "http://bms.rhd.gov.bd:8088/bms/bridges/inventory_view/6601", "bms_detail": "http://bms.rhd.gov.bd:8088/bms/bridges/inventory_view/6601", "f_class_name": "Mixed Types Bridge", "keys": "[bridge_name, Bridge Name], [bridge_type,Type], [chainage_(km), Chainage (km)], [road_no, On Road], [division, Division], [subdivision, Subdivision], [bridge_length_(m), Length (m)], [bridge_width_(m), Width (m)], [spans, Span], [span_arrangement, Span Arrangement], [completion_year, Const. Year], [map_link(=>{type:link, format:weblink}, Google Map,newtab=>),Google Map View],[bms_inventory(=>{type:link, format:weblink}, BMS Link,newtab=>), BMS Inventory],[bms_detail(=>{type:link, format:weblink},BMS Link,newtab=>), BMS Detailed View]", "f_class_color": "#2edb93", "spans": 3.0, "span_arrangement": "2.8+15.39+2.79", "completion_year": "2007", "bridge_no": "242957912219" }, "geometry": { "type": "Point", "coordinates": [ 91.37184, 24.499189833332998 ] } },
{ "type": "Feature", "properties": { "id": "6604", "sl": 237, "map_link": "https://maps.google.com/?q=24.54425,91.24245&amp;z=8&amp;t=k", "image_popup": "8088/bms/assets/uploads/images/bridges/bridge_6604/1704082012.JPG", "bridge_name": "Ajmirganj Bridge", "bridge_type": "PC Girder Bridge", "road_no": "Z2403", "zone": "Sylhet", "circle": "Moulavi Bazar", "division": "Habiganj", "subdivision": "Habigonj", "sae": "Baniachong", "bridge_length_(m)": 149.2, "bridge_width_(m)": 10.26, "chainage_(km)": 40.0, "ycoord": 24.54425, "xcoord": 91.24245, "bms_inventory": "http://bms.rhd.gov.bd:8088/bms/bridges/inventory_view/6604", "bms_detail": "http://bms.rhd.gov.bd:8088/bms/bridges/inventory_view/6604", "f_class_name": "PC Girder Bridge", "keys": "[bridge_name, Bridge Name], [bridge_type,Type], [chainage_(km), Chainage (km)], [road_no, On Road], [division, Division], [subdivision, Subdivision], [bridge_length_(m), Length (m)], [bridge_width_(m), Width (m)], [spans, Span], [span_arrangement, Span Arrangement], [completion_year, Const. Year], [map_link(=>{type:link, format:weblink}, Google Map,newtab=>),Google Map View],[bms_inventory(=>{type:link, format:weblink}, BMS Link,newtab=>), BMS Inventory],[bms_detail(=>{type:link, format:weblink},BMS Link,newtab=>), BMS Detailed View]", "f_class_color": "#6ebed6", "spans": 3.0, "span_arrangement": "49.3+49.45+49.67", "completion_year": "2002", "bridge_no": "243239911433" }, "geometry": { "type": "Point", "coordinates": [ 91.24245, 24.54425 ] } },
{ "type": "Feature", "properties": { "id": "6625", "sl": 1329, "map_link": "https://maps.google.com/?q=24.51818,91.370099833333&amp;z=8&amp;t=k", "image_popup": "8088/bms/assets/uploads/images/bridges/bridge_6625/1704089730.jpg", "bridge_name": "Baniachong Bridge", "bridge_type": "Mixed Types Bridge", "road_no": "Z2403", "zone": "Sylhet", "circle": "Moulavi Bazar", "division": "Habiganj", "subdivision": "Habigonj", "sae": "Baniachong", "bridge_length_(m)": 21.6, "bridge_width_(m)": 10.37, "chainage_(km)": 16.207, "ycoord": 24.51818, "xcoord": 91.370099833333001, "bms_inventory": "http://bms.rhd.gov.bd:8088/bms/bridges/inventory_view/6625", "bms_detail": "http://bms.rhd.gov.bd:8088/bms/bridges/inventory_view/6625", "f_class_name": "Mixed Types Bridge", "keys": "[bridge_name, Bridge Name], [bridge_type,Type], [chainage_(km), Chainage (km)], [road_no, On Road], [division, Division], [subdivision, Subdivision], [bridge_length_(m), Length (m)], [bridge_width_(m), Width (m)], [spans, Span], [span_arrangement, Span Arrangement], [completion_year, Const. Year], [map_link(=>{type:link, format:weblink}, Google Map,newtab=>),Google Map View],[bms_inventory(=>{type:link, format:weblink}, BMS Link,newtab=>), BMS Inventory],[bms_detail(=>{type:link, format:weblink},BMS Link,newtab=>), BMS Detailed View]", "f_class_color": "#2edb93", "spans": 3.0, "span_arrangement": "2.83+15.42+2.87", "completion_year": "2002", "bridge_no": "243105912212" }, "geometry": { "type": "Point", "coordinates": [ 91.370099833333001, 24.51818 ] } },
{ "type": "Feature", "properties": { "id": "6629", "sl": 13425, "map_link": "https://maps.google.com/?q=24.272919833333,91.473269833333&amp;z=8&amp;t=k", "image_popup": "8088/bms/assets/uploads/images/bridges/bridge_6629/1704091683.JPG", "bridge_name": "Shaistaganj Steel Bridge", "bridge_type": "Portable Steel Bridge", "road_no": "R222", "zone": "Sylhet", "circle": "Moulavi Bazar", "division": "Habiganj", "subdivision": "Shaistagonj", "sae": "Teliyapara", "bridge_length_(m)": 129.9, "bridge_width_(m)": 3.99, "chainage_(km)": 0.034, "ycoord": 24.272919833332999, "xcoord": 91.473269833333006, "bms_inventory": "http://bms.rhd.gov.bd:8088/bms/bridges/inventory_view/6629", "bms_detail": "http://bms.rhd.gov.bd:8088/bms/bridges/inventory_view/6629", "f_class_name": "Portable Steel Bridge", "keys": "[bridge_name, Bridge Name], [bridge_type,Type], [chainage_(km), Chainage (km)], [road_no, On Road], [division, Division], [subdivision, Subdivision], [bridge_length_(m), Length (m)], [bridge_width_(m), Width (m)], [spans, Span], [span_arrangement, Span Arrangement], [completion_year, Const. Year], [map_link(=>{type:link, format:weblink}, Google Map,newtab=>),Google Map View],[bms_inventory(=>{type:link, format:weblink}, BMS Link,newtab=>), BMS Inventory],[bms_detail(=>{type:link, format:weblink},BMS Link,newtab=>), BMS Detailed View]", "f_class_color": "#29ffa4", "spans": 3.0, "span_arrangement": "43.1+43.47+43.08", "completion_year": "1997", "bridge_no": "241623912824" }, "geometry": { "type": "Point", "coordinates": [ 91.473269833333006, 24.272919833332999 ] } },
{ "type": "Feature", "properties": { "id": "6637", "sl": 13570, "map_link": "https://maps.google.com/?q=24.491089833333,91.36978&amp;z=8&amp;t=k", "image_popup": "8088/bms/assets/uploads/images/bridges/bridge_6637/1704168884.JPG", "bridge_name": "Sharifuddin Road Bridge", "bridge_type": "PC Girder Bridge", "road_no": "Z2403", "zone": "Sylhet", "circle": "Moulavi Bazar", "division": "Habiganj", "subdivision": "Habigonj", "sae": "Baniachong", "bridge_length_(m)": 31.6, "bridge_width_(m)": 7.61, "chainage_(km)": 18.109, "ycoord": 24.491089833333, "xcoord": 91.36978, "bms_inventory": "http://bms.rhd.gov.bd:8088/bms/bridges/inventory_view/6637", "bms_detail": "http://bms.rhd.gov.bd:8088/bms/bridges/inventory_view/6637", "f_class_name": "PC Girder Bridge", "keys": "[bridge_name, Bridge Name], [bridge_type,Type], [chainage_(km), Chainage (km)], [road_no, On Road], [division, Division], [subdivision, Subdivision], [bridge_length_(m), Length (m)], [bridge_width_(m), Width (m)], [spans, Span], [span_arrangement, Span Arrangement], [completion_year, Const. Year], [map_link(=>{type:link, format:weblink}, Google Map,newtab=>),Google Map View],[bms_inventory(=>{type:link, format:weblink}, BMS Link,newtab=>), BMS Inventory],[bms_detail(=>{type:link, format:weblink},BMS Link,newtab=>), BMS Detailed View]", "f_class_color": "#6ebed6", "spans": 1.0, "span_arrangement": "31.28", "completion_year": "2003", "bridge_no": "242928912211" }, "geometry": { "type": "Point", "coordinates": [ 91.36978, 24.491089833333 ] } },
{ "type": "Feature", "properties": { "id": "6657", "sl": 8850, "map_link": "https://maps.google.com/?q=24.50533,91.345659833333&amp;z=8&amp;t=k", "image_popup": "8088/bms/assets/uploads/images/bridges/bridge_6657/1704173712.JPG", "bridge_name": "Kundarpar Bridge", "bridge_type": "PC Girder Bridge", "road_no": "Z2403", "zone": "Sylhet", "circle": "Moulavi Bazar", "division": "Habiganj", "subdivision": "Habigonj", "sae": "Baniachong", "bridge_length_(m)": 50.25, "bridge_width_(m)": 10.25, "chainage_(km)": 21.5, "ycoord": 24.50533, "xcoord": 91.345659833333002, "bms_inventory": "http://bms.rhd.gov.bd:8088/bms/bridges/inventory_view/6657", "bms_detail": "http://bms.rhd.gov.bd:8088/bms/bridges/inventory_view/6657", "f_class_name": "PC Girder Bridge", "keys": "[bridge_name, Bridge Name], [bridge_type,Type], [chainage_(km), Chainage (km)], [road_no, On Road], [division, Division], [subdivision, Subdivision], [bridge_length_(m), Length (m)], [bridge_width_(m), Width (m)], [spans, Span], [span_arrangement, Span Arrangement], [completion_year, Const. Year], [map_link(=>{type:link, format:weblink}, Google Map,newtab=>),Google Map View],[bms_inventory(=>{type:link, format:weblink}, BMS Link,newtab=>), BMS Inventory],[bms_detail(=>{type:link, format:weblink},BMS Link,newtab=>), BMS Detailed View]", "f_class_color": "#6ebed6", "spans": 1.0, "span_arrangement": "49.6", "completion_year": "2005", "bridge_no": "243019912044" }, "geometry": { "type": "Point", "coordinates": [ 91.345659833333002, 24.50533 ] } },
{ "type": "Feature", "properties": { "id": "6678", "sl": 12763, "map_link": "https://maps.google.com/?q=24.149599833333,91.544799833333&amp;z=8&amp;t=k", "image_popup": "8088/bms/assets/uploads/images/bridges/bridge_6678/1705904642.JPG", "bridge_name": "Razar Bazar Slab Bridge", "bridge_type": "Small Slab Bridge", "road_no": "Z2007", "zone": "Sylhet", "circle": "Moulavi Bazar", "division": "Habiganj", "subdivision": "Shaistagonj", "sae": "SAE-Shaistagonj-2", "bridge_length_(m)": 1.51, "bridge_width_(m)": 9.1, "chainage_(km)": 6.4, "ycoord": 24.149599833332999, "xcoord": 91.544799833333002, "bms_inventory": "http://bms.rhd.gov.bd:8088/bms/bridges/inventory_view/6678", "bms_detail": "http://bms.rhd.gov.bd:8088/bms/bridges/inventory_view/6678", "f_class_name": "Small Slab Bridge", "keys": "[bridge_name, Bridge Name], [bridge_type,Type], [chainage_(km), Chainage (km)], [road_no, On Road], [division, Division], [subdivision, Subdivision], [bridge_length_(m), Length (m)], [bridge_width_(m), Width (m)], [spans, Span], [span_arrangement, Span Arrangement], [completion_year, Const. Year], [map_link(=>{type:link, format:weblink}, Google Map,newtab=>),Google Map View],[bms_inventory(=>{type:link, format:weblink}, BMS Link,newtab=>), BMS Inventory],[bms_detail(=>{type:link, format:weblink},BMS Link,newtab=>), BMS Detailed View]", "f_class_color": "#13b7dd", "spans": 1.0, "span_arrangement": "1.03", "completion_year": "1998", "bridge_no": "240859913241" }, "geometry": { "type": "Point", "coordinates": [ 91.544799833333002, 24.149599833332999 ] } },
{ "type": "Feature", "properties": { "id": "6687", "sl": 6871, "map_link": "https://maps.google.com/?q=24.117619833333,91.563439833333&amp;z=8&amp;t=k", "image_popup": "8088/bms/assets/uploads/images/bridges/bridge_6687/1704184474.JPG", "bridge_name": "Jarulia Slab Bridge", "bridge_type": "Small Slab Bridge", "road_no": "Z2007", "zone": "Sylhet", "circle": "Moulavi Bazar", "division": "Habiganj", "subdivision": "Shaistagonj", "sae": "SAE-Shaistagonj-2", "bridge_length_(m)": 2.93, "bridge_width_(m)": 7.85, "chainage_(km)": 10.6, "ycoord": 24.117619833332999, "xcoord": 91.563439833333007, "bms_inventory": "http://bms.rhd.gov.bd:8088/bms/bridges/inventory_view/6687", "bms_detail": "http://bms.rhd.gov.bd:8088/bms/bridges/inventory_view/6687", "f_class_name": "Small Slab Bridge", "keys": "[bridge_name, Bridge Name], [bridge_type,Type], [chainage_(km), Chainage (km)], [road_no, On Road], [division, Division], [subdivision, Subdivision], [bridge_length_(m), Length (m)], [bridge_width_(m), Width (m)], [spans, Span], [span_arrangement, Span Arrangement], [completion_year, Const. Year], [map_link(=>{type:link, format:weblink}, Google Map,newtab=>),Google Map View],[bms_inventory(=>{type:link, format:weblink}, BMS Link,newtab=>), BMS Inventory],[bms_detail(=>{type:link, format:weblink},BMS Link,newtab=>), BMS Detailed View]", "f_class_color": "#13b7dd", "spans": 1.0, "span_arrangement": "1.97", "completion_year": "1980", "bridge_no": "240703913348" }, "geometry": { "type": "Point", "coordinates": [ 91.563439833333007, 24.117619833332999 ] } },
{ "type": "Feature", "properties": { "id": "6700", "sl": 5005, "map_link": "https://maps.google.com/?q=24.10864,91.57227&amp;z=8&amp;t=k", "image_popup": "8088/bms/assets/uploads/images/bridges/bridge_6700/1704253326.JPG", "bridge_name": "Echalla Bazar Bridge", "bridge_type": "RC Girder Bridge", "road_no": "Z2007", "zone": "Sylhet", "circle": "Moulavi Bazar", "division": "Habiganj", "subdivision": "Shaistagonj", "sae": "SAE-Shaistagonj-2", "bridge_length_(m)": 31.7, "bridge_width_(m)": 4.78, "chainage_(km)": 11.75, "ycoord": 24.10864, "xcoord": 91.57227, "bms_inventory": "http://bms.rhd.gov.bd:8088/bms/bridges/inventory_view/6700", "bms_detail": "http://bms.rhd.gov.bd:8088/bms/bridges/inventory_view/6700", "f_class_name": "RC Girder Bridge", "keys": "[bridge_name, Bridge Name], [bridge_type,Type], [chainage_(km), Chainage (km)], [road_no, On Road], [division, Division], [subdivision, Subdivision], [bridge_length_(m), Length (m)], [bridge_width_(m), Width (m)], [spans, Span], [span_arrangement, Span Arrangement], [completion_year, Const. Year], [map_link(=>{type:link, format:weblink}, Google Map,newtab=>),Google Map View],[bms_inventory(=>{type:link, format:weblink}, BMS Link,newtab=>), BMS Inventory],[bms_detail(=>{type:link, format:weblink},BMS Link,newtab=>), BMS Detailed View]", "f_class_color": "#e8f674", "spans": 3.0, "span_arrangement": "9.43+12.5+9.38", "completion_year": "1990", "bridge_no": "240631913420" }, "geometry": { "type": "Point", "coordinates": [ 91.57227, 24.10864 ] } },
{ "type": "Feature", "properties": { "id": "6702", "sl": 687, "map_link": "https://maps.google.com/?q=24.093689833333,91.580089833333&amp;z=8&amp;t=k", "image_popup": "8088/bms/assets/uploads/images/bridges/bridge_6702/1704258101.JPG", "bridge_name": "Ashampara Bazar Bridge", "bridge_type": "Small Slab Bridge", "road_no": "Z2007", "zone": "Sylhet", "circle": "Moulavi Bazar", "division": "Habiganj", "subdivision": "Shaistagonj", "sae": "SAE-Shaistagonj-2", "bridge_length_(m)": 3.0, "bridge_width_(m)": 3.66, "chainage_(km)": 13.7, "ycoord": 24.093689833332999, "xcoord": 91.580089833333005, "bms_inventory": "http://bms.rhd.gov.bd:8088/bms/bridges/inventory_view/6702", "bms_detail": "http://bms.rhd.gov.bd:8088/bms/bridges/inventory_view/6702", "f_class_name": "Small Slab Bridge", "keys": "[bridge_name, Bridge Name], [bridge_type,Type], [chainage_(km), Chainage (km)], [road_no, On Road], [division, Division], [subdivision, Subdivision], [bridge_length_(m), Length (m)], [bridge_width_(m), Width (m)], [spans, Span], [span_arrangement, Span Arrangement], [completion_year, Const. Year], [map_link(=>{type:link, format:weblink}, Google Map,newtab=>),Google Map View],[bms_inventory(=>{type:link, format:weblink}, BMS Link,newtab=>), BMS Inventory],[bms_detail(=>{type:link, format:weblink},BMS Link,newtab=>), BMS Detailed View]", "f_class_color": "#13b7dd", "spans": 1.0, "span_arrangement": "2.1", "completion_year": "2000", "bridge_no": "240537913448" }, "geometry": { "type": "Point", "coordinates": [ 91.580089833333005, 24.093689833332999 ] } },
{ "type": "Feature", "properties": { "id": "6703", "sl": 1187, "map_link": "https://maps.google.com/?q=24.090949833333,91.583659833333&amp;z=8&amp;t=k", "image_popup": "8088/bms/assets/uploads/images/bridges/bridge_6703/1704258318.JPG", "bridge_name": "Balla Slab Bridge", "bridge_type": "Small Slab Bridge", "road_no": "Z2007", "zone": "Sylhet", "circle": "Moulavi Bazar", "division": "Habiganj", "subdivision": "Shaistagonj", "sae": "SAE-Shaistagonj-2", "bridge_length_(m)": 3.35, "bridge_width_(m)": 3.64, "chainage_(km)": 14.7, "ycoord": 24.090949833332999, "xcoord": 91.583659833333002, "bms_inventory": "http://bms.rhd.gov.bd:8088/bms/bridges/inventory_view/6703", "bms_detail": "http://bms.rhd.gov.bd:8088/bms/bridges/inventory_view/6703", "f_class_name": "Small Slab Bridge", "keys": "[bridge_name, Bridge Name], [bridge_type,Type], [chainage_(km), Chainage (km)], [road_no, On Road], [division, Division], [subdivision, Subdivision], [bridge_length_(m), Length (m)], [bridge_width_(m), Width (m)], [spans, Span], [span_arrangement, Span Arrangement], [completion_year, Const. Year], [map_link(=>{type:link, format:weblink}, Google Map,newtab=>),Google Map View],[bms_inventory(=>{type:link, format:weblink}, BMS Link,newtab=>), BMS Inventory],[bms_detail(=>{type:link, format:weblink},BMS Link,newtab=>), BMS Detailed View]", "f_class_color": "#13b7dd", "spans": 1.0, "span_arrangement": "2.2", "completion_year": "2000", "bridge_no": "240527913501" }, "geometry": { "type": "Point", "coordinates": [ 91.583659833333002, 24.090949833332999 ] } },
{ "type": "Feature", "properties": { "id": "6854", "sl": 6496, "map_link": "https://maps.google.com/?q=25.049499833333,91.273719833333&amp;z=8&amp;t=k", "image_popup": "8088/bms/assets/uploads/images/bridges/bridge_6854/1704957119.jpeg", "bridge_name": "Horipur Bridge 1", "bridge_type": "PC Girder Bridge", "road_no": "Z2806", "zone": "Sylhet", "circle": "Sylhet", "division": "Sunamganj", "subdivision": "Sunamganj", "sae": "Sunamganj-1", "bridge_length_(m)": 31.87, "bridge_width_(m)": 10.28, "chainage_(km)": 1.024, "ycoord": 25.049499833333002, "xcoord": 91.273719833333004, "bms_inventory": "http://bms.rhd.gov.bd:8088/bms/bridges/inventory_view/6854", "bms_detail": "http://bms.rhd.gov.bd:8088/bms/bridges/inventory_view/6854", "f_class_name": "PC Girder Bridge", "keys": "[bridge_name, Bridge Name], [bridge_type,Type], [chainage_(km), Chainage (km)], [road_no, On Road], [division, Division], [subdivision, Subdivision], [bridge_length_(m), Length (m)], [bridge_width_(m), Width (m)], [spans, Span], [span_arrangement, Span Arrangement], [completion_year, Const. Year], [map_link(=>{type:link, format:weblink}, Google Map,newtab=>),Google Map View],[bms_inventory(=>{type:link, format:weblink}, BMS Link,newtab=>), BMS Inventory],[bms_detail(=>{type:link, format:weblink},BMS Link,newtab=>), BMS Detailed View]", "f_class_color": "#6ebed6", "spans": 1.0, "span_arrangement": "31.21", "completion_year": "2014", "bridge_no": "250258911625" }, "geometry": { "type": "Point", "coordinates": [ 91.273719833333004, 25.049499833333002 ] } },
{ "type": "Feature", "properties": { "id": "6856", "sl": 6498, "map_link": "https://maps.google.com/?q=25.053159833333,91.268659833333&amp;z=8&amp;t=k", "image_popup": "8088/bms/assets/uploads/images/bridges/bridge_6856/1704959709.jpeg", "bridge_name": "Horipur Bridge-2", "bridge_type": "PC Girder Bridge", "road_no": "Z2806", "zone": "Sylhet", "circle": "Sylhet", "division": "Sunamganj", "subdivision": "Sunamganj", "sae": "Sunamganj-1", "bridge_length_(m)": 43.85, "bridge_width_(m)": 10.32, "chainage_(km)": 1.684, "ycoord": 25.053159833333002, "xcoord": 91.268659833333004, "bms_inventory": "http://bms.rhd.gov.bd:8088/bms/bridges/inventory_view/6856", "bms_detail": "http://bms.rhd.gov.bd:8088/bms/bridges/inventory_view/6856", "f_class_name": "PC Girder Bridge", "keys": "[bridge_name, Bridge Name], [bridge_type,Type], [chainage_(km), Chainage (km)], [road_no, On Road], [division, Division], [subdivision, Subdivision], [bridge_length_(m), Length (m)], [bridge_width_(m), Width (m)], [spans, Span], [span_arrangement, Span Arrangement], [completion_year, Const. Year], [map_link(=>{type:link, format:weblink}, Google Map,newtab=>),Google Map View],[bms_inventory(=>{type:link, format:weblink}, BMS Link,newtab=>), BMS Inventory],[bms_detail(=>{type:link, format:weblink},BMS Link,newtab=>), BMS Detailed View]", "f_class_color": "#6ebed6", "spans": 1.0, "span_arrangement": "43.14", "completion_year": "2010", "bridge_no": "250311911607" }, "geometry": { "type": "Point", "coordinates": [ 91.268659833333004, 25.053159833333002 ] } },
{ "type": "Feature", "properties": { "id": "6857", "sl": 5233, "map_link": "https://maps.google.com/?q=25.056219833333,91.26336&amp;z=8&amp;t=k", "image_popup": "8088/bms/assets/uploads/images/bridges/bridge_6857/1704960929.jpeg", "bridge_name": "Fotehpur Bridge", "bridge_type": "PC Girder Bridge", "road_no": "Z2806", "zone": "Sylhet", "circle": "Sylhet", "division": "Sunamganj", "subdivision": "Sunamganj", "sae": "Sunamganj-1", "bridge_length_(m)": 135.67, "bridge_width_(m)": 10.22, "chainage_(km)": 2.317, "ycoord": 25.056219833333, "xcoord": 91.26336, "bms_inventory": "http://bms.rhd.gov.bd:8088/bms/bridges/inventory_view/6857", "bms_detail": "http://bms.rhd.gov.bd:8088/bms/bridges/inventory_view/6857", "f_class_name": "PC Girder Bridge", "keys": "[bridge_name, Bridge Name], [bridge_type,Type], [chainage_(km), Chainage (km)], [road_no, On Road], [division, Division], [subdivision, Subdivision], [bridge_length_(m), Length (m)], [bridge_width_(m), Width (m)], [spans, Span], [span_arrangement, Span Arrangement], [completion_year, Const. Year], [map_link(=>{type:link, format:weblink}, Google Map,newtab=>),Google Map View],[bms_inventory(=>{type:link, format:weblink}, BMS Link,newtab=>), BMS Inventory],[bms_detail(=>{type:link, format:weblink},BMS Link,newtab=>), BMS Detailed View]", "f_class_color": "#6ebed6", "spans": 3.0, "span_arrangement": "46.77+41.87+46.8", "completion_year": "2020", "bridge_no": "250322911548" }, "geometry": { "type": "Point", "coordinates": [ 91.26336, 25.056219833333 ] } },
{ "type": "Feature", "properties": { "id": "6864", "sl": 2029, "map_link": "https://maps.google.com/?q=25.09326,91.20005&amp;z=8&amp;t=k", "image_popup": "8088/bms/assets/uploads/images/bridges/bridge_6864/1704963811.JPG", "bridge_name": "Bir Nagar Bridge", "bridge_type": "RC Girder Bridge", "road_no": "Z2806", "zone": "Sylhet", "circle": "Sylhet", "division": "Sunamganj", "subdivision": "Sunamganj", "sae": "Sunamganj-1", "bridge_length_(m)": 75.5, "bridge_width_(m)": 7.65, "chainage_(km)": 12.956, "ycoord": 25.09326, "xcoord": 91.20005, "bms_inventory": "http://bms.rhd.gov.bd:8088/bms/bridges/inventory_view/6864", "bms_detail": "http://bms.rhd.gov.bd:8088/bms/bridges/inventory_view/6864", "f_class_name": "RC Girder Bridge", "keys": "[bridge_name, Bridge Name], [bridge_type,Type], [chainage_(km), Chainage (km)], [road_no, On Road], [division, Division], [subdivision, Subdivision], [bridge_length_(m), Length (m)], [bridge_width_(m), Width (m)], [spans, Span], [span_arrangement, Span Arrangement], [completion_year, Const. Year], [map_link(=>{type:link, format:weblink}, Google Map,newtab=>),Google Map View],[bms_inventory(=>{type:link, format:weblink}, BMS Link,newtab=>), BMS Inventory],[bms_detail(=>{type:link, format:weblink},BMS Link,newtab=>), BMS Detailed View]", "f_class_color": "#e8f674", "spans": 3.0, "span_arrangement": "24.82+24.43+25.49", "completion_year": "2009", "bridge_no": "250536911201" }, "geometry": { "type": "Point", "coordinates": [ 91.20005, 25.09326 ] } },
{ "type": "Feature", "properties": { "id": "7006", "sl": 13236, "map_link": "https://maps.google.com/?q=24.126909833333,91.46401&amp;z=8&amp;t=k", "image_popup": "8088/bms/assets/uploads/images/bridges/bridge_7006/1705564490.jpg", "bridge_name": "Sathchori Small Slab Bridge", "bridge_type": "Small Slab Bridge", "road_no": "N204", "zone": "Sylhet", "circle": "Moulavi Bazar", "division": "Habiganj", "subdivision": "Shaistagonj", "sae": "Teliyapara", "bridge_length_(m)": 2.4, "bridge_width_(m)": 5.4, "chainage_(km)": 14.808, "ycoord": 24.126909833332999, "xcoord": 91.46401, "bms_inventory": "http://bms.rhd.gov.bd:8088/bms/bridges/inventory_view/7006", "bms_detail": "http://bms.rhd.gov.bd:8088/bms/bridges/inventory_view/7006", "f_class_name": "Small Slab Bridge", "keys": "[bridge_name, Bridge Name], [bridge_type,Type], [chainage_(km), Chainage (km)], [road_no, On Road], [division, Division], [subdivision, Subdivision], [bridge_length_(m), Length (m)], [bridge_width_(m), Width (m)], [spans, Span], [span_arrangement, Span Arrangement], [completion_year, Const. Year], [map_link(=>{type:link, format:weblink}, Google Map,newtab=>),Google Map View],[bms_inventory(=>{type:link, format:weblink}, BMS Link,newtab=>), BMS Inventory],[bms_detail(=>{type:link, format:weblink},BMS Link,newtab=>), BMS Detailed View]", "f_class_color": "#13b7dd", "spans": 1.0, "span_arrangement": "1.87", "completion_year": "1980", "bridge_no": "2407379127502" }, "geometry": { "type": "Point", "coordinates": [ 91.46401, 24.126909833332999 ] } },
{ "type": "Feature", "properties": { "id": "7120", "sl": 2722, "map_link": "https://maps.google.com/?q=25.072649833333,91.45135&amp;z=8&amp;t=k", "image_popup": "8088/bms/assets/uploads/images/bridges/bridge_7120/1705989811.jpg", "bridge_name": "Brahmangaw Bridge", "bridge_type": "RC Girder Bridge", "road_no": "Z2811", "zone": "Sylhet", "circle": "Sylhet", "division": "Sunamganj", "subdivision": "Sunamganj", "sae": "Sunamganj-1", "bridge_length_(m)": 19.7, "bridge_width_(m)": 4.0, "chainage_(km)": 14.426, "ycoord": 25.072649833332999, "xcoord": 91.45135, "bms_inventory": "http://bms.rhd.gov.bd:8088/bms/bridges/inventory_view/7120", "bms_detail": "http://bms.rhd.gov.bd:8088/bms/bridges/inventory_view/7120", "f_class_name": "RC Girder Bridge", "keys": "[bridge_name, Bridge Name], [bridge_type,Type], [chainage_(km), Chainage (km)], [road_no, On Road], [division, Division], [subdivision, Subdivision], [bridge_length_(m), Length (m)], [bridge_width_(m), Width (m)], [spans, Span], [span_arrangement, Span Arrangement], [completion_year, Const. Year], [map_link(=>{type:link, format:weblink}, Google Map,newtab=>),Google Map View],[bms_inventory(=>{type:link, format:weblink}, BMS Link,newtab=>), BMS Inventory],[bms_detail(=>{type:link, format:weblink},BMS Link,newtab=>), BMS Detailed View]", "f_class_color": "#e8f674", "spans": 3.0, "span_arrangement": "6.28+6.5+6.28", "completion_year": "1965", "bridge_no": "250422912705" }, "geometry": { "type": "Point", "coordinates": [ 91.45135, 25.072649833332999 ] } },
{ "type": "Feature", "properties": { "id": "7125", "sl": 9604, "map_link": "https://maps.google.com/?q=25.06574,91.507469833333&amp;z=8&amp;t=k", "image_popup": "8088/bms/assets/uploads/images/bridges/bridge_7125/1705991275.jpg", "bridge_name": "Mannargaw Bridge", "bridge_type": "RC Girder Bridge", "road_no": "Z2811", "zone": "Sylhet", "circle": "Sylhet", "division": "Sunamganj", "subdivision": "Chattak", "sae": "Chattak", "bridge_length_(m)": 74.7, "bridge_width_(m)": 4.83, "chainage_(km)": 7.352, "ycoord": 25.06574, "xcoord": 91.507469833333005, "bms_inventory": "http://bms.rhd.gov.bd:8088/bms/bridges/inventory_view/7125", "bms_detail": "http://bms.rhd.gov.bd:8088/bms/bridges/inventory_view/7125", "f_class_name": "RC Girder Bridge", "keys": "[bridge_name, Bridge Name], [bridge_type,Type], [chainage_(km), Chainage (km)], [road_no, On Road], [division, Division], [subdivision, Subdivision], [bridge_length_(m), Length (m)], [bridge_width_(m), Width (m)], [spans, Span], [span_arrangement, Span Arrangement], [completion_year, Const. Year], [map_link(=>{type:link, format:weblink}, Google Map,newtab=>),Google Map View],[bms_inventory(=>{type:link, format:weblink}, BMS Link,newtab=>), BMS Inventory],[bms_detail(=>{type:link, format:weblink},BMS Link,newtab=>), BMS Detailed View]", "f_class_color": "#e8f674", "spans": 3.0, "span_arrangement": "18.07+18.16+18.9", "completion_year": "1961", "bridge_no": "250357913027" }, "geometry": { "type": "Point", "coordinates": [ 91.507469833333005, 25.06574 ] } },
{ "type": "Feature", "properties": { "id": "7133", "sl": 13526, "map_link": "https://maps.google.com/?q=25.07543,91.440529833333&amp;z=8&amp;t=k", "image_popup": "8088/bms/assets/uploads/images/bridges/bridge_7133/1705997482.jpeg", "bridge_name": "Shantipara Small Slab Bridge", "bridge_type": "Small Slab Bridge", "road_no": "Z2811", "zone": "Sylhet", "circle": "Sylhet", "division": "Sunamganj", "subdivision": "Sunamganj", "sae": "Sunamganj-1", "bridge_length_(m)": 2.26, "bridge_width_(m)": 10.8, "chainage_(km)": 14.911, "ycoord": 25.07543, "xcoord": 91.440529833333002, "bms_inventory": "http://bms.rhd.gov.bd:8088/bms/bridges/inventory_view/7133", "bms_detail": "http://bms.rhd.gov.bd:8088/bms/bridges/inventory_view/7133", "f_class_name": "Small Slab Bridge", "keys": "[bridge_name, Bridge Name], [bridge_type,Type], [chainage_(km), Chainage (km)], [road_no, On Road], [division, Division], [subdivision, Subdivision], [bridge_length_(m), Length (m)], [bridge_width_(m), Width (m)], [spans, Span], [span_arrangement, Span Arrangement], [completion_year, Const. Year], [map_link(=>{type:link, format:weblink}, Google Map,newtab=>),Google Map View],[bms_inventory(=>{type:link, format:weblink}, BMS Link,newtab=>), BMS Inventory],[bms_detail(=>{type:link, format:weblink},BMS Link,newtab=>), BMS Detailed View]", "f_class_color": "#13b7dd", "spans": 1.0, "span_arrangement": "1.22", "completion_year": "1993", "bridge_no": "250432912626" }, "geometry": { "type": "Point", "coordinates": [ 91.440529833333002, 25.07543 ] } },
{ "type": "Feature", "properties": { "id": "7145", "sl": 13527, "map_link": "https://maps.google.com/?q=25.075109833333,91.43626&amp;z=8&amp;t=k", "image_popup": "8088/bms/assets/uploads/images/bridges/bridge_7145/1706001677.jpeg", "bridge_name": "Shantipara Small Slab Bridge-2", "bridge_type": "Small Slab Bridge", "road_no": "Z2811", "zone": "Sylhet", "circle": "Sylhet", "division": "Sunamganj", "subdivision": "Sunamganj", "sae": "Sunamganj-1", "bridge_length_(m)": 2.23, "bridge_width_(m)": 10.65, "chainage_(km)": 15.374, "ycoord": 25.075109833332998, "xcoord": 91.43626, "bms_inventory": "http://bms.rhd.gov.bd:8088/bms/bridges/inventory_view/7145", "bms_detail": "http://bms.rhd.gov.bd:8088/bms/bridges/inventory_view/7145", "f_class_name": "Small Slab Bridge", "keys": "[bridge_name, Bridge Name], [bridge_type,Type], [chainage_(km), Chainage (km)], [road_no, On Road], [division, Division], [subdivision, Subdivision], [bridge_length_(m), Length (m)], [bridge_width_(m), Width (m)], [spans, Span], [span_arrangement, Span Arrangement], [completion_year, Const. Year], [map_link(=>{type:link, format:weblink}, Google Map,newtab=>),Google Map View],[bms_inventory(=>{type:link, format:weblink}, BMS Link,newtab=>), BMS Inventory],[bms_detail(=>{type:link, format:weblink},BMS Link,newtab=>), BMS Detailed View]", "f_class_color": "#13b7dd", "spans": 1.0, "span_arrangement": "1.25", "completion_year": "1995", "bridge_no": "250430912611" }, "geometry": { "type": "Point", "coordinates": [ 91.43626, 25.075109833332998 ] } },
{ "type": "Feature", "properties": { "id": "7159", "sl": 10170, "map_link": "https://maps.google.com/?q=25.07184,91.42081&amp;z=8&amp;t=k", "image_popup": "8088/bms/assets/uploads/images/bridges/bridge_7159/1706070872.jpg", "bridge_name": "Mohammodpur Bridge", "bridge_type": "RC Girder Bridge", "road_no": "Z2811", "zone": "Sylhet", "circle": "Sylhet", "division": "Sunamganj", "subdivision": "Sunamganj", "sae": "Sunamganj-1", "bridge_length_(m)": 37.65, "bridge_width_(m)": 4.0, "chainage_(km)": 17.135, "ycoord": 25.07184, "xcoord": 91.42081, "bms_inventory": "http://bms.rhd.gov.bd:8088/bms/bridges/inventory_view/7159", "bms_detail": "http://bms.rhd.gov.bd:8088/bms/bridges/inventory_view/7159", "f_class_name": "RC Girder Bridge", "keys": "[bridge_name, Bridge Name], [bridge_type,Type], [chainage_(km), Chainage (km)], [road_no, On Road], [division, Division], [subdivision, Subdivision], [bridge_length_(m), Length (m)], [bridge_width_(m), Width (m)], [spans, Span], [span_arrangement, Span Arrangement], [completion_year, Const. Year], [map_link(=>{type:link, format:weblink}, Google Map,newtab=>),Google Map View],[bms_inventory(=>{type:link, format:weblink}, BMS Link,newtab=>), BMS Inventory],[bms_detail(=>{type:link, format:weblink},BMS Link,newtab=>), BMS Detailed View]", "f_class_color": "#e8f674", "spans": 3.0, "span_arrangement": "12.37+12.17+12.43", "completion_year": "1965", "bridge_no": "250419912515" }, "geometry": { "type": "Point", "coordinates": [ 91.42081, 25.07184 ] } },
{ "type": "Feature", "properties": { "id": "7161", "sl": 13913, "map_link": "https://maps.google.com/?q=25.071339833333,91.413809833333&amp;z=8&amp;t=k", "image_popup": "8088/bms/assets/uploads/images/bridges/bridge_7161/1706071734.jpeg", "bridge_name": "Shollogor Small Slab Bridge", "bridge_type": "Small Slab Bridge", "road_no": "Z2811", "zone": "Sylhet", "circle": "Sylhet", "division": "Sunamganj", "subdivision": "Sunamganj", "sae": "Sunamganj-1", "bridge_length_(m)": 1.1, "bridge_width_(m)": 7.7, "chainage_(km)": 18.082, "ycoord": 25.071339833332999, "xcoord": 91.413809833333005, "bms_inventory": "http://bms.rhd.gov.bd:8088/bms/bridges/inventory_view/7161", "bms_detail": "http://bms.rhd.gov.bd:8088/bms/bridges/inventory_view/7161", "f_class_name": "Small Slab Bridge", "keys": "[bridge_name, Bridge Name], [bridge_type,Type], [chainage_(km), Chainage (km)], [road_no, On Road], [division, Division], [subdivision, Subdivision], [bridge_length_(m), Length (m)], [bridge_width_(m), Width (m)], [spans, Span], [span_arrangement, Span Arrangement], [completion_year, Const. Year], [map_link(=>{type:link, format:weblink}, Google Map,newtab=>),Google Map View],[bms_inventory(=>{type:link, format:weblink}, BMS Link,newtab=>), BMS Inventory],[bms_detail(=>{type:link, format:weblink},BMS Link,newtab=>), BMS Detailed View]", "f_class_color": "#13b7dd", "spans": 1.0, "span_arrangement": "0.64", "completion_year": "1995", "bridge_no": "250417912450" }, "geometry": { "type": "Point", "coordinates": [ 91.413809833333005, 25.071339833332999 ] } },
{ "type": "Feature", "properties": { "id": "7162", "sl": 9042, "map_link": "https://maps.google.com/?q=25.005639833333,91.660579833333&amp;z=8&amp;t=k", "image_popup": "8088/bms/assets/uploads/images/bridges/bridge_7162/1706156995.JPG", "bridge_name": "Lalpur- Bridge", "bridge_type": "RC Girder Bridge", "road_no": "Z2802", "zone": "Sylhet", "circle": "Sylhet", "division": "Sunamganj", "subdivision": "Chattak", "sae": "Chattak", "bridge_length_(m)": 79.39, "bridge_width_(m)": 9.26, "chainage_(km)": 8.839, "ycoord": 25.005639833332999, "xcoord": 91.660579833333003, "bms_inventory": "http://bms.rhd.gov.bd:8088/bms/bridges/inventory_view/7162", "bms_detail": "http://bms.rhd.gov.bd:8088/bms/bridges/inventory_view/7162", "f_class_name": "RC Girder Bridge", "keys": "[bridge_name, Bridge Name], [bridge_type,Type], [chainage_(km), Chainage (km)], [road_no, On Road], [division, Division], [subdivision, Subdivision], [bridge_length_(m), Length (m)], [bridge_width_(m), Width (m)], [spans, Span], [span_arrangement, Span Arrangement], [completion_year, Const. Year], [map_link(=>{type:link, format:weblink}, Google Map,newtab=>),Google Map View],[bms_inventory(=>{type:link, format:weblink}, BMS Link,newtab=>), BMS Inventory],[bms_detail(=>{type:link, format:weblink},BMS Link,newtab=>), BMS Detailed View]", "f_class_color": "#e8f674", "spans": 5.0, "span_arrangement": "10.94+18.97+18.98+18.84+10.87", "completion_year": "2000", "bridge_no": "250020913938" }, "geometry": { "type": "Point", "coordinates": [ 91.660579833333003, 25.005639833332999 ] } },
{ "type": "Feature", "properties": { "id": "7245", "sl": 15160, "map_link": "https://maps.google.com/?q=24.934729833333,91.682749833333&amp;z=8&amp;t=k", "image_popup": "8088/bms/assets/uploads/images/bridges/bridge_7245/1707799485.JPG", "bridge_name": "Tokipur Bridge", "bridge_type": "PC Girder Bridge", "road_no": "Z2802", "zone": "Sylhet", "circle": "Sylhet", "division": "Sunamganj", "subdivision": "Chattak", "sae": "Chattak", "bridge_length_(m)": 40.95, "bridge_width_(m)": 10.3, "chainage_(km)": 0.522, "ycoord": 24.934729833333002, "xcoord": 91.682749833333006, "bms_inventory": "http://bms.rhd.gov.bd:8088/bms/bridges/inventory_view/7245", "bms_detail": "http://bms.rhd.gov.bd:8088/bms/bridges/inventory_view/7245", "f_class_name": "PC Girder Bridge", "keys": "[bridge_name, Bridge Name], [bridge_type,Type], [chainage_(km), Chainage (km)], [road_no, On Road], [division, Division], [subdivision, Subdivision], [bridge_length_(m), Length (m)], [bridge_width_(m), Width (m)], [spans, Span], [span_arrangement, Span Arrangement], [completion_year, Const. Year], [map_link(=>{type:link, format:weblink}, Google Map,newtab=>),Google Map View],[bms_inventory(=>{type:link, format:weblink}, BMS Link,newtab=>), BMS Inventory],[bms_detail(=>{type:link, format:weblink},BMS Link,newtab=>), BMS Detailed View]", "f_class_color": "#6ebed6", "spans": 1.0, "span_arrangement": "40.39", "completion_year": "2022", "bridge_no": "245605914058" }, "geometry": { "type": "Point", "coordinates": [ 91.682749833333006, 24.934729833333002 ] } },
{ "type": "Feature", "properties": { "id": "7246", "sl": 5547, "map_link": "https://maps.google.com/?q=24.9435,91.68074&amp;z=8&amp;t=k", "image_popup": "8088/bms/assets/uploads/images/bridges/bridge_7246/1707799854.JPG", "bridge_name": "Ghorgaw Bridge", "bridge_type": "Mixed Types Bridge", "road_no": "Z2802", "zone": "Sylhet", "circle": "Sylhet", "division": "Sunamganj", "subdivision": "Chattak", "sae": "Chattak", "bridge_length_(m)": 57.27, "bridge_width_(m)": 10.17, "chainage_(km)": 1.528, "ycoord": 24.9435, "xcoord": 91.68074, "bms_inventory": "http://bms.rhd.gov.bd:8088/bms/bridges/inventory_view/7246", "bms_detail": "http://bms.rhd.gov.bd:8088/bms/bridges/inventory_view/7246", "f_class_name": "Mixed Types Bridge", "keys": "[bridge_name, Bridge Name], [bridge_type,Type], [chainage_(km), Chainage (km)], [road_no, On Road], [division, Division], [subdivision, Subdivision], [bridge_length_(m), Length (m)], [bridge_width_(m), Width (m)], [spans, Span], [span_arrangement, Span Arrangement], [completion_year, Const. Year], [map_link(=>{type:link, format:weblink}, Google Map,newtab=>),Google Map View],[bms_inventory(=>{type:link, format:weblink}, BMS Link,newtab=>), BMS Inventory],[bms_detail(=>{type:link, format:weblink},BMS Link,newtab=>), BMS Detailed View]", "f_class_color": "#2edb93", "spans": 3.0, "span_arrangement": "13.07+31.15+12.66", "completion_year": "2020", "bridge_no": "245637914051" }, "geometry": { "type": "Point", "coordinates": [ 91.68074, 24.9435 ] } },
{ "type": "Feature", "properties": { "id": "7247", "sl": 6887, "map_link": "https://maps.google.com/?q=24.96421,91.672679833333&amp;z=8&amp;t=k", "image_popup": "8088/bms/assets/uploads/images/bridges/bridge_7247/1707801741.JPG", "bridge_name": "Jawor Kara Bridge", "bridge_type": "RC Girder Bridge", "road_no": "Z2802", "zone": "Sylhet", "circle": "Sylhet", "division": "Sunamganj", "subdivision": "Chattak", "sae": "Chattak", "bridge_length_(m)": 123.1, "bridge_width_(m)": 8.05, "chainage_(km)": 3.972, "ycoord": 24.96421, "xcoord": 91.672679833333007, "bms_inventory": "http://bms.rhd.gov.bd:8088/bms/bridges/inventory_view/7247", "bms_detail": "http://bms.rhd.gov.bd:8088/bms/bridges/inventory_view/7247", "f_class_name": "RC Girder Bridge", "keys": "[bridge_name, Bridge Name], [bridge_type,Type], [chainage_(km), Chainage (km)], [road_no, On Road], [division, Division], [subdivision, Subdivision], [bridge_length_(m), Length (m)], [bridge_width_(m), Width (m)], [spans, Span], [span_arrangement, Span Arrangement], [completion_year, Const. Year], [map_link(=>{type:link, format:weblink}, Google Map,newtab=>),Google Map View],[bms_inventory(=>{type:link, format:weblink}, BMS Link,newtab=>), BMS Inventory],[bms_detail(=>{type:link, format:weblink},BMS Link,newtab=>), BMS Detailed View]", "f_class_color": "#e8f674", "spans": 5.0, "span_arrangement": "21+27+27+26.6+21", "completion_year": "1970", "bridge_no": "245751914022" }, "geometry": { "type": "Point", "coordinates": [ 91.672679833333007, 24.96421 ] } },
{ "type": "Feature", "properties": { "id": "7249", "sl": 13203, "map_link": "https://maps.google.com/?q=24.980329833333,91.669709833333&amp;z=8&amp;t=k", "image_popup": "8088/bms/assets/uploads/images/bridges/bridge_7249/1707802611.JPG", "bridge_name": "Sasnabadh Bridge", "bridge_type": "PC Girder Bridge", "road_no": "Z2802", "zone": "Sylhet", "circle": "Sylhet", "division": "Sunamganj", "subdivision": "Chattak", "sae": "Chattak", "bridge_length_(m)": 41.1, "bridge_width_(m)": 10.33, "chainage_(km)": 5.822, "ycoord": 24.980329833332998, "xcoord": 91.669709833333002, "bms_inventory": "http://bms.rhd.gov.bd:8088/bms/bridges/inventory_view/7249", "bms_detail": "http://bms.rhd.gov.bd:8088/bms/bridges/inventory_view/7249", "f_class_name": "PC Girder Bridge", "keys": "[bridge_name, Bridge Name], [bridge_type,Type], [chainage_(km), Chainage (km)], [road_no, On Road], [division, Division], [subdivision, Subdivision], [bridge_length_(m), Length (m)], [bridge_width_(m), Width (m)], [spans, Span], [span_arrangement, Span Arrangement], [completion_year, Const. Year], [map_link(=>{type:link, format:weblink}, Google Map,newtab=>),Google Map View],[bms_inventory(=>{type:link, format:weblink}, BMS Link,newtab=>), BMS Inventory],[bms_detail(=>{type:link, format:weblink},BMS Link,newtab=>), BMS Detailed View]", "f_class_color": "#6ebed6", "spans": 1.0, "span_arrangement": "40.3", "completion_year": "2022", "bridge_no": "245849914011" }, "geometry": { "type": "Point", "coordinates": [ 91.669709833333002, 24.980329833332998 ] } },
{ "type": "Feature", "properties": { "id": "7250", "sl": 10041, "map_link": "https://maps.google.com/?q=24.99931,91.66073&amp;z=8&amp;t=k", "image_popup": "8088/bms/assets/uploads/images/bridges/bridge_7250/1707802925.JPG", "bridge_name": "Modhopur Bridge", "bridge_type": "PC Girder Bridge", "road_no": "Z2802", "zone": "Sylhet", "circle": "Sylhet", "division": "Sunamganj", "subdivision": "Chattak", "sae": "Chattak", "bridge_length_(m)": 34.83, "bridge_width_(m)": 10.26, "chainage_(km)": 8.12, "ycoord": 24.99931, "xcoord": 91.66073, "bms_inventory": "http://bms.rhd.gov.bd:8088/bms/bridges/inventory_view/7250", "bms_detail": "http://bms.rhd.gov.bd:8088/bms/bridges/inventory_view/7250", "f_class_name": "PC Girder Bridge", "keys": "[bridge_name, Bridge Name], [bridge_type,Type], [chainage_(km), Chainage (km)], [road_no, On Road], [division, Division], [subdivision, Subdivision], [bridge_length_(m), Length (m)], [bridge_width_(m), Width (m)], [spans, Span], [span_arrangement, Span Arrangement], [completion_year, Const. Year], [map_link(=>{type:link, format:weblink}, Google Map,newtab=>),Google Map View],[bms_inventory(=>{type:link, format:weblink}, BMS Link,newtab=>), BMS Inventory],[bms_detail(=>{type:link, format:weblink},BMS Link,newtab=>), BMS Detailed View]", "f_class_color": "#6ebed6", "spans": 1.0, "span_arrangement": "34.24", "completion_year": "2022", "bridge_no": "245958913939" }, "geometry": { "type": "Point", "coordinates": [ 91.66073, 24.99931 ] } },
{ "type": "Feature", "properties": { "id": "7252", "sl": 9110, "map_link": "https://maps.google.com/?q=25.016279833333,91.6106&amp;z=8&amp;t=k", "image_popup": "8088/bms/assets/uploads/images/bridges/bridge_7252/1712209321.JPG", "bridge_name": "Laxmibaur Bridge", "bridge_type": "PC Girder Bridge", "road_no": "Z2802", "zone": "Sylhet", "circle": "Sylhet", "division": "Sunamganj", "subdivision": "Chattak", "sae": "Chattak", "bridge_length_(m)": 34.73, "bridge_width_(m)": 10.26, "chainage_(km)": 19.045, "ycoord": 25.016279833333002, "xcoord": 91.6106, "bms_inventory": "http://bms.rhd.gov.bd:8088/bms/bridges/inventory_view/7252", "bms_detail": "http://bms.rhd.gov.bd:8088/bms/bridges/inventory_view/7252", "f_class_name": "PC Girder Bridge", "keys": "[bridge_name, Bridge Name], [bridge_type,Type], [chainage_(km), Chainage (km)], [road_no, On Road], [division, Division], [subdivision, Subdivision], [bridge_length_(m), Length (m)], [bridge_width_(m), Width (m)], [spans, Span], [span_arrangement, Span Arrangement], [completion_year, Const. Year], [map_link(=>{type:link, format:weblink}, Google Map,newtab=>),Google Map View],[bms_inventory(=>{type:link, format:weblink}, BMS Link,newtab=>), BMS Inventory],[bms_detail(=>{type:link, format:weblink},BMS Link,newtab=>), BMS Detailed View]", "f_class_color": "#6ebed6", "spans": 1.0, "span_arrangement": "34.16", "completion_year": "2022", "bridge_no": "250059913638" }, "geometry": { "type": "Point", "coordinates": [ 91.6106, 25.016279833333002 ] } },
{ "type": "Feature", "properties": { "id": "7253", "sl": 12821, "map_link": "https://maps.google.com/?q=25.028069833333,91.66212&amp;z=8&amp;t=k", "image_popup": "8088/bms/assets/uploads/images/bridges/bridge_7253/1707987957.JPG", "bridge_name": "Rohmatbog Bridge", "bridge_type": "Mixed Types Bridge", "road_no": "Z2802", "zone": "Sylhet", "circle": "Sylhet", "division": "Sunamganj", "subdivision": "Chattak", "sae": "Chattak", "bridge_length_(m)": 63.4, "bridge_width_(m)": 17.94, "chainage_(km)": 11.412, "ycoord": 25.028069833332999, "xcoord": 91.66212, "bms_inventory": "http://bms.rhd.gov.bd:8088/bms/bridges/inventory_view/7253", "bms_detail": "http://bms.rhd.gov.bd:8088/bms/bridges/inventory_view/7253", "f_class_name": "Mixed Types Bridge", "keys": "[bridge_name, Bridge Name], [bridge_type,Type], [chainage_(km), Chainage (km)], [road_no, On Road], [division, Division], [subdivision, Subdivision], [bridge_length_(m), Length (m)], [bridge_width_(m), Width (m)], [spans, Span], [span_arrangement, Span Arrangement], [completion_year, Const. Year], [map_link(=>{type:link, format:weblink}, Google Map,newtab=>),Google Map View],[bms_inventory(=>{type:link, format:weblink}, BMS Link,newtab=>), BMS Inventory],[bms_detail(=>{type:link, format:weblink},BMS Link,newtab=>), BMS Detailed View]", "f_class_color": "#2edb93", "spans": 3.0, "span_arrangement": "13+37.7+13.24", "completion_year": "2022", "bridge_no": "250141913944" }, "geometry": { "type": "Point", "coordinates": [ 91.66212, 25.028069833332999 ] } },
{ "type": "Feature", "properties": { "id": "7261", "sl": 14835, "map_link": "https://maps.google.com/?q=25.03046,91.648259833333&amp;z=8&amp;t=k", "image_popup": "8088/bms/assets/uploads/images/bridges/bridge_7261/1707903068.JPG", "bridge_name": "Tangergaon Bridge", "bridge_type": "PC Girder Bridge", "road_no": "Z2802", "zone": "Sylhet", "circle": "Sylhet", "division": "Sunamganj", "subdivision": "Chattak", "sae": "Chattak", "bridge_length_(m)": 37.7, "bridge_width_(m)": 10.25, "chainage_(km)": 13.74, "ycoord": 25.03046, "xcoord": 91.648259833333, "bms_inventory": "http://bms.rhd.gov.bd:8088/bms/bridges/inventory_view/7261", "bms_detail": "http://bms.rhd.gov.bd:8088/bms/bridges/inventory_view/7261", "f_class_name": "PC Girder Bridge", "keys": "[bridge_name, Bridge Name], [bridge_type,Type], [chainage_(km), Chainage (km)], [road_no, On Road], [division, Division], [subdivision, Subdivision], [bridge_length_(m), Length (m)], [bridge_width_(m), Width (m)], [spans, Span], [span_arrangement, Span Arrangement], [completion_year, Const. Year], [map_link(=>{type:link, format:weblink}, Google Map,newtab=>),Google Map View],[bms_inventory(=>{type:link, format:weblink}, BMS Link,newtab=>), BMS Inventory],[bms_detail(=>{type:link, format:weblink},BMS Link,newtab=>), BMS Detailed View]", "f_class_color": "#6ebed6", "spans": 1.0, "span_arrangement": "37.25", "completion_year": "2022", "bridge_no": "250150913854" }, "geometry": { "type": "Point", "coordinates": [ 91.648259833333, 25.03046 ] } },
{ "type": "Feature", "properties": { "id": "7266", "sl": 11735, "map_link": "https://maps.google.com/?q=25.018899833333,91.6597&amp;z=8&amp;t=k", "image_popup": "8088/bms/assets/img/no_picture.png", "bridge_name": "Papermill Bridge", "bridge_type": "Mixed Types Bridge", "road_no": "Z2802", "zone": "Sylhet", "circle": "Sylhet", "division": "Sunamganj", "subdivision": "Chattak", "sae": "Chattak", "bridge_length_(m)": 63.37, "bridge_width_(m)": 17.97, "chainage_(km)": 10.369, "ycoord": 25.018899833332998, "xcoord": 91.6597, "bms_inventory": "http://bms.rhd.gov.bd:8088/bms/bridges/inventory_view/7266", "bms_detail": "http://bms.rhd.gov.bd:8088/bms/bridges/inventory_view/7266", "f_class_name": "Mixed Types Bridge", "keys": "[bridge_name, Bridge Name], [bridge_type,Type], [chainage_(km), Chainage (km)], [road_no, On Road], [division, Division], [subdivision, Subdivision], [bridge_length_(m), Length (m)], [bridge_width_(m), Width (m)], [spans, Span], [span_arrangement, Span Arrangement], [completion_year, Const. Year], [map_link(=>{type:link, format:weblink}, Google Map,newtab=>),Google Map View],[bms_inventory(=>{type:link, format:weblink}, BMS Link,newtab=>), BMS Inventory],[bms_detail(=>{type:link, format:weblink},BMS Link,newtab=>), BMS Detailed View]", "f_class_color": "#2edb93", "spans": 3.0, "span_arrangement": "12.89+36.97+12.91", "completion_year": "2022", "bridge_no": "250108913935" }, "geometry": { "type": "Point", "coordinates": [ 91.6597, 25.018899833332998 ] } },
{ "type": "Feature", "properties": { "id": "7271", "sl": 12163, "map_link": "https://maps.google.com/?q=25.036359833333,91.66033&amp;z=8&amp;t=k", "image_popup": "8088/bms/assets/uploads/images/bridges/bridge_7271/1707892985.jpeg", "bridge_name": "Public Kheyaghat Bridge", "bridge_type": "RC Girder Bridge", "road_no": "Z2802", "zone": "Sylhet", "circle": "Sylhet", "division": "Sunamganj", "subdivision": "Chattak", "sae": "Chattak", "bridge_length_(m)": 4.5, "bridge_width_(m)": 3.96, "chainage_(km)": 12.778, "ycoord": 25.036359833333002, "xcoord": 91.66033, "bms_inventory": "http://bms.rhd.gov.bd:8088/bms/bridges/inventory_view/7271", "bms_detail": "http://bms.rhd.gov.bd:8088/bms/bridges/inventory_view/7271", "f_class_name": "RC Girder Bridge", "keys": "[bridge_name, Bridge Name], [bridge_type,Type], [chainage_(km), Chainage (km)], [road_no, On Road], [division, Division], [subdivision, Subdivision], [bridge_length_(m), Length (m)], [bridge_width_(m), Width (m)], [spans, Span], [span_arrangement, Span Arrangement], [completion_year, Const. Year], [map_link(=>{type:link, format:weblink}, Google Map,newtab=>),Google Map View],[bms_inventory(=>{type:link, format:weblink}, BMS Link,newtab=>), BMS Inventory],[bms_detail(=>{type:link, format:weblink},BMS Link,newtab=>), BMS Detailed View]", "f_class_color": "#e8f674", "spans": 1.0, "span_arrangement": "4.18", "completion_year": "1968", "bridge_no": "250211913937" }, "geometry": { "type": "Point", "coordinates": [ 91.66033, 25.036359833333002 ] } },
{ "type": "Feature", "properties": { "id": "7272", "sl": 12414, "map_link": "https://maps.google.com/?q=25.032579833333,91.65737&amp;z=8&amp;t=k", "image_popup": "8088/bms/assets/img/no_picture.png", "bridge_name": "Rail Colory Slab Bridge", "bridge_type": "Small Slab Bridge", "road_no": "Z2802", "zone": "Sylhet", "circle": "Sylhet", "division": "Sunamganj", "subdivision": "Chattak", "sae": "Chattak", "bridge_length_(m)": 1.12, "bridge_width_(m)": 14.91, "chainage_(km)": 13.401, "ycoord": 25.032579833332999, "xcoord": 91.65737, "bms_inventory": "http://bms.rhd.gov.bd:8088/bms/bridges/inventory_view/7272", "bms_detail": "http://bms.rhd.gov.bd:8088/bms/bridges/inventory_view/7272", "f_class_name": "Small Slab Bridge", "keys": "[bridge_name, Bridge Name], [bridge_type,Type], [chainage_(km), Chainage (km)], [road_no, On Road], [division, Division], [subdivision, Subdivision], [bridge_length_(m), Length (m)], [bridge_width_(m), Width (m)], [spans, Span], [span_arrangement, Span Arrangement], [completion_year, Const. Year], [map_link(=>{type:link, format:weblink}, Google Map,newtab=>),Google Map View],[bms_inventory(=>{type:link, format:weblink}, BMS Link,newtab=>), BMS Inventory],[bms_detail(=>{type:link, format:weblink},BMS Link,newtab=>), BMS Detailed View]", "f_class_color": "#13b7dd", "spans": 1.0, "span_arrangement": "0.59", "completion_year": "1970", "bridge_no": "250157913927" }, "geometry": { "type": "Point", "coordinates": [ 91.65737, 25.032579833332999 ] } },
{ "type": "Feature", "properties": { "id": "7279", "sl": 10718, "map_link": "https://maps.google.com/?q=25.02877,91.57522&amp;z=8&amp;t=k", "image_popup": "8088/bms/assets/uploads/images/bridges/bridge_7279/1707900312.JPG", "bridge_name": "Naingaon Bridge", "bridge_type": "PC Girder Bridge", "road_no": "Z2802", "zone": "Sylhet", "circle": "Sylhet", "division": "Sunamganj", "subdivision": "Chattak", "sae": "Chattak", "bridge_length_(m)": 31.53, "bridge_width_(m)": 10.27, "chainage_(km)": 23.516, "ycoord": 25.02877, "xcoord": 91.57522, "bms_inventory": "http://bms.rhd.gov.bd:8088/bms/bridges/inventory_view/7279", "bms_detail": "http://bms.rhd.gov.bd:8088/bms/bridges/inventory_view/7279", "f_class_name": "PC Girder Bridge", "keys": "[bridge_name, Bridge Name], [bridge_type,Type], [chainage_(km), Chainage (km)], [road_no, On Road], [division, Division], [subdivision, Subdivision], [bridge_length_(m), Length (m)], [bridge_width_(m), Width (m)], [spans, Span], [span_arrangement, Span Arrangement], [completion_year, Const. Year], [map_link(=>{type:link, format:weblink}, Google Map,newtab=>),Google Map View],[bms_inventory(=>{type:link, format:weblink}, BMS Link,newtab=>), BMS Inventory],[bms_detail(=>{type:link, format:weblink},BMS Link,newtab=>), BMS Detailed View]", "f_class_color": "#6ebed6", "spans": 1.0, "span_arrangement": "31.1", "completion_year": "2022", "bridge_no": "250144913431" }, "geometry": { "type": "Point", "coordinates": [ 91.57522, 25.02877 ] } },
{ "type": "Feature", "properties": { "id": "7306", "sl": 7744, "map_link": "https://maps.google.com/?q=25.018309833333,91.628529833333&amp;z=8&amp;t=k", "image_popup": "8088/bms/assets/uploads/images/bridges/bridge_7306/1707986655.JPG", "bridge_name": "Karailgaon Bridge", "bridge_type": "PC Girder Bridge", "road_no": "Z2802", "zone": "Sylhet", "circle": "Sylhet", "division": "Sunamganj", "subdivision": "Chattak", "sae": "Chattak", "bridge_length_(m)": 25.84, "bridge_width_(m)": 10.27, "chainage_(km)": 16.29, "ycoord": 25.018309833332999, "xcoord": 91.628529833333005, "bms_inventory": "http://bms.rhd.gov.bd:8088/bms/bridges/inventory_view/7306", "bms_detail": "http://bms.rhd.gov.bd:8088/bms/bridges/inventory_view/7306", "f_class_name": "PC Girder Bridge", "keys": "[bridge_name, Bridge Name], [bridge_type,Type], [chainage_(km), Chainage (km)], [road_no, On Road], [division, Division], [subdivision, Subdivision], [bridge_length_(m), Length (m)], [bridge_width_(m), Width (m)], [spans, Span], [span_arrangement, Span Arrangement], [completion_year, Const. Year], [map_link(=>{type:link, format:weblink}, Google Map,newtab=>),Google Map View],[bms_inventory(=>{type:link, format:weblink}, BMS Link,newtab=>), BMS Inventory],[bms_detail(=>{type:link, format:weblink},BMS Link,newtab=>), BMS Detailed View]", "f_class_color": "#6ebed6", "spans": 1.0, "span_arrangement": "25.13", "completion_year": "2018", "bridge_no": "250106913743" }, "geometry": { "type": "Point", "coordinates": [ 91.628529833333005, 25.018309833332999 ] } },
{ "type": "Feature", "properties": { "id": "7712", "sl": 7297, "map_link": "https://maps.google.com/?q=24.986229833333,91.20574&amp;z=8&amp;t=k", "image_popup": "8088/bms/assets/uploads/images/bridges/bridge_7712/1713933062.jpeg", "bridge_name": "Kadamtoli Bridge", "bridge_type": "RC Girder Bridge", "road_no": "R370", "zone": "Sylhet", "circle": "Sylhet", "division": "Sunamganj", "subdivision": "Sunamganj", "sae": "SAE-Sunamganj-3", "bridge_length_(m)": 54.6, "bridge_width_(m)": 6.12, "chainage_(km)": 23.1, "ycoord": 24.986229833332999, "xcoord": 91.20574, "bms_inventory": "http://bms.rhd.gov.bd:8088/bms/bridges/inventory_view/7712", "bms_detail": "http://bms.rhd.gov.bd:8088/bms/bridges/inventory_view/7712", "f_class_name": "RC Girder Bridge", "keys": "[bridge_name, Bridge Name], [bridge_type,Type], [chainage_(km), Chainage (km)], [road_no, On Road], [division, Division], [subdivision, Subdivision], [bridge_length_(m), Length (m)], [bridge_width_(m), Width (m)], [spans, Span], [span_arrangement, Span Arrangement], [completion_year, Const. Year], [map_link(=>{type:link, format:weblink}, Google Map,newtab=>),Google Map View],[bms_inventory(=>{type:link, format:weblink}, BMS Link,newtab=>), BMS Inventory],[bms_detail(=>{type:link, format:weblink},BMS Link,newtab=>), BMS Detailed View]", "f_class_color": "#e8f674", "spans": 3.0, "span_arrangement": "18.07+18.07+17.94", "completion_year": "1995", "bridge_no": "245910911221" }, "geometry": { "type": "Point", "coordinates": [ 91.20574, 24.986229833332999 ] } },
{ "type": "Feature", "properties": { "id": "7713", "sl": 6618, "map_link": "https://maps.google.com/?q=25.03902,91.32343&amp;z=8&amp;t=k", "image_popup": "8088/bms/assets/uploads/images/bridges/bridge_7713/1713933139.jpeg", "bridge_name": "Islamganj Bridge 1", "bridge_type": "PC Girder Bridge", "road_no": "R370", "zone": "Sylhet", "circle": "Sylhet", "division": "Sunamganj", "subdivision": "Sunamganj", "sae": "SAE-Sunamganj-3", "bridge_length_(m)": 37.15, "bridge_width_(m)": 10.25, "chainage_(km)": 6.9, "ycoord": 25.03902, "xcoord": 91.32343, "bms_inventory": "http://bms.rhd.gov.bd:8088/bms/bridges/inventory_view/7713", "bms_detail": "http://bms.rhd.gov.bd:8088/bms/bridges/inventory_view/7713", "f_class_name": "PC Girder Bridge", "keys": "[bridge_name, Bridge Name], [bridge_type,Type], [chainage_(km), Chainage (km)], [road_no, On Road], [division, Division], [subdivision, Subdivision], [bridge_length_(m), Length (m)], [bridge_width_(m), Width (m)], [spans, Span], [span_arrangement, Span Arrangement], [completion_year, Const. Year], [map_link(=>{type:link, format:weblink}, Google Map,newtab=>),Google Map View],[bms_inventory(=>{type:link, format:weblink}, BMS Link,newtab=>), BMS Inventory],[bms_detail(=>{type:link, format:weblink},BMS Link,newtab=>), BMS Detailed View]", "f_class_color": "#6ebed6", "spans": 1.0, "span_arrangement": "36.5", "completion_year": "2020", "bridge_no": "250220911924" }, "geometry": { "type": "Point", "coordinates": [ 91.32343, 25.03902 ] } },
{ "type": "Feature", "properties": { "id": "7716", "sl": 6619, "map_link": "https://maps.google.com/?q=25.041399833333,91.314019833333&amp;z=8&amp;t=k", "image_popup": "8088/bms/assets/uploads/images/bridges/bridge_7716/1713933930.jpeg", "bridge_name": "Islamganj Bridge 2", "bridge_type": "PC Girder Bridge", "road_no": "R370", "zone": "Sylhet", "circle": "Sylhet", "division": "Sunamganj", "subdivision": "Sunamganj", "sae": "SAE-Sunamganj-3", "bridge_length_(m)": 39.24, "bridge_width_(m)": 9.7, "chainage_(km)": 7.9, "ycoord": 25.041399833332999, "xcoord": 91.314019833333006, "bms_inventory": "http://bms.rhd.gov.bd:8088/bms/bridges/inventory_view/7716", "bms_detail": "http://bms.rhd.gov.bd:8088/bms/bridges/inventory_view/7716", "f_class_name": "PC Girder Bridge", "keys": "[bridge_name, Bridge Name], [bridge_type,Type], [chainage_(km), Chainage (km)], [road_no, On Road], [division, Division], [subdivision, Subdivision], [bridge_length_(m), Length (m)], [bridge_width_(m), Width (m)], [spans, Span], [span_arrangement, Span Arrangement], [completion_year, Const. Year], [map_link(=>{type:link, format:weblink}, Google Map,newtab=>),Google Map View],[bms_inventory(=>{type:link, format:weblink}, BMS Link,newtab=>), BMS Inventory],[bms_detail(=>{type:link, format:weblink},BMS Link,newtab=>), BMS Detailed View]", "f_class_color": "#6ebed6", "spans": 1.0, "span_arrangement": "38.59", "completion_year": "2020", "bridge_no": "250229911850" }, "geometry": { "type": "Point", "coordinates": [ 91.314019833333006, 25.041399833332999 ] } },
{ "type": "Feature", "properties": { "id": "7720", "sl": 6560, "map_link": "https://maps.google.com/?q=25.0406,91.2994&amp;z=8&amp;t=k", "image_popup": "8088/bms/assets/uploads/images/bridges/bridge_7720/1713935085.jpeg", "bridge_name": "Iccharchor Steel Bridge", "bridge_type": "Portable Steel Bridge", "road_no": "R370", "zone": "Sylhet", "circle": "Sylhet", "division": "Sunamganj", "subdivision": "Sunamganj", "sae": "SAE-Sunamganj-3", "bridge_length_(m)": 51.9, "bridge_width_(m)": 4.13, "chainage_(km)": 9.5, "ycoord": 25.0406, "xcoord": 91.2994, "bms_inventory": "http://bms.rhd.gov.bd:8088/bms/bridges/inventory_view/7720", "bms_detail": "http://bms.rhd.gov.bd:8088/bms/bridges/inventory_view/7720", "f_class_name": "Portable Steel Bridge", "keys": "[bridge_name, Bridge Name], [bridge_type,Type], [chainage_(km), Chainage (km)], [road_no, On Road], [division, Division], [subdivision, Subdivision], [bridge_length_(m), Length (m)], [bridge_width_(m), Width (m)], [spans, Span], [span_arrangement, Span Arrangement], [completion_year, Const. Year], [map_link(=>{type:link, format:weblink}, Google Map,newtab=>),Google Map View],[bms_inventory(=>{type:link, format:weblink}, BMS Link,newtab=>), BMS Inventory],[bms_detail(=>{type:link, format:weblink},BMS Link,newtab=>), BMS Detailed View]", "f_class_color": "#29ffa4", "spans": 1.0, "span_arrangement": "51.89", "completion_year": "2002", "bridge_no": "250226911758" }, "geometry": { "type": "Point", "coordinates": [ 91.2994, 25.0406 ] } },
{ "type": "Feature", "properties": { "id": "7721", "sl": 6558, "map_link": "https://maps.google.com/?q=25.04125,91.29514&amp;z=8&amp;t=k", "image_popup": "8088/bms/assets/uploads/images/bridges/bridge_7721/1713936000.jpeg", "bridge_name": "Iccharchor Bridge", "bridge_type": "PC Girder Bridge", "road_no": "R370", "zone": "Sylhet", "circle": "Sylhet", "division": "Sunamganj", "subdivision": "Sunamganj", "sae": "SAE-Sunamganj-3", "bridge_length_(m)": 35.56, "bridge_width_(m)": 9.8, "chainage_(km)": 9.9, "ycoord": 25.04125, "xcoord": 91.29514, "bms_inventory": "http://bms.rhd.gov.bd:8088/bms/bridges/inventory_view/7721", "bms_detail": "http://bms.rhd.gov.bd:8088/bms/bridges/inventory_view/7721", "f_class_name": "PC Girder Bridge", "keys": "[bridge_name, Bridge Name], [bridge_type,Type], [chainage_(km), Chainage (km)], [road_no, On Road], [division, Division], [subdivision, Subdivision], [bridge_length_(m), Length (m)], [bridge_width_(m), Width (m)], [spans, Span], [span_arrangement, Span Arrangement], [completion_year, Const. Year], [map_link(=>{type:link, format:weblink}, Google Map,newtab=>),Google Map View],[bms_inventory(=>{type:link, format:weblink}, BMS Link,newtab=>), BMS Inventory],[bms_detail(=>{type:link, format:weblink},BMS Link,newtab=>), BMS Detailed View]", "f_class_color": "#6ebed6", "spans": 1.0, "span_arrangement": "34.98", "completion_year": "2020", "bridge_no": "250229911743" }, "geometry": { "type": "Point", "coordinates": [ 91.29514, 25.04125 ] } },
{ "type": "Feature", "properties": { "id": "7736", "sl": 11006, "map_link": "https://maps.google.com/?q=25.04031,91.28172&amp;z=8&amp;t=k", "image_popup": "8088/bms/assets/uploads/images/bridges/bridge_7736/1713946363.jpeg", "bridge_name": "Niyamotpur Bridge 1", "bridge_type": "PC Girder Bridge", "road_no": "R370", "zone": "Sylhet", "circle": "Sylhet", "division": "Sunamganj", "subdivision": "Sunamganj", "sae": "SAE-Sunamganj-3", "bridge_length_(m)": 94.21, "bridge_width_(m)": 7.68, "chainage_(km)": 11.3, "ycoord": 25.04031, "xcoord": 91.28172, "bms_inventory": "http://bms.rhd.gov.bd:8088/bms/bridges/inventory_view/7736", "bms_detail": "http://bms.rhd.gov.bd:8088/bms/bridges/inventory_view/7736", "f_class_name": "PC Girder Bridge", "keys": "[bridge_name, Bridge Name], [bridge_type,Type], [chainage_(km), Chainage (km)], [road_no, On Road], [division, Division], [subdivision, Subdivision], [bridge_length_(m), Length (m)], [bridge_width_(m), Width (m)], [spans, Span], [span_arrangement, Span Arrangement], [completion_year, Const. Year], [map_link(=>{type:link, format:weblink}, Google Map,newtab=>),Google Map View],[bms_inventory(=>{type:link, format:weblink}, BMS Link,newtab=>), BMS Inventory],[bms_detail(=>{type:link, format:weblink},BMS Link,newtab=>), BMS Detailed View]", "f_class_color": "#6ebed6", "spans": 3.0, "span_arrangement": "31.23+31.22+31.16", "completion_year": "2015", "bridge_no": "250225911654" }, "geometry": { "type": "Point", "coordinates": [ 91.28172, 25.04031 ] } },
{ "type": "Feature", "properties": { "id": "7737", "sl": 14273, "map_link": "https://maps.google.com/?q=25.03218,91.25896&amp;z=8&amp;t=k", "image_popup": "8088/bms/assets/uploads/images/bridges/bridge_7737/1713946380.jpeg", "bridge_name": "Songrampur Steel Bridge", "bridge_type": "Portable Steel Bridge", "road_no": "R370", "zone": "Sylhet", "circle": "Sylhet", "division": "Sunamganj", "subdivision": "Sunamganj", "sae": "SAE-Sunamganj-3", "bridge_length_(m)": 27.58, "bridge_width_(m)": 4.14, "chainage_(km)": 14.2, "ycoord": 25.03218, "xcoord": 91.25896, "bms_inventory": "http://bms.rhd.gov.bd:8088/bms/bridges/inventory_view/7737", "bms_detail": "http://bms.rhd.gov.bd:8088/bms/bridges/inventory_view/7737", "f_class_name": "Portable Steel Bridge", "keys": "[bridge_name, Bridge Name], [bridge_type,Type], [chainage_(km), Chainage (km)], [road_no, On Road], [division, Division], [subdivision, Subdivision], [bridge_length_(m), Length (m)], [bridge_width_(m), Width (m)], [spans, Span], [span_arrangement, Span Arrangement], [completion_year, Const. Year], [map_link(=>{type:link, format:weblink}, Google Map,newtab=>),Google Map View],[bms_inventory(=>{type:link, format:weblink}, BMS Link,newtab=>), BMS Inventory],[bms_detail(=>{type:link, format:weblink},BMS Link,newtab=>), BMS Detailed View]", "f_class_color": "#29ffa4", "spans": 1.0, "span_arrangement": "27.44", "completion_year": "2008", "bridge_no": "250156911532" }, "geometry": { "type": "Point", "coordinates": [ 91.25896, 25.03218 ] } },
{ "type": "Feature", "properties": { "id": "7738", "sl": 13689, "map_link": "https://maps.google.com/?q=25.026839833333,91.25807&amp;z=8&amp;t=k", "image_popup": "8088/bms/assets/uploads/images/bridges/bridge_7738/1713946996.jpeg", "bridge_name": "Shermostopur bridge", "bridge_type": "PC Girder Bridge", "road_no": "R370", "zone": "Sylhet", "circle": "Sylhet", "division": "Sunamganj", "subdivision": "Sunamganj", "sae": "SAE-Sunamganj-3", "bridge_length_(m)": 94.98, "bridge_width_(m)": 10.21, "chainage_(km)": 14.9, "ycoord": 25.026839833333, "xcoord": 91.25807, "bms_inventory": "http://bms.rhd.gov.bd:8088/bms/bridges/inventory_view/7738", "bms_detail": "http://bms.rhd.gov.bd:8088/bms/bridges/inventory_view/7738", "f_class_name": "PC Girder Bridge", "keys": "[bridge_name, Bridge Name], [bridge_type,Type], [chainage_(km), Chainage (km)], [road_no, On Road], [division, Division], [subdivision, Subdivision], [bridge_length_(m), Length (m)], [bridge_width_(m), Width (m)], [spans, Span], [span_arrangement, Span Arrangement], [completion_year, Const. Year], [map_link(=>{type:link, format:weblink}, Google Map,newtab=>),Google Map View],[bms_inventory(=>{type:link, format:weblink}, BMS Link,newtab=>), BMS Inventory],[bms_detail(=>{type:link, format:weblink},BMS Link,newtab=>), BMS Detailed View]", "f_class_color": "#6ebed6", "spans": 3.0, "span_arrangement": "31.39+31.68+31.35", "completion_year": "2020", "bridge_no": "250137911529" }, "geometry": { "type": "Point", "coordinates": [ 91.25807, 25.026839833333 ] } },
{ "type": "Feature", "properties": { "id": "7741", "sl": 11007, "map_link": "https://maps.google.com/?q=25.0363,91.102633333333&amp;z=8&amp;t=k", "image_popup": "8088/bms/assets/uploads/images/bridges/bridge_7741/1713947754.jpeg", "bridge_name": "Niyamotpur Bridge 2", "bridge_type": "PC Girder Bridge", "road_no": "R370", "zone": "Sylhet", "circle": "Sylhet", "division": "Sunamganj", "subdivision": "Sunamganj", "sae": "SAE-Sunamganj-3", "bridge_length_(m)": 31.75, "bridge_width_(m)": 10.24, "chainage_(km)": 12.9, "ycoord": 25.0363, "xcoord": 91.102633333333003, "bms_inventory": "http://bms.rhd.gov.bd:8088/bms/bridges/inventory_view/7741", "bms_detail": "http://bms.rhd.gov.bd:8088/bms/bridges/inventory_view/7741", "f_class_name": "PC Girder Bridge", "keys": "[bridge_name, Bridge Name], [bridge_type,Type], [chainage_(km), Chainage (km)], [road_no, On Road], [division, Division], [subdivision, Subdivision], [bridge_length_(m), Length (m)], [bridge_width_(m), Width (m)], [spans, Span], [span_arrangement, Span Arrangement], [completion_year, Const. Year], [map_link(=>{type:link, format:weblink}, Google Map,newtab=>),Google Map View],[bms_inventory(=>{type:link, format:weblink}, BMS Link,newtab=>), BMS Inventory],[bms_detail(=>{type:link, format:weblink},BMS Link,newtab=>), BMS Detailed View]", "f_class_color": "#6ebed6", "spans": 1.0, "span_arrangement": "31.14", "completion_year": "2022", "bridge_no": "250211910609" }, "geometry": { "type": "Point", "coordinates": [ 91.102633333333003, 25.0363 ] } },
{ "type": "Feature", "properties": { "id": "7742", "sl": 8507, "map_link": "https://maps.google.com/?q=25.013149833333,91.242289833333&amp;z=8&amp;t=k", "image_popup": "8088/bms/assets/uploads/images/bridges/bridge_7742/1713948151.jpg", "bridge_name": "Kokrapushi Bridge", "bridge_type": "Portable Steel Bridge", "road_no": "R370", "zone": "Sylhet", "circle": "Sylhet", "division": "Sunamganj", "subdivision": "Sunamganj", "sae": "SAE-Sunamganj-3", "bridge_length_(m)": 60.13, "bridge_width_(m)": 3.58, "chainage_(km)": 5.41, "ycoord": 25.013149833332999, "xcoord": 91.242289833333004, "bms_inventory": "http://bms.rhd.gov.bd:8088/bms/bridges/inventory_view/7742", "bms_detail": "http://bms.rhd.gov.bd:8088/bms/bridges/inventory_view/7742", "f_class_name": "Portable Steel Bridge", "keys": "[bridge_name, Bridge Name], [bridge_type,Type], [chainage_(km), Chainage (km)], [road_no, On Road], [division, Division], [subdivision, Subdivision], [bridge_length_(m), Length (m)], [bridge_width_(m), Width (m)], [spans, Span], [span_arrangement, Span Arrangement], [completion_year, Const. Year], [map_link(=>{type:link, format:weblink}, Google Map,newtab=>),Google Map View],[bms_inventory(=>{type:link, format:weblink}, BMS Link,newtab=>), BMS Inventory],[bms_detail(=>{type:link, format:weblink},BMS Link,newtab=>), BMS Detailed View]", "f_class_color": "#29ffa4", "spans": 3.0, "span_arrangement": "19.87+19.88+20.09", "completion_year": "2003", "bridge_no": "250047911432" }, "geometry": { "type": "Point", "coordinates": [ 91.242289833333004, 25.013149833332999 ] } },
{ "type": "Feature", "properties": { "id": "7787", "sl": 9132, "map_link": "https://maps.google.com/?q=24.966039833333,91.176689833333&amp;z=8&amp;t=k", "image_popup": "8088/bms/assets/uploads/images/bridges/bridge_7787/1714363108.jpeg", "bridge_name": "Laxmipur Small Slab Bridge 1", "bridge_type": "Small Slab Bridge", "road_no": "R370", "zone": "Sylhet", "circle": "Sylhet", "division": "Sunamganj", "subdivision": "Sunamganj", "sae": "SAE-Sunamganj-3", "bridge_length_(m)": 1.14, "bridge_width_(m)": 11.94, "chainage_(km)": 27.6, "ycoord": 24.966039833332999, "xcoord": 91.176689833333, "bms_inventory": "http://bms.rhd.gov.bd:8088/bms/bridges/inventory_view/7787", "bms_detail": "http://bms.rhd.gov.bd:8088/bms/bridges/inventory_view/7787", "f_class_name": "Small Slab Bridge", "keys": "[bridge_name, Bridge Name], [bridge_type,Type], [chainage_(km), Chainage (km)], [road_no, On Road], [division, Division], [subdivision, Subdivision], [bridge_length_(m), Length (m)], [bridge_width_(m), Width (m)], [spans, Span], [span_arrangement, Span Arrangement], [completion_year, Const. Year], [map_link(=>{type:link, format:weblink}, Google Map,newtab=>),Google Map View],[bms_inventory(=>{type:link, format:weblink}, BMS Link,newtab=>), BMS Inventory],[bms_detail(=>{type:link, format:weblink},BMS Link,newtab=>), BMS Detailed View]", "f_class_color": "#13b7dd", "spans": 1.0, "span_arrangement": "0.64", "completion_year": "2008", "bridge_no": "245758911036" }, "geometry": { "type": "Point", "coordinates": [ 91.176689833333, 24.966039833332999 ] } },
{ "type": "Feature", "properties": { "id": "7842", "sl": 8884, "map_link": "https://maps.google.com/?q=24.93176,91.072149833333&amp;z=8&amp;t=k", "image_popup": "8088/bms/assets/uploads/images/bridges/bridge_7842/1714452867.JPG", "bridge_name": "Kurerpar Bridge 2", "bridge_type": "RC Girder Bridge", "road_no": "R370", "zone": "Sylhet", "circle": "Sylhet", "division": "Sunamganj", "subdivision": "Sunamganj", "sae": "SAE-Sunamganj-3", "bridge_length_(m)": 60.29, "bridge_width_(m)": 7.43, "chainage_(km)": 49.2, "ycoord": 24.93176, "xcoord": 91.072149833333, "bms_inventory": "http://bms.rhd.gov.bd:8088/bms/bridges/inventory_view/7842", "bms_detail": "http://bms.rhd.gov.bd:8088/bms/bridges/inventory_view/7842", "f_class_name": "RC Girder Bridge", "keys": "[bridge_name, Bridge Name], [bridge_type,Type], [chainage_(km), Chainage (km)], [road_no, On Road], [division, Division], [subdivision, Subdivision], [bridge_length_(m), Length (m)], [bridge_width_(m), Width (m)], [spans, Span], [span_arrangement, Span Arrangement], [completion_year, Const. Year], [map_link(=>{type:link, format:weblink}, Google Map,newtab=>),Google Map View],[bms_inventory(=>{type:link, format:weblink}, BMS Link,newtab=>), BMS Inventory],[bms_detail(=>{type:link, format:weblink},BMS Link,newtab=>), BMS Detailed View]", "f_class_color": "#e8f674", "spans": 3.0, "span_arrangement": "19.85+19.85+19.85", "completion_year": "2015", "bridge_no": "245554910420" }, "geometry": { "type": "Point", "coordinates": [ 91.072149833333, 24.93176 ] } },
{ "type": "Feature", "properties": { "id": "7843", "sl": 7669, "map_link": "https://maps.google.com/?q=24.92319,91.060389833333&amp;z=8&amp;t=k", "image_popup": "8088/bms/assets/uploads/images/bridges/bridge_7843/1714455045.JPG", "bridge_name": "Kandapara Bridge", "bridge_type": "RC Girder Bridge", "road_no": "R370", "zone": "Sylhet", "circle": "Sylhet", "division": "Sunamganj", "subdivision": "Sunamganj", "sae": "SAE-Sunamganj-3", "bridge_length_(m)": 101.86, "bridge_width_(m)": 7.18, "chainage_(km)": 50.7, "ycoord": 24.92319, "xcoord": 91.060389833333005, "bms_inventory": "http://bms.rhd.gov.bd:8088/bms/bridges/inventory_view/7843", "bms_detail": "http://bms.rhd.gov.bd:8088/bms/bridges/inventory_view/7843", "f_class_name": "RC Girder Bridge", "keys": "[bridge_name, Bridge Name], [bridge_type,Type], [chainage_(km), Chainage (km)], [road_no, On Road], [division, Division], [subdivision, Subdivision], [bridge_length_(m), Length (m)], [bridge_width_(m), Width (m)], [spans, Span], [span_arrangement, Span Arrangement], [completion_year, Const. Year], [map_link(=>{type:link, format:weblink}, Google Map,newtab=>),Google Map View],[bms_inventory(=>{type:link, format:weblink}, BMS Link,newtab=>), BMS Inventory],[bms_detail(=>{type:link, format:weblink},BMS Link,newtab=>), BMS Detailed View]", "f_class_color": "#e8f674", "spans": 5.0, "span_arrangement": "20.56+20.14+20.36+19.52+20.51", "completion_year": "2015", "bridge_no": "245523910337" }, "geometry": { "type": "Point", "coordinates": [ 91.060389833333005, 24.92319 ] } },
{ "type": "Feature", "properties": { "id": "7847", "sl": 641, "map_link": "https://maps.google.com/?q=24.915489833333,91.04707&amp;z=8&amp;t=k", "image_popup": "8088/bms/assets/uploads/images/bridges/bridge_7847/1714457041.JPG", "bridge_name": "Argur Bridge", "bridge_type": "RC Girder Bridge", "road_no": "R370", "zone": "Sylhet", "circle": "Sylhet", "division": "Sunamganj", "subdivision": "Sunamganj", "sae": "SAE-Sunamganj-3", "bridge_length_(m)": 62.17, "bridge_width_(m)": 7.14, "chainage_(km)": 52.4, "ycoord": 24.915489833333002, "xcoord": 91.04707, "bms_inventory": "http://bms.rhd.gov.bd:8088/bms/bridges/inventory_view/7847", "bms_detail": "http://bms.rhd.gov.bd:8088/bms/bridges/inventory_view/7847", "f_class_name": "RC Girder Bridge", "keys": "[bridge_name, Bridge Name], [bridge_type,Type], [chainage_(km), Chainage (km)], [road_no, On Road], [division, Division], [subdivision, Subdivision], [bridge_length_(m), Length (m)], [bridge_width_(m), Width (m)], [spans, Span], [span_arrangement, Span Arrangement], [completion_year, Const. Year], [map_link(=>{type:link, format:weblink}, Google Map,newtab=>),Google Map View],[bms_inventory(=>{type:link, format:weblink}, BMS Link,newtab=>), BMS Inventory],[bms_detail(=>{type:link, format:weblink},BMS Link,newtab=>), BMS Detailed View]", "f_class_color": "#e8f674", "spans": 3.0, "span_arrangement": "20.6+19.55+21.34", "completion_year": "2015", "bridge_no": "245456910249" }, "geometry": { "type": "Point", "coordinates": [ 91.04707, 24.915489833333002 ] } },
{ "type": "Feature", "properties": { "id": "7858", "sl": 13575, "map_link": "https://maps.google.com/?q=24.9536,91.15733&amp;z=8&amp;t=k", "image_popup": "8088/bms/assets/uploads/images/bridges/bridge_7858/1714463753.JPG", "bridge_name": "Shariyatpur Small Slab Bridge", "bridge_type": "Small Slab Bridge", "road_no": "R370", "zone": "Sylhet", "circle": "Sylhet", "division": "Sunamganj", "subdivision": "Sunamganj", "sae": "SAE-Sunamganj-3", "bridge_length_(m)": 1.58, "bridge_width_(m)": 7.69, "chainage_(km)": 33.61, "ycoord": 24.9536, "xcoord": 91.15733, "bms_inventory": "http://bms.rhd.gov.bd:8088/bms/bridges/inventory_view/7858", "bms_detail": "http://bms.rhd.gov.bd:8088/bms/bridges/inventory_view/7858", "f_class_name": "Small Slab Bridge", "keys": "[bridge_name, Bridge Name], [bridge_type,Type], [chainage_(km), Chainage (km)], [road_no, On Road], [division, Division], [subdivision, Subdivision], [bridge_length_(m), Length (m)], [bridge_width_(m), Width (m)], [spans, Span], [span_arrangement, Span Arrangement], [completion_year, Const. Year], [map_link(=>{type:link, format:weblink}, Google Map,newtab=>),Google Map View],[bms_inventory(=>{type:link, format:weblink}, BMS Link,newtab=>), BMS Inventory],[bms_detail(=>{type:link, format:weblink},BMS Link,newtab=>), BMS Detailed View]", "f_class_color": "#13b7dd", "spans": 1.0, "span_arrangement": "1.1", "completion_year": "2010", "bridge_no": "245713910926" }, "geometry": { "type": "Point", "coordinates": [ 91.15733, 24.9536 ] } },
{ "type": "Feature", "properties": { "id": "7863", "sl": 11804, "map_link": "https://maps.google.com/?q=24.964159833333,91.13535&amp;z=8&amp;t=k", "image_popup": "8088/bms/assets/uploads/images/bridges/bridge_7863/1714465597.JPG", "bridge_name": "Patankandi Small Slab Bridge 1", "bridge_type": "Small Slab Bridge", "road_no": "R370", "zone": "Sylhet", "circle": "Sylhet", "division": "Sunamganj", "subdivision": "Sunamganj", "sae": "SAE-Sunamganj-3", "bridge_length_(m)": 0.84, "bridge_width_(m)": 10.05, "chainage_(km)": 36.4, "ycoord": 24.964159833332999, "xcoord": 91.13535, "bms_inventory": "http://bms.rhd.gov.bd:8088/bms/bridges/inventory_view/7863", "bms_detail": "http://bms.rhd.gov.bd:8088/bms/bridges/inventory_view/7863", "f_class_name": "Small Slab Bridge", "keys": "[bridge_name, Bridge Name], [bridge_type,Type], [chainage_(km), Chainage (km)], [road_no, On Road], [division, Division], [subdivision, Subdivision], [bridge_length_(m), Length (m)], [bridge_width_(m), Width (m)], [spans, Span], [span_arrangement, Span Arrangement], [completion_year, Const. Year], [map_link(=>{type:link, format:weblink}, Google Map,newtab=>),Google Map View],[bms_inventory(=>{type:link, format:weblink}, BMS Link,newtab=>), BMS Inventory],[bms_detail(=>{type:link, format:weblink},BMS Link,newtab=>), BMS Detailed View]", "f_class_color": "#13b7dd", "spans": 1.0, "span_arrangement": "0.34", "completion_year": "2020", "bridge_no": "245751910807" }, "geometry": { "type": "Point", "coordinates": [ 91.13535, 24.964159833332999 ] } },
{ "type": "Feature", "properties": { "id": "7864", "sl": 11805, "map_link": "https://maps.google.com/?q=24.965789833333,91.13428&amp;z=8&amp;t=k", "image_popup": "8088/bms/assets/uploads/images/bridges/bridge_7864/1714465827.JPG", "bridge_name": "Patankandi Small Slab Bridge 2", "bridge_type": "Small Slab Bridge", "road_no": "R370", "zone": "Sylhet", "circle": "Sylhet", "division": "Sunamganj", "subdivision": "Sunamganj", "sae": "SAE-Sunamganj-3", "bridge_length_(m)": 0.8, "bridge_width_(m)": 10.0, "chainage_(km)": 36.7, "ycoord": 24.965789833333002, "xcoord": 91.13428, "bms_inventory": "http://bms.rhd.gov.bd:8088/bms/bridges/inventory_view/7864", "bms_detail": "http://bms.rhd.gov.bd:8088/bms/bridges/inventory_view/7864", "f_class_name": "Small Slab Bridge", "keys": "[bridge_name, Bridge Name], [bridge_type,Type], [chainage_(km), Chainage (km)], [road_no, On Road], [division, Division], [subdivision, Subdivision], [bridge_length_(m), Length (m)], [bridge_width_(m), Width (m)], [spans, Span], [span_arrangement, Span Arrangement], [completion_year, Const. Year], [map_link(=>{type:link, format:weblink}, Google Map,newtab=>),Google Map View],[bms_inventory(=>{type:link, format:weblink}, BMS Link,newtab=>), BMS Inventory],[bms_detail(=>{type:link, format:weblink},BMS Link,newtab=>), BMS Detailed View]", "f_class_color": "#13b7dd", "spans": 1.0, "span_arrangement": "0.33", "completion_year": "2020", "bridge_no": "245757910803" }, "geometry": { "type": "Point", "coordinates": [ 91.13428, 24.965789833333002 ] } },
{ "type": "Feature", "properties": { "id": "7866", "sl": 7138, "map_link": "https://maps.google.com/?q=24.956109833333,91.08414&amp;z=8&amp;t=k", "image_popup": "8088/bms/assets/uploads/images/bridges/bridge_7866/1714466244.JPG", "bridge_name": "Joyasrii Bazar Bridge", "bridge_type": "RC Girder Bridge", "road_no": "R370", "zone": "Sylhet", "circle": "Sylhet", "division": "Sunamganj", "subdivision": "Sunamganj", "sae": "SAE-Sunamganj-3", "bridge_length_(m)": 33.0, "bridge_width_(m)": 7.17, "chainage_(km)": 46.1, "ycoord": 24.956109833332999, "xcoord": 91.08414, "bms_inventory": "http://bms.rhd.gov.bd:8088/bms/bridges/inventory_view/7866", "bms_detail": "http://bms.rhd.gov.bd:8088/bms/bridges/inventory_view/7866", "f_class_name": "RC Girder Bridge", "keys": "[bridge_name, Bridge Name], [bridge_type,Type], [chainage_(km), Chainage (km)], [road_no, On Road], [division, Division], [subdivision, Subdivision], [bridge_length_(m), Length (m)], [bridge_width_(m), Width (m)], [spans, Span], [span_arrangement, Span Arrangement], [completion_year, Const. Year], [map_link(=>{type:link, format:weblink}, Google Map,newtab=>),Google Map View],[bms_inventory(=>{type:link, format:weblink}, BMS Link,newtab=>), BMS Inventory],[bms_detail(=>{type:link, format:weblink},BMS Link,newtab=>), BMS Detailed View]", "f_class_color": "#e8f674", "spans": 3.0, "span_arrangement": "10.5+10.5+10.5", "completion_year": "2015", "bridge_no": "245722910503" }, "geometry": { "type": "Point", "coordinates": [ 91.08414, 24.956109833332999 ] } },
{ "type": "Feature", "properties": { "id": "7868", "sl": 8883, "map_link": "https://maps.google.com/?q=24.93637,91.074209833333&amp;z=8&amp;t=k", "image_popup": "8088/bms/assets/uploads/images/bridges/bridge_7868/1714467150.JPG", "bridge_name": "Kurerpar Bridge 1", "bridge_type": "RC Girder Bridge", "road_no": "R370", "zone": "Sylhet", "circle": "Sylhet", "division": "Sunamganj", "subdivision": "Sunamganj", "sae": "SAE-Sunamganj-3", "bridge_length_(m)": 102.0, "bridge_width_(m)": 7.16, "chainage_(km)": 48.6, "ycoord": 24.93637, "xcoord": 91.074209833333001, "bms_inventory": "http://bms.rhd.gov.bd:8088/bms/bridges/inventory_view/7868", "bms_detail": "http://bms.rhd.gov.bd:8088/bms/bridges/inventory_view/7868", "f_class_name": "RC Girder Bridge", "keys": "[bridge_name, Bridge Name], [bridge_type,Type], [chainage_(km), Chainage (km)], [road_no, On Road], [division, Division], [subdivision, Subdivision], [bridge_length_(m), Length (m)], [bridge_width_(m), Width (m)], [spans, Span], [span_arrangement, Span Arrangement], [completion_year, Const. Year], [map_link(=>{type:link, format:weblink}, Google Map,newtab=>),Google Map View],[bms_inventory(=>{type:link, format:weblink}, BMS Link,newtab=>), BMS Inventory],[bms_detail(=>{type:link, format:weblink},BMS Link,newtab=>), BMS Detailed View]", "f_class_color": "#e8f674", "spans": 5.0, "span_arrangement": "20.25+20.14+20+20.15+20.58", "completion_year": "2015", "bridge_no": "245611910427" }, "geometry": { "type": "Point", "coordinates": [ 91.074209833333001, 24.93637 ] } },
{ "type": "Feature", "properties": { "id": "7882", "sl": 6420, "map_link": "https://maps.google.com/?q=24.902259833333,91.02803&amp;z=8&amp;t=k", "image_popup": "8088/bms/assets/uploads/images/bridges/bridge_7882/1714622817.JPG", "bridge_name": "Holidakandapur Bopara Bridge", "bridge_type": "RC Girder Bridge", "road_no": "R370", "zone": "Sylhet", "circle": "Sylhet", "division": "Sunamganj", "subdivision": "Sunamganj", "sae": "SAE-Sunamganj-3", "bridge_length_(m)": 15.45, "bridge_width_(m)": 6.45, "chainage_(km)": 54.9, "ycoord": 24.902259833333002, "xcoord": 91.02803, "bms_inventory": "http://bms.rhd.gov.bd:8088/bms/bridges/inventory_view/7882", "bms_detail": "http://bms.rhd.gov.bd:8088/bms/bridges/inventory_view/7882", "f_class_name": "RC Girder Bridge", "keys": "[bridge_name, Bridge Name], [bridge_type,Type], [chainage_(km), Chainage (km)], [road_no, On Road], [division, Division], [subdivision, Subdivision], [bridge_length_(m), Length (m)], [bridge_width_(m), Width (m)], [spans, Span], [span_arrangement, Span Arrangement], [completion_year, Const. Year], [map_link(=>{type:link, format:weblink}, Google Map,newtab=>),Google Map View],[bms_inventory(=>{type:link, format:weblink}, BMS Link,newtab=>), BMS Inventory],[bms_detail(=>{type:link, format:weblink},BMS Link,newtab=>), BMS Detailed View]", "f_class_color": "#e8f674", "spans": 1.0, "span_arrangement": "14.85", "completion_year": "2008", "bridge_no": "245408910141" }, "geometry": { "type": "Point", "coordinates": [ 91.02803, 24.902259833333002 ] } },
{ "type": "Feature", "properties": { "id": "7969", "sl": 11906, "map_link": "https://maps.google.com/?q=24.88256,91.242859833333&amp;z=8&amp;t=k", "image_popup": "8088/bms/assets/uploads/images/bridges/bridge_7969/1715491483.JPG", "bridge_name": "Phataria Bridge", "bridge_type": "PC Girder Bridge", "road_no": "Z2807", "zone": "Sylhet", "circle": "Sylhet", "division": "Sunamganj", "subdivision": "Sunamganj", "sae": "Sunamganj-1", "bridge_length_(m)": 37.78, "bridge_width_(m)": 10.28, "chainage_(km)": 13.68, "ycoord": 24.88256, "xcoord": 91.242859833333, "bms_inventory": "http://bms.rhd.gov.bd:8088/bms/bridges/inventory_view/7969", "bms_detail": "http://bms.rhd.gov.bd:8088/bms/bridges/inventory_view/7969", "f_class_name": "PC Girder Bridge", "keys": "[bridge_name, Bridge Name], [bridge_type,Type], [chainage_(km), Chainage (km)], [road_no, On Road], [division, Division], [subdivision, Subdivision], [bridge_length_(m), Length (m)], [bridge_width_(m), Width (m)], [spans, Span], [span_arrangement, Span Arrangement], [completion_year, Const. Year], [map_link(=>{type:link, format:weblink}, Google Map,newtab=>),Google Map View],[bms_inventory(=>{type:link, format:weblink}, BMS Link,newtab=>), BMS Inventory],[bms_detail(=>{type:link, format:weblink},BMS Link,newtab=>), BMS Detailed View]", "f_class_color": "#6ebed6", "spans": 1.0, "span_arrangement": "37.28", "completion_year": "2018", "bridge_no": "245257911434" }, "geometry": { "type": "Point", "coordinates": [ 91.242859833333, 24.88256 ] } },
{ "type": "Feature", "properties": { "id": "7982", "sl": 2156, "map_link": "https://maps.google.com/?q=24.83051,91.360519833333&amp;z=8&amp;t=k", "image_popup": "8088/bms/assets/uploads/images/bridges/bridge_7982/1715494601.JPG", "bridge_name": "Bodolpur Bridge", "bridge_type": "RC Girder Bridge", "road_no": "Z2807", "zone": "Sylhet", "circle": "Sylhet", "division": "Sunamganj", "subdivision": "Sunamganj", "sae": "Sunamganj-1", "bridge_length_(m)": 84.34, "bridge_width_(m)": 4.71, "chainage_(km)": 20.6, "ycoord": 24.83051, "xcoord": 91.360519833333001, "bms_inventory": "http://bms.rhd.gov.bd:8088/bms/bridges/inventory_view/7982", "bms_detail": "http://bms.rhd.gov.bd:8088/bms/bridges/inventory_view/7982", "f_class_name": "RC Girder Bridge", "keys": "[bridge_name, Bridge Name], [bridge_type,Type], [chainage_(km), Chainage (km)], [road_no, On Road], [division, Division], [subdivision, Subdivision], [bridge_length_(m), Length (m)], [bridge_width_(m), Width (m)], [spans, Span], [span_arrangement, Span Arrangement], [completion_year, Const. Year], [map_link(=>{type:link, format:weblink}, Google Map,newtab=>),Google Map View],[bms_inventory(=>{type:link, format:weblink}, BMS Link,newtab=>), BMS Inventory],[bms_detail(=>{type:link, format:weblink},BMS Link,newtab=>), BMS Detailed View]", "f_class_color": "#e8f674", "spans": 3.0, "span_arrangement": "25.7+32.03+25.94", "completion_year": "1993", "bridge_no": "244950912138" }, "geometry": { "type": "Point", "coordinates": [ 91.360519833333001, 24.83051 ] } },
{ "type": "Feature", "properties": { "id": "7995", "sl": 6129, "map_link": "https://maps.google.com/?q=24.785299833333,91.351309833333&amp;z=8&amp;t=k", "image_popup": "8088/bms/assets/uploads/images/bridges/bridge_7995/1715505132.jpeg", "bridge_name": "Haranpur Bridge", "bridge_type": "PC Girder Bridge", "road_no": "Z2807", "zone": "Sylhet", "circle": "Sylhet", "division": "Sunamganj", "subdivision": "Sunamganj", "sae": "Sunamganj-1", "bridge_length_(m)": 31.8, "bridge_width_(m)": 7.62, "chainage_(km)": 26.065, "ycoord": 24.785299833332999, "xcoord": 91.351309833333005, "bms_inventory": "http://bms.rhd.gov.bd:8088/bms/bridges/inventory_view/7995", "bms_detail": "http://bms.rhd.gov.bd:8088/bms/bridges/inventory_view/7995", "f_class_name": "PC Girder Bridge", "keys": "[bridge_name, Bridge Name], [bridge_type,Type], [chainage_(km), Chainage (km)], [road_no, On Road], [division, Division], [subdivision, Subdivision], [bridge_length_(m), Length (m)], [bridge_width_(m), Width (m)], [spans, Span], [span_arrangement, Span Arrangement], [completion_year, Const. Year], [map_link(=>{type:link, format:weblink}, Google Map,newtab=>),Google Map View],[bms_inventory(=>{type:link, format:weblink}, BMS Link,newtab=>), BMS Inventory],[bms_detail(=>{type:link, format:weblink},BMS Link,newtab=>), BMS Detailed View]", "f_class_color": "#6ebed6", "spans": 1.0, "span_arrangement": "31.17", "completion_year": "2015", "bridge_no": "244707912105" }, "geometry": { "type": "Point", "coordinates": [ 91.351309833333005, 24.785299833332999 ] } },
{ "type": "Feature", "properties": { "id": "8001", "sl": 12499, "map_link": "https://maps.google.com/?q=24.77253925,91.3511&amp;z=8&amp;t=k", "image_popup": "8088/bms/assets/uploads/images/bridges/bridge_8001/1715507062.jpeg", "bridge_name": "Rajapur Small Bridge", "bridge_type": "Small Slab Bridge", "road_no": "Z2807", "zone": "Sylhet", "circle": "Sylhet", "division": "Sunamganj", "subdivision": "Sunamganj", "sae": "Sunamganj-1", "bridge_length_(m)": 1.21, "bridge_width_(m)": 11.12, "chainage_(km)": 27.627, "ycoord": 24.77253925, "xcoord": 91.3511, "bms_inventory": "http://bms.rhd.gov.bd:8088/bms/bridges/inventory_view/8001", "bms_detail": "http://bms.rhd.gov.bd:8088/bms/bridges/inventory_view/8001", "f_class_name": "Small Slab Bridge", "keys": "[bridge_name, Bridge Name], [bridge_type,Type], [chainage_(km), Chainage (km)], [road_no, On Road], [division, Division], [subdivision, Subdivision], [bridge_length_(m), Length (m)], [bridge_width_(m), Width (m)], [spans, Span], [span_arrangement, Span Arrangement], [completion_year, Const. Year], [map_link(=>{type:link, format:weblink}, Google Map,newtab=>),Google Map View],[bms_inventory(=>{type:link, format:weblink}, BMS Link,newtab=>), BMS Inventory],[bms_detail(=>{type:link, format:weblink},BMS Link,newtab=>), BMS Detailed View]", "f_class_color": "#13b7dd", "spans": 1.0, "span_arrangement": "0.73", "completion_year": "1985", "bridge_no": "244621912104" }, "geometry": { "type": "Point", "coordinates": [ 91.3511, 24.77253925 ] } },
{ "type": "Feature", "properties": { "id": "8028", "sl": 14209, "map_link": "https://maps.google.com/?q=24.75692,91.33589&amp;z=8&amp;t=k", "image_popup": "8088/bms/assets/uploads/images/bridges/bridge_8028/1715581742.jpeg", "bridge_name": "Sonagaon Bridge", "bridge_type": "Small Slab Bridge", "road_no": "Z2807", "zone": "Sylhet", "circle": "Sylhet", "division": "Sunamganj", "subdivision": "Sunamganj", "sae": "Sunamganj-1", "bridge_length_(m)": 1.17, "bridge_width_(m)": 7.97, "chainage_(km)": 30.38, "ycoord": 24.75692, "xcoord": 91.33589, "bms_inventory": "http://bms.rhd.gov.bd:8088/bms/bridges/inventory_view/8028", "bms_detail": "http://bms.rhd.gov.bd:8088/bms/bridges/inventory_view/8028", "f_class_name": "Small Slab Bridge", "keys": "[bridge_name, Bridge Name], [bridge_type,Type], [chainage_(km), Chainage (km)], [road_no, On Road], [division, Division], [subdivision, Subdivision], [bridge_length_(m), Length (m)], [bridge_width_(m), Width (m)], [spans, Span], [span_arrangement, Span Arrangement], [completion_year, Const. Year], [map_link(=>{type:link, format:weblink}, Google Map,newtab=>),Google Map View],[bms_inventory(=>{type:link, format:weblink}, BMS Link,newtab=>), BMS Inventory],[bms_detail(=>{type:link, format:weblink},BMS Link,newtab=>), BMS Detailed View]", "f_class_color": "#13b7dd", "spans": 1.0, "span_arrangement": "0.74", "completion_year": "1987", "bridge_no": "244525912009" }, "geometry": { "type": "Point", "coordinates": [ 91.33589, 24.75692 ] } },
{ "type": "Feature", "properties": { "id": "8062", "sl": 15747, "map_link": "https://maps.google.com/?q=24.717189833333,91.2844&amp;z=8&amp;t=k", "image_popup": "8088/bms/assets/uploads/images/bridges/bridge_8062/1719403469.jpeg", "bridge_name": "Volanogor Bridge", "bridge_type": "PC Girder Bridge", "road_no": "Z2807", "zone": "Sylhet", "circle": "Sylhet", "division": "Sunamganj", "subdivision": "Sunamganj", "sae": "Sunamganj-1", "bridge_length_(m)": 93.89, "bridge_width_(m)": 10.11, "chainage_(km)": 39.134, "ycoord": 24.717189833332998, "xcoord": 91.2844, "bms_inventory": "http://bms.rhd.gov.bd:8088/bms/bridges/inventory_view/8062", "bms_detail": "http://bms.rhd.gov.bd:8088/bms/bridges/inventory_view/8062", "f_class_name": "PC Girder Bridge", "keys": "[bridge_name, Bridge Name], [bridge_type,Type], [chainage_(km), Chainage (km)], [road_no, On Road], [division, Division], [subdivision, Subdivision], [bridge_length_(m), Length (m)], [bridge_width_(m), Width (m)], [spans, Span], [span_arrangement, Span Arrangement], [completion_year, Const. Year], [map_link(=>{type:link, format:weblink}, Google Map,newtab=>),Google Map View],[bms_inventory(=>{type:link, format:weblink}, BMS Link,newtab=>), BMS Inventory],[bms_detail(=>{type:link, format:weblink},BMS Link,newtab=>), BMS Detailed View]", "f_class_color": "#6ebed6", "spans": 3.0, "span_arrangement": "31.09+30.98+30.97", "completion_year": "2015", "bridge_no": "244302911704" }, "geometry": { "type": "Point", "coordinates": [ 91.2844, 24.717189833332998 ] } },
{ "type": "Feature", "properties": { "id": "8070", "sl": 590, "map_link": "https://maps.google.com/?q=24.70426,91.27467&amp;z=8&amp;t=k", "image_popup": "8088/bms/assets/uploads/images/bridges/bridge_8070/1719403848.jpeg", "bridge_name": "Anondapur Bridge", "bridge_type": "PC Girder Bridge", "road_no": "Z2807", "zone": "Sylhet", "circle": "Sylhet", "division": "Sunamganj", "subdivision": "Sunamganj", "sae": "Sunamganj-1", "bridge_length_(m)": 71.69, "bridge_width_(m)": 10.19, "chainage_(km)": 41.824, "ycoord": 24.70426, "xcoord": 91.27467, "bms_inventory": "http://bms.rhd.gov.bd:8088/bms/bridges/inventory_view/8070", "bms_detail": "http://bms.rhd.gov.bd:8088/bms/bridges/inventory_view/8070", "f_class_name": "PC Girder Bridge", "keys": "[bridge_name, Bridge Name], [bridge_type,Type], [chainage_(km), Chainage (km)], [road_no, On Road], [division, Division], [subdivision, Subdivision], [bridge_length_(m), Length (m)], [bridge_width_(m), Width (m)], [spans, Span], [span_arrangement, Span Arrangement], [completion_year, Const. Year], [map_link(=>{type:link, format:weblink}, Google Map,newtab=>),Google Map View],[bms_inventory(=>{type:link, format:weblink}, BMS Link,newtab=>), BMS Inventory],[bms_detail(=>{type:link, format:weblink},BMS Link,newtab=>), BMS Detailed View]", "f_class_color": "#6ebed6", "spans": 2.0, "span_arrangement": "31.02+31.12", "completion_year": "2015", "bridge_no": "244215911629" }, "geometry": { "type": "Point", "coordinates": [ 91.27467, 24.70426 ] } },
{ "type": "Feature", "properties": { "id": "8081", "sl": 13469, "map_link": "https://maps.google.com/?q=24.676089833333,91.272329833333&amp;z=8&amp;t=k", "image_popup": "8088/bms/assets/uploads/images/bridges/bridge_8081/1715765031.jpeg", "bridge_name": "Shalla Bridge", "bridge_type": "PC Girder Bridge", "road_no": "Z2807", "zone": "Sylhet", "circle": "Sylhet", "division": "Sunamganj", "subdivision": "Sunamganj", "sae": "Sunamganj-1", "bridge_length_(m)": 94.15, "bridge_width_(m)": 10.2, "chainage_(km)": 44.82, "ycoord": 24.676089833332998, "xcoord": 91.272329833333004, "bms_inventory": "http://bms.rhd.gov.bd:8088/bms/bridges/inventory_view/8081", "bms_detail": "http://bms.rhd.gov.bd:8088/bms/bridges/inventory_view/8081", "f_class_name": "PC Girder Bridge", "keys": "[bridge_name, Bridge Name], [bridge_type,Type], [chainage_(km), Chainage (km)], [road_no, On Road], [division, Division], [subdivision, Subdivision], [bridge_length_(m), Length (m)], [bridge_width_(m), Width (m)], [spans, Span], [span_arrangement, Span Arrangement], [completion_year, Const. Year], [map_link(=>{type:link, format:weblink}, Google Map,newtab=>),Google Map View],[bms_inventory(=>{type:link, format:weblink}, BMS Link,newtab=>), BMS Inventory],[bms_detail(=>{type:link, format:weblink},BMS Link,newtab=>), BMS Detailed View]", "f_class_color": "#6ebed6", "spans": 3.0, "span_arrangement": "31.01+31.2+31.18", "completion_year": "2015", "bridge_no": "244034911620" }, "geometry": { "type": "Point", "coordinates": [ 91.272329833333004, 24.676089833332998 ] } },
{ "type": "Feature", "properties": { "id": "8082", "sl": 5619, "map_link": "https://maps.google.com/?q=24.928319833333,91.688439833333&amp;z=8&amp;t=k", "image_popup": "8088/bms/assets/uploads/images/bridges/bridge_8082/1715850937.JPG", "bridge_name": "Gobindoganj Bridge", "bridge_type": "PC Girder Bridge", "road_no": "R280", "zone": "Sylhet", "circle": "Sylhet", "division": "Sunamganj", "subdivision": "Chattak", "sae": "Govindaganj", "bridge_length_(m)": 101.13, "bridge_width_(m)": 10.32, "chainage_(km)": 19.855, "ycoord": 24.928319833332999, "xcoord": 91.688439833333007, "bms_inventory": "http://bms.rhd.gov.bd:8088/bms/bridges/inventory_view/8082", "bms_detail": "http://bms.rhd.gov.bd:8088/bms/bridges/inventory_view/8082", "f_class_name": "PC Girder Bridge", "keys": "[bridge_name, Bridge Name], [bridge_type,Type], [chainage_(km), Chainage (km)], [road_no, On Road], [division, Division], [subdivision, Subdivision], [bridge_length_(m), Length (m)], [bridge_width_(m), Width (m)], [spans, Span], [span_arrangement, Span Arrangement], [completion_year, Const. Year], [map_link(=>{type:link, format:weblink}, Google Map,newtab=>),Google Map View],[bms_inventory(=>{type:link, format:weblink}, BMS Link,newtab=>), BMS Inventory],[bms_detail(=>{type:link, format:weblink},BMS Link,newtab=>), BMS Detailed View]", "f_class_color": "#6ebed6", "spans": 3.0, "span_arrangement": "31.36+37.55+31.29", "completion_year": "2020", "bridge_no": "245542914118" }, "geometry": { "type": "Point", "coordinates": [ 91.688439833333007, 24.928319833332999 ] } },
{ "type": "Feature", "properties": { "id": "8084", "sl": 15161, "map_link": "https://maps.google.com/?q=24.939769833333,91.646569833333&amp;z=8&amp;t=k", "image_popup": "8088/bms/assets/uploads/images/bridges/bridge_8084/1715852592.jpeg", "bridge_name": "Tokirai Bridge", "bridge_type": "PC Girder Bridge", "road_no": "R280", "zone": "Sylhet", "circle": "Sylhet", "division": "Sunamganj", "subdivision": "Chattak", "sae": "Govindaganj", "bridge_length_(m)": 43.9, "bridge_width_(m)": 10.29, "chainage_(km)": 24.294, "ycoord": 24.939769833332999, "xcoord": 91.646569833333004, "bms_inventory": "http://bms.rhd.gov.bd:8088/bms/bridges/inventory_view/8084", "bms_detail": "http://bms.rhd.gov.bd:8088/bms/bridges/inventory_view/8084", "f_class_name": "PC Girder Bridge", "keys": "[bridge_name, Bridge Name], [bridge_type,Type], [chainage_(km), Chainage (km)], [road_no, On Road], [division, Division], [subdivision, Subdivision], [bridge_length_(m), Length (m)], [bridge_width_(m), Width (m)], [spans, Span], [span_arrangement, Span Arrangement], [completion_year, Const. Year], [map_link(=>{type:link, format:weblink}, Google Map,newtab=>),Google Map View],[bms_inventory(=>{type:link, format:weblink}, BMS Link,newtab=>), BMS Inventory],[bms_detail(=>{type:link, format:weblink},BMS Link,newtab=>), BMS Detailed View]", "f_class_color": "#6ebed6", "spans": 1.0, "span_arrangement": "43.17", "completion_year": "2014", "bridge_no": "245623913848" }, "geometry": { "type": "Point", "coordinates": [ 91.646569833333004, 24.939769833332999 ] } },
{ "type": "Feature", "properties": { "id": "8085", "sl": 7050, "map_link": "https://maps.google.com/?q=24.94188,91.614969833333&amp;z=8&amp;t=k", "image_popup": "8088/bms/assets/uploads/images/bridges/bridge_8085/1715853304.JPG", "bridge_name": "Jolalpur Bridge", "bridge_type": "PC Girder Bridge", "road_no": "R280", "zone": "Sylhet", "circle": "Sylhet", "division": "Sunamganj", "subdivision": "Chattak", "sae": "Govindaganj", "bridge_length_(m)": 76.85, "bridge_width_(m)": 10.32, "chainage_(km)": 27.514, "ycoord": 24.94188, "xcoord": 91.614969833333006, "bms_inventory": "http://bms.rhd.gov.bd:8088/bms/bridges/inventory_view/8085", "bms_detail": "http://bms.rhd.gov.bd:8088/bms/bridges/inventory_view/8085", "f_class_name": "PC Girder Bridge", "keys": "[bridge_name, Bridge Name], [bridge_type,Type], [chainage_(km), Chainage (km)], [road_no, On Road], [division, Division], [subdivision, Subdivision], [bridge_length_(m), Length (m)], [bridge_width_(m), Width (m)], [spans, Span], [span_arrangement, Span Arrangement], [completion_year, Const. Year], [map_link(=>{type:link, format:weblink}, Google Map,newtab=>),Google Map View],[bms_inventory(=>{type:link, format:weblink}, BMS Link,newtab=>), BMS Inventory],[bms_detail(=>{type:link, format:weblink},BMS Link,newtab=>), BMS Detailed View]", "f_class_color": "#6ebed6", "spans": 3.0, "span_arrangement": "25.24+25.56+25.27", "completion_year": "2014", "bridge_no": "245631913654" }, "geometry": { "type": "Point", "coordinates": [ 91.614969833333006, 24.94188 ] } },
{ "type": "Feature", "properties": { "id": "8086", "sl": 2263, "map_link": "https://maps.google.com/?q=24.94434,91.602649833333&amp;z=8&amp;t=k", "image_popup": "8088/bms/assets/uploads/images/bridges/bridge_8086/1715853991.JPG", "bridge_name": "Bokerbhanga Bridge", "bridge_type": "PC Girder Bridge", "road_no": "R280", "zone": "Sylhet", "circle": "Sylhet", "division": "Sunamganj", "subdivision": "Chattak", "sae": "Govindaganj", "bridge_length_(m)": 77.01, "bridge_width_(m)": 10.33, "chainage_(km)": 28.792, "ycoord": 24.94434, "xcoord": 91.602649833333004, "bms_inventory": "http://bms.rhd.gov.bd:8088/bms/bridges/inventory_view/8086", "bms_detail": "http://bms.rhd.gov.bd:8088/bms/bridges/inventory_view/8086", "f_class_name": "PC Girder Bridge", "keys": "[bridge_name, Bridge Name], [bridge_type,Type], [chainage_(km), Chainage (km)], [road_no, On Road], [division, Division], [subdivision, Subdivision], [bridge_length_(m), Length (m)], [bridge_width_(m), Width (m)], [spans, Span], [span_arrangement, Span Arrangement], [completion_year, Const. Year], [map_link(=>{type:link, format:weblink}, Google Map,newtab=>),Google Map View],[bms_inventory(=>{type:link, format:weblink}, BMS Link,newtab=>), BMS Inventory],[bms_detail(=>{type:link, format:weblink},BMS Link,newtab=>), BMS Detailed View]", "f_class_color": "#6ebed6", "spans": 3.0, "span_arrangement": "19.34+37.51+19.26", "completion_year": "2014", "bridge_no": "245640913610" }, "geometry": { "type": "Point", "coordinates": [ 91.602649833333004, 24.94434 ] } },
{ "type": "Feature", "properties": { "id": "8089", "sl": 6883, "map_link": "https://maps.google.com/?q=24.94368,91.588779833333&amp;z=8&amp;t=k", "image_popup": "8088/bms/assets/uploads/images/bridges/bridge_8089/1716095210.jpeg", "bridge_name": "Jatua Bridge", "bridge_type": "PC Girder Bridge", "road_no": "R280", "zone": "Sylhet", "circle": "Sylhet", "division": "Sunamganj", "subdivision": "Chattak", "sae": "Govindaganj", "bridge_length_(m)": 43.9, "bridge_width_(m)": 10.27, "chainage_(km)": 30.304, "ycoord": 24.94368, "xcoord": 91.588779833333007, "bms_inventory": "http://bms.rhd.gov.bd:8088/bms/bridges/inventory_view/8089", "bms_detail": "http://bms.rhd.gov.bd:8088/bms/bridges/inventory_view/8089", "f_class_name": "PC Girder Bridge", "keys": "[bridge_name, Bridge Name], [bridge_type,Type], [chainage_(km), Chainage (km)], [road_no, On Road], [division, Division], [subdivision, Subdivision], [bridge_length_(m), Length (m)], [bridge_width_(m), Width (m)], [spans, Span], [span_arrangement, Span Arrangement], [completion_year, Const. Year], [map_link(=>{type:link, format:weblink}, Google Map,newtab=>),Google Map View],[bms_inventory(=>{type:link, format:weblink}, BMS Link,newtab=>), BMS Inventory],[bms_detail(=>{type:link, format:weblink},BMS Link,newtab=>), BMS Detailed View]", "f_class_color": "#6ebed6", "spans": 1.0, "span_arrangement": "43.04", "completion_year": "2014", "bridge_no": "245637913520" }, "geometry": { "type": "Point", "coordinates": [ 91.588779833333007, 24.94368 ] } },
{ "type": "Feature", "properties": { "id": "8091", "sl": 3331, "map_link": "https://maps.google.com/?q=24.94095,91.58401&amp;z=8&amp;t=k", "image_popup": "8088/bms/assets/uploads/images/bridges/bridge_8091/1716095848.JPG", "bridge_name": "Chechang Bridge", "bridge_type": "PC Girder Bridge", "road_no": "R280", "zone": "Sylhet", "circle": "Sylhet", "division": "Sunamganj", "subdivision": "Chattak", "sae": "Govindaganj", "bridge_length_(m)": 43.7, "bridge_width_(m)": 10.32, "chainage_(km)": 30.871, "ycoord": 24.94095, "xcoord": 91.58401, "bms_inventory": "http://bms.rhd.gov.bd:8088/bms/bridges/inventory_view/8091", "bms_detail": "http://bms.rhd.gov.bd:8088/bms/bridges/inventory_view/8091", "f_class_name": "PC Girder Bridge", "keys": "[bridge_name, Bridge Name], [bridge_type,Type], [chainage_(km), Chainage (km)], [road_no, On Road], [division, Division], [subdivision, Subdivision], [bridge_length_(m), Length (m)], [bridge_width_(m), Width (m)], [spans, Span], [span_arrangement, Span Arrangement], [completion_year, Const. Year], [map_link(=>{type:link, format:weblink}, Google Map,newtab=>),Google Map View],[bms_inventory(=>{type:link, format:weblink}, BMS Link,newtab=>), BMS Inventory],[bms_detail(=>{type:link, format:weblink},BMS Link,newtab=>), BMS Detailed View]", "f_class_color": "#6ebed6", "spans": 1.0, "span_arrangement": "42.96", "completion_year": "2014", "bridge_no": "245627913502" }, "geometry": { "type": "Point", "coordinates": [ 91.58401, 24.94095 ] } },
{ "type": "Feature", "properties": { "id": "8094", "sl": 12733, "map_link": "https://maps.google.com/?q=24.933479833333,91.5734&amp;z=8&amp;t=k", "image_popup": "8088/bms/assets/uploads/images/bridges/bridge_8094/1716097413.jpg", "bridge_name": "Rauli Bridge", "bridge_type": "PC Girder Bridge", "road_no": "R280", "zone": "Sylhet", "circle": "Sylhet", "division": "Sunamganj", "subdivision": "Chattak", "sae": "Govindaganj", "bridge_length_(m)": 43.8, "bridge_width_(m)": 10.32, "chainage_(km)": 32.226, "ycoord": 24.933479833332999, "xcoord": 91.5734, "bms_inventory": "http://bms.rhd.gov.bd:8088/bms/bridges/inventory_view/8094", "bms_detail": "http://bms.rhd.gov.bd:8088/bms/bridges/inventory_view/8094", "f_class_name": "PC Girder Bridge", "keys": "[bridge_name, Bridge Name], [bridge_type,Type], [chainage_(km), Chainage (km)], [road_no, On Road], [division, Division], [subdivision, Subdivision], [bridge_length_(m), Length (m)], [bridge_width_(m), Width (m)], [spans, Span], [span_arrangement, Span Arrangement], [completion_year, Const. Year], [map_link(=>{type:link, format:weblink}, Google Map,newtab=>),Google Map View],[bms_inventory(=>{type:link, format:weblink}, BMS Link,newtab=>), BMS Inventory],[bms_detail(=>{type:link, format:weblink},BMS Link,newtab=>), BMS Detailed View]", "f_class_color": "#6ebed6", "spans": 1.0, "span_arrangement": "43.03", "completion_year": "2014", "bridge_no": "245601913424" }, "geometry": { "type": "Point", "coordinates": [ 91.5734, 24.933479833332999 ] } },
{ "type": "Feature", "properties": { "id": "8095", "sl": 10688, "map_link": "https://maps.google.com/?q=24.79653,91.541949833333&amp;z=8&amp;t=k", "image_popup": "8088/bms/assets/uploads/images/bridges/bridge_8095/1716097390.JPG", "bridge_name": "Nadampur Bridge", "bridge_type": "Mixed Types Bridge", "road_no": "R241", "zone": "Sylhet", "circle": "Sylhet", "division": "Sunamganj", "subdivision": "Sunamganj", "sae": "Sunamganj-1", "bridge_length_(m)": 69.57, "bridge_width_(m)": 10.22, "chainage_(km)": 28.4, "ycoord": 24.79653, "xcoord": 91.541949833333007, "bms_inventory": "http://bms.rhd.gov.bd:8088/bms/bridges/inventory_view/8095", "bms_detail": "http://bms.rhd.gov.bd:8088/bms/bridges/inventory_view/8095", "f_class_name": "Mixed Types Bridge", "keys": "[bridge_name, Bridge Name], [bridge_type,Type], [chainage_(km), Chainage (km)], [road_no, On Road], [division, Division], [subdivision, Subdivision], [bridge_length_(m), Length (m)], [bridge_width_(m), Width (m)], [spans, Span], [span_arrangement, Span Arrangement], [completion_year, Const. Year], [map_link(=>{type:link, format:weblink}, Google Map,newtab=>),Google Map View],[bms_inventory(=>{type:link, format:weblink}, BMS Link,newtab=>), BMS Inventory],[bms_detail(=>{type:link, format:weblink},BMS Link,newtab=>), BMS Detailed View]", "f_class_color": "#2edb93", "spans": 3.0, "span_arrangement": "21.92+25.18+21.92", "completion_year": "2022", "bridge_no": "244748913231" }, "geometry": { "type": "Point", "coordinates": [ 91.541949833333007, 24.79653 ] } },
{ "type": "Feature", "properties": { "id": "8096", "sl": 8501, "map_link": "https://maps.google.com/?q=24.928899833333,91.56461&amp;z=8&amp;t=k", "image_popup": "8088/bms/assets/uploads/images/bridges/bridge_8096/1716098072.JPG", "bridge_name": "Koitok Bridge", "bridge_type": "PC Girder Bridge", "road_no": "R280", "zone": "Sylhet", "circle": "Sylhet", "division": "Sunamganj", "subdivision": "Chattak", "sae": "Govindaganj", "bridge_length_(m)": 67.74, "bridge_width_(m)": 10.32, "chainage_(km)": 32.245, "ycoord": 24.928899833332999, "xcoord": 91.56461, "bms_inventory": "http://bms.rhd.gov.bd:8088/bms/bridges/inventory_view/8096", "bms_detail": "http://bms.rhd.gov.bd:8088/bms/bridges/inventory_view/8096", "f_class_name": "PC Girder Bridge", "keys": "[bridge_name, Bridge Name], [bridge_type,Type], [chainage_(km), Chainage (km)], [road_no, On Road], [division, Division], [subdivision, Subdivision], [bridge_length_(m), Length (m)], [bridge_width_(m), Width (m)], [spans, Span], [span_arrangement, Span Arrangement], [completion_year, Const. Year], [map_link(=>{type:link, format:weblink}, Google Map,newtab=>),Google Map View],[bms_inventory(=>{type:link, format:weblink}, BMS Link,newtab=>), BMS Inventory],[bms_detail(=>{type:link, format:weblink},BMS Link,newtab=>), BMS Detailed View]", "f_class_color": "#6ebed6", "spans": 3.0, "span_arrangement": "22.27+22.56+22.18", "completion_year": "2014", "bridge_no": "245544913353" }, "geometry": { "type": "Point", "coordinates": [ 91.56461, 24.928899833332999 ] } },
{ "type": "Feature", "properties": { "id": "8098", "sl": 6886, "map_link": "https://maps.google.com/?q=24.927469833333,91.546989833333&amp;z=8&amp;t=k", "image_popup": "8088/bms/assets/uploads/images/bridges/bridge_8098/1716099118.JPG", "bridge_name": "Jawa Bridge", "bridge_type": "PC Girder Bridge", "road_no": "R280", "zone": "Sylhet", "circle": "Sylhet", "division": "Sunamganj", "subdivision": "Chattak", "sae": "Govindaganj", "bridge_length_(m)": 43.87, "bridge_width_(m)": 10.01, "chainage_(km)": 35.063, "ycoord": 24.927469833332999, "xcoord": 91.546989833333001, "bms_inventory": "http://bms.rhd.gov.bd:8088/bms/bridges/inventory_view/8098", "bms_detail": "http://bms.rhd.gov.bd:8088/bms/bridges/inventory_view/8098", "f_class_name": "PC Girder Bridge", "keys": "[bridge_name, Bridge Name], [bridge_type,Type], [chainage_(km), Chainage (km)], [road_no, On Road], [division, Division], [subdivision, Subdivision], [bridge_length_(m), Length (m)], [bridge_width_(m), Width (m)], [spans, Span], [span_arrangement, Span Arrangement], [completion_year, Const. Year], [map_link(=>{type:link, format:weblink}, Google Map,newtab=>),Google Map View],[bms_inventory(=>{type:link, format:weblink}, BMS Link,newtab=>), BMS Inventory],[bms_detail(=>{type:link, format:weblink},BMS Link,newtab=>), BMS Detailed View]", "f_class_color": "#6ebed6", "spans": 1.0, "span_arrangement": "43.28", "completion_year": "2017", "bridge_no": "245539913249" }, "geometry": { "type": "Point", "coordinates": [ 91.546989833333001, 24.927469833332999 ] } },
{ "type": "Feature", "properties": { "id": "8101", "sl": 7743, "map_link": "https://maps.google.com/?q=24.925219833333,91.52249&amp;z=8&amp;t=k", "image_popup": "8088/bms/assets/uploads/images/bridges/bridge_8101/1716100011.JPG", "bridge_name": "Karai Bridge", "bridge_type": "RC Girder Bridge", "road_no": "R280", "zone": "Sylhet", "circle": "Sylhet", "division": "Sunamganj", "subdivision": "Chattak", "sae": "Govindaganj", "bridge_length_(m)": 76.35, "bridge_width_(m)": 9.96, "chainage_(km)": 37.579, "ycoord": 24.925219833332999, "xcoord": 91.52249, "bms_inventory": "http://bms.rhd.gov.bd:8088/bms/bridges/inventory_view/8101", "bms_detail": "http://bms.rhd.gov.bd:8088/bms/bridges/inventory_view/8101", "f_class_name": "RC Girder Bridge", "keys": "[bridge_name, Bridge Name], [bridge_type,Type], [chainage_(km), Chainage (km)], [road_no, On Road], [division, Division], [subdivision, Subdivision], [bridge_length_(m), Length (m)], [bridge_width_(m), Width (m)], [spans, Span], [span_arrangement, Span Arrangement], [completion_year, Const. Year], [map_link(=>{type:link, format:weblink}, Google Map,newtab=>),Google Map View],[bms_inventory(=>{type:link, format:weblink}, BMS Link,newtab=>), BMS Inventory],[bms_detail(=>{type:link, format:weblink},BMS Link,newtab=>), BMS Detailed View]", "f_class_color": "#e8f674", "spans": 3.0, "span_arrangement": "25.15+25.5+25.1", "completion_year": "2014", "bridge_no": "245531913121" }, "geometry": { "type": "Point", "coordinates": [ 91.52249, 24.925219833332999 ] } },
{ "type": "Feature", "properties": { "id": "8102", "sl": 8165, "map_link": "https://maps.google.com/?q=24.816559833333,91.538709833333&amp;z=8&amp;t=k", "image_popup": "8088/bms/assets/uploads/images/bridges/bridge_8102/1716100305.JPG", "bridge_name": "Khashila Bridge", "bridge_type": "PC Girder Bridge", "road_no": "R241", "zone": "Sylhet", "circle": "Sylhet", "division": "Sunamganj", "subdivision": "Sunamganj", "sae": "Sunamganj-1", "bridge_length_(m)": 50.68, "bridge_width_(m)": 10.22, "chainage_(km)": 30.7, "ycoord": 24.816559833332999, "xcoord": 91.538709833333002, "bms_inventory": "http://bms.rhd.gov.bd:8088/bms/bridges/inventory_view/8102", "bms_detail": "http://bms.rhd.gov.bd:8088/bms/bridges/inventory_view/8102", "f_class_name": "PC Girder Bridge", "keys": "[bridge_name, Bridge Name], [bridge_type,Type], [chainage_(km), Chainage (km)], [road_no, On Road], [division, Division], [subdivision, Subdivision], [bridge_length_(m), Length (m)], [bridge_width_(m), Width (m)], [spans, Span], [span_arrangement, Span Arrangement], [completion_year, Const. Year], [map_link(=>{type:link, format:weblink}, Google Map,newtab=>),Google Map View],[bms_inventory(=>{type:link, format:weblink}, BMS Link,newtab=>), BMS Inventory],[bms_detail(=>{type:link, format:weblink},BMS Link,newtab=>), BMS Detailed View]", "f_class_color": "#6ebed6", "spans": 1.0, "span_arrangement": "50.14", "completion_year": "2022", "bridge_no": "244860913219" }, "geometry": { "type": "Point", "coordinates": [ 91.538709833333002, 24.816559833332999 ] } },
{ "type": "Feature", "properties": { "id": "8103", "sl": 10342, "map_link": "https://maps.google.com/?q=24.925249833333,91.51465&amp;z=8&amp;t=k", "image_popup": "8088/bms/assets/uploads/images/bridges/bridge_8103/1716100956.JPG", "bridge_name": "Monbeg Bridge", "bridge_type": "PC Girder Bridge", "road_no": "R280", "zone": "Sylhet", "circle": "Sylhet", "division": "Sunamganj", "subdivision": "Chattak", "sae": "Govindaganj", "bridge_length_(m)": 106.75, "bridge_width_(m)": 10.3, "chainage_(km)": 38.374, "ycoord": 24.925249833333002, "xcoord": 91.51465, "bms_inventory": "http://bms.rhd.gov.bd:8088/bms/bridges/inventory_view/8103", "bms_detail": "http://bms.rhd.gov.bd:8088/bms/bridges/inventory_view/8103", "f_class_name": "PC Girder Bridge", "keys": "[bridge_name, Bridge Name], [bridge_type,Type], [chainage_(km), Chainage (km)], [road_no, On Road], [division, Division], [subdivision, Subdivision], [bridge_length_(m), Length (m)], [bridge_width_(m), Width (m)], [spans, Span], [span_arrangement, Span Arrangement], [completion_year, Const. Year], [map_link(=>{type:link, format:weblink}, Google Map,newtab=>),Google Map View],[bms_inventory(=>{type:link, format:weblink}, BMS Link,newtab=>), BMS Inventory],[bms_detail(=>{type:link, format:weblink},BMS Link,newtab=>), BMS Detailed View]", "f_class_color": "#6ebed6", "spans": 3.0, "span_arrangement": "37.2+31.65+37.2", "completion_year": "2014", "bridge_no": "245531913053" }, "geometry": { "type": "Point", "coordinates": [ 91.51465, 24.925249833333002 ] } },
{ "type": "Feature", "properties": { "id": "8104", "sl": 12675, "map_link": "https://maps.google.com/?q=24.698609833333,91.532939833333&amp;z=8&amp;t=k", "image_popup": "8088/bms/assets/img/no_picture.png", "bridge_name": "Raniganj Bridge", "bridge_type": "Mixed Types Bridge", "road_no": "R241", "zone": "Sylhet", "circle": "Sylhet", "division": "Sunamganj", "subdivision": "Sunamganj", "sae": "Sunamganj-1", "bridge_length_(m)": 701.89, "bridge_width_(m)": 10.26, "chainage_(km)": 14.047, "ycoord": 24.698609833332998, "xcoord": 91.532939833333003, "bms_inventory": "http://bms.rhd.gov.bd:8088/bms/bridges/inventory_view/8104", "bms_detail": "http://bms.rhd.gov.bd:8088/bms/bridges/inventory_view/8104", "f_class_name": "Mixed Types Bridge", "keys": "[bridge_name, Bridge Name], [bridge_type,Type], [chainage_(km), Chainage (km)], [road_no, On Road], [division, Division], [subdivision, Subdivision], [bridge_length_(m), Length (m)], [bridge_width_(m), Width (m)], [spans, Span], [span_arrangement, Span Arrangement], [completion_year, Const. Year], [map_link(=>{type:link, format:weblink}, Google Map,newtab=>),Google Map View],[bms_inventory(=>{type:link, format:weblink}, BMS Link,newtab=>), BMS Inventory],[bms_detail(=>{type:link, format:weblink},BMS Link,newtab=>), BMS Detailed View]", "f_class_color": "#2edb93", "spans": 15.0, "span_arrangement": "43.32+43.37+43.48+43.33+43.3+43.05+45.17+89.67+46.85+43.03+43.34+43.35+43.36+43.33+43.35", "completion_year": "2012", "bridge_no": "244155913159" }, "geometry": { "type": "Point", "coordinates": [ 91.532939833333003, 24.698609833332998 ] } },
{ "type": "Feature", "properties": { "id": "8105", "sl": 4033, "map_link": "https://maps.google.com/?q=24.92593,91.49206975&amp;z=8&amp;t=k", "image_popup": "8088/bms/assets/uploads/images/bridges/bridge_8105/1716104149.JPG", "bridge_name": "Damdhortupi Bridge", "bridge_type": "RC Girder Bridge", "road_no": "R280", "zone": "Sylhet", "circle": "Sylhet", "division": "Sunamganj", "subdivision": "Chattak", "sae": "Govindaganj", "bridge_length_(m)": 23.4, "bridge_width_(m)": 9.85, "chainage_(km)": 40.684, "ycoord": 24.92593, "xcoord": 91.49206975, "bms_inventory": "http://bms.rhd.gov.bd:8088/bms/bridges/inventory_view/8105", "bms_detail": "http://bms.rhd.gov.bd:8088/bms/bridges/inventory_view/8105", "f_class_name": "RC Girder Bridge", "keys": "[bridge_name, Bridge Name], [bridge_type,Type], [chainage_(km), Chainage (km)], [road_no, On Road], [division, Division], [subdivision, Subdivision], [bridge_length_(m), Length (m)], [bridge_width_(m), Width (m)], [spans, Span], [span_arrangement, Span Arrangement], [completion_year, Const. Year], [map_link(=>{type:link, format:weblink}, Google Map,newtab=>),Google Map View],[bms_inventory(=>{type:link, format:weblink}, BMS Link,newtab=>), BMS Inventory],[bms_detail(=>{type:link, format:weblink},BMS Link,newtab=>), BMS Detailed View]", "f_class_color": "#e8f674", "spans": 2.0, "span_arrangement": "10.95+11.9", "completion_year": "2001", "bridge_no": "245533912931" }, "geometry": { "type": "Point", "coordinates": [ 91.49206975, 24.92593 ] } },
{ "type": "Feature", "properties": { "id": "8107", "sl": 3944, "map_link": "https://maps.google.com/?q=24.92518,91.470669833333&amp;z=8&amp;t=k", "image_popup": "8088/bms/assets/uploads/images/bridges/bridge_8107/1716104834.JPG", "bridge_name": "Dabor Bridge", "bridge_type": "PC Girder Bridge", "road_no": "R280", "zone": "Sylhet", "circle": "Sylhet", "division": "Sunamganj", "subdivision": "Chattak", "sae": "Govindaganj", "bridge_length_(m)": 194.36, "bridge_width_(m)": 9.75, "chainage_(km)": 42.885, "ycoord": 24.92518, "xcoord": 91.470669833333005, "bms_inventory": "http://bms.rhd.gov.bd:8088/bms/bridges/inventory_view/8107", "bms_detail": "http://bms.rhd.gov.bd:8088/bms/bridges/inventory_view/8107", "f_class_name": "PC Girder Bridge", "keys": "[bridge_name, Bridge Name], [bridge_type,Type], [chainage_(km), Chainage (km)], [road_no, On Road], [division, Division], [subdivision, Subdivision], [bridge_length_(m), Length (m)], [bridge_width_(m), Width (m)], [spans, Span], [span_arrangement, Span Arrangement], [completion_year, Const. Year], [map_link(=>{type:link, format:weblink}, Google Map,newtab=>),Google Map View],[bms_inventory(=>{type:link, format:weblink}, BMS Link,newtab=>), BMS Inventory],[bms_detail(=>{type:link, format:weblink},BMS Link,newtab=>), BMS Detailed View]", "f_class_color": "#6ebed6", "spans": 5.0, "span_arrangement": "38.66+39.2+39.17+37.1+39.63", "completion_year": "2010", "bridge_no": "245531912814" }, "geometry": { "type": "Point", "coordinates": [ 91.470669833333005, 24.92518 ] } },
{ "type": "Feature", "properties": { "id": "8109", "sl": 11588, "map_link": "https://maps.google.com/?q=24.92819,91.447909833333&amp;z=8&amp;t=k", "image_popup": "8088/bms/assets/uploads/images/bridges/bridge_8109/1716106796.JPG", "bridge_name": "Pagla Bridge", "bridge_type": "RC Girder Bridge", "road_no": "R280", "zone": "Sylhet", "circle": "Sylhet", "division": "Sunamganj", "subdivision": "Chattak", "sae": "Pagla", "bridge_length_(m)": 32.3, "bridge_width_(m)": 9.76, "chainage_(km)": 45.386, "ycoord": 24.92819, "xcoord": 91.447909833333, "bms_inventory": "http://bms.rhd.gov.bd:8088/bms/bridges/inventory_view/8109", "bms_detail": "http://bms.rhd.gov.bd:8088/bms/bridges/inventory_view/8109", "f_class_name": "RC Girder Bridge", "keys": "[bridge_name, Bridge Name], [bridge_type,Type], [chainage_(km), Chainage (km)], [road_no, On Road], [division, Division], [subdivision, Subdivision], [bridge_length_(m), Length (m)], [bridge_width_(m), Width (m)], [spans, Span], [span_arrangement, Span Arrangement], [completion_year, Const. Year], [map_link(=>{type:link, format:weblink}, Google Map,newtab=>),Google Map View],[bms_inventory(=>{type:link, format:weblink}, BMS Link,newtab=>), BMS Inventory],[bms_detail(=>{type:link, format:weblink},BMS Link,newtab=>), BMS Detailed View]", "f_class_color": "#e8f674", "spans": 3.0, "span_arrangement": "10.07+11.44+9.96", "completion_year": "1995", "bridge_no": "245541912652" }, "geometry": { "type": "Point", "coordinates": [ 91.447909833333, 24.92819 ] } },
{ "type": "Feature", "properties": { "id": "8110", "sl": 12987, "map_link": "https://maps.google.com/?q=24.93815,91.430629833333&amp;z=8&amp;t=k", "image_popup": "8088/bms/assets/uploads/images/bridges/bridge_8110/1716107678.JPG", "bridge_name": "Sadarpur Bridge", "bridge_type": "RC Girder Bridge", "road_no": "R280", "zone": "Sylhet", "circle": "Sylhet", "division": "Sunamganj", "subdivision": "Chattak", "sae": "Pagla", "bridge_length_(m)": 62.0, "bridge_width_(m)": 7.23, "chainage_(km)": 47.479, "ycoord": 24.93815, "xcoord": 91.430629833333001, "bms_inventory": "http://bms.rhd.gov.bd:8088/bms/bridges/inventory_view/8110", "bms_detail": "http://bms.rhd.gov.bd:8088/bms/bridges/inventory_view/8110", "f_class_name": "RC Girder Bridge", "keys": "[bridge_name, Bridge Name], [bridge_type,Type], [chainage_(km), Chainage (km)], [road_no, On Road], [division, Division], [subdivision, Subdivision], [bridge_length_(m), Length (m)], [bridge_width_(m), Width (m)], [spans, Span], [span_arrangement, Span Arrangement], [completion_year, Const. Year], [map_link(=>{type:link, format:weblink}, Google Map,newtab=>),Google Map View],[bms_inventory(=>{type:link, format:weblink}, BMS Link,newtab=>), BMS Inventory],[bms_detail(=>{type:link, format:weblink},BMS Link,newtab=>), BMS Detailed View]", "f_class_color": "#e8f674", "spans": 3.0, "span_arrangement": "18.62+23.93+18.53", "completion_year": "2000", "bridge_no": "245617912550" }, "geometry": { "type": "Point", "coordinates": [ 91.430629833333001, 24.93815 ] } },
{ "type": "Feature", "properties": { "id": "8111", "sl": 8578, "map_link": "https://maps.google.com/?q=24.83519,91.524109833333&amp;z=8&amp;t=k", "image_popup": "8088/bms/assets/uploads/images/bridges/bridge_8111/1716107996.JPG", "bridge_name": "Kolkoliya Bridge", "bridge_type": "Mixed Types Bridge", "road_no": "R241", "zone": "Sylhet", "circle": "Sylhet", "division": "Sunamganj", "subdivision": "Sunamganj", "sae": "Sunamganj-1", "bridge_length_(m)": 63.73, "bridge_width_(m)": 10.2, "chainage_(km)": 33.3, "ycoord": 24.83519, "xcoord": 91.524109833333, "bms_inventory": "http://bms.rhd.gov.bd:8088/bms/bridges/inventory_view/8111", "bms_detail": "http://bms.rhd.gov.bd:8088/bms/bridges/inventory_view/8111", "f_class_name": "Mixed Types Bridge", "keys": "[bridge_name, Bridge Name], [bridge_type,Type], [chainage_(km), Chainage (km)], [road_no, On Road], [division, Division], [subdivision, Subdivision], [bridge_length_(m), Length (m)], [bridge_width_(m), Width (m)], [spans, Span], [span_arrangement, Span Arrangement], [completion_year, Const. Year], [map_link(=>{type:link, format:weblink}, Google Map,newtab=>),Google Map View],[bms_inventory(=>{type:link, format:weblink}, BMS Link,newtab=>), BMS Inventory],[bms_detail(=>{type:link, format:weblink},BMS Link,newtab=>), BMS Detailed View]", "f_class_color": "#2edb93", "spans": 3.0, "span_arrangement": "16.08+31.13+15.98", "completion_year": "2020", "bridge_no": "245007913127" }, "geometry": { "type": "Point", "coordinates": [ 91.524109833333, 24.83519 ] } },
{ "type": "Feature", "properties": { "id": "8113", "sl": 7155, "map_link": "https://maps.google.com/?q=24.94612,91.398929833333&amp;z=8&amp;t=k", "image_popup": "8088/bms/assets/uploads/images/bridges/bridge_8113/1716108767.JPG", "bridge_name": "Joykolos Bridge", "bridge_type": "PC Girder Bridge", "road_no": "R280", "zone": "Sylhet", "circle": "Sylhet", "division": "Sunamganj", "subdivision": "Sunamganj", "sae": "Sunamganj-2", "bridge_length_(m)": 131.0, "bridge_width_(m)": 10.03, "chainage_(km)": 51.065, "ycoord": 24.94612, "xcoord": 91.398929833333, "bms_inventory": "http://bms.rhd.gov.bd:8088/bms/bridges/inventory_view/8113", "bms_detail": "http://bms.rhd.gov.bd:8088/bms/bridges/inventory_view/8113", "f_class_name": "PC Girder Bridge", "keys": "[bridge_name, Bridge Name], [bridge_type,Type], [chainage_(km), Chainage (km)], [road_no, On Road], [division, Division], [subdivision, Subdivision], [bridge_length_(m), Length (m)], [bridge_width_(m), Width (m)], [spans, Span], [span_arrangement, Span Arrangement], [completion_year, Const. Year], [map_link(=>{type:link, format:weblink}, Google Map,newtab=>),Google Map View],[bms_inventory(=>{type:link, format:weblink}, BMS Link,newtab=>), BMS Inventory],[bms_detail(=>{type:link, format:weblink},BMS Link,newtab=>), BMS Detailed View]", "f_class_color": "#6ebed6", "spans": 3.0, "span_arrangement": "43.54+43.29+43.42", "completion_year": "2014", "bridge_no": "245646912356" }, "geometry": { "type": "Point", "coordinates": [ 91.398929833333, 24.94612 ] } },
{ "type": "Feature", "properties": { "id": "8117", "sl": 210, "map_link": "https://maps.google.com/?q=24.96093,91.398169833333&amp;z=8&amp;t=k", "image_popup": "8088/bms/assets/uploads/images/bridges/bridge_8117/1716109605.JPG", "bridge_name": "Ahasanmara Bridge", "bridge_type": "PC Girder Bridge", "road_no": "R280", "zone": "Sylhet", "circle": "Sylhet", "division": "Sunamganj", "subdivision": "Sunamganj", "sae": "Sunamganj-2", "bridge_length_(m)": 150.55, "bridge_width_(m)": 10.28, "chainage_(km)": 52.773, "ycoord": 24.96093, "xcoord": 91.398169833333, "bms_inventory": "http://bms.rhd.gov.bd:8088/bms/bridges/inventory_view/8117", "bms_detail": "http://bms.rhd.gov.bd:8088/bms/bridges/inventory_view/8117", "f_class_name": "PC Girder Bridge", "keys": "[bridge_name, Bridge Name], [bridge_type,Type], [chainage_(km), Chainage (km)], [road_no, On Road], [division, Division], [subdivision, Subdivision], [bridge_length_(m), Length (m)], [bridge_width_(m), Width (m)], [spans, Span], [span_arrangement, Span Arrangement], [completion_year, Const. Year], [map_link(=>{type:link, format:weblink}, Google Map,newtab=>),Google Map View],[bms_inventory(=>{type:link, format:weblink}, BMS Link,newtab=>), BMS Inventory],[bms_detail(=>{type:link, format:weblink},BMS Link,newtab=>), BMS Detailed View]", "f_class_color": "#6ebed6", "spans": 4.0, "span_arrangement": "37.34+37.54+37.62+37.68", "completion_year": "2014", "bridge_no": "245739912353" }, "geometry": { "type": "Point", "coordinates": [ 91.398169833333, 24.96093 ] } },
{ "type": "Feature", "properties": { "id": "8118", "sl": 12676, "map_link": "https://maps.google.com/?q=24.705149833333,91.538179833333&amp;z=8&amp;t=k", "image_popup": "8088/bms/assets/uploads/images/bridges/bridge_8118/1716109723.jpg", "bridge_name": "Raniganj Bridge 2", "bridge_type": "PC Girder Bridge", "road_no": "R241", "zone": "Sylhet", "circle": "Sylhet", "division": "Sunamganj", "subdivision": "Sunamganj", "sae": "Sunamganj-1", "bridge_length_(m)": 31.88, "bridge_width_(m)": 10.27, "chainage_(km)": 16.647, "ycoord": 24.705149833333, "xcoord": 91.538179833333004, "bms_inventory": "http://bms.rhd.gov.bd:8088/bms/bridges/inventory_view/8118", "bms_detail": "http://bms.rhd.gov.bd:8088/bms/bridges/inventory_view/8118", "f_class_name": "PC Girder Bridge", "keys": "[bridge_name, Bridge Name], [bridge_type,Type], [chainage_(km), Chainage (km)], [road_no, On Road], [division, Division], [subdivision, Subdivision], [bridge_length_(m), Length (m)], [bridge_width_(m), Width (m)], [spans, Span], [span_arrangement, Span Arrangement], [completion_year, Const. Year], [map_link(=>{type:link, format:weblink}, Google Map,newtab=>),Google Map View],[bms_inventory(=>{type:link, format:weblink}, BMS Link,newtab=>), BMS Inventory],[bms_detail(=>{type:link, format:weblink},BMS Link,newtab=>), BMS Detailed View]", "f_class_color": "#6ebed6", "spans": 1.0, "span_arrangement": "31.22", "completion_year": "2022", "bridge_no": "244219913217" }, "geometry": { "type": "Point", "coordinates": [ 91.538179833333004, 24.705149833333 ] } },
{ "type": "Feature", "properties": { "id": "8120", "sl": 3393, "map_link": "https://maps.google.com/?q=25.03196,91.386719833333&amp;z=8&amp;t=k", "image_popup": "8088/bms/assets/uploads/images/bridges/bridge_8120/1716110566.JPG", "bridge_name": "Chiknikhara Bridge", "bridge_type": "PC Girder Bridge", "road_no": "R280", "zone": "Sylhet", "circle": "Sylhet", "division": "Sunamganj", "subdivision": "Sunamganj", "sae": "Sunamganj-2", "bridge_length_(m)": 95.0, "bridge_width_(m)": 10.29, "chainage_(km)": 61.509, "ycoord": 25.03196, "xcoord": 91.386719833333004, "bms_inventory": "http://bms.rhd.gov.bd:8088/bms/bridges/inventory_view/8120", "bms_detail": "http://bms.rhd.gov.bd:8088/bms/bridges/inventory_view/8120", "f_class_name": "PC Girder Bridge", "keys": "[bridge_name, Bridge Name], [bridge_type,Type], [chainage_(km), Chainage (km)], [road_no, On Road], [division, Division], [subdivision, Subdivision], [bridge_length_(m), Length (m)], [bridge_width_(m), Width (m)], [spans, Span], [span_arrangement, Span Arrangement], [completion_year, Const. Year], [map_link(=>{type:link, format:weblink}, Google Map,newtab=>),Google Map View],[bms_inventory(=>{type:link, format:weblink}, BMS Link,newtab=>), BMS Inventory],[bms_detail(=>{type:link, format:weblink},BMS Link,newtab=>), BMS Detailed View]", "f_class_color": "#6ebed6", "spans": 3.0, "span_arrangement": "31.31+31.56+31.25", "completion_year": "2014", "bridge_no": "250155912312" }, "geometry": { "type": "Point", "coordinates": [ 91.386719833333004, 25.03196 ] } },
{ "type": "Feature", "properties": { "id": "8121", "sl": 4067, "map_link": "https://maps.google.com/?q=24.84307,91.518979833333&amp;z=8&amp;t=k", "image_popup": "8088/bms/assets/uploads/images/bridges/bridge_8121/1716111256.JPG", "bridge_name": "Darakhai Bridge", "bridge_type": "PC Girder Bridge", "road_no": "R241", "zone": "Sylhet", "circle": "Sylhet", "division": "Sunamganj", "subdivision": "Sunamganj", "sae": "Sunamganj-1", "bridge_length_(m)": 94.11, "bridge_width_(m)": 10.26, "chainage_(km)": 34.3, "ycoord": 24.84307, "xcoord": 91.518979833333006, "bms_inventory": "http://bms.rhd.gov.bd:8088/bms/bridges/inventory_view/8121", "bms_detail": "http://bms.rhd.gov.bd:8088/bms/bridges/inventory_view/8121", "f_class_name": "PC Girder Bridge", "keys": "[bridge_name, Bridge Name], [bridge_type,Type], [chainage_(km), Chainage (km)], [road_no, On Road], [division, Division], [subdivision, Subdivision], [bridge_length_(m), Length (m)], [bridge_width_(m), Width (m)], [spans, Span], [span_arrangement, Span Arrangement], [completion_year, Const. Year], [map_link(=>{type:link, format:weblink}, Google Map,newtab=>),Google Map View],[bms_inventory(=>{type:link, format:weblink}, BMS Link,newtab=>), BMS Inventory],[bms_detail(=>{type:link, format:weblink},BMS Link,newtab=>), BMS Detailed View]", "f_class_color": "#6ebed6", "spans": 3.0, "span_arrangement": "31.16+31.22+31.18", "completion_year": "2022", "bridge_no": "245035913108" }, "geometry": { "type": "Point", "coordinates": [ 91.518979833333006, 24.84307 ] } },
{ "type": "Feature", "properties": { "id": "8129", "sl": 8624, "map_link": "https://maps.google.com/?q=24.854869833333,91.514089833333&amp;z=8&amp;t=k", "image_popup": "8088/bms/assets/uploads/images/bridges/bridge_8129/1716113064.JPG", "bridge_name": "Kondhanala Bridge", "bridge_type": "PC Girder Bridge", "road_no": "R241", "zone": "Sylhet", "circle": "Sylhet", "division": "Sunamganj", "subdivision": "Sunamganj", "sae": "Sunamganj-1", "bridge_length_(m)": 50.15, "bridge_width_(m)": 10.22, "chainage_(km)": 35.147, "ycoord": 24.854869833333002, "xcoord": 91.514089833333003, "bms_inventory": "http://bms.rhd.gov.bd:8088/bms/bridges/inventory_view/8129", "bms_detail": "http://bms.rhd.gov.bd:8088/bms/bridges/inventory_view/8129", "f_class_name": "PC Girder Bridge", "keys": "[bridge_name, Bridge Name], [bridge_type,Type], [chainage_(km), Chainage (km)], [road_no, On Road], [division, Division], [subdivision, Subdivision], [bridge_length_(m), Length (m)], [bridge_width_(m), Width (m)], [spans, Span], [span_arrangement, Span Arrangement], [completion_year, Const. Year], [map_link(=>{type:link, format:weblink}, Google Map,newtab=>),Google Map View],[bms_inventory(=>{type:link, format:weblink}, BMS Link,newtab=>), BMS Inventory],[bms_detail(=>{type:link, format:weblink},BMS Link,newtab=>), BMS Detailed View]", "f_class_color": "#6ebed6", "spans": 1.0, "span_arrangement": "49.55", "completion_year": "2022", "bridge_no": "245118913051" }, "geometry": { "type": "Point", "coordinates": [ 91.514089833333003, 24.854869833333002 ] } },
{ "type": "Feature", "properties": { "id": "8131", "sl": 7886, "map_link": "https://maps.google.com/?q=24.74088,91.5473&amp;z=8&amp;t=k", "image_popup": "8088/bms/assets/uploads/images/bridges/bridge_8131/1716176652.JPG", "bridge_name": "Katakhal Bridge.", "bridge_type": "Mixed Types Bridge", "road_no": "R241", "zone": "Sylhet", "circle": "Sylhet", "division": "Sunamganj", "subdivision": "Sunamganj", "sae": "Sunamganj-1", "bridge_length_(m)": 79.01, "bridge_width_(m)": 10.3, "chainage_(km)": 21.147, "ycoord": 24.74088, "xcoord": 91.5473, "bms_inventory": "http://bms.rhd.gov.bd:8088/bms/bridges/inventory_view/8131", "bms_detail": "http://bms.rhd.gov.bd:8088/bms/bridges/inventory_view/8131", "f_class_name": "Mixed Types Bridge", "keys": "[bridge_name, Bridge Name], [bridge_type,Type], [chainage_(km), Chainage (km)], [road_no, On Road], [division, Division], [subdivision, Subdivision], [bridge_length_(m), Length (m)], [bridge_width_(m), Width (m)], [spans, Span], [span_arrangement, Span Arrangement], [completion_year, Const. Year], [map_link(=>{type:link, format:weblink}, Google Map,newtab=>),Google Map View],[bms_inventory(=>{type:link, format:weblink}, BMS Link,newtab=>), BMS Inventory],[bms_detail(=>{type:link, format:weblink},BMS Link,newtab=>), BMS Detailed View]", "f_class_color": "#2edb93", "spans": 3.0, "span_arrangement": "22.04+34.17+22.1", "completion_year": "2022", "bridge_no": "244427913250" }, "geometry": { "type": "Point", "coordinates": [ 91.5473, 24.74088 ] } },
{ "type": "Feature", "properties": { "id": "8132", "sl": 15753, "map_link": "https://maps.google.com/?q=24.87001,91.496189833333&amp;z=8&amp;t=k", "image_popup": "8088/bms/assets/uploads/images/bridges/bridge_8132/1716176950.JPG", "bridge_name": "Vombomi Bridge 2", "bridge_type": "PC Girder Bridge", "road_no": "R241", "zone": "Sylhet", "circle": "Sylhet", "division": "Sunamganj", "subdivision": "Sunamganj", "sae": "Sunamganj-1", "bridge_length_(m)": 66.15, "bridge_width_(m)": 7.57, "chainage_(km)": 37.847, "ycoord": 24.87001, "xcoord": 91.496189833333005, "bms_inventory": "http://bms.rhd.gov.bd:8088/bms/bridges/inventory_view/8132", "bms_detail": "http://bms.rhd.gov.bd:8088/bms/bridges/inventory_view/8132", "f_class_name": "PC Girder Bridge", "keys": "[bridge_name, Bridge Name], [bridge_type,Type], [chainage_(km), Chainage (km)], [road_no, On Road], [division, Division], [subdivision, Subdivision], [bridge_length_(m), Length (m)], [bridge_width_(m), Width (m)], [spans, Span], [span_arrangement, Span Arrangement], [completion_year, Const. Year], [map_link(=>{type:link, format:weblink}, Google Map,newtab=>),Google Map View],[bms_inventory(=>{type:link, format:weblink}, BMS Link,newtab=>), BMS Inventory],[bms_detail(=>{type:link, format:weblink},BMS Link,newtab=>), BMS Detailed View]", "f_class_color": "#6ebed6", "spans": 3.0, "span_arrangement": "21.7+22.09+21.76", "completion_year": "2015", "bridge_no": "245212912946" }, "geometry": { "type": "Point", "coordinates": [ 91.496189833333005, 24.87001 ] } },
{ "type": "Feature", "properties": { "id": "8133", "sl": 7889, "map_link": "https://maps.google.com/?q=24.745219833333,91.54751&amp;z=8&amp;t=k", "image_popup": "8088/bms/assets/uploads/images/bridges/bridge_8133/1716177358.JPG", "bridge_name": "Katakhal Truss Bridge", "bridge_type": "Truss Bridge", "road_no": "R241", "zone": "Sylhet", "circle": "Sylhet", "division": "Sunamganj", "subdivision": "Sunamganj", "sae": "Sunamganj-1", "bridge_length_(m)": 178.69, "bridge_width_(m)": 4.04, "chainage_(km)": 22.0, "ycoord": 24.745219833333, "xcoord": 91.54751, "bms_inventory": "http://bms.rhd.gov.bd:8088/bms/bridges/inventory_view/8133", "bms_detail": "http://bms.rhd.gov.bd:8088/bms/bridges/inventory_view/8133", "f_class_name": "Truss Bridge", "keys": "[bridge_name, Bridge Name], [bridge_type,Type], [chainage_(km), Chainage (km)], [road_no, On Road], [division, Division], [subdivision, Subdivision], [bridge_length_(m), Length (m)], [bridge_width_(m), Width (m)], [spans, Span], [span_arrangement, Span Arrangement], [completion_year, Const. Year], [map_link(=>{type:link, format:weblink}, Google Map,newtab=>),Google Map View],[bms_inventory(=>{type:link, format:weblink}, BMS Link,newtab=>), BMS Inventory],[bms_detail(=>{type:link, format:weblink},BMS Link,newtab=>), BMS Detailed View]", "f_class_color": "#6470da", "spans": 5.0, "span_arrangement": "24.78+24.89+29.78+24.92+24.73", "completion_year": "2003", "bridge_no": "244443913251" }, "geometry": { "type": "Point", "coordinates": [ 91.54751, 24.745219833333 ] } },
{ "type": "Feature", "properties": { "id": "8134", "sl": 15752, "map_link": "https://maps.google.com/?q=24.86785,91.50027&amp;z=8&amp;t=k", "image_popup": "8088/bms/assets/uploads/images/bridges/bridge_8134/1716178318.JPG", "bridge_name": "Vombomi Bridge 1", "bridge_type": "Portable Steel Bridge", "road_no": "R241", "zone": "Sylhet", "circle": "Sylhet", "division": "Sunamganj", "subdivision": "Sunamganj", "sae": "Sunamganj-1", "bridge_length_(m)": 39.29, "bridge_width_(m)": 4.89, "chainage_(km)": 37.9, "ycoord": 24.86785, "xcoord": 91.50027, "bms_inventory": "http://bms.rhd.gov.bd:8088/bms/bridges/inventory_view/8134", "bms_detail": "http://bms.rhd.gov.bd:8088/bms/bridges/inventory_view/8134", "f_class_name": "Portable Steel Bridge", "keys": "[bridge_name, Bridge Name], [bridge_type,Type], [chainage_(km), Chainage (km)], [road_no, On Road], [division, Division], [subdivision, Subdivision], [bridge_length_(m), Length (m)], [bridge_width_(m), Width (m)], [spans, Span], [span_arrangement, Span Arrangement], [completion_year, Const. Year], [map_link(=>{type:link, format:weblink}, Google Map,newtab=>),Google Map View],[bms_inventory(=>{type:link, format:weblink}, BMS Link,newtab=>), BMS Inventory],[bms_detail(=>{type:link, format:weblink},BMS Link,newtab=>), BMS Detailed View]", "f_class_color": "#29ffa4", "spans": null, "span_arrangement": null, "completion_year": null, "bridge_no": null }, "geometry": { "type": "Point", "coordinates": [ 91.50027, 24.86785 ] } },
{ "type": "Feature", "properties": { "id": "8140", "sl": 3801, "map_link": "https://maps.google.com/?q=24.878509833333,91.489109833333&amp;z=8&amp;t=k", "image_popup": "8088/bms/assets/uploads/images/bridges/bridge_8140/1716283433.JPG", "bridge_name": "Choyhara Bridge", "bridge_type": "PC Girder Bridge", "road_no": "R241", "zone": "Sylhet", "circle": "Sylhet", "division": "Sunamganj", "subdivision": "Sunamganj", "sae": "Sunamganj-1", "bridge_length_(m)": 217.75, "bridge_width_(m)": 10.03, "chainage_(km)": 39.047, "ycoord": 24.878509833332998, "xcoord": 91.489109833333004, "bms_inventory": "http://bms.rhd.gov.bd:8088/bms/bridges/inventory_view/8140", "bms_detail": "http://bms.rhd.gov.bd:8088/bms/bridges/inventory_view/8140", "f_class_name": "PC Girder Bridge", "keys": "[bridge_name, Bridge Name], [bridge_type,Type], [chainage_(km), Chainage (km)], [road_no, On Road], [division, Division], [subdivision, Subdivision], [bridge_length_(m), Length (m)], [bridge_width_(m), Width (m)], [spans, Span], [span_arrangement, Span Arrangement], [completion_year, Const. Year], [map_link(=>{type:link, format:weblink}, Google Map,newtab=>),Google Map View],[bms_inventory(=>{type:link, format:weblink}, BMS Link,newtab=>), BMS Inventory],[bms_detail(=>{type:link, format:weblink},BMS Link,newtab=>), BMS Detailed View]", "f_class_color": "#6ebed6", "spans": 5.0, "span_arrangement": "43.37+43.39+43.51+43.43+43.35", "completion_year": "2015", "bridge_no": "245243912921" }, "geometry": { "type": "Point", "coordinates": [ 91.489109833333004, 24.878509833332998 ] } },
{ "type": "Feature", "properties": { "id": "8141", "sl": 4715, "map_link": "https://maps.google.com/?q=24.890679833333,91.47543&amp;z=8&amp;t=k", "image_popup": "8088/bms/assets/uploads/images/bridges/bridge_8141/1716184608.JPG", "bridge_name": "Dorgapasa Bridge", "bridge_type": "PC Girder Bridge", "road_no": "R241", "zone": "Sylhet", "circle": "Sylhet", "division": "Sunamganj", "subdivision": "Sunamganj", "sae": "Sunamganj-1", "bridge_length_(m)": 40.86, "bridge_width_(m)": 10.19, "chainage_(km)": 41.047, "ycoord": 24.890679833332999, "xcoord": 91.47543, "bms_inventory": "http://bms.rhd.gov.bd:8088/bms/bridges/inventory_view/8141", "bms_detail": "http://bms.rhd.gov.bd:8088/bms/bridges/inventory_view/8141", "f_class_name": "PC Girder Bridge", "keys": "[bridge_name, Bridge Name], [bridge_type,Type], [chainage_(km), Chainage (km)], [road_no, On Road], [division, Division], [subdivision, Subdivision], [bridge_length_(m), Length (m)], [bridge_width_(m), Width (m)], [spans, Span], [span_arrangement, Span Arrangement], [completion_year, Const. Year], [map_link(=>{type:link, format:weblink}, Google Map,newtab=>),Google Map View],[bms_inventory(=>{type:link, format:weblink}, BMS Link,newtab=>), BMS Inventory],[bms_detail(=>{type:link, format:weblink},BMS Link,newtab=>), BMS Detailed View]", "f_class_color": "#6ebed6", "spans": 1.0, "span_arrangement": "40.24", "completion_year": "2022", "bridge_no": "245326912832" }, "geometry": { "type": "Point", "coordinates": [ 91.47543, 24.890679833332999 ] } },
{ "type": "Feature", "properties": { "id": "8142", "sl": 274, "map_link": "https://maps.google.com/?q=24.897749833333,91.474509833333&amp;z=8&amp;t=k", "image_popup": "8088/bms/assets/img/no_picture.png", "bridge_name": "Aktapara Bridge", "bridge_type": "Mixed Types Bridge", "road_no": "R241", "zone": "Sylhet", "circle": "Sylhet", "division": "Sunamganj", "subdivision": "Sunamganj", "sae": "Sunamganj-1", "bridge_length_(m)": 69.85, "bridge_width_(m)": 10.15, "chainage_(km)": 41.847, "ycoord": 24.897749833332998, "xcoord": 91.474509833333002, "bms_inventory": "http://bms.rhd.gov.bd:8088/bms/bridges/inventory_view/8142", "bms_detail": "http://bms.rhd.gov.bd:8088/bms/bridges/inventory_view/8142", "f_class_name": "Mixed Types Bridge", "keys": "[bridge_name, Bridge Name], [bridge_type,Type], [chainage_(km), Chainage (km)], [road_no, On Road], [division, Division], [subdivision, Subdivision], [bridge_length_(m), Length (m)], [bridge_width_(m), Width (m)], [spans, Span], [span_arrangement, Span Arrangement], [completion_year, Const. Year], [map_link(=>{type:link, format:weblink}, Google Map,newtab=>),Google Map View],[bms_inventory(=>{type:link, format:weblink}, BMS Link,newtab=>), BMS Inventory],[bms_detail(=>{type:link, format:weblink},BMS Link,newtab=>), BMS Detailed View]", "f_class_color": "#2edb93", "spans": 3.0, "span_arrangement": "16+37.4+15.19", "completion_year": "2022", "bridge_no": "245352912828" }, "geometry": { "type": "Point", "coordinates": [ 91.474509833333002, 24.897749833332998 ] } },
{ "type": "Feature", "properties": { "id": "8143", "sl": 14050, "map_link": "https://maps.google.com/?q=24.91008,91.466089833333&amp;z=8&amp;t=k", "image_popup": "8088/bms/assets/uploads/images/bridges/bridge_8143/1716185920.jpg", "bridge_name": "Sichni Bridge", "bridge_type": "Mixed Types Bridge", "road_no": "R241", "zone": "Sylhet", "circle": "Sylhet", "division": "Sunamganj", "subdivision": "Sunamganj", "sae": "Sunamganj-1", "bridge_length_(m)": 31.96, "bridge_width_(m)": 9.1, "chainage_(km)": 43.497, "ycoord": 24.91008, "xcoord": 91.466089833333001, "bms_inventory": "http://bms.rhd.gov.bd:8088/bms/bridges/inventory_view/8143", "bms_detail": "http://bms.rhd.gov.bd:8088/bms/bridges/inventory_view/8143", "f_class_name": "Mixed Types Bridge", "keys": "[bridge_name, Bridge Name], [bridge_type,Type], [chainage_(km), Chainage (km)], [road_no, On Road], [division, Division], [subdivision, Subdivision], [bridge_length_(m), Length (m)], [bridge_width_(m), Width (m)], [spans, Span], [span_arrangement, Span Arrangement], [completion_year, Const. Year], [map_link(=>{type:link, format:weblink}, Google Map,newtab=>),Google Map View],[bms_inventory(=>{type:link, format:weblink}, BMS Link,newtab=>), BMS Inventory],[bms_detail(=>{type:link, format:weblink},BMS Link,newtab=>), BMS Detailed View]", "f_class_color": "#2edb93", "spans": 3.0, "span_arrangement": "6.15+18.93+6.07", "completion_year": "2012", "bridge_no": "245436912758" }, "geometry": { "type": "Point", "coordinates": [ 91.466089833333001, 24.91008 ] } },
{ "type": "Feature", "properties": { "id": "8164", "sl": 7417, "map_link": "https://maps.google.com/?q=24.902868,91.47015&amp;z=8&amp;t=k", "image_popup": "8088/bms/assets/uploads/images/bridges/bridge_8164/1718179298.jpg", "bridge_name": "Kalapul Bridge", "bridge_type": "PC Girder Bridge", "road_no": "R241", "zone": "Sylhet", "circle": "Sylhet", "division": "Sunamganj", "subdivision": "Sunamganj", "sae": "Sunamganj-1", "bridge_length_(m)": 34.85, "bridge_width_(m)": 10.13, "chainage_(km)": 42.597, "ycoord": 24.902868, "xcoord": 91.47015, "bms_inventory": "http://bms.rhd.gov.bd:8088/bms/bridges/inventory_view/8164", "bms_detail": "http://bms.rhd.gov.bd:8088/bms/bridges/inventory_view/8164", "f_class_name": "PC Girder Bridge", "keys": "[bridge_name, Bridge Name], [bridge_type,Type], [chainage_(km), Chainage (km)], [road_no, On Road], [division, Division], [subdivision, Subdivision], [bridge_length_(m), Length (m)], [bridge_width_(m), Width (m)], [spans, Span], [span_arrangement, Span Arrangement], [completion_year, Const. Year], [map_link(=>{type:link, format:weblink}, Google Map,newtab=>),Google Map View],[bms_inventory(=>{type:link, format:weblink}, BMS Link,newtab=>), BMS Inventory],[bms_detail(=>{type:link, format:weblink},BMS Link,newtab=>), BMS Detailed View]", "f_class_color": "#6ebed6", "spans": 1.0, "span_arrangement": "34.31", "completion_year": "2022", "bridge_no": "245410912813" }, "geometry": { "type": "Point", "coordinates": [ 91.47015, 24.902868 ] } },
{ "type": "Feature", "properties": { "id": "8253", "sl": 94, "map_link": "https://maps.google.com/?q=11.375833333333,44.933333333333&amp;z=8&amp;t=k", "image_popup": "8088/bms/assets/uploads/images/bridges/bridge_8253/1716963909.JPG", "bridge_name": "Abduz Zuhor Bridge", "bridge_type": "Mixed Types Bridge", "road_no": "Z2804", "zone": "Sylhet", "circle": "Sylhet", "division": "Sunamganj", "subdivision": "Sunamganj", "sae": "Sunamganj-1", "bridge_length_(m)": 403.67, "bridge_width_(m)": 10.32, "chainage_(km)": 0.2, "ycoord": 11.375833333333, "xcoord": 44.933333333333003, "bms_inventory": "http://bms.rhd.gov.bd:8088/bms/bridges/inventory_view/8253", "bms_detail": "http://bms.rhd.gov.bd:8088/bms/bridges/inventory_view/8253", "f_class_name": "Mixed Types Bridge", "keys": "[bridge_name, Bridge Name], [bridge_type,Type], [chainage_(km), Chainage (km)], [road_no, On Road], [division, Division], [subdivision, Subdivision], [bridge_length_(m), Length (m)], [bridge_width_(m), Width (m)], [spans, Span], [span_arrangement, Span Arrangement], [completion_year, Const. Year], [map_link(=>{type:link, format:weblink}, Google Map,newtab=>),Google Map View],[bms_inventory(=>{type:link, format:weblink}, BMS Link,newtab=>), BMS Inventory],[bms_detail(=>{type:link, format:weblink},BMS Link,newtab=>), BMS Detailed View]", "f_class_color": "#2edb93", "spans": 7.0, "span_arrangement": "44.17+50.05+49.24+116.2+49.5+49.87+44.2", "completion_year": "2015", "bridge_no": "112233445566" }, "geometry": { "type": "Point", "coordinates": [ 44.933333333333003, 11.375833333333 ] } },
{ "type": "Feature", "properties": { "id": "8268", "sl": 9036, "map_link": "https://maps.google.com/?q=25.08997,91.36749&amp;z=8&amp;t=k", "image_popup": "8088/bms/assets/uploads/images/bridges/bridge_8268/1716969769.jpeg", "bridge_name": "Lalpur Bridge 2", "bridge_type": "PC Girder Bridge", "road_no": "Z2804", "zone": "Sylhet", "circle": "Sylhet", "division": "Sunamganj", "subdivision": "Sunamganj", "sae": "Sunamganj-1", "bridge_length_(m)": 43.95, "bridge_width_(m)": 10.26, "chainage_(km)": 5.446, "ycoord": 25.08997, "xcoord": 91.36749, "bms_inventory": "http://bms.rhd.gov.bd:8088/bms/bridges/inventory_view/8268", "bms_detail": "http://bms.rhd.gov.bd:8088/bms/bridges/inventory_view/8268", "f_class_name": "PC Girder Bridge", "keys": "[bridge_name, Bridge Name], [bridge_type,Type], [chainage_(km), Chainage (km)], [road_no, On Road], [division, Division], [subdivision, Subdivision], [bridge_length_(m), Length (m)], [bridge_width_(m), Width (m)], [spans, Span], [span_arrangement, Span Arrangement], [completion_year, Const. Year], [map_link(=>{type:link, format:weblink}, Google Map,newtab=>),Google Map View],[bms_inventory(=>{type:link, format:weblink}, BMS Link,newtab=>), BMS Inventory],[bms_detail(=>{type:link, format:weblink},BMS Link,newtab=>), BMS Detailed View]", "f_class_color": "#6ebed6", "spans": 1.0, "span_arrangement": "43.35", "completion_year": "2007", "bridge_no": "250524912203" }, "geometry": { "type": "Point", "coordinates": [ 91.36749, 25.08997 ] } },
{ "type": "Feature", "properties": { "id": "8272", "sl": 14235, "map_link": "https://maps.google.com/?q=25.09261,91.36749&amp;z=8&amp;t=k", "image_popup": "8088/bms/assets/uploads/images/bridges/bridge_8272/1716971063.jpeg", "bridge_name": "Sonapur Bridge", "bridge_type": "Mixed Types Bridge", "road_no": "Z2804", "zone": "Sylhet", "circle": "Sylhet", "division": "Sunamganj", "subdivision": "Sunamganj", "sae": "Sunamganj-1", "bridge_length_(m)": 59.07, "bridge_width_(m)": 10.24, "chainage_(km)": 5.743, "ycoord": 25.09261, "xcoord": 91.36749, "bms_inventory": "http://bms.rhd.gov.bd:8088/bms/bridges/inventory_view/8272", "bms_detail": "http://bms.rhd.gov.bd:8088/bms/bridges/inventory_view/8272", "f_class_name": "Mixed Types Bridge", "keys": "[bridge_name, Bridge Name], [bridge_type,Type], [chainage_(km), Chainage (km)], [road_no, On Road], [division, Division], [subdivision, Subdivision], [bridge_length_(m), Length (m)], [bridge_width_(m), Width (m)], [spans, Span], [span_arrangement, Span Arrangement], [completion_year, Const. Year], [map_link(=>{type:link, format:weblink}, Google Map,newtab=>),Google Map View],[bms_inventory(=>{type:link, format:weblink}, BMS Link,newtab=>), BMS Inventory],[bms_detail(=>{type:link, format:weblink},BMS Link,newtab=>), BMS Detailed View]", "f_class_color": "#2edb93", "spans": 3.0, "span_arrangement": "10.49+37.39+10.59", "completion_year": "2010", "bridge_no": "250533912203" }, "geometry": { "type": "Point", "coordinates": [ 91.36749, 25.09261 ] } },
{ "type": "Feature", "properties": { "id": "8276", "sl": 9035, "map_link": "https://maps.google.com/?q=25.07262,91.369129833333&amp;z=8&amp;t=k", "image_popup": "8088/bms/assets/uploads/images/bridges/bridge_8276/1716971500.JPG", "bridge_name": "Lalpur Bridge 1", "bridge_type": "PC Girder Bridge", "road_no": "Z2804", "zone": "Sylhet", "circle": "Sylhet", "division": "Sunamganj", "subdivision": "Sunamganj", "sae": "Sunamganj-1", "bridge_length_(m)": 156.7, "bridge_width_(m)": 10.35, "chainage_(km)": 3.502, "ycoord": 25.07262, "xcoord": 91.369129833333005, "bms_inventory": "http://bms.rhd.gov.bd:8088/bms/bridges/inventory_view/8276", "bms_detail": "http://bms.rhd.gov.bd:8088/bms/bridges/inventory_view/8276", "f_class_name": "PC Girder Bridge", "keys": "[bridge_name, Bridge Name], [bridge_type,Type], [chainage_(km), Chainage (km)], [road_no, On Road], [division, Division], [subdivision, Subdivision], [bridge_length_(m), Length (m)], [bridge_width_(m), Width (m)], [spans, Span], [span_arrangement, Span Arrangement], [completion_year, Const. Year], [map_link(=>{type:link, format:weblink}, Google Map,newtab=>),Google Map View],[bms_inventory(=>{type:link, format:weblink}, BMS Link,newtab=>), BMS Inventory],[bms_detail(=>{type:link, format:weblink},BMS Link,newtab=>), BMS Detailed View]", "f_class_color": "#6ebed6", "spans": 5.0, "span_arrangement": "21.92+37.3+37.4+37.4+21.96", "completion_year": "2007", "bridge_no": "250421912209" }, "geometry": { "type": "Point", "coordinates": [ 91.369129833333005, 25.07262 ] } },
{ "type": "Feature", "properties": { "id": "8277", "sl": 2980, "map_link": "https://maps.google.com/?q=25.089779,91.36687&amp;z=8&amp;t=k", "image_popup": "8088/bms/assets/uploads/images/bridges/bridge_8277/1716972003.JPG", "bridge_name": "Chalbon Small Slab Bridge", "bridge_type": "Small Slab Bridge", "road_no": "Z2804", "zone": "Sylhet", "circle": "Sylhet", "division": "Sunamganj", "subdivision": "Sunamganj", "sae": "Sunamganj-1", "bridge_length_(m)": 2.0, "bridge_width_(m)": 13.67, "chainage_(km)": 6.327, "ycoord": 25.089779, "xcoord": 91.36687, "bms_inventory": "http://bms.rhd.gov.bd:8088/bms/bridges/inventory_view/8277", "bms_detail": "http://bms.rhd.gov.bd:8088/bms/bridges/inventory_view/8277", "f_class_name": "Small Slab Bridge", "keys": "[bridge_name, Bridge Name], [bridge_type,Type], [chainage_(km), Chainage (km)], [road_no, On Road], [division, Division], [subdivision, Subdivision], [bridge_length_(m), Length (m)], [bridge_width_(m), Width (m)], [spans, Span], [span_arrangement, Span Arrangement], [completion_year, Const. Year], [map_link(=>{type:link, format:weblink}, Google Map,newtab=>),Google Map View],[bms_inventory(=>{type:link, format:weblink}, BMS Link,newtab=>), BMS Inventory],[bms_detail(=>{type:link, format:weblink},BMS Link,newtab=>), BMS Detailed View]", "f_class_color": "#13b7dd", "spans": 1.0, "span_arrangement": "1.29", "completion_year": "2000", "bridge_no": "250523912201" }, "geometry": { "type": "Point", "coordinates": [ 91.36687, 25.089779 ] } },
{ "type": "Feature", "properties": { "id": "8284", "sl": 2978, "map_link": "https://maps.google.com/?q=25.107309833333,91.363569833333&amp;z=8&amp;t=k", "image_popup": "8088/bms/assets/uploads/images/bridges/bridge_8284/1716974764.jpeg", "bridge_name": "Chalbon Bridge", "bridge_type": "PC Girder Bridge", "road_no": "Z2804", "zone": "Sylhet", "circle": "Sylhet", "division": "Sunamganj", "subdivision": "Sunamganj", "sae": "Sunamganj-1", "bridge_length_(m)": 31.83, "bridge_width_(m)": 10.26, "chainage_(km)": 7.708, "ycoord": 25.107309833333002, "xcoord": 91.363569833333003, "bms_inventory": "http://bms.rhd.gov.bd:8088/bms/bridges/inventory_view/8284", "bms_detail": "http://bms.rhd.gov.bd:8088/bms/bridges/inventory_view/8284", "f_class_name": "PC Girder Bridge", "keys": "[bridge_name, Bridge Name], [bridge_type,Type], [chainage_(km), Chainage (km)], [road_no, On Road], [division, Division], [subdivision, Subdivision], [bridge_length_(m), Length (m)], [bridge_width_(m), Width (m)], [spans, Span], [span_arrangement, Span Arrangement], [completion_year, Const. Year], [map_link(=>{type:link, format:weblink}, Google Map,newtab=>),Google Map View],[bms_inventory(=>{type:link, format:weblink}, BMS Link,newtab=>), BMS Inventory],[bms_detail(=>{type:link, format:weblink},BMS Link,newtab=>), BMS Detailed View]", "f_class_color": "#6ebed6", "spans": 1.0, "span_arrangement": "31.18", "completion_year": "2011", "bridge_no": "250626912149" }, "geometry": { "type": "Point", "coordinates": [ 91.363569833333003, 25.107309833333002 ] } },
{ "type": "Feature", "properties": { "id": "8287", "sl": 6714, "map_link": "https://maps.google.com/?q=25.10938,91.355459833333&amp;z=8&amp;t=k", "image_popup": "8088/bms/assets/uploads/images/bridges/bridge_8287/1716975792.jpeg", "bridge_name": "Jagannathpur Bridge 1", "bridge_type": "PC Girder Bridge", "road_no": "Z2804", "zone": "Sylhet", "circle": "Sylhet", "division": "Sunamganj", "subdivision": "Sunamganj", "sae": "Sunamganj-1", "bridge_length_(m)": 31.75, "bridge_width_(m)": 7.57, "chainage_(km)": 8.549, "ycoord": 25.10938, "xcoord": 91.355459833333001, "bms_inventory": "http://bms.rhd.gov.bd:8088/bms/bridges/inventory_view/8287", "bms_detail": "http://bms.rhd.gov.bd:8088/bms/bridges/inventory_view/8287", "f_class_name": "PC Girder Bridge", "keys": "[bridge_name, Bridge Name], [bridge_type,Type], [chainage_(km), Chainage (km)], [road_no, On Road], [division, Division], [subdivision, Subdivision], [bridge_length_(m), Length (m)], [bridge_width_(m), Width (m)], [spans, Span], [span_arrangement, Span Arrangement], [completion_year, Const. Year], [map_link(=>{type:link, format:weblink}, Google Map,newtab=>),Google Map View],[bms_inventory(=>{type:link, format:weblink}, BMS Link,newtab=>), BMS Inventory],[bms_detail(=>{type:link, format:weblink},BMS Link,newtab=>), BMS Detailed View]", "f_class_color": "#6ebed6", "spans": 1.0, "span_arrangement": "31.21", "completion_year": "2010", "bridge_no": "250634912120" }, "geometry": { "type": "Point", "coordinates": [ 91.355459833333001, 25.10938 ] } },
{ "type": "Feature", "properties": { "id": "8289", "sl": 6715, "map_link": "https://maps.google.com/?q=25.11296,91.349879833333&amp;z=8&amp;t=k", "image_popup": "8088/bms/assets/uploads/images/bridges/bridge_8289/1717042087.jpeg", "bridge_name": "Jagannathpur Bridge 2", "bridge_type": "Portable Steel Bridge", "road_no": "Z2804", "zone": "Sylhet", "circle": "Sylhet", "division": "Sunamganj", "subdivision": "Sunamganj", "sae": "Sunamganj-1", "bridge_length_(m)": 24.94, "bridge_width_(m)": 4.05, "chainage_(km)": 9.236, "ycoord": 25.11296, "xcoord": 91.349879833333006, "bms_inventory": "http://bms.rhd.gov.bd:8088/bms/bridges/inventory_view/8289", "bms_detail": "http://bms.rhd.gov.bd:8088/bms/bridges/inventory_view/8289", "f_class_name": "Portable Steel Bridge", "keys": "[bridge_name, Bridge Name], [bridge_type,Type], [chainage_(km), Chainage (km)], [road_no, On Road], [division, Division], [subdivision, Subdivision], [bridge_length_(m), Length (m)], [bridge_width_(m), Width (m)], [spans, Span], [span_arrangement, Span Arrangement], [completion_year, Const. Year], [map_link(=>{type:link, format:weblink}, Google Map,newtab=>),Google Map View],[bms_inventory(=>{type:link, format:weblink}, BMS Link,newtab=>), BMS Inventory],[bms_detail(=>{type:link, format:weblink},BMS Link,newtab=>), BMS Detailed View]", "f_class_color": "#29ffa4", "spans": 1.0, "span_arrangement": "24.39", "completion_year": "2000", "bridge_no": "250647912060" }, "geometry": { "type": "Point", "coordinates": [ 91.349879833333006, 25.11296 ] } },
{ "type": "Feature", "properties": { "id": "8290", "sl": 6716, "map_link": "https://maps.google.com/?q=25.118159833333,91.3418&amp;z=8&amp;t=k", "image_popup": "8088/bms/assets/uploads/images/bridges/bridge_8290/1717044176.jpg", "bridge_name": "Jagannathpur Bridge 3", "bridge_type": "Portable Steel Bridge", "road_no": "Z2804", "zone": "Sylhet", "circle": "Sylhet", "division": "Sunamganj", "subdivision": "Sunamganj", "sae": "Sunamganj-1", "bridge_length_(m)": 28.17, "bridge_width_(m)": 4.18, "chainage_(km)": 9.258, "ycoord": 25.118159833332999, "xcoord": 91.3418, "bms_inventory": "http://bms.rhd.gov.bd:8088/bms/bridges/inventory_view/8290", "bms_detail": "http://bms.rhd.gov.bd:8088/bms/bridges/inventory_view/8290", "f_class_name": "Portable Steel Bridge", "keys": "[bridge_name, Bridge Name], [bridge_type,Type], [chainage_(km), Chainage (km)], [road_no, On Road], [division, Division], [subdivision, Subdivision], [bridge_length_(m), Length (m)], [bridge_width_(m), Width (m)], [spans, Span], [span_arrangement, Span Arrangement], [completion_year, Const. Year], [map_link(=>{type:link, format:weblink}, Google Map,newtab=>),Google Map View],[bms_inventory(=>{type:link, format:weblink}, BMS Link,newtab=>), BMS Inventory],[bms_detail(=>{type:link, format:weblink},BMS Link,newtab=>), BMS Detailed View]", "f_class_color": "#29ffa4", "spans": 1.0, "span_arrangement": "27.45", "completion_year": "2004", "bridge_no": "250705912030" }, "geometry": { "type": "Point", "coordinates": [ 91.3418, 25.118159833332999 ] } },
{ "type": "Feature", "properties": { "id": "8294", "sl": 11656, "map_link": "https://maps.google.com/?q=25.1214,91.331959833333&amp;z=8&amp;t=k", "image_popup": "8088/bms/assets/uploads/images/bridges/bridge_8294/1717045723.JPG", "bridge_name": "Palash Bridge 1", "bridge_type": "Portable Steel Bridge", "road_no": "Z2804", "zone": "Sylhet", "circle": "Sylhet", "division": "Sunamganj", "subdivision": "Sunamganj", "sae": "Sunamganj-1", "bridge_length_(m)": 19.02, "bridge_width_(m)": 4.03, "chainage_(km)": 11.325, "ycoord": 25.1214, "xcoord": 91.331959833333002, "bms_inventory": "http://bms.rhd.gov.bd:8088/bms/bridges/inventory_view/8294", "bms_detail": "http://bms.rhd.gov.bd:8088/bms/bridges/inventory_view/8294", "f_class_name": "Portable Steel Bridge", "keys": "[bridge_name, Bridge Name], [bridge_type,Type], [chainage_(km), Chainage (km)], [road_no, On Road], [division, Division], [subdivision, Subdivision], [bridge_length_(m), Length (m)], [bridge_width_(m), Width (m)], [spans, Span], [span_arrangement, Span Arrangement], [completion_year, Const. Year], [map_link(=>{type:link, format:weblink}, Google Map,newtab=>),Google Map View],[bms_inventory(=>{type:link, format:weblink}, BMS Link,newtab=>), BMS Inventory],[bms_detail(=>{type:link, format:weblink},BMS Link,newtab=>), BMS Detailed View]", "f_class_color": "#29ffa4", "spans": 1.0, "span_arrangement": "18.29", "completion_year": "2004", "bridge_no": "250717911955" }, "geometry": { "type": "Point", "coordinates": [ 91.331959833333002, 25.1214 ] } },
{ "type": "Feature", "properties": { "id": "8300", "sl": 11657, "map_link": "https://maps.google.com/?q=25.12161,91.318929833333&amp;z=8&amp;t=k", "image_popup": "8088/bms/assets/uploads/images/bridges/bridge_8300/1717047362.JPG", "bridge_name": "Palash Bridge 2", "bridge_type": "Truss Bridge", "road_no": "Z2804", "zone": "Sylhet", "circle": "Sylhet", "division": "Sunamganj", "subdivision": "Sunamganj", "sae": "Sunamganj-1", "bridge_length_(m)": 30.3, "bridge_width_(m)": 3.6, "chainage_(km)": 12.652, "ycoord": 25.12161, "xcoord": 91.318929833333002, "bms_inventory": "http://bms.rhd.gov.bd:8088/bms/bridges/inventory_view/8300", "bms_detail": "http://bms.rhd.gov.bd:8088/bms/bridges/inventory_view/8300", "f_class_name": "Truss Bridge", "keys": "[bridge_name, Bridge Name], [bridge_type,Type], [chainage_(km), Chainage (km)], [road_no, On Road], [division, Division], [subdivision, Subdivision], [bridge_length_(m), Length (m)], [bridge_width_(m), Width (m)], [spans, Span], [span_arrangement, Span Arrangement], [completion_year, Const. Year], [map_link(=>{type:link, format:weblink}, Google Map,newtab=>),Google Map View],[bms_inventory(=>{type:link, format:weblink}, BMS Link,newtab=>), BMS Inventory],[bms_detail(=>{type:link, format:weblink},BMS Link,newtab=>), BMS Detailed View]", "f_class_color": "#6470da", "spans": 1.0, "span_arrangement": "29.81", "completion_year": "2004", "bridge_no": "250718911908" }, "geometry": { "type": "Point", "coordinates": [ 91.318929833333002, 25.12161 ] } },
{ "type": "Feature", "properties": { "id": "8301", "sl": 9189, "map_link": "https://maps.google.com/?q=25.095669833333,91.243539833333&amp;z=8&amp;t=k", "image_popup": "8088/bms/assets/uploads/images/bridges/bridge_8301/1718010580.JPG", "bridge_name": "Lohachora Bridge", "bridge_type": "PC Girder Bridge", "road_no": "Z2806", "zone": "Sylhet", "circle": "Sylhet", "division": "Sunamganj", "subdivision": "Sunamganj", "sae": "Sunamganj-1", "bridge_length_(m)": 31.78, "bridge_width_(m)": 10.25, "chainage_(km)": 8.284, "ycoord": 25.095669833333002, "xcoord": 91.243539833333003, "bms_inventory": "http://bms.rhd.gov.bd:8088/bms/bridges/inventory_view/8301", "bms_detail": "http://bms.rhd.gov.bd:8088/bms/bridges/inventory_view/8301", "f_class_name": "PC Girder Bridge", "keys": "[bridge_name, Bridge Name], [bridge_type,Type], [chainage_(km), Chainage (km)], [road_no, On Road], [division, Division], [subdivision, Subdivision], [bridge_length_(m), Length (m)], [bridge_width_(m), Width (m)], [spans, Span], [span_arrangement, Span Arrangement], [completion_year, Const. Year], [map_link(=>{type:link, format:weblink}, Google Map,newtab=>),Google Map View],[bms_inventory(=>{type:link, format:weblink}, BMS Link,newtab=>), BMS Inventory],[bms_detail(=>{type:link, format:weblink},BMS Link,newtab=>), BMS Detailed View]", "f_class_color": "#6ebed6", "spans": 1.0, "span_arrangement": "31.18", "completion_year": "2012", "bridge_no": "250544911437" }, "geometry": { "type": "Point", "coordinates": [ 91.243539833333003, 25.095669833333002 ] } },
{ "type": "Feature", "properties": { "id": "8304", "sl": 3935, "map_link": "https://maps.google.com/?q=25.1138,91.312539833333&amp;z=8&amp;t=k", "image_popup": "8088/bms/assets/uploads/images/bridges/bridge_8304/1717049265.JPG", "bridge_name": "Current Bazar Bridge", "bridge_type": "PC Girder Bridge", "road_no": "Z2804", "zone": "Sylhet", "circle": "Sylhet", "division": "Sunamganj", "subdivision": "Sunamganj", "sae": "Sunamganj-1", "bridge_length_(m)": 31.77, "bridge_width_(m)": 10.32, "chainage_(km)": 14.038, "ycoord": 25.1138, "xcoord": 91.312539833333005, "bms_inventory": "http://bms.rhd.gov.bd:8088/bms/bridges/inventory_view/8304", "bms_detail": "http://bms.rhd.gov.bd:8088/bms/bridges/inventory_view/8304", "f_class_name": "PC Girder Bridge", "keys": "[bridge_name, Bridge Name], [bridge_type,Type], [chainage_(km), Chainage (km)], [road_no, On Road], [division, Division], [subdivision, Subdivision], [bridge_length_(m), Length (m)], [bridge_width_(m), Width (m)], [spans, Span], [span_arrangement, Span Arrangement], [completion_year, Const. Year], [map_link(=>{type:link, format:weblink}, Google Map,newtab=>),Google Map View],[bms_inventory(=>{type:link, format:weblink}, BMS Link,newtab=>), BMS Inventory],[bms_detail(=>{type:link, format:weblink},BMS Link,newtab=>), BMS Detailed View]", "f_class_color": "#6ebed6", "spans": 1.0, "span_arrangement": "31.15", "completion_year": "2014", "bridge_no": "250650911845" }, "geometry": { "type": "Point", "coordinates": [ 91.312539833333005, 25.1138 ] } },
{ "type": "Feature", "properties": { "id": "8306", "sl": 12509, "map_link": "https://maps.google.com/?q=25.10535,91.307509833333&amp;z=8&amp;t=k", "image_popup": "8088/bms/assets/uploads/images/bridges/bridge_8306/1717050151.JPG", "bridge_name": "Rajghat Bridge 1", "bridge_type": "Portable Steel Bridge", "road_no": "Z2804", "zone": "Sylhet", "circle": "Sylhet", "division": "Sunamganj", "subdivision": "Sunamganj", "sae": "Sunamganj-1", "bridge_length_(m)": 18.73, "bridge_width_(m)": 4.02, "chainage_(km)": 15.111, "ycoord": 25.10535, "xcoord": 91.307509833333, "bms_inventory": "http://bms.rhd.gov.bd:8088/bms/bridges/inventory_view/8306", "bms_detail": "http://bms.rhd.gov.bd:8088/bms/bridges/inventory_view/8306", "f_class_name": "Portable Steel Bridge", "keys": "[bridge_name, Bridge Name], [bridge_type,Type], [chainage_(km), Chainage (km)], [road_no, On Road], [division, Division], [subdivision, Subdivision], [bridge_length_(m), Length (m)], [bridge_width_(m), Width (m)], [spans, Span], [span_arrangement, Span Arrangement], [completion_year, Const. Year], [map_link(=>{type:link, format:weblink}, Google Map,newtab=>),Google Map View],[bms_inventory(=>{type:link, format:weblink}, BMS Link,newtab=>), BMS Inventory],[bms_detail(=>{type:link, format:weblink},BMS Link,newtab=>), BMS Detailed View]", "f_class_color": "#29ffa4", "spans": 1.0, "span_arrangement": "18.3", "completion_year": "2004", "bridge_no": "250619911827" }, "geometry": { "type": "Point", "coordinates": [ 91.307509833333, 25.10535 ] } },
{ "type": "Feature", "properties": { "id": "8308", "sl": 12510, "map_link": "https://maps.google.com/?q=25.10013,91.301019833333&amp;z=8&amp;t=k", "image_popup": "8088/bms/assets/uploads/images/bridges/bridge_8308/1717050841.JPG", "bridge_name": "Rajghat Bridge 2", "bridge_type": "Portable Steel Bridge", "road_no": "Z2804", "zone": "Sylhet", "circle": "Sylhet", "division": "Sunamganj", "subdivision": "Sunamganj", "sae": "Sunamganj-1", "bridge_length_(m)": 18.85, "bridge_width_(m)": 4.07, "chainage_(km)": 15.815, "ycoord": 25.10013, "xcoord": 91.301019833333001, "bms_inventory": "http://bms.rhd.gov.bd:8088/bms/bridges/inventory_view/8308", "bms_detail": "http://bms.rhd.gov.bd:8088/bms/bridges/inventory_view/8308", "f_class_name": "Portable Steel Bridge", "keys": "[bridge_name, Bridge Name], [bridge_type,Type], [chainage_(km), Chainage (km)], [road_no, On Road], [division, Division], [subdivision, Subdivision], [bridge_length_(m), Length (m)], [bridge_width_(m), Width (m)], [spans, Span], [span_arrangement, Span Arrangement], [completion_year, Const. Year], [map_link(=>{type:link, format:weblink}, Google Map,newtab=>),Google Map View],[bms_inventory(=>{type:link, format:weblink}, BMS Link,newtab=>), BMS Inventory],[bms_detail(=>{type:link, format:weblink},BMS Link,newtab=>), BMS Detailed View]", "f_class_color": "#29ffa4", "spans": 1.0, "span_arrangement": "18.26", "completion_year": "2004", "bridge_no": "250600911804" }, "geometry": { "type": "Point", "coordinates": [ 91.301019833333001, 25.10013 ] } },
{ "type": "Feature", "properties": { "id": "8377", "sl": 11822, "map_link": "https://maps.google.com/?q=25.081499833333,91.25211&amp;z=8&amp;t=k", "image_popup": "8088/bms/assets/uploads/images/bridges/bridge_8377/1718008903.JPG", "bridge_name": "Patharia Bridge", "bridge_type": "PC Girder Bridge", "road_no": "Z2806", "zone": "Sylhet", "circle": "Sylhet", "division": "Sunamganj", "subdivision": "Sunamganj", "sae": "Sunamganj-1", "bridge_length_(m)": 31.46, "bridge_width_(m)": 10.23, "chainage_(km)": 7.35, "ycoord": 25.081499833333002, "xcoord": 91.25211, "bms_inventory": "http://bms.rhd.gov.bd:8088/bms/bridges/inventory_view/8377", "bms_detail": "http://bms.rhd.gov.bd:8088/bms/bridges/inventory_view/8377", "f_class_name": "PC Girder Bridge", "keys": "[bridge_name, Bridge Name], [bridge_type,Type], [chainage_(km), Chainage (km)], [road_no, On Road], [division, Division], [subdivision, Subdivision], [bridge_length_(m), Length (m)], [bridge_width_(m), Width (m)], [spans, Span], [span_arrangement, Span Arrangement], [completion_year, Const. Year], [map_link(=>{type:link, format:weblink}, Google Map,newtab=>),Google Map View],[bms_inventory(=>{type:link, format:weblink}, BMS Link,newtab=>), BMS Inventory],[bms_detail(=>{type:link, format:weblink},BMS Link,newtab=>), BMS Detailed View]", "f_class_color": "#6ebed6", "spans": 1.0, "span_arrangement": "31.01", "completion_year": "2015", "bridge_no": "250453911508" }, "geometry": { "type": "Point", "coordinates": [ 91.25211, 25.081499833333002 ] } },
{ "type": "Feature", "properties": { "id": "8631", "sl": 54, "map_link": "https://maps.google.com/?q=24.908699833333,91.823099833333&amp;z=8&amp;t=k", "image_popup": "8088/bms/assets/uploads/images/bridges/bridge_8631/1719469315.JPG", "bridge_name": "3rd Hazart Shahjalal Bridge", "bridge_type": "PC Girder Bridge", "road_no": "R283", "zone": "Sylhet", "circle": "Sylhet", "division": "Sylhet", "subdivision": "Biswanath", "sae": "Biswanath", "bridge_length_(m)": 261.0, "bridge_width_(m)": 10.1, "chainage_(km)": 6.037, "ycoord": 24.908699833332999, "xcoord": 91.823099833333004, "bms_inventory": "http://bms.rhd.gov.bd:8088/bms/bridges/inventory_view/8631", "bms_detail": "http://bms.rhd.gov.bd:8088/bms/bridges/inventory_view/8631", "f_class_name": "PC Girder Bridge", "keys": "[bridge_name, Bridge Name], [bridge_type,Type], [chainage_(km), Chainage (km)], [road_no, On Road], [division, Division], [subdivision, Subdivision], [bridge_length_(m), Length (m)], [bridge_width_(m), Width (m)], [spans, Span], [span_arrangement, Span Arrangement], [completion_year, Const. Year], [map_link(=>{type:link, format:weblink}, Google Map,newtab=>),Google Map View],[bms_inventory(=>{type:link, format:weblink}, BMS Link,newtab=>), BMS Inventory],[bms_detail(=>{type:link, format:weblink},BMS Link,newtab=>), BMS Detailed View]", "f_class_color": "#6ebed6", "spans": 6.0, "span_arrangement": "43.25+43.3+43.4+43.4+43.3+43.3", "completion_year": "1992", "bridge_no": "2454319149231" }, "geometry": { "type": "Point", "coordinates": [ 91.823099833333004, 24.908699833332999 ] } },
{ "type": "Feature", "properties": { "id": "8634", "sl": 12864, "map_link": "https://maps.google.com/?q=24.81071,91.78999&amp;z=8&amp;t=k", "image_popup": "8088/bms/assets/uploads/images/bridges/bridge_8634/1719649461.JPG", "bridge_name": "Roshidpur Bridge", "bridge_type": "PC Girder Bridge", "road_no": "Z2016", "zone": "Sylhet", "circle": "Sylhet", "division": "Sylhet", "subdivision": "Biswanath", "sae": "Biswanath", "bridge_length_(m)": 25.6, "bridge_width_(m)": 10.2, "chainage_(km)": 0.221, "ycoord": 24.81071, "xcoord": 91.78999, "bms_inventory": "http://bms.rhd.gov.bd:8088/bms/bridges/inventory_view/8634", "bms_detail": "http://bms.rhd.gov.bd:8088/bms/bridges/inventory_view/8634", "f_class_name": "PC Girder Bridge", "keys": "[bridge_name, Bridge Name], [bridge_type,Type], [chainage_(km), Chainage (km)], [road_no, On Road], [division, Division], [subdivision, Subdivision], [bridge_length_(m), Length (m)], [bridge_width_(m), Width (m)], [spans, Span], [span_arrangement, Span Arrangement], [completion_year, Const. Year], [map_link(=>{type:link, format:weblink}, Google Map,newtab=>),Google Map View],[bms_inventory(=>{type:link, format:weblink}, BMS Link,newtab=>), BMS Inventory],[bms_detail(=>{type:link, format:weblink},BMS Link,newtab=>), BMS Detailed View]", "f_class_color": "#6ebed6", "spans": 1.0, "span_arrangement": "25", "completion_year": "2015", "bridge_no": "244839914724" }, "geometry": { "type": "Point", "coordinates": [ 91.78999, 24.81071 ] } },
{ "type": "Feature", "properties": { "id": "8635", "sl": 362, "map_link": "https://maps.google.com/?q=25.06979,91.25211&amp;z=8&amp;t=k", "image_popup": "8088/bms/assets/uploads/images/bridges/bridge_8635/1718004354.JPG", "bridge_name": "Alipur Bridge", "bridge_type": "PC Girder Bridge", "road_no": "Z2806", "zone": "Sylhet", "circle": "Sylhet", "division": "Sunamganj", "subdivision": "Sunamganj", "sae": "Sunamganj-1", "bridge_length_(m)": 43.81, "bridge_width_(m)": 10.24, "chainage_(km)": 5.535, "ycoord": 25.06979, "xcoord": 91.25211, "bms_inventory": "http://bms.rhd.gov.bd:8088/bms/bridges/inventory_view/8635", "bms_detail": "http://bms.rhd.gov.bd:8088/bms/bridges/inventory_view/8635", "f_class_name": "PC Girder Bridge", "keys": "[bridge_name, Bridge Name], [bridge_type,Type], [chainage_(km), Chainage (km)], [road_no, On Road], [division, Division], [subdivision, Subdivision], [bridge_length_(m), Length (m)], [bridge_width_(m), Width (m)], [spans, Span], [span_arrangement, Span Arrangement], [completion_year, Const. Year], [map_link(=>{type:link, format:weblink}, Google Map,newtab=>),Google Map View],[bms_inventory(=>{type:link, format:weblink}, BMS Link,newtab=>), BMS Inventory],[bms_detail(=>{type:link, format:weblink},BMS Link,newtab=>), BMS Detailed View]", "f_class_color": "#6ebed6", "spans": 1.0, "span_arrangement": "43.23", "completion_year": "2012", "bridge_no": "250411911508" }, "geometry": { "type": "Point", "coordinates": [ 91.25211, 25.06979 ] } },
{ "type": "Feature", "properties": { "id": "8636", "sl": 15604, "map_link": "https://maps.google.com/?q=24.812999833333,91.770189833333&amp;z=8&amp;t=k", "image_popup": "8088/bms/assets/uploads/images/bridges/bridge_8636/1719649730.JPG", "bridge_name": "Vangarpul Bridge", "bridge_type": "RC Slab Bridge", "road_no": "Z2016", "zone": "Sylhet", "circle": "Sylhet", "division": "Sylhet", "subdivision": "Biswanath", "sae": "Biswanath", "bridge_length_(m)": 24.5, "bridge_width_(m)": 9.45, "chainage_(km)": 2.28, "ycoord": 24.812999833332999, "xcoord": 91.770189833333006, "bms_inventory": "http://bms.rhd.gov.bd:8088/bms/bridges/inventory_view/8636", "bms_detail": "http://bms.rhd.gov.bd:8088/bms/bridges/inventory_view/8636", "f_class_name": "RC Slab Bridge", "keys": "[bridge_name, Bridge Name], [bridge_type,Type], [chainage_(km), Chainage (km)], [road_no, On Road], [division, Division], [subdivision, Subdivision], [bridge_length_(m), Length (m)], [bridge_width_(m), Width (m)], [spans, Span], [span_arrangement, Span Arrangement], [completion_year, Const. Year], [map_link(=>{type:link, format:weblink}, Google Map,newtab=>),Google Map View],[bms_inventory(=>{type:link, format:weblink}, BMS Link,newtab=>), BMS Inventory],[bms_detail(=>{type:link, format:weblink},BMS Link,newtab=>), BMS Detailed View]", "f_class_color": "#088afa", "spans": 3.0, "span_arrangement": "7.9+8+7.9", "completion_year": "2010", "bridge_no": "244847914613" }, "geometry": { "type": "Point", "coordinates": [ 91.770189833333006, 24.812999833332999 ] } },
{ "type": "Feature", "properties": { "id": "8637", "sl": 1069, "map_link": "https://maps.google.com/?q=24.813459833333,91.7557&amp;z=8&amp;t=k", "image_popup": "8088/bms/assets/uploads/images/bridges/bridge_8637/1719650980.JPG", "bridge_name": "Baissha Bridge", "bridge_type": "RC Girder Bridge", "road_no": "Z2016", "zone": "Sylhet", "circle": "Sylhet", "division": "Sylhet", "subdivision": "Biswanath", "sae": "Biswanath", "bridge_length_(m)": 51.3, "bridge_width_(m)": 10.0, "chainage_(km)": 3.759, "ycoord": 24.813459833332999, "xcoord": 91.7557, "bms_inventory": "http://bms.rhd.gov.bd:8088/bms/bridges/inventory_view/8637", "bms_detail": "http://bms.rhd.gov.bd:8088/bms/bridges/inventory_view/8637", "f_class_name": "RC Girder Bridge", "keys": "[bridge_name, Bridge Name], [bridge_type,Type], [chainage_(km), Chainage (km)], [road_no, On Road], [division, Division], [subdivision, Subdivision], [bridge_length_(m), Length (m)], [bridge_width_(m), Width (m)], [spans, Span], [span_arrangement, Span Arrangement], [completion_year, Const. Year], [map_link(=>{type:link, format:weblink}, Google Map,newtab=>),Google Map View],[bms_inventory(=>{type:link, format:weblink}, BMS Link,newtab=>), BMS Inventory],[bms_detail(=>{type:link, format:weblink},BMS Link,newtab=>), BMS Detailed View]", "f_class_color": "#e8f674", "spans": 3.0, "span_arrangement": "15.9+18.9+15.9", "completion_year": "2005", "bridge_no": "244848914521" }, "geometry": { "type": "Point", "coordinates": [ 91.7557, 24.813459833332999 ] } },
{ "type": "Feature", "properties": { "id": "8658", "sl": 11110, "map_link": "https://maps.google.com/?q=24.830709833333,91.733009833333&amp;z=8&amp;t=k", "image_popup": "8088/bms/assets/uploads/images/bridges/bridge_8658/1719653371.jpeg", "bridge_name": "Nokikhali Bridge", "bridge_type": "RC Girder Bridge", "road_no": "Z2016", "zone": "Sylhet", "circle": "Sylhet", "division": "Sylhet", "subdivision": "Biswanath", "sae": "Biswanath", "bridge_length_(m)": 20.0, "bridge_width_(m)": 7.5, "chainage_(km)": 6.777, "ycoord": 24.830709833333, "xcoord": 91.733009833333, "bms_inventory": "http://bms.rhd.gov.bd:8088/bms/bridges/inventory_view/8658", "bms_detail": "http://bms.rhd.gov.bd:8088/bms/bridges/inventory_view/8658", "f_class_name": "RC Girder Bridge", "keys": "[bridge_name, Bridge Name], [bridge_type,Type], [chainage_(km), Chainage (km)], [road_no, On Road], [division, Division], [subdivision, Subdivision], [bridge_length_(m), Length (m)], [bridge_width_(m), Width (m)], [spans, Span], [span_arrangement, Span Arrangement], [completion_year, Const. Year], [map_link(=>{type:link, format:weblink}, Google Map,newtab=>),Google Map View],[bms_inventory(=>{type:link, format:weblink}, BMS Link,newtab=>), BMS Inventory],[bms_detail(=>{type:link, format:weblink},BMS Link,newtab=>), BMS Detailed View]", "f_class_color": "#e8f674", "spans": 1.0, "span_arrangement": "19.6", "completion_year": "1990", "bridge_no": "244951914359" }, "geometry": { "type": "Point", "coordinates": [ 91.733009833333, 24.830709833333 ] } },
{ "type": "Feature", "properties": { "id": "8661", "sl": 7301, "map_link": "https://maps.google.com/?q=24.84908,91.7261&amp;z=8&amp;t=k", "image_popup": "8088/bms/assets/uploads/images/bridges/bridge_8661/1719655344.JPG", "bridge_name": "Kadepur Bridge", "bridge_type": "Rigid Frame Bridge", "road_no": "Z2016", "zone": "Sylhet", "circle": "Sylhet", "division": "Sylhet", "subdivision": "Biswanath", "sae": "Biswanath", "bridge_length_(m)": 24.8, "bridge_width_(m)": 4.0, "chainage_(km)": 9.098, "ycoord": 24.84908, "xcoord": 91.7261, "bms_inventory": "http://bms.rhd.gov.bd:8088/bms/bridges/inventory_view/8661", "bms_detail": "http://bms.rhd.gov.bd:8088/bms/bridges/inventory_view/8661", "f_class_name": "Rigid Frame Bridge", "keys": "[bridge_name, Bridge Name], [bridge_type,Type], [chainage_(km), Chainage (km)], [road_no, On Road], [division, Division], [subdivision, Subdivision], [bridge_length_(m), Length (m)], [bridge_width_(m), Width (m)], [spans, Span], [span_arrangement, Span Arrangement], [completion_year, Const. Year], [map_link(=>{type:link, format:weblink}, Google Map,newtab=>),Google Map View],[bms_inventory(=>{type:link, format:weblink}, BMS Link,newtab=>), BMS Inventory],[bms_detail(=>{type:link, format:weblink},BMS Link,newtab=>), BMS Detailed View]", "f_class_color": "#03e8f9", "spans": 3.0, "span_arrangement": "3+17+4", "completion_year": "1965", "bridge_no": "245057914334" }, "geometry": { "type": "Point", "coordinates": [ 91.7261, 24.84908 ] } },
{ "type": "Feature", "properties": { "id": "8666", "sl": 7904, "map_link": "https://maps.google.com/?q=24.433399833333,91.938509833333&amp;z=8&amp;t=k", "image_popup": "8088/bms/assets/uploads/images/bridges/bridge_8666/1718166045.JPG", "bridge_name": "Katarkona Bridge", "bridge_type": "PC Girder Bridge", "road_no": "Z2003", "zone": "Sylhet", "circle": "Moulavi Bazar", "division": "Moulavi Bazar", "subdivision": "Kulaura", "sae": "Kulaura", "bridge_length_(m)": 187.52, "bridge_width_(m)": 9.5, "chainage_(km)": 10.962, "ycoord": 24.433399833332999, "xcoord": 91.938509833333001, "bms_inventory": "http://bms.rhd.gov.bd:8088/bms/bridges/inventory_view/8666", "bms_detail": "http://bms.rhd.gov.bd:8088/bms/bridges/inventory_view/8666", "f_class_name": "PC Girder Bridge", "keys": "[bridge_name, Bridge Name], [bridge_type,Type], [chainage_(km), Chainage (km)], [road_no, On Road], [division, Division], [subdivision, Subdivision], [bridge_length_(m), Length (m)], [bridge_width_(m), Width (m)], [spans, Span], [span_arrangement, Span Arrangement], [completion_year, Const. Year], [map_link(=>{type:link, format:weblink}, Google Map,newtab=>),Google Map View],[bms_inventory(=>{type:link, format:weblink}, BMS Link,newtab=>), BMS Inventory],[bms_detail(=>{type:link, format:weblink},BMS Link,newtab=>), BMS Detailed View]", "f_class_color": "#6ebed6", "spans": 5.0, "span_arrangement": "37.4+37.35+37.36+37.15+37.4", "completion_year": "2022", "bridge_no": "242600915619" }, "geometry": { "type": "Point", "coordinates": [ 91.938509833333001, 24.433399833332999 ] } },
{ "type": "Feature", "properties": { "id": "8669", "sl": 11655, "map_link": "https://maps.google.com/?q=24.428419833333,91.922569833333&amp;z=8&amp;t=k", "image_popup": "8088/bms/assets/uploads/images/bridges/bridge_8669/1718167146.JPG", "bridge_name": "Palal Bridge", "bridge_type": "PC Girder Bridge", "road_no": "Z2003", "zone": "Sylhet", "circle": "Moulavi Bazar", "division": "Moulavi Bazar", "subdivision": "Kulaura", "sae": "Kulaura", "bridge_length_(m)": 28.67, "bridge_width_(m)": 10.3, "chainage_(km)": 12.711, "ycoord": 24.428419833332999, "xcoord": 91.922569833333, "bms_inventory": "http://bms.rhd.gov.bd:8088/bms/bridges/inventory_view/8669", "bms_detail": "http://bms.rhd.gov.bd:8088/bms/bridges/inventory_view/8669", "f_class_name": "PC Girder Bridge", "keys": "[bridge_name, Bridge Name], [bridge_type,Type], [chainage_(km), Chainage (km)], [road_no, On Road], [division, Division], [subdivision, Subdivision], [bridge_length_(m), Length (m)], [bridge_width_(m), Width (m)], [spans, Span], [span_arrangement, Span Arrangement], [completion_year, Const. Year], [map_link(=>{type:link, format:weblink}, Google Map,newtab=>),Google Map View],[bms_inventory(=>{type:link, format:weblink}, BMS Link,newtab=>), BMS Inventory],[bms_detail(=>{type:link, format:weblink},BMS Link,newtab=>), BMS Detailed View]", "f_class_color": "#6ebed6", "spans": 1.0, "span_arrangement": "28", "completion_year": "2022", "bridge_no": "242542915521" }, "geometry": { "type": "Point", "coordinates": [ 91.922569833333, 24.428419833332999 ] } },
{ "type": "Feature", "properties": { "id": "8677", "sl": 15389, "map_link": "https://maps.google.com/?q=24.40773,91.908749833333&amp;z=8&amp;t=k", "image_popup": "8088/bms/assets/uploads/images/bridges/bridge_8677/1718170675.jpg", "bridge_name": "Ushadevi Bridge", "bridge_type": "PC Girder Bridge", "road_no": "Z2003", "zone": "Sylhet", "circle": "Moulavi Bazar", "division": "Moulavi Bazar", "subdivision": "Kulaura", "sae": "Kulaura", "bridge_length_(m)": 25.75, "bridge_width_(m)": 10.25, "chainage_(km)": 15.5, "ycoord": 24.40773, "xcoord": 91.908749833333005, "bms_inventory": "http://bms.rhd.gov.bd:8088/bms/bridges/inventory_view/8677", "bms_detail": "http://bms.rhd.gov.bd:8088/bms/bridges/inventory_view/8677", "f_class_name": "PC Girder Bridge", "keys": "[bridge_name, Bridge Name], [bridge_type,Type], [chainage_(km), Chainage (km)], [road_no, On Road], [division, Division], [subdivision, Subdivision], [bridge_length_(m), Length (m)], [bridge_width_(m), Width (m)], [spans, Span], [span_arrangement, Span Arrangement], [completion_year, Const. Year], [map_link(=>{type:link, format:weblink}, Google Map,newtab=>),Google Map View],[bms_inventory(=>{type:link, format:weblink}, BMS Link,newtab=>), BMS Inventory],[bms_detail(=>{type:link, format:weblink},BMS Link,newtab=>), BMS Detailed View]", "f_class_color": "#6ebed6", "spans": 1.0, "span_arrangement": "25.1", "completion_year": "2013", "bridge_no": "242428915431" }, "geometry": { "type": "Point", "coordinates": [ 91.908749833333005, 24.40773 ] } },
{ "type": "Feature", "properties": { "id": "8708", "sl": 320, "map_link": "https://maps.google.com/?q=24.36371,91.88441&amp;z=8&amp;t=k", "image_popup": "8088/bms/assets/uploads/images/bridges/bridge_8708/1718180180.JPG", "bridge_name": "Ali Nagar Bridge", "bridge_type": "PC Girder Bridge", "road_no": "Z2003", "zone": "Sylhet", "circle": "Moulavi Bazar", "division": "Moulavi Bazar", "subdivision": "Kulaura", "sae": "Kulaura", "bridge_length_(m)": 46.7, "bridge_width_(m)": 10.25, "chainage_(km)": 21.1, "ycoord": 24.36371, "xcoord": 91.88441, "bms_inventory": "http://bms.rhd.gov.bd:8088/bms/bridges/inventory_view/8708", "bms_detail": "http://bms.rhd.gov.bd:8088/bms/bridges/inventory_view/8708", "f_class_name": "PC Girder Bridge", "keys": "[bridge_name, Bridge Name], [bridge_type,Type], [chainage_(km), Chainage (km)], [road_no, On Road], [division, Division], [subdivision, Subdivision], [bridge_length_(m), Length (m)], [bridge_width_(m), Width (m)], [spans, Span], [span_arrangement, Span Arrangement], [completion_year, Const. Year], [map_link(=>{type:link, format:weblink}, Google Map,newtab=>),Google Map View],[bms_inventory(=>{type:link, format:weblink}, BMS Link,newtab=>), BMS Inventory],[bms_detail(=>{type:link, format:weblink},BMS Link,newtab=>), BMS Detailed View]", "f_class_color": "#6ebed6", "spans": 1.0, "span_arrangement": "46.3", "completion_year": "2023", "bridge_no": "242149915304" }, "geometry": { "type": "Point", "coordinates": [ 91.88441, 24.36371 ] } },
{ "type": "Feature", "properties": { "id": "8720", "sl": 4352, "map_link": "https://maps.google.com/?q=24.351459833333,91.84608&amp;z=8&amp;t=k", "image_popup": "8088/bms/assets/uploads/images/bridges/bridge_8720/1718184332.JPG", "bridge_name": "Dholai Bridge", "bridge_type": "PC Girder Bridge", "road_no": "Z2003", "zone": "Sylhet", "circle": "Moulavi Bazar", "division": "Moulavi Bazar", "subdivision": "Kulaura", "sae": "Kulaura", "bridge_length_(m)": 93.85, "bridge_width_(m)": 7.64, "chainage_(km)": 25.55, "ycoord": 24.351459833332999, "xcoord": 91.84608, "bms_inventory": "http://bms.rhd.gov.bd:8088/bms/bridges/inventory_view/8720", "bms_detail": "http://bms.rhd.gov.bd:8088/bms/bridges/inventory_view/8720", "f_class_name": "PC Girder Bridge", "keys": "[bridge_name, Bridge Name], [bridge_type,Type], [chainage_(km), Chainage (km)], [road_no, On Road], [division, Division], [subdivision, Subdivision], [bridge_length_(m), Length (m)], [bridge_width_(m), Width (m)], [spans, Span], [span_arrangement, Span Arrangement], [completion_year, Const. Year], [map_link(=>{type:link, format:weblink}, Google Map,newtab=>),Google Map View],[bms_inventory(=>{type:link, format:weblink}, BMS Link,newtab=>), BMS Inventory],[bms_detail(=>{type:link, format:weblink},BMS Link,newtab=>), BMS Detailed View]", "f_class_color": "#6ebed6", "spans": 3.0, "span_arrangement": "30.96+32.2+31.03", "completion_year": "2015", "bridge_no": "242105915046" }, "geometry": { "type": "Point", "coordinates": [ 91.84608, 24.351459833332999 ] } },
{ "type": "Feature", "properties": { "id": "8728", "sl": 12623, "map_link": "https://maps.google.com/?q=24.863559833333,91.73108&amp;z=8&amp;t=k", "image_popup": "8088/bms/assets/uploads/images/bridges/bridge_8728/1719656883.JPG", "bridge_name": "Rampasha Bridge", "bridge_type": "PC Girder Bridge", "road_no": "Z2016", "zone": "Sylhet", "circle": "Sylhet", "division": "Sylhet", "subdivision": "Biswanath", "sae": "Biswanath", "bridge_length_(m)": 66.6, "bridge_width_(m)": 9.4, "chainage_(km)": 10.814, "ycoord": 24.863559833332999, "xcoord": 91.73108, "bms_inventory": "http://bms.rhd.gov.bd:8088/bms/bridges/inventory_view/8728", "bms_detail": "http://bms.rhd.gov.bd:8088/bms/bridges/inventory_view/8728", "f_class_name": "PC Girder Bridge", "keys": "[bridge_name, Bridge Name], [bridge_type,Type], [chainage_(km), Chainage (km)], [road_no, On Road], [division, Division], [subdivision, Subdivision], [bridge_length_(m), Length (m)], [bridge_width_(m), Width (m)], [spans, Span], [span_arrangement, Span Arrangement], [completion_year, Const. Year], [map_link(=>{type:link, format:weblink}, Google Map,newtab=>),Google Map View],[bms_inventory(=>{type:link, format:weblink}, BMS Link,newtab=>), BMS Inventory],[bms_detail(=>{type:link, format:weblink},BMS Link,newtab=>), BMS Detailed View]", "f_class_color": "#6ebed6", "spans": 3.0, "span_arrangement": "22+21.8+22", "completion_year": "1998", "bridge_no": "245149914352" }, "geometry": { "type": "Point", "coordinates": [ 91.73108, 24.863559833332999 ] } },
{ "type": "Feature", "properties": { "id": "8731", "sl": 12624, "map_link": "https://maps.google.com/?q=24.881419833333,91.72126&amp;z=8&amp;t=k", "image_popup": "8088/bms/assets/uploads/images/bridges/bridge_8731/1719757363.JPG", "bridge_name": "Rampasha Bridge 2", "bridge_type": "RC Girder Bridge", "road_no": "Z2016", "zone": "Sylhet", "circle": "Sylhet", "division": "Sylhet", "subdivision": "Biswanath", "sae": "Biswanath", "bridge_length_(m)": 37.7, "bridge_width_(m)": 7.4, "chainage_(km)": 13.303, "ycoord": 24.881419833332998, "xcoord": 91.72126, "bms_inventory": "http://bms.rhd.gov.bd:8088/bms/bridges/inventory_view/8731", "bms_detail": "http://bms.rhd.gov.bd:8088/bms/bridges/inventory_view/8731", "f_class_name": "RC Girder Bridge", "keys": "[bridge_name, Bridge Name], [bridge_type,Type], [chainage_(km), Chainage (km)], [road_no, On Road], [division, Division], [subdivision, Subdivision], [bridge_length_(m), Length (m)], [bridge_width_(m), Width (m)], [spans, Span], [span_arrangement, Span Arrangement], [completion_year, Const. Year], [map_link(=>{type:link, format:weblink}, Google Map,newtab=>),Google Map View],[bms_inventory(=>{type:link, format:weblink}, BMS Link,newtab=>), BMS Inventory],[bms_detail(=>{type:link, format:weblink},BMS Link,newtab=>), BMS Detailed View]", "f_class_color": "#e8f674", "spans": 3.0, "span_arrangement": "12.3+12.5+12.3", "completion_year": "1998", "bridge_no": "245253914317" }, "geometry": { "type": "Point", "coordinates": [ 91.72126, 24.881419833332998 ] } },
{ "type": "Feature", "properties": { "id": "8792", "sl": 738, "map_link": "https://maps.google.com/?q=24.9007,91.728579833333&amp;z=8&amp;t=k", "image_popup": "8088/bms/assets/uploads/images/bridges/bridge_8792/1719760165.jpeg", "bridge_name": "Atapur small Slab Bridge", "bridge_type": "Small Slab Bridge", "road_no": "Z2016", "zone": "Sylhet", "circle": "Sylhet", "division": "Sylhet", "subdivision": "Biswanath", "sae": "Biswanath", "bridge_length_(m)": 1.7, "bridge_width_(m)": 8.1, "chainage_(km)": 15.81, "ycoord": 24.9007, "xcoord": 91.728579833333001, "bms_inventory": "http://bms.rhd.gov.bd:8088/bms/bridges/inventory_view/8792", "bms_detail": "http://bms.rhd.gov.bd:8088/bms/bridges/inventory_view/8792", "f_class_name": "Small Slab Bridge", "keys": "[bridge_name, Bridge Name], [bridge_type,Type], [chainage_(km), Chainage (km)], [road_no, On Road], [division, Division], [subdivision, Subdivision], [bridge_length_(m), Length (m)], [bridge_width_(m), Width (m)], [spans, Span], [span_arrangement, Span Arrangement], [completion_year, Const. Year], [map_link(=>{type:link, format:weblink}, Google Map,newtab=>),Google Map View],[bms_inventory(=>{type:link, format:weblink}, BMS Link,newtab=>), BMS Inventory],[bms_detail(=>{type:link, format:weblink},BMS Link,newtab=>), BMS Detailed View]", "f_class_color": "#13b7dd", "spans": 1.0, "span_arrangement": "1", "completion_year": "1990", "bridge_no": "245403914343" }, "geometry": { "type": "Point", "coordinates": [ 91.728579833333001, 24.9007 ] } },
{ "type": "Feature", "properties": { "id": "8793", "sl": 739, "map_link": "https://maps.google.com/?q=24.90287,91.729299833333&amp;z=8&amp;t=k", "image_popup": "8088/bms/assets/uploads/images/bridges/bridge_8793/1719760350.jpeg", "bridge_name": "Atapur small Slab Bridge 2", "bridge_type": "Small Slab Bridge", "road_no": "Z2016", "zone": "Sylhet", "circle": "Sylhet", "division": "Sylhet", "subdivision": "Biswanath", "sae": "Biswanath", "bridge_length_(m)": 1.7, "bridge_width_(m)": 8.1, "chainage_(km)": 16.059, "ycoord": 24.90287, "xcoord": 91.729299833333002, "bms_inventory": "http://bms.rhd.gov.bd:8088/bms/bridges/inventory_view/8793", "bms_detail": "http://bms.rhd.gov.bd:8088/bms/bridges/inventory_view/8793", "f_class_name": "Small Slab Bridge", "keys": "[bridge_name, Bridge Name], [bridge_type,Type], [chainage_(km), Chainage (km)], [road_no, On Road], [division, Division], [subdivision, Subdivision], [bridge_length_(m), Length (m)], [bridge_width_(m), Width (m)], [spans, Span], [span_arrangement, Span Arrangement], [completion_year, Const. Year], [map_link(=>{type:link, format:weblink}, Google Map,newtab=>),Google Map View],[bms_inventory(=>{type:link, format:weblink}, BMS Link,newtab=>), BMS Inventory],[bms_detail(=>{type:link, format:weblink},BMS Link,newtab=>), BMS Detailed View]", "f_class_color": "#13b7dd", "spans": 1.0, "span_arrangement": "1", "completion_year": "1998", "bridge_no": "245410914345" }, "geometry": { "type": "Point", "coordinates": [ 91.729299833333002, 24.90287 ] } },
{ "type": "Feature", "properties": { "id": "8796", "sl": 3499, "map_link": "https://maps.google.com/?q=24.853459833333,91.860889833333&amp;z=8&amp;t=k", "image_popup": "8088/bms/assets/uploads/images/bridges/bridge_8796/1719821686.jpg", "bridge_name": "Choker Bazar Bridge", "bridge_type": "RC Slab Bridge", "road_no": "Z2013", "zone": "Sylhet", "circle": "Sylhet", "division": "Sylhet", "subdivision": "Biswanath", "sae": "Biswanath", "bridge_length_(m)": 20.0, "bridge_width_(m)": 7.5, "chainage_(km)": 1.62, "ycoord": 24.853459833333002, "xcoord": 91.860889833333005, "bms_inventory": "http://bms.rhd.gov.bd:8088/bms/bridges/inventory_view/8796", "bms_detail": "http://bms.rhd.gov.bd:8088/bms/bridges/inventory_view/8796", "f_class_name": "RC Slab Bridge", "keys": "[bridge_name, Bridge Name], [bridge_type,Type], [chainage_(km), Chainage (km)], [road_no, On Road], [division, Division], [subdivision, Subdivision], [bridge_length_(m), Length (m)], [bridge_width_(m), Width (m)], [spans, Span], [span_arrangement, Span Arrangement], [completion_year, Const. Year], [map_link(=>{type:link, format:weblink}, Google Map,newtab=>),Google Map View],[bms_inventory(=>{type:link, format:weblink}, BMS Link,newtab=>), BMS Inventory],[bms_detail(=>{type:link, format:weblink},BMS Link,newtab=>), BMS Detailed View]", "f_class_color": "#088afa", "spans": 3.0, "span_arrangement": "6.65+6.45+6.7", "completion_year": "2001", "bridge_no": "245112915139" }, "geometry": { "type": "Point", "coordinates": [ 91.860889833333005, 24.853459833333002 ] } },
{ "type": "Feature", "properties": { "id": "8816", "sl": 6784, "map_link": "https://maps.google.com/?q=24.80114,91.853849833333&amp;z=8&amp;t=k", "image_popup": "8088/bms/assets/uploads/images/bridges/bridge_8816/1719824673.jpg", "bridge_name": "Jalapur Bridge", "bridge_type": "PC Girder Bridge", "road_no": "Z2013", "zone": "Sylhet", "circle": "Sylhet", "division": "Sylhet", "subdivision": "Biswanath", "sae": "Biswanath", "bridge_length_(m)": 32.0, "bridge_width_(m)": 7.6, "chainage_(km)": 7.698, "ycoord": 24.80114, "xcoord": 91.853849833333001, "bms_inventory": "http://bms.rhd.gov.bd:8088/bms/bridges/inventory_view/8816", "bms_detail": "http://bms.rhd.gov.bd:8088/bms/bridges/inventory_view/8816", "f_class_name": "PC Girder Bridge", "keys": "[bridge_name, Bridge Name], [bridge_type,Type], [chainage_(km), Chainage (km)], [road_no, On Road], [division, Division], [subdivision, Subdivision], [bridge_length_(m), Length (m)], [bridge_width_(m), Width (m)], [spans, Span], [span_arrangement, Span Arrangement], [completion_year, Const. Year], [map_link(=>{type:link, format:weblink}, Google Map,newtab=>),Google Map View],[bms_inventory(=>{type:link, format:weblink}, BMS Link,newtab=>), BMS Inventory],[bms_detail(=>{type:link, format:weblink},BMS Link,newtab=>), BMS Detailed View]", "f_class_color": "#6ebed6", "spans": 1.0, "span_arrangement": "31.5", "completion_year": "1990", "bridge_no": "244804915114" }, "geometry": { "type": "Point", "coordinates": [ 91.853849833333001, 24.80114 ] } },
{ "type": "Feature", "properties": { "id": "8854", "sl": 6787, "map_link": "https://maps.google.com/?q=24.720359833333,91.83924&amp;z=8&amp;t=k", "image_popup": "8088/bms/assets/uploads/images/bridges/bridge_8854/1719987574.JPG", "bridge_name": "Jalbondor Bridge", "bridge_type": "PC Girder Bridge", "road_no": "Z2013", "zone": "Sylhet", "circle": "Sylhet", "division": "Sylhet", "subdivision": "Biswanath", "sae": "Biswanath", "bridge_length_(m)": 50.8, "bridge_width_(m)": 10.2, "chainage_(km)": 17.082, "ycoord": 24.720359833332999, "xcoord": 91.83924, "bms_inventory": "http://bms.rhd.gov.bd:8088/bms/bridges/inventory_view/8854", "bms_detail": "http://bms.rhd.gov.bd:8088/bms/bridges/inventory_view/8854", "f_class_name": "PC Girder Bridge", "keys": "[bridge_name, Bridge Name], [bridge_type,Type], [chainage_(km), Chainage (km)], [road_no, On Road], [division, Division], [subdivision, Subdivision], [bridge_length_(m), Length (m)], [bridge_width_(m), Width (m)], [spans, Span], [span_arrangement, Span Arrangement], [completion_year, Const. Year], [map_link(=>{type:link, format:weblink}, Google Map,newtab=>),Google Map View],[bms_inventory(=>{type:link, format:weblink}, BMS Link,newtab=>), BMS Inventory],[bms_detail(=>{type:link, format:weblink},BMS Link,newtab=>), BMS Detailed View]", "f_class_color": "#6ebed6", "spans": 2.0, "span_arrangement": "25+25", "completion_year": "2022", "bridge_no": "244313915021" }, "geometry": { "type": "Point", "coordinates": [ 91.83924, 24.720359833332999 ] } },
{ "type": "Feature", "properties": { "id": "8855", "sl": 5142, "map_link": "https://maps.google.com/?q=24.689769833333,91.832909833333&amp;z=8&amp;t=k", "image_popup": "8088/bms/assets/uploads/images/bridges/bridge_8855/1719988297.JPG", "bridge_name": "Fater Khara Bridge", "bridge_type": "Portable Steel Bridge", "road_no": "Z2013", "zone": "Sylhet", "circle": "Sylhet", "division": "Sylhet", "subdivision": "Biswanath", "sae": "Biswanath", "bridge_length_(m)": 73.7, "bridge_width_(m)": 3.6, "chainage_(km)": 20.654, "ycoord": 24.689769833332999, "xcoord": 91.832909833333005, "bms_inventory": "http://bms.rhd.gov.bd:8088/bms/bridges/inventory_view/8855", "bms_detail": "http://bms.rhd.gov.bd:8088/bms/bridges/inventory_view/8855", "f_class_name": "Portable Steel Bridge", "keys": "[bridge_name, Bridge Name], [bridge_type,Type], [chainage_(km), Chainage (km)], [road_no, On Road], [division, Division], [subdivision, Subdivision], [bridge_length_(m), Length (m)], [bridge_width_(m), Width (m)], [spans, Span], [span_arrangement, Span Arrangement], [completion_year, Const. Year], [map_link(=>{type:link, format:weblink}, Google Map,newtab=>),Google Map View],[bms_inventory(=>{type:link, format:weblink}, BMS Link,newtab=>), BMS Inventory],[bms_detail(=>{type:link, format:weblink},BMS Link,newtab=>), BMS Detailed View]", "f_class_color": "#29ffa4", "spans": 3.0, "span_arrangement": "26.5+24.3+22.5", "completion_year": "1984", "bridge_no": "244123914958" }, "geometry": { "type": "Point", "coordinates": [ 91.832909833333005, 24.689769833332999 ] } },
{ "type": "Feature", "properties": { "id": "8875", "sl": 5376, "map_link": "https://maps.google.com/?q=24.649149833333,91.69857&amp;z=8&amp;t=k", "image_popup": "8088/bms/assets/uploads/images/bridges/bridge_8875/1720021053.JPG", "bridge_name": "Gajaria Bridge", "bridge_type": "PC Girder Bridge", "road_no": "N2", "zone": "Sylhet", "circle": "Sylhet", "division": "Sylhet", "subdivision": "Biswanath", "sae": "Biswanath", "bridge_length_(m)": 26.0, "bridge_width_(m)": 10.7, "chainage_(km)": 194.258, "ycoord": 24.649149833332999, "xcoord": 91.69857, "bms_inventory": "http://bms.rhd.gov.bd:8088/bms/bridges/inventory_view/8875", "bms_detail": "http://bms.rhd.gov.bd:8088/bms/bridges/inventory_view/8875", "f_class_name": "PC Girder Bridge", "keys": "[bridge_name, Bridge Name], [bridge_type,Type], [chainage_(km), Chainage (km)], [road_no, On Road], [division, Division], [subdivision, Subdivision], [bridge_length_(m), Length (m)], [bridge_width_(m), Width (m)], [spans, Span], [span_arrangement, Span Arrangement], [completion_year, Const. Year], [map_link(=>{type:link, format:weblink}, Google Map,newtab=>),Google Map View],[bms_inventory(=>{type:link, format:weblink}, BMS Link,newtab=>), BMS Inventory],[bms_detail(=>{type:link, format:weblink},BMS Link,newtab=>), BMS Detailed View]", "f_class_color": "#6ebed6", "spans": 1.0, "span_arrangement": "25.7", "completion_year": "1995", "bridge_no": "243857914155" }, "geometry": { "type": "Point", "coordinates": [ 91.69857, 24.649149833332999 ] } },
{ "type": "Feature", "properties": { "id": "8925", "sl": 9250, "map_link": "https://maps.google.com/?q=25.05637,92.1675&amp;z=8&amp;t=k", "image_popup": "8088/bms/assets/uploads/images/bridges/bridge_8925/1720415490.JPG", "bridge_name": "Lokki Proshad Bridge", "bridge_type": "Small Slab Bridge", "road_no": "Z2011", "zone": "Sylhet", "circle": "Sylhet", "division": "Sylhet", "subdivision": "Sylhet", "sae": "SAE-Sylhet-3", "bridge_length_(m)": 2.5, "bridge_width_(m)": 6.1, "chainage_(km)": 6.4, "ycoord": 25.05637, "xcoord": 92.1675, "bms_inventory": "http://bms.rhd.gov.bd:8088/bms/bridges/inventory_view/8925", "bms_detail": "http://bms.rhd.gov.bd:8088/bms/bridges/inventory_view/8925", "f_class_name": "Small Slab Bridge", "keys": "[bridge_name, Bridge Name], [bridge_type,Type], [chainage_(km), Chainage (km)], [road_no, On Road], [division, Division], [subdivision, Subdivision], [bridge_length_(m), Length (m)], [bridge_width_(m), Width (m)], [spans, Span], [span_arrangement, Span Arrangement], [completion_year, Const. Year], [map_link(=>{type:link, format:weblink}, Google Map,newtab=>),Google Map View],[bms_inventory(=>{type:link, format:weblink}, BMS Link,newtab=>), BMS Inventory],[bms_detail(=>{type:link, format:weblink},BMS Link,newtab=>), BMS Detailed View]", "f_class_color": "#13b7dd", "spans": 1.0, "span_arrangement": "1.6", "completion_year": "2000", "bridge_no": "250323921003" }, "geometry": { "type": "Point", "coordinates": [ 92.1675, 25.05637 ] } },
{ "type": "Feature", "properties": { "id": "8926", "sl": 3317, "map_link": "https://maps.google.com/?q=25.052949833333,92.172449833333&amp;z=8&amp;t=k", "image_popup": "8088/bms/assets/uploads/images/bridges/bridge_8926/1720417263.JPG", "bridge_name": "Chatul Bazar Bridge", "bridge_type": "RC Girder Bridge", "road_no": "Z2011", "zone": "Sylhet", "circle": "Sylhet", "division": "Sylhet", "subdivision": "Sylhet", "sae": "SAE-Sylhet-3", "bridge_length_(m)": 57.9, "bridge_width_(m)": 8.45, "chainage_(km)": 6.663, "ycoord": 25.052949833332999, "xcoord": 92.172449833333005, "bms_inventory": "http://bms.rhd.gov.bd:8088/bms/bridges/inventory_view/8926", "bms_detail": "http://bms.rhd.gov.bd:8088/bms/bridges/inventory_view/8926", "f_class_name": "RC Girder Bridge", "keys": "[bridge_name, Bridge Name], [bridge_type,Type], [chainage_(km), Chainage (km)], [road_no, On Road], [division, Division], [subdivision, Subdivision], [bridge_length_(m), Length (m)], [bridge_width_(m), Width (m)], [spans, Span], [span_arrangement, Span Arrangement], [completion_year, Const. Year], [map_link(=>{type:link, format:weblink}, Google Map,newtab=>),Google Map View],[bms_inventory(=>{type:link, format:weblink}, BMS Link,newtab=>), BMS Inventory],[bms_detail(=>{type:link, format:weblink},BMS Link,newtab=>), BMS Detailed View]", "f_class_color": "#e8f674", "spans": 3.0, "span_arrangement": "15.7+25.5+15.7", "completion_year": "1983", "bridge_no": "250311921021" }, "geometry": { "type": "Point", "coordinates": [ 92.172449833333005, 25.052949833332999 ] } },
{ "type": "Feature", "properties": { "id": "9023", "sl": 9170, "map_link": "https://maps.google.com/?q=24.30347,91.674049833333&amp;z=8&amp;t=k", "image_popup": "8088/bms/assets/uploads/images/bridges/bridge_9023/1720593745.JPG", "bridge_name": "Liarcall Bridge", "bridge_type": "Mixed Types Bridge", "road_no": "N207", "zone": "Sylhet", "circle": "Moulavi Bazar", "division": "Moulavi Bazar", "subdivision": "Sreemongal", "sae": "Sreemongal-1", "bridge_length_(m)": 32.0, "bridge_width_(m)": 9.86, "chainage_(km)": 18.189, "ycoord": 24.30347, "xcoord": 91.674049833333001, "bms_inventory": "http://bms.rhd.gov.bd:8088/bms/bridges/inventory_view/9023", "bms_detail": "http://bms.rhd.gov.bd:8088/bms/bridges/inventory_view/9023", "f_class_name": "Mixed Types Bridge", "keys": "[bridge_name, Bridge Name], [bridge_type,Type], [chainage_(km), Chainage (km)], [road_no, On Road], [division, Division], [subdivision, Subdivision], [bridge_length_(m), Length (m)], [bridge_width_(m), Width (m)], [spans, Span], [span_arrangement, Span Arrangement], [completion_year, Const. Year], [map_link(=>{type:link, format:weblink}, Google Map,newtab=>),Google Map View],[bms_inventory(=>{type:link, format:weblink}, BMS Link,newtab=>), BMS Inventory],[bms_detail(=>{type:link, format:weblink},BMS Link,newtab=>), BMS Detailed View]", "f_class_color": "#2edb93", "spans": 2.0, "span_arrangement": "15.58+15.6", "completion_year": "1993", "bridge_no": "241812914026" }, "geometry": { "type": "Point", "coordinates": [ 91.674049833333001, 24.30347 ] } },
{ "type": "Feature", "properties": { "id": "9025", "sl": 13234, "map_link": "https://maps.google.com/?q=24.305029833333,91.631299833333&amp;z=8&amp;t=k", "image_popup": "8088/bms/assets/uploads/images/bridges/bridge_9025/1720596879.JPG", "bridge_name": "Satgaon Bridge", "bridge_type": "Steel Girder Bridge", "road_no": "N207", "zone": "Sylhet", "circle": "Moulavi Bazar", "division": "Moulavi Bazar", "subdivision": "Sreemongal", "sae": "Sreemongal-1", "bridge_length_(m)": 46.9, "bridge_width_(m)": 9.84, "chainage_(km)": 18.95, "ycoord": 24.305029833332998, "xcoord": 91.631299833333003, "bms_inventory": "http://bms.rhd.gov.bd:8088/bms/bridges/inventory_view/9025", "bms_detail": "http://bms.rhd.gov.bd:8088/bms/bridges/inventory_view/9025", "f_class_name": "Steel Girder Bridge", "keys": "[bridge_name, Bridge Name], [bridge_type,Type], [chainage_(km), Chainage (km)], [road_no, On Road], [division, Division], [subdivision, Subdivision], [bridge_length_(m), Length (m)], [bridge_width_(m), Width (m)], [spans, Span], [span_arrangement, Span Arrangement], [completion_year, Const. Year], [map_link(=>{type:link, format:weblink}, Google Map,newtab=>),Google Map View],[bms_inventory(=>{type:link, format:weblink}, BMS Link,newtab=>), BMS Inventory],[bms_detail(=>{type:link, format:weblink},BMS Link,newtab=>), BMS Detailed View]", "f_class_color": "#b15dec", "spans": 2.0, "span_arrangement": "23.06+23.1", "completion_year": "1996", "bridge_no": "241818913752" }, "geometry": { "type": "Point", "coordinates": [ 91.631299833333003, 24.305029833332998 ] } },
{ "type": "Feature", "properties": { "id": "9038", "sl": 14697, "map_link": "https://maps.google.com/?q=24.302669833333,91.71854&amp;z=8&amp;t=k", "image_popup": "8088/bms/assets/uploads/images/bridges/bridge_9038/1720673979.JPG", "bridge_name": "Surma Valley Bridge", "bridge_type": "Steel Girder Bridge", "road_no": "N207", "zone": "Sylhet", "circle": "Moulavi Bazar", "division": "Moulavi Bazar", "subdivision": "Sreemongal", "sae": "Sreemongal-1", "bridge_length_(m)": 13.8, "bridge_width_(m)": 9.87, "chainage_(km)": 22.79, "ycoord": 24.302669833332999, "xcoord": 91.71854, "bms_inventory": "http://bms.rhd.gov.bd:8088/bms/bridges/inventory_view/9038", "bms_detail": "http://bms.rhd.gov.bd:8088/bms/bridges/inventory_view/9038", "f_class_name": "Steel Girder Bridge", "keys": "[bridge_name, Bridge Name], [bridge_type,Type], [chainage_(km), Chainage (km)], [road_no, On Road], [division, Division], [subdivision, Subdivision], [bridge_length_(m), Length (m)], [bridge_width_(m), Width (m)], [spans, Span], [span_arrangement, Span Arrangement], [completion_year, Const. Year], [map_link(=>{type:link, format:weblink}, Google Map,newtab=>),Google Map View],[bms_inventory(=>{type:link, format:weblink}, BMS Link,newtab=>), BMS Inventory],[bms_detail(=>{type:link, format:weblink},BMS Link,newtab=>), BMS Detailed View]", "f_class_color": "#b15dec", "spans": 1.0, "span_arrangement": "13.18", "completion_year": "1996", "bridge_no": "241809914306" }, "geometry": { "type": "Point", "coordinates": [ 91.71854, 24.302669833332999 ] } },
{ "type": "Feature", "properties": { "id": "9039", "sl": 10809, "map_link": "https://maps.google.com/?q=24.338699833333,91.74106&amp;z=8&amp;t=k", "image_popup": "8088/bms/assets/img/no_picture.png", "bridge_name": "Naogaon Bridge", "bridge_type": "Steel Girder Bridge", "road_no": "N207", "zone": "Sylhet", "circle": "Moulavi Bazar", "division": "Moulavi Bazar", "subdivision": "Sreemongal", "sae": "Sreemongal-1", "bridge_length_(m)": 16.3, "bridge_width_(m)": 9.89, "chainage_(km)": 27.725, "ycoord": 24.338699833332999, "xcoord": 91.74106, "bms_inventory": "http://bms.rhd.gov.bd:8088/bms/bridges/inventory_view/9039", "bms_detail": "http://bms.rhd.gov.bd:8088/bms/bridges/inventory_view/9039", "f_class_name": "Steel Girder Bridge", "keys": "[bridge_name, Bridge Name], [bridge_type,Type], [chainage_(km), Chainage (km)], [road_no, On Road], [division, Division], [subdivision, Subdivision], [bridge_length_(m), Length (m)], [bridge_width_(m), Width (m)], [spans, Span], [span_arrangement, Span Arrangement], [completion_year, Const. Year], [map_link(=>{type:link, format:weblink}, Google Map,newtab=>),Google Map View],[bms_inventory(=>{type:link, format:weblink}, BMS Link,newtab=>), BMS Inventory],[bms_detail(=>{type:link, format:weblink},BMS Link,newtab=>), BMS Detailed View]", "f_class_color": "#b15dec", "spans": 1.0, "span_arrangement": "15.7", "completion_year": "1993", "bridge_no": "242019914427" }, "geometry": { "type": "Point", "coordinates": [ 91.74106, 24.338699833332999 ] } },
{ "type": "Feature", "properties": { "id": "9072", "sl": 6793, "map_link": "https://maps.google.com/?q=25.03725,91.375219833333&amp;z=8&amp;t=k", "image_popup": "8088/bms/assets/uploads/images/bridges/bridge_9072/1720975272.jpg", "bridge_name": "jalilpur Bridge", "bridge_type": "RC Girder Bridge", "road_no": "R370", "zone": "Sylhet", "circle": "Sylhet", "division": "Sunamganj", "subdivision": "Sunamganj", "sae": "SAE-Sunamganj-3", "bridge_length_(m)": 13.72, "bridge_width_(m)": 3.97, "chainage_(km)": 1.6, "ycoord": 25.03725, "xcoord": 91.375219833333006, "bms_inventory": "http://bms.rhd.gov.bd:8088/bms/bridges/inventory_view/9072", "bms_detail": "http://bms.rhd.gov.bd:8088/bms/bridges/inventory_view/9072", "f_class_name": "RC Girder Bridge", "keys": "[bridge_name, Bridge Name], [bridge_type,Type], [chainage_(km), Chainage (km)], [road_no, On Road], [division, Division], [subdivision, Subdivision], [bridge_length_(m), Length (m)], [bridge_width_(m), Width (m)], [spans, Span], [span_arrangement, Span Arrangement], [completion_year, Const. Year], [map_link(=>{type:link, format:weblink}, Google Map,newtab=>),Google Map View],[bms_inventory(=>{type:link, format:weblink}, BMS Link,newtab=>), BMS Inventory],[bms_detail(=>{type:link, format:weblink},BMS Link,newtab=>), BMS Detailed View]", "f_class_color": "#e8f674", "spans": 1.0, "span_arrangement": "13.15", "completion_year": "1990", "bridge_no": "250214912230" }, "geometry": { "type": "Point", "coordinates": [ 91.375219833333006, 25.03725 ] } },
{ "type": "Feature", "properties": { "id": "9081", "sl": 7318, "map_link": "https://maps.google.com/?q=24.663509833333,91.71169&amp;z=8&amp;t=k", "image_popup": "8088/bms/assets/uploads/images/bridges/bridge_9081/1721108945.JPG", "bridge_name": "Kagojpur Bridge", "bridge_type": "PC Girder Bridge", "road_no": "N2", "zone": "Sylhet", "circle": "Sylhet", "division": "Sylhet", "subdivision": "Biswanath", "sae": "Biswanath", "bridge_length_(m)": 65.8, "bridge_width_(m)": 10.6, "chainage_(km)": 196.416, "ycoord": 24.663509833332999, "xcoord": 91.71169, "bms_inventory": "http://bms.rhd.gov.bd:8088/bms/bridges/inventory_view/9081", "bms_detail": "http://bms.rhd.gov.bd:8088/bms/bridges/inventory_view/9081", "f_class_name": "PC Girder Bridge", "keys": "[bridge_name, Bridge Name], [bridge_type,Type], [chainage_(km), Chainage (km)], [road_no, On Road], [division, Division], [subdivision, Subdivision], [bridge_length_(m), Length (m)], [bridge_width_(m), Width (m)], [spans, Span], [span_arrangement, Span Arrangement], [completion_year, Const. Year], [map_link(=>{type:link, format:weblink}, Google Map,newtab=>),Google Map View],[bms_inventory(=>{type:link, format:weblink}, BMS Link,newtab=>), BMS Inventory],[bms_detail(=>{type:link, format:weblink},BMS Link,newtab=>), BMS Detailed View]", "f_class_color": "#6ebed6", "spans": 3.0, "span_arrangement": "16.9+31.2+16.9", "completion_year": "2004", "bridge_no": "243949914242" }, "geometry": { "type": "Point", "coordinates": [ 91.71169, 24.663509833332999 ] } },
{ "type": "Feature", "properties": { "id": "9082", "sl": 10988, "map_link": "https://maps.google.com/?q=24.671222,91.715361&amp;z=8&amp;t=k", "image_popup": "8088/bms/assets/uploads/images/bridges/bridge_9082/1721110048.JPG", "bridge_name": "Niraya Bridge", "bridge_type": "RC Girder Bridge", "road_no": "N2", "zone": "Sylhet", "circle": "Sylhet", "division": "Sylhet", "subdivision": "Biswanath", "sae": "Biswanath", "bridge_length_(m)": 14.1, "bridge_width_(m)": 10.6, "chainage_(km)": 197.355, "ycoord": 24.671222, "xcoord": 91.715361, "bms_inventory": "http://bms.rhd.gov.bd:8088/bms/bridges/inventory_view/9082", "bms_detail": "http://bms.rhd.gov.bd:8088/bms/bridges/inventory_view/9082", "f_class_name": "RC Girder Bridge", "keys": "[bridge_name, Bridge Name], [bridge_type,Type], [chainage_(km), Chainage (km)], [road_no, On Road], [division, Division], [subdivision, Subdivision], [bridge_length_(m), Length (m)], [bridge_width_(m), Width (m)], [spans, Span], [span_arrangement, Span Arrangement], [completion_year, Const. Year], [map_link(=>{type:link, format:weblink}, Google Map,newtab=>),Google Map View],[bms_inventory(=>{type:link, format:weblink}, BMS Link,newtab=>), BMS Inventory],[bms_detail(=>{type:link, format:weblink},BMS Link,newtab=>), BMS Detailed View]", "f_class_color": "#e8f674", "spans": 1.0, "span_arrangement": "13.7", "completion_year": "2004", "bridge_no": "244016914255" }, "geometry": { "type": "Point", "coordinates": [ 91.715361, 24.671222 ] } },
{ "type": "Feature", "properties": { "id": "9087", "sl": 10854, "map_link": "https://maps.google.com/?q=24.680109833333,91.722999&amp;z=8&amp;t=k", "image_popup": "8088/bms/assets/uploads/images/bridges/bridge_9087/1729620737.JPG", "bridge_name": "Narkila Bridge", "bridge_type": "Steel Girder Bridge", "road_no": "N2", "zone": "Sylhet", "circle": "Sylhet", "division": "Sylhet", "subdivision": "Biswanath", "sae": "Biswanath", "bridge_length_(m)": 25.5, "bridge_width_(m)": 10.1, "chainage_(km)": 198.637, "ycoord": 24.680109833332999, "xcoord": 91.722999, "bms_inventory": "http://bms.rhd.gov.bd:8088/bms/bridges/inventory_view/9087", "bms_detail": "http://bms.rhd.gov.bd:8088/bms/bridges/inventory_view/9087", "f_class_name": "Steel Girder Bridge", "keys": "[bridge_name, Bridge Name], [bridge_type,Type], [chainage_(km), Chainage (km)], [road_no, On Road], [division, Division], [subdivision, Subdivision], [bridge_length_(m), Length (m)], [bridge_width_(m), Width (m)], [spans, Span], [span_arrangement, Span Arrangement], [completion_year, Const. Year], [map_link(=>{type:link, format:weblink}, Google Map,newtab=>),Google Map View],[bms_inventory(=>{type:link, format:weblink}, BMS Link,newtab=>), BMS Inventory],[bms_detail(=>{type:link, format:weblink},BMS Link,newtab=>), BMS Detailed View]", "f_class_color": "#b15dec", "spans": 1.0, "span_arrangement": "25.2", "completion_year": "2004", "bridge_no": "244048914323" }, "geometry": { "type": "Point", "coordinates": [ 91.722999, 24.680109833332999 ] } },
{ "type": "Feature", "properties": { "id": "9092", "sl": 14494, "map_link": "https://maps.google.com/?q=25.032879833333,91.37138&amp;z=8&amp;t=k", "image_popup": "8088/bms/assets/uploads/images/bridges/bridge_9092/1721150050.jpg", "bridge_name": "Sreepur Bridge", "bridge_type": "RC Girder Bridge", "road_no": "R370", "zone": "Sylhet", "circle": "Sylhet", "division": "Sunamganj", "subdivision": "Sunamganj", "sae": "SAE-Sunamganj-3", "bridge_length_(m)": 11.76, "bridge_width_(m)": 5.73, "chainage_(km)": 2.2, "ycoord": 25.032879833332998, "xcoord": 91.37138, "bms_inventory": "http://bms.rhd.gov.bd:8088/bms/bridges/inventory_view/9092", "bms_detail": "http://bms.rhd.gov.bd:8088/bms/bridges/inventory_view/9092", "f_class_name": "RC Girder Bridge", "keys": "[bridge_name, Bridge Name], [bridge_type,Type], [chainage_(km), Chainage (km)], [road_no, On Road], [division, Division], [subdivision, Subdivision], [bridge_length_(m), Length (m)], [bridge_width_(m), Width (m)], [spans, Span], [span_arrangement, Span Arrangement], [completion_year, Const. Year], [map_link(=>{type:link, format:weblink}, Google Map,newtab=>),Google Map View],[bms_inventory(=>{type:link, format:weblink}, BMS Link,newtab=>), BMS Inventory],[bms_detail(=>{type:link, format:weblink},BMS Link,newtab=>), BMS Detailed View]", "f_class_color": "#e8f674", "spans": 1.0, "span_arrangement": "10.35", "completion_year": "1990", "bridge_no": "250158912216" }, "geometry": { "type": "Point", "coordinates": [ 91.37138, 25.032879833332998 ] } },
{ "type": "Feature", "properties": { "id": "9094", "sl": 13995, "map_link": "https://maps.google.com/?q=25.031829833333,91.36929&amp;z=8&amp;t=k", "image_popup": "8088/bms/assets/uploads/images/bridges/bridge_9094/1721150667.JPG", "bridge_name": "Shreepur Small slab Bridge", "bridge_type": "Small Slab Bridge", "road_no": "R370", "zone": "Sylhet", "circle": "Sylhet", "division": "Sunamganj", "subdivision": "Sunamganj", "sae": "SAE-Sunamganj-3", "bridge_length_(m)": 2.26, "bridge_width_(m)": 10.2, "chainage_(km)": 2.5, "ycoord": 25.031829833332999, "xcoord": 91.36929, "bms_inventory": "http://bms.rhd.gov.bd:8088/bms/bridges/inventory_view/9094", "bms_detail": "http://bms.rhd.gov.bd:8088/bms/bridges/inventory_view/9094", "f_class_name": "Small Slab Bridge", "keys": "[bridge_name, Bridge Name], [bridge_type,Type], [chainage_(km), Chainage (km)], [road_no, On Road], [division, Division], [subdivision, Subdivision], [bridge_length_(m), Length (m)], [bridge_width_(m), Width (m)], [spans, Span], [span_arrangement, Span Arrangement], [completion_year, Const. Year], [map_link(=>{type:link, format:weblink}, Google Map,newtab=>),Google Map View],[bms_inventory(=>{type:link, format:weblink}, BMS Link,newtab=>), BMS Inventory],[bms_detail(=>{type:link, format:weblink},BMS Link,newtab=>), BMS Detailed View]", "f_class_color": "#13b7dd", "spans": 1.0, "span_arrangement": "1.22", "completion_year": "1988", "bridge_no": "250154912209" }, "geometry": { "type": "Point", "coordinates": [ 91.36929, 25.031829833332999 ] } },
{ "type": "Feature", "properties": { "id": "9105", "sl": 2728, "map_link": "https://maps.google.com/?q=24.686489833333,91.724329833333&amp;z=8&amp;t=k", "image_popup": "8088/bms/assets/uploads/images/bridges/bridge_9105/1729621718.JPG", "bridge_name": "Brahmmangram Bridge", "bridge_type": "Steel Girder Bridge", "road_no": "N2", "zone": "Sylhet", "circle": "Sylhet", "division": "Sylhet", "subdivision": "Biswanath", "sae": "Biswanath", "bridge_length_(m)": 25.8, "bridge_width_(m)": 10.0, "chainage_(km)": 199.344, "ycoord": 24.686489833332999, "xcoord": 91.724329833333002, "bms_inventory": "http://bms.rhd.gov.bd:8088/bms/bridges/inventory_view/9105", "bms_detail": "http://bms.rhd.gov.bd:8088/bms/bridges/inventory_view/9105", "f_class_name": "Steel Girder Bridge", "keys": "[bridge_name, Bridge Name], [bridge_type,Type], [chainage_(km), Chainage (km)], [road_no, On Road], [division, Division], [subdivision, Subdivision], [bridge_length_(m), Length (m)], [bridge_width_(m), Width (m)], [spans, Span], [span_arrangement, Span Arrangement], [completion_year, Const. Year], [map_link(=>{type:link, format:weblink}, Google Map,newtab=>),Google Map View],[bms_inventory(=>{type:link, format:weblink}, BMS Link,newtab=>), BMS Inventory],[bms_detail(=>{type:link, format:weblink},BMS Link,newtab=>), BMS Detailed View]", "f_class_color": "#b15dec", "spans": 1.0, "span_arrangement": "25.4", "completion_year": "2004", "bridge_no": "244111914328" }, "geometry": { "type": "Point", "coordinates": [ 91.724329833333002, 24.686489833332999 ] } },
{ "type": "Feature", "properties": { "id": "9150", "sl": 9006, "map_link": "https://maps.google.com/?q=24.83622,91.820369833333&amp;z=8&amp;t=k", "image_popup": "8088/bms/assets/uploads/images/bridges/bridge_9150/1722326058.JPG", "bridge_name": "Lala Bazar Bridge", "bridge_type": "RC Girder Bridge", "road_no": "N2", "zone": "Sylhet", "circle": "Sylhet", "division": "Sylhet", "subdivision": "Biswanath", "sae": "Biswanath", "bridge_length_(m)": 13.0, "bridge_width_(m)": 8.4, "chainage_(km)": 219.971, "ycoord": 24.83622, "xcoord": 91.820369833333004, "bms_inventory": "http://bms.rhd.gov.bd:8088/bms/bridges/inventory_view/9150", "bms_detail": "http://bms.rhd.gov.bd:8088/bms/bridges/inventory_view/9150", "f_class_name": "RC Girder Bridge", "keys": "[bridge_name, Bridge Name], [bridge_type,Type], [chainage_(km), Chainage (km)], [road_no, On Road], [division, Division], [subdivision, Subdivision], [bridge_length_(m), Length (m)], [bridge_width_(m), Width (m)], [spans, Span], [span_arrangement, Span Arrangement], [completion_year, Const. Year], [map_link(=>{type:link, format:weblink}, Google Map,newtab=>),Google Map View],[bms_inventory(=>{type:link, format:weblink}, BMS Link,newtab=>), BMS Inventory],[bms_detail(=>{type:link, format:weblink},BMS Link,newtab=>), BMS Detailed View]", "f_class_color": "#e8f674", "spans": 1.0, "span_arrangement": "12.7", "completion_year": "1980", "bridge_no": "245010914913" }, "geometry": { "type": "Point", "coordinates": [ 91.820369833333004, 24.83622 ] } },
{ "type": "Feature", "properties": { "id": "9156", "sl": 14905, "map_link": "https://maps.google.com/?q=24.8609,91.846789833333&amp;z=8&amp;t=k", "image_popup": "8088/bms/assets/uploads/images/bridges/bridge_9156/1722412848.JPG", "bridge_name": "Telibazar Bridge", "bridge_type": "PC Girder Bridge", "road_no": "N2", "zone": "Sylhet", "circle": "Sylhet", "division": "Sylhet", "subdivision": "Biswanath", "sae": "Biswanath", "bridge_length_(m)": 41.2, "bridge_width_(m)": 10.5, "chainage_(km)": 224.129, "ycoord": 24.8609, "xcoord": 91.846789833333006, "bms_inventory": "http://bms.rhd.gov.bd:8088/bms/bridges/inventory_view/9156", "bms_detail": "http://bms.rhd.gov.bd:8088/bms/bridges/inventory_view/9156", "f_class_name": "PC Girder Bridge", "keys": "[bridge_name, Bridge Name], [bridge_type,Type], [chainage_(km), Chainage (km)], [road_no, On Road], [division, Division], [subdivision, Subdivision], [bridge_length_(m), Length (m)], [bridge_width_(m), Width (m)], [spans, Span], [span_arrangement, Span Arrangement], [completion_year, Const. Year], [map_link(=>{type:link, format:weblink}, Google Map,newtab=>),Google Map View],[bms_inventory(=>{type:link, format:weblink}, BMS Link,newtab=>), BMS Inventory],[bms_detail(=>{type:link, format:weblink},BMS Link,newtab=>), BMS Detailed View]", "f_class_color": "#6ebed6", "spans": 1.0, "span_arrangement": "40.8", "completion_year": "1995", "bridge_no": "245139915048" }, "geometry": { "type": "Point", "coordinates": [ 91.846789833333006, 24.8609 ] } },
{ "type": "Feature", "properties": { "id": "9163", "sl": 12424, "map_link": "https://maps.google.com/?q=24.877259833333,91.873549833333&amp;z=8&amp;t=k", "image_popup": "8088/bms/assets/uploads/images/bridges/bridge_9163/1722421315.JPG", "bridge_name": "Railway Overpass Bridge", "bridge_type": "RC Girder Bridge", "road_no": "N2", "zone": "Sylhet", "circle": "Sylhet", "division": "Sylhet", "subdivision": "Biswanath", "sae": "Biswanath", "bridge_length_(m)": 22.3, "bridge_width_(m)": 17.5, "chainage_(km)": 227.568, "ycoord": 24.877259833333, "xcoord": 91.873549833333001, "bms_inventory": "http://bms.rhd.gov.bd:8088/bms/bridges/inventory_view/9163", "bms_detail": "http://bms.rhd.gov.bd:8088/bms/bridges/inventory_view/9163", "f_class_name": "RC Girder Bridge", "keys": "[bridge_name, Bridge Name], [bridge_type,Type], [chainage_(km), Chainage (km)], [road_no, On Road], [division, Division], [subdivision, Subdivision], [bridge_length_(m), Length (m)], [bridge_width_(m), Width (m)], [spans, Span], [span_arrangement, Span Arrangement], [completion_year, Const. Year], [map_link(=>{type:link, format:weblink}, Google Map,newtab=>),Google Map View],[bms_inventory(=>{type:link, format:weblink}, BMS Link,newtab=>), BMS Inventory],[bms_detail(=>{type:link, format:weblink},BMS Link,newtab=>), BMS Detailed View]", "f_class_color": "#e8f674", "spans": 1.0, "span_arrangement": "21.9", "completion_year": "1990", "bridge_no": "245238915225" }, "geometry": { "type": "Point", "coordinates": [ 91.873549833333001, 24.877259833333 ] } },
{ "type": "Feature", "properties": { "id": "9172", "sl": 8117, "map_link": "https://maps.google.com/?q=24.56097,91.723629833333&amp;z=8&amp;t=k", "image_popup": "8088/bms/assets/uploads/images/bridges/bridge_9172/1722490710.jpeg", "bridge_name": "Khalispur Bridge", "bridge_type": "Steel Girder Bridge", "road_no": "N207", "zone": "Sylhet", "circle": "Moulavi Bazar", "division": "Moulavi Bazar", "subdivision": "Moulavi Bazar", "sae": "SAE-Moulavi Bazar-1", "bridge_length_(m)": 21.25, "bridge_width_(m)": 9.87, "chainage_(km)": 56.299, "ycoord": 24.56097, "xcoord": 91.723629833333007, "bms_inventory": "http://bms.rhd.gov.bd:8088/bms/bridges/inventory_view/9172", "bms_detail": "http://bms.rhd.gov.bd:8088/bms/bridges/inventory_view/9172", "f_class_name": "Steel Girder Bridge", "keys": "[bridge_name, Bridge Name], [bridge_type,Type], [chainage_(km), Chainage (km)], [road_no, On Road], [division, Division], [subdivision, Subdivision], [bridge_length_(m), Length (m)], [bridge_width_(m), Width (m)], [spans, Span], [span_arrangement, Span Arrangement], [completion_year, Const. Year], [map_link(=>{type:link, format:weblink}, Google Map,newtab=>),Google Map View],[bms_inventory(=>{type:link, format:weblink}, BMS Link,newtab=>), BMS Inventory],[bms_detail(=>{type:link, format:weblink},BMS Link,newtab=>), BMS Detailed View]", "f_class_color": "#b15dec", "spans": 1.0, "span_arrangement": "20.62", "completion_year": "1993", "bridge_no": "243339914325" }, "geometry": { "type": "Point", "coordinates": [ 91.723629833333007, 24.56097 ] } },
{ "type": "Feature", "properties": { "id": "9182", "sl": 1645, "map_link": "https://maps.google.com/?q=24.576319833333,91.69355&amp;z=8&amp;t=k", "image_popup": "8088/bms/assets/uploads/images/bridges/bridge_9182/1722507683.jpeg", "bridge_name": "Baurvag Bridge", "bridge_type": "RC Girder Bridge", "road_no": "N207", "zone": "Sylhet", "circle": "Moulavi Bazar", "division": "Moulavi Bazar", "subdivision": "Moulavi Bazar", "sae": "SAE-Moulavi Bazar-1", "bridge_length_(m)": 61.8, "bridge_width_(m)": 7.94, "chainage_(km)": 61.26, "ycoord": 24.576319833332999, "xcoord": 91.69355, "bms_inventory": "http://bms.rhd.gov.bd:8088/bms/bridges/inventory_view/9182", "bms_detail": "http://bms.rhd.gov.bd:8088/bms/bridges/inventory_view/9182", "f_class_name": "RC Girder Bridge", "keys": "[bridge_name, Bridge Name], [bridge_type,Type], [chainage_(km), Chainage (km)], [road_no, On Road], [division, Division], [subdivision, Subdivision], [bridge_length_(m), Length (m)], [bridge_width_(m), Width (m)], [spans, Span], [span_arrangement, Span Arrangement], [completion_year, Const. Year], [map_link(=>{type:link, format:weblink}, Google Map,newtab=>),Google Map View],[bms_inventory(=>{type:link, format:weblink}, BMS Link,newtab=>), BMS Inventory],[bms_detail(=>{type:link, format:weblink},BMS Link,newtab=>), BMS Detailed View]", "f_class_color": "#e8f674", "spans": 3.0, "span_arrangement": "18.52+24.15+18.15", "completion_year": "1973", "bridge_no": "243434914136" }, "geometry": { "type": "Point", "coordinates": [ 91.69355, 24.576319833332999 ] } },
{ "type": "Feature", "properties": { "id": "9193", "sl": 2369, "map_link": "https://maps.google.com/?q=24.59175,91.681719833333&amp;z=8&amp;t=k", "image_popup": "8088/bms/assets/uploads/images/bridges/bridge_9193/1722606940.JPG", "bridge_name": "Borak Satu", "bridge_type": "Steel Girder Bridge", "road_no": "N207", "zone": "Sylhet", "circle": "Moulavi Bazar", "division": "Moulavi Bazar", "subdivision": "Moulavi Bazar", "sae": "SAE-Moulavi Bazar-1", "bridge_length_(m)": 102.3, "bridge_width_(m)": 10.0, "chainage_(km)": 63.697, "ycoord": 24.59175, "xcoord": 91.681719833333005, "bms_inventory": "http://bms.rhd.gov.bd:8088/bms/bridges/inventory_view/9193", "bms_detail": "http://bms.rhd.gov.bd:8088/bms/bridges/inventory_view/9193", "f_class_name": "Steel Girder Bridge", "keys": "[bridge_name, Bridge Name], [bridge_type,Type], [chainage_(km), Chainage (km)], [road_no, On Road], [division, Division], [subdivision, Subdivision], [bridge_length_(m), Length (m)], [bridge_width_(m), Width (m)], [spans, Span], [span_arrangement, Span Arrangement], [completion_year, Const. Year], [map_link(=>{type:link, format:weblink}, Google Map,newtab=>),Google Map View],[bms_inventory(=>{type:link, format:weblink}, BMS Link,newtab=>), BMS Inventory],[bms_detail(=>{type:link, format:weblink},BMS Link,newtab=>), BMS Detailed View]", "f_class_color": "#b15dec", "spans": 4.0, "span_arrangement": "25.36+25.43+25.42+25.4", "completion_year": "1995", "bridge_no": "243530914054" }, "geometry": { "type": "Point", "coordinates": [ 91.681719833333005, 24.59175 ] } },
{ "type": "Feature", "properties": { "id": "9197", "sl": 13001, "map_link": "https://maps.google.com/?q=24.417123333333,91.68684&amp;z=8&amp;t=k", "image_popup": "8088/bms/assets/uploads/images/bridges/bridge_9197/1722609131.jpeg", "bridge_name": "Sadhugoti Bridge", "bridge_type": "Steel Girder Bridge", "road_no": "N207", "zone": "Sylhet", "circle": "Moulavi Bazar", "division": "Moulavi Bazar", "subdivision": "Moulavi Bazar", "sae": "SAE-Moulavi Bazar-1", "bridge_length_(m)": 13.78, "bridge_width_(m)": 9.87, "chainage_(km)": 62.6, "ycoord": 24.417123333332999, "xcoord": 91.68684, "bms_inventory": "http://bms.rhd.gov.bd:8088/bms/bridges/inventory_view/9197", "bms_detail": "http://bms.rhd.gov.bd:8088/bms/bridges/inventory_view/9197", "f_class_name": "Steel Girder Bridge", "keys": "[bridge_name, Bridge Name], [bridge_type,Type], [chainage_(km), Chainage (km)], [road_no, On Road], [division, Division], [subdivision, Subdivision], [bridge_length_(m), Length (m)], [bridge_width_(m), Width (m)], [spans, Span], [span_arrangement, Span Arrangement], [completion_year, Const. Year], [map_link(=>{type:link, format:weblink}, Google Map,newtab=>),Google Map View],[bms_inventory(=>{type:link, format:weblink}, BMS Link,newtab=>), BMS Inventory],[bms_detail(=>{type:link, format:weblink},BMS Link,newtab=>), BMS Detailed View]", "f_class_color": "#b15dec", "spans": 1.0, "span_arrangement": "13", "completion_year": "1993", "bridge_no": "242501914112" }, "geometry": { "type": "Point", "coordinates": [ 91.68684, 24.417123333332999 ] } },
{ "type": "Feature", "properties": { "id": "9202", "sl": 8053, "map_link": "https://maps.google.com/?q=24.90671,91.924449833333&amp;z=8&amp;t=k", "image_popup": "8088/bms/assets/uploads/images/bridges/bridge_9202/1729440347.JPG", "bridge_name": "Khadimpara Bridge", "bridge_type": "RC Girder Bridge", "road_no": "N2", "zone": "Sylhet", "circle": "Sylhet", "division": "Sylhet", "subdivision": "Sylhet", "sae": "SAE-Sylhet-1", "bridge_length_(m)": 12.7, "bridge_width_(m)": 7.9, "chainage_(km)": 235.123, "ycoord": 24.90671, "xcoord": 91.924449833333, "bms_inventory": "http://bms.rhd.gov.bd:8088/bms/bridges/inventory_view/9202", "bms_detail": "http://bms.rhd.gov.bd:8088/bms/bridges/inventory_view/9202", "f_class_name": "RC Girder Bridge", "keys": "[bridge_name, Bridge Name], [bridge_type,Type], [chainage_(km), Chainage (km)], [road_no, On Road], [division, Division], [subdivision, Subdivision], [bridge_length_(m), Length (m)], [bridge_width_(m), Width (m)], [spans, Span], [span_arrangement, Span Arrangement], [completion_year, Const. Year], [map_link(=>{type:link, format:weblink}, Google Map,newtab=>),Google Map View],[bms_inventory(=>{type:link, format:weblink}, BMS Link,newtab=>), BMS Inventory],[bms_detail(=>{type:link, format:weblink},BMS Link,newtab=>), BMS Detailed View]", "f_class_color": "#e8f674", "spans": 1.0, "span_arrangement": "12.6", "completion_year": "1975", "bridge_no": "245424915528" }, "geometry": { "type": "Point", "coordinates": [ 91.924449833333, 24.90671 ] } },
{ "type": "Feature", "properties": { "id": "9205", "sl": 13346, "map_link": "https://maps.google.com/?q=24.913289833333,91.93665&amp;z=8&amp;t=k", "image_popup": "8088/bms/assets/uploads/images/bridges/bridge_9205/1723630822.JPG", "bridge_name": "Shah Poran Bridge", "bridge_type": "RC Girder Bridge", "road_no": "N2", "zone": "Sylhet", "circle": "Sylhet", "division": "Sylhet", "subdivision": "Sylhet", "sae": "SAE-Sylhet-1", "bridge_length_(m)": 12.6, "bridge_width_(m)": 8.6, "chainage_(km)": 236.563, "ycoord": 24.913289833333, "xcoord": 91.93665, "bms_inventory": "http://bms.rhd.gov.bd:8088/bms/bridges/inventory_view/9205", "bms_detail": "http://bms.rhd.gov.bd:8088/bms/bridges/inventory_view/9205", "f_class_name": "RC Girder Bridge", "keys": "[bridge_name, Bridge Name], [bridge_type,Type], [chainage_(km), Chainage (km)], [road_no, On Road], [division, Division], [subdivision, Subdivision], [bridge_length_(m), Length (m)], [bridge_width_(m), Width (m)], [spans, Span], [span_arrangement, Span Arrangement], [completion_year, Const. Year], [map_link(=>{type:link, format:weblink}, Google Map,newtab=>),Google Map View],[bms_inventory(=>{type:link, format:weblink}, BMS Link,newtab=>), BMS Inventory],[bms_detail(=>{type:link, format:weblink},BMS Link,newtab=>), BMS Detailed View]", "f_class_color": "#e8f674", "spans": 1.0, "span_arrangement": "12.2", "completion_year": "1980", "bridge_no": "245448915612" }, "geometry": { "type": "Point", "coordinates": [ 91.93665, 24.913289833333 ] } },
{ "type": "Feature", "properties": { "id": "9206", "sl": 10039, "map_link": "https://maps.google.com/?q=24.915209833333,91.945089833333&amp;z=8&amp;t=k", "image_popup": "8088/bms/assets/uploads/images/bridges/bridge_9206/1723630296.JPG", "bridge_name": "Moderngate Bridge", "bridge_type": "RC Girder Bridge", "road_no": "N2", "zone": "Sylhet", "circle": "Sylhet", "division": "Sylhet", "subdivision": "Sylhet", "sae": "SAE-Sylhet-1", "bridge_length_(m)": 16.0, "bridge_width_(m)": 10.0, "chainage_(km)": 237.447, "ycoord": 24.915209833333002, "xcoord": 91.945089833333, "bms_inventory": "http://bms.rhd.gov.bd:8088/bms/bridges/inventory_view/9206", "bms_detail": "http://bms.rhd.gov.bd:8088/bms/bridges/inventory_view/9206", "f_class_name": "RC Girder Bridge", "keys": "[bridge_name, Bridge Name], [bridge_type,Type], [chainage_(km), Chainage (km)], [road_no, On Road], [division, Division], [subdivision, Subdivision], [bridge_length_(m), Length (m)], [bridge_width_(m), Width (m)], [spans, Span], [span_arrangement, Span Arrangement], [completion_year, Const. Year], [map_link(=>{type:link, format:weblink}, Google Map,newtab=>),Google Map View],[bms_inventory(=>{type:link, format:weblink}, BMS Link,newtab=>), BMS Inventory],[bms_detail(=>{type:link, format:weblink},BMS Link,newtab=>), BMS Detailed View]", "f_class_color": "#e8f674", "spans": 1.0, "span_arrangement": "15.8", "completion_year": "2000", "bridge_no": "245455915642" }, "geometry": { "type": "Point", "coordinates": [ 91.945089833333, 24.915209833333002 ] } },
{ "type": "Feature", "properties": { "id": "9221", "sl": 12219, "map_link": "https://maps.google.com/?q=24.91278,91.812529833333&amp;z=8&amp;t=k", "image_popup": "8088/bms/assets/uploads/images/bridges/bridge_9221/1722769466.JPG", "bridge_name": "Puraton Tukerbazar Bridge", "bridge_type": "RC Girder Bridge", "road_no": "R280", "zone": "Sylhet", "circle": "Sylhet", "division": "Sylhet", "subdivision": "Sylhet", "sae": "SAE-Sylhet-1", "bridge_length_(m)": 34.7, "bridge_width_(m)": 9.74, "chainage_(km)": 6.237, "ycoord": 24.91278, "xcoord": 91.812529833333002, "bms_inventory": "http://bms.rhd.gov.bd:8088/bms/bridges/inventory_view/9221", "bms_detail": "http://bms.rhd.gov.bd:8088/bms/bridges/inventory_view/9221", "f_class_name": "RC Girder Bridge", "keys": "[bridge_name, Bridge Name], [bridge_type,Type], [chainage_(km), Chainage (km)], [road_no, On Road], [division, Division], [subdivision, Subdivision], [bridge_length_(m), Length (m)], [bridge_width_(m), Width (m)], [spans, Span], [span_arrangement, Span Arrangement], [completion_year, Const. Year], [map_link(=>{type:link, format:weblink}, Google Map,newtab=>),Google Map View],[bms_inventory(=>{type:link, format:weblink}, BMS Link,newtab=>), BMS Inventory],[bms_detail(=>{type:link, format:weblink},BMS Link,newtab=>), BMS Detailed View]", "f_class_color": "#e8f674", "spans": 3.0, "span_arrangement": "11.6+11.3+11.4", "completion_year": "1984", "bridge_no": "245446914845" }, "geometry": { "type": "Point", "coordinates": [ 91.812529833333002, 24.91278 ] } },
{ "type": "Feature", "properties": { "id": "9230", "sl": 11325, "map_link": "https://maps.google.com/?q=24.9128,91.812439833333&amp;z=8&amp;t=k", "image_popup": "8088/bms/assets/uploads/images/bridges/bridge_9230/1722835928.JPG", "bridge_name": "Notun Tukerbazar Bridge", "bridge_type": "PC Girder Bridge", "road_no": "R280", "zone": "Sylhet", "circle": "Sylhet", "division": "Sylhet", "subdivision": "Sylhet", "sae": "SAE-Sylhet-1", "bridge_length_(m)": 34.7, "bridge_width_(m)": 10.2, "chainage_(km)": 6.237, "ycoord": 24.9128, "xcoord": 91.812439833333002, "bms_inventory": "http://bms.rhd.gov.bd:8088/bms/bridges/inventory_view/9230", "bms_detail": "http://bms.rhd.gov.bd:8088/bms/bridges/inventory_view/9230", "f_class_name": "PC Girder Bridge", "keys": "[bridge_name, Bridge Name], [bridge_type,Type], [chainage_(km), Chainage (km)], [road_no, On Road], [division, Division], [subdivision, Subdivision], [bridge_length_(m), Length (m)], [bridge_width_(m), Width (m)], [spans, Span], [span_arrangement, Span Arrangement], [completion_year, Const. Year], [map_link(=>{type:link, format:weblink}, Google Map,newtab=>),Google Map View],[bms_inventory(=>{type:link, format:weblink}, BMS Link,newtab=>), BMS Inventory],[bms_detail(=>{type:link, format:weblink},BMS Link,newtab=>), BMS Detailed View]", "f_class_color": "#6ebed6", "spans": 1.0, "span_arrangement": "34.2", "completion_year": "2021", "bridge_no": "2454469148451" }, "geometry": { "type": "Point", "coordinates": [ 91.812439833333002, 24.9128 ] } },
{ "type": "Feature", "properties": { "id": "9238", "sl": 8393, "map_link": "https://maps.google.com/?q=24.54379,92.094539833333&amp;z=8&amp;t=k", "image_popup": "8088/bms/assets/uploads/images/bridges/bridge_9238/1722945348.JPG", "bridge_name": "Klipdon Bridge", "bridge_type": "Small Slab Bridge", "road_no": "Z2824", "zone": "Sylhet", "circle": "Moulavi Bazar", "division": "Moulavi Bazar", "subdivision": "Kulaura", "sae": "Juri", "bridge_length_(m)": 1.25, "bridge_width_(m)": 4.93, "chainage_(km)": 5.21, "ycoord": 24.54379, "xcoord": 92.094539833333002, "bms_inventory": "http://bms.rhd.gov.bd:8088/bms/bridges/inventory_view/9238", "bms_detail": "http://bms.rhd.gov.bd:8088/bms/bridges/inventory_view/9238", "f_class_name": "Small Slab Bridge", "keys": "[bridge_name, Bridge Name], [bridge_type,Type], [chainage_(km), Chainage (km)], [road_no, On Road], [division, Division], [subdivision, Subdivision], [bridge_length_(m), Length (m)], [bridge_width_(m), Width (m)], [spans, Span], [span_arrangement, Span Arrangement], [completion_year, Const. Year], [map_link(=>{type:link, format:weblink}, Google Map,newtab=>),Google Map View],[bms_inventory(=>{type:link, format:weblink}, BMS Link,newtab=>), BMS Inventory],[bms_detail(=>{type:link, format:weblink},BMS Link,newtab=>), BMS Detailed View]", "f_class_color": "#13b7dd", "spans": 1.0, "span_arrangement": "0.7", "completion_year": "2003", "bridge_no": "243237920540" }, "geometry": { "type": "Point", "coordinates": [ 92.094539833333002, 24.54379 ] } },
{ "type": "Feature", "properties": { "id": "9255", "sl": 8654, "map_link": "https://maps.google.com/?q=25.00166,92.047989833333&amp;z=8&amp;t=k", "image_popup": "8088/bms/assets/uploads/images/bridges/bridge_9255/1723977899.jpeg", "bridge_name": "Korisorpul Bridge", "bridge_type": "Truss Bridge", "road_no": "N2", "zone": "Sylhet", "circle": "Sylhet", "division": "Sylhet", "subdivision": "Sylhet", "sae": "SAE-Sylhet-1", "bridge_length_(m)": 84.4, "bridge_width_(m)": 9.7, "chainage_(km)": 252.53, "ycoord": 25.00166, "xcoord": 92.047989833333006, "bms_inventory": "http://bms.rhd.gov.bd:8088/bms/bridges/inventory_view/9255", "bms_detail": "http://bms.rhd.gov.bd:8088/bms/bridges/inventory_view/9255", "f_class_name": "Truss Bridge", "keys": "[bridge_name, Bridge Name], [bridge_type,Type], [chainage_(km), Chainage (km)], [road_no, On Road], [division, Division], [subdivision, Subdivision], [bridge_length_(m), Length (m)], [bridge_width_(m), Width (m)], [spans, Span], [span_arrangement, Span Arrangement], [completion_year, Const. Year], [map_link(=>{type:link, format:weblink}, Google Map,newtab=>),Google Map View],[bms_inventory(=>{type:link, format:weblink}, BMS Link,newtab=>), BMS Inventory],[bms_detail(=>{type:link, format:weblink},BMS Link,newtab=>), BMS Detailed View]", "f_class_color": "#6470da", "spans": 2.0, "span_arrangement": "41.7+42", "completion_year": "1980", "bridge_no": "250006920253" }, "geometry": { "type": "Point", "coordinates": [ 92.047989833333006, 25.00166 ] } },
{ "type": "Feature", "properties": { "id": "9260", "sl": 2918, "map_link": "https://maps.google.com/?q=24.014189833333,91.061189833333&amp;z=8&amp;t=k", "image_popup": "8088/bms/assets/uploads/images/bridges/bridge_9260/1723096070.JPG", "bridge_name": "Chaglirpul Bridge", "bridge_type": "RC Girder Bridge", "road_no": "N2", "zone": "Sylhet", "circle": "Sylhet", "division": "Sylhet", "subdivision": "Sylhet", "sae": "SAE-Sylhet-1", "bridge_length_(m)": 38.5, "bridge_width_(m)": 9.6, "chainage_(km)": 254.476, "ycoord": 24.014189833332999, "xcoord": 91.061189833333003, "bms_inventory": "http://bms.rhd.gov.bd:8088/bms/bridges/inventory_view/9260", "bms_detail": "http://bms.rhd.gov.bd:8088/bms/bridges/inventory_view/9260", "f_class_name": "RC Girder Bridge", "keys": "[bridge_name, Bridge Name], [bridge_type,Type], [chainage_(km), Chainage (km)], [road_no, On Road], [division, Division], [subdivision, Subdivision], [bridge_length_(m), Length (m)], [bridge_width_(m), Width (m)], [spans, Span], [span_arrangement, Span Arrangement], [completion_year, Const. Year], [map_link(=>{type:link, format:weblink}, Google Map,newtab=>),Google Map View],[bms_inventory(=>{type:link, format:weblink}, BMS Link,newtab=>), BMS Inventory],[bms_detail(=>{type:link, format:weblink},BMS Link,newtab=>), BMS Detailed View]", "f_class_color": "#e8f674", "spans": 3.0, "span_arrangement": "12.7+12.7+12.7", "completion_year": "1990", "bridge_no": "250051920340" }, "geometry": { "type": "Point", "coordinates": [ 91.06118983, 24.014189833332999 ] } },
{ "type": "Feature", "properties": { "id": "9263", "sl": 5908, "map_link": "https://maps.google.com/?q=25.029119833333,92.069082222222&amp;z=8&amp;t=k", "image_popup": "8088/bms/assets/uploads/images/bridges/bridge_9263/1723097689.JPG", "bridge_name": "Goyalipul Bridge", "bridge_type": "RC Girder Bridge", "road_no": "N2", "zone": "Sylhet", "circle": "Sylhet", "division": "Sylhet", "subdivision": "Sylhet", "sae": "SAE-Sylhet-1", "bridge_length_(m)": 38.7, "bridge_width_(m)": 9.98, "chainage_(km)": 256.463, "ycoord": 25.029119833332999, "xcoord": 92.069082222221994, "bms_inventory": "http://bms.rhd.gov.bd:8088/bms/bridges/inventory_view/9263", "bms_detail": "http://bms.rhd.gov.bd:8088/bms/bridges/inventory_view/9263", "f_class_name": "RC Girder Bridge", "keys": "[bridge_name, Bridge Name], [bridge_type,Type], [chainage_(km), Chainage (km)], [road_no, On Road], [division, Division], [subdivision, Subdivision], [bridge_length_(m), Length (m)], [bridge_width_(m), Width (m)], [spans, Span], [span_arrangement, Span Arrangement], [completion_year, Const. Year], [map_link(=>{type:link, format:weblink}, Google Map,newtab=>),Google Map View],[bms_inventory(=>{type:link, format:weblink}, BMS Link,newtab=>), BMS Inventory],[bms_detail(=>{type:link, format:weblink},BMS Link,newtab=>), BMS Detailed View]", "f_class_color": "#e8f674", "spans": 4.0, "span_arrangement": "9.6+9.6+9.5+9.7", "completion_year": "1990", "bridge_no": "250145920409" }, "geometry": { "type": "Point", "coordinates": [ 92.069082222221994, 25.029119833332999 ] } },
{ "type": "Feature", "properties": { "id": "9266", "sl": 4040, "map_link": "https://maps.google.com/?q=25.037259833333,92.08338&amp;z=8&amp;t=k", "image_popup": "8088/bms/assets/uploads/images/bridges/bridge_9266/1723103468.JPG", "bridge_name": "Damripul Bridge", "bridge_type": "RC Girder Bridge", "road_no": "N2", "zone": "Sylhet", "circle": "Sylhet", "division": "Sylhet", "subdivision": "Sylhet", "sae": "SAE-Sylhet-1", "bridge_length_(m)": 57.6, "bridge_width_(m)": 9.98, "chainage_(km)": 257.964, "ycoord": 25.037259833333, "xcoord": 92.08338, "bms_inventory": "http://bms.rhd.gov.bd:8088/bms/bridges/inventory_view/9266", "bms_detail": "http://bms.rhd.gov.bd:8088/bms/bridges/inventory_view/9266", "f_class_name": "RC Girder Bridge", "keys": "[bridge_name, Bridge Name], [bridge_type,Type], [chainage_(km), Chainage (km)], [road_no, On Road], [division, Division], [subdivision, Subdivision], [bridge_length_(m), Length (m)], [bridge_width_(m), Width (m)], [spans, Span], [span_arrangement, Span Arrangement], [completion_year, Const. Year], [map_link(=>{type:link, format:weblink}, Google Map,newtab=>),Google Map View],[bms_inventory(=>{type:link, format:weblink}, BMS Link,newtab=>), BMS Inventory],[bms_detail(=>{type:link, format:weblink},BMS Link,newtab=>), BMS Detailed View]", "f_class_color": "#e8f674", "spans": 4.0, "span_arrangement": "14.2+14.3+14.2+14.1", "completion_year": "1990", "bridge_no": "250214920500" }, "geometry": { "type": "Point", "coordinates": [ 92.08338, 25.037259833333 ] } },
{ "type": "Feature", "properties": { "id": "9279", "sl": 10311, "map_link": "https://maps.google.com/?q=24.910009833333,91.74575&amp;z=8&amp;t=k", "image_popup": "8088/bms/assets/uploads/images/bridges/bridge_9279/1723129168.JPG", "bridge_name": "Mollargao Bridge", "bridge_type": "RC Girder Bridge", "road_no": "R280", "zone": "Sylhet", "circle": "Sylhet", "division": "Sylhet", "subdivision": "Sylhet", "sae": "SAE-Sylhet-1", "bridge_length_(m)": 19.3, "bridge_width_(m)": 8.17, "chainage_(km)": 13.365, "ycoord": 24.910009833333, "xcoord": 91.74575, "bms_inventory": "http://bms.rhd.gov.bd:8088/bms/bridges/inventory_view/9279", "bms_detail": "http://bms.rhd.gov.bd:8088/bms/bridges/inventory_view/9279", "f_class_name": "RC Girder Bridge", "keys": "[bridge_name, Bridge Name], [bridge_type,Type], [chainage_(km), Chainage (km)], [road_no, On Road], [division, Division], [subdivision, Subdivision], [bridge_length_(m), Length (m)], [bridge_width_(m), Width (m)], [spans, Span], [span_arrangement, Span Arrangement], [completion_year, Const. Year], [map_link(=>{type:link, format:weblink}, Google Map,newtab=>),Google Map View],[bms_inventory(=>{type:link, format:weblink}, BMS Link,newtab=>), BMS Inventory],[bms_detail(=>{type:link, format:weblink},BMS Link,newtab=>), BMS Detailed View]", "f_class_color": "#e8f674", "spans": 1.0, "span_arrangement": "18.7", "completion_year": "1972", "bridge_no": "245436914445" }, "geometry": { "type": "Point", "coordinates": [ 91.74575, 24.910009833333 ] } },
{ "type": "Feature", "properties": { "id": "9280", "sl": 9315, "map_link": "https://maps.google.com/?q=24.9096,91.735669833333&amp;z=8&amp;t=k", "image_popup": "8088/bms/assets/uploads/images/bridges/bridge_9280/1723113690.JPG", "bridge_name": "M.A. Khan Bridge", "bridge_type": "Mixed Types Bridge", "road_no": "R280", "zone": "Sylhet", "circle": "Sylhet", "division": "Sylhet", "subdivision": "Sylhet", "sae": "SAE-Sylhet-1", "bridge_length_(m)": 226.0, "bridge_width_(m)": 8.4, "chainage_(km)": 14.436, "ycoord": 24.9096, "xcoord": 91.735669833333006, "bms_inventory": "http://bms.rhd.gov.bd:8088/bms/bridges/inventory_view/9280", "bms_detail": "http://bms.rhd.gov.bd:8088/bms/bridges/inventory_view/9280", "f_class_name": "Mixed Types Bridge", "keys": "[bridge_name, Bridge Name], [bridge_type,Type], [chainage_(km), Chainage (km)], [road_no, On Road], [division, Division], [subdivision, Subdivision], [bridge_length_(m), Length (m)], [bridge_width_(m), Width (m)], [spans, Span], [span_arrangement, Span Arrangement], [completion_year, Const. Year], [map_link(=>{type:link, format:weblink}, Google Map,newtab=>),Google Map View],[bms_inventory(=>{type:link, format:weblink}, BMS Link,newtab=>), BMS Inventory],[bms_detail(=>{type:link, format:weblink},BMS Link,newtab=>), BMS Detailed View]", "f_class_color": "#2edb93", "spans": 4.0, "span_arrangement": "38.8+123+38.8+24.8", "completion_year": "1984", "bridge_no": "245435914408" }, "geometry": { "type": "Point", "coordinates": [ 91.735669833333006, 24.9096 ] } },
{ "type": "Feature", "properties": { "id": "9283", "sl": 11637, "map_link": "https://maps.google.com/?q=24.91552,91.722949833333&amp;z=8&amp;t=k", "image_popup": "8088/bms/assets/uploads/images/bridges/bridge_9283/1723132592.JPG", "bridge_name": "Pakukhali Bridge", "bridge_type": "RC Girder Bridge", "road_no": "R280", "zone": "Sylhet", "circle": "Sylhet", "division": "Sylhet", "subdivision": "Sylhet", "sae": "SAE-Sylhet-1", "bridge_length_(m)": 14.2, "bridge_width_(m)": 9.7, "chainage_(km)": 15.858, "ycoord": 24.91552, "xcoord": 91.722949833333004, "bms_inventory": "http://bms.rhd.gov.bd:8088/bms/bridges/inventory_view/9283", "bms_detail": "http://bms.rhd.gov.bd:8088/bms/bridges/inventory_view/9283", "f_class_name": "RC Girder Bridge", "keys": "[bridge_name, Bridge Name], [bridge_type,Type], [chainage_(km), Chainage (km)], [road_no, On Road], [division, Division], [subdivision, Subdivision], [bridge_length_(m), Length (m)], [bridge_width_(m), Width (m)], [spans, Span], [span_arrangement, Span Arrangement], [completion_year, Const. Year], [map_link(=>{type:link, format:weblink}, Google Map,newtab=>),Google Map View],[bms_inventory(=>{type:link, format:weblink}, BMS Link,newtab=>), BMS Inventory],[bms_detail(=>{type:link, format:weblink},BMS Link,newtab=>), BMS Detailed View]", "f_class_color": "#e8f674", "spans": 1.0, "span_arrangement": "13.4", "completion_year": "1984", "bridge_no": "245456914323" }, "geometry": { "type": "Point", "coordinates": [ 91.722949833333004, 24.91552 ] } },
{ "type": "Feature", "properties": { "id": "9284", "sl": 11140, "map_link": "https://maps.google.com/?q=24.920639833333,91.70832&amp;z=8&amp;t=k", "image_popup": "8088/bms/assets/uploads/images/bridges/bridge_9284/1723133061.JPG", "bridge_name": "Nolkotor Bridge", "bridge_type": "RC Girder Bridge", "road_no": "R280", "zone": "Sylhet", "circle": "Sylhet", "division": "Sylhet", "subdivision": "Sylhet", "sae": "SAE-Sylhet-1", "bridge_length_(m)": 27.4, "bridge_width_(m)": 9.75, "chainage_(km)": 17.473, "ycoord": 24.920639833332999, "xcoord": 91.70832, "bms_inventory": "http://bms.rhd.gov.bd:8088/bms/bridges/inventory_view/9284", "bms_detail": "http://bms.rhd.gov.bd:8088/bms/bridges/inventory_view/9284", "f_class_name": "RC Girder Bridge", "keys": "[bridge_name, Bridge Name], [bridge_type,Type], [chainage_(km), Chainage (km)], [road_no, On Road], [division, Division], [subdivision, Subdivision], [bridge_length_(m), Length (m)], [bridge_width_(m), Width (m)], [spans, Span], [span_arrangement, Span Arrangement], [completion_year, Const. Year], [map_link(=>{type:link, format:weblink}, Google Map,newtab=>),Google Map View],[bms_inventory(=>{type:link, format:weblink}, BMS Link,newtab=>), BMS Inventory],[bms_detail(=>{type:link, format:weblink},BMS Link,newtab=>), BMS Detailed View]", "f_class_color": "#e8f674", "spans": 2.0, "span_arrangement": "13.4+13.4", "completion_year": "1984", "bridge_no": "245514914230" }, "geometry": { "type": "Point", "coordinates": [ 91.70832, 24.920639833332999 ] } },
{ "type": "Feature", "properties": { "id": "9285", "sl": 13183, "map_link": "https://maps.google.com/?q=25.08305,92.11552&amp;z=8&amp;t=k", "image_popup": "8088/bms/assets/uploads/images/bridges/bridge_9285/1723288220.JPG", "bridge_name": "Sari Pathorghat Bridge", "bridge_type": "RC Girder Bridge", "road_no": "N2", "zone": "Sylhet", "circle": "Sylhet", "division": "Sylhet", "subdivision": "Sylhet", "sae": "SAE-Sylhet-1", "bridge_length_(m)": 22.5, "bridge_width_(m)": 9.9, "chainage_(km)": 264.16, "ycoord": 25.08305, "xcoord": 92.11552, "bms_inventory": "http://bms.rhd.gov.bd:8088/bms/bridges/inventory_view/9285", "bms_detail": "http://bms.rhd.gov.bd:8088/bms/bridges/inventory_view/9285", "f_class_name": "RC Girder Bridge", "keys": "[bridge_name, Bridge Name], [bridge_type,Type], [chainage_(km), Chainage (km)], [road_no, On Road], [division, Division], [subdivision, Subdivision], [bridge_length_(m), Length (m)], [bridge_width_(m), Width (m)], [spans, Span], [span_arrangement, Span Arrangement], [completion_year, Const. Year], [map_link(=>{type:link, format:weblink}, Google Map,newtab=>),Google Map View],[bms_inventory(=>{type:link, format:weblink}, BMS Link,newtab=>), BMS Inventory],[bms_detail(=>{type:link, format:weblink},BMS Link,newtab=>), BMS Detailed View]", "f_class_color": "#e8f674", "spans": 2.0, "span_arrangement": "11.2+11.2", "completion_year": "2000", "bridge_no": "250459920656" }, "geometry": { "type": "Point", "coordinates": [ 92.11552, 25.08305 ] } },
{ "type": "Feature", "properties": { "id": "9286", "sl": 13560, "map_link": "https://maps.google.com/?q=25.092082833333,92.117859833333&amp;z=8&amp;t=k", "image_popup": "8088/bms/assets/uploads/images/bridges/bridge_9286/1728145084.JPG", "bridge_name": "Shari Bridge", "bridge_type": "Truss Bridge", "road_no": "N2", "zone": "Sylhet", "circle": "Sylhet", "division": "Sylhet", "subdivision": "Sylhet", "sae": "SAE-Sylhet-1", "bridge_length_(m)": 193.4, "bridge_width_(m)": 9.3, "chainage_(km)": 265.228, "ycoord": 25.092082833332999, "xcoord": 92.117859833333, "bms_inventory": "http://bms.rhd.gov.bd:8088/bms/bridges/inventory_view/9286", "bms_detail": "http://bms.rhd.gov.bd:8088/bms/bridges/inventory_view/9286", "f_class_name": "Truss Bridge", "keys": "[bridge_name, Bridge Name], [bridge_type,Type], [chainage_(km), Chainage (km)], [road_no, On Road], [division, Division], [subdivision, Subdivision], [bridge_length_(m), Length (m)], [bridge_width_(m), Width (m)], [spans, Span], [span_arrangement, Span Arrangement], [completion_year, Const. Year], [map_link(=>{type:link, format:weblink}, Google Map,newtab=>),Google Map View],[bms_inventory(=>{type:link, format:weblink}, BMS Link,newtab=>), BMS Inventory],[bms_detail(=>{type:link, format:weblink},BMS Link,newtab=>), BMS Detailed View]", "f_class_color": "#6470da", "spans": 3.0, "span_arrangement": "48.3+96+48.3", "completion_year": "1995", "bridge_no": "250531920704" }, "geometry": { "type": "Point", "coordinates": [ 92.117859833333, 25.092082833332999 ] } },
{ "type": "Feature", "properties": { "id": "9288", "sl": 5163, "map_link": "https://maps.google.com/?q=25.12534,92.116339833333&amp;z=8&amp;t=k", "image_popup": "8088/bms/assets/uploads/images/bridges/bridge_9288/1723295623.JPG", "bridge_name": "Ferryghat Bridge", "bridge_type": "Truss Bridge", "road_no": "N2", "zone": "Sylhet", "circle": "Sylhet", "division": "Sylhet", "subdivision": "Sylhet", "sae": "SAE-Sylhet-1", "bridge_length_(m)": 88.7, "bridge_width_(m)": 9.38, "chainage_(km)": 268.983, "ycoord": 25.12534, "xcoord": 92.116339833333001, "bms_inventory": "http://bms.rhd.gov.bd:8088/bms/bridges/inventory_view/9288", "bms_detail": "http://bms.rhd.gov.bd:8088/bms/bridges/inventory_view/9288", "f_class_name": "Truss Bridge", "keys": "[bridge_name, Bridge Name], [bridge_type,Type], [chainage_(km), Chainage (km)], [road_no, On Road], [division, Division], [subdivision, Subdivision], [bridge_length_(m), Length (m)], [bridge_width_(m), Width (m)], [spans, Span], [span_arrangement, Span Arrangement], [completion_year, Const. Year], [map_link(=>{type:link, format:weblink}, Google Map,newtab=>),Google Map View],[bms_inventory(=>{type:link, format:weblink}, BMS Link,newtab=>), BMS Inventory],[bms_detail(=>{type:link, format:weblink},BMS Link,newtab=>), BMS Detailed View]", "f_class_color": "#6470da", "spans": 1.0, "span_arrangement": "88", "completion_year": "1990", "bridge_no": "250731920659" }, "geometry": { "type": "Point", "coordinates": [ 92.116339833333001, 25.12534 ] } },
{ "type": "Feature", "properties": { "id": "9289", "sl": 9050, "map_link": "https://maps.google.com/?q=25.129639833333,92.119649833333&amp;z=8&amp;t=k", "image_popup": "8088/bms/assets/uploads/images/bridges/bridge_9289/1723297549.JPG", "bridge_name": "Lama Para Bridge", "bridge_type": "RC Girder Bridge", "road_no": "N2", "zone": "Sylhet", "circle": "Sylhet", "division": "Sylhet", "subdivision": "Sylhet", "sae": "SAE-Sylhet-1", "bridge_length_(m)": 27.2, "bridge_width_(m)": 9.9, "chainage_(km)": 269.68, "ycoord": 25.129639833333002, "xcoord": 92.119649833333, "bms_inventory": "http://bms.rhd.gov.bd:8088/bms/bridges/inventory_view/9289", "bms_detail": "http://bms.rhd.gov.bd:8088/bms/bridges/inventory_view/9289", "f_class_name": "RC Girder Bridge", "keys": "[bridge_name, Bridge Name], [bridge_type,Type], [chainage_(km), Chainage (km)], [road_no, On Road], [division, Division], [subdivision, Subdivision], [bridge_length_(m), Length (m)], [bridge_width_(m), Width (m)], [spans, Span], [span_arrangement, Span Arrangement], [completion_year, Const. Year], [map_link(=>{type:link, format:weblink}, Google Map,newtab=>),Google Map View],[bms_inventory(=>{type:link, format:weblink}, BMS Link,newtab=>), BMS Inventory],[bms_detail(=>{type:link, format:weblink},BMS Link,newtab=>), BMS Detailed View]", "f_class_color": "#e8f674", "spans": 2.0, "span_arrangement": "13.4+13.4", "completion_year": "1995", "bridge_no": "250747920711" }, "geometry": { "type": "Point", "coordinates": [ 92.119649833333, 25.129639833333002 ] } },
{ "type": "Feature", "properties": { "id": "9290", "sl": 10418, "map_link": "https://maps.google.com/?q=25.131669833333,92.12032&amp;z=8&amp;t=k", "image_popup": "8088/bms/assets/uploads/images/bridges/bridge_9290/1725362643.JPG", "bridge_name": "Morgarpul Bridge", "bridge_type": "Steel Girder Bridge", "road_no": "N2", "zone": "Sylhet", "circle": "Sylhet", "division": "Sylhet", "subdivision": "Sylhet", "sae": "SAE-Sylhet-1", "bridge_length_(m)": 23.7, "bridge_width_(m)": 9.81, "chainage_(km)": 269.927, "ycoord": 25.131669833333, "xcoord": 92.12032, "bms_inventory": "http://bms.rhd.gov.bd:8088/bms/bridges/inventory_view/9290", "bms_detail": "http://bms.rhd.gov.bd:8088/bms/bridges/inventory_view/9290", "f_class_name": "Steel Girder Bridge", "keys": "[bridge_name, Bridge Name], [bridge_type,Type], [chainage_(km), Chainage (km)], [road_no, On Road], [division, Division], [subdivision, Subdivision], [bridge_length_(m), Length (m)], [bridge_width_(m), Width (m)], [spans, Span], [span_arrangement, Span Arrangement], [completion_year, Const. Year], [map_link(=>{type:link, format:weblink}, Google Map,newtab=>),Google Map View],[bms_inventory(=>{type:link, format:weblink}, BMS Link,newtab=>), BMS Inventory],[bms_detail(=>{type:link, format:weblink},BMS Link,newtab=>), BMS Detailed View]", "f_class_color": "#b15dec", "spans": 1.0, "span_arrangement": "23.2", "completion_year": "2000", "bridge_no": "250754920713" }, "geometry": { "type": "Point", "coordinates": [ 92.12032, 25.131669833333 ] } },
{ "type": "Feature", "properties": { "id": "9291", "sl": 10562, "map_link": "https://maps.google.com/?q=25.14084,92.119759833333&amp;z=8&amp;t=k", "image_popup": "8088/bms/assets/uploads/images/bridges/bridge_9291/1723353834.JPG", "bridge_name": "Muktapur Bridge", "bridge_type": "RC Girder Bridge", "road_no": "N2", "zone": "Sylhet", "circle": "Sylhet", "division": "Sylhet", "subdivision": "Sylhet", "sae": "SAE-Sylhet-1", "bridge_length_(m)": 16.0, "bridge_width_(m)": 10.04, "chainage_(km)": 271.123, "ycoord": 25.14084, "xcoord": 92.119759833333006, "bms_inventory": "http://bms.rhd.gov.bd:8088/bms/bridges/inventory_view/9291", "bms_detail": "http://bms.rhd.gov.bd:8088/bms/bridges/inventory_view/9291", "f_class_name": "RC Girder Bridge", "keys": "[bridge_name, Bridge Name], [bridge_type,Type], [chainage_(km), Chainage (km)], [road_no, On Road], [division, Division], [subdivision, Subdivision], [bridge_length_(m), Length (m)], [bridge_width_(m), Width (m)], [spans, Span], [span_arrangement, Span Arrangement], [completion_year, Const. Year], [map_link(=>{type:link, format:weblink}, Google Map,newtab=>),Google Map View],[bms_inventory(=>{type:link, format:weblink}, BMS Link,newtab=>), BMS Inventory],[bms_detail(=>{type:link, format:weblink},BMS Link,newtab=>), BMS Detailed View]", "f_class_color": "#e8f674", "spans": 1.0, "span_arrangement": "15.9", "completion_year": "2000", "bridge_no": "250827920711" }, "geometry": { "type": "Point", "coordinates": [ 92.119759833333006, 25.14084 ] } },
{ "type": "Feature", "properties": { "id": "9292", "sl": 2000, "map_link": "https://maps.google.com/?q=25.150279833333,92.112669833333&amp;z=8&amp;t=k", "image_popup": "8088/bms/assets/uploads/images/bridges/bridge_9292/1723385831.JPG", "bridge_name": "Binaimara Brigde", "bridge_type": "Truss Bridge", "road_no": "N2", "zone": "Sylhet", "circle": "Sylhet", "division": "Sylhet", "subdivision": "Sylhet", "sae": "SAE-Sylhet-1", "bridge_length_(m)": 65.3, "bridge_width_(m)": 9.45, "chainage_(km)": 272.56, "ycoord": 25.150279833332998, "xcoord": 92.112669833333001, "bms_inventory": "http://bms.rhd.gov.bd:8088/bms/bridges/inventory_view/9292", "bms_detail": "http://bms.rhd.gov.bd:8088/bms/bridges/inventory_view/9292", "f_class_name": "Truss Bridge", "keys": "[bridge_name, Bridge Name], [bridge_type,Type], [chainage_(km), Chainage (km)], [road_no, On Road], [division, Division], [subdivision, Subdivision], [bridge_length_(m), Length (m)], [bridge_width_(m), Width (m)], [spans, Span], [span_arrangement, Span Arrangement], [completion_year, Const. Year], [map_link(=>{type:link, format:weblink}, Google Map,newtab=>),Google Map View],[bms_inventory(=>{type:link, format:weblink}, BMS Link,newtab=>), BMS Inventory],[bms_detail(=>{type:link, format:weblink},BMS Link,newtab=>), BMS Detailed View]", "f_class_color": "#6470da", "spans": 1.0, "span_arrangement": "64.7", "completion_year": "1984", "bridge_no": "250901920646" }, "geometry": { "type": "Point", "coordinates": [ 92.112669833333001, 25.150279833332998 ] } },
{ "type": "Feature", "properties": { "id": "9293", "sl": 12666, "map_link": "https://maps.google.com/?q=25.152309833333,92.10853&amp;z=8&amp;t=k", "image_popup": "8088/bms/assets/uploads/images/bridges/bridge_9293/1723386804.JPG", "bridge_name": "Rangpani Bridge", "bridge_type": "Truss Bridge", "road_no": "N2", "zone": "Sylhet", "circle": "Sylhet", "division": "Sylhet", "subdivision": "Sylhet", "sae": "SAE-Sylhet-1", "bridge_length_(m)": 49.3, "bridge_width_(m)": 10.2, "chainage_(km)": 273.046, "ycoord": 25.152309833333, "xcoord": 92.10853, "bms_inventory": "http://bms.rhd.gov.bd:8088/bms/bridges/inventory_view/9293", "bms_detail": "http://bms.rhd.gov.bd:8088/bms/bridges/inventory_view/9293", "f_class_name": "Truss Bridge", "keys": "[bridge_name, Bridge Name], [bridge_type,Type], [chainage_(km), Chainage (km)], [road_no, On Road], [division, Division], [subdivision, Subdivision], [bridge_length_(m), Length (m)], [bridge_width_(m), Width (m)], [spans, Span], [span_arrangement, Span Arrangement], [completion_year, Const. Year], [map_link(=>{type:link, format:weblink}, Google Map,newtab=>),Google Map View],[bms_inventory(=>{type:link, format:weblink}, BMS Link,newtab=>), BMS Inventory],[bms_detail(=>{type:link, format:weblink},BMS Link,newtab=>), BMS Detailed View]", "f_class_color": "#6470da", "spans": 1.0, "span_arrangement": "48.7", "completion_year": "2000", "bridge_no": "250908920631" }, "geometry": { "type": "Point", "coordinates": [ 92.10853, 25.152309833333 ] } },
{ "type": "Feature", "properties": { "id": "9294", "sl": 12667, "map_link": "https://maps.google.com/?q=25.153739833333,92.107349833333&amp;z=8&amp;t=k", "image_popup": "8088/bms/assets/uploads/images/bridges/bridge_9294/1723387724.JPG", "bridge_name": "Rangpani Bridge 2", "bridge_type": "Steel Girder Bridge", "road_no": "N2", "zone": "Sylhet", "circle": "Sylhet", "division": "Sylhet", "subdivision": "Sylhet", "sae": "SAE-Sylhet-1", "bridge_length_(m)": 18.8, "bridge_width_(m)": 9.85, "chainage_(km)": 273.253, "ycoord": 25.153739833332999, "xcoord": 92.107349833333004, "bms_inventory": "http://bms.rhd.gov.bd:8088/bms/bridges/inventory_view/9294", "bms_detail": "http://bms.rhd.gov.bd:8088/bms/bridges/inventory_view/9294", "f_class_name": "Steel Girder Bridge", "keys": "[bridge_name, Bridge Name], [bridge_type,Type], [chainage_(km), Chainage (km)], [road_no, On Road], [division, Division], [subdivision, Subdivision], [bridge_length_(m), Length (m)], [bridge_width_(m), Width (m)], [spans, Span], [span_arrangement, Span Arrangement], [completion_year, Const. Year], [map_link(=>{type:link, format:weblink}, Google Map,newtab=>),Google Map View],[bms_inventory(=>{type:link, format:weblink}, BMS Link,newtab=>), BMS Inventory],[bms_detail(=>{type:link, format:weblink},BMS Link,newtab=>), BMS Detailed View]", "f_class_color": "#b15dec", "spans": 1.0, "span_arrangement": "18.2", "completion_year": "1984", "bridge_no": "250913920626" }, "geometry": { "type": "Point", "coordinates": [ 92.107349833333004, 25.153739833332999 ] } },
{ "type": "Feature", "properties": { "id": "9295", "sl": 9184, "map_link": "https://maps.google.com/?q=25.154749833333,92.105649833333&amp;z=8&amp;t=k", "image_popup": "8088/bms/assets/uploads/images/bridges/bridge_9295/1723388861.JPG", "bridge_name": "Lofipur Moddopara Bridge", "bridge_type": "RC Girder Bridge", "road_no": "N2", "zone": "Sylhet", "circle": "Sylhet", "division": "Sylhet", "subdivision": "Sylhet", "sae": "SAE-Sylhet-1", "bridge_length_(m)": 39.0, "bridge_width_(m)": 9.9, "chainage_(km)": 273.458, "ycoord": 25.154749833333, "xcoord": 92.105649833333004, "bms_inventory": "http://bms.rhd.gov.bd:8088/bms/bridges/inventory_view/9295", "bms_detail": "http://bms.rhd.gov.bd:8088/bms/bridges/inventory_view/9295", "f_class_name": "RC Girder Bridge", "keys": "[bridge_name, Bridge Name], [bridge_type,Type], [chainage_(km), Chainage (km)], [road_no, On Road], [division, Division], [subdivision, Subdivision], [bridge_length_(m), Length (m)], [bridge_width_(m), Width (m)], [spans, Span], [span_arrangement, Span Arrangement], [completion_year, Const. Year], [map_link(=>{type:link, format:weblink}, Google Map,newtab=>),Google Map View],[bms_inventory(=>{type:link, format:weblink}, BMS Link,newtab=>), BMS Inventory],[bms_detail(=>{type:link, format:weblink},BMS Link,newtab=>), BMS Detailed View]", "f_class_color": "#e8f674", "spans": 3.0, "span_arrangement": "12.8+12.8+12.8", "completion_year": "2002", "bridge_no": "250917920620" }, "geometry": { "type": "Point", "coordinates": [ 92.105649833333004, 25.154749833333 ] } },
{ "type": "Feature", "properties": { "id": "9296", "sl": 56, "map_link": "https://maps.google.com/?q=25.15897,92.100139833333&amp;z=8&amp;t=k", "image_popup": "8088/bms/assets/uploads/images/bridges/bridge_9296/1723389936.JPG", "bridge_name": "4 No Bangla Bazar Bridge", "bridge_type": "Truss Bridge", "road_no": "N2", "zone": "Sylhet", "circle": "Sylhet", "division": "Sylhet", "subdivision": "Sylhet", "sae": "SAE-Sylhet-1", "bridge_length_(m)": 81.2, "bridge_width_(m)": 9.42, "chainage_(km)": 274.193, "ycoord": 25.15897, "xcoord": 92.100139833333003, "bms_inventory": "http://bms.rhd.gov.bd:8088/bms/bridges/inventory_view/9296", "bms_detail": "http://bms.rhd.gov.bd:8088/bms/bridges/inventory_view/9296", "f_class_name": "Truss Bridge", "keys": "[bridge_name, Bridge Name], [bridge_type,Type], [chainage_(km), Chainage (km)], [road_no, On Road], [division, Division], [subdivision, Subdivision], [bridge_length_(m), Length (m)], [bridge_width_(m), Width (m)], [spans, Span], [span_arrangement, Span Arrangement], [completion_year, Const. Year], [map_link(=>{type:link, format:weblink}, Google Map,newtab=>),Google Map View],[bms_inventory(=>{type:link, format:weblink}, BMS Link,newtab=>), BMS Inventory],[bms_detail(=>{type:link, format:weblink},BMS Link,newtab=>), BMS Detailed View]", "f_class_color": "#6470da", "spans": 1.0, "span_arrangement": "80.8", "completion_year": "2001", "bridge_no": "250932920601" }, "geometry": { "type": "Point", "coordinates": [ 92.100139833333003, 25.15897 ] } },
{ "type": "Feature", "properties": { "id": "9298", "sl": 688, "map_link": "https://maps.google.com/?q=25.164609833333,92.096019833333&amp;z=8&amp;t=k", "image_popup": "8088/bms/assets/uploads/images/bridges/bridge_9298/1723440180.JPG", "bridge_name": "Ashampara Bridge", "bridge_type": "RC Girder Bridge", "road_no": "N2", "zone": "Sylhet", "circle": "Sylhet", "division": "Sylhet", "subdivision": "Sylhet", "sae": "SAE-Sylhet-1", "bridge_length_(m)": 38.3, "bridge_width_(m)": 9.9, "chainage_(km)": 274.952, "ycoord": 25.164609833333, "xcoord": 92.096019833333003, "bms_inventory": "http://bms.rhd.gov.bd:8088/bms/bridges/inventory_view/9298", "bms_detail": "http://bms.rhd.gov.bd:8088/bms/bridges/inventory_view/9298", "f_class_name": "RC Girder Bridge", "keys": "[bridge_name, Bridge Name], [bridge_type,Type], [chainage_(km), Chainage (km)], [road_no, On Road], [division, Division], [subdivision, Subdivision], [bridge_length_(m), Length (m)], [bridge_width_(m), Width (m)], [spans, Span], [span_arrangement, Span Arrangement], [completion_year, Const. Year], [map_link(=>{type:link, format:weblink}, Google Map,newtab=>),Google Map View],[bms_inventory(=>{type:link, format:weblink}, BMS Link,newtab=>), BMS Inventory],[bms_detail(=>{type:link, format:weblink},BMS Link,newtab=>), BMS Detailed View]", "f_class_color": "#e8f674", "spans": 3.0, "span_arrangement": "12.6+12.6+12.6", "completion_year": "1990", "bridge_no": "250953920546" }, "geometry": { "type": "Point", "coordinates": [ 92.096019833333003, 25.164609833333 ] } },
{ "type": "Feature", "properties": { "id": "9300", "sl": 11131, "map_link": "https://maps.google.com/?q=25.177289833333,92.055869833333&amp;z=8&amp;t=k", "image_popup": "8088/bms/assets/uploads/images/bridges/bridge_9300/1723441131.JPG", "bridge_name": "Noljory Bridge", "bridge_type": "Truss Bridge", "road_no": "N2", "zone": "Sylhet", "circle": "Sylhet", "division": "Sylhet", "subdivision": "Sylhet", "sae": "SAE-Sylhet-1", "bridge_length_(m)": 41.1, "bridge_width_(m)": 10.7, "chainage_(km)": 279.83, "ycoord": 25.177289833332999, "xcoord": 92.055869833333006, "bms_inventory": "http://bms.rhd.gov.bd:8088/bms/bridges/inventory_view/9300", "bms_detail": "http://bms.rhd.gov.bd:8088/bms/bridges/inventory_view/9300", "f_class_name": "Truss Bridge", "keys": "[bridge_name, Bridge Name], [bridge_type,Type], [chainage_(km), Chainage (km)], [road_no, On Road], [division, Division], [subdivision, Subdivision], [bridge_length_(m), Length (m)], [bridge_width_(m), Width (m)], [spans, Span], [span_arrangement, Span Arrangement], [completion_year, Const. Year], [map_link(=>{type:link, format:weblink}, Google Map,newtab=>),Google Map View],[bms_inventory(=>{type:link, format:weblink}, BMS Link,newtab=>), BMS Inventory],[bms_detail(=>{type:link, format:weblink},BMS Link,newtab=>), BMS Detailed View]", "f_class_color": "#6470da", "spans": 1.0, "span_arrangement": "40.7", "completion_year": "1995", "bridge_no": "251038920321" }, "geometry": { "type": "Point", "coordinates": [ 92.055869833333006, 25.177289833332999 ] } },
{ "type": "Feature", "properties": { "id": "9305", "sl": 11137, "map_link": "https://maps.google.com/?q=25.1764,92.054169833333&amp;z=8&amp;t=k", "image_popup": "8088/bms/assets/uploads/images/bridges/bridge_9305/1723986903.JPG", "bridge_name": "Noljuri Bridge 2", "bridge_type": "Steel Girder Bridge", "road_no": "N2", "zone": "Sylhet", "circle": "Sylhet", "division": "Sylhet", "subdivision": "Sylhet", "sae": "SAE-Sylhet-1", "bridge_length_(m)": 25.8, "bridge_width_(m)": 9.99, "chainage_(km)": 280.032, "ycoord": 25.1764, "xcoord": 92.054169833333006, "bms_inventory": "http://bms.rhd.gov.bd:8088/bms/bridges/inventory_view/9305", "bms_detail": "http://bms.rhd.gov.bd:8088/bms/bridges/inventory_view/9305", "f_class_name": "Steel Girder Bridge", "keys": "[bridge_name, Bridge Name], [bridge_type,Type], [chainage_(km), Chainage (km)], [road_no, On Road], [division, Division], [subdivision, Subdivision], [bridge_length_(m), Length (m)], [bridge_width_(m), Width (m)], [spans, Span], [span_arrangement, Span Arrangement], [completion_year, Const. Year], [map_link(=>{type:link, format:weblink}, Google Map,newtab=>),Google Map View],[bms_inventory(=>{type:link, format:weblink}, BMS Link,newtab=>), BMS Inventory],[bms_detail(=>{type:link, format:weblink},BMS Link,newtab=>), BMS Detailed View]", "f_class_color": "#b15dec", "spans": 1.0, "span_arrangement": "25.4", "completion_year": "2000", "bridge_no": "251035920315" }, "geometry": { "type": "Point", "coordinates": [ 92.054169833333006, 25.1764 ] } },
{ "type": "Feature", "properties": { "id": "9310", "sl": 3121, "map_link": "https://maps.google.com/?q=25.13839,92.120329833333&amp;z=8&amp;t=k", "image_popup": "8088/bms/assets/uploads/images/bridges/bridge_9310/1723453983.JPG", "bridge_name": "Changil Bridge", "bridge_type": "Truss Bridge", "road_no": "N2", "zone": "Sylhet", "circle": "Sylhet", "division": "Sylhet", "subdivision": "Sylhet", "sae": "SAE-Sylhet-1", "bridge_length_(m)": 81.2, "bridge_width_(m)": 10.7, "chainage_(km)": 270.816, "ycoord": 25.13839, "xcoord": 92.120329833333003, "bms_inventory": "http://bms.rhd.gov.bd:8088/bms/bridges/inventory_view/9310", "bms_detail": "http://bms.rhd.gov.bd:8088/bms/bridges/inventory_view/9310", "f_class_name": "Truss Bridge", "keys": "[bridge_name, Bridge Name], [bridge_type,Type], [chainage_(km), Chainage (km)], [road_no, On Road], [division, Division], [subdivision, Subdivision], [bridge_length_(m), Length (m)], [bridge_width_(m), Width (m)], [spans, Span], [span_arrangement, Span Arrangement], [completion_year, Const. Year], [map_link(=>{type:link, format:weblink}, Google Map,newtab=>),Google Map View],[bms_inventory(=>{type:link, format:weblink}, BMS Link,newtab=>), BMS Inventory],[bms_detail(=>{type:link, format:weblink},BMS Link,newtab=>), BMS Detailed View]", "f_class_color": "#6470da", "spans": 1.0, "span_arrangement": "80.8", "completion_year": "1965", "bridge_no": "250818920713" }, "geometry": { "type": "Point", "coordinates": [ 92.120329833333003, 25.13839 ] } },
{ "type": "Feature", "properties": { "id": "9315", "sl": 6704, "map_link": "https://maps.google.com/?q=25.161339833333,92.017309833333&amp;z=8&amp;t=k", "image_popup": "8088/bms/assets/uploads/images/bridges/bridge_9315/1724430059.jpg", "bridge_name": "Jaflong Bridge", "bridge_type": "PC Girder Bridge", "road_no": "N2", "zone": "Sylhet", "circle": "Sylhet", "division": "Sylhet", "subdivision": "Sylhet", "sae": "SAE-Sylhet-1", "bridge_length_(m)": 40.8, "bridge_width_(m)": 10.32, "chainage_(km)": 286.022, "ycoord": 25.161339833332999, "xcoord": 92.017309833333002, "bms_inventory": "http://bms.rhd.gov.bd:8088/bms/bridges/inventory_view/9315", "bms_detail": "http://bms.rhd.gov.bd:8088/bms/bridges/inventory_view/9315", "f_class_name": "PC Girder Bridge", "keys": "[bridge_name, Bridge Name], [bridge_type,Type], [chainage_(km), Chainage (km)], [road_no, On Road], [division, Division], [subdivision, Subdivision], [bridge_length_(m), Length (m)], [bridge_width_(m), Width (m)], [spans, Span], [span_arrangement, Span Arrangement], [completion_year, Const. Year], [map_link(=>{type:link, format:weblink}, Google Map,newtab=>),Google Map View],[bms_inventory(=>{type:link, format:weblink}, BMS Link,newtab=>), BMS Inventory],[bms_detail(=>{type:link, format:weblink},BMS Link,newtab=>), BMS Detailed View]", "f_class_color": "#6ebed6", "spans": 1.0, "span_arrangement": "40.4", "completion_year": "2021", "bridge_no": "250941920102" }, "geometry": { "type": "Point", "coordinates": [ 92.017309833333002, 25.161339833332999 ] } },
{ "type": "Feature", "properties": { "id": "9321", "sl": 5461, "map_link": "https://maps.google.com/?q=24.498159833333,92.055469833333&amp;z=8&amp;t=k", "image_popup": "8088/bms/assets/uploads/images/bridges/bridge_9321/1723533987.JPG", "bridge_name": "Gazipur Bridge", "bridge_type": "RC Girder Bridge", "road_no": "Z2825", "zone": "Sylhet", "circle": "Moulavi Bazar", "division": "Moulavi Bazar", "subdivision": "Kulaura", "sae": "Juri", "bridge_length_(m)": 24.05, "bridge_width_(m)": 4.8, "chainage_(km)": 3.39, "ycoord": 24.498159833332998, "xcoord": 92.055469833333007, "bms_inventory": "http://bms.rhd.gov.bd:8088/bms/bridges/inventory_view/9321", "bms_detail": "http://bms.rhd.gov.bd:8088/bms/bridges/inventory_view/9321", "f_class_name": "RC Girder Bridge", "keys": "[bridge_name, Bridge Name], [bridge_type,Type], [chainage_(km), Chainage (km)], [road_no, On Road], [division, Division], [subdivision, Subdivision], [bridge_length_(m), Length (m)], [bridge_width_(m), Width (m)], [spans, Span], [span_arrangement, Span Arrangement], [completion_year, Const. Year], [map_link(=>{type:link, format:weblink}, Google Map,newtab=>),Google Map View],[bms_inventory(=>{type:link, format:weblink}, BMS Link,newtab=>), BMS Inventory],[bms_detail(=>{type:link, format:weblink},BMS Link,newtab=>), BMS Detailed View]", "f_class_color": "#e8f674", "spans": 2.0, "span_arrangement": "11.75+11.75", "completion_year": "1999", "bridge_no": "242953920319" }, "geometry": { "type": "Point", "coordinates": [ 92.055469833333007, 24.498159833332998 ] } },
{ "type": "Feature", "properties": { "id": "9330", "sl": 5486, "map_link": "https://maps.google.com/?q=24.492719833333,92.06394&amp;z=8&amp;t=k", "image_popup": "8088/bms/assets/uploads/images/bridges/bridge_9330/1723633850.JPG", "bridge_name": "Gazipur Tea Garden Bridge", "bridge_type": "RC Girder Bridge", "road_no": "Z2825", "zone": "Sylhet", "circle": "Moulavi Bazar", "division": "Moulavi Bazar", "subdivision": "Kulaura", "sae": "Juri", "bridge_length_(m)": 15.34, "bridge_width_(m)": 7.12, "chainage_(km)": 4.548, "ycoord": 24.492719833332998, "xcoord": 92.06394, "bms_inventory": "http://bms.rhd.gov.bd:8088/bms/bridges/inventory_view/9330", "bms_detail": "http://bms.rhd.gov.bd:8088/bms/bridges/inventory_view/9330", "f_class_name": "RC Girder Bridge", "keys": "[bridge_name, Bridge Name], [bridge_type,Type], [chainage_(km), Chainage (km)], [road_no, On Road], [division, Division], [subdivision, Subdivision], [bridge_length_(m), Length (m)], [bridge_width_(m), Width (m)], [spans, Span], [span_arrangement, Span Arrangement], [completion_year, Const. Year], [map_link(=>{type:link, format:weblink}, Google Map,newtab=>),Google Map View],[bms_inventory(=>{type:link, format:weblink}, BMS Link,newtab=>), BMS Inventory],[bms_detail(=>{type:link, format:weblink},BMS Link,newtab=>), BMS Detailed View]", "f_class_color": "#e8f674", "spans": 1.0, "span_arrangement": "15", "completion_year": "1990", "bridge_no": "242933920350" }, "geometry": { "type": "Point", "coordinates": [ 92.06394, 24.492719833332998 ] } },
{ "type": "Feature", "properties": { "id": "9404", "sl": 7245, "map_link": "https://maps.google.com/?q=24.592729833333,92.118459833333&amp;z=8&amp;t=k", "image_popup": "8088/bms/assets/uploads/images/bridges/bridge_9404/1724223551.JPG", "bridge_name": "Juri Bridge-1", "bridge_type": "Truss Bridge", "road_no": "R282", "zone": "Sylhet", "circle": "Moulavi Bazar", "division": "Moulavi Bazar", "subdivision": "Kulaura", "sae": "Juri", "bridge_length_(m)": 40.57, "bridge_width_(m)": 7.92, "chainage_(km)": 0.737, "ycoord": 24.592729833332999, "xcoord": 92.118459833333006, "bms_inventory": "http://bms.rhd.gov.bd:8088/bms/bridges/inventory_view/9404", "bms_detail": "http://bms.rhd.gov.bd:8088/bms/bridges/inventory_view/9404", "f_class_name": "Truss Bridge", "keys": "[bridge_name, Bridge Name], [bridge_type,Type], [chainage_(km), Chainage (km)], [road_no, On Road], [division, Division], [subdivision, Subdivision], [bridge_length_(m), Length (m)], [bridge_width_(m), Width (m)], [spans, Span], [span_arrangement, Span Arrangement], [completion_year, Const. Year], [map_link(=>{type:link, format:weblink}, Google Map,newtab=>),Google Map View],[bms_inventory(=>{type:link, format:weblink}, BMS Link,newtab=>), BMS Inventory],[bms_detail(=>{type:link, format:weblink},BMS Link,newtab=>), BMS Detailed View]", "f_class_color": "#6470da", "spans": 2.0, "span_arrangement": "14.93+24.59", "completion_year": "2002", "bridge_no": "243533920706" }, "geometry": { "type": "Point", "coordinates": [ 92.118459833333006, 24.592729833332999 ] } },
{ "type": "Feature", "properties": { "id": "9405", "sl": 7244, "map_link": "https://maps.google.com/?q=24.584357777778,92.134479833333&amp;z=8&amp;t=k", "image_popup": "8088/bms/assets/uploads/images/bridges/bridge_9405/1724224752.JPG", "bridge_name": "Juri Bridge -2", "bridge_type": "PC Girder Bridge", "road_no": "R282", "zone": "Sylhet", "circle": "Moulavi Bazar", "division": "Moulavi Bazar", "subdivision": "Kulaura", "sae": "Juri", "bridge_length_(m)": 37.8, "bridge_width_(m)": 9.5, "chainage_(km)": 2.91, "ycoord": 24.584357777777999, "xcoord": 92.134479833333003, "bms_inventory": "http://bms.rhd.gov.bd:8088/bms/bridges/inventory_view/9405", "bms_detail": "http://bms.rhd.gov.bd:8088/bms/bridges/inventory_view/9405", "f_class_name": "PC Girder Bridge", "keys": "[bridge_name, Bridge Name], [bridge_type,Type], [chainage_(km), Chainage (km)], [road_no, On Road], [division, Division], [subdivision, Subdivision], [bridge_length_(m), Length (m)], [bridge_width_(m), Width (m)], [spans, Span], [span_arrangement, Span Arrangement], [completion_year, Const. Year], [map_link(=>{type:link, format:weblink}, Google Map,newtab=>),Google Map View],[bms_inventory(=>{type:link, format:weblink}, BMS Link,newtab=>), BMS Inventory],[bms_detail(=>{type:link, format:weblink},BMS Link,newtab=>), BMS Detailed View]", "f_class_color": "#6ebed6", "spans": 1.0, "span_arrangement": "37.3", "completion_year": "2006", "bridge_no": "243503920804" }, "geometry": { "type": "Point", "coordinates": [ 92.134479833333003, 24.584357777777999 ] } },
{ "type": "Feature", "properties": { "id": "9413", "sl": 12192, "map_link": "https://maps.google.com/?q=25.08998,92.117059833333&amp;z=8&amp;t=k", "image_popup": "8088/bms/assets/uploads/images/bridges/bridge_9413/1727248889.JPG", "bridge_name": "Purahi Bridge", "bridge_type": "PC Girder Bridge", "road_no": "Z2012", "zone": "Sylhet", "circle": "Sylhet", "division": "Sylhet", "subdivision": "Sylhet", "sae": "SAE-Sylhet-3", "bridge_length_(m)": 37.9, "bridge_width_(m)": 10.2, "chainage_(km)": 0.111, "ycoord": 25.08998, "xcoord": 92.117059833333002, "bms_inventory": "http://bms.rhd.gov.bd:8088/bms/bridges/inventory_view/9413", "bms_detail": "http://bms.rhd.gov.bd:8088/bms/bridges/inventory_view/9413", "f_class_name": "PC Girder Bridge", "keys": "[bridge_name, Bridge Name], [bridge_type,Type], [chainage_(km), Chainage (km)], [road_no, On Road], [division, Division], [subdivision, Subdivision], [bridge_length_(m), Length (m)], [bridge_width_(m), Width (m)], [spans, Span], [span_arrangement, Span Arrangement], [completion_year, Const. Year], [map_link(=>{type:link, format:weblink}, Google Map,newtab=>),Google Map View],[bms_inventory(=>{type:link, format:weblink}, BMS Link,newtab=>), BMS Inventory],[bms_detail(=>{type:link, format:weblink},BMS Link,newtab=>), BMS Detailed View]", "f_class_color": "#6ebed6", "spans": 1.0, "span_arrangement": "37.3", "completion_year": "2010", "bridge_no": "250524920701" }, "geometry": { "type": "Point", "coordinates": [ 92.117059833333002, 25.08998 ] } },
{ "type": "Feature", "properties": { "id": "9415", "sl": 13690, "map_link": "https://maps.google.com/?q=24.629359833333,91.67918&amp;z=8&amp;t=k", "image_popup": "8088/bms/assets/uploads/images/bridges/bridge_9415/1724435415.JPG", "bridge_name": "Sherpur Bridge", "bridge_type": "Mixed Types Bridge", "road_no": "N2", "zone": "Sylhet", "circle": "Sylhet", "division": "Sylhet", "subdivision": "Biswanath", "sae": "Biswanath", "bridge_length_(m)": 285.0, "bridge_width_(m)": 8.76, "chainage_(km)": 191.284, "ycoord": 24.629359833333002, "xcoord": 91.67918, "bms_inventory": "http://bms.rhd.gov.bd:8088/bms/bridges/inventory_view/9415", "bms_detail": "http://bms.rhd.gov.bd:8088/bms/bridges/inventory_view/9415", "f_class_name": "Mixed Types Bridge", "keys": "[bridge_name, Bridge Name], [bridge_type,Type], [chainage_(km), Chainage (km)], [road_no, On Road], [division, Division], [subdivision, Subdivision], [bridge_length_(m), Length (m)], [bridge_width_(m), Width (m)], [spans, Span], [span_arrangement, Span Arrangement], [completion_year, Const. Year], [map_link(=>{type:link, format:weblink}, Google Map,newtab=>),Google Map View],[bms_inventory(=>{type:link, format:weblink}, BMS Link,newtab=>), BMS Inventory],[bms_detail(=>{type:link, format:weblink},BMS Link,newtab=>), BMS Detailed View]", "f_class_color": "#2edb93", "spans": 5.0, "span_arrangement": "9.4+88.7+88.6+88.6+9.4", "completion_year": "1984", "bridge_no": "243746914045" }, "geometry": { "type": "Point", "coordinates": [ 91.67918, 24.629359833333002 ] } },
{ "type": "Feature", "properties": { "id": "9416", "sl": 13011, "map_link": "https://maps.google.com/?q=24.64223,91.69086&amp;z=8&amp;t=k", "image_popup": "8088/bms/assets/uploads/images/bridges/bridge_9416/1724478484.JPG", "bridge_name": "Sadipur Bridge", "bridge_type": "Mixed Types Bridge", "road_no": "N2", "zone": "Sylhet", "circle": "Sylhet", "division": "Sylhet", "subdivision": "Biswanath", "sae": "Biswanath", "bridge_length_(m)": 162.3, "bridge_width_(m)": 10.0, "chainage_(km)": 193.188, "ycoord": 24.64223, "xcoord": 91.69086, "bms_inventory": "http://bms.rhd.gov.bd:8088/bms/bridges/inventory_view/9416", "bms_detail": "http://bms.rhd.gov.bd:8088/bms/bridges/inventory_view/9416", "f_class_name": "Mixed Types Bridge", "keys": "[bridge_name, Bridge Name], [bridge_type,Type], [chainage_(km), Chainage (km)], [road_no, On Road], [division, Division], [subdivision, Subdivision], [bridge_length_(m), Length (m)], [bridge_width_(m), Width (m)], [spans, Span], [span_arrangement, Span Arrangement], [completion_year, Const. Year], [map_link(=>{type:link, format:weblink}, Google Map,newtab=>),Google Map View],[bms_inventory(=>{type:link, format:weblink}, BMS Link,newtab=>), BMS Inventory],[bms_detail(=>{type:link, format:weblink},BMS Link,newtab=>), BMS Detailed View]", "f_class_color": "#2edb93", "spans": 3.0, "span_arrangement": "19.5+121.4+20.5", "completion_year": "1993", "bridge_no": "243832914127" }, "geometry": { "type": "Point", "coordinates": [ 91.69086, 24.64223 ] } },
{ "type": "Feature", "properties": { "id": "9426", "sl": 7813, "map_link": "https://maps.google.com/?q=24.48542,92.018299833333&amp;z=8&amp;t=k", "image_popup": "8088/bms/assets/uploads/images/bridges/bridge_9426/1724562262.JPG", "bridge_name": "Kashi Khal Bridge", "bridge_type": "RC Girder Bridge", "road_no": "R251", "zone": "Sylhet", "circle": "Sylhet", "division": "Sylhet", "subdivision": "Golapganj", "sae": "SAE-Golapganj-2", "bridge_length_(m)": 25.64, "bridge_width_(m)": 10.27, "chainage_(km)": 0.642, "ycoord": 24.48542, "xcoord": 92.018299833333003, "bms_inventory": "http://bms.rhd.gov.bd:8088/bms/bridges/inventory_view/9426", "bms_detail": "http://bms.rhd.gov.bd:8088/bms/bridges/inventory_view/9426", "f_class_name": "RC Girder Bridge", "keys": "[bridge_name, Bridge Name], [bridge_type,Type], [chainage_(km), Chainage (km)], [road_no, On Road], [division, Division], [subdivision, Subdivision], [bridge_length_(m), Length (m)], [bridge_width_(m), Width (m)], [spans, Span], [span_arrangement, Span Arrangement], [completion_year, Const. Year], [map_link(=>{type:link, format:weblink}, Google Map,newtab=>),Google Map View],[bms_inventory(=>{type:link, format:weblink}, BMS Link,newtab=>), BMS Inventory],[bms_detail(=>{type:link, format:weblink},BMS Link,newtab=>), BMS Detailed View]", "f_class_color": "#e8f674", "spans": 1.0, "span_arrangement": "24.99", "completion_year": "2008", "bridge_no": "242907920105" }, "geometry": { "type": "Point", "coordinates": [ 92.018299833333003, 24.48542 ] } },
{ "type": "Feature", "properties": { "id": "9453", "sl": 5886, "map_link": "https://maps.google.com/?q=24.62387,91.67014&amp;z=8&amp;t=k", "image_popup": "8088/bms/assets/uploads/images/bridges/bridge_9453/1724750384.JPG", "bridge_name": "Gousherpur Bridge", "bridge_type": "RC Girder Bridge", "road_no": "N2", "zone": "Sylhet", "circle": "Moulavi Bazar", "division": "Moulavi Bazar", "subdivision": "Moulavi Bazar", "sae": "SAE-Moulavi Bazar-1", "bridge_length_(m)": 17.46, "bridge_width_(m)": 10.56, "chainage_(km)": 188.48, "ycoord": 24.62387, "xcoord": 91.67014, "bms_inventory": "http://bms.rhd.gov.bd:8088/bms/bridges/inventory_view/9453", "bms_detail": "http://bms.rhd.gov.bd:8088/bms/bridges/inventory_view/9453", "f_class_name": "RC Girder Bridge", "keys": "[bridge_name, Bridge Name], [bridge_type,Type], [chainage_(km), Chainage (km)], [road_no, On Road], [division, Division], [subdivision, Subdivision], [bridge_length_(m), Length (m)], [bridge_width_(m), Width (m)], [spans, Span], [span_arrangement, Span Arrangement], [completion_year, Const. Year], [map_link(=>{type:link, format:weblink}, Google Map,newtab=>),Google Map View],[bms_inventory(=>{type:link, format:weblink}, BMS Link,newtab=>), BMS Inventory],[bms_detail(=>{type:link, format:weblink},BMS Link,newtab=>), BMS Detailed View]", "f_class_color": "#e8f674", "spans": 1.0, "span_arrangement": "16.6", "completion_year": "1990", "bridge_no": "243725914012" }, "geometry": { "type": "Point", "coordinates": [ 91.67014, 24.62387 ] } },
{ "type": "Feature", "properties": { "id": "9456", "sl": 9015, "map_link": "https://maps.google.com/?q=24.96909,91.859579833333&amp;z=8&amp;t=k", "image_popup": "8088/bms/assets/uploads/images/bridges/bridge_9456/1724757288.JPG", "bridge_name": "Lalbag Bridge.", "bridge_type": "PC Girder Bridge", "road_no": "N214", "zone": "Sylhet", "circle": "Sylhet", "division": "Sylhet", "subdivision": "Sylhet", "sae": "Sylhet-2", "bridge_length_(m)": 37.3, "bridge_width_(m)": 10.24, "chainage_(km)": 5.104, "ycoord": 24.96909, "xcoord": 91.859579833333001, "bms_inventory": "http://bms.rhd.gov.bd:8088/bms/bridges/inventory_view/9456", "bms_detail": "http://bms.rhd.gov.bd:8088/bms/bridges/inventory_view/9456", "f_class_name": "PC Girder Bridge", "keys": "[bridge_name, Bridge Name], [bridge_type,Type], [chainage_(km), Chainage (km)], [road_no, On Road], [division, Division], [subdivision, Subdivision], [bridge_length_(m), Length (m)], [bridge_width_(m), Width (m)], [spans, Span], [span_arrangement, Span Arrangement], [completion_year, Const. Year], [map_link(=>{type:link, format:weblink}, Google Map,newtab=>),Google Map View],[bms_inventory(=>{type:link, format:weblink}, BMS Link,newtab=>), BMS Inventory],[bms_detail(=>{type:link, format:weblink},BMS Link,newtab=>), BMS Detailed View]", "f_class_color": "#6ebed6", "spans": 1.0, "span_arrangement": "36.7", "completion_year": "2010", "bridge_no": "245809915134" }, "geometry": { "type": "Point", "coordinates": [ 91.859579833333001, 24.96909 ] } },
{ "type": "Feature", "properties": { "id": "9458", "sl": 13142, "map_link": "https://maps.google.com/?q=24.9901,91.85141&amp;z=8&amp;t=k", "image_popup": "8088/bms/assets/uploads/images/bridges/bridge_9458/1724854391.JPG", "bridge_name": "Salutikar Bridge", "bridge_type": "PC Girder Bridge", "road_no": "N214", "zone": "Sylhet", "circle": "Sylhet", "division": "Sylhet", "subdivision": "Sylhet", "sae": "Sylhet-2", "bridge_length_(m)": 218.3, "bridge_width_(m)": 9.4, "chainage_(km)": 7.772, "ycoord": 24.9901, "xcoord": 91.85141, "bms_inventory": "http://bms.rhd.gov.bd:8088/bms/bridges/inventory_view/9458", "bms_detail": "http://bms.rhd.gov.bd:8088/bms/bridges/inventory_view/9458", "f_class_name": "PC Girder Bridge", "keys": "[bridge_name, Bridge Name], [bridge_type,Type], [chainage_(km), Chainage (km)], [road_no, On Road], [division, Division], [subdivision, Subdivision], [bridge_length_(m), Length (m)], [bridge_width_(m), Width (m)], [spans, Span], [span_arrangement, Span Arrangement], [completion_year, Const. Year], [map_link(=>{type:link, format:weblink}, Google Map,newtab=>),Google Map View],[bms_inventory(=>{type:link, format:weblink}, BMS Link,newtab=>), BMS Inventory],[bms_detail(=>{type:link, format:weblink},BMS Link,newtab=>), BMS Detailed View]", "f_class_color": "#6ebed6", "spans": 7.0, "span_arrangement": "21.87+21.75+43.19+43.91+43.17+22.03+21.8", "completion_year": "2019", "bridge_no": "245924915105" }, "geometry": { "type": "Point", "coordinates": [ 91.85141, 24.9901 ] } },
{ "type": "Feature", "properties": { "id": "9460", "sl": 7620, "map_link": "https://maps.google.com/?q=24.590289833333,92.11665&amp;z=8&amp;t=k", "image_popup": "8088/bms/assets/uploads/images/bridges/bridge_9460/1724828148.JPG", "bridge_name": "Kaminigonj Bazar Bridge", "bridge_type": "RC Girder Bridge", "road_no": "Z2823", "zone": "Sylhet", "circle": "Moulavi Bazar", "division": "Moulavi Bazar", "subdivision": "Kulaura", "sae": "Juri", "bridge_length_(m)": 57.24, "bridge_width_(m)": 7.63, "chainage_(km)": 0.508, "ycoord": 24.590289833332999, "xcoord": 92.11665, "bms_inventory": "http://bms.rhd.gov.bd:8088/bms/bridges/inventory_view/9460", "bms_detail": "http://bms.rhd.gov.bd:8088/bms/bridges/inventory_view/9460", "f_class_name": "RC Girder Bridge", "keys": "[bridge_name, Bridge Name], [bridge_type,Type], [chainage_(km), Chainage (km)], [road_no, On Road], [division, Division], [subdivision, Subdivision], [bridge_length_(m), Length (m)], [bridge_width_(m), Width (m)], [spans, Span], [span_arrangement, Span Arrangement], [completion_year, Const. Year], [map_link(=>{type:link, format:weblink}, Google Map,newtab=>),Google Map View],[bms_inventory(=>{type:link, format:weblink}, BMS Link,newtab=>), BMS Inventory],[bms_detail(=>{type:link, format:weblink},BMS Link,newtab=>), BMS Detailed View]", "f_class_color": "#e8f674", "spans": 3.0, "span_arrangement": "18.95+18.95+18.75", "completion_year": "2009", "bridge_no": "243525920659" }, "geometry": { "type": "Point", "coordinates": [ 92.11665, 24.590289833332999 ] } },
{ "type": "Feature", "properties": { "id": "9466", "sl": 5444, "map_link": "https://maps.google.com/?q=25.03517,91.81183&amp;z=8&amp;t=k", "image_popup": "8088/bms/assets/uploads/images/bridges/bridge_9466/1725200278.JPG", "bridge_name": "Gaurinagar Bridge", "bridge_type": "PC Girder Bridge", "road_no": "N214", "zone": "Sylhet", "circle": "Sylhet", "division": "Sylhet", "subdivision": "Sylhet", "sae": "Sylhet-2", "bridge_length_(m)": 44.0, "bridge_width_(m)": 10.0, "chainage_(km)": 14.225, "ycoord": 25.03517, "xcoord": 91.81183, "bms_inventory": "http://bms.rhd.gov.bd:8088/bms/bridges/inventory_view/9466", "bms_detail": "http://bms.rhd.gov.bd:8088/bms/bridges/inventory_view/9466", "f_class_name": "PC Girder Bridge", "keys": "[bridge_name, Bridge Name], [bridge_type,Type], [chainage_(km), Chainage (km)], [road_no, On Road], [division, Division], [subdivision, Subdivision], [bridge_length_(m), Length (m)], [bridge_width_(m), Width (m)], [spans, Span], [span_arrangement, Span Arrangement], [completion_year, Const. Year], [map_link(=>{type:link, format:weblink}, Google Map,newtab=>),Google Map View],[bms_inventory(=>{type:link, format:weblink}, BMS Link,newtab=>), BMS Inventory],[bms_detail(=>{type:link, format:weblink},BMS Link,newtab=>), BMS Detailed View]", "f_class_color": "#6ebed6", "spans": 2.0, "span_arrangement": "22+21.8", "completion_year": "2004", "bridge_no": "250207914843" }, "geometry": { "type": "Point", "coordinates": [ 91.81183, 25.03517 ] } },
{ "type": "Feature", "properties": { "id": "9467", "sl": 2409, "map_link": "https://maps.google.com/?q=25.04211,91.803499833333&amp;z=8&amp;t=k", "image_popup": "8088/bms/assets/uploads/images/bridges/bridge_9467/1725200971.JPG", "bridge_name": "Borni Bridge", "bridge_type": "PC Girder Bridge", "road_no": "N214", "zone": "Sylhet", "circle": "Sylhet", "division": "Sylhet", "subdivision": "Sylhet", "sae": "Sylhet-2", "bridge_length_(m)": 44.0, "bridge_width_(m)": 9.5, "chainage_(km)": 15.369, "ycoord": 25.04211, "xcoord": 91.803499833333007, "bms_inventory": "http://bms.rhd.gov.bd:8088/bms/bridges/inventory_view/9467", "bms_detail": "http://bms.rhd.gov.bd:8088/bms/bridges/inventory_view/9467", "f_class_name": "PC Girder Bridge", "keys": "[bridge_name, Bridge Name], [bridge_type,Type], [chainage_(km), Chainage (km)], [road_no, On Road], [division, Division], [subdivision, Subdivision], [bridge_length_(m), Length (m)], [bridge_width_(m), Width (m)], [spans, Span], [span_arrangement, Span Arrangement], [completion_year, Const. Year], [map_link(=>{type:link, format:weblink}, Google Map,newtab=>),Google Map View],[bms_inventory(=>{type:link, format:weblink}, BMS Link,newtab=>), BMS Inventory],[bms_detail(=>{type:link, format:weblink},BMS Link,newtab=>), BMS Detailed View]", "f_class_color": "#6ebed6", "spans": 1.0, "span_arrangement": "43.3", "completion_year": "2015", "bridge_no": "250232914813" }, "geometry": { "type": "Point", "coordinates": [ 91.803499833333007, 25.04211 ] } },
{ "type": "Feature", "properties": { "id": "9469", "sl": 2410, "map_link": "https://maps.google.com/?q=25.047129833333,91.7994&amp;z=8&amp;t=k", "image_popup": "8088/bms/assets/uploads/images/bridges/bridge_9469/1725202242.JPG", "bridge_name": "Borni Bridge 2", "bridge_type": "Mixed Types Bridge", "road_no": "N214", "zone": "Sylhet", "circle": "Sylhet", "division": "Sylhet", "subdivision": "Sylhet", "sae": "Sylhet-2", "bridge_length_(m)": 75.7, "bridge_width_(m)": 10.2, "chainage_(km)": 16.061, "ycoord": 25.047129833332999, "xcoord": 91.7994, "bms_inventory": "http://bms.rhd.gov.bd:8088/bms/bridges/inventory_view/9469", "bms_detail": "http://bms.rhd.gov.bd:8088/bms/bridges/inventory_view/9469", "f_class_name": "Mixed Types Bridge", "keys": "[bridge_name, Bridge Name], [bridge_type,Type], [chainage_(km), Chainage (km)], [road_no, On Road], [division, Division], [subdivision, Subdivision], [bridge_length_(m), Length (m)], [bridge_width_(m), Width (m)], [spans, Span], [span_arrangement, Span Arrangement], [completion_year, Const. Year], [map_link(=>{type:link, format:weblink}, Google Map,newtab=>),Google Map View],[bms_inventory(=>{type:link, format:weblink}, BMS Link,newtab=>), BMS Inventory],[bms_detail(=>{type:link, format:weblink},BMS Link,newtab=>), BMS Detailed View]", "f_class_color": "#2edb93", "spans": 3.0, "span_arrangement": "19+37.2+18.9", "completion_year": "2015", "bridge_no": "250250914758" }, "geometry": { "type": "Point", "coordinates": [ 91.7994, 25.047129833332999 ] } },
{ "type": "Feature", "properties": { "id": "9470", "sl": 2411, "map_link": "https://maps.google.com/?q=25.05007,91.79725&amp;z=8&amp;t=k", "image_popup": "8088/bms/assets/uploads/images/bridges/bridge_9470/1725203274.JPG", "bridge_name": "Borni Bridge 3", "bridge_type": "PC Girder Bridge", "road_no": "N214", "zone": "Sylhet", "circle": "Sylhet", "division": "Sylhet", "subdivision": "Sylhet", "sae": "Sylhet-2", "bridge_length_(m)": 44.0, "bridge_width_(m)": 9.6, "chainage_(km)": 16.456, "ycoord": 25.05007, "xcoord": 91.79725, "bms_inventory": "http://bms.rhd.gov.bd:8088/bms/bridges/inventory_view/9470", "bms_detail": "http://bms.rhd.gov.bd:8088/bms/bridges/inventory_view/9470", "f_class_name": "PC Girder Bridge", "keys": "[bridge_name, Bridge Name], [bridge_type,Type], [chainage_(km), Chainage (km)], [road_no, On Road], [division, Division], [subdivision, Subdivision], [bridge_length_(m), Length (m)], [bridge_width_(m), Width (m)], [spans, Span], [span_arrangement, Span Arrangement], [completion_year, Const. Year], [map_link(=>{type:link, format:weblink}, Google Map,newtab=>),Google Map View],[bms_inventory(=>{type:link, format:weblink}, BMS Link,newtab=>), BMS Inventory],[bms_detail(=>{type:link, format:weblink},BMS Link,newtab=>), BMS Detailed View]", "f_class_color": "#6ebed6", "spans": 1.0, "span_arrangement": "43.4", "completion_year": "2015", "bridge_no": "250300914750" }, "geometry": { "type": "Point", "coordinates": [ 91.79725, 25.05007 ] } },
{ "type": "Feature", "properties": { "id": "9473", "sl": 6350, "map_link": "https://maps.google.com/?q=25.05815,91.791079833333&amp;z=8&amp;t=k", "image_popup": "8088/bms/assets/uploads/images/bridges/bridge_9473/1726501677.JPG", "bridge_name": "Hi-Tech Park Bridge", "bridge_type": "PC Girder Bridge", "road_no": "N214", "zone": "Sylhet", "circle": "Sylhet", "division": "Sylhet", "subdivision": "Sylhet", "sae": "Sylhet-2", "bridge_length_(m)": 61.95, "bridge_width_(m)": 7.66, "chainage_(km)": 17.559, "ycoord": 25.05815, "xcoord": 91.791079833333001, "bms_inventory": "http://bms.rhd.gov.bd:8088/bms/bridges/inventory_view/9473", "bms_detail": "http://bms.rhd.gov.bd:8088/bms/bridges/inventory_view/9473", "f_class_name": "PC Girder Bridge", "keys": "[bridge_name, Bridge Name], [bridge_type,Type], [chainage_(km), Chainage (km)], [road_no, On Road], [division, Division], [subdivision, Subdivision], [bridge_length_(m), Length (m)], [bridge_width_(m), Width (m)], [spans, Span], [span_arrangement, Span Arrangement], [completion_year, Const. Year], [map_link(=>{type:link, format:weblink}, Google Map,newtab=>),Google Map View],[bms_inventory(=>{type:link, format:weblink}, BMS Link,newtab=>), BMS Inventory],[bms_detail(=>{type:link, format:weblink},BMS Link,newtab=>), BMS Detailed View]", "f_class_color": "#6ebed6", "spans": 2.0, "span_arrangement": "30.7+30.65", "completion_year": "2015", "bridge_no": "250329914728" }, "geometry": { "type": "Point", "coordinates": [ 91.791079833333001, 25.05815 ] } },
{ "type": "Feature", "properties": { "id": "9475", "sl": 6351, "map_link": "https://maps.google.com/?q=25.06184,91.788009833333&amp;z=8&amp;t=k", "image_popup": "8088/bms/assets/uploads/images/bridges/bridge_9475/1726502447.JPG", "bridge_name": "Hi-Tech Park Bridge 2", "bridge_type": "PC Girder Bridge", "road_no": "N214", "zone": "Sylhet", "circle": "Sylhet", "division": "Sylhet", "subdivision": "Sylhet", "sae": "Sylhet-2", "bridge_length_(m)": 62.6, "bridge_width_(m)": 7.56, "chainage_(km)": 18.066, "ycoord": 25.06184, "xcoord": 91.788009833333007, "bms_inventory": "http://bms.rhd.gov.bd:8088/bms/bridges/inventory_view/9475", "bms_detail": "http://bms.rhd.gov.bd:8088/bms/bridges/inventory_view/9475", "f_class_name": "PC Girder Bridge", "keys": "[bridge_name, Bridge Name], [bridge_type,Type], [chainage_(km), Chainage (km)], [road_no, On Road], [division, Division], [subdivision, Subdivision], [bridge_length_(m), Length (m)], [bridge_width_(m), Width (m)], [spans, Span], [span_arrangement, Span Arrangement], [completion_year, Const. Year], [map_link(=>{type:link, format:weblink}, Google Map,newtab=>),Google Map View],[bms_inventory(=>{type:link, format:weblink}, BMS Link,newtab=>), BMS Inventory],[bms_detail(=>{type:link, format:weblink},BMS Link,newtab=>), BMS Detailed View]", "f_class_color": "#6ebed6", "spans": 2.0, "span_arrangement": "31+31", "completion_year": "2015", "bridge_no": "250343914717" }, "geometry": { "type": "Point", "coordinates": [ 91.788009833333007, 25.06184 ] } },
{ "type": "Feature", "properties": { "id": "9510", "sl": 7764, "map_link": "https://maps.google.com/?q=24.99743,91.84393&amp;z=8&amp;t=k", "image_popup": "8088/bms/assets/uploads/images/bridges/bridge_9510/1724951247.JPG", "bridge_name": "Kargao Salutikar", "bridge_type": "PC Girder Bridge", "road_no": "N214", "zone": "Sylhet", "circle": "Sylhet", "division": "Sylhet", "subdivision": "Sylhet", "sae": "Sylhet-2", "bridge_length_(m)": 37.5, "bridge_width_(m)": 9.9, "chainage_(km)": 8.883, "ycoord": 24.99743, "xcoord": 91.84393, "bms_inventory": "http://bms.rhd.gov.bd:8088/bms/bridges/inventory_view/9510", "bms_detail": "http://bms.rhd.gov.bd:8088/bms/bridges/inventory_view/9510", "f_class_name": "PC Girder Bridge", "keys": "[bridge_name, Bridge Name], [bridge_type,Type], [chainage_(km), Chainage (km)], [road_no, On Road], [division, Division], [subdivision, Subdivision], [bridge_length_(m), Length (m)], [bridge_width_(m), Width (m)], [spans, Span], [span_arrangement, Span Arrangement], [completion_year, Const. Year], [map_link(=>{type:link, format:weblink}, Google Map,newtab=>),Google Map View],[bms_inventory(=>{type:link, format:weblink}, BMS Link,newtab=>), BMS Inventory],[bms_detail(=>{type:link, format:weblink},BMS Link,newtab=>), BMS Detailed View]", "f_class_color": "#6ebed6", "spans": 1.0, "span_arrangement": "37.1", "completion_year": "2002", "bridge_no": "245951915038" }, "geometry": { "type": "Point", "coordinates": [ 91.84393, 24.99743 ] } },
{ "type": "Feature", "properties": { "id": "9513", "sl": 8057, "map_link": "https://maps.google.com/?q=25.017859833333,91.82988&amp;z=8&amp;t=k", "image_popup": "8088/bms/assets/uploads/images/bridges/bridge_9513/1729661142.JPG", "bridge_name": "Khagail Bridge", "bridge_type": "Mixed Types Bridge", "road_no": "N214", "zone": "Sylhet", "circle": "Sylhet", "division": "Sylhet", "subdivision": "Sylhet", "sae": "Sylhet-2", "bridge_length_(m)": 53.3, "bridge_width_(m)": 9.5, "chainage_(km)": 11.57, "ycoord": 25.017859833332999, "xcoord": 91.82988, "bms_inventory": "http://bms.rhd.gov.bd:8088/bms/bridges/inventory_view/9513", "bms_detail": "http://bms.rhd.gov.bd:8088/bms/bridges/inventory_view/9513", "f_class_name": "Mixed Types Bridge", "keys": "[bridge_name, Bridge Name], [bridge_type,Type], [chainage_(km), Chainage (km)], [road_no, On Road], [division, Division], [subdivision, Subdivision], [bridge_length_(m), Length (m)], [bridge_width_(m), Width (m)], [spans, Span], [span_arrangement, Span Arrangement], [completion_year, Const. Year], [map_link(=>{type:link, format:weblink}, Google Map,newtab=>),Google Map View],[bms_inventory(=>{type:link, format:weblink}, BMS Link,newtab=>), BMS Inventory],[bms_detail(=>{type:link, format:weblink},BMS Link,newtab=>), BMS Detailed View]", "f_class_color": "#2edb93", "spans": 3.0, "span_arrangement": "15.7+21.6+15.7", "completion_year": "2002", "bridge_no": "250104914948" }, "geometry": { "type": "Point", "coordinates": [ 91.82988, 25.017859833332999 ] } },
{ "type": "Feature", "properties": { "id": "9514", "sl": 8058, "map_link": "https://maps.google.com/?q=25.024222,91.822554833333&amp;z=8&amp;t=k", "image_popup": "8088/bms/assets/uploads/images/bridges/bridge_9514/1725043996.JPG", "bridge_name": "Khagail Point Bridge", "bridge_type": "PC Girder Bridge", "road_no": "N214", "zone": "Sylhet", "circle": "Sylhet", "division": "Sylhet", "subdivision": "Sylhet", "sae": "Sylhet-2", "bridge_length_(m)": 21.5, "bridge_width_(m)": 9.98, "chainage_(km)": 12.601, "ycoord": 25.024222, "xcoord": 91.822554833333001, "bms_inventory": "http://bms.rhd.gov.bd:8088/bms/bridges/inventory_view/9514", "bms_detail": "http://bms.rhd.gov.bd:8088/bms/bridges/inventory_view/9514", "f_class_name": "PC Girder Bridge", "keys": "[bridge_name, Bridge Name], [bridge_type,Type], [chainage_(km), Chainage (km)], [road_no, On Road], [division, Division], [subdivision, Subdivision], [bridge_length_(m), Length (m)], [bridge_width_(m), Width (m)], [spans, Span], [span_arrangement, Span Arrangement], [completion_year, Const. Year], [map_link(=>{type:link, format:weblink}, Google Map,newtab=>),Google Map View],[bms_inventory(=>{type:link, format:weblink}, BMS Link,newtab=>), BMS Inventory],[bms_detail(=>{type:link, format:weblink},BMS Link,newtab=>), BMS Detailed View]", "f_class_color": "#6ebed6", "spans": 1.0, "span_arrangement": "21.4", "completion_year": "2003", "bridge_no": "250127914921" }, "geometry": { "type": "Point", "coordinates": [ 91.822554833333001, 25.024222 ] } },
{ "type": "Feature", "properties": { "id": "9526", "sl": 14181, "map_link": "https://maps.google.com/?q=24.515339833333,92.137469833333&amp;z=8&amp;t=k", "image_popup": "8088/bms/assets/uploads/images/bridges/bridge_9526/1725089386.JPG", "bridge_name": "Somai Bazzar Bridge", "bridge_type": "Portable Steel Bridge", "road_no": "Z2823", "zone": "Sylhet", "circle": "Moulavi Bazar", "division": "Moulavi Bazar", "subdivision": "Kulaura", "sae": "Juri", "bridge_length_(m)": 21.64, "bridge_width_(m)": 4.03, "chainage_(km)": 9.846, "ycoord": 24.515339833333002, "xcoord": 92.137469833333, "bms_inventory": "http://bms.rhd.gov.bd:8088/bms/bridges/inventory_view/9526", "bms_detail": "http://bms.rhd.gov.bd:8088/bms/bridges/inventory_view/9526", "f_class_name": "Portable Steel Bridge", "keys": "[bridge_name, Bridge Name], [bridge_type,Type], [chainage_(km), Chainage (km)], [road_no, On Road], [division, Division], [subdivision, Subdivision], [bridge_length_(m), Length (m)], [bridge_width_(m), Width (m)], [spans, Span], [span_arrangement, Span Arrangement], [completion_year, Const. Year], [map_link(=>{type:link, format:weblink}, Google Map,newtab=>),Google Map View],[bms_inventory(=>{type:link, format:weblink}, BMS Link,newtab=>), BMS Inventory],[bms_detail(=>{type:link, format:weblink},BMS Link,newtab=>), BMS Detailed View]", "f_class_color": "#29ffa4", "spans": 1.0, "span_arrangement": "21.35", "completion_year": "1990", "bridge_no": "243055920814" }, "geometry": { "type": "Point", "coordinates": [ 92.137469833333, 24.515339833333002 ] } },
{ "type": "Feature", "properties": { "id": "9554", "sl": 14368, "map_link": "https://maps.google.com/?q=24.472339833333,92.14843&amp;z=8&amp;t=k", "image_popup": "8088/bms/assets/uploads/images/bridges/bridge_9554/1725175067.jpg", "bridge_name": "South East Sagornal Bridge", "bridge_type": "Portable Steel Bridge", "road_no": "Z2823", "zone": "Sylhet", "circle": "Moulavi Bazar", "division": "Moulavi Bazar", "subdivision": "Kulaura", "sae": "Juri", "bridge_length_(m)": 24.8, "bridge_width_(m)": 4.14, "chainage_(km)": 15.24, "ycoord": 24.472339833332999, "xcoord": 92.14843, "bms_inventory": "http://bms.rhd.gov.bd:8088/bms/bridges/inventory_view/9554", "bms_detail": "http://bms.rhd.gov.bd:8088/bms/bridges/inventory_view/9554", "f_class_name": "Portable Steel Bridge", "keys": "[bridge_name, Bridge Name], [bridge_type,Type], [chainage_(km), Chainage (km)], [road_no, On Road], [division, Division], [subdivision, Subdivision], [bridge_length_(m), Length (m)], [bridge_width_(m), Width (m)], [spans, Span], [span_arrangement, Span Arrangement], [completion_year, Const. Year], [map_link(=>{type:link, format:weblink}, Google Map,newtab=>),Google Map View],[bms_inventory(=>{type:link, format:weblink}, BMS Link,newtab=>), BMS Inventory],[bms_detail(=>{type:link, format:weblink},BMS Link,newtab=>), BMS Detailed View]", "f_class_color": "#29ffa4", "spans": 1.0, "span_arrangement": "24.4", "completion_year": "2016", "bridge_no": "242820920854" }, "geometry": { "type": "Point", "coordinates": [ 92.14843, 24.472339833332999 ] } },
{ "type": "Feature", "properties": { "id": "9565", "sl": 2433, "map_link": "https://maps.google.com/?q=25.05225,91.795199833333&amp;z=8&amp;t=k", "image_popup": "8088/bms/assets/uploads/images/bridges/bridge_9565/1725204293.JPG", "bridge_name": "Boro Borni Bridge", "bridge_type": "PC Girder Bridge", "road_no": "N214", "zone": "Sylhet", "circle": "Sylhet", "division": "Sylhet", "subdivision": "Sylhet", "sae": "Sylhet-2", "bridge_length_(m)": 31.0, "bridge_width_(m)": 10.04, "chainage_(km)": 16.776, "ycoord": 25.05225, "xcoord": 91.795199833333001, "bms_inventory": "http://bms.rhd.gov.bd:8088/bms/bridges/inventory_view/9565", "bms_detail": "http://bms.rhd.gov.bd:8088/bms/bridges/inventory_view/9565", "f_class_name": "PC Girder Bridge", "keys": "[bridge_name, Bridge Name], [bridge_type,Type], [chainage_(km), Chainage (km)], [road_no, On Road], [division, Division], [subdivision, Subdivision], [bridge_length_(m), Length (m)], [bridge_width_(m), Width (m)], [spans, Span], [span_arrangement, Span Arrangement], [completion_year, Const. Year], [map_link(=>{type:link, format:weblink}, Google Map,newtab=>),Google Map View],[bms_inventory(=>{type:link, format:weblink}, BMS Link,newtab=>), BMS Inventory],[bms_detail(=>{type:link, format:weblink},BMS Link,newtab=>), BMS Detailed View]", "f_class_color": "#6ebed6", "spans": 1.0, "span_arrangement": "30.4", "completion_year": "2017", "bridge_no": "250308914743" }, "geometry": { "type": "Point", "coordinates": [ 91.795199833333001, 25.05225 ] } },
{ "type": "Feature", "properties": { "id": "9566", "sl": 2434, "map_link": "https://maps.google.com/?q=25.05487,91.793139833333&amp;z=8&amp;t=k", "image_popup": "8088/bms/assets/uploads/images/bridges/bridge_9566/1725206094.JPG", "bridge_name": "Boro Borni Bridge 2", "bridge_type": "PC Girder Bridge", "road_no": "N214", "zone": "Sylhet", "circle": "Sylhet", "division": "Sylhet", "subdivision": "Sylhet", "sae": "Sylhet-2", "bridge_length_(m)": 63.0, "bridge_width_(m)": 11.55, "chainage_(km)": 17.138, "ycoord": 25.05487, "xcoord": 91.793139833333001, "bms_inventory": "http://bms.rhd.gov.bd:8088/bms/bridges/inventory_view/9566", "bms_detail": "http://bms.rhd.gov.bd:8088/bms/bridges/inventory_view/9566", "f_class_name": "PC Girder Bridge", "keys": "[bridge_name, Bridge Name], [bridge_type,Type], [chainage_(km), Chainage (km)], [road_no, On Road], [division, Division], [subdivision, Subdivision], [bridge_length_(m), Length (m)], [bridge_width_(m), Width (m)], [spans, Span], [span_arrangement, Span Arrangement], [completion_year, Const. Year], [map_link(=>{type:link, format:weblink}, Google Map,newtab=>),Google Map View],[bms_inventory(=>{type:link, format:weblink}, BMS Link,newtab=>), BMS Inventory],[bms_detail(=>{type:link, format:weblink},BMS Link,newtab=>), BMS Detailed View]", "f_class_color": "#6ebed6", "spans": 2.0, "span_arrangement": "31.1+31.3", "completion_year": "2017", "bridge_no": "250318914735" }, "geometry": { "type": "Point", "coordinates": [ 91.793139833333001, 25.05487 ] } },
{ "type": "Feature", "properties": { "id": "9567", "sl": 7887, "map_link": "https://maps.google.com/?q=25.066849833333,91.78618&amp;z=8&amp;t=k", "image_popup": "8088/bms/assets/uploads/images/bridges/bridge_9567/1727268516.JPG", "bridge_name": "Katakhal Bridge..", "bridge_type": "Mixed Types Bridge", "road_no": "N214", "zone": "Sylhet", "circle": "Sylhet", "division": "Sylhet", "subdivision": "Sylhet", "sae": "Sylhet-2", "bridge_length_(m)": 154.6, "bridge_width_(m)": 9.46, "chainage_(km)": 18.688, "ycoord": 25.066849833332999, "xcoord": 91.78618, "bms_inventory": "http://bms.rhd.gov.bd:8088/bms/bridges/inventory_view/9567", "bms_detail": "http://bms.rhd.gov.bd:8088/bms/bridges/inventory_view/9567", "f_class_name": "Mixed Types Bridge", "keys": "[bridge_name, Bridge Name], [bridge_type,Type], [chainage_(km), Chainage (km)], [road_no, On Road], [division, Division], [subdivision, Subdivision], [bridge_length_(m), Length (m)], [bridge_width_(m), Width (m)], [spans, Span], [span_arrangement, Span Arrangement], [completion_year, Const. Year], [map_link(=>{type:link, format:weblink}, Google Map,newtab=>),Google Map View],[bms_inventory(=>{type:link, format:weblink}, BMS Link,newtab=>), BMS Inventory],[bms_detail(=>{type:link, format:weblink},BMS Link,newtab=>), BMS Detailed View]", "f_class_color": "#2edb93", "spans": 5.0, "span_arrangement": "18.9+38.4+38.9+38.9+18.9", "completion_year": "1992", "bridge_no": "250401914710" }, "geometry": { "type": "Point", "coordinates": [ 91.78618, 25.066849833332999 ] } },
{ "type": "Feature", "properties": { "id": "9568", "sl": 14924, "map_link": "https://maps.google.com/?q=25.070329833333,91.78363&amp;z=8&amp;t=k", "image_popup": "8088/bms/assets/uploads/images/bridges/bridge_9568/1725208514.JPG", "bridge_name": "Telikhal Bridge", "bridge_type": "PC Girder Bridge", "road_no": "N214", "zone": "Sylhet", "circle": "Sylhet", "division": "Sylhet", "subdivision": "Sylhet", "sae": "Sylhet-2", "bridge_length_(m)": 64.6, "bridge_width_(m)": 11.1, "chainage_(km)": 19.15, "ycoord": 25.070329833332998, "xcoord": 91.78363, "bms_inventory": "http://bms.rhd.gov.bd:8088/bms/bridges/inventory_view/9568", "bms_detail": "http://bms.rhd.gov.bd:8088/bms/bridges/inventory_view/9568", "f_class_name": "PC Girder Bridge", "keys": "[bridge_name, Bridge Name], [bridge_type,Type], [chainage_(km), Chainage (km)], [road_no, On Road], [division, Division], [subdivision, Subdivision], [bridge_length_(m), Length (m)], [bridge_width_(m), Width (m)], [spans, Span], [span_arrangement, Span Arrangement], [completion_year, Const. Year], [map_link(=>{type:link, format:weblink}, Google Map,newtab=>),Google Map View],[bms_inventory(=>{type:link, format:weblink}, BMS Link,newtab=>), BMS Inventory],[bms_detail(=>{type:link, format:weblink},BMS Link,newtab=>), BMS Detailed View]", "f_class_color": "#6ebed6", "spans": 2.0, "span_arrangement": "32+32", "completion_year": "2000", "bridge_no": "250413914701" }, "geometry": { "type": "Point", "coordinates": [ 91.78363, 25.070329833332998 ] } },
{ "type": "Feature", "properties": { "id": "9571", "sl": 14925, "map_link": "https://maps.google.com/?q=25.07345,91.779009833333&amp;z=8&amp;t=k", "image_popup": "8088/bms/assets/uploads/images/bridges/bridge_9571/1725262585.JPG", "bridge_name": "Telikhal Bridge 2", "bridge_type": "Mixed Types Bridge", "road_no": "N214", "zone": "Sylhet", "circle": "Sylhet", "division": "Sylhet", "subdivision": "Sylhet", "sae": "Sylhet-2", "bridge_length_(m)": 63.0, "bridge_width_(m)": 9.5, "chainage_(km)": 19.742, "ycoord": 25.07345, "xcoord": 91.779009833333006, "bms_inventory": "http://bms.rhd.gov.bd:8088/bms/bridges/inventory_view/9571", "bms_detail": "http://bms.rhd.gov.bd:8088/bms/bridges/inventory_view/9571", "f_class_name": "Mixed Types Bridge", "keys": "[bridge_name, Bridge Name], [bridge_type,Type], [chainage_(km), Chainage (km)], [road_no, On Road], [division, Division], [subdivision, Subdivision], [bridge_length_(m), Length (m)], [bridge_width_(m), Width (m)], [spans, Span], [span_arrangement, Span Arrangement], [completion_year, Const. Year], [map_link(=>{type:link, format:weblink}, Google Map,newtab=>),Google Map View],[bms_inventory(=>{type:link, format:weblink}, BMS Link,newtab=>), BMS Inventory],[bms_detail(=>{type:link, format:weblink},BMS Link,newtab=>), BMS Detailed View]", "f_class_color": "#2edb93", "spans": 3.0, "span_arrangement": "15.7+31.3+15.7", "completion_year": "2004", "bridge_no": "250424914644" }, "geometry": { "type": "Point", "coordinates": [ 91.779009833333006, 25.07345 ] } },
{ "type": "Feature", "properties": { "id": "9572", "sl": 14926, "map_link": "https://maps.google.com/?q=25.076499833333,91.764349833333&amp;z=8&amp;t=k", "image_popup": "8088/bms/assets/uploads/images/bridges/bridge_9572/1725263572.JPG", "bridge_name": "Telikhal Bridge 3", "bridge_type": "PC Girder Bridge", "road_no": "N214", "zone": "Sylhet", "circle": "Sylhet", "division": "Sylhet", "subdivision": "Sylhet", "sae": "Sylhet-2", "bridge_length_(m)": 62.5, "bridge_width_(m)": 7.6, "chainage_(km)": 21.259, "ycoord": 25.076499833332999, "xcoord": 91.764349833333, "bms_inventory": "http://bms.rhd.gov.bd:8088/bms/bridges/inventory_view/9572", "bms_detail": "http://bms.rhd.gov.bd:8088/bms/bridges/inventory_view/9572", "f_class_name": "PC Girder Bridge", "keys": "[bridge_name, Bridge Name], [bridge_type,Type], [chainage_(km), Chainage (km)], [road_no, On Road], [division, Division], [subdivision, Subdivision], [bridge_length_(m), Length (m)], [bridge_width_(m), Width (m)], [spans, Span], [span_arrangement, Span Arrangement], [completion_year, Const. Year], [map_link(=>{type:link, format:weblink}, Google Map,newtab=>),Google Map View],[bms_inventory(=>{type:link, format:weblink}, BMS Link,newtab=>), BMS Inventory],[bms_detail(=>{type:link, format:weblink},BMS Link,newtab=>), BMS Detailed View]", "f_class_color": "#6ebed6", "spans": 2.0, "span_arrangement": "31+31", "completion_year": "2003", "bridge_no": "250435914552" }, "geometry": { "type": "Point", "coordinates": [ 91.764349833333, 25.076499833332999 ] } },
{ "type": "Feature", "properties": { "id": "9573", "sl": 14927, "map_link": "https://maps.google.com/?q=25.080527,91.759388833333&amp;z=8&amp;t=k", "image_popup": "8088/bms/assets/uploads/images/bridges/bridge_9573/1725264366.JPG", "bridge_name": "Telikhal Bridge 4", "bridge_type": "RC Girder Bridge", "road_no": "N214", "zone": "Sylhet", "circle": "Sylhet", "division": "Sylhet", "subdivision": "Sylhet", "sae": "Sylhet-2", "bridge_length_(m)": 48.0, "bridge_width_(m)": 10.4, "chainage_(km)": 21.939, "ycoord": 25.080527, "xcoord": 91.759388833333006, "bms_inventory": "http://bms.rhd.gov.bd:8088/bms/bridges/inventory_view/9573", "bms_detail": "http://bms.rhd.gov.bd:8088/bms/bridges/inventory_view/9573", "f_class_name": "RC Girder Bridge", "keys": "[bridge_name, Bridge Name], [bridge_type,Type], [chainage_(km), Chainage (km)], [road_no, On Road], [division, Division], [subdivision, Subdivision], [bridge_length_(m), Length (m)], [bridge_width_(m), Width (m)], [spans, Span], [span_arrangement, Span Arrangement], [completion_year, Const. Year], [map_link(=>{type:link, format:weblink}, Google Map,newtab=>),Google Map View],[bms_inventory(=>{type:link, format:weblink}, BMS Link,newtab=>), BMS Inventory],[bms_detail(=>{type:link, format:weblink},BMS Link,newtab=>), BMS Detailed View]", "f_class_color": "#e8f674", "spans": 3.0, "span_arrangement": "15.8+15.8+15.8", "completion_year": "2004", "bridge_no": "250450914534" }, "geometry": { "type": "Point", "coordinates": [ 91.759388833333006, 25.080527 ] } },
{ "type": "Feature", "properties": { "id": "9574", "sl": 3903, "map_link": "https://maps.google.com/?q=25.084582833333,91.754889&amp;z=8&amp;t=k", "image_popup": "8088/bms/assets/uploads/images/bridges/bridge_9574/1725265330.JPG", "bridge_name": "Companiganj Bridge..", "bridge_type": "PC Girder Bridge", "road_no": "N214", "zone": "Sylhet", "circle": "Sylhet", "division": "Sylhet", "subdivision": "Sylhet", "sae": "Sylhet-2", "bridge_length_(m)": 62.4, "bridge_width_(m)": 7.6, "chainage_(km)": 22.605, "ycoord": 25.084582833332998, "xcoord": 91.754889, "bms_inventory": "http://bms.rhd.gov.bd:8088/bms/bridges/inventory_view/9574", "bms_detail": "http://bms.rhd.gov.bd:8088/bms/bridges/inventory_view/9574", "f_class_name": "PC Girder Bridge", "keys": "[bridge_name, Bridge Name], [bridge_type,Type], [chainage_(km), Chainage (km)], [road_no, On Road], [division, Division], [subdivision, Subdivision], [bridge_length_(m), Length (m)], [bridge_width_(m), Width (m)], [spans, Span], [span_arrangement, Span Arrangement], [completion_year, Const. Year], [map_link(=>{type:link, format:weblink}, Google Map,newtab=>),Google Map View],[bms_inventory(=>{type:link, format:weblink}, BMS Link,newtab=>), BMS Inventory],[bms_detail(=>{type:link, format:weblink},BMS Link,newtab=>), BMS Detailed View]", "f_class_color": "#6ebed6", "spans": 2.0, "span_arrangement": "30.9+30.9", "completion_year": "2010", "bridge_no": "250504914518" }, "geometry": { "type": "Point", "coordinates": [ 91.754889, 25.084582833332998 ] } },
{ "type": "Feature", "properties": { "id": "9800", "sl": 10753, "map_link": "https://maps.google.com/?q=24.80814,92.03941&amp;z=8&amp;t=k", "image_popup": "8088/bms/assets/uploads/images/bridges/bridge_9800/1726379031.JPG", "bridge_name": "Naliuri Bridge", "bridge_type": "RC Girder Bridge", "road_no": "R251", "zone": "Sylhet", "circle": "Sylhet", "division": "Sylhet", "subdivision": "Golapganj", "sae": "SAE-Golapganj-2", "bridge_length_(m)": 16.57, "bridge_width_(m)": 7.6, "chainage_(km)": 6.824, "ycoord": 24.80814, "xcoord": 92.03941, "bms_inventory": "http://bms.rhd.gov.bd:8088/bms/bridges/inventory_view/9800", "bms_detail": "http://bms.rhd.gov.bd:8088/bms/bridges/inventory_view/9800", "f_class_name": "RC Girder Bridge", "keys": "[bridge_name, Bridge Name], [bridge_type,Type], [chainage_(km), Chainage (km)], [road_no, On Road], [division, Division], [subdivision, Subdivision], [bridge_length_(m), Length (m)], [bridge_width_(m), Width (m)], [spans, Span], [span_arrangement, Span Arrangement], [completion_year, Const. Year], [map_link(=>{type:link, format:weblink}, Google Map,newtab=>),Google Map View],[bms_inventory(=>{type:link, format:weblink}, BMS Link,newtab=>), BMS Inventory],[bms_detail(=>{type:link, format:weblink},BMS Link,newtab=>), BMS Detailed View]", "f_class_color": "#e8f674", "spans": 3.0, "span_arrangement": "4.27+9.81+1.78", "completion_year": "1990", "bridge_no": "244829920221" }, "geometry": { "type": "Point", "coordinates": [ 92.03941, 24.80814 ] } },
{ "type": "Feature", "properties": { "id": "9815", "sl": 3308, "map_link": "https://maps.google.com/?q=25.01847,91.643469833333&amp;z=8&amp;t=k", "image_popup": "8088/bms/assets/uploads/images/bridges/bridge_9815/1726499722.jpeg", "bridge_name": "Chatok Surma Bridge", "bridge_type": "Mixed Types Bridge", "road_no": "Z2802", "zone": "Sylhet", "circle": "Sylhet", "division": "Sunamganj", "subdivision": "Chattak", "sae": "Chattak", "bridge_length_(m)": 404.45, "bridge_width_(m)": 10.15, "chainage_(km)": 11.539, "ycoord": 25.01847, "xcoord": 91.643469833333, "bms_inventory": "http://bms.rhd.gov.bd:8088/bms/bridges/inventory_view/9815", "bms_detail": "http://bms.rhd.gov.bd:8088/bms/bridges/inventory_view/9815", "f_class_name": "Mixed Types Bridge", "keys": "[bridge_name, Bridge Name], [bridge_type,Type], [chainage_(km), Chainage (km)], [road_no, On Road], [division, Division], [subdivision, Subdivision], [bridge_length_(m), Length (m)], [bridge_width_(m), Width (m)], [spans, Span], [span_arrangement, Span Arrangement], [completion_year, Const. Year], [map_link(=>{type:link, format:weblink}, Google Map,newtab=>),Google Map View],[bms_inventory(=>{type:link, format:weblink}, BMS Link,newtab=>), BMS Inventory],[bms_detail(=>{type:link, format:weblink},BMS Link,newtab=>), BMS Detailed View]", "f_class_color": "#2edb93", "spans": 7.0, "span_arrangement": "44.1+49.79+50.03+115.6+49.59+49.72+44.76", "completion_year": "2023", "bridge_no": "250106913836" }, "geometry": { "type": "Point", "coordinates": [ 91.643469833333, 25.01847 ] } },
{ "type": "Feature", "properties": { "id": "9835", "sl": 15721, "map_link": "https://maps.google.com/?q=24.75722,92.01935&amp;z=8&amp;t=k", "image_popup": "8088/bms/assets/uploads/images/bridges/bridge_9835/1726637172.JPG", "bridge_name": "Vodeshwor Bridge", "bridge_type": "RC Girder Bridge", "road_no": "R251", "zone": "Sylhet", "circle": "Sylhet", "division": "Sylhet", "subdivision": "Golapganj", "sae": "SAE-Golapganj-2", "bridge_length_(m)": 6.83, "bridge_width_(m)": 6.09, "chainage_(km)": 13.64, "ycoord": 24.75722, "xcoord": 92.01935, "bms_inventory": "http://bms.rhd.gov.bd:8088/bms/bridges/inventory_view/9835", "bms_detail": "http://bms.rhd.gov.bd:8088/bms/bridges/inventory_view/9835", "f_class_name": "RC Girder Bridge", "keys": "[bridge_name, Bridge Name], [bridge_type,Type], [chainage_(km), Chainage (km)], [road_no, On Road], [division, Division], [subdivision, Subdivision], [bridge_length_(m), Length (m)], [bridge_width_(m), Width (m)], [spans, Span], [span_arrangement, Span Arrangement], [completion_year, Const. Year], [map_link(=>{type:link, format:weblink}, Google Map,newtab=>),Google Map View],[bms_inventory(=>{type:link, format:weblink}, BMS Link,newtab=>), BMS Inventory],[bms_detail(=>{type:link, format:weblink},BMS Link,newtab=>), BMS Detailed View]", "f_class_color": "#e8f674", "spans": 3.0, "span_arrangement": "1+4.5+0.99", "completion_year": "2007", "bridge_no": "244525920109" }, "geometry": { "type": "Point", "coordinates": [ 92.01935, 24.75722 ] } },
{ "type": "Feature", "properties": { "id": "9837", "sl": 8871, "map_link": "https://maps.google.com/?q=24.75597,92.018699833333&amp;z=8&amp;t=k", "image_popup": "8088/bms/assets/uploads/images/bridges/bridge_9837/1726638841.JPG", "bridge_name": "Kura Steel Bridge 1", "bridge_type": "Portable Steel Bridge", "road_no": "R251", "zone": "Sylhet", "circle": "Sylhet", "division": "Sylhet", "subdivision": "Golapganj", "sae": "SAE-Golapganj-2", "bridge_length_(m)": 9.1, "bridge_width_(m)": 4.16, "chainage_(km)": 13.72, "ycoord": 24.75597, "xcoord": 92.018699833333002, "bms_inventory": "http://bms.rhd.gov.bd:8088/bms/bridges/inventory_view/9837", "bms_detail": "http://bms.rhd.gov.bd:8088/bms/bridges/inventory_view/9837", "f_class_name": "Portable Steel Bridge", "keys": "[bridge_name, Bridge Name], [bridge_type,Type], [chainage_(km), Chainage (km)], [road_no, On Road], [division, Division], [subdivision, Subdivision], [bridge_length_(m), Length (m)], [bridge_width_(m), Width (m)], [spans, Span], [span_arrangement, Span Arrangement], [completion_year, Const. Year], [map_link(=>{type:link, format:weblink}, Google Map,newtab=>),Google Map View],[bms_inventory(=>{type:link, format:weblink}, BMS Link,newtab=>), BMS Inventory],[bms_detail(=>{type:link, format:weblink},BMS Link,newtab=>), BMS Detailed View]", "f_class_color": "#29ffa4", "spans": 1.0, "span_arrangement": "8.85", "completion_year": "2010", "bridge_no": "244521920107" }, "geometry": { "type": "Point", "coordinates": [ 92.018699833333002, 24.75597 ] } },
{ "type": "Feature", "properties": { "id": "9838", "sl": 8869, "map_link": "https://maps.google.com/?q=24.75562,92.018649833333&amp;z=8&amp;t=k", "image_popup": "8088/bms/assets/uploads/images/bridges/bridge_9838/1726639695.JPG", "bridge_name": "Kura Bridge", "bridge_type": "PC Girder Bridge", "road_no": "R251", "zone": "Sylhet", "circle": "Sylhet", "division": "Sylhet", "subdivision": "Golapganj", "sae": "SAE-Golapganj-2", "bridge_length_(m)": 118.17, "bridge_width_(m)": 7.64, "chainage_(km)": 13.842, "ycoord": 24.75562, "xcoord": 92.018649833333001, "bms_inventory": "http://bms.rhd.gov.bd:8088/bms/bridges/inventory_view/9838", "bms_detail": "http://bms.rhd.gov.bd:8088/bms/bridges/inventory_view/9838", "f_class_name": "PC Girder Bridge", "keys": "[bridge_name, Bridge Name], [bridge_type,Type], [chainage_(km), Chainage (km)], [road_no, On Road], [division, Division], [subdivision, Subdivision], [bridge_length_(m), Length (m)], [bridge_width_(m), Width (m)], [spans, Span], [span_arrangement, Span Arrangement], [completion_year, Const. Year], [map_link(=>{type:link, format:weblink}, Google Map,newtab=>),Google Map View],[bms_inventory(=>{type:link, format:weblink}, BMS Link,newtab=>), BMS Inventory],[bms_detail(=>{type:link, format:weblink},BMS Link,newtab=>), BMS Detailed View]", "f_class_color": "#6ebed6", "spans": 3.0, "span_arrangement": "39.56+38.82+38.87", "completion_year": "2006", "bridge_no": "244520920107" }, "geometry": { "type": "Point", "coordinates": [ 92.018649833333001, 24.75562 ] } },
{ "type": "Feature", "properties": { "id": "9839", "sl": 8872, "map_link": "https://maps.google.com/?q=24.75449,92.018531666667&amp;z=8&amp;t=k", "image_popup": "8088/bms/assets/uploads/images/bridges/bridge_9839/1726640319.JPG", "bridge_name": "Kura Steel Bridge 2", "bridge_type": "Portable Steel Bridge", "road_no": "R251", "zone": "Sylhet", "circle": "Sylhet", "division": "Sylhet", "subdivision": "Golapganj", "sae": "SAE-Golapganj-2", "bridge_length_(m)": 6.45, "bridge_width_(m)": 4.05, "chainage_(km)": 13.942, "ycoord": 24.75449, "xcoord": 92.018531666667002, "bms_inventory": "http://bms.rhd.gov.bd:8088/bms/bridges/inventory_view/9839", "bms_detail": "http://bms.rhd.gov.bd:8088/bms/bridges/inventory_view/9839", "f_class_name": "Portable Steel Bridge", "keys": "[bridge_name, Bridge Name], [bridge_type,Type], [chainage_(km), Chainage (km)], [road_no, On Road], [division, Division], [subdivision, Subdivision], [bridge_length_(m), Length (m)], [bridge_width_(m), Width (m)], [spans, Span], [span_arrangement, Span Arrangement], [completion_year, Const. Year], [map_link(=>{type:link, format:weblink}, Google Map,newtab=>),Google Map View],[bms_inventory(=>{type:link, format:weblink}, BMS Link,newtab=>), BMS Inventory],[bms_detail(=>{type:link, format:weblink},BMS Link,newtab=>), BMS Detailed View]", "f_class_color": "#29ffa4", "spans": 1.0, "span_arrangement": "6.28", "completion_year": "2010", "bridge_no": "244516920106" }, "geometry": { "type": "Point", "coordinates": [ 92.018531666667002, 24.75449 ] } },
{ "type": "Feature", "properties": { "id": "9851", "sl": 2550, "map_link": "https://maps.google.com/?q=24.707124277778,92.19522&amp;z=8&amp;t=k", "image_popup": "8088/bms/assets/uploads/images/bridges/bridge_9851/1726720895.JPG", "bridge_name": "Borolekha Bridge", "bridge_type": "RC Girder Bridge", "road_no": "Z2815", "zone": "Sylhet", "circle": "Moulavi Bazar", "division": "Moulavi Bazar", "subdivision": "Kulaura", "sae": "Barlekha", "bridge_length_(m)": 11.55, "bridge_width_(m)": 7.28, "chainage_(km)": 0.247, "ycoord": 24.707124277778, "xcoord": 92.19522, "bms_inventory": "http://bms.rhd.gov.bd:8088/bms/bridges/inventory_view/9851", "bms_detail": "http://bms.rhd.gov.bd:8088/bms/bridges/inventory_view/9851", "f_class_name": "RC Girder Bridge", "keys": "[bridge_name, Bridge Name], [bridge_type,Type], [chainage_(km), Chainage (km)], [road_no, On Road], [division, Division], [subdivision, Subdivision], [bridge_length_(m), Length (m)], [bridge_width_(m), Width (m)], [spans, Span], [span_arrangement, Span Arrangement], [completion_year, Const. Year], [map_link(=>{type:link, format:weblink}, Google Map,newtab=>),Google Map View],[bms_inventory(=>{type:link, format:weblink}, BMS Link,newtab=>), BMS Inventory],[bms_detail(=>{type:link, format:weblink},BMS Link,newtab=>), BMS Detailed View]", "f_class_color": "#e8f674", "spans": 1.0, "span_arrangement": "11.08", "completion_year": "2005", "bridge_no": "244225921142" }, "geometry": { "type": "Point", "coordinates": [ 92.19522, 24.707124277778 ] } },
{ "type": "Feature", "properties": { "id": "9852", "sl": 14701, "map_link": "https://maps.google.com/?q=24.87481,92.243589833333&amp;z=8&amp;t=k", "image_popup": "8088/bms/assets/uploads/images/bridges/bridge_9852/1726721287.JPG", "bridge_name": "Suta Kandi Bridge", "bridge_type": "RC Girder Bridge", "road_no": "Z2014", "zone": "Sylhet", "circle": "Sylhet", "division": "Sylhet", "subdivision": "Golapganj", "sae": "SAE-Golapganj-3", "bridge_length_(m)": 50.2, "bridge_width_(m)": 9.54, "chainage_(km)": 3.817, "ycoord": 24.87481, "xcoord": 92.243589833333004, "bms_inventory": "http://bms.rhd.gov.bd:8088/bms/bridges/inventory_view/9852", "bms_detail": "http://bms.rhd.gov.bd:8088/bms/bridges/inventory_view/9852", "f_class_name": "RC Girder Bridge", "keys": "[bridge_name, Bridge Name], [bridge_type,Type], [chainage_(km), Chainage (km)], [road_no, On Road], [division, Division], [subdivision, Subdivision], [bridge_length_(m), Length (m)], [bridge_width_(m), Width (m)], [spans, Span], [span_arrangement, Span Arrangement], [completion_year, Const. Year], [map_link(=>{type:link, format:weblink}, Google Map,newtab=>),Google Map View],[bms_inventory(=>{type:link, format:weblink}, BMS Link,newtab=>), BMS Inventory],[bms_detail(=>{type:link, format:weblink},BMS Link,newtab=>), BMS Detailed View]", "f_class_color": "#e8f674", "spans": 3.0, "span_arrangement": "16.5+16.56+16.5", "completion_year": "2000", "bridge_no": "245229921436" }, "geometry": { "type": "Point", "coordinates": [ 92.243589833333004, 24.87481 ] } },
{ "type": "Feature", "properties": { "id": "9853", "sl": 13983, "map_link": "https://maps.google.com/?q=24.71762,92.19602&amp;z=8&amp;t=k", "image_popup": "8088/bms/assets/uploads/images/bridges/bridge_9853/1726721995.JPG", "bridge_name": "Shotma Bridge", "bridge_type": "Rigid Frame Bridge", "road_no": "Z2815", "zone": "Sylhet", "circle": "Moulavi Bazar", "division": "Moulavi Bazar", "subdivision": "Kulaura", "sae": "Barlekha", "bridge_length_(m)": 26.86, "bridge_width_(m)": 8.23, "chainage_(km)": 0.801, "ycoord": 24.71762, "xcoord": 92.19602, "bms_inventory": "http://bms.rhd.gov.bd:8088/bms/bridges/inventory_view/9853", "bms_detail": "http://bms.rhd.gov.bd:8088/bms/bridges/inventory_view/9853", "f_class_name": "Rigid Frame Bridge", "keys": "[bridge_name, Bridge Name], [bridge_type,Type], [chainage_(km), Chainage (km)], [road_no, On Road], [division, Division], [subdivision, Subdivision], [bridge_length_(m), Length (m)], [bridge_width_(m), Width (m)], [spans, Span], [span_arrangement, Span Arrangement], [completion_year, Const. Year], [map_link(=>{type:link, format:weblink}, Google Map,newtab=>),Google Map View],[bms_inventory(=>{type:link, format:weblink}, BMS Link,newtab=>), BMS Inventory],[bms_detail(=>{type:link, format:weblink},BMS Link,newtab=>), BMS Detailed View]", "f_class_color": "#03e8f9", "spans": 1.0, "span_arrangement": "26.45", "completion_year": null, "bridge_no": "244303921145" }, "geometry": { "type": "Point", "coordinates": [ 92.19602, 24.71762 ] } },
{ "type": "Feature", "properties": { "id": "9854", "sl": 3722, "map_link": "https://maps.google.com/?q=24.72577,92.19933&amp;z=8&amp;t=k", "image_popup": "8088/bms/assets/uploads/images/bridges/bridge_9854/1726723362.JPG", "bridge_name": "Chotolekha Bridge", "bridge_type": "RC Girder Bridge", "road_no": "Z2815", "zone": "Sylhet", "circle": "Moulavi Bazar", "division": "Moulavi Bazar", "subdivision": "Kulaura", "sae": "Barlekha", "bridge_length_(m)": 12.3, "bridge_width_(m)": 3.93, "chainage_(km)": 1.782, "ycoord": 24.72577, "xcoord": 92.19933, "bms_inventory": "http://bms.rhd.gov.bd:8088/bms/bridges/inventory_view/9854", "bms_detail": "http://bms.rhd.gov.bd:8088/bms/bridges/inventory_view/9854", "f_class_name": "RC Girder Bridge", "keys": "[bridge_name, Bridge Name], [bridge_type,Type], [chainage_(km), Chainage (km)], [road_no, On Road], [division, Division], [subdivision, Subdivision], [bridge_length_(m), Length (m)], [bridge_width_(m), Width (m)], [spans, Span], [span_arrangement, Span Arrangement], [completion_year, Const. Year], [map_link(=>{type:link, format:weblink}, Google Map,newtab=>),Google Map View],[bms_inventory(=>{type:link, format:weblink}, BMS Link,newtab=>), BMS Inventory],[bms_detail(=>{type:link, format:weblink},BMS Link,newtab=>), BMS Detailed View]", "f_class_color": "#e8f674", "spans": 3.0, "span_arrangement": "2.04+7.26+2.34", "completion_year": "2005", "bridge_no": "244332921157" }, "geometry": { "type": "Point", "coordinates": [ 92.19933, 24.72577 ] } },
{ "type": "Feature", "properties": { "id": "9855", "sl": 5981, "map_link": "https://maps.google.com/?q=24.733998333333,92.202899833333&amp;z=8&amp;t=k", "image_popup": "8088/bms/assets/uploads/images/bridges/bridge_9855/1726724322.JPG", "bridge_name": "Gulsha Bridge", "bridge_type": "RC Girder Bridge", "road_no": "Z2815", "zone": "Sylhet", "circle": "Moulavi Bazar", "division": "Moulavi Bazar", "subdivision": "Kulaura", "sae": "Barlekha", "bridge_length_(m)": 12.2, "bridge_width_(m)": 3.91, "chainage_(km)": 2.78, "ycoord": 24.733998333332998, "xcoord": 92.202899833333007, "bms_inventory": "http://bms.rhd.gov.bd:8088/bms/bridges/inventory_view/9855", "bms_detail": "http://bms.rhd.gov.bd:8088/bms/bridges/inventory_view/9855", "f_class_name": "RC Girder Bridge", "keys": "[bridge_name, Bridge Name], [bridge_type,Type], [chainage_(km), Chainage (km)], [road_no, On Road], [division, Division], [subdivision, Subdivision], [bridge_length_(m), Length (m)], [bridge_width_(m), Width (m)], [spans, Span], [span_arrangement, Span Arrangement], [completion_year, Const. Year], [map_link(=>{type:link, format:weblink}, Google Map,newtab=>),Google Map View],[bms_inventory(=>{type:link, format:weblink}, BMS Link,newtab=>), BMS Inventory],[bms_detail(=>{type:link, format:weblink},BMS Link,newtab=>), BMS Detailed View]", "f_class_color": "#e8f674", "spans": 3.0, "span_arrangement": "2.07+7.45+2.1", "completion_year": "2009", "bridge_no": "244402921210" }, "geometry": { "type": "Point", "coordinates": [ 92.202899833333007, 24.733998333332998 ] } },
{ "type": "Feature", "properties": { "id": "9860", "sl": 10440, "map_link": "https://maps.google.com/?q=24.7453,92.20936&amp;z=8&amp;t=k", "image_popup": "8088/bms/assets/uploads/images/bridges/bridge_9860/1726826639.JPG", "bridge_name": "Morul Bridge-1", "bridge_type": "RC Girder Bridge", "road_no": "Z2815", "zone": "Sylhet", "circle": "Moulavi Bazar", "division": "Moulavi Bazar", "subdivision": "Kulaura", "sae": "Barlekha", "bridge_length_(m)": 10.75, "bridge_width_(m)": 4.0, "chainage_(km)": 4.303, "ycoord": 24.7453, "xcoord": 92.20936, "bms_inventory": "http://bms.rhd.gov.bd:8088/bms/bridges/inventory_view/9860", "bms_detail": "http://bms.rhd.gov.bd:8088/bms/bridges/inventory_view/9860", "f_class_name": "RC Girder Bridge", "keys": "[bridge_name, Bridge Name], [bridge_type,Type], [chainage_(km), Chainage (km)], [road_no, On Road], [division, Division], [subdivision, Subdivision], [bridge_length_(m), Length (m)], [bridge_width_(m), Width (m)], [spans, Span], [span_arrangement, Span Arrangement], [completion_year, Const. Year], [map_link(=>{type:link, format:weblink}, Google Map,newtab=>),Google Map View],[bms_inventory(=>{type:link, format:weblink}, BMS Link,newtab=>), BMS Inventory],[bms_detail(=>{type:link, format:weblink},BMS Link,newtab=>), BMS Detailed View]", "f_class_color": "#e8f674", "spans": 3.0, "span_arrangement": "2.08+5.96+2.07", "completion_year": "2009", "bridge_no": "244443921233" }, "geometry": { "type": "Point", "coordinates": [ 92.20936, 24.7453 ] } },
{ "type": "Feature", "properties": { "id": "9862", "sl": 10441, "map_link": "https://maps.google.com/?q=24.7481,92.211809833333&amp;z=8&amp;t=k", "image_popup": "8088/bms/assets/uploads/images/bridges/bridge_9862/1726831992.JPG", "bridge_name": "Morul Bridge-2", "bridge_type": "RC Girder Bridge", "road_no": "Z2815", "zone": "Sylhet", "circle": "Moulavi Bazar", "division": "Moulavi Bazar", "subdivision": "Kulaura", "sae": "Barlekha", "bridge_length_(m)": 10.75, "bridge_width_(m)": 3.95, "chainage_(km)": 4.702, "ycoord": 24.7481, "xcoord": 92.211809833333007, "bms_inventory": "http://bms.rhd.gov.bd:8088/bms/bridges/inventory_view/9862", "bms_detail": "http://bms.rhd.gov.bd:8088/bms/bridges/inventory_view/9862", "f_class_name": "RC Girder Bridge", "keys": "[bridge_name, Bridge Name], [bridge_type,Type], [chainage_(km), Chainage (km)], [road_no, On Road], [division, Division], [subdivision, Subdivision], [bridge_length_(m), Length (m)], [bridge_width_(m), Width (m)], [spans, Span], [span_arrangement, Span Arrangement], [completion_year, Const. Year], [map_link(=>{type:link, format:weblink}, Google Map,newtab=>),Google Map View],[bms_inventory(=>{type:link, format:weblink}, BMS Link,newtab=>), BMS Inventory],[bms_detail(=>{type:link, format:weblink},BMS Link,newtab=>), BMS Detailed View]", "f_class_color": "#e8f674", "spans": 3.0, "span_arrangement": "2+6.23+2", "completion_year": "1990", "bridge_no": "244453921242" }, "geometry": { "type": "Point", "coordinates": [ 92.211809833333007, 24.7481 ] } },
{ "type": "Feature", "properties": { "id": "9864", "sl": 14862, "map_link": "https://maps.google.com/?q=24.75015,92.21362&amp;z=8&amp;t=k", "image_popup": "8088/bms/assets/uploads/images/bridges/bridge_9864/1726833679.JPG", "bridge_name": "Taradrom Bridge-1", "bridge_type": "RC Girder Bridge", "road_no": "Z2815", "zone": "Sylhet", "circle": "Moulavi Bazar", "division": "Moulavi Bazar", "subdivision": "Kulaura", "sae": "Barlekha", "bridge_length_(m)": 10.02, "bridge_width_(m)": 3.95, "chainage_(km)": 4.996, "ycoord": 24.75015, "xcoord": 92.21362, "bms_inventory": "http://bms.rhd.gov.bd:8088/bms/bridges/inventory_view/9864", "bms_detail": "http://bms.rhd.gov.bd:8088/bms/bridges/inventory_view/9864", "f_class_name": "RC Girder Bridge", "keys": "[bridge_name, Bridge Name], [bridge_type,Type], [chainage_(km), Chainage (km)], [road_no, On Road], [division, Division], [subdivision, Subdivision], [bridge_length_(m), Length (m)], [bridge_width_(m), Width (m)], [spans, Span], [span_arrangement, Span Arrangement], [completion_year, Const. Year], [map_link(=>{type:link, format:weblink}, Google Map,newtab=>),Google Map View],[bms_inventory(=>{type:link, format:weblink}, BMS Link,newtab=>), BMS Inventory],[bms_detail(=>{type:link, format:weblink},BMS Link,newtab=>), BMS Detailed View]", "f_class_color": "#e8f674", "spans": 3.0, "span_arrangement": "1.83+6.08+2.04", "completion_year": "1995", "bridge_no": "244500921249" }, "geometry": { "type": "Point", "coordinates": [ 92.21362, 24.75015 ] } },
{ "type": "Feature", "properties": { "id": "9892", "sl": 12633, "map_link": "https://maps.google.com/?q=24.403079833333,91.865189833333&amp;z=8&amp;t=k", "image_popup": "8088/bms/assets/img/no_picture.png", "bridge_name": "Rampur Bridge \".\"", "bridge_type": "RC Girder Bridge", "road_no": "Z2002", "zone": "Sylhet", "circle": "Moulavi Bazar", "division": "Moulavi Bazar", "subdivision": "Kulaura", "sae": "Kulaura", "bridge_length_(m)": 38.8, "bridge_width_(m)": 9.51, "chainage_(km)": 15.084, "ycoord": 24.403079833332999, "xcoord": 91.865189833333005, "bms_inventory": "http://bms.rhd.gov.bd:8088/bms/bridges/inventory_view/9892", "bms_detail": "http://bms.rhd.gov.bd:8088/bms/bridges/inventory_view/9892", "f_class_name": "RC Girder Bridge", "keys": "[bridge_name, Bridge Name], [bridge_type,Type], [chainage_(km), Chainage (km)], [road_no, On Road], [division, Division], [subdivision, Subdivision], [bridge_length_(m), Length (m)], [bridge_width_(m), Width (m)], [spans, Span], [span_arrangement, Span Arrangement], [completion_year, Const. Year], [map_link(=>{type:link, format:weblink}, Google Map,newtab=>),Google Map View],[bms_inventory(=>{type:link, format:weblink}, BMS Link,newtab=>), BMS Inventory],[bms_detail(=>{type:link, format:weblink},BMS Link,newtab=>), BMS Detailed View]", "f_class_color": "#e8f674", "spans": 3.0, "span_arrangement": "12.65+12.71+12.56", "completion_year": "1995", "bridge_no": "242411915154" }, "geometry": { "type": "Point", "coordinates": [ 91.865189833333005, 24.403079833332999 ] } },
{ "type": "Feature", "properties": { "id": "9893", "sl": 14189, "map_link": "https://maps.google.com/?q=24.390429833333,91.896069833333&amp;z=8&amp;t=k", "image_popup": "8088/bms/assets/uploads/images/bridges/bridge_9893/1727178733.JPG", "bridge_name": "Somshernagar Bridge", "bridge_type": "RC Slab Bridge", "road_no": "Z2002", "zone": "Sylhet", "circle": "Moulavi Bazar", "division": "Moulavi Bazar", "subdivision": "Kulaura", "sae": "Kulaura", "bridge_length_(m)": 24.36, "bridge_width_(m)": 9.47, "chainage_(km)": 18.606, "ycoord": 24.390429833332998, "xcoord": 91.896069833333001, "bms_inventory": "http://bms.rhd.gov.bd:8088/bms/bridges/inventory_view/9893", "bms_detail": "http://bms.rhd.gov.bd:8088/bms/bridges/inventory_view/9893", "f_class_name": "RC Slab Bridge", "keys": "[bridge_name, Bridge Name], [bridge_type,Type], [chainage_(km), Chainage (km)], [road_no, On Road], [division, Division], [subdivision, Subdivision], [bridge_length_(m), Length (m)], [bridge_width_(m), Width (m)], [spans, Span], [span_arrangement, Span Arrangement], [completion_year, Const. Year], [map_link(=>{type:link, format:weblink}, Google Map,newtab=>),Google Map View],[bms_inventory(=>{type:link, format:weblink}, BMS Link,newtab=>), BMS Inventory],[bms_detail(=>{type:link, format:weblink},BMS Link,newtab=>), BMS Detailed View]", "f_class_color": "#088afa", "spans": 3.0, "span_arrangement": "8.41+8.13+8.1", "completion_year": "1995", "bridge_no": "242325915345" }, "geometry": { "type": "Point", "coordinates": [ 91.896069833333001, 24.390429833332998 ] } },
{ "type": "Feature", "properties": { "id": "9894", "sl": 13563, "map_link": "https://maps.google.com/?q=24.36577,91.95829&amp;z=8&amp;t=k", "image_popup": "8088/bms/assets/uploads/images/bridges/bridge_9894/1727199512.JPG", "bridge_name": "Sharifpur Bridge", "bridge_type": "PC Girder Bridge", "road_no": "Z2002", "zone": "Sylhet", "circle": "Moulavi Bazar", "division": "Moulavi Bazar", "subdivision": "Kulaura", "sae": "Kulaura", "bridge_length_(m)": 33.5, "bridge_width_(m)": 10.24, "chainage_(km)": 26.906, "ycoord": 24.36577, "xcoord": 91.95829, "bms_inventory": "http://bms.rhd.gov.bd:8088/bms/bridges/inventory_view/9894", "bms_detail": "http://bms.rhd.gov.bd:8088/bms/bridges/inventory_view/9894", "f_class_name": "PC Girder Bridge", "keys": "[bridge_name, Bridge Name], [bridge_type,Type], [chainage_(km), Chainage (km)], [road_no, On Road], [division, Division], [subdivision, Subdivision], [bridge_length_(m), Length (m)], [bridge_width_(m), Width (m)], [spans, Span], [span_arrangement, Span Arrangement], [completion_year, Const. Year], [map_link(=>{type:link, format:weblink}, Google Map,newtab=>),Google Map View],[bms_inventory(=>{type:link, format:weblink}, BMS Link,newtab=>), BMS Inventory],[bms_detail(=>{type:link, format:weblink},BMS Link,newtab=>), BMS Detailed View]", "f_class_color": "#6ebed6", "spans": 1.0, "span_arrangement": "33.32", "completion_year": "2023", "bridge_no": "242156915729" }, "geometry": { "type": "Point", "coordinates": [ 91.95829, 24.36577 ] } },
{ "type": "Feature", "properties": { "id": "9895", "sl": 3012, "map_link": "https://maps.google.com/?q=24.364399833333,91.96029&amp;z=8&amp;t=k", "image_popup": "8088/bms/assets/uploads/images/bridges/bridge_9895/1727202720.JPG", "bridge_name": "Chalta Bazar Bridge.", "bridge_type": "PC Girder Bridge", "road_no": "Z2002", "zone": "Sylhet", "circle": "Moulavi Bazar", "division": "Moulavi Bazar", "subdivision": "Kulaura", "sae": "Kulaura", "bridge_length_(m)": 156.25, "bridge_width_(m)": 7.7, "chainage_(km)": 27.2, "ycoord": 24.364399833333, "xcoord": 91.96029, "bms_inventory": "http://bms.rhd.gov.bd:8088/bms/bridges/inventory_view/9895", "bms_detail": "http://bms.rhd.gov.bd:8088/bms/bridges/inventory_view/9895", "f_class_name": "PC Girder Bridge", "keys": "[bridge_name, Bridge Name], [bridge_type,Type], [chainage_(km), Chainage (km)], [road_no, On Road], [division, Division], [subdivision, Subdivision], [bridge_length_(m), Length (m)], [bridge_width_(m), Width (m)], [spans, Span], [span_arrangement, Span Arrangement], [completion_year, Const. Year], [map_link(=>{type:link, format:weblink}, Google Map,newtab=>),Google Map View],[bms_inventory(=>{type:link, format:weblink}, BMS Link,newtab=>), BMS Inventory],[bms_detail(=>{type:link, format:weblink},BMS Link,newtab=>), BMS Detailed View]", "f_class_color": "#6ebed6", "spans": 4.0, "span_arrangement": "38.76+38.88+39.03+39.93", "completion_year": "2005", "bridge_no": "242151915737" }, "geometry": { "type": "Point", "coordinates": [ 91.96029, 24.364399833333 ] } },
{ "type": "Feature", "properties": { "id": "9896", "sl": 9924, "map_link": "https://maps.google.com/?q=24.52248,91.973079833333&amp;z=8&amp;t=k", "image_popup": "8088/bms/assets/uploads/images/bridges/bridge_9896/1727206344.JPG", "bridge_name": "Mirzapur Bridge-1", "bridge_type": "RC Girder Bridge", "road_no": "Z2821", "zone": "Sylhet", "circle": "Moulavi Bazar", "division": "Moulavi Bazar", "subdivision": "Kulaura", "sae": "Kulaura", "bridge_length_(m)": 12.3, "bridge_width_(m)": 3.95, "chainage_(km)": 0.642, "ycoord": 24.52248, "xcoord": 91.973079833333003, "bms_inventory": "http://bms.rhd.gov.bd:8088/bms/bridges/inventory_view/9896", "bms_detail": "http://bms.rhd.gov.bd:8088/bms/bridges/inventory_view/9896", "f_class_name": "RC Girder Bridge", "keys": "[bridge_name, Bridge Name], [bridge_type,Type], [chainage_(km), Chainage (km)], [road_no, On Road], [division, Division], [subdivision, Subdivision], [bridge_length_(m), Length (m)], [bridge_width_(m), Width (m)], [spans, Span], [span_arrangement, Span Arrangement], [completion_year, Const. Year], [map_link(=>{type:link, format:weblink}, Google Map,newtab=>),Google Map View],[bms_inventory(=>{type:link, format:weblink}, BMS Link,newtab=>), BMS Inventory],[bms_detail(=>{type:link, format:weblink},BMS Link,newtab=>), BMS Detailed View]", "f_class_color": "#e8f674", "spans": 1.0, "span_arrangement": "12", "completion_year": "1960", "bridge_no": "243120915824" }, "geometry": { "type": "Point", "coordinates": [ 91.973079833333003, 24.52248 ] } },
{ "type": "Feature", "properties": { "id": "9897", "sl": 8977, "map_link": "https://maps.google.com/?q=25.091629833333,91.75512&amp;z=8&amp;t=k", "image_popup": "8088/bms/assets/uploads/images/bridges/bridge_9897/1727237796.JPG", "bridge_name": "Lachukhal Bridge", "bridge_type": "Mixed Types Bridge", "road_no": "N214", "zone": "Sylhet", "circle": "Sylhet", "division": "Sylhet", "subdivision": "Sylhet", "sae": "Sylhet-2", "bridge_length_(m)": 61.25, "bridge_width_(m)": 7.59, "chainage_(km)": 23.387, "ycoord": 25.091629833332998, "xcoord": 91.75512, "bms_inventory": "http://bms.rhd.gov.bd:8088/bms/bridges/inventory_view/9897", "bms_detail": "http://bms.rhd.gov.bd:8088/bms/bridges/inventory_view/9897", "f_class_name": "Mixed Types Bridge", "keys": "[bridge_name, Bridge Name], [bridge_type,Type], [chainage_(km), Chainage (km)], [road_no, On Road], [division, Division], [subdivision, Subdivision], [bridge_length_(m), Length (m)], [bridge_width_(m), Width (m)], [spans, Span], [span_arrangement, Span Arrangement], [completion_year, Const. Year], [map_link(=>{type:link, format:weblink}, Google Map,newtab=>),Google Map View],[bms_inventory(=>{type:link, format:weblink}, BMS Link,newtab=>), BMS Inventory],[bms_detail(=>{type:link, format:weblink},BMS Link,newtab=>), BMS Detailed View]", "f_class_color": "#2edb93", "spans": 3.0, "span_arrangement": "14.75+30.65+15.85", "completion_year": "2000", "bridge_no": "250530914518" }, "geometry": { "type": "Point", "coordinates": [ 91.75512, 25.091629833332998 ] } },
{ "type": "Feature", "properties": { "id": "9898", "sl": 8978, "map_link": "https://maps.google.com/?q=25.0945,91.75476&amp;z=8&amp;t=k", "image_popup": "8088/bms/assets/uploads/images/bridges/bridge_9898/1727238588.JPG", "bridge_name": "Lachukhal Bridge 2", "bridge_type": "PC Girder Bridge", "road_no": "N214", "zone": "Sylhet", "circle": "Sylhet", "division": "Sylhet", "subdivision": "Sylhet", "sae": "Sylhet-2", "bridge_length_(m)": 49.85, "bridge_width_(m)": 7.54, "chainage_(km)": 23.706, "ycoord": 25.0945, "xcoord": 91.75476, "bms_inventory": "http://bms.rhd.gov.bd:8088/bms/bridges/inventory_view/9898", "bms_detail": "http://bms.rhd.gov.bd:8088/bms/bridges/inventory_view/9898", "f_class_name": "PC Girder Bridge", "keys": "[bridge_name, Bridge Name], [bridge_type,Type], [chainage_(km), Chainage (km)], [road_no, On Road], [division, Division], [subdivision, Subdivision], [bridge_length_(m), Length (m)], [bridge_width_(m), Width (m)], [spans, Span], [span_arrangement, Span Arrangement], [completion_year, Const. Year], [map_link(=>{type:link, format:weblink}, Google Map,newtab=>),Google Map View],[bms_inventory(=>{type:link, format:weblink}, BMS Link,newtab=>), BMS Inventory],[bms_detail(=>{type:link, format:weblink},BMS Link,newtab=>), BMS Detailed View]", "f_class_color": "#6ebed6", "spans": 2.0, "span_arrangement": "25.25+24.4", "completion_year": "2000", "bridge_no": "250540914517" }, "geometry": { "type": "Point", "coordinates": [ 91.75476, 25.0945 ] } },
{ "type": "Feature", "properties": { "id": "9902", "sl": 11771, "map_link": "https://maps.google.com/?q=25.11898,91.751879833333&amp;z=8&amp;t=k", "image_popup": "8088/bms/assets/uploads/images/bridges/bridge_9902/1727241052.JPG", "bridge_name": "Parua Bridge", "bridge_type": "PC Girder Bridge", "road_no": "N214", "zone": "Sylhet", "circle": "Sylhet", "division": "Sylhet", "subdivision": "Sylhet", "sae": "Sylhet-2", "bridge_length_(m)": 151.41, "bridge_width_(m)": 9.46, "chainage_(km)": 26.704, "ycoord": 25.11898, "xcoord": 91.751879833333007, "bms_inventory": "http://bms.rhd.gov.bd:8088/bms/bridges/inventory_view/9902", "bms_detail": "http://bms.rhd.gov.bd:8088/bms/bridges/inventory_view/9902", "f_class_name": "PC Girder Bridge", "keys": "[bridge_name, Bridge Name], [bridge_type,Type], [chainage_(km), Chainage (km)], [road_no, On Road], [division, Division], [subdivision, Subdivision], [bridge_length_(m), Length (m)], [bridge_width_(m), Width (m)], [spans, Span], [span_arrangement, Span Arrangement], [completion_year, Const. Year], [map_link(=>{type:link, format:weblink}, Google Map,newtab=>),Google Map View],[bms_inventory(=>{type:link, format:weblink}, BMS Link,newtab=>), BMS Inventory],[bms_detail(=>{type:link, format:weblink},BMS Link,newtab=>), BMS Detailed View]", "f_class_color": "#6ebed6", "spans": 4.0, "span_arrangement": "37.75+37.55+37.75+37.76", "completion_year": "2014", "bridge_no": "250708914507" }, "geometry": { "type": "Point", "coordinates": [ 91.751879833333007, 25.11898 ] } },
{ "type": "Feature", "properties": { "id": "9903", "sl": 2675, "map_link": "https://maps.google.com/?q=25.11532,91.75351&amp;z=8&amp;t=k", "image_popup": "8088/bms/assets/uploads/images/bridges/bridge_9903/1727241780.JPG", "bridge_name": "Bou Bazar Bridge", "bridge_type": "PC Girder Bridge", "road_no": "N214", "zone": "Sylhet", "circle": "Sylhet", "division": "Sylhet", "subdivision": "Sylhet", "sae": "Sylhet-2", "bridge_length_(m)": 75.17, "bridge_width_(m)": 10.38, "chainage_(km)": 26.254, "ycoord": 25.11532, "xcoord": 91.75351, "bms_inventory": "http://bms.rhd.gov.bd:8088/bms/bridges/inventory_view/9903", "bms_detail": "http://bms.rhd.gov.bd:8088/bms/bridges/inventory_view/9903", "f_class_name": "PC Girder Bridge", "keys": "[bridge_name, Bridge Name], [bridge_type,Type], [chainage_(km), Chainage (km)], [road_no, On Road], [division, Division], [subdivision, Subdivision], [bridge_length_(m), Length (m)], [bridge_width_(m), Width (m)], [spans, Span], [span_arrangement, Span Arrangement], [completion_year, Const. Year], [map_link(=>{type:link, format:weblink}, Google Map,newtab=>),Google Map View],[bms_inventory(=>{type:link, format:weblink}, BMS Link,newtab=>), BMS Inventory],[bms_detail(=>{type:link, format:weblink},BMS Link,newtab=>), BMS Detailed View]", "f_class_color": "#6ebed6", "spans": 2.0, "span_arrangement": "37.13+37.24", "completion_year": "2021", "bridge_no": "2506559145131" }, "geometry": { "type": "Point", "coordinates": [ 91.75351, 25.11532 ] } },
{ "type": "Feature", "properties": { "id": "9904", "sl": 2676, "map_link": "https://maps.google.com/?q=25.11533,91.75363&amp;z=8&amp;t=k", "image_popup": "8088/bms/assets/uploads/images/bridges/bridge_9904/1727242955.JPG", "bridge_name": "Bou Bazar Bridge 2", "bridge_type": "PC Girder Bridge", "road_no": "N214", "zone": "Sylhet", "circle": "Sylhet", "division": "Sylhet", "subdivision": "Sylhet", "sae": "Sylhet-2", "bridge_length_(m)": 75.3, "bridge_width_(m)": 9.46, "chainage_(km)": 26.254, "ycoord": 25.11533, "xcoord": 91.75363, "bms_inventory": "http://bms.rhd.gov.bd:8088/bms/bridges/inventory_view/9904", "bms_detail": "http://bms.rhd.gov.bd:8088/bms/bridges/inventory_view/9904", "f_class_name": "PC Girder Bridge", "keys": "[bridge_name, Bridge Name], [bridge_type,Type], [chainage_(km), Chainage (km)], [road_no, On Road], [division, Division], [subdivision, Subdivision], [bridge_length_(m), Length (m)], [bridge_width_(m), Width (m)], [spans, Span], [span_arrangement, Span Arrangement], [completion_year, Const. Year], [map_link(=>{type:link, format:weblink}, Google Map,newtab=>),Google Map View],[bms_inventory(=>{type:link, format:weblink}, BMS Link,newtab=>), BMS Inventory],[bms_detail(=>{type:link, format:weblink},BMS Link,newtab=>), BMS Detailed View]", "f_class_color": "#6ebed6", "spans": 2.0, "span_arrangement": "37.35+37.25", "completion_year": "2004", "bridge_no": "2506559145132" }, "geometry": { "type": "Point", "coordinates": [ 91.75363, 25.11533 ] } },
{ "type": "Feature", "properties": { "id": "9910", "sl": 9925, "map_link": "https://maps.google.com/?q=24.52567,91.97356&amp;z=8&amp;t=k", "image_popup": "8088/bms/assets/uploads/images/bridges/bridge_9910/1727273047.JPG", "bridge_name": "Mirzapur Bridge-2", "bridge_type": "RC Girder Bridge", "road_no": "Z2821", "zone": "Sylhet", "circle": "Moulavi Bazar", "division": "Moulavi Bazar", "subdivision": "Kulaura", "sae": "Barlekha", "bridge_length_(m)": 15.3, "bridge_width_(m)": 6.4, "chainage_(km)": 0.995, "ycoord": 24.52567, "xcoord": 91.97356, "bms_inventory": "http://bms.rhd.gov.bd:8088/bms/bridges/inventory_view/9910", "bms_detail": "http://bms.rhd.gov.bd:8088/bms/bridges/inventory_view/9910", "f_class_name": "RC Girder Bridge", "keys": "[bridge_name, Bridge Name], [bridge_type,Type], [chainage_(km), Chainage (km)], [road_no, On Road], [division, Division], [subdivision, Subdivision], [bridge_length_(m), Length (m)], [bridge_width_(m), Width (m)], [spans, Span], [span_arrangement, Span Arrangement], [completion_year, Const. Year], [map_link(=>{type:link, format:weblink}, Google Map,newtab=>),Google Map View],[bms_inventory(=>{type:link, format:weblink}, BMS Link,newtab=>), BMS Inventory],[bms_detail(=>{type:link, format:weblink},BMS Link,newtab=>), BMS Detailed View]", "f_class_color": "#e8f674", "spans": 1.0, "span_arrangement": "15.03", "completion_year": "2015", "bridge_no": "243132915825" }, "geometry": { "type": "Point", "coordinates": [ 91.97356, 24.52567 ] } },
{ "type": "Feature", "properties": { "id": "9911", "sl": 9313, "map_link": "https://maps.google.com/?q=24.53337,91.93652&amp;z=8&amp;t=k", "image_popup": "8088/bms/assets/uploads/images/bridges/bridge_9911/1727281161.JPG", "bridge_name": "Luyaharicha Bagah Bridge", "bridge_type": "RC Girder Bridge", "road_no": "R281", "zone": "Sylhet", "circle": "Moulavi Bazar", "division": "Moulavi Bazar", "subdivision": "Kulaura", "sae": "Kulaura", "bridge_length_(m)": 9.97, "bridge_width_(m)": 7.09, "chainage_(km)": 8.7, "ycoord": 24.53337, "xcoord": 91.93652, "bms_inventory": "http://bms.rhd.gov.bd:8088/bms/bridges/inventory_view/9911", "bms_detail": "http://bms.rhd.gov.bd:8088/bms/bridges/inventory_view/9911", "f_class_name": "RC Girder Bridge", "keys": "[bridge_name, Bridge Name], [bridge_type,Type], [chainage_(km), Chainage (km)], [road_no, On Road], [division, Division], [subdivision, Subdivision], [bridge_length_(m), Length (m)], [bridge_width_(m), Width (m)], [spans, Span], [span_arrangement, Span Arrangement], [completion_year, Const. Year], [map_link(=>{type:link, format:weblink}, Google Map,newtab=>),Google Map View],[bms_inventory(=>{type:link, format:weblink}, BMS Link,newtab=>), BMS Inventory],[bms_detail(=>{type:link, format:weblink},BMS Link,newtab=>), BMS Detailed View]", "f_class_color": "#e8f674", "spans": 1.0, "span_arrangement": "8.93", "completion_year": "1973", "bridge_no": "243200915611" }, "geometry": { "type": "Point", "coordinates": [ 91.93652, 24.53337 ] } },
{ "type": "Feature", "properties": { "id": "9913", "sl": 2712, "map_link": "https://maps.google.com/?q=24.51658,91.97741&amp;z=8&amp;t=k", "image_popup": "8088/bms/assets/img/no_picture.png", "bridge_name": "Brahman Bazar Bridge", "bridge_type": "RC Girder Bridge", "road_no": "R281", "zone": "Sylhet", "circle": "Moulavi Bazar", "division": "Moulavi Bazar", "subdivision": "Kulaura", "sae": "Kulaura", "bridge_length_(m)": 12.47, "bridge_width_(m)": 7.86, "chainage_(km)": 14.164, "ycoord": 24.51658, "xcoord": 91.97741, "bms_inventory": "http://bms.rhd.gov.bd:8088/bms/bridges/inventory_view/9913", "bms_detail": "http://bms.rhd.gov.bd:8088/bms/bridges/inventory_view/9913", "f_class_name": "RC Girder Bridge", "keys": "[bridge_name, Bridge Name], [bridge_type,Type], [chainage_(km), Chainage (km)], [road_no, On Road], [division, Division], [subdivision, Subdivision], [bridge_length_(m), Length (m)], [bridge_width_(m), Width (m)], [spans, Span], [span_arrangement, Span Arrangement], [completion_year, Const. Year], [map_link(=>{type:link, format:weblink}, Google Map,newtab=>),Google Map View],[bms_inventory(=>{type:link, format:weblink}, BMS Link,newtab=>), BMS Inventory],[bms_detail(=>{type:link, format:weblink},BMS Link,newtab=>), BMS Detailed View]", "f_class_color": "#e8f674", "spans": 1.0, "span_arrangement": "11.76", "completion_year": "1973", "bridge_no": "243059915838" }, "geometry": { "type": "Point", "coordinates": [ 91.97741, 24.51658 ] } },
{ "type": "Feature", "properties": { "id": "9914", "sl": 1192, "map_link": "https://maps.google.com/?q=24.515589833333,91.98466&amp;z=8&amp;t=k", "image_popup": "8088/bms/assets/uploads/images/bridges/bridge_9914/1727283141.JPG", "bridge_name": "Ballu Bazar Bridge", "bridge_type": "RC Girder Bridge", "road_no": "R281", "zone": "Sylhet", "circle": "Moulavi Bazar", "division": "Moulavi Bazar", "subdivision": "Kulaura", "sae": "Kulaura", "bridge_length_(m)": 27.63, "bridge_width_(m)": 9.82, "chainage_(km)": 14.904, "ycoord": 24.515589833332999, "xcoord": 91.98466, "bms_inventory": "http://bms.rhd.gov.bd:8088/bms/bridges/inventory_view/9914", "bms_detail": "http://bms.rhd.gov.bd:8088/bms/bridges/inventory_view/9914", "f_class_name": "RC Girder Bridge", "keys": "[bridge_name, Bridge Name], [bridge_type,Type], [chainage_(km), Chainage (km)], [road_no, On Road], [division, Division], [subdivision, Subdivision], [bridge_length_(m), Length (m)], [bridge_width_(m), Width (m)], [spans, Span], [span_arrangement, Span Arrangement], [completion_year, Const. Year], [map_link(=>{type:link, format:weblink}, Google Map,newtab=>),Google Map View],[bms_inventory(=>{type:link, format:weblink}, BMS Link,newtab=>), BMS Inventory],[bms_detail(=>{type:link, format:weblink},BMS Link,newtab=>), BMS Detailed View]", "f_class_color": "#e8f674", "spans": 2.0, "span_arrangement": "13.47+13.48", "completion_year": "1973", "bridge_no": "243056915904" }, "geometry": { "type": "Point", "coordinates": [ 91.98466, 24.515589833332999 ] } },
{ "type": "Feature", "properties": { "id": "9915", "sl": 7315, "map_link": "https://maps.google.com/?q=24.513079833333,92.017449833333&amp;z=8&amp;t=k", "image_popup": "8088/bms/assets/uploads/images/bridges/bridge_9915/1727283783.JPG", "bridge_name": "Kafuya Bridge", "bridge_type": "PC Girder Bridge", "road_no": "R281", "zone": "Sylhet", "circle": "Moulavi Bazar", "division": "Moulavi Bazar", "subdivision": "Kulaura", "sae": "Kulaura", "bridge_length_(m)": 32.05, "bridge_width_(m)": 9.51, "chainage_(km)": 18.263, "ycoord": 24.513079833332998, "xcoord": 92.017449833333004, "bms_inventory": "http://bms.rhd.gov.bd:8088/bms/bridges/inventory_view/9915", "bms_detail": "http://bms.rhd.gov.bd:8088/bms/bridges/inventory_view/9915", "f_class_name": "PC Girder Bridge", "keys": "[bridge_name, Bridge Name], [bridge_type,Type], [chainage_(km), Chainage (km)], [road_no, On Road], [division, Division], [subdivision, Subdivision], [bridge_length_(m), Length (m)], [bridge_width_(m), Width (m)], [spans, Span], [span_arrangement, Span Arrangement], [completion_year, Const. Year], [map_link(=>{type:link, format:weblink}, Google Map,newtab=>),Google Map View],[bms_inventory(=>{type:link, format:weblink}, BMS Link,newtab=>), BMS Inventory],[bms_detail(=>{type:link, format:weblink},BMS Link,newtab=>), BMS Detailed View]", "f_class_color": "#6ebed6", "spans": 1.0, "span_arrangement": "31.41", "completion_year": "1985", "bridge_no": "243047920102" }, "geometry": { "type": "Point", "coordinates": [ 92.017449833333004, 24.513079833332998 ] } },
{ "type": "Feature", "properties": { "id": "9916", "sl": 13277, "map_link": "https://maps.google.com/?q=,&amp;z=8&amp;t=k", "image_popup": "8088/bms/assets/uploads/images/bridges/bridge_9916/1727284382.JPG", "bridge_name": "Scuringut Bridge", "bridge_type": "RC Girder Bridge", "road_no": "R281", "zone": "Sylhet", "circle": "Moulavi Bazar", "division": "Moulavi Bazar", "subdivision": "Kulaura", "sae": "Juri", "bridge_length_(m)": 59.4, "bridge_width_(m)": 9.5, "chainage_(km)": 25.851, "ycoord": null, "xcoord": null, "bms_inventory": "http://bms.rhd.gov.bd:8088/bms/bridges/inventory_view/9916", "bms_detail": "http://bms.rhd.gov.bd:8088/bms/bridges/inventory_view/9916", "f_class_name": "RC Girder Bridge", "keys": "[bridge_name, Bridge Name], [bridge_type,Type], [chainage_(km), Chainage (km)], [road_no, On Road], [division, Division], [subdivision, Subdivision], [bridge_length_(m), Length (m)], [bridge_width_(m), Width (m)], [spans, Span], [span_arrangement, Span Arrangement], [completion_year, Const. Year], [map_link(=>{type:link, format:weblink}, Google Map,newtab=>),Google Map View],[bms_inventory(=>{type:link, format:weblink}, BMS Link,newtab=>), BMS Inventory],[bms_detail(=>{type:link, format:weblink},BMS Link,newtab=>), BMS Detailed View]", "f_class_color": "#e8f674", "spans": 3.0, "span_arrangement": "19.99+19.84+18.95", "completion_year": "2015", "bridge_no": "243322920402" }, "geometry": null },
{ "type": "Feature", "properties": { "id": "9917", "sl": 9599, "map_link": "https://maps.google.com/?q=24.584929833333,92.09085&amp;z=8&amp;t=k", "image_popup": "8088/bms/assets/uploads/images/bridges/bridge_9917/1727285090.JPG", "bridge_name": "Maniksingho Primary School Bridge", "bridge_type": "PC Girder Bridge", "road_no": "R281", "zone": "Sylhet", "circle": "Moulavi Bazar", "division": "Moulavi Bazar", "subdivision": "Kulaura", "sae": "Juri", "bridge_length_(m)": 31.74, "bridge_width_(m)": 10.2, "chainage_(km)": 29.868, "ycoord": 24.584929833333, "xcoord": 92.09085, "bms_inventory": "http://bms.rhd.gov.bd:8088/bms/bridges/inventory_view/9917", "bms_detail": "http://bms.rhd.gov.bd:8088/bms/bridges/inventory_view/9917", "f_class_name": "PC Girder Bridge", "keys": "[bridge_name, Bridge Name], [bridge_type,Type], [chainage_(km), Chainage (km)], [road_no, On Road], [division, Division], [subdivision, Subdivision], [bridge_length_(m), Length (m)], [bridge_width_(m), Width (m)], [spans, Span], [span_arrangement, Span Arrangement], [completion_year, Const. Year], [map_link(=>{type:link, format:weblink}, Google Map,newtab=>),Google Map View],[bms_inventory(=>{type:link, format:weblink}, BMS Link,newtab=>), BMS Inventory],[bms_detail(=>{type:link, format:weblink},BMS Link,newtab=>), BMS Detailed View]", "f_class_color": "#6ebed6", "spans": 1.0, "span_arrangement": "31.2", "completion_year": "2009", "bridge_no": "243505920527" }, "geometry": { "type": "Point", "coordinates": [ 92.09085, 24.584929833333 ] } },
{ "type": "Feature", "properties": { "id": "9918", "sl": 15732, "map_link": "https://maps.google.com/?q=24.590569833333,92.0981&amp;z=8&amp;t=k", "image_popup": "8088/bms/assets/uploads/images/bridges/bridge_9918/1727285960.JPG", "bridge_name": "Vogtara Bridge", "bridge_type": "PC Girder Bridge", "road_no": "R281", "zone": "Sylhet", "circle": "Moulavi Bazar", "division": "Moulavi Bazar", "subdivision": "Kulaura", "sae": "Juri", "bridge_length_(m)": 31.43, "bridge_width_(m)": 10.3, "chainage_(km)": 30.842, "ycoord": 24.590569833332999, "xcoord": 92.0981, "bms_inventory": "http://bms.rhd.gov.bd:8088/bms/bridges/inventory_view/9918", "bms_detail": "http://bms.rhd.gov.bd:8088/bms/bridges/inventory_view/9918", "f_class_name": "PC Girder Bridge", "keys": "[bridge_name, Bridge Name], [bridge_type,Type], [chainage_(km), Chainage (km)], [road_no, On Road], [division, Division], [subdivision, Subdivision], [bridge_length_(m), Length (m)], [bridge_width_(m), Width (m)], [spans, Span], [span_arrangement, Span Arrangement], [completion_year, Const. Year], [map_link(=>{type:link, format:weblink}, Google Map,newtab=>),Google Map View],[bms_inventory(=>{type:link, format:weblink}, BMS Link,newtab=>), BMS Inventory],[bms_detail(=>{type:link, format:weblink},BMS Link,newtab=>), BMS Detailed View]", "f_class_color": "#6ebed6", "spans": 1.0, "span_arrangement": "31.03", "completion_year": "2009", "bridge_no": "243526920553" }, "geometry": { "type": "Point", "coordinates": [ 92.0981, 24.590569833332999 ] } },
{ "type": "Feature", "properties": { "id": "9919", "sl": 7243, "map_link": "https://maps.google.com/?q=24.59382,92.10836&amp;z=8&amp;t=k", "image_popup": "8088/bms/assets/uploads/images/bridges/bridge_9919/1727286693.JPG", "bridge_name": "Juri Bridge", "bridge_type": "PC Girder Bridge", "road_no": "R281", "zone": "Sylhet", "circle": "Moulavi Bazar", "division": "Moulavi Bazar", "subdivision": "Kulaura", "sae": "Juri", "bridge_length_(m)": 75.4, "bridge_width_(m)": 7.62, "chainage_(km)": 32.05, "ycoord": 24.59382, "xcoord": 92.10836, "bms_inventory": "http://bms.rhd.gov.bd:8088/bms/bridges/inventory_view/9919", "bms_detail": "http://bms.rhd.gov.bd:8088/bms/bridges/inventory_view/9919", "f_class_name": "PC Girder Bridge", "keys": "[bridge_name, Bridge Name], [bridge_type,Type], [chainage_(km), Chainage (km)], [road_no, On Road], [division, Division], [subdivision, Subdivision], [bridge_length_(m), Length (m)], [bridge_width_(m), Width (m)], [spans, Span], [span_arrangement, Span Arrangement], [completion_year, Const. Year], [map_link(=>{type:link, format:weblink}, Google Map,newtab=>),Google Map View],[bms_inventory(=>{type:link, format:weblink}, BMS Link,newtab=>), BMS Inventory],[bms_detail(=>{type:link, format:weblink},BMS Link,newtab=>), BMS Detailed View]", "f_class_color": "#6ebed6", "spans": 2.0, "span_arrangement": "37.38+37.53", "completion_year": "2009", "bridge_no": "243537920630" }, "geometry": { "type": "Point", "coordinates": [ 92.10836, 24.59382 ] } },
{ "type": "Feature", "properties": { "id": "9920", "sl": 5835, "map_link": "https://maps.google.com/?q=24.601829833333,92.12111&amp;z=8&amp;t=k", "image_popup": "8088/bms/assets/uploads/images/bridges/bridge_9920/1727289110.JPG", "bridge_name": "Goriber Dokan Bridge", "bridge_type": "PC Girder Bridge", "road_no": "R281", "zone": "Sylhet", "circle": "Moulavi Bazar", "division": "Moulavi Bazar", "subdivision": "Kulaura", "sae": "Juri", "bridge_length_(m)": 82.13, "bridge_width_(m)": 10.26, "chainage_(km)": 33.553, "ycoord": 24.601829833332999, "xcoord": 92.12111, "bms_inventory": "http://bms.rhd.gov.bd:8088/bms/bridges/inventory_view/9920", "bms_detail": "http://bms.rhd.gov.bd:8088/bms/bridges/inventory_view/9920", "f_class_name": "PC Girder Bridge", "keys": "[bridge_name, Bridge Name], [bridge_type,Type], [chainage_(km), Chainage (km)], [road_no, On Road], [division, Division], [subdivision, Subdivision], [bridge_length_(m), Length (m)], [bridge_width_(m), Width (m)], [spans, Span], [span_arrangement, Span Arrangement], [completion_year, Const. Year], [map_link(=>{type:link, format:weblink}, Google Map,newtab=>),Google Map View],[bms_inventory(=>{type:link, format:weblink}, BMS Link,newtab=>), BMS Inventory],[bms_detail(=>{type:link, format:weblink},BMS Link,newtab=>), BMS Detailed View]", "f_class_color": "#6ebed6", "spans": 3.0, "span_arrangement": "25.15+31.25+25.13", "completion_year": "2020", "bridge_no": "243606920715" }, "geometry": { "type": "Point", "coordinates": [ 92.12111, 24.601829833332999 ] } },
{ "type": "Feature", "properties": { "id": "9921", "sl": 493, "map_link": "https://maps.google.com/?q=24.616939833333,92.13692&amp;z=8&amp;t=k", "image_popup": "8088/bms/assets/uploads/images/bridges/bridge_9921/1727290025.JPG", "bridge_name": "Amtail Bridge", "bridge_type": "Mixed Types Bridge", "road_no": "R281", "zone": "Sylhet", "circle": "Moulavi Bazar", "division": "Moulavi Bazar", "subdivision": "Kulaura", "sae": "Juri", "bridge_length_(m)": 75.63, "bridge_width_(m)": 7.57, "chainage_(km)": 35.972, "ycoord": 24.616939833332999, "xcoord": 92.13692, "bms_inventory": "http://bms.rhd.gov.bd:8088/bms/bridges/inventory_view/9921", "bms_detail": "http://bms.rhd.gov.bd:8088/bms/bridges/inventory_view/9921", "f_class_name": "Mixed Types Bridge", "keys": "[bridge_name, Bridge Name], [bridge_type,Type], [chainage_(km), Chainage (km)], [road_no, On Road], [division, Division], [subdivision, Subdivision], [bridge_length_(m), Length (m)], [bridge_width_(m), Width (m)], [spans, Span], [span_arrangement, Span Arrangement], [completion_year, Const. Year], [map_link(=>{type:link, format:weblink}, Google Map,newtab=>),Google Map View],[bms_inventory(=>{type:link, format:weblink}, BMS Link,newtab=>), BMS Inventory],[bms_detail(=>{type:link, format:weblink},BMS Link,newtab=>), BMS Detailed View]", "f_class_color": "#2edb93", "spans": 3.0, "span_arrangement": "18.91+37.3+18.9", "completion_year": "1980", "bridge_no": "243700920812" }, "geometry": { "type": "Point", "coordinates": [ 92.13692, 24.616939833332999 ] } },
{ "type": "Feature", "properties": { "id": "9922", "sl": 10965, "map_link": "https://maps.google.com/?q=24.6793,92.17752&amp;z=8&amp;t=k", "image_popup": "8088/bms/assets/uploads/images/bridges/bridge_9922/1727290843.JPG", "bridge_name": "Nikueli Bridge", "bridge_type": "RC Girder Bridge", "road_no": "R281", "zone": "Sylhet", "circle": "Moulavi Bazar", "division": "Moulavi Bazar", "subdivision": "Kulaura", "sae": "Juri", "bridge_length_(m)": 31.75, "bridge_width_(m)": 10.28, "chainage_(km)": 44.391, "ycoord": 24.6793, "xcoord": 92.17752, "bms_inventory": "http://bms.rhd.gov.bd:8088/bms/bridges/inventory_view/9922", "bms_detail": "http://bms.rhd.gov.bd:8088/bms/bridges/inventory_view/9922", "f_class_name": "RC Girder Bridge", "keys": "[bridge_name, Bridge Name], [bridge_type,Type], [chainage_(km), Chainage (km)], [road_no, On Road], [division, Division], [subdivision, Subdivision], [bridge_length_(m), Length (m)], [bridge_width_(m), Width (m)], [spans, Span], [span_arrangement, Span Arrangement], [completion_year, Const. Year], [map_link(=>{type:link, format:weblink}, Google Map,newtab=>),Google Map View],[bms_inventory(=>{type:link, format:weblink}, BMS Link,newtab=>), BMS Inventory],[bms_detail(=>{type:link, format:weblink},BMS Link,newtab=>), BMS Detailed View]", "f_class_color": "#e8f674", "spans": 1.0, "span_arrangement": "31.1", "completion_year": "2010", "bridge_no": "244045921039" }, "geometry": { "type": "Point", "coordinates": [ 92.17752, 24.6793 ] } },
{ "type": "Feature", "properties": { "id": "9943", "sl": 15221, "map_link": "https://maps.google.com/?q=24.751439833333,92.21465&amp;z=8&amp;t=k", "image_popup": "8088/bms/assets/uploads/images/bridges/bridge_9943/1727457686.JPG", "bridge_name": "Tradrom Bridge-2", "bridge_type": "RC Girder Bridge", "road_no": "Z2815", "zone": "Sylhet", "circle": "Moulavi Bazar", "division": "Moulavi Bazar", "subdivision": "Kulaura", "sae": "Barlekha", "bridge_length_(m)": 7.08, "bridge_width_(m)": 6.7, "chainage_(km)": 5.176, "ycoord": 24.751439833332999, "xcoord": 92.21465, "bms_inventory": "http://bms.rhd.gov.bd:8088/bms/bridges/inventory_view/9943", "bms_detail": "http://bms.rhd.gov.bd:8088/bms/bridges/inventory_view/9943", "f_class_name": "RC Girder Bridge", "keys": "[bridge_name, Bridge Name], [bridge_type,Type], [chainage_(km), Chainage (km)], [road_no, On Road], [division, Division], [subdivision, Subdivision], [bridge_length_(m), Length (m)], [bridge_width_(m), Width (m)], [spans, Span], [span_arrangement, Span Arrangement], [completion_year, Const. Year], [map_link(=>{type:link, format:weblink}, Google Map,newtab=>),Google Map View],[bms_inventory(=>{type:link, format:weblink}, BMS Link,newtab=>), BMS Inventory],[bms_detail(=>{type:link, format:weblink},BMS Link,newtab=>), BMS Detailed View]", "f_class_color": "#e8f674", "spans": 3.0, "span_arrangement": "0.78+4.69+0.9", "completion_year": "1999", "bridge_no": "244505921252" }, "geometry": { "type": "Point", "coordinates": [ 92.21465, 24.751439833332999 ] } },
{ "type": "Feature", "properties": { "id": "9944", "sl": 14863, "map_link": "https://maps.google.com/?q=24.75277,92.215469833333&amp;z=8&amp;t=k", "image_popup": "8088/bms/assets/uploads/images/bridges/bridge_9944/1727458415.JPG", "bridge_name": "Taradrom Bridge-3", "bridge_type": "RC Girder Bridge", "road_no": "Z2815", "zone": "Sylhet", "circle": "Moulavi Bazar", "division": "Moulavi Bazar", "subdivision": "Kulaura", "sae": "Barlekha", "bridge_length_(m)": 6.86, "bridge_width_(m)": 6.7, "chainage_(km)": 5.346, "ycoord": 24.75277, "xcoord": 92.215469833333003, "bms_inventory": "http://bms.rhd.gov.bd:8088/bms/bridges/inventory_view/9944", "bms_detail": "http://bms.rhd.gov.bd:8088/bms/bridges/inventory_view/9944", "f_class_name": "RC Girder Bridge", "keys": "[bridge_name, Bridge Name], [bridge_type,Type], [chainage_(km), Chainage (km)], [road_no, On Road], [division, Division], [subdivision, Subdivision], [bridge_length_(m), Length (m)], [bridge_width_(m), Width (m)], [spans, Span], [span_arrangement, Span Arrangement], [completion_year, Const. Year], [map_link(=>{type:link, format:weblink}, Google Map,newtab=>),Google Map View],[bms_inventory(=>{type:link, format:weblink}, BMS Link,newtab=>), BMS Inventory],[bms_detail(=>{type:link, format:weblink},BMS Link,newtab=>), BMS Detailed View]", "f_class_color": "#e8f674", "spans": 3.0, "span_arrangement": "0.85+4.35+0.9", "completion_year": "1998", "bridge_no": "244509921255" }, "geometry": { "type": "Point", "coordinates": [ 92.215469833333003, 24.75277 ] } },
{ "type": "Feature", "properties": { "id": "9945", "sl": 3534, "map_link": "https://maps.google.com/?q=24.757339833333,92.21742&amp;z=8&amp;t=k", "image_popup": "8088/bms/assets/uploads/images/bridges/bridge_9945/1727460132.JPG", "bridge_name": "Chondinogor Bridge-1", "bridge_type": "RC Girder Bridge", "road_no": "Z2815", "zone": "Sylhet", "circle": "Moulavi Bazar", "division": "Moulavi Bazar", "subdivision": "Kulaura", "sae": "Barlekha", "bridge_length_(m)": 10.44, "bridge_width_(m)": 3.93, "chainage_(km)": 5.896, "ycoord": 24.757339833332999, "xcoord": 92.21742, "bms_inventory": "http://bms.rhd.gov.bd:8088/bms/bridges/inventory_view/9945", "bms_detail": "http://bms.rhd.gov.bd:8088/bms/bridges/inventory_view/9945", "f_class_name": "RC Girder Bridge", "keys": "[bridge_name, Bridge Name], [bridge_type,Type], [chainage_(km), Chainage (km)], [road_no, On Road], [division, Division], [subdivision, Subdivision], [bridge_length_(m), Length (m)], [bridge_width_(m), Width (m)], [spans, Span], [span_arrangement, Span Arrangement], [completion_year, Const. Year], [map_link(=>{type:link, format:weblink}, Google Map,newtab=>),Google Map View],[bms_inventory(=>{type:link, format:weblink}, BMS Link,newtab=>), BMS Inventory],[bms_detail(=>{type:link, format:weblink},BMS Link,newtab=>), BMS Detailed View]", "f_class_color": "#e8f674", "spans": 3.0, "span_arrangement": "1.97+5.96+1.94", "completion_year": "1998", "bridge_no": "244526921302" }, "geometry": { "type": "Point", "coordinates": [ 92.21742, 24.757339833332999 ] } },
{ "type": "Feature", "properties": { "id": "9947", "sl": 3535, "map_link": "https://maps.google.com/?q=24.76021,92.22047&amp;z=8&amp;t=k", "image_popup": "8088/bms/assets/uploads/images/bridges/bridge_9947/1727461449.JPG", "bridge_name": "Chondinogor Bridge-2", "bridge_type": "Rigid Frame Bridge", "road_no": "Z2815", "zone": "Sylhet", "circle": "Moulavi Bazar", "division": "Moulavi Bazar", "subdivision": "Kulaura", "sae": "Barlekha", "bridge_length_(m)": 24.7, "bridge_width_(m)": 3.96, "chainage_(km)": 6.366, "ycoord": 24.76021, "xcoord": 92.22047, "bms_inventory": "http://bms.rhd.gov.bd:8088/bms/bridges/inventory_view/9947", "bms_detail": "http://bms.rhd.gov.bd:8088/bms/bridges/inventory_view/9947", "f_class_name": "Rigid Frame Bridge", "keys": "[bridge_name, Bridge Name], [bridge_type,Type], [chainage_(km), Chainage (km)], [road_no, On Road], [division, Division], [subdivision, Subdivision], [bridge_length_(m), Length (m)], [bridge_width_(m), Width (m)], [spans, Span], [span_arrangement, Span Arrangement], [completion_year, Const. Year], [map_link(=>{type:link, format:weblink}, Google Map,newtab=>),Google Map View],[bms_inventory(=>{type:link, format:weblink}, BMS Link,newtab=>), BMS Inventory],[bms_detail(=>{type:link, format:weblink},BMS Link,newtab=>), BMS Detailed View]", "f_class_color": "#03e8f9", "spans": 3.0, "span_arrangement": "3.65+16.74+3.67", "completion_year": "1998", "bridge_no": "244536921313" }, "geometry": { "type": "Point", "coordinates": [ 92.22047, 24.76021 ] } },
{ "type": "Feature", "properties": { "id": "9948", "sl": 11456, "map_link": "https://maps.google.com/?q=24.765869833333,92.22588&amp;z=8&amp;t=k", "image_popup": "8088/bms/assets/uploads/images/bridges/bridge_9948/1727463770.JPG", "bridge_name": "Office Bazar Bridge", "bridge_type": "RC Girder Bridge", "road_no": "Z2815", "zone": "Sylhet", "circle": "Moulavi Bazar", "division": "Moulavi Bazar", "subdivision": "Kulaura", "sae": "Barlekha", "bridge_length_(m)": 17.52, "bridge_width_(m)": 3.96, "chainage_(km)": 7.175, "ycoord": 24.765869833332999, "xcoord": 92.22588, "bms_inventory": "http://bms.rhd.gov.bd:8088/bms/bridges/inventory_view/9948", "bms_detail": "http://bms.rhd.gov.bd:8088/bms/bridges/inventory_view/9948", "f_class_name": "RC Girder Bridge", "keys": "[bridge_name, Bridge Name], [bridge_type,Type], [chainage_(km), Chainage (km)], [road_no, On Road], [division, Division], [subdivision, Subdivision], [bridge_length_(m), Length (m)], [bridge_width_(m), Width (m)], [spans, Span], [span_arrangement, Span Arrangement], [completion_year, Const. Year], [map_link(=>{type:link, format:weblink}, Google Map,newtab=>),Google Map View],[bms_inventory(=>{type:link, format:weblink}, BMS Link,newtab=>), BMS Inventory],[bms_detail(=>{type:link, format:weblink},BMS Link,newtab=>), BMS Detailed View]", "f_class_color": "#e8f674", "spans": 3.0, "span_arrangement": "3.48+10.97+3.45", "completion_year": "1998", "bridge_no": "244557921333" }, "geometry": { "type": "Point", "coordinates": [ 92.22588, 24.765869833332999 ] } },
{ "type": "Feature", "properties": { "id": "9949", "sl": 11553, "map_link": "https://maps.google.com/?q=24.7697,92.229439833333&amp;z=8&amp;t=k", "image_popup": "8088/bms/assets/uploads/images/bridges/bridge_9949/1727464177.JPG", "bridge_name": "Pachpora Bridge-1", "bridge_type": "Small Slab Bridge", "road_no": "Z2815", "zone": "Sylhet", "circle": "Moulavi Bazar", "division": "Moulavi Bazar", "subdivision": "Kulaura", "sae": "Barlekha", "bridge_length_(m)": 1.53, "bridge_width_(m)": 6.12, "chainage_(km)": 7.725, "ycoord": 24.7697, "xcoord": 92.229439833333004, "bms_inventory": "http://bms.rhd.gov.bd:8088/bms/bridges/inventory_view/9949", "bms_detail": "http://bms.rhd.gov.bd:8088/bms/bridges/inventory_view/9949", "f_class_name": "Small Slab Bridge", "keys": "[bridge_name, Bridge Name], [bridge_type,Type], [chainage_(km), Chainage (km)], [road_no, On Road], [division, Division], [subdivision, Subdivision], [bridge_length_(m), Length (m)], [bridge_width_(m), Width (m)], [spans, Span], [span_arrangement, Span Arrangement], [completion_year, Const. Year], [map_link(=>{type:link, format:weblink}, Google Map,newtab=>),Google Map View],[bms_inventory(=>{type:link, format:weblink}, BMS Link,newtab=>), BMS Inventory],[bms_detail(=>{type:link, format:weblink},BMS Link,newtab=>), BMS Detailed View]", "f_class_color": "#13b7dd", "spans": 1.0, "span_arrangement": "0.6", "completion_year": "1998", "bridge_no": "244610921345" }, "geometry": { "type": "Point", "coordinates": [ 92.229439833333004, 24.7697 ] } },
{ "type": "Feature", "properties": { "id": "9950", "sl": 11550, "map_link": "https://maps.google.com/?q=24.771979833333,92.230959833333&amp;z=8&amp;t=k", "image_popup": "8088/bms/assets/uploads/images/bridges/bridge_9950/1727464658.JPG", "bridge_name": "Pachpara Bridge-2", "bridge_type": "RC Girder Bridge", "road_no": "Z2815", "zone": "Sylhet", "circle": "Moulavi Bazar", "division": "Moulavi Bazar", "subdivision": "Kulaura", "sae": "Barlekha", "bridge_length_(m)": 12.18, "bridge_width_(m)": 3.97, "chainage_(km)": 8.024, "ycoord": 24.771979833332999, "xcoord": 92.230959833333003, "bms_inventory": "http://bms.rhd.gov.bd:8088/bms/bridges/inventory_view/9950", "bms_detail": "http://bms.rhd.gov.bd:8088/bms/bridges/inventory_view/9950", "f_class_name": "RC Girder Bridge", "keys": "[bridge_name, Bridge Name], [bridge_type,Type], [chainage_(km), Chainage (km)], [road_no, On Road], [division, Division], [subdivision, Subdivision], [bridge_length_(m), Length (m)], [bridge_width_(m), Width (m)], [spans, Span], [span_arrangement, Span Arrangement], [completion_year, Const. Year], [map_link(=>{type:link, format:weblink}, Google Map,newtab=>),Google Map View],[bms_inventory(=>{type:link, format:weblink}, BMS Link,newtab=>), BMS Inventory],[bms_detail(=>{type:link, format:weblink},BMS Link,newtab=>), BMS Detailed View]", "f_class_color": "#e8f674", "spans": 3.0, "span_arrangement": "1.97+7.37+2.07", "completion_year": "1998", "bridge_no": "244619921351" }, "geometry": { "type": "Point", "coordinates": [ 92.230959833333003, 24.771979833332999 ] } },
{ "type": "Feature", "properties": { "id": "9966", "sl": 14661, "map_link": "https://maps.google.com/?q=24.8307,92.24428&amp;z=8&amp;t=k", "image_popup": "8088/bms/assets/uploads/images/bridges/bridge_9966/1727524060.JPG", "bridge_name": "Sunai Bridge", "bridge_type": "RC Girder Bridge", "road_no": "Z2815", "zone": "Sylhet", "circle": "Moulavi Bazar", "division": "Moulavi Bazar", "subdivision": "Kulaura", "sae": "Barlekha", "bridge_length_(m)": 100.84, "bridge_width_(m)": 4.98, "chainage_(km)": 15.624, "ycoord": 24.8307, "xcoord": 92.24428, "bms_inventory": "http://bms.rhd.gov.bd:8088/bms/bridges/inventory_view/9966", "bms_detail": "http://bms.rhd.gov.bd:8088/bms/bridges/inventory_view/9966", "f_class_name": "RC Girder Bridge", "keys": "[bridge_name, Bridge Name], [bridge_type,Type], [chainage_(km), Chainage (km)], [road_no, On Road], [division, Division], [subdivision, Subdivision], [bridge_length_(m), Length (m)], [bridge_width_(m), Width (m)], [spans, Span], [span_arrangement, Span Arrangement], [completion_year, Const. Year], [map_link(=>{type:link, format:weblink}, Google Map,newtab=>),Google Map View],[bms_inventory(=>{type:link, format:weblink}, BMS Link,newtab=>), BMS Inventory],[bms_detail(=>{type:link, format:weblink},BMS Link,newtab=>), BMS Detailed View]", "f_class_color": "#e8f674", "spans": 5.0, "span_arrangement": "19.96+20.02+20.47+18.93+20.49", "completion_year": "2018", "bridge_no": "244950921439" }, "geometry": { "type": "Point", "coordinates": [ 92.24428, 24.8307 ] } },
{ "type": "Feature", "properties": { "id": "9970", "sl": 12531, "map_link": "https://maps.google.com/?q=24.521899833333,91.871806666667&amp;z=8&amp;t=k", "image_popup": "8088/bms/assets/uploads/images/bridges/bridge_9970/1727548110.JPG", "bridge_name": "Rajnogor Bridge", "bridge_type": "RC Girder Bridge", "road_no": "Z2017", "zone": "Sylhet", "circle": "Moulavi Bazar", "division": "Moulavi Bazar", "subdivision": "Moulavi Bazar", "sae": "Rajnagar", "bridge_length_(m)": 15.4, "bridge_width_(m)": 4.13, "chainage_(km)": 0.496, "ycoord": 24.521899833332998, "xcoord": 91.871806666666998, "bms_inventory": "http://bms.rhd.gov.bd:8088/bms/bridges/inventory_view/9970", "bms_detail": "http://bms.rhd.gov.bd:8088/bms/bridges/inventory_view/9970", "f_class_name": "RC Girder Bridge", "keys": "[bridge_name, Bridge Name], [bridge_type,Type], [chainage_(km), Chainage (km)], [road_no, On Road], [division, Division], [subdivision, Subdivision], [bridge_length_(m), Length (m)], [bridge_width_(m), Width (m)], [spans, Span], [span_arrangement, Span Arrangement], [completion_year, Const. Year], [map_link(=>{type:link, format:weblink}, Google Map,newtab=>),Google Map View],[bms_inventory(=>{type:link, format:weblink}, BMS Link,newtab=>), BMS Inventory],[bms_detail(=>{type:link, format:weblink},BMS Link,newtab=>), BMS Detailed View]", "f_class_color": "#e8f674", "spans": 1.0, "span_arrangement": "14.9", "completion_year": "2000", "bridge_no": "243118915218" }, "geometry": { "type": "Point", "coordinates": [ 91.871806666666998, 24.521899833332998 ] } },
{ "type": "Feature", "properties": { "id": "9971", "sl": 11971, "map_link": "https://maps.google.com/?q=24.57888,91.84564&amp;z=8&amp;t=k", "image_popup": "8088/bms/assets/uploads/images/bridges/bridge_9971/1727548811.JPG", "bridge_name": "Pochgaon Bridge", "bridge_type": "RC Girder Bridge", "road_no": "Z2017", "zone": "Sylhet", "circle": "Moulavi Bazar", "division": "Moulavi Bazar", "subdivision": "Moulavi Bazar", "sae": "Rajnagar", "bridge_length_(m)": 31.7, "bridge_width_(m)": 4.83, "chainage_(km)": 8.036, "ycoord": 24.57888, "xcoord": 91.84564, "bms_inventory": "http://bms.rhd.gov.bd:8088/bms/bridges/inventory_view/9971", "bms_detail": "http://bms.rhd.gov.bd:8088/bms/bridges/inventory_view/9971", "f_class_name": "RC Girder Bridge", "keys": "[bridge_name, Bridge Name], [bridge_type,Type], [chainage_(km), Chainage (km)], [road_no, On Road], [division, Division], [subdivision, Subdivision], [bridge_length_(m), Length (m)], [bridge_width_(m), Width (m)], [spans, Span], [span_arrangement, Span Arrangement], [completion_year, Const. Year], [map_link(=>{type:link, format:weblink}, Google Map,newtab=>),Google Map View],[bms_inventory(=>{type:link, format:weblink}, BMS Link,newtab=>), BMS Inventory],[bms_detail(=>{type:link, format:weblink},BMS Link,newtab=>), BMS Detailed View]", "f_class_color": "#e8f674", "spans": 3.0, "span_arrangement": "9.32+12.47+9.36", "completion_year": "2000", "bridge_no": "243443915044" }, "geometry": { "type": "Point", "coordinates": [ 91.84564, 24.57888 ] } },
{ "type": "Feature", "properties": { "id": "9972", "sl": 8015, "map_link": "https://maps.google.com/?q=24.58443,91.846149833333&amp;z=8&amp;t=k", "image_popup": "8088/bms/assets/uploads/images/bridges/bridge_9972/1727549278.JPG", "bridge_name": "Keola Bridge", "bridge_type": "Small Slab Bridge", "road_no": "Z2017", "zone": "Sylhet", "circle": "Moulavi Bazar", "division": "Moulavi Bazar", "subdivision": "Moulavi Bazar", "sae": "Rajnagar", "bridge_length_(m)": 5.8, "bridge_width_(m)": 6.06, "chainage_(km)": 8.658, "ycoord": 24.58443, "xcoord": 91.846149833333001, "bms_inventory": "http://bms.rhd.gov.bd:8088/bms/bridges/inventory_view/9972", "bms_detail": "http://bms.rhd.gov.bd:8088/bms/bridges/inventory_view/9972", "f_class_name": "Small Slab Bridge", "keys": "[bridge_name, Bridge Name], [bridge_type,Type], [chainage_(km), Chainage (km)], [road_no, On Road], [division, Division], [subdivision, Subdivision], [bridge_length_(m), Length (m)], [bridge_width_(m), Width (m)], [spans, Span], [span_arrangement, Span Arrangement], [completion_year, Const. Year], [map_link(=>{type:link, format:weblink}, Google Map,newtab=>),Google Map View],[bms_inventory(=>{type:link, format:weblink}, BMS Link,newtab=>), BMS Inventory],[bms_detail(=>{type:link, format:weblink},BMS Link,newtab=>), BMS Detailed View]", "f_class_color": "#13b7dd", "spans": 1.0, "span_arrangement": "4.42", "completion_year": "2000", "bridge_no": "243503915046" }, "geometry": { "type": "Point", "coordinates": [ 91.846149833333001, 24.58443 ] } },
{ "type": "Feature", "properties": { "id": "9973", "sl": 9710, "map_link": "https://maps.google.com/?q=24.604209833333,91.815219833333&amp;z=8&amp;t=k", "image_popup": "8088/bms/assets/uploads/images/bridges/bridge_9973/1727549699.JPG", "bridge_name": "Medanimohol Bridge", "bridge_type": "Small Slab Bridge", "road_no": "Z2017", "zone": "Sylhet", "circle": "Moulavi Bazar", "division": "Moulavi Bazar", "subdivision": "Moulavi Bazar", "sae": "Rajnagar", "bridge_length_(m)": 5.32, "bridge_width_(m)": 6.01, "chainage_(km)": 10.857, "ycoord": 24.604209833333002, "xcoord": 91.815219833333003, "bms_inventory": "http://bms.rhd.gov.bd:8088/bms/bridges/inventory_view/9973", "bms_detail": "http://bms.rhd.gov.bd:8088/bms/bridges/inventory_view/9973", "f_class_name": "Small Slab Bridge", "keys": "[bridge_name, Bridge Name], [bridge_type,Type], [chainage_(km), Chainage (km)], [road_no, On Road], [division, Division], [subdivision, Subdivision], [bridge_length_(m), Length (m)], [bridge_width_(m), Width (m)], [spans, Span], [span_arrangement, Span Arrangement], [completion_year, Const. Year], [map_link(=>{type:link, format:weblink}, Google Map,newtab=>),Google Map View],[bms_inventory(=>{type:link, format:weblink}, BMS Link,newtab=>), BMS Inventory],[bms_detail(=>{type:link, format:weblink},BMS Link,newtab=>), BMS Detailed View]", "f_class_color": "#13b7dd", "spans": 1.0, "span_arrangement": "4.26", "completion_year": "2000", "bridge_no": "243615914854" }, "geometry": { "type": "Point", "coordinates": [ 91.815219833333003, 24.604209833333002 ] } },
{ "type": "Feature", "properties": { "id": "9974", "sl": 10260, "map_link": "https://maps.google.com/?q=24.628219833333,91.839677777778&amp;z=8&amp;t=k", "image_popup": "8088/bms/assets/uploads/images/bridges/bridge_9974/1727550183.JPG", "bridge_name": "Mokam Bazar Bridge", "bridge_type": "RC Girder Bridge", "road_no": "Z2017", "zone": "Sylhet", "circle": "Moulavi Bazar", "division": "Moulavi Bazar", "subdivision": "Moulavi Bazar", "sae": "Rajnagar", "bridge_length_(m)": 28.15, "bridge_width_(m)": 4.11, "chainage_(km)": 13.675, "ycoord": 24.628219833332999, "xcoord": 91.839677777777993, "bms_inventory": "http://bms.rhd.gov.bd:8088/bms/bridges/inventory_view/9974", "bms_detail": "http://bms.rhd.gov.bd:8088/bms/bridges/inventory_view/9974", "f_class_name": "RC Girder Bridge", "keys": "[bridge_name, Bridge Name], [bridge_type,Type], [chainage_(km), Chainage (km)], [road_no, On Road], [division, Division], [subdivision, Subdivision], [bridge_length_(m), Length (m)], [bridge_width_(m), Width (m)], [spans, Span], [span_arrangement, Span Arrangement], [completion_year, Const. Year], [map_link(=>{type:link, format:weblink}, Google Map,newtab=>),Google Map View],[bms_inventory(=>{type:link, format:weblink}, BMS Link,newtab=>), BMS Inventory],[bms_detail(=>{type:link, format:weblink},BMS Link,newtab=>), BMS Detailed View]", "f_class_color": "#e8f674", "spans": 3.0, "span_arrangement": "9.95+8.33+9.4", "completion_year": "1999", "bridge_no": "243741915022" }, "geometry": { "type": "Point", "coordinates": [ 91.839677777777993, 24.628219833332999 ] } },
{ "type": "Feature", "properties": { "id": "9988", "sl": 7700, "map_link": "https://maps.google.com/?q=24.783919833333,92.19659&amp;z=8&amp;t=k", "image_popup": "8088/bms/assets/uploads/images/bridges/bridge_9988/1727634914.JPG", "bridge_name": "Kanli Bridge", "bridge_type": "Mixed Types Bridge", "road_no": "Z2816", "zone": "Sylhet", "circle": "Moulavi Bazar", "division": "Moulavi Bazar", "subdivision": "Kulaura", "sae": "Barlekha", "bridge_length_(m)": 156.5, "bridge_width_(m)": 7.52, "chainage_(km)": 2.594, "ycoord": 24.783919833333002, "xcoord": 92.19659, "bms_inventory": "http://bms.rhd.gov.bd:8088/bms/bridges/inventory_view/9988", "bms_detail": "http://bms.rhd.gov.bd:8088/bms/bridges/inventory_view/9988", "f_class_name": "Mixed Types Bridge", "keys": "[bridge_name, Bridge Name], [bridge_type,Type], [chainage_(km), Chainage (km)], [road_no, On Road], [division, Division], [subdivision, Subdivision], [bridge_length_(m), Length (m)], [bridge_width_(m), Width (m)], [spans, Span], [span_arrangement, Span Arrangement], [completion_year, Const. Year], [map_link(=>{type:link, format:weblink}, Google Map,newtab=>),Google Map View],[bms_inventory(=>{type:link, format:weblink}, BMS Link,newtab=>), BMS Inventory],[bms_detail(=>{type:link, format:weblink},BMS Link,newtab=>), BMS Detailed View]", "f_class_color": "#2edb93", "spans": 5.0, "span_arrangement": "12.77+43.41+43.46+43.35+12.88", "completion_year": "2000", "bridge_no": "244702921147" }, "geometry": { "type": "Point", "coordinates": [ 92.19659, 24.783919833333002 ] } },
{ "type": "Feature", "properties": { "id": "9989", "sl": 8412, "map_link": "https://maps.google.com/?q=24.78996,92.210269833333&amp;z=8&amp;t=k", "image_popup": "8088/bms/assets/uploads/images/bridges/bridge_9989/1727692098.JPG", "bridge_name": "Kobira Bridge", "bridge_type": "RC Girder Bridge", "road_no": "Z2816", "zone": "Sylhet", "circle": "Moulavi Bazar", "division": "Moulavi Bazar", "subdivision": "Kulaura", "sae": "Barlekha", "bridge_length_(m)": 18.5, "bridge_width_(m)": 4.28, "chainage_(km)": 4.131, "ycoord": 24.78996, "xcoord": 92.210269833333001, "bms_inventory": "http://bms.rhd.gov.bd:8088/bms/bridges/inventory_view/9989", "bms_detail": "http://bms.rhd.gov.bd:8088/bms/bridges/inventory_view/9989", "f_class_name": "RC Girder Bridge", "keys": "[bridge_name, Bridge Name], [bridge_type,Type], [chainage_(km), Chainage (km)], [road_no, On Road], [division, Division], [subdivision, Subdivision], [bridge_length_(m), Length (m)], [bridge_width_(m), Width (m)], [spans, Span], [span_arrangement, Span Arrangement], [completion_year, Const. Year], [map_link(=>{type:link, format:weblink}, Google Map,newtab=>),Google Map View],[bms_inventory(=>{type:link, format:weblink}, BMS Link,newtab=>), BMS Inventory],[bms_detail(=>{type:link, format:weblink},BMS Link,newtab=>), BMS Detailed View]", "f_class_color": "#e8f674", "spans": 1.0, "span_arrangement": "17.95", "completion_year": "2000", "bridge_no": "244723921236" }, "geometry": { "type": "Point", "coordinates": [ 92.210269833333001, 24.78996 ] } },
{ "type": "Feature", "properties": { "id": "9990", "sl": 12175, "map_link": "https://maps.google.com/?q=24.79326,92.21647&amp;z=8&amp;t=k", "image_popup": "8088/bms/assets/uploads/images/bridges/bridge_9990/1727694075.JPG", "bridge_name": "Pukuria Bridge", "bridge_type": "RC Girder Bridge", "road_no": "Z2816", "zone": "Sylhet", "circle": "Moulavi Bazar", "division": "Moulavi Bazar", "subdivision": "Kulaura", "sae": "Barlekha", "bridge_length_(m)": 19.26, "bridge_width_(m)": 7.6, "chainage_(km)": 5.261, "ycoord": 24.79326, "xcoord": 92.21647, "bms_inventory": "http://bms.rhd.gov.bd:8088/bms/bridges/inventory_view/9990", "bms_detail": "http://bms.rhd.gov.bd:8088/bms/bridges/inventory_view/9990", "f_class_name": "RC Girder Bridge", "keys": "[bridge_name, Bridge Name], [bridge_type,Type], [chainage_(km), Chainage (km)], [road_no, On Road], [division, Division], [subdivision, Subdivision], [bridge_length_(m), Length (m)], [bridge_width_(m), Width (m)], [spans, Span], [span_arrangement, Span Arrangement], [completion_year, Const. Year], [map_link(=>{type:link, format:weblink}, Google Map,newtab=>),Google Map View],[bms_inventory(=>{type:link, format:weblink}, BMS Link,newtab=>), BMS Inventory],[bms_detail(=>{type:link, format:weblink},BMS Link,newtab=>), BMS Detailed View]", "f_class_color": "#e8f674", "spans": 1.0, "span_arrangement": "18.7", "completion_year": "2000", "bridge_no": "244735921259" }, "geometry": { "type": "Point", "coordinates": [ 92.21647, 24.79326 ] } },
{ "type": "Feature", "properties": { "id": "9992", "sl": 721, "map_link": "https://maps.google.com/?q=24.503699833333,91.824359833333&amp;z=8&amp;t=k", "image_popup": "8088/bms/assets/uploads/images/bridges/bridge_9992/1727696993.JPG", "bridge_name": "Asrakapon Bridge", "bridge_type": "PC Girder Bridge", "road_no": "N208", "zone": "Sylhet", "circle": "Moulavi Bazar", "division": "Moulavi Bazar", "subdivision": "Moulavi Bazar", "sae": "SAE-Moulavi Bazar-1", "bridge_length_(m)": 38.3, "bridge_width_(m)": 10.0, "chainage_(km)": 9.408, "ycoord": 24.503699833332998, "xcoord": 91.824359833333006, "bms_inventory": "http://bms.rhd.gov.bd:8088/bms/bridges/inventory_view/9992", "bms_detail": "http://bms.rhd.gov.bd:8088/bms/bridges/inventory_view/9992", "f_class_name": "PC Girder Bridge", "keys": "[bridge_name, Bridge Name], [bridge_type,Type], [chainage_(km), Chainage (km)], [road_no, On Road], [division, Division], [subdivision, Subdivision], [bridge_length_(m), Length (m)], [bridge_width_(m), Width (m)], [spans, Span], [span_arrangement, Span Arrangement], [completion_year, Const. Year], [map_link(=>{type:link, format:weblink}, Google Map,newtab=>),Google Map View],[bms_inventory(=>{type:link, format:weblink}, BMS Link,newtab=>), BMS Inventory],[bms_detail(=>{type:link, format:weblink},BMS Link,newtab=>), BMS Detailed View]", "f_class_color": "#6ebed6", "spans": 1.0, "span_arrangement": "37.7", "completion_year": "2007", "bridge_no": "243013914927" }, "geometry": { "type": "Point", "coordinates": [ 91.824359833333006, 24.503699833332998 ] } },
{ "type": "Feature", "properties": { "id": "9993", "sl": 11158, "map_link": "https://maps.google.com/?q=24.557809833333,91.882239833333&amp;z=8&amp;t=k", "image_popup": "8088/bms/assets/uploads/images/bridges/bridge_9993/1727698330.JPG", "bridge_name": "Nondiura Bridge", "bridge_type": "RC Girder Bridge", "road_no": "N208", "zone": "Sylhet", "circle": "Moulavi Bazar", "division": "Moulavi Bazar", "subdivision": "Moulavi Bazar", "sae": "Rajnagar", "bridge_length_(m)": 22.6, "bridge_width_(m)": 9.96, "chainage_(km)": 18.508, "ycoord": 24.557809833333, "xcoord": 91.882239833333003, "bms_inventory": "http://bms.rhd.gov.bd:8088/bms/bridges/inventory_view/9993", "bms_detail": "http://bms.rhd.gov.bd:8088/bms/bridges/inventory_view/9993", "f_class_name": "RC Girder Bridge", "keys": "[bridge_name, Bridge Name], [bridge_type,Type], [chainage_(km), Chainage (km)], [road_no, On Road], [division, Division], [subdivision, Subdivision], [bridge_length_(m), Length (m)], [bridge_width_(m), Width (m)], [spans, Span], [span_arrangement, Span Arrangement], [completion_year, Const. Year], [map_link(=>{type:link, format:weblink}, Google Map,newtab=>),Google Map View],[bms_inventory(=>{type:link, format:weblink}, BMS Link,newtab=>), BMS Inventory],[bms_detail(=>{type:link, format:weblink},BMS Link,newtab=>), BMS Detailed View]", "f_class_color": "#e8f674", "spans": 1.0, "span_arrangement": "22", "completion_year": "2002", "bridge_no": "243328915256" }, "geometry": { "type": "Point", "coordinates": [ 91.882239833333003, 24.557809833333 ] } },
{ "type": "Feature", "properties": { "id": "9994", "sl": 4378, "map_link": "https://maps.google.com/?q=24.61164,91.90492&amp;z=8&amp;t=k", "image_popup": "8088/bms/assets/uploads/images/bridges/bridge_9994/1727720601.JPG", "bridge_name": "Dhomai Indeshwar Bridge", "bridge_type": "RC Girder Bridge", "road_no": "N208", "zone": "Sylhet", "circle": "Moulavi Bazar", "division": "Moulavi Bazar", "subdivision": "Moulavi Bazar", "sae": "Rajnagar", "bridge_length_(m)": 42.0, "bridge_width_(m)": 9.96, "chainage_(km)": 24.968, "ycoord": 24.61164, "xcoord": 91.90492, "bms_inventory": "http://bms.rhd.gov.bd:8088/bms/bridges/inventory_view/9994", "bms_detail": "http://bms.rhd.gov.bd:8088/bms/bridges/inventory_view/9994", "f_class_name": "RC Girder Bridge", "keys": "[bridge_name, Bridge Name], [bridge_type,Type], [chainage_(km), Chainage (km)], [road_no, On Road], [division, Division], [subdivision, Subdivision], [bridge_length_(m), Length (m)], [bridge_width_(m), Width (m)], [spans, Span], [span_arrangement, Span Arrangement], [completion_year, Const. Year], [map_link(=>{type:link, format:weblink}, Google Map,newtab=>),Google Map View],[bms_inventory(=>{type:link, format:weblink}, BMS Link,newtab=>), BMS Inventory],[bms_detail(=>{type:link, format:weblink},BMS Link,newtab=>), BMS Detailed View]", "f_class_color": "#e8f674", "spans": 3.0, "span_arrangement": "15.76+12.88+12.54", "completion_year": "1987", "bridge_no": "243641915417" }, "geometry": { "type": "Point", "coordinates": [ 91.90492, 24.61164 ] } },
{ "type": "Feature", "properties": { "id": "9995", "sl": 10664, "map_link": "https://maps.google.com/?q=24.624819833333,91.908199833333&amp;z=8&amp;t=k", "image_popup": "8088/bms/assets/uploads/images/bridges/bridge_9995/1727724072.JPG", "bridge_name": "Mututpur Bridge", "bridge_type": "RC Girder Bridge", "road_no": "N208", "zone": "Sylhet", "circle": "Moulavi Bazar", "division": "Moulavi Bazar", "subdivision": "Moulavi Bazar", "sae": "Rajnagar", "bridge_length_(m)": 31.34, "bridge_width_(m)": 9.47, "chainage_(km)": 26.475, "ycoord": 24.624819833333, "xcoord": 91.908199833333001, "bms_inventory": "http://bms.rhd.gov.bd:8088/bms/bridges/inventory_view/9995", "bms_detail": "http://bms.rhd.gov.bd:8088/bms/bridges/inventory_view/9995", "f_class_name": "RC Girder Bridge", "keys": "[bridge_name, Bridge Name], [bridge_type,Type], [chainage_(km), Chainage (km)], [road_no, On Road], [division, Division], [subdivision, Subdivision], [bridge_length_(m), Length (m)], [bridge_width_(m), Width (m)], [spans, Span], [span_arrangement, Span Arrangement], [completion_year, Const. Year], [map_link(=>{type:link, format:weblink}, Google Map,newtab=>),Google Map View],[bms_inventory(=>{type:link, format:weblink}, BMS Link,newtab=>), BMS Inventory],[bms_detail(=>{type:link, format:weblink},BMS Link,newtab=>), BMS Detailed View]", "f_class_color": "#e8f674", "spans": 2.0, "span_arrangement": "15.52+15.52", "completion_year": "1987", "bridge_no": "243729915429" }, "geometry": { "type": "Point", "coordinates": [ 91.908199833333001, 24.624819833333 ] } },
{ "type": "Feature", "properties": { "id": "9996", "sl": 261, "map_link": "https://maps.google.com/?q=24.641799833333,91.91683&amp;z=8&amp;t=k", "image_popup": "8088/bms/assets/uploads/images/bridges/bridge_9996/1727782835.JPG", "bridge_name": "Akhrarghat Bridge", "bridge_type": "Mixed Types Bridge", "road_no": "N208", "zone": "Sylhet", "circle": "Moulavi Bazar", "division": "Moulavi Bazar", "subdivision": "Moulavi Bazar", "sae": "Rajnagar", "bridge_length_(m)": 29.65, "bridge_width_(m)": 9.98, "chainage_(km)": 28.962, "ycoord": 24.641799833333, "xcoord": 91.91683, "bms_inventory": "http://bms.rhd.gov.bd:8088/bms/bridges/inventory_view/9996", "bms_detail": "http://bms.rhd.gov.bd:8088/bms/bridges/inventory_view/9996", "f_class_name": "Mixed Types Bridge", "keys": "[bridge_name, Bridge Name], [bridge_type,Type], [chainage_(km), Chainage (km)], [road_no, On Road], [division, Division], [subdivision, Subdivision], [bridge_length_(m), Length (m)], [bridge_width_(m), Width (m)], [spans, Span], [span_arrangement, Span Arrangement], [completion_year, Const. Year], [map_link(=>{type:link, format:weblink}, Google Map,newtab=>),Google Map View],[bms_inventory(=>{type:link, format:weblink}, BMS Link,newtab=>), BMS Inventory],[bms_detail(=>{type:link, format:weblink},BMS Link,newtab=>), BMS Detailed View]", "f_class_color": "#2edb93", "spans": 3.0, "span_arrangement": "8.12+12.81+8.06", "completion_year": "1997", "bridge_no": "243830915500" }, "geometry": { "type": "Point", "coordinates": [ 91.91683, 24.641799833333 ] } },
{ "type": "Feature", "properties": { "id": "9997", "sl": 1170, "map_link": "https://maps.google.com/?q=24.56811,91.885999833333&amp;z=8&amp;t=k", "image_popup": "8088/bms/assets/uploads/images/bridges/bridge_9997/1727783844.JPG", "bridge_name": "Baligoon Bridge", "bridge_type": "PC Girder Bridge", "road_no": "N208", "zone": "Sylhet", "circle": "Moulavi Bazar", "division": "Moulavi Bazar", "subdivision": "Moulavi Bazar", "sae": "Rajnagar", "bridge_length_(m)": 39.07, "bridge_width_(m)": 10.0, "chainage_(km)": 19.719, "ycoord": 24.56811, "xcoord": 91.885999833333003, "bms_inventory": "http://bms.rhd.gov.bd:8088/bms/bridges/inventory_view/9997", "bms_detail": "http://bms.rhd.gov.bd:8088/bms/bridges/inventory_view/9997", "f_class_name": "PC Girder Bridge", "keys": "[bridge_name, Bridge Name], [bridge_type,Type], [chainage_(km), Chainage (km)], [road_no, On Road], [division, Division], [subdivision, Subdivision], [bridge_length_(m), Length (m)], [bridge_width_(m), Width (m)], [spans, Span], [span_arrangement, Span Arrangement], [completion_year, Const. Year], [map_link(=>{type:link, format:weblink}, Google Map,newtab=>),Google Map View],[bms_inventory(=>{type:link, format:weblink}, BMS Link,newtab=>), BMS Inventory],[bms_detail(=>{type:link, format:weblink},BMS Link,newtab=>), BMS Detailed View]", "f_class_color": "#6ebed6", "spans": 1.0, "span_arrangement": "38.72", "completion_year": "2007", "bridge_no": "243405915309" }, "geometry": { "type": "Point", "coordinates": [ 91.885999833333003, 24.56811 ] } },
{ "type": "Feature", "properties": { "id": "9998", "sl": 9341, "map_link": "https://maps.google.com/?q=24.53124,91.975089833333&amp;z=8&amp;t=k", "image_popup": "8088/bms/assets/uploads/images/bridges/bridge_9998/1727983000.JPG", "bridge_name": "Maddha Jalalbad Bridge", "bridge_type": "Small Slab Bridge", "road_no": "Z2821", "zone": "Sylhet", "circle": "Moulavi Bazar", "division": "Moulavi Bazar", "subdivision": "Kulaura", "sae": "Kulaura", "bridge_length_(m)": 2.62, "bridge_width_(m)": 7.32, "chainage_(km)": 1.642, "ycoord": 24.53124, "xcoord": 91.975089833333001, "bms_inventory": "http://bms.rhd.gov.bd:8088/bms/bridges/inventory_view/9998", "bms_detail": "http://bms.rhd.gov.bd:8088/bms/bridges/inventory_view/9998", "f_class_name": "Small Slab Bridge", "keys": "[bridge_name, Bridge Name], [bridge_type,Type], [chainage_(km), Chainage (km)], [road_no, On Road], [division, Division], [subdivision, Subdivision], [bridge_length_(m), Length (m)], [bridge_width_(m), Width (m)], [spans, Span], [span_arrangement, Span Arrangement], [completion_year, Const. Year], [map_link(=>{type:link, format:weblink}, Google Map,newtab=>),Google Map View],[bms_inventory(=>{type:link, format:weblink}, BMS Link,newtab=>), BMS Inventory],[bms_detail(=>{type:link, format:weblink},BMS Link,newtab=>), BMS Detailed View]", "f_class_color": "#13b7dd", "spans": 1.0, "span_arrangement": "1.54", "completion_year": "2015", "bridge_no": "243152915830" }, "geometry": { "type": "Point", "coordinates": [ 91.975089833333001, 24.53124 ] } },
{ "type": "Feature", "properties": { "id": "9999", "sl": 4371, "map_link": "https://maps.google.com/?q=24.77597,92.233019833333&amp;z=8&amp;t=k", "image_popup": "8088/bms/assets/uploads/images/bridges/bridge_9999/1728125650.JPG", "bridge_name": "Dholorpul Bridge", "bridge_type": "RC Girder Bridge", "road_no": "Z2815", "zone": "Sylhet", "circle": "Moulavi Bazar", "division": "Moulavi Bazar", "subdivision": "Kulaura", "sae": "Barlekha", "bridge_length_(m)": 14.03, "bridge_width_(m)": 8.51, "chainage_(km)": 8.515, "ycoord": 24.77597, "xcoord": 92.233019833333003, "bms_inventory": "http://bms.rhd.gov.bd:8088/bms/bridges/inventory_view/9999", "bms_detail": "http://bms.rhd.gov.bd:8088/bms/bridges/inventory_view/9999", "f_class_name": "RC Girder Bridge", "keys": "[bridge_name, Bridge Name], [bridge_type,Type], [chainage_(km), Chainage (km)], [road_no, On Road], [division, Division], [subdivision, Subdivision], [bridge_length_(m), Length (m)], [bridge_width_(m), Width (m)], [spans, Span], [span_arrangement, Span Arrangement], [completion_year, Const. Year], [map_link(=>{type:link, format:weblink}, Google Map,newtab=>),Google Map View],[bms_inventory(=>{type:link, format:weblink}, BMS Link,newtab=>), BMS Inventory],[bms_detail(=>{type:link, format:weblink},BMS Link,newtab=>), BMS Detailed View]", "f_class_color": "#e8f674", "spans": 1.0, "span_arrangement": "12.98", "completion_year": "1995", "bridge_no": "244633921358" }, "geometry": { "type": "Point", "coordinates": [ 92.233019833333003, 24.77597 ] } },
{ "type": "Feature", "properties": { "id": "10000", "sl": 14474, "map_link": "https://maps.google.com/?q=24.784479833333,92.23639&amp;z=8&amp;t=k", "image_popup": "8088/bms/assets/uploads/images/bridges/bridge_10000/1728126155.JPG", "bridge_name": "Sreedhorpur Bridge 1", "bridge_type": "RC Girder Bridge", "road_no": "Z2815", "zone": "Sylhet", "circle": "Moulavi Bazar", "division": "Moulavi Bazar", "subdivision": "Kulaura", "sae": "Barlekha", "bridge_length_(m)": 12.0, "bridge_width_(m)": 4.06, "chainage_(km)": 9.519, "ycoord": 24.784479833332998, "xcoord": 92.23639, "bms_inventory": "http://bms.rhd.gov.bd:8088/bms/bridges/inventory_view/10000", "bms_detail": "http://bms.rhd.gov.bd:8088/bms/bridges/inventory_view/10000", "f_class_name": "RC Girder Bridge", "keys": "[bridge_name, Bridge Name], [bridge_type,Type], [chainage_(km), Chainage (km)], [road_no, On Road], [division, Division], [subdivision, Subdivision], [bridge_length_(m), Length (m)], [bridge_width_(m), Width (m)], [spans, Span], [span_arrangement, Span Arrangement], [completion_year, Const. Year], [map_link(=>{type:link, format:weblink}, Google Map,newtab=>),Google Map View],[bms_inventory(=>{type:link, format:weblink}, BMS Link,newtab=>), BMS Inventory],[bms_detail(=>{type:link, format:weblink},BMS Link,newtab=>), BMS Detailed View]", "f_class_color": "#e8f674", "spans": 3.0, "span_arrangement": "1.93+7.56+1.98", "completion_year": "1990", "bridge_no": "244704921411" }, "geometry": { "type": "Point", "coordinates": [ 92.23639, 24.784479833332998 ] } },
{ "type": "Feature", "properties": { "id": "10002", "sl": 4328, "map_link": "https://maps.google.com/?q=25.08661,92.09273&amp;z=8&amp;t=k", "image_popup": "8088/bms/assets/uploads/images/bridges/bridge_10002/1728014263.JPG", "bridge_name": "Dharmagram Small Slab Bridge", "bridge_type": "Small Slab Bridge", "road_no": "Z2012", "zone": "Sylhet", "circle": "Sylhet", "division": "Sylhet", "subdivision": "Sylhet", "sae": "SAE-Sylhet-3", "bridge_length_(m)": 3.95, "bridge_width_(m)": 7.23, "chainage_(km)": 2.863, "ycoord": 25.08661, "xcoord": 92.09273, "bms_inventory": "http://bms.rhd.gov.bd:8088/bms/bridges/inventory_view/10002", "bms_detail": "http://bms.rhd.gov.bd:8088/bms/bridges/inventory_view/10002", "f_class_name": "Small Slab Bridge", "keys": "[bridge_name, Bridge Name], [bridge_type,Type], [chainage_(km), Chainage (km)], [road_no, On Road], [division, Division], [subdivision, Subdivision], [bridge_length_(m), Length (m)], [bridge_width_(m), Width (m)], [spans, Span], [span_arrangement, Span Arrangement], [completion_year, Const. Year], [map_link(=>{type:link, format:weblink}, Google Map,newtab=>),Google Map View],[bms_inventory(=>{type:link, format:weblink}, BMS Link,newtab=>), BMS Inventory],[bms_detail(=>{type:link, format:weblink},BMS Link,newtab=>), BMS Detailed View]", "f_class_color": "#13b7dd", "spans": 1.0, "span_arrangement": "3", "completion_year": "1980", "bridge_no": "250512920534" }, "geometry": { "type": "Point", "coordinates": [ 92.09273, 25.08661 ] } },
{ "type": "Feature", "properties": { "id": "10007", "sl": 944, "map_link": "https://maps.google.com/?q=24.584559833333,91.980419833333&amp;z=8&amp;t=k", "image_popup": "8088/bms/assets/uploads/images/bridges/bridge_10007/1728039922.JPG", "bridge_name": "Baeamehal Bridge", "bridge_type": "RC Girder Bridge", "road_no": "Z2821", "zone": "Sylhet", "circle": "Moulavi Bazar", "division": "Moulavi Bazar", "subdivision": "Kulaura", "sae": "Kulaura", "bridge_length_(m)": 15.63, "bridge_width_(m)": 6.43, "chainage_(km)": 7.675, "ycoord": 24.584559833333, "xcoord": 91.980419833333002, "bms_inventory": "http://bms.rhd.gov.bd:8088/bms/bridges/inventory_view/10007", "bms_detail": "http://bms.rhd.gov.bd:8088/bms/bridges/inventory_view/10007", "f_class_name": "RC Girder Bridge", "keys": "[bridge_name, Bridge Name], [bridge_type,Type], [chainage_(km), Chainage (km)], [road_no, On Road], [division, Division], [subdivision, Subdivision], [bridge_length_(m), Length (m)], [bridge_width_(m), Width (m)], [spans, Span], [span_arrangement, Span Arrangement], [completion_year, Const. Year], [map_link(=>{type:link, format:weblink}, Google Map,newtab=>),Google Map View],[bms_inventory(=>{type:link, format:weblink}, BMS Link,newtab=>), BMS Inventory],[bms_detail(=>{type:link, format:weblink},BMS Link,newtab=>), BMS Detailed View]", "f_class_color": "#e8f674", "spans": 1.0, "span_arrangement": "15.03", "completion_year": "2015", "bridge_no": "243504915849" }, "geometry": { "type": "Point", "coordinates": [ 91.980419833333002, 24.584559833333 ] } },
{ "type": "Feature", "properties": { "id": "10008", "sl": 15257, "map_link": "https://maps.google.com/?q=24.614809833333,91.987059833333&amp;z=8&amp;t=k", "image_popup": "8088/bms/assets/img/no_picture.png", "bridge_name": "Tulapur Bridge", "bridge_type": "RC Girder Bridge", "road_no": "Z2821", "zone": "Sylhet", "circle": "Moulavi Bazar", "division": "Moulavi Bazar", "subdivision": "Kulaura", "sae": "Kulaura", "bridge_length_(m)": 18.72, "bridge_width_(m)": 6.2, "chainage_(km)": 11.2, "ycoord": 24.614809833332998, "xcoord": 91.987059833333007, "bms_inventory": "http://bms.rhd.gov.bd:8088/bms/bridges/inventory_view/10008", "bms_detail": "http://bms.rhd.gov.bd:8088/bms/bridges/inventory_view/10008", "f_class_name": "RC Girder Bridge", "keys": "[bridge_name, Bridge Name], [bridge_type,Type], [chainage_(km), Chainage (km)], [road_no, On Road], [division, Division], [subdivision, Subdivision], [bridge_length_(m), Length (m)], [bridge_width_(m), Width (m)], [spans, Span], [span_arrangement, Span Arrangement], [completion_year, Const. Year], [map_link(=>{type:link, format:weblink}, Google Map,newtab=>),Google Map View],[bms_inventory(=>{type:link, format:weblink}, BMS Link,newtab=>), BMS Inventory],[bms_detail(=>{type:link, format:weblink},BMS Link,newtab=>), BMS Detailed View]", "f_class_color": "#e8f674", "spans": 1.0, "span_arrangement": "18.12", "completion_year": "2020", "bridge_no": "243653915913" }, "geometry": { "type": "Point", "coordinates": [ 91.987059833333007, 24.614809833332998 ] } },
{ "type": "Feature", "properties": { "id": "10009", "sl": 15626, "map_link": "https://maps.google.com/?q=24.626319833333,91.988969833333&amp;z=8&amp;t=k", "image_popup": "8088/bms/assets/uploads/images/bridges/bridge_10009/1728042281.JPG", "bridge_name": "Vatera Bazar Bridge", "bridge_type": "RC Girder Bridge", "road_no": "Z2821", "zone": "Sylhet", "circle": "Moulavi Bazar", "division": "Moulavi Bazar", "subdivision": "Kulaura", "sae": "Kulaura", "bridge_length_(m)": 18.68, "bridge_width_(m)": 6.16, "chainage_(km)": 12.5, "ycoord": 24.626319833333, "xcoord": 91.988969833333002, "bms_inventory": "http://bms.rhd.gov.bd:8088/bms/bridges/inventory_view/10009", "bms_detail": "http://bms.rhd.gov.bd:8088/bms/bridges/inventory_view/10009", "f_class_name": "RC Girder Bridge", "keys": "[bridge_name, Bridge Name], [bridge_type,Type], [chainage_(km), Chainage (km)], [road_no, On Road], [division, Division], [subdivision, Subdivision], [bridge_length_(m), Length (m)], [bridge_width_(m), Width (m)], [spans, Span], [span_arrangement, Span Arrangement], [completion_year, Const. Year], [map_link(=>{type:link, format:weblink}, Google Map,newtab=>),Google Map View],[bms_inventory(=>{type:link, format:weblink}, BMS Link,newtab=>), BMS Inventory],[bms_detail(=>{type:link, format:weblink},BMS Link,newtab=>), BMS Detailed View]", "f_class_color": "#e8f674", "spans": 1.0, "span_arrangement": "18.08", "completion_year": "2020", "bridge_no": "243734915920" }, "geometry": { "type": "Point", "coordinates": [ 91.988969833333002, 24.626319833333 ] } },
{ "type": "Feature", "properties": { "id": "10010", "sl": 2581, "map_link": "https://maps.google.com/?q=25.087389833333,92.06183&amp;z=8&amp;t=k", "image_popup": "8088/bms/assets/uploads/images/bridges/bridge_10010/1728057769.JPG", "bridge_name": "Borovanga Bridge", "bridge_type": "PC Girder Bridge", "road_no": "Z2012", "zone": "Sylhet", "circle": "Sylhet", "division": "Sylhet", "subdivision": "Sylhet", "sae": "SAE-Sylhet-3", "bridge_length_(m)": 31.2, "bridge_width_(m)": 10.2, "chainage_(km)": 6.472, "ycoord": 25.087389833332999, "xcoord": 92.06183, "bms_inventory": "http://bms.rhd.gov.bd:8088/bms/bridges/inventory_view/10010", "bms_detail": "http://bms.rhd.gov.bd:8088/bms/bridges/inventory_view/10010", "f_class_name": "PC Girder Bridge", "keys": "[bridge_name, Bridge Name], [bridge_type,Type], [chainage_(km), Chainage (km)], [road_no, On Road], [division, Division], [subdivision, Subdivision], [bridge_length_(m), Length (m)], [bridge_width_(m), Width (m)], [spans, Span], [span_arrangement, Span Arrangement], [completion_year, Const. Year], [map_link(=>{type:link, format:weblink}, Google Map,newtab=>),Google Map View],[bms_inventory(=>{type:link, format:weblink}, BMS Link,newtab=>), BMS Inventory],[bms_detail(=>{type:link, format:weblink},BMS Link,newtab=>), BMS Detailed View]", "f_class_color": "#6ebed6", "spans": 1.0, "span_arrangement": "31", "completion_year": "2021", "bridge_no": "250515920343" }, "geometry": { "type": "Point", "coordinates": [ 92.06183, 25.087389833332999 ] } },
{ "type": "Feature", "properties": { "id": "10015", "sl": 14475, "map_link": "https://maps.google.com/?q=24.786229833333,92.236901111111&amp;z=8&amp;t=k", "image_popup": "8088/bms/assets/uploads/images/bridges/bridge_10015/1728126893.JPG", "bridge_name": "Sreedhorpur Bridge 2", "bridge_type": "RC Girder Bridge", "road_no": "Z2815", "zone": "Sylhet", "circle": "Moulavi Bazar", "division": "Moulavi Bazar", "subdivision": "Kulaura", "sae": "Barlekha", "bridge_length_(m)": 12.1, "bridge_width_(m)": 4.02, "chainage_(km)": 9.72, "ycoord": 24.786229833333, "xcoord": 92.236901111110996, "bms_inventory": "http://bms.rhd.gov.bd:8088/bms/bridges/inventory_view/10015", "bms_detail": "http://bms.rhd.gov.bd:8088/bms/bridges/inventory_view/10015", "f_class_name": "RC Girder Bridge", "keys": "[bridge_name, Bridge Name], [bridge_type,Type], [chainage_(km), Chainage (km)], [road_no, On Road], [division, Division], [subdivision, Subdivision], [bridge_length_(m), Length (m)], [bridge_width_(m), Width (m)], [spans, Span], [span_arrangement, Span Arrangement], [completion_year, Const. Year], [map_link(=>{type:link, format:weblink}, Google Map,newtab=>),Google Map View],[bms_inventory(=>{type:link, format:weblink}, BMS Link,newtab=>), BMS Inventory],[bms_detail(=>{type:link, format:weblink},BMS Link,newtab=>), BMS Detailed View]", "f_class_color": "#e8f674", "spans": 3.0, "span_arrangement": "1.99+7.61+2.02", "completion_year": "1990", "bridge_no": "244710921412" }, "geometry": { "type": "Point", "coordinates": [ 92.236901111110996, 24.786229833333 ] } },
{ "type": "Feature", "properties": { "id": "10016", "sl": 7, "map_link": "https://maps.google.com/?q=25.08621,92.042519833333&amp;z=8&amp;t=k", "image_popup": "8088/bms/assets/uploads/images/bridges/bridge_10016/1728107347.JPG", "bridge_name": "10 No Paschim Alirgao Bridge", "bridge_type": "PC Girder Bridge", "road_no": "Z2012", "zone": "Sylhet", "circle": "Sylhet", "division": "Sylhet", "subdivision": "Sylhet", "sae": "SAE-Sylhet-3", "bridge_length_(m)": 34.6, "bridge_width_(m)": 9.5, "chainage_(km)": 8.545, "ycoord": 25.08621, "xcoord": 92.042519833333003, "bms_inventory": "http://bms.rhd.gov.bd:8088/bms/bridges/inventory_view/10016", "bms_detail": "http://bms.rhd.gov.bd:8088/bms/bridges/inventory_view/10016", "f_class_name": "PC Girder Bridge", "keys": "[bridge_name, Bridge Name], [bridge_type,Type], [chainage_(km), Chainage (km)], [road_no, On Road], [division, Division], [subdivision, Subdivision], [bridge_length_(m), Length (m)], [bridge_width_(m), Width (m)], [spans, Span], [span_arrangement, Span Arrangement], [completion_year, Const. Year], [map_link(=>{type:link, format:weblink}, Google Map,newtab=>),Google Map View],[bms_inventory(=>{type:link, format:weblink}, BMS Link,newtab=>), BMS Inventory],[bms_detail(=>{type:link, format:weblink},BMS Link,newtab=>), BMS Detailed View]", "f_class_color": "#6ebed6", "spans": 1.0, "span_arrangement": "33.8", "completion_year": "2019", "bridge_no": "250510920233" }, "geometry": { "type": "Point", "coordinates": [ 92.042519833333003, 25.08621 ] } },
{ "type": "Feature", "properties": { "id": "10017", "sl": 10783, "map_link": "https://maps.google.com/?q=24.79035,92.238029833333&amp;z=8&amp;t=k", "image_popup": "8088/bms/assets/uploads/images/bridges/bridge_10017/1728127403.JPG", "bridge_name": "Nandua bridge", "bridge_type": "PC Girder Bridge", "road_no": "Z2815", "zone": "Sylhet", "circle": "Moulavi Bazar", "division": "Moulavi Bazar", "subdivision": "Kulaura", "sae": "Barlekha", "bridge_length_(m)": 19.3, "bridge_width_(m)": 7.61, "chainage_(km)": 10.187, "ycoord": 24.79035, "xcoord": 92.238029833333002, "bms_inventory": "http://bms.rhd.gov.bd:8088/bms/bridges/inventory_view/10017", "bms_detail": "http://bms.rhd.gov.bd:8088/bms/bridges/inventory_view/10017", "f_class_name": "PC Girder Bridge", "keys": "[bridge_name, Bridge Name], [bridge_type,Type], [chainage_(km), Chainage (km)], [road_no, On Road], [division, Division], [subdivision, Subdivision], [bridge_length_(m), Length (m)], [bridge_width_(m), Width (m)], [spans, Span], [span_arrangement, Span Arrangement], [completion_year, Const. Year], [map_link(=>{type:link, format:weblink}, Google Map,newtab=>),Google Map View],[bms_inventory(=>{type:link, format:weblink}, BMS Link,newtab=>), BMS Inventory],[bms_detail(=>{type:link, format:weblink},BMS Link,newtab=>), BMS Detailed View]", "f_class_color": "#6ebed6", "spans": 1.0, "span_arrangement": "18.7", "completion_year": "2000", "bridge_no": "244725921416" }, "geometry": { "type": "Point", "coordinates": [ 92.238029833333002, 24.79035 ] } },
{ "type": "Feature", "properties": { "id": "10018", "sl": 4789, "map_link": "https://maps.google.com/?q=24.798259833333,92.240229833333&amp;z=8&amp;t=k", "image_popup": "8088/bms/assets/uploads/images/bridges/bridge_10018/1728127812.JPG", "bridge_name": "Dowlatpur Mosque Bridge", "bridge_type": "RC Girder Bridge", "road_no": "Z2815", "zone": "Sylhet", "circle": "Moulavi Bazar", "division": "Moulavi Bazar", "subdivision": "Kulaura", "sae": "Barlekha", "bridge_length_(m)": 6.77, "bridge_width_(m)": 6.76, "chainage_(km)": 11.087, "ycoord": 24.798259833332999, "xcoord": 92.240229833333004, "bms_inventory": "http://bms.rhd.gov.bd:8088/bms/bridges/inventory_view/10018", "bms_detail": "http://bms.rhd.gov.bd:8088/bms/bridges/inventory_view/10018", "f_class_name": "RC Girder Bridge", "keys": "[bridge_name, Bridge Name], [bridge_type,Type], [chainage_(km), Chainage (km)], [road_no, On Road], [division, Division], [subdivision, Subdivision], [bridge_length_(m), Length (m)], [bridge_width_(m), Width (m)], [spans, Span], [span_arrangement, Span Arrangement], [completion_year, Const. Year], [map_link(=>{type:link, format:weblink}, Google Map,newtab=>),Google Map View],[bms_inventory(=>{type:link, format:weblink}, BMS Link,newtab=>), BMS Inventory],[bms_detail(=>{type:link, format:weblink},BMS Link,newtab=>), BMS Detailed View]", "f_class_color": "#e8f674", "spans": 3.0, "span_arrangement": "0.93+4.64+0.92", "completion_year": "1995", "bridge_no": "244753921424" }, "geometry": { "type": "Point", "coordinates": [ 92.240229833333004, 24.798259833332999 ] } },
{ "type": "Feature", "properties": { "id": "10019", "sl": 4791, "map_link": "https://maps.google.com/?q=24.80036,92.240989833333&amp;z=8&amp;t=k", "image_popup": "8088/bms/assets/uploads/images/bridges/bridge_10019/1728128885.JPG", "bridge_name": "Dowlowtpur Bridge", "bridge_type": "RC Girder Bridge", "road_no": "Z2815", "zone": "Sylhet", "circle": "Moulavi Bazar", "division": "Moulavi Bazar", "subdivision": "Kulaura", "sae": "Barlekha", "bridge_length_(m)": 6.7, "bridge_width_(m)": 6.76, "chainage_(km)": 11.387, "ycoord": 24.80036, "xcoord": 92.240989833333003, "bms_inventory": "http://bms.rhd.gov.bd:8088/bms/bridges/inventory_view/10019", "bms_detail": "http://bms.rhd.gov.bd:8088/bms/bridges/inventory_view/10019", "f_class_name": "RC Girder Bridge", "keys": "[bridge_name, Bridge Name], [bridge_type,Type], [chainage_(km), Chainage (km)], [road_no, On Road], [division, Division], [subdivision, Subdivision], [bridge_length_(m), Length (m)], [bridge_width_(m), Width (m)], [spans, Span], [span_arrangement, Span Arrangement], [completion_year, Const. Year], [map_link(=>{type:link, format:weblink}, Google Map,newtab=>),Google Map View],[bms_inventory(=>{type:link, format:weblink}, BMS Link,newtab=>), BMS Inventory],[bms_detail(=>{type:link, format:weblink},BMS Link,newtab=>), BMS Detailed View]", "f_class_color": "#e8f674", "spans": 3.0, "span_arrangement": "1.3+3.67+1.46", "completion_year": "1978", "bridge_no": "244801921427" }, "geometry": { "type": "Point", "coordinates": [ 92.240989833333003, 24.80036 ] } },
{ "type": "Feature", "properties": { "id": "10020", "sl": 5860, "map_link": "https://maps.google.com/?q=25.086659833333,92.03843&amp;z=8&amp;t=k", "image_popup": "8088/bms/assets/uploads/images/bridges/bridge_10020/1728107772.JPG", "bridge_name": "Goseranger Bridge", "bridge_type": "PC Girder Bridge", "road_no": "Z2012", "zone": "Sylhet", "circle": "Sylhet", "division": "Sylhet", "subdivision": "Sylhet", "sae": "SAE-Sylhet-3", "bridge_length_(m)": 31.5, "bridge_width_(m)": 10.3, "chainage_(km)": 8.963, "ycoord": 25.086659833333002, "xcoord": 92.03843, "bms_inventory": "http://bms.rhd.gov.bd:8088/bms/bridges/inventory_view/10020", "bms_detail": "http://bms.rhd.gov.bd:8088/bms/bridges/inventory_view/10020", "f_class_name": "PC Girder Bridge", "keys": "[bridge_name, Bridge Name], [bridge_type,Type], [chainage_(km), Chainage (km)], [road_no, On Road], [division, Division], [subdivision, Subdivision], [bridge_length_(m), Length (m)], [bridge_width_(m), Width (m)], [spans, Span], [span_arrangement, Span Arrangement], [completion_year, Const. Year], [map_link(=>{type:link, format:weblink}, Google Map,newtab=>),Google Map View],[bms_inventory(=>{type:link, format:weblink}, BMS Link,newtab=>), BMS Inventory],[bms_detail(=>{type:link, format:weblink},BMS Link,newtab=>), BMS Detailed View]", "f_class_color": "#6ebed6", "spans": 1.0, "span_arrangement": "31", "completion_year": "2021", "bridge_no": "250512920218" }, "geometry": { "type": "Point", "coordinates": [ 92.03843, 25.086659833333002 ] } },
{ "type": "Feature", "properties": { "id": "10021", "sl": 13649, "map_link": "https://maps.google.com/?q=24.80264,92.242059833333&amp;z=8&amp;t=k", "image_popup": "8088/bms/assets/uploads/images/bridges/bridge_10021/1728108355.JPG", "bridge_name": "Shehbazpur Bazar Small Slab Bridge", "bridge_type": "Small Slab Bridge", "road_no": "Z2815", "zone": "Sylhet", "circle": "Moulavi Bazar", "division": "Moulavi Bazar", "subdivision": "Kulaura", "sae": "Barlekha", "bridge_length_(m)": 4.05, "bridge_width_(m)": 3.48, "chainage_(km)": 11.587, "ycoord": 24.80264, "xcoord": 92.242059833333002, "bms_inventory": "http://bms.rhd.gov.bd:8088/bms/bridges/inventory_view/10021", "bms_detail": "http://bms.rhd.gov.bd:8088/bms/bridges/inventory_view/10021", "f_class_name": "Small Slab Bridge", "keys": "[bridge_name, Bridge Name], [bridge_type,Type], [chainage_(km), Chainage (km)], [road_no, On Road], [division, Division], [subdivision, Subdivision], [bridge_length_(m), Length (m)], [bridge_width_(m), Width (m)], [spans, Span], [span_arrangement, Span Arrangement], [completion_year, Const. Year], [map_link(=>{type:link, format:weblink}, Google Map,newtab=>),Google Map View],[bms_inventory(=>{type:link, format:weblink}, BMS Link,newtab=>), BMS Inventory],[bms_detail(=>{type:link, format:weblink},BMS Link,newtab=>), BMS Detailed View]", "f_class_color": "#13b7dd", "spans": 1.0, "span_arrangement": "3.05", "completion_year": "1995", "bridge_no": "244809921431" }, "geometry": { "type": "Point", "coordinates": [ 92.242059833333002, 24.80264 ] } },
{ "type": "Feature", "properties": { "id": "10023", "sl": 1445, "map_link": "https://maps.google.com/?q=25.088419833333,92.02409&amp;z=8&amp;t=k", "image_popup": "8088/bms/assets/uploads/images/bridges/bridge_10023/1728109112.JPG", "bridge_name": "Barikpur Bridge", "bridge_type": "Mixed Types Bridge", "road_no": "Z2012", "zone": "Sylhet", "circle": "Sylhet", "division": "Sylhet", "subdivision": "Sylhet", "sae": "SAE-Sylhet-3", "bridge_length_(m)": 34.79, "bridge_width_(m)": 10.2, "chainage_(km)": 10.44, "ycoord": 25.088419833332999, "xcoord": 92.02409, "bms_inventory": "http://bms.rhd.gov.bd:8088/bms/bridges/inventory_view/10023", "bms_detail": "http://bms.rhd.gov.bd:8088/bms/bridges/inventory_view/10023", "f_class_name": "Mixed Types Bridge", "keys": "[bridge_name, Bridge Name], [bridge_type,Type], [chainage_(km), Chainage (km)], [road_no, On Road], [division, Division], [subdivision, Subdivision], [bridge_length_(m), Length (m)], [bridge_width_(m), Width (m)], [spans, Span], [span_arrangement, Span Arrangement], [completion_year, Const. Year], [map_link(=>{type:link, format:weblink}, Google Map,newtab=>),Google Map View],[bms_inventory(=>{type:link, format:weblink}, BMS Link,newtab=>), BMS Inventory],[bms_detail(=>{type:link, format:weblink},BMS Link,newtab=>), BMS Detailed View]", "f_class_color": "#2edb93", "spans": 3.0, "span_arrangement": "5+23.8+5", "completion_year": "2022", "bridge_no": "250518920127" }, "geometry": { "type": "Point", "coordinates": [ 92.02409, 25.088419833332999 ] } },
{ "type": "Feature", "properties": { "id": "10026", "sl": 13389, "map_link": "https://maps.google.com/?q=24.81042,92.246859833333&amp;z=8&amp;t=k", "image_popup": "8088/bms/assets/uploads/images/bridges/bridge_10026/1728111240.JPG", "bridge_name": "Shahepur Bridge", "bridge_type": "RC Girder Bridge", "road_no": "Z2815", "zone": "Sylhet", "circle": "Moulavi Bazar", "division": "Moulavi Bazar", "subdivision": "Kulaura", "sae": "Barlekha", "bridge_length_(m)": 25.77, "bridge_width_(m)": 6.89, "chainage_(km)": 12.662, "ycoord": 24.81042, "xcoord": 92.246859833333005, "bms_inventory": "http://bms.rhd.gov.bd:8088/bms/bridges/inventory_view/10026", "bms_detail": "http://bms.rhd.gov.bd:8088/bms/bridges/inventory_view/10026", "f_class_name": "RC Girder Bridge", "keys": "[bridge_name, Bridge Name], [bridge_type,Type], [chainage_(km), Chainage (km)], [road_no, On Road], [division, Division], [subdivision, Subdivision], [bridge_length_(m), Length (m)], [bridge_width_(m), Width (m)], [spans, Span], [span_arrangement, Span Arrangement], [completion_year, Const. Year], [map_link(=>{type:link, format:weblink}, Google Map,newtab=>),Google Map View],[bms_inventory(=>{type:link, format:weblink}, BMS Link,newtab=>), BMS Inventory],[bms_detail(=>{type:link, format:weblink},BMS Link,newtab=>), BMS Detailed View]", "f_class_color": "#e8f674", "spans": 1.0, "span_arrangement": "25", "completion_year": "2010", "bridge_no": "244837921448" }, "geometry": { "type": "Point", "coordinates": [ 92.246859833333005, 24.81042 ] } },
{ "type": "Feature", "properties": { "id": "10034", "sl": 768, "map_link": "https://maps.google.com/?q=24.828009833333,92.24709&amp;z=8&amp;t=k", "image_popup": "8088/bms/assets/uploads/images/bridges/bridge_10034/1728116926.JPG", "bridge_name": "Atua Bridge", "bridge_type": "RC Girder Bridge", "road_no": "Z2815", "zone": "Sylhet", "circle": "Moulavi Bazar", "division": "Moulavi Bazar", "subdivision": "Kulaura", "sae": "Barlekha", "bridge_length_(m)": 24.75, "bridge_width_(m)": 6.83, "chainage_(km)": 15.106, "ycoord": 24.828009833332999, "xcoord": 92.24709, "bms_inventory": "http://bms.rhd.gov.bd:8088/bms/bridges/inventory_view/10034", "bms_detail": "http://bms.rhd.gov.bd:8088/bms/bridges/inventory_view/10034", "f_class_name": "RC Girder Bridge", "keys": "[bridge_name, Bridge Name], [bridge_type,Type], [chainage_(km), Chainage (km)], [road_no, On Road], [division, Division], [subdivision, Subdivision], [bridge_length_(m), Length (m)], [bridge_width_(m), Width (m)], [spans, Span], [span_arrangement, Span Arrangement], [completion_year, Const. Year], [map_link(=>{type:link, format:weblink}, Google Map,newtab=>),Google Map View],[bms_inventory(=>{type:link, format:weblink}, BMS Link,newtab=>), BMS Inventory],[bms_detail(=>{type:link, format:weblink},BMS Link,newtab=>), BMS Detailed View]", "f_class_color": "#e8f674", "spans": 1.0, "span_arrangement": "24.05", "completion_year": "2020", "bridge_no": "244940921449" }, "geometry": { "type": "Point", "coordinates": [ 92.24709, 24.828009833332999 ] } },
{ "type": "Feature", "properties": { "id": "10044", "sl": 9509, "map_link": "https://maps.google.com/?q=25.035579833333,92.22149&amp;z=8&amp;t=k", "image_popup": "8088/bms/assets/uploads/images/bridges/bridge_10044/1728124555.JPG", "bridge_name": "Maligram Bridge", "bridge_type": "RC Slab Bridge", "road_no": "Z2011", "zone": "Sylhet", "circle": "Sylhet", "division": "Sylhet", "subdivision": "Sylhet", "sae": "SAE-Sylhet-3", "bridge_length_(m)": 29.2, "bridge_width_(m)": 10.26, "chainage_(km)": 12.371, "ycoord": 25.035579833332999, "xcoord": 92.22149, "bms_inventory": "http://bms.rhd.gov.bd:8088/bms/bridges/inventory_view/10044", "bms_detail": "http://bms.rhd.gov.bd:8088/bms/bridges/inventory_view/10044", "f_class_name": "RC Slab Bridge", "keys": "[bridge_name, Bridge Name], [bridge_type,Type], [chainage_(km), Chainage (km)], [road_no, On Road], [division, Division], [subdivision, Subdivision], [bridge_length_(m), Length (m)], [bridge_width_(m), Width (m)], [spans, Span], [span_arrangement, Span Arrangement], [completion_year, Const. Year], [map_link(=>{type:link, format:weblink}, Google Map,newtab=>),Google Map View],[bms_inventory(=>{type:link, format:weblink}, BMS Link,newtab=>), BMS Inventory],[bms_detail(=>{type:link, format:weblink},BMS Link,newtab=>), BMS Detailed View]", "f_class_color": "#088afa", "spans": 3.0, "span_arrangement": "8.8+8.8+8.8", "completion_year": "2021", "bridge_no": "250208921317" }, "geometry": { "type": "Point", "coordinates": [ 92.22149, 25.035579833332999 ] } },
{ "type": "Feature", "properties": { "id": "10046", "sl": 10817, "map_link": "https://maps.google.com/?q=25.034909833333,92.225449833333&amp;z=8&amp;t=k", "image_popup": "8088/bms/assets/uploads/images/bridges/bridge_10046/1728125750.JPG", "bridge_name": "Napitkhal Bridge", "bridge_type": "RC Girder Bridge", "road_no": "Z2011", "zone": "Sylhet", "circle": "Sylhet", "division": "Sylhet", "subdivision": "Sylhet", "sae": "SAE-Sylhet-3", "bridge_length_(m)": 25.3, "bridge_width_(m)": 7.4, "chainage_(km)": 12.779, "ycoord": 25.034909833333, "xcoord": 92.225449833333002, "bms_inventory": "http://bms.rhd.gov.bd:8088/bms/bridges/inventory_view/10046", "bms_detail": "http://bms.rhd.gov.bd:8088/bms/bridges/inventory_view/10046", "f_class_name": "RC Girder Bridge", "keys": "[bridge_name, Bridge Name], [bridge_type,Type], [chainage_(km), Chainage (km)], [road_no, On Road], [division, Division], [subdivision, Subdivision], [bridge_length_(m), Length (m)], [bridge_width_(m), Width (m)], [spans, Span], [span_arrangement, Span Arrangement], [completion_year, Const. Year], [map_link(=>{type:link, format:weblink}, Google Map,newtab=>),Google Map View],[bms_inventory(=>{type:link, format:weblink}, BMS Link,newtab=>), BMS Inventory],[bms_detail(=>{type:link, format:weblink},BMS Link,newtab=>), BMS Detailed View]", "f_class_color": "#e8f674", "spans": 1.0, "span_arrangement": "24.9", "completion_year": "2010", "bridge_no": "250206921332" }, "geometry": { "type": "Point", "coordinates": [ 92.225449833333002, 25.034909833333 ] } },
{ "type": "Feature", "properties": { "id": "10052", "sl": 1217, "map_link": "https://maps.google.com/?q=25.09073,91.99339&amp;z=8&amp;t=k", "image_popup": "8088/bms/assets/uploads/images/bridges/bridge_10052/1728135651.JPG", "bridge_name": "Bamkhal Bridge", "bridge_type": "RC Girder Bridge", "road_no": "Z2012", "zone": "Sylhet", "circle": "Sylhet", "division": "Sylhet", "subdivision": "Sylhet", "sae": "SAE-Sylhet-3", "bridge_length_(m)": 30.6, "bridge_width_(m)": 7.7, "chainage_(km)": 13.831, "ycoord": 25.09073, "xcoord": 91.99339, "bms_inventory": "http://bms.rhd.gov.bd:8088/bms/bridges/inventory_view/10052", "bms_detail": "http://bms.rhd.gov.bd:8088/bms/bridges/inventory_view/10052", "f_class_name": "RC Girder Bridge", "keys": "[bridge_name, Bridge Name], [bridge_type,Type], [chainage_(km), Chainage (km)], [road_no, On Road], [division, Division], [subdivision, Subdivision], [bridge_length_(m), Length (m)], [bridge_width_(m), Width (m)], [spans, Span], [span_arrangement, Span Arrangement], [completion_year, Const. Year], [map_link(=>{type:link, format:weblink}, Google Map,newtab=>),Google Map View],[bms_inventory(=>{type:link, format:weblink}, BMS Link,newtab=>), BMS Inventory],[bms_detail(=>{type:link, format:weblink},BMS Link,newtab=>), BMS Detailed View]", "f_class_color": "#e8f674", "spans": 2.0, "span_arrangement": "15+15", "completion_year": "2002", "bridge_no": "250527915936" }, "geometry": { "type": "Point", "coordinates": [ 91.99339, 25.09073 ] } },
{ "type": "Feature", "properties": { "id": "10054", "sl": 1218, "map_link": "https://maps.google.com/?q=25.09044,91.99133&amp;z=8&amp;t=k", "image_popup": "8088/bms/assets/uploads/images/bridges/bridge_10054/1728328730.JPG", "bridge_name": "Bamkhal Bridge 2", "bridge_type": "RC Girder Bridge", "road_no": "Z2012", "zone": "Sylhet", "circle": "Sylhet", "division": "Sylhet", "subdivision": "Sylhet", "sae": "SAE-Sylhet-3", "bridge_length_(m)": 18.9, "bridge_width_(m)": 7.6, "chainage_(km)": 14.036, "ycoord": 25.09044, "xcoord": 91.99133, "bms_inventory": "http://bms.rhd.gov.bd:8088/bms/bridges/inventory_view/10054", "bms_detail": "http://bms.rhd.gov.bd:8088/bms/bridges/inventory_view/10054", "f_class_name": "RC Girder Bridge", "keys": "[bridge_name, Bridge Name], [bridge_type,Type], [chainage_(km), Chainage (km)], [road_no, On Road], [division, Division], [subdivision, Subdivision], [bridge_length_(m), Length (m)], [bridge_width_(m), Width (m)], [spans, Span], [span_arrangement, Span Arrangement], [completion_year, Const. Year], [map_link(=>{type:link, format:weblink}, Google Map,newtab=>),Google Map View],[bms_inventory(=>{type:link, format:weblink}, BMS Link,newtab=>), BMS Inventory],[bms_detail(=>{type:link, format:weblink},BMS Link,newtab=>), BMS Detailed View]", "f_class_color": "#e8f674", "spans": 1.0, "span_arrangement": "18.35", "completion_year": "1995", "bridge_no": "250526915929" }, "geometry": { "type": "Point", "coordinates": [ 91.99133, 25.09044 ] } },
{ "type": "Feature", "properties": { "id": "10057", "sl": 5597, "map_link": "https://maps.google.com/?q=25.088969833333,91.982799833333&amp;z=8&amp;t=k", "image_popup": "8088/bms/assets/uploads/images/bridges/bridge_10057/1728150149.JPG", "bridge_name": "Goainghat Bridge", "bridge_type": "PC Girder Bridge", "road_no": "Z2012", "zone": "Sylhet", "circle": "Sylhet", "division": "Sylhet", "subdivision": "Sylhet", "sae": "SAE-Sylhet-3", "bridge_length_(m)": 304.4, "bridge_width_(m)": 9.5, "chainage_(km)": 14.942, "ycoord": 25.088969833333, "xcoord": 91.982799833333004, "bms_inventory": "http://bms.rhd.gov.bd:8088/bms/bridges/inventory_view/10057", "bms_detail": "http://bms.rhd.gov.bd:8088/bms/bridges/inventory_view/10057", "f_class_name": "PC Girder Bridge", "keys": "[bridge_name, Bridge Name], [bridge_type,Type], [chainage_(km), Chainage (km)], [road_no, On Road], [division, Division], [subdivision, Subdivision], [bridge_length_(m), Length (m)], [bridge_width_(m), Width (m)], [spans, Span], [span_arrangement, Span Arrangement], [completion_year, Const. Year], [map_link(=>{type:link, format:weblink}, Google Map,newtab=>),Google Map View],[bms_inventory(=>{type:link, format:weblink}, BMS Link,newtab=>), BMS Inventory],[bms_detail(=>{type:link, format:weblink},BMS Link,newtab=>), BMS Detailed View]", "f_class_color": "#6ebed6", "spans": 7.0, "span_arrangement": "43.5+43.3+43.5+43.4+43.4+43.3+43.4", "completion_year": "2009", "bridge_no": "250520915858" }, "geometry": { "type": "Point", "coordinates": [ 91.982799833333004, 25.088969833333 ] } },
{ "type": "Feature", "properties": { "id": "10074", "sl": 1437, "map_link": "https://maps.google.com/?q=25.028949833333,92.242559833333&amp;z=8&amp;t=k", "image_popup": "8088/bms/assets/uploads/images/bridges/bridge_10074/1728315316.JPG", "bridge_name": "Barhal Bridge", "bridge_type": "Mixed Types Bridge", "road_no": "Z2011", "zone": "Sylhet", "circle": "Sylhet", "division": "Sylhet", "subdivision": "Sylhet", "sae": "SAE-Sylhet-3", "bridge_length_(m)": 57.6, "bridge_width_(m)": 10.2, "chainage_(km)": 14.637, "ycoord": 25.028949833333002, "xcoord": 92.242559833333004, "bms_inventory": "http://bms.rhd.gov.bd:8088/bms/bridges/inventory_view/10074", "bms_detail": "http://bms.rhd.gov.bd:8088/bms/bridges/inventory_view/10074", "f_class_name": "Mixed Types Bridge", "keys": "[bridge_name, Bridge Name], [bridge_type,Type], [chainage_(km), Chainage (km)], [road_no, On Road], [division, Division], [subdivision, Subdivision], [bridge_length_(m), Length (m)], [bridge_width_(m), Width (m)], [spans, Span], [span_arrangement, Span Arrangement], [completion_year, Const. Year], [map_link(=>{type:link, format:weblink}, Google Map,newtab=>),Google Map View],[bms_inventory(=>{type:link, format:weblink}, BMS Link,newtab=>), BMS Inventory],[bms_detail(=>{type:link, format:weblink},BMS Link,newtab=>), BMS Detailed View]", "f_class_color": "#2edb93", "spans": 3.0, "span_arrangement": "16+25+16.4", "completion_year": "2013", "bridge_no": "250144921433" }, "geometry": { "type": "Point", "coordinates": [ 92.242559833333004, 25.028949833333002 ] } },
{ "type": "Feature", "properties": { "id": "10075", "sl": 11087, "map_link": "https://maps.google.com/?q=25.027339833333,92.246059833333&amp;z=8&amp;t=k", "image_popup": "8088/bms/assets/uploads/images/bridges/bridge_10075/1728315900.jpg", "bridge_name": "Nogla Bridge", "bridge_type": "PC Girder Bridge", "road_no": "Z2011", "zone": "Sylhet", "circle": "Sylhet", "division": "Sylhet", "subdivision": "Sylhet", "sae": "SAE-Sylhet-3", "bridge_length_(m)": 44.1, "bridge_width_(m)": 9.5, "chainage_(km)": 15.061, "ycoord": 25.027339833332999, "xcoord": 92.246059833333007, "bms_inventory": "http://bms.rhd.gov.bd:8088/bms/bridges/inventory_view/10075", "bms_detail": "http://bms.rhd.gov.bd:8088/bms/bridges/inventory_view/10075", "f_class_name": "PC Girder Bridge", "keys": "[bridge_name, Bridge Name], [bridge_type,Type], [chainage_(km), Chainage (km)], [road_no, On Road], [division, Division], [subdivision, Subdivision], [bridge_length_(m), Length (m)], [bridge_width_(m), Width (m)], [spans, Span], [span_arrangement, Span Arrangement], [completion_year, Const. Year], [map_link(=>{type:link, format:weblink}, Google Map,newtab=>),Google Map View],[bms_inventory(=>{type:link, format:weblink}, BMS Link,newtab=>), BMS Inventory],[bms_detail(=>{type:link, format:weblink},BMS Link,newtab=>), BMS Detailed View]", "f_class_color": "#6ebed6", "spans": 1.0, "span_arrangement": "43.5", "completion_year": "2013", "bridge_no": "250138921446" }, "geometry": { "type": "Point", "coordinates": [ 92.246059833333007, 25.027339833332999 ] } },
{ "type": "Feature", "properties": { "id": "10077", "sl": 9373, "map_link": "https://maps.google.com/?q=25.025349833333,92.24696&amp;z=8&amp;t=k", "image_popup": "8088/bms/assets/uploads/images/bridges/bridge_10077/1728316825.jpg", "bridge_name": "Mager Vanga Bridge", "bridge_type": "PC Girder Bridge", "road_no": "Z2011", "zone": "Sylhet", "circle": "Sylhet", "division": "Sylhet", "subdivision": "Sylhet", "sae": "SAE-Sylhet-3", "bridge_length_(m)": 33.9, "bridge_width_(m)": 10.3, "chainage_(km)": 15.3, "ycoord": 25.025349833332999, "xcoord": 92.24696, "bms_inventory": "http://bms.rhd.gov.bd:8088/bms/bridges/inventory_view/10077", "bms_detail": "http://bms.rhd.gov.bd:8088/bms/bridges/inventory_view/10077", "f_class_name": "PC Girder Bridge", "keys": "[bridge_name, Bridge Name], [bridge_type,Type], [chainage_(km), Chainage (km)], [road_no, On Road], [division, Division], [subdivision, Subdivision], [bridge_length_(m), Length (m)], [bridge_width_(m), Width (m)], [spans, Span], [span_arrangement, Span Arrangement], [completion_year, Const. Year], [map_link(=>{type:link, format:weblink}, Google Map,newtab=>),Google Map View],[bms_inventory(=>{type:link, format:weblink}, BMS Link,newtab=>), BMS Inventory],[bms_detail(=>{type:link, format:weblink},BMS Link,newtab=>), BMS Detailed View]", "f_class_color": "#6ebed6", "spans": 1.0, "span_arrangement": "33.3", "completion_year": "2021", "bridge_no": "250131921449" }, "geometry": { "type": "Point", "coordinates": [ 92.24696, 25.025349833332999 ] } },
{ "type": "Feature", "properties": { "id": "10078", "sl": 897, "map_link": "https://maps.google.com/?q=24.948129833333,91.80064&amp;z=8&amp;t=k", "image_popup": "8088/bms/assets/uploads/images/bridges/bridge_10078/1728317200.JPG", "bridge_name": "Badaghat Bridge", "bridge_type": "PC Girder Bridge", "road_no": "Z2818", "zone": "Sylhet", "circle": "Sylhet", "division": "Sylhet", "subdivision": "Sylhet", "sae": "Sylhet-2", "bridge_length_(m)": 217.0, "bridge_width_(m)": 9.5, "chainage_(km)": 0.355, "ycoord": 24.948129833332999, "xcoord": 91.80064, "bms_inventory": "http://bms.rhd.gov.bd:8088/bms/bridges/inventory_view/10078", "bms_detail": "http://bms.rhd.gov.bd:8088/bms/bridges/inventory_view/10078", "f_class_name": "PC Girder Bridge", "keys": "[bridge_name, Bridge Name], [bridge_type,Type], [chainage_(km), Chainage (km)], [road_no, On Road], [division, Division], [subdivision, Subdivision], [bridge_length_(m), Length (m)], [bridge_width_(m), Width (m)], [spans, Span], [span_arrangement, Span Arrangement], [completion_year, Const. Year], [map_link(=>{type:link, format:weblink}, Google Map,newtab=>),Google Map View],[bms_inventory(=>{type:link, format:weblink}, BMS Link,newtab=>), BMS Inventory],[bms_detail(=>{type:link, format:weblink},BMS Link,newtab=>), BMS Detailed View]", "f_class_color": "#6ebed6", "spans": 5.0, "span_arrangement": "43.3+43.4+43.4+43.35+43.35", "completion_year": "2010", "bridge_no": "2456539148021" }, "geometry": { "type": "Point", "coordinates": [ 91.80064, 24.948129833332999 ] } },
{ "type": "Feature", "properties": { "id": "10079", "sl": 1690, "map_link": "https://maps.google.com/?q=25.02139,92.248959833333&amp;z=8&amp;t=k", "image_popup": "8088/bms/assets/uploads/images/bridges/bridge_10079/1728317598.jpg", "bridge_name": "Behoshpur Bridge", "bridge_type": "PC Girder Bridge", "road_no": "Z2011", "zone": "Sylhet", "circle": "Sylhet", "division": "Sylhet", "subdivision": "Sylhet", "sae": "SAE-Sylhet-3", "bridge_length_(m)": 43.8, "bridge_width_(m)": 10.2, "chainage_(km)": 15.783, "ycoord": 25.02139, "xcoord": 92.248959833333004, "bms_inventory": "http://bms.rhd.gov.bd:8088/bms/bridges/inventory_view/10079", "bms_detail": "http://bms.rhd.gov.bd:8088/bms/bridges/inventory_view/10079", "f_class_name": "PC Girder Bridge", "keys": "[bridge_name, Bridge Name], [bridge_type,Type], [chainage_(km), Chainage (km)], [road_no, On Road], [division, Division], [subdivision, Subdivision], [bridge_length_(m), Length (m)], [bridge_width_(m), Width (m)], [spans, Span], [span_arrangement, Span Arrangement], [completion_year, Const. Year], [map_link(=>{type:link, format:weblink}, Google Map,newtab=>),Google Map View],[bms_inventory(=>{type:link, format:weblink}, BMS Link,newtab=>), BMS Inventory],[bms_detail(=>{type:link, format:weblink},BMS Link,newtab=>), BMS Detailed View]", "f_class_color": "#6ebed6", "spans": 1.0, "span_arrangement": "43.2", "completion_year": "2021", "bridge_no": "250117921456" }, "geometry": { "type": "Point", "coordinates": [ 92.248959833333004, 25.02139 ] } },
{ "type": "Feature", "properties": { "id": "10096", "sl": 2857, "map_link": "https://maps.google.com/?q=24.888889833333,91.943669833333&amp;z=8&amp;t=k", "image_popup": "8088/bms/assets/uploads/images/bridges/bridge_10096/1728326353.jpg", "bridge_name": "Cantonment Bridge", "bridge_type": "RC Girder Bridge", "road_no": "N210", "zone": "Sylhet", "circle": "Sylhet", "division": "Sylhet", "subdivision": "Biswanath", "sae": "SAE-Biswanath-2", "bridge_length_(m)": 45.5, "bridge_width_(m)": 10.15, "chainage_(km)": 3.111, "ycoord": 24.888889833333, "xcoord": 91.943669833333004, "bms_inventory": "http://bms.rhd.gov.bd:8088/bms/bridges/inventory_view/10096", "bms_detail": "http://bms.rhd.gov.bd:8088/bms/bridges/inventory_view/10096", "f_class_name": "RC Girder Bridge", "keys": "[bridge_name, Bridge Name], [bridge_type,Type], [chainage_(km), Chainage (km)], [road_no, On Road], [division, Division], [subdivision, Subdivision], [bridge_length_(m), Length (m)], [bridge_width_(m), Width (m)], [spans, Span], [span_arrangement, Span Arrangement], [completion_year, Const. Year], [map_link(=>{type:link, format:weblink}, Google Map,newtab=>),Google Map View],[bms_inventory(=>{type:link, format:weblink}, BMS Link,newtab=>), BMS Inventory],[bms_detail(=>{type:link, format:weblink},BMS Link,newtab=>), BMS Detailed View]", "f_class_color": "#e8f674", "spans": 3.0, "span_arrangement": "15+15+15", "completion_year": "2006", "bridge_no": "245320915637" }, "geometry": { "type": "Point", "coordinates": [ 91.943669833333004, 24.888889833333 ] } },
{ "type": "Feature", "properties": { "id": "10109", "sl": 3068, "map_link": "https://maps.google.com/?q=24.770189833333,92.157989833333&amp;z=8&amp;t=k", "image_popup": "8088/bms/assets/uploads/images/bridges/bridge_10109/1728386648.JPG", "bridge_name": "Chandgram Bridge", "bridge_type": "Mixed Types Bridge", "road_no": "R281", "zone": "Sylhet", "circle": "Moulavi Bazar", "division": "Moulavi Bazar", "subdivision": "Kulaura", "sae": "Juri", "bridge_length_(m)": 91.53, "bridge_width_(m)": 10.01, "chainage_(km)": 57.318, "ycoord": 24.770189833332999, "xcoord": 92.157989833333005, "bms_inventory": "http://bms.rhd.gov.bd:8088/bms/bridges/inventory_view/10109", "bms_detail": "http://bms.rhd.gov.bd:8088/bms/bridges/inventory_view/10109", "f_class_name": "Mixed Types Bridge", "keys": "[bridge_name, Bridge Name], [bridge_type,Type], [chainage_(km), Chainage (km)], [road_no, On Road], [division, Division], [subdivision, Subdivision], [bridge_length_(m), Length (m)], [bridge_width_(m), Width (m)], [spans, Span], [span_arrangement, Span Arrangement], [completion_year, Const. Year], [map_link(=>{type:link, format:weblink}, Google Map,newtab=>),Google Map View],[bms_inventory(=>{type:link, format:weblink}, BMS Link,newtab=>), BMS Inventory],[bms_detail(=>{type:link, format:weblink},BMS Link,newtab=>), BMS Detailed View]", "f_class_color": "#2edb93", "spans": 4.0, "span_arrangement": "15.7+15.84+43.4+16.08", "completion_year": "1994", "bridge_no": "244612920928" }, "geometry": { "type": "Point", "coordinates": [ 92.157989833333005, 24.770189833332999 ] } },
{ "type": "Feature", "properties": { "id": "10110", "sl": 14783, "map_link": "https://maps.google.com/?q=24.7249,92.16826&amp;z=8&amp;t=k", "image_popup": "8088/bms/assets/uploads/images/bridges/bridge_10110/1728387646.JPG", "bridge_name": "Talimpur Bridge", "bridge_type": "PC Girder Bridge", "road_no": "R281", "zone": "Sylhet", "circle": "Moulavi Bazar", "division": "Moulavi Bazar", "subdivision": "Kulaura", "sae": "Juri", "bridge_length_(m)": 44.35, "bridge_width_(m)": 9.45, "chainage_(km)": 51.442, "ycoord": 24.7249, "xcoord": 92.16826, "bms_inventory": "http://bms.rhd.gov.bd:8088/bms/bridges/inventory_view/10110", "bms_detail": "http://bms.rhd.gov.bd:8088/bms/bridges/inventory_view/10110", "f_class_name": "PC Girder Bridge", "keys": "[bridge_name, Bridge Name], [bridge_type,Type], [chainage_(km), Chainage (km)], [road_no, On Road], [division, Division], [subdivision, Subdivision], [bridge_length_(m), Length (m)], [bridge_width_(m), Width (m)], [spans, Span], [span_arrangement, Span Arrangement], [completion_year, Const. Year], [map_link(=>{type:link, format:weblink}, Google Map,newtab=>),Google Map View],[bms_inventory(=>{type:link, format:weblink}, BMS Link,newtab=>), BMS Inventory],[bms_detail(=>{type:link, format:weblink},BMS Link,newtab=>), BMS Detailed View]", "f_class_color": "#6ebed6", "spans": 1.0, "span_arrangement": "43.6", "completion_year": "1999", "bridge_no": "244329921005" }, "geometry": { "type": "Point", "coordinates": [ 92.16826, 24.7249 ] } },
{ "type": "Feature", "properties": { "id": "10159", "sl": 2792, "map_link": "https://maps.google.com/?q=25.07495,91.74043&amp;z=8&amp;t=k", "image_popup": "8088/bms/assets/uploads/images/bridges/bridge_10159/1728574410.JPG", "bridge_name": "Buridohor Bridge", "bridge_type": "PC Girder Bridge", "road_no": "Z2810", "zone": "Sylhet", "circle": "Sylhet", "division": "Sylhet", "subdivision": "Sylhet", "sae": "Sylhet-2", "bridge_length_(m)": 94.7, "bridge_width_(m)": 7.6, "chainage_(km)": 1.842, "ycoord": 25.07495, "xcoord": 91.74043, "bms_inventory": "http://bms.rhd.gov.bd:8088/bms/bridges/inventory_view/10159", "bms_detail": "http://bms.rhd.gov.bd:8088/bms/bridges/inventory_view/10159", "f_class_name": "PC Girder Bridge", "keys": "[bridge_name, Bridge Name], [bridge_type,Type], [chainage_(km), Chainage (km)], [road_no, On Road], [division, Division], [subdivision, Subdivision], [bridge_length_(m), Length (m)], [bridge_width_(m), Width (m)], [spans, Span], [span_arrangement, Span Arrangement], [completion_year, Const. Year], [map_link(=>{type:link, format:weblink}, Google Map,newtab=>),Google Map View],[bms_inventory(=>{type:link, format:weblink}, BMS Link,newtab=>), BMS Inventory],[bms_detail(=>{type:link, format:weblink},BMS Link,newtab=>), BMS Detailed View]", "f_class_color": "#6ebed6", "spans": 3.0, "span_arrangement": "31.2+31.4+31.1", "completion_year": "2005", "bridge_no": "250430914426" }, "geometry": { "type": "Point", "coordinates": [ 91.74043, 25.07495 ] } },
{ "type": "Feature", "properties": { "id": "10174", "sl": 6328, "map_link": "https://maps.google.com/?q=24.867319833333,91.930509833333&amp;z=8&amp;t=k", "image_popup": "8088/bms/assets/uploads/images/bridges/bridge_10174/1728586979.JPG", "bridge_name": "Hazrat Shahporan Bridge", "bridge_type": "PC Girder Bridge", "road_no": "N210", "zone": "Sylhet", "circle": "Sylhet", "division": "Sylhet", "subdivision": "Biswanath", "sae": "SAE-Biswanath-2", "bridge_length_(m)": 393.0, "bridge_width_(m)": 13.9, "chainage_(km)": 5.922, "ycoord": 24.867319833332999, "xcoord": 91.930509833333005, "bms_inventory": "http://bms.rhd.gov.bd:8088/bms/bridges/inventory_view/10174", "bms_detail": "http://bms.rhd.gov.bd:8088/bms/bridges/inventory_view/10174", "f_class_name": "PC Girder Bridge", "keys": "[bridge_name, Bridge Name], [bridge_type,Type], [chainage_(km), Chainage (km)], [road_no, On Road], [division, Division], [subdivision, Subdivision], [bridge_length_(m), Length (m)], [bridge_width_(m), Width (m)], [spans, Span], [span_arrangement, Span Arrangement], [completion_year, Const. Year], [map_link(=>{type:link, format:weblink}, Google Map,newtab=>),Google Map View],[bms_inventory(=>{type:link, format:weblink}, BMS Link,newtab=>), BMS Inventory],[bms_detail(=>{type:link, format:weblink},BMS Link,newtab=>), BMS Detailed View]", "f_class_color": "#6ebed6", "spans": 9.0, "span_arrangement": "43.3+43.5+43.4+43.5+43.5+43.5+43.5+43.45+43.4", "completion_year": "2003", "bridge_no": "245202915550" }, "geometry": { "type": "Point", "coordinates": [ 91.930509833333005, 24.867319833332999 ] } },
{ "type": "Feature", "properties": { "id": "10180", "sl": 3762, "map_link": "https://maps.google.com/?q=24.50034,92.020619833333&amp;z=8&amp;t=k", "image_popup": "8088/bms/assets/uploads/images/bridges/bridge_10180/1728630252.JPG", "bridge_name": "Chowdhuri Bazar Bridge", "bridge_type": "RC Girder Bridge", "road_no": "Z2822", "zone": "Sylhet", "circle": "Moulavi Bazar", "division": "Moulavi Bazar", "subdivision": "Moulavi Bazar", "sae": "SAE-Moulavi Bazar-1", "bridge_length_(m)": 23.1, "bridge_width_(m)": 4.8, "chainage_(km)": 1.66, "ycoord": 24.50034, "xcoord": 92.020619833333001, "bms_inventory": "http://bms.rhd.gov.bd:8088/bms/bridges/inventory_view/10180", "bms_detail": "http://bms.rhd.gov.bd:8088/bms/bridges/inventory_view/10180", "f_class_name": "RC Girder Bridge", "keys": "[bridge_name, Bridge Name], [bridge_type,Type], [chainage_(km), Chainage (km)], [road_no, On Road], [division, Division], [subdivision, Subdivision], [bridge_length_(m), Length (m)], [bridge_width_(m), Width (m)], [spans, Span], [span_arrangement, Span Arrangement], [completion_year, Const. Year], [map_link(=>{type:link, format:weblink}, Google Map,newtab=>),Google Map View],[bms_inventory(=>{type:link, format:weblink}, BMS Link,newtab=>), BMS Inventory],[bms_detail(=>{type:link, format:weblink},BMS Link,newtab=>), BMS Detailed View]", "f_class_color": "#e8f674", "spans": 2.0, "span_arrangement": "11.4+11.4", "completion_year": "1995", "bridge_no": "243001910114" }, "geometry": { "type": "Point", "coordinates": [ 92.02061983, 24.50034 ] } },
{ "type": "Feature", "properties": { "id": "10194", "sl": 7127, "map_link": "https://maps.google.com/?q=24.906839833333,92.152979833333&amp;z=8&amp;t=k", "image_popup": "8088/bms/assets/uploads/images/bridges/bridge_10194/1728643199.JPG", "bridge_name": "Jotor pur Bridge", "bridge_type": "RC Girder Bridge", "road_no": "R250", "zone": "Sylhet", "circle": "Sylhet", "division": "Sylhet", "subdivision": "Golapganj", "sae": "SAE-Golapganj-3", "bridge_length_(m)": 16.45, "bridge_width_(m)": 10.08, "chainage_(km)": 32.542, "ycoord": 24.906839833332999, "xcoord": 92.152979833333006, "bms_inventory": "http://bms.rhd.gov.bd:8088/bms/bridges/inventory_view/10194", "bms_detail": "http://bms.rhd.gov.bd:8088/bms/bridges/inventory_view/10194", "f_class_name": "RC Girder Bridge", "keys": "[bridge_name, Bridge Name], [bridge_type,Type], [chainage_(km), Chainage (km)], [road_no, On Road], [division, Division], [subdivision, Subdivision], [bridge_length_(m), Length (m)], [bridge_width_(m), Width (m)], [spans, Span], [span_arrangement, Span Arrangement], [completion_year, Const. Year], [map_link(=>{type:link, format:weblink}, Google Map,newtab=>),Google Map View],[bms_inventory(=>{type:link, format:weblink}, BMS Link,newtab=>), BMS Inventory],[bms_detail(=>{type:link, format:weblink},BMS Link,newtab=>), BMS Detailed View]", "f_class_color": "#e8f674", "spans": 1.0, "span_arrangement": "15.74", "completion_year": "1990", "bridge_no": "245424920910" }, "geometry": { "type": "Point", "coordinates": [ 92.152979833333006, 24.906839833332999 ] } },
{ "type": "Feature", "properties": { "id": "10195", "sl": 7952, "map_link": "https://maps.google.com/?q=24.91141,92.157129833333&amp;z=8&amp;t=k", "image_popup": "8088/bms/assets/uploads/images/bridges/bridge_10195/1728643781.JPG", "bridge_name": "Katli Pul Bridge", "bridge_type": "PC Girder Bridge", "road_no": "R250", "zone": "Sylhet", "circle": "Sylhet", "division": "Sylhet", "subdivision": "Golapganj", "sae": "SAE-Golapganj-3", "bridge_length_(m)": 25.77, "bridge_width_(m)": 10.3, "chainage_(km)": 33.197, "ycoord": 24.91141, "xcoord": 92.157129833333002, "bms_inventory": "http://bms.rhd.gov.bd:8088/bms/bridges/inventory_view/10195", "bms_detail": "http://bms.rhd.gov.bd:8088/bms/bridges/inventory_view/10195", "f_class_name": "PC Girder Bridge", "keys": "[bridge_name, Bridge Name], [bridge_type,Type], [chainage_(km), Chainage (km)], [road_no, On Road], [division, Division], [subdivision, Subdivision], [bridge_length_(m), Length (m)], [bridge_width_(m), Width (m)], [spans, Span], [span_arrangement, Span Arrangement], [completion_year, Const. Year], [map_link(=>{type:link, format:weblink}, Google Map,newtab=>),Google Map View],[bms_inventory(=>{type:link, format:weblink}, BMS Link,newtab=>), BMS Inventory],[bms_detail(=>{type:link, format:weblink},BMS Link,newtab=>), BMS Detailed View]", "f_class_color": "#6ebed6", "spans": 1.0, "span_arrangement": "25.17", "completion_year": "2014", "bridge_no": "245441920925" }, "geometry": { "type": "Point", "coordinates": [ 92.157129833333002, 24.91141 ] } },
{ "type": "Feature", "properties": { "id": "10196", "sl": 13881, "map_link": "https://maps.google.com/?q=24.918299833333,92.163929833333&amp;z=8&amp;t=k", "image_popup": "8088/bms/assets/uploads/images/bridges/bridge_10196/1728644878.JPG", "bridge_name": "Shochan Bridge", "bridge_type": "PC Girder Bridge", "road_no": "R250", "zone": "Sylhet", "circle": "Sylhet", "division": "Sylhet", "subdivision": "Golapganj", "sae": "SAE-Golapganj-3", "bridge_length_(m)": 31.88, "bridge_width_(m)": 10.33, "chainage_(km)": 34.225, "ycoord": 24.918299833332998, "xcoord": 92.163929833333, "bms_inventory": "http://bms.rhd.gov.bd:8088/bms/bridges/inventory_view/10196", "bms_detail": "http://bms.rhd.gov.bd:8088/bms/bridges/inventory_view/10196", "f_class_name": "PC Girder Bridge", "keys": "[bridge_name, Bridge Name], [bridge_type,Type], [chainage_(km), Chainage (km)], [road_no, On Road], [division, Division], [subdivision, Subdivision], [bridge_length_(m), Length (m)], [bridge_width_(m), Width (m)], [spans, Span], [span_arrangement, Span Arrangement], [completion_year, Const. Year], [map_link(=>{type:link, format:weblink}, Google Map,newtab=>),Google Map View],[bms_inventory(=>{type:link, format:weblink}, BMS Link,newtab=>), BMS Inventory],[bms_detail(=>{type:link, format:weblink},BMS Link,newtab=>), BMS Detailed View]", "f_class_color": "#6ebed6", "spans": 1.0, "span_arrangement": "31.3", "completion_year": "2014", "bridge_no": "245505920950" }, "geometry": { "type": "Point", "coordinates": [ 92.163929833333, 24.918299833332998 ] } },
{ "type": "Feature", "properties": { "id": "10197", "sl": 10871, "map_link": "https://maps.google.com/?q=24.922409833333,92.175539833333&amp;z=8&amp;t=k", "image_popup": "8088/bms/assets/uploads/images/bridges/bridge_10197/1728645518.JPG", "bridge_name": "Nateshawor Bridge", "bridge_type": "RC Girder Bridge", "road_no": "R250", "zone": "Sylhet", "circle": "Sylhet", "division": "Sylhet", "subdivision": "Golapganj", "sae": "SAE-Golapganj-3", "bridge_length_(m)": 19.6, "bridge_width_(m)": 10.28, "chainage_(km)": 35.496, "ycoord": 24.922409833332999, "xcoord": 92.175539833333005, "bms_inventory": "http://bms.rhd.gov.bd:8088/bms/bridges/inventory_view/10197", "bms_detail": "http://bms.rhd.gov.bd:8088/bms/bridges/inventory_view/10197", "f_class_name": "RC Girder Bridge", "keys": "[bridge_name, Bridge Name], [bridge_type,Type], [chainage_(km), Chainage (km)], [road_no, On Road], [division, Division], [subdivision, Subdivision], [bridge_length_(m), Length (m)], [bridge_width_(m), Width (m)], [spans, Span], [span_arrangement, Span Arrangement], [completion_year, Const. Year], [map_link(=>{type:link, format:weblink}, Google Map,newtab=>),Google Map View],[bms_inventory(=>{type:link, format:weblink}, BMS Link,newtab=>), BMS Inventory],[bms_detail(=>{type:link, format:weblink},BMS Link,newtab=>), BMS Detailed View]", "f_class_color": "#e8f674", "spans": 1.0, "span_arrangement": "19.06", "completion_year": "2014", "bridge_no": "245520921031" }, "geometry": { "type": "Point", "coordinates": [ 92.175539833333005, 24.922409833332999 ] } },
{ "type": "Feature", "properties": { "id": "10198", "sl": 7378, "map_link": "https://maps.google.com/?q=24.92348,92.18107&amp;z=8&amp;t=k", "image_popup": "8088/bms/assets/uploads/images/bridges/bridge_10198/1728646390.JPG", "bridge_name": "Kakura Bridge.", "bridge_type": "PC Girder Bridge", "road_no": "R250", "zone": "Sylhet", "circle": "Sylhet", "division": "Sylhet", "subdivision": "Golapganj", "sae": "SAE-Golapganj-3", "bridge_length_(m)": 86.21, "bridge_width_(m)": 10.46, "chainage_(km)": 36.07, "ycoord": 24.92348, "xcoord": 92.18107, "bms_inventory": "http://bms.rhd.gov.bd:8088/bms/bridges/inventory_view/10198", "bms_detail": "http://bms.rhd.gov.bd:8088/bms/bridges/inventory_view/10198", "f_class_name": "PC Girder Bridge", "keys": "[bridge_name, Bridge Name], [bridge_type,Type], [chainage_(km), Chainage (km)], [road_no, On Road], [division, Division], [subdivision, Subdivision], [bridge_length_(m), Length (m)], [bridge_width_(m), Width (m)], [spans, Span], [span_arrangement, Span Arrangement], [completion_year, Const. Year], [map_link(=>{type:link, format:weblink}, Google Map,newtab=>),Google Map View],[bms_inventory(=>{type:link, format:weblink}, BMS Link,newtab=>), BMS Inventory],[bms_detail(=>{type:link, format:weblink},BMS Link,newtab=>), BMS Detailed View]", "f_class_color": "#6ebed6", "spans": 3.0, "span_arrangement": "28.44+28.65+28.35", "completion_year": "2014", "bridge_no": "245524921051" }, "geometry": { "type": "Point", "coordinates": [ 92.18107, 24.92348 ] } },
{ "type": "Feature", "properties": { "id": "10201", "sl": 11995, "map_link": "https://maps.google.com/?q=24.92949,92.2067165&amp;z=8&amp;t=k", "image_popup": "8088/bms/assets/uploads/images/bridges/bridge_10201/1728648817.jpg", "bridge_name": "Poilgram Bridge", "bridge_type": "RC Girder Bridge", "road_no": "R250", "zone": "Sylhet", "circle": "Sylhet", "division": "Sylhet", "subdivision": "Golapganj", "sae": "SAE-Golapganj-2", "bridge_length_(m)": 19.78, "bridge_width_(m)": 10.24, "chainage_(km)": 38.827, "ycoord": 24.92949, "xcoord": 92.2067165, "bms_inventory": "http://bms.rhd.gov.bd:8088/bms/bridges/inventory_view/10201", "bms_detail": "http://bms.rhd.gov.bd:8088/bms/bridges/inventory_view/10201", "f_class_name": "RC Girder Bridge", "keys": "[bridge_name, Bridge Name], [bridge_type,Type], [chainage_(km), Chainage (km)], [road_no, On Road], [division, Division], [subdivision, Subdivision], [bridge_length_(m), Length (m)], [bridge_width_(m), Width (m)], [spans, Span], [span_arrangement, Span Arrangement], [completion_year, Const. Year], [map_link(=>{type:link, format:weblink}, Google Map,newtab=>),Google Map View],[bms_inventory(=>{type:link, format:weblink}, BMS Link,newtab=>), BMS Inventory],[bms_detail(=>{type:link, format:weblink},BMS Link,newtab=>), BMS Detailed View]", "f_class_color": "#e8f674", "spans": 1.0, "span_arrangement": "18.92", "completion_year": "2014", "bridge_no": "245546921224" }, "geometry": { "type": "Point", "coordinates": [ 92.2067165, 24.92949 ] } },
{ "type": "Feature", "properties": { "id": "10209", "sl": 1063, "map_link": "https://maps.google.com/?q=24.965099833333,91.839799833333&amp;z=8&amp;t=k", "image_popup": "8088/bms/assets/uploads/images/bridges/bridge_10209/1728666551.JPG", "bridge_name": "Baishtila Bridge", "bridge_type": "PC Girder Bridge", "road_no": "Z2808", "zone": "Sylhet", "circle": "Sylhet", "division": "Sylhet", "subdivision": "Sylhet", "sae": "Sylhet-2", "bridge_length_(m)": 37.6, "bridge_width_(m)": 10.14, "chainage_(km)": 3.689, "ycoord": 24.965099833332999, "xcoord": 91.839799833333004, "bms_inventory": "http://bms.rhd.gov.bd:8088/bms/bridges/inventory_view/10209", "bms_detail": "http://bms.rhd.gov.bd:8088/bms/bridges/inventory_view/10209", "f_class_name": "PC Girder Bridge", "keys": "[bridge_name, Bridge Name], [bridge_type,Type], [chainage_(km), Chainage (km)], [road_no, On Road], [division, Division], [subdivision, Subdivision], [bridge_length_(m), Length (m)], [bridge_width_(m), Width (m)], [spans, Span], [span_arrangement, Span Arrangement], [completion_year, Const. Year], [map_link(=>{type:link, format:weblink}, Google Map,newtab=>),Google Map View],[bms_inventory(=>{type:link, format:weblink}, BMS Link,newtab=>), BMS Inventory],[bms_detail(=>{type:link, format:weblink},BMS Link,newtab=>), BMS Detailed View]", "f_class_color": "#6ebed6", "spans": 1.0, "span_arrangement": "37.2", "completion_year": "2004", "bridge_no": "245754915023" }, "geometry": { "type": "Point", "coordinates": [ 91.839799833333004, 24.965099833332999 ] } },
{ "type": "Feature", "properties": { "id": "10210", "sl": 1064, "map_link": "https://maps.google.com/?q=24.96527,91.839799833333&amp;z=8&amp;t=k", "image_popup": "8088/bms/assets/uploads/images/bridges/bridge_10210/1728667266.JPG", "bridge_name": "Baishtila Bridge 2", "bridge_type": "PC Girder Bridge", "road_no": "Z2808", "zone": "Sylhet", "circle": "Sylhet", "division": "Sylhet", "subdivision": "Sylhet", "sae": "Sylhet-2", "bridge_length_(m)": 43.8, "bridge_width_(m)": 10.2, "chainage_(km)": 3.689, "ycoord": 24.96527, "xcoord": 91.839799833333004, "bms_inventory": "http://bms.rhd.gov.bd:8088/bms/bridges/inventory_view/10210", "bms_detail": "http://bms.rhd.gov.bd:8088/bms/bridges/inventory_view/10210", "f_class_name": "PC Girder Bridge", "keys": "[bridge_name, Bridge Name], [bridge_type,Type], [chainage_(km), Chainage (km)], [road_no, On Road], [division, Division], [subdivision, Subdivision], [bridge_length_(m), Length (m)], [bridge_width_(m), Width (m)], [spans, Span], [span_arrangement, Span Arrangement], [completion_year, Const. Year], [map_link(=>{type:link, format:weblink}, Google Map,newtab=>),Google Map View],[bms_inventory(=>{type:link, format:weblink}, BMS Link,newtab=>), BMS Inventory],[bms_detail(=>{type:link, format:weblink},BMS Link,newtab=>), BMS Detailed View]", "f_class_color": "#6ebed6", "spans": 1.0, "span_arrangement": "43.2", "completion_year": "2024", "bridge_no": "245755915023" }, "geometry": { "type": "Point", "coordinates": [ 91.839799833333004, 24.96527 ] } },
{ "type": "Feature", "properties": { "id": "10212", "sl": 1528, "map_link": "https://maps.google.com/?q=24.96349,91.855919833333&amp;z=8&amp;t=k", "image_popup": "8088/bms/assets/uploads/images/bridges/bridge_10212/1728668987.JPG", "bridge_name": "Basatila Small Slab Bridge", "bridge_type": "Small Slab Bridge", "road_no": "Z2808", "zone": "Sylhet", "circle": "Sylhet", "division": "Sylhet", "subdivision": "Sylhet", "sae": "Sylhet-2", "bridge_length_(m)": 1.6, "bridge_width_(m)": 17.0, "chainage_(km)": 1.966, "ycoord": 24.96349, "xcoord": 91.855919833333004, "bms_inventory": "http://bms.rhd.gov.bd:8088/bms/bridges/inventory_view/10212", "bms_detail": "http://bms.rhd.gov.bd:8088/bms/bridges/inventory_view/10212", "f_class_name": "Small Slab Bridge", "keys": "[bridge_name, Bridge Name], [bridge_type,Type], [chainage_(km), Chainage (km)], [road_no, On Road], [division, Division], [subdivision, Subdivision], [bridge_length_(m), Length (m)], [bridge_width_(m), Width (m)], [spans, Span], [span_arrangement, Span Arrangement], [completion_year, Const. Year], [map_link(=>{type:link, format:weblink}, Google Map,newtab=>),Google Map View],[bms_inventory(=>{type:link, format:weblink}, BMS Link,newtab=>), BMS Inventory],[bms_detail(=>{type:link, format:weblink},BMS Link,newtab=>), BMS Detailed View]", "f_class_color": "#13b7dd", "spans": 1.0, "span_arrangement": "0.6", "completion_year": "2004", "bridge_no": "245749915121" }, "geometry": { "type": "Point", "coordinates": [ 91.855919833333004, 24.96349 ] } },
{ "type": "Feature", "properties": { "id": "10213", "sl": 13265, "map_link": "https://maps.google.com/?q=24.95587,91.81559&amp;z=8&amp;t=k", "image_popup": "8088/bms/assets/uploads/images/bridges/bridge_10213/1729182850.JPG", "bridge_name": "Satra Bridge 2", "bridge_type": "PC Girder Bridge", "road_no": "Z2808", "zone": "Sylhet", "circle": "Sylhet", "division": "Sylhet", "subdivision": "Sylhet", "sae": "Sylhet-2", "bridge_length_(m)": 74.8, "bridge_width_(m)": 10.4, "chainage_(km)": 6.611, "ycoord": 24.95587, "xcoord": 91.81559, "bms_inventory": "http://bms.rhd.gov.bd:8088/bms/bridges/inventory_view/10213", "bms_detail": "http://bms.rhd.gov.bd:8088/bms/bridges/inventory_view/10213", "f_class_name": "PC Girder Bridge", "keys": "[bridge_name, Bridge Name], [bridge_type,Type], [chainage_(km), Chainage (km)], [road_no, On Road], [division, Division], [subdivision, Subdivision], [bridge_length_(m), Length (m)], [bridge_width_(m), Width (m)], [spans, Span], [span_arrangement, Span Arrangement], [completion_year, Const. Year], [map_link(=>{type:link, format:weblink}, Google Map,newtab=>),Google Map View],[bms_inventory(=>{type:link, format:weblink}, BMS Link,newtab=>), BMS Inventory],[bms_detail(=>{type:link, format:weblink},BMS Link,newtab=>), BMS Detailed View]", "f_class_color": "#6ebed6", "spans": 2.0, "span_arrangement": "37.2+37.4", "completion_year": "2024", "bridge_no": "245721914856" }, "geometry": { "type": "Point", "coordinates": [ 91.81559, 24.95587 ] } },
{ "type": "Feature", "properties": { "id": "10219", "sl": 10606, "map_link": "https://maps.google.com/?q=24.94584,92.234809833333&amp;z=8&amp;t=k", "image_popup": "8088/bms/assets/uploads/images/bridges/bridge_10219/1728751469.jpg", "bridge_name": "Muradkhal Bridge", "bridge_type": "PC Girder Bridge", "road_no": "R250", "zone": "Sylhet", "circle": "Sylhet", "division": "Sylhet", "subdivision": "Golapganj", "sae": "SAE-Golapganj-3", "bridge_length_(m)": 40.82, "bridge_width_(m)": 10.33, "chainage_(km)": 42.132, "ycoord": 24.94584, "xcoord": 92.234809833333003, "bms_inventory": "http://bms.rhd.gov.bd:8088/bms/bridges/inventory_view/10219", "bms_detail": "http://bms.rhd.gov.bd:8088/bms/bridges/inventory_view/10219", "f_class_name": "PC Girder Bridge", "keys": "[bridge_name, Bridge Name], [bridge_type,Type], [chainage_(km), Chainage (km)], [road_no, On Road], [division, Division], [subdivision, Subdivision], [bridge_length_(m), Length (m)], [bridge_width_(m), Width (m)], [spans, Span], [span_arrangement, Span Arrangement], [completion_year, Const. Year], [map_link(=>{type:link, format:weblink}, Google Map,newtab=>),Google Map View],[bms_inventory(=>{type:link, format:weblink}, BMS Link,newtab=>), BMS Inventory],[bms_detail(=>{type:link, format:weblink},BMS Link,newtab=>), BMS Detailed View]", "f_class_color": "#6ebed6", "spans": 1.0, "span_arrangement": "40.04", "completion_year": "2014", "bridge_no": "245645921405" }, "geometry": { "type": "Point", "coordinates": [ 92.234809833333003, 24.94584 ] } },
{ "type": "Feature", "properties": { "id": "10220", "sl": 12634, "map_link": "https://maps.google.com/?q=24.94891,92.239209833333&amp;z=8&amp;t=k", "image_popup": "8088/bms/assets/uploads/images/bridges/bridge_10220/1728752106.jpg", "bridge_name": "Rampur Bridge .", "bridge_type": "RC Slab Bridge", "road_no": "R250", "zone": "Sylhet", "circle": "Sylhet", "division": "Sylhet", "subdivision": "Golapganj", "sae": "SAE-Golapganj-3", "bridge_length_(m)": 27.85, "bridge_width_(m)": 9.86, "chainage_(km)": 42.697, "ycoord": 24.94891, "xcoord": 92.239209833333007, "bms_inventory": "http://bms.rhd.gov.bd:8088/bms/bridges/inventory_view/10220", "bms_detail": "http://bms.rhd.gov.bd:8088/bms/bridges/inventory_view/10220", "f_class_name": "RC Slab Bridge", "keys": "[bridge_name, Bridge Name], [bridge_type,Type], [chainage_(km), Chainage (km)], [road_no, On Road], [division, Division], [subdivision, Subdivision], [bridge_length_(m), Length (m)], [bridge_width_(m), Width (m)], [spans, Span], [span_arrangement, Span Arrangement], [completion_year, Const. Year], [map_link(=>{type:link, format:weblink}, Google Map,newtab=>),Google Map View],[bms_inventory(=>{type:link, format:weblink}, BMS Link,newtab=>), BMS Inventory],[bms_detail(=>{type:link, format:weblink},BMS Link,newtab=>), BMS Detailed View]", "f_class_color": "#088afa", "spans": 3.0, "span_arrangement": "8.95+9+9.02", "completion_year": "1999", "bridge_no": "245656921421" }, "geometry": { "type": "Point", "coordinates": [ 92.239209833333007, 24.94891 ] } },
{ "type": "Feature", "properties": { "id": "10223", "sl": 9606, "map_link": "https://maps.google.com/?q=24.493739833333,91.774299833333&amp;z=8&amp;t=k", "image_popup": "8088/bms/assets/uploads/images/bridges/bridge_10223/1728897808.JPG", "bridge_name": "Manu Bridge", "bridge_type": "PC Girder Bridge", "road_no": "N208", "zone": "Sylhet", "circle": "Moulavi Bazar", "division": "Moulavi Bazar", "subdivision": "Moulavi Bazar", "sae": "SAE-Moulavi Bazar-1", "bridge_length_(m)": 138.3, "bridge_width_(m)": 9.72, "chainage_(km)": 3.483, "ycoord": 24.493739833332999, "xcoord": 91.774299833333004, "bms_inventory": "http://bms.rhd.gov.bd:8088/bms/bridges/inventory_view/10223", "bms_detail": "http://bms.rhd.gov.bd:8088/bms/bridges/inventory_view/10223", "f_class_name": "PC Girder Bridge", "keys": "[bridge_name, Bridge Name], [bridge_type,Type], [chainage_(km), Chainage (km)], [road_no, On Road], [division, Division], [subdivision, Subdivision], [bridge_length_(m), Length (m)], [bridge_width_(m), Width (m)], [spans, Span], [span_arrangement, Span Arrangement], [completion_year, Const. Year], [map_link(=>{type:link, format:weblink}, Google Map,newtab=>),Google Map View],[bms_inventory(=>{type:link, format:weblink}, BMS Link,newtab=>), BMS Inventory],[bms_detail(=>{type:link, format:weblink},BMS Link,newtab=>), BMS Detailed View]", "f_class_color": "#6ebed6", "spans": 4.0, "span_arrangement": "34.05+34.97+34.27+34.05", "completion_year": "1995", "bridge_no": "242937914627" }, "geometry": { "type": "Point", "coordinates": [ 91.774299833333004, 24.493739833332999 ] } },
{ "type": "Feature", "properties": { "id": "10224", "sl": 10403, "map_link": "https://maps.google.com/?q=24.40303,91.9351&amp;z=8&amp;t=k", "image_popup": "8088/bms/assets/uploads/images/bridges/bridge_10224/1728900373.JPG", "bridge_name": "Monu Bridge", "bridge_type": "PC Girder Bridge", "road_no": "Z2822", "zone": "Sylhet", "circle": "Moulavi Bazar", "division": "Moulavi Bazar", "subdivision": "Kulaura", "sae": "Kulaura", "bridge_length_(m)": 233.1, "bridge_width_(m)": 10.25, "chainage_(km)": 13.504, "ycoord": 24.40303, "xcoord": 91.9351, "bms_inventory": "http://bms.rhd.gov.bd:8088/bms/bridges/inventory_view/10224", "bms_detail": "http://bms.rhd.gov.bd:8088/bms/bridges/inventory_view/10224", "f_class_name": "PC Girder Bridge", "keys": "[bridge_name, Bridge Name], [bridge_type,Type], [chainage_(km), Chainage (km)], [road_no, On Road], [division, Division], [subdivision, Subdivision], [bridge_length_(m), Length (m)], [bridge_width_(m), Width (m)], [spans, Span], [span_arrangement, Span Arrangement], [completion_year, Const. Year], [map_link(=>{type:link, format:weblink}, Google Map,newtab=>),Google Map View],[bms_inventory(=>{type:link, format:weblink}, BMS Link,newtab=>), BMS Inventory],[bms_detail(=>{type:link, format:weblink},BMS Link,newtab=>), BMS Detailed View]", "f_class_color": "#6ebed6", "spans": 5.0, "span_arrangement": "46.4+46.4+46.4+46.5+46.4", "completion_year": "2024", "bridge_no": "242410915606" }, "geometry": { "type": "Point", "coordinates": [ 91.9351, 24.40303 ] } },
{ "type": "Feature", "properties": { "id": "10238", "sl": 4139, "map_link": "https://maps.google.com/?q=24.82551,91.92385&amp;z=8&amp;t=k", "image_popup": "8088/bms/assets/uploads/images/bridges/bridge_10238/1728920183.JPG", "bridge_name": "Daudpur Small Slab Bridge", "bridge_type": "Small Slab Bridge", "road_no": "Z2832", "zone": "Sylhet", "circle": "Sylhet", "division": "Sylhet", "subdivision": "Biswanath", "sae": "SAE-Biswanath-2", "bridge_length_(m)": 1.1, "bridge_width_(m)": 8.5, "chainage_(km)": 2.6, "ycoord": 24.82551, "xcoord": 91.92385, "bms_inventory": "http://bms.rhd.gov.bd:8088/bms/bridges/inventory_view/10238", "bms_detail": "http://bms.rhd.gov.bd:8088/bms/bridges/inventory_view/10238", "f_class_name": "Small Slab Bridge", "keys": "[bridge_name, Bridge Name], [bridge_type,Type], [chainage_(km), Chainage (km)], [road_no, On Road], [division, Division], [subdivision, Subdivision], [bridge_length_(m), Length (m)], [bridge_width_(m), Width (m)], [spans, Span], [span_arrangement, Span Arrangement], [completion_year, Const. Year], [map_link(=>{type:link, format:weblink}, Google Map,newtab=>),Google Map View],[bms_inventory(=>{type:link, format:weblink}, BMS Link,newtab=>), BMS Inventory],[bms_detail(=>{type:link, format:weblink},BMS Link,newtab=>), BMS Detailed View]", "f_class_color": "#13b7dd", "spans": 1.0, "span_arrangement": "0.5", "completion_year": "1999", "bridge_no": "244932915526" }, "geometry": { "type": "Point", "coordinates": [ 91.92385, 24.82551 ] } },
{ "type": "Feature", "properties": { "id": "10240", "sl": 7958, "map_link": "https://maps.google.com/?q=24.77242,92.16051&amp;z=8&amp;t=k", "image_popup": "8088/bms/assets/uploads/images/bridges/bridge_10240/1729416312.jpg", "bridge_name": "Kaulibaga Bridge", "bridge_type": "PC Girder Bridge", "road_no": "R281", "zone": "Sylhet", "circle": "Sylhet", "division": "Sylhet", "subdivision": "Golapganj", "sae": "SAE-Golapganj-2", "bridge_length_(m)": 25.49, "bridge_width_(m)": 10.35, "chainage_(km)": 57.851, "ycoord": 24.77242, "xcoord": 92.16051, "bms_inventory": "http://bms.rhd.gov.bd:8088/bms/bridges/inventory_view/10240", "bms_detail": "http://bms.rhd.gov.bd:8088/bms/bridges/inventory_view/10240", "f_class_name": "PC Girder Bridge", "keys": "[bridge_name, Bridge Name], [bridge_type,Type], [chainage_(km), Chainage (km)], [road_no, On Road], [division, Division], [subdivision, Subdivision], [bridge_length_(m), Length (m)], [bridge_width_(m), Width (m)], [spans, Span], [span_arrangement, Span Arrangement], [completion_year, Const. Year], [map_link(=>{type:link, format:weblink}, Google Map,newtab=>),Google Map View],[bms_inventory(=>{type:link, format:weblink}, BMS Link,newtab=>), BMS Inventory],[bms_detail(=>{type:link, format:weblink},BMS Link,newtab=>), BMS Detailed View]", "f_class_color": "#6ebed6", "spans": 1.0, "span_arrangement": "25.1", "completion_year": "2013", "bridge_no": "244620920937" }, "geometry": { "type": "Point", "coordinates": [ 92.16051, 24.77242 ] } },
{ "type": "Feature", "properties": { "id": "10264", "sl": 13264, "map_link": "https://maps.google.com/?q=24.955929833333,91.815409833333&amp;z=8&amp;t=k", "image_popup": "8088/bms/assets/uploads/images/bridges/bridge_10264/1729012371.JPG", "bridge_name": "Satra Bridge", "bridge_type": "PC Girder Bridge", "road_no": "Z2808", "zone": "Sylhet", "circle": "Sylhet", "division": "Sylhet", "subdivision": "Sylhet", "sae": "Sylhet-2", "bridge_length_(m)": 68.95, "bridge_width_(m)": 10.3, "chainage_(km)": 6.611, "ycoord": 24.955929833332998, "xcoord": 91.815409833333007, "bms_inventory": "http://bms.rhd.gov.bd:8088/bms/bridges/inventory_view/10264", "bms_detail": "http://bms.rhd.gov.bd:8088/bms/bridges/inventory_view/10264", "f_class_name": "PC Girder Bridge", "keys": "[bridge_name, Bridge Name], [bridge_type,Type], [chainage_(km), Chainage (km)], [road_no, On Road], [division, Division], [subdivision, Subdivision], [bridge_length_(m), Length (m)], [bridge_width_(m), Width (m)], [spans, Span], [span_arrangement, Span Arrangement], [completion_year, Const. Year], [map_link(=>{type:link, format:weblink}, Google Map,newtab=>),Google Map View],[bms_inventory(=>{type:link, format:weblink}, BMS Link,newtab=>), BMS Inventory],[bms_detail(=>{type:link, format:weblink},BMS Link,newtab=>), BMS Detailed View]", "f_class_color": "#6ebed6", "spans": 2.0, "span_arrangement": "34.4+34.35", "completion_year": "2021", "bridge_no": "245721914855" }, "geometry": { "type": "Point", "coordinates": [ 91.815409833333007, 24.955929833332998 ] } },
{ "type": "Feature", "properties": { "id": "10266", "sl": 9241, "map_link": "https://maps.google.com/?q=24.80618,91.97587&amp;z=8&amp;t=k", "image_popup": "8088/bms/assets/uploads/images/bridges/bridge_10266/1729012770.JPG", "bridge_name": "Lokkhonabondo Bridge", "bridge_type": "RC Girder Bridge", "road_no": "Z2832", "zone": "Sylhet", "circle": "Sylhet", "division": "Sylhet", "subdivision": "Biswanath", "sae": "SAE-Biswanath-2", "bridge_length_(m)": 12.3, "bridge_width_(m)": 4.0, "chainage_(km)": 8.924, "ycoord": 24.80618, "xcoord": 91.97587, "bms_inventory": "http://bms.rhd.gov.bd:8088/bms/bridges/inventory_view/10266", "bms_detail": "http://bms.rhd.gov.bd:8088/bms/bridges/inventory_view/10266", "f_class_name": "RC Girder Bridge", "keys": "[bridge_name, Bridge Name], [bridge_type,Type], [chainage_(km), Chainage (km)], [road_no, On Road], [division, Division], [subdivision, Subdivision], [bridge_length_(m), Length (m)], [bridge_width_(m), Width (m)], [spans, Span], [span_arrangement, Span Arrangement], [completion_year, Const. Year], [map_link(=>{type:link, format:weblink}, Google Map,newtab=>),Google Map View],[bms_inventory(=>{type:link, format:weblink}, BMS Link,newtab=>), BMS Inventory],[bms_detail(=>{type:link, format:weblink},BMS Link,newtab=>), BMS Detailed View]", "f_class_color": "#e8f674", "spans": 3.0, "span_arrangement": "2.1+7.6+2.1", "completion_year": "1984", "bridge_no": "244822915833" }, "geometry": { "type": "Point", "coordinates": [ 91.97587, 24.80618 ] } },
{ "type": "Feature", "properties": { "id": "10273", "sl": 3768, "map_link": "https://maps.google.com/?q=24.80129,91.99418&amp;z=8&amp;t=k", "image_popup": "8088/bms/assets/uploads/images/bridges/bridge_10273/1729092270.jpg", "bridge_name": "Chowdhury Bazar Bridge", "bridge_type": "RC Girder Bridge", "road_no": "Z2832", "zone": "Sylhet", "circle": "Sylhet", "division": "Sylhet", "subdivision": "Biswanath", "sae": "SAE-Biswanath-2", "bridge_length_(m)": 26.7, "bridge_width_(m)": 8.2, "chainage_(km)": 11.075, "ycoord": 24.80129, "xcoord": 91.99418, "bms_inventory": "http://bms.rhd.gov.bd:8088/bms/bridges/inventory_view/10273", "bms_detail": "http://bms.rhd.gov.bd:8088/bms/bridges/inventory_view/10273", "f_class_name": "RC Girder Bridge", "keys": "[bridge_name, Bridge Name], [bridge_type,Type], [chainage_(km), Chainage (km)], [road_no, On Road], [division, Division], [subdivision, Subdivision], [bridge_length_(m), Length (m)], [bridge_width_(m), Width (m)], [spans, Span], [span_arrangement, Span Arrangement], [completion_year, Const. Year], [map_link(=>{type:link, format:weblink}, Google Map,newtab=>),Google Map View],[bms_inventory(=>{type:link, format:weblink}, BMS Link,newtab=>), BMS Inventory],[bms_detail(=>{type:link, format:weblink},BMS Link,newtab=>), BMS Detailed View]", "f_class_color": "#e8f674", "spans": 1.0, "span_arrangement": "26.5", "completion_year": "1980", "bridge_no": "244805915939" }, "geometry": { "type": "Point", "coordinates": [ 91.99418, 24.80129 ] } },
{ "type": "Feature", "properties": { "id": "10286", "sl": 9593, "map_link": "https://maps.google.com/?q=24.858829833333,92.25332&amp;z=8&amp;t=k", "image_popup": "8088/bms/assets/uploads/images/bridges/bridge_10286/1729681921.jpg", "bridge_name": "Manikpur Bridge 1", "bridge_type": "PC Girder Bridge", "road_no": "R250", "zone": "Sylhet", "circle": "Sylhet", "division": "Sylhet", "subdivision": "Golapganj", "sae": "SAE-Golapganj-3", "bridge_length_(m)": 65.3, "bridge_width_(m)": 10.42, "chainage_(km)": 44.495, "ycoord": 24.858829833333001, "xcoord": 92.25332, "bms_inventory": "http://bms.rhd.gov.bd:8088/bms/bridges/inventory_view/10286", "bms_detail": "http://bms.rhd.gov.bd:8088/bms/bridges/inventory_view/10286", "f_class_name": "PC Girder Bridge", "keys": "[bridge_name, Bridge Name], [bridge_type,Type], [chainage_(km), Chainage (km)], [road_no, On Road], [division, Division], [subdivision, Subdivision], [bridge_length_(m), Length (m)], [bridge_width_(m), Width (m)], [spans, Span], [span_arrangement, Span Arrangement], [completion_year, Const. Year], [map_link(=>{type:link, format:weblink}, Google Map,newtab=>),Google Map View],[bms_inventory(=>{type:link, format:weblink}, BMS Link,newtab=>), BMS Inventory],[bms_detail(=>{type:link, format:weblink},BMS Link,newtab=>), BMS Detailed View]", "f_class_color": "#6ebed6", "spans": 3.0, "span_arrangement": "16.3+31.67+16.3", "completion_year": "2014", "bridge_no": "245131921511" }, "geometry": { "type": "Point", "coordinates": [ 92.25332, 24.858829833333001 ] } },
{ "type": "Feature", "properties": { "id": "10287", "sl": 12197, "map_link": "https://maps.google.com/?q=24.661529833333,91.93948&amp;z=8&amp;t=k", "image_popup": "8088/bms/assets/uploads/images/bridges/bridge_10287/1729096320.JPG", "bridge_name": "Puran Bazar Public Model High School Bridge", "bridge_type": "RC Girder Bridge", "road_no": "Z2020", "zone": "Sylhet", "circle": "Sylhet", "division": "Sylhet", "subdivision": "Biswanath", "sae": "SAE-Biswanath-2", "bridge_length_(m)": 10.1, "bridge_width_(m)": 7.3, "chainage_(km)": 1.886, "ycoord": 24.661529833332999, "xcoord": 91.93948, "bms_inventory": "http://bms.rhd.gov.bd:8088/bms/bridges/inventory_view/10287", "bms_detail": "http://bms.rhd.gov.bd:8088/bms/bridges/inventory_view/10287", "f_class_name": "RC Girder Bridge", "keys": "[bridge_name, Bridge Name], [bridge_type,Type], [chainage_(km), Chainage (km)], [road_no, On Road], [division, Division], [subdivision, Subdivision], [bridge_length_(m), Length (m)], [bridge_width_(m), Width (m)], [spans, Span], [span_arrangement, Span Arrangement], [completion_year, Const. Year], [map_link(=>{type:link, format:weblink}, Google Map,newtab=>),Google Map View],[bms_inventory(=>{type:link, format:weblink}, BMS Link,newtab=>), BMS Inventory],[bms_detail(=>{type:link, format:weblink},BMS Link,newtab=>), BMS Detailed View]", "f_class_color": "#e8f674", "spans": 1.0, "span_arrangement": "10", "completion_year": "1977", "bridge_no": "243942915622" }, "geometry": { "type": "Point", "coordinates": [ 91.93948, 24.661529833332999 ] } },
{ "type": "Feature", "properties": { "id": "10291", "sl": 9594, "map_link": "https://maps.google.com/?q=24.974119833333,92.274429833333&amp;z=8&amp;t=k", "image_popup": "8088/bms/assets/uploads/images/bridges/bridge_10291/1729101357.jpg", "bridge_name": "Manikpur Bridge 2", "bridge_type": "RC Girder Bridge", "road_no": "R250", "zone": "Sylhet", "circle": "Sylhet", "division": "Sylhet", "subdivision": "Golapganj", "sae": "Zokiganj", "bridge_length_(m)": 23.87, "bridge_width_(m)": 8.15, "chainage_(km)": 47.24, "ycoord": 24.974119833332999, "xcoord": 92.274429833333002, "bms_inventory": "http://bms.rhd.gov.bd:8088/bms/bridges/inventory_view/10291", "bms_detail": "http://bms.rhd.gov.bd:8088/bms/bridges/inventory_view/10291", "f_class_name": "RC Girder Bridge", "keys": "[bridge_name, Bridge Name], [bridge_type,Type], [chainage_(km), Chainage (km)], [road_no, On Road], [division, Division], [subdivision, Subdivision], [bridge_length_(m), Length (m)], [bridge_width_(m), Width (m)], [spans, Span], [span_arrangement, Span Arrangement], [completion_year, Const. Year], [map_link(=>{type:link, format:weblink}, Google Map,newtab=>),Google Map View],[bms_inventory(=>{type:link, format:weblink}, BMS Link,newtab=>), BMS Inventory],[bms_detail(=>{type:link, format:weblink},BMS Link,newtab=>), BMS Detailed View]", "f_class_color": "#e8f674", "spans": 1.0, "span_arrangement": "23.35", "completion_year": "2014", "bridge_no": "245826921627" }, "geometry": { "type": "Point", "coordinates": [ 92.274429833333002, 24.974119833332999 ] } },
{ "type": "Feature", "properties": { "id": "10292", "sl": 2034, "map_link": "https://maps.google.com/?q=24.978609833333,92.283429833333&amp;z=8&amp;t=k", "image_popup": "8088/bms/assets/uploads/images/bridges/bridge_10292/1729102395.jpg", "bridge_name": "Birakhai Bridge", "bridge_type": "RC Girder Bridge", "road_no": "R250", "zone": "Sylhet", "circle": "Sylhet", "division": "Sylhet", "subdivision": "Golapganj", "sae": "Zokiganj", "bridge_length_(m)": 61.97, "bridge_width_(m)": 8.25, "chainage_(km)": 48.264, "ycoord": 24.978609833333, "xcoord": 92.283429833333003, "bms_inventory": "http://bms.rhd.gov.bd:8088/bms/bridges/inventory_view/10292", "bms_detail": "http://bms.rhd.gov.bd:8088/bms/bridges/inventory_view/10292", "f_class_name": "RC Girder Bridge", "keys": "[bridge_name, Bridge Name], [bridge_type,Type], [chainage_(km), Chainage (km)], [road_no, On Road], [division, Division], [subdivision, Subdivision], [bridge_length_(m), Length (m)], [bridge_width_(m), Width (m)], [spans, Span], [span_arrangement, Span Arrangement], [completion_year, Const. Year], [map_link(=>{type:link, format:weblink}, Google Map,newtab=>),Google Map View],[bms_inventory(=>{type:link, format:weblink}, BMS Link,newtab=>), BMS Inventory],[bms_detail(=>{type:link, format:weblink},BMS Link,newtab=>), BMS Detailed View]", "f_class_color": "#e8f674", "spans": 3.0, "span_arrangement": "24.28+12.86+24.26", "completion_year": "2012", "bridge_no": "245842921700" }, "geometry": { "type": "Point", "coordinates": [ 92.283429833333003, 24.978609833333 ] } },
{ "type": "Feature", "properties": { "id": "10302", "sl": 13968, "map_link": "https://maps.google.com/?q=24.68155,91.95743&amp;z=8&amp;t=k", "image_popup": "8088/bms/assets/uploads/images/bridges/bridge_10302/1729176123.JPG", "bridge_name": "Shorifganj Bridge", "bridge_type": "RC Girder Bridge", "road_no": "Z2020", "zone": "Sylhet", "circle": "Sylhet", "division": "Sylhet", "subdivision": "Biswanath", "sae": "SAE-Biswanath-2", "bridge_length_(m)": 2.6, "bridge_width_(m)": 7.5, "chainage_(km)": 5.036, "ycoord": 24.68155, "xcoord": 91.95743, "bms_inventory": "http://bms.rhd.gov.bd:8088/bms/bridges/inventory_view/10302", "bms_detail": "http://bms.rhd.gov.bd:8088/bms/bridges/inventory_view/10302", "f_class_name": "RC Girder Bridge", "keys": "[bridge_name, Bridge Name], [bridge_type,Type], [chainage_(km), Chainage (km)], [road_no, On Road], [division, Division], [subdivision, Subdivision], [bridge_length_(m), Length (m)], [bridge_width_(m), Width (m)], [spans, Span], [span_arrangement, Span Arrangement], [completion_year, Const. Year], [map_link(=>{type:link, format:weblink}, Google Map,newtab=>),Google Map View],[bms_inventory(=>{type:link, format:weblink}, BMS Link,newtab=>), BMS Inventory],[bms_detail(=>{type:link, format:weblink},BMS Link,newtab=>), BMS Detailed View]", "f_class_color": "#e8f674", "spans": 1.0, "span_arrangement": "1.8", "completion_year": "1980", "bridge_no": "244054915727" }, "geometry": { "type": "Point", "coordinates": [ 91.95743, 24.68155 ] } },
{ "type": "Feature", "properties": { "id": "10306", "sl": 12482, "map_link": "https://maps.google.com/?q=24.98404,92.298789833333&amp;z=8&amp;t=k", "image_popup": "8088/bms/assets/uploads/images/bridges/bridge_10306/1729177989.jpg", "bridge_name": "Rajapur Bridge", "bridge_type": "PC Girder Bridge", "road_no": "R250", "zone": "Sylhet", "circle": "Sylhet", "division": "Sylhet", "subdivision": "Golapganj", "sae": "Zokiganj", "bridge_length_(m)": 68.3, "bridge_width_(m)": 10.4, "chainage_(km)": 49.53, "ycoord": 24.98404, "xcoord": 92.298789833333004, "bms_inventory": "http://bms.rhd.gov.bd:8088/bms/bridges/inventory_view/10306", "bms_detail": "http://bms.rhd.gov.bd:8088/bms/bridges/inventory_view/10306", "f_class_name": "PC Girder Bridge", "keys": "[bridge_name, Bridge Name], [bridge_type,Type], [chainage_(km), Chainage (km)], [road_no, On Road], [division, Division], [subdivision, Subdivision], [bridge_length_(m), Length (m)], [bridge_width_(m), Width (m)], [spans, Span], [span_arrangement, Span Arrangement], [completion_year, Const. Year], [map_link(=>{type:link, format:weblink}, Google Map,newtab=>),Google Map View],[bms_inventory(=>{type:link, format:weblink}, BMS Link,newtab=>), BMS Inventory],[bms_detail(=>{type:link, format:weblink},BMS Link,newtab=>), BMS Detailed View]", "f_class_color": "#6ebed6", "spans": 3.0, "span_arrangement": "22.5+22.5+22.3", "completion_year": "2014", "bridge_no": "245902921755" }, "geometry": { "type": "Point", "coordinates": [ 92.298789833333004, 24.98404 ] } },
{ "type": "Feature", "properties": { "id": "10307", "sl": 12091, "map_link": "https://maps.google.com/?q=24.701039833333,91.943169833333&amp;z=8&amp;t=k", "image_popup": "8088/bms/assets/uploads/images/bridges/bridge_10307/1729178793.JPG", "bridge_name": "Poschim Bazar Small Slab Bridge", "bridge_type": "Small Slab Bridge", "road_no": "Z2020", "zone": "Sylhet", "circle": "Sylhet", "division": "Sylhet", "subdivision": "Biswanath", "sae": "SAE-Biswanath-2", "bridge_length_(m)": 1.68, "bridge_width_(m)": 5.9, "chainage_(km)": 8.0, "ycoord": 24.701039833332999, "xcoord": 91.943169833333002, "bms_inventory": "http://bms.rhd.gov.bd:8088/bms/bridges/inventory_view/10307", "bms_detail": "http://bms.rhd.gov.bd:8088/bms/bridges/inventory_view/10307", "f_class_name": "Small Slab Bridge", "keys": "[bridge_name, Bridge Name], [bridge_type,Type], [chainage_(km), Chainage (km)], [road_no, On Road], [division, Division], [subdivision, Subdivision], [bridge_length_(m), Length (m)], [bridge_width_(m), Width (m)], [spans, Span], [span_arrangement, Span Arrangement], [completion_year, Const. Year], [map_link(=>{type:link, format:weblink}, Google Map,newtab=>),Google Map View],[bms_inventory(=>{type:link, format:weblink}, BMS Link,newtab=>), BMS Inventory],[bms_detail(=>{type:link, format:weblink},BMS Link,newtab=>), BMS Detailed View]", "f_class_color": "#13b7dd", "spans": 1.0, "span_arrangement": "1", "completion_year": "2000", "bridge_no": "244204915635" }, "geometry": { "type": "Point", "coordinates": [ 91.943169833333002, 24.701039833332999 ] } },
{ "type": "Feature", "properties": { "id": "10308", "sl": 11443, "map_link": "https://maps.google.com/?q=24.696329833333,91.93285&amp;z=8&amp;t=k", "image_popup": "8088/bms/assets/uploads/images/bridges/bridge_10308/1729180219.JPG", "bridge_name": "Nurpur Bridge.", "bridge_type": "RC Girder Bridge", "road_no": "Z2020", "zone": "Sylhet", "circle": "Sylhet", "division": "Sylhet", "subdivision": "Biswanath", "sae": "SAE-Biswanath-2", "bridge_length_(m)": 15.0, "bridge_width_(m)": 4.04, "chainage_(km)": 9.342, "ycoord": 24.696329833332999, "xcoord": 91.93285, "bms_inventory": "http://bms.rhd.gov.bd:8088/bms/bridges/inventory_view/10308", "bms_detail": "http://bms.rhd.gov.bd:8088/bms/bridges/inventory_view/10308", "f_class_name": "RC Girder Bridge", "keys": "[bridge_name, Bridge Name], [bridge_type,Type], [chainage_(km), Chainage (km)], [road_no, On Road], [division, Division], [subdivision, Subdivision], [bridge_length_(m), Length (m)], [bridge_width_(m), Width (m)], [spans, Span], [span_arrangement, Span Arrangement], [completion_year, Const. Year], [map_link(=>{type:link, format:weblink}, Google Map,newtab=>),Google Map View],[bms_inventory(=>{type:link, format:weblink}, BMS Link,newtab=>), BMS Inventory],[bms_detail(=>{type:link, format:weblink},BMS Link,newtab=>), BMS Detailed View]", "f_class_color": "#e8f674", "spans": 3.0, "span_arrangement": "3+8.7+3.2", "completion_year": "1970", "bridge_no": "244147915558" }, "geometry": { "type": "Point", "coordinates": [ 91.93285, 24.696329833332999 ] } },
{ "type": "Feature", "properties": { "id": "10310", "sl": 7224, "map_link": "https://maps.google.com/?q=24.985749833333,92.30512&amp;z=8&amp;t=k", "image_popup": "8088/bms/assets/uploads/images/bridges/bridge_10310/1729182026.jpg", "bridge_name": "Julai Bridge", "bridge_type": "RC Girder Bridge", "road_no": "R250", "zone": "Sylhet", "circle": "Sylhet", "division": "Sylhet", "subdivision": "Golapganj", "sae": "Zokiganj", "bridge_length_(m)": 61.8, "bridge_width_(m)": 8.1, "chainage_(km)": 50.595, "ycoord": 24.985749833332999, "xcoord": 92.30512, "bms_inventory": "http://bms.rhd.gov.bd:8088/bms/bridges/inventory_view/10310", "bms_detail": "http://bms.rhd.gov.bd:8088/bms/bridges/inventory_view/10310", "f_class_name": "RC Girder Bridge", "keys": "[bridge_name, Bridge Name], [bridge_type,Type], [chainage_(km), Chainage (km)], [road_no, On Road], [division, Division], [subdivision, Subdivision], [bridge_length_(m), Length (m)], [bridge_width_(m), Width (m)], [spans, Span], [span_arrangement, Span Arrangement], [completion_year, Const. Year], [map_link(=>{type:link, format:weblink}, Google Map,newtab=>),Google Map View],[bms_inventory(=>{type:link, format:weblink}, BMS Link,newtab=>), BMS Inventory],[bms_detail(=>{type:link, format:weblink},BMS Link,newtab=>), BMS Detailed View]", "f_class_color": "#e8f674", "spans": 3.0, "span_arrangement": "24.3+12.75+24.15", "completion_year": "2014", "bridge_no": "245908921818" }, "geometry": { "type": "Point", "coordinates": [ 92.30512, 24.985749833332999 ] } },
{ "type": "Feature", "properties": { "id": "10311", "sl": 14411, "map_link": "https://maps.google.com/?q=24.98982,92.320369833333&amp;z=8&amp;t=k", "image_popup": "8088/bms/assets/uploads/images/bridges/bridge_10311/1729182894.jpg", "bridge_name": "South Kurer Bridge", "bridge_type": "RC Girder Bridge", "road_no": "R250", "zone": "Sylhet", "circle": "Sylhet", "division": "Sylhet", "subdivision": "Golapganj", "sae": "Zokiganj", "bridge_length_(m)": 19.7, "bridge_width_(m)": 10.2, "chainage_(km)": 52.198, "ycoord": 24.98982, "xcoord": 92.320369833333004, "bms_inventory": "http://bms.rhd.gov.bd:8088/bms/bridges/inventory_view/10311", "bms_detail": "http://bms.rhd.gov.bd:8088/bms/bridges/inventory_view/10311", "f_class_name": "RC Girder Bridge", "keys": "[bridge_name, Bridge Name], [bridge_type,Type], [chainage_(km), Chainage (km)], [road_no, On Road], [division, Division], [subdivision, Subdivision], [bridge_length_(m), Length (m)], [bridge_width_(m), Width (m)], [spans, Span], [span_arrangement, Span Arrangement], [completion_year, Const. Year], [map_link(=>{type:link, format:weblink}, Google Map,newtab=>),Google Map View],[bms_inventory(=>{type:link, format:weblink}, BMS Link,newtab=>), BMS Inventory],[bms_detail(=>{type:link, format:weblink},BMS Link,newtab=>), BMS Detailed View]", "f_class_color": "#e8f674", "spans": 1.0, "span_arrangement": "18.94", "completion_year": "2012", "bridge_no": "245923921913" }, "geometry": { "type": "Point", "coordinates": [ 92.320369833333004, 24.98982 ] } },
{ "type": "Feature", "properties": { "id": "10312", "sl": 13219, "map_link": "https://maps.google.com/?q=24.99198375,92.32907&amp;z=8&amp;t=k", "image_popup": "8088/bms/assets/uploads/images/bridges/bridge_10312/1729183423.jpg", "bridge_name": "Satbak Bridge", "bridge_type": "RC Girder Bridge", "road_no": "R250", "zone": "Sylhet", "circle": "Sylhet", "division": "Sylhet", "subdivision": "Golapganj", "sae": "Zokiganj", "bridge_length_(m)": 19.7, "bridge_width_(m)": 10.27, "chainage_(km)": 53.115, "ycoord": 24.99198375, "xcoord": 92.32907, "bms_inventory": "http://bms.rhd.gov.bd:8088/bms/bridges/inventory_view/10312", "bms_detail": "http://bms.rhd.gov.bd:8088/bms/bridges/inventory_view/10312", "f_class_name": "RC Girder Bridge", "keys": "[bridge_name, Bridge Name], [bridge_type,Type], [chainage_(km), Chainage (km)], [road_no, On Road], [division, Division], [subdivision, Subdivision], [bridge_length_(m), Length (m)], [bridge_width_(m), Width (m)], [spans, Span], [span_arrangement, Span Arrangement], [completion_year, Const. Year], [map_link(=>{type:link, format:weblink}, Google Map,newtab=>),Google Map View],[bms_inventory(=>{type:link, format:weblink}, BMS Link,newtab=>), BMS Inventory],[bms_detail(=>{type:link, format:weblink},BMS Link,newtab=>), BMS Detailed View]", "f_class_color": "#e8f674", "spans": 1.0, "span_arrangement": "19", "completion_year": "2012", "bridge_no": "245931921944" }, "geometry": { "type": "Point", "coordinates": [ 92.32907, 24.99198375 ] } },
{ "type": "Feature", "properties": { "id": "10313", "sl": 9636, "map_link": "https://maps.google.com/?q=24.99097,92.35029&amp;z=8&amp;t=k", "image_popup": "8088/bms/assets/uploads/images/bridges/bridge_10313/1729184106.jpg", "bridge_name": "Masugram Bridge", "bridge_type": "RC Girder Bridge", "road_no": "R250", "zone": "Sylhet", "circle": "Sylhet", "division": "Sylhet", "subdivision": "Golapganj", "sae": "Zokiganj", "bridge_length_(m)": 19.7, "bridge_width_(m)": 10.2, "chainage_(km)": 55.261, "ycoord": 24.99097, "xcoord": 92.35029, "bms_inventory": "http://bms.rhd.gov.bd:8088/bms/bridges/inventory_view/10313", "bms_detail": "http://bms.rhd.gov.bd:8088/bms/bridges/inventory_view/10313", "f_class_name": "RC Girder Bridge", "keys": "[bridge_name, Bridge Name], [bridge_type,Type], [chainage_(km), Chainage (km)], [road_no, On Road], [division, Division], [subdivision, Subdivision], [bridge_length_(m), Length (m)], [bridge_width_(m), Width (m)], [spans, Span], [span_arrangement, Span Arrangement], [completion_year, Const. Year], [map_link(=>{type:link, format:weblink}, Google Map,newtab=>),Google Map View],[bms_inventory(=>{type:link, format:weblink}, BMS Link,newtab=>), BMS Inventory],[bms_detail(=>{type:link, format:weblink},BMS Link,newtab=>), BMS Detailed View]", "f_class_color": "#e8f674", "spans": 1.0, "span_arrangement": "18.95", "completion_year": "2014", "bridge_no": "245927922101" }, "geometry": { "type": "Point", "coordinates": [ 92.35029, 24.99097 ] } },
{ "type": "Feature", "properties": { "id": "10314", "sl": 8699, "map_link": "https://maps.google.com/?q=24.99293,92.35669&amp;z=8&amp;t=k", "image_popup": "8088/bms/assets/uploads/images/bridges/bridge_10314/1729184961.jpg", "bridge_name": "Kotalpur Bridge", "bridge_type": "RC Girder Bridge", "road_no": "R250", "zone": "Sylhet", "circle": "Sylhet", "division": "Sylhet", "subdivision": "Golapganj", "sae": "Zokiganj", "bridge_length_(m)": 38.5, "bridge_width_(m)": 8.1, "chainage_(km)": 55.985, "ycoord": 24.99293, "xcoord": 92.35669, "bms_inventory": "http://bms.rhd.gov.bd:8088/bms/bridges/inventory_view/10314", "bms_detail": "http://bms.rhd.gov.bd:8088/bms/bridges/inventory_view/10314", "f_class_name": "RC Girder Bridge", "keys": "[bridge_name, Bridge Name], [bridge_type,Type], [chainage_(km), Chainage (km)], [road_no, On Road], [division, Division], [subdivision, Subdivision], [bridge_length_(m), Length (m)], [bridge_width_(m), Width (m)], [spans, Span], [span_arrangement, Span Arrangement], [completion_year, Const. Year], [map_link(=>{type:link, format:weblink}, Google Map,newtab=>),Google Map View],[bms_inventory(=>{type:link, format:weblink}, BMS Link,newtab=>), BMS Inventory],[bms_detail(=>{type:link, format:weblink},BMS Link,newtab=>), BMS Detailed View]", "f_class_color": "#e8f674", "spans": 3.0, "span_arrangement": "7.87+22+8", "completion_year": "2014", "bridge_no": "245934922124" }, "geometry": { "type": "Point", "coordinates": [ 92.35669, 24.99293 ] } },
{ "type": "Feature", "properties": { "id": "10315", "sl": 12579, "map_link": "https://maps.google.com/?q=24.99179,92.374499833333&amp;z=8&amp;t=k", "image_popup": "8088/bms/assets/uploads/images/bridges/bridge_10315/1729185675.jpg", "bridge_name": "Ramer Khal Bridge", "bridge_type": "RC Girder Bridge", "road_no": "R250", "zone": "Sylhet", "circle": "Sylhet", "division": "Sylhet", "subdivision": "Golapganj", "sae": "Zokiganj", "bridge_length_(m)": 13.3, "bridge_width_(m)": 10.3, "chainage_(km)": 57.803, "ycoord": 24.99179, "xcoord": 92.374499833333005, "bms_inventory": "http://bms.rhd.gov.bd:8088/bms/bridges/inventory_view/10315", "bms_detail": "http://bms.rhd.gov.bd:8088/bms/bridges/inventory_view/10315", "f_class_name": "RC Girder Bridge", "keys": "[bridge_name, Bridge Name], [bridge_type,Type], [chainage_(km), Chainage (km)], [road_no, On Road], [division, Division], [subdivision, Subdivision], [bridge_length_(m), Length (m)], [bridge_width_(m), Width (m)], [spans, Span], [span_arrangement, Span Arrangement], [completion_year, Const. Year], [map_link(=>{type:link, format:weblink}, Google Map,newtab=>),Google Map View],[bms_inventory(=>{type:link, format:weblink}, BMS Link,newtab=>), BMS Inventory],[bms_detail(=>{type:link, format:weblink},BMS Link,newtab=>), BMS Detailed View]", "f_class_color": "#e8f674", "spans": 1.0, "span_arrangement": "12.75", "completion_year": "2014", "bridge_no": "245930922228" }, "geometry": { "type": "Point", "coordinates": [ 92.374499833333005, 24.99179 ] } },
{ "type": "Feature", "properties": { "id": "10317", "sl": 13400, "map_link": "https://maps.google.com/?q=24.880469833333,91.87827&amp;z=8&amp;t=k", "image_popup": "8088/bms/assets/uploads/images/bridges/bridge_10317/1729194128.JPG", "bridge_name": "Shahjalal Bridge", "bridge_type": "Mixed Types Bridge", "road_no": "N2", "zone": "Sylhet", "circle": "Sylhet", "division": "Sylhet", "subdivision": "Biswanath", "sae": "Biswanath", "bridge_length_(m)": 316.0, "bridge_width_(m)": 13.32, "chainage_(km)": 228.186, "ycoord": 24.880469833332999, "xcoord": 91.87827, "bms_inventory": "http://bms.rhd.gov.bd:8088/bms/bridges/inventory_view/10317", "bms_detail": "http://bms.rhd.gov.bd:8088/bms/bridges/inventory_view/10317", "f_class_name": "Mixed Types Bridge", "keys": "[bridge_name, Bridge Name], [bridge_type,Type], [chainage_(km), Chainage (km)], [road_no, On Road], [division, Division], [subdivision, Subdivision], [bridge_length_(m), Length (m)], [bridge_width_(m), Width (m)], [spans, Span], [span_arrangement, Span Arrangement], [completion_year, Const. Year], [map_link(=>{type:link, format:weblink}, Google Map,newtab=>),Google Map View],[bms_inventory(=>{type:link, format:weblink}, BMS Link,newtab=>), BMS Inventory],[bms_detail(=>{type:link, format:weblink},BMS Link,newtab=>), BMS Detailed View]", "f_class_color": "#2edb93", "spans": 9.0, "span_arrangement": "6+43.1+43.1+43.2+43.3+43+43.55+43.2+5.6", "completion_year": "1980", "bridge_no": "245250915242" }, "geometry": { "type": "Point", "coordinates": [ 91.87827, 24.880469833332999 ] } },
{ "type": "Feature", "properties": { "id": "10323", "sl": 10422, "map_link": "https://maps.google.com/?q=24.975159833333,92.40496&amp;z=8&amp;t=k", "image_popup": "8088/bms/assets/uploads/images/bridges/bridge_10323/1729239999.jpg", "bridge_name": "Moricha Bridge", "bridge_type": "PC Girder Bridge", "road_no": "R250", "zone": "Sylhet", "circle": "Sylhet", "division": "Sylhet", "subdivision": "Golapganj", "sae": "Zokiganj", "bridge_length_(m)": 31.8, "bridge_width_(m)": 10.2, "chainage_(km)": 61.714, "ycoord": 24.975159833332999, "xcoord": 92.40496, "bms_inventory": "http://bms.rhd.gov.bd:8088/bms/bridges/inventory_view/10323", "bms_detail": "http://bms.rhd.gov.bd:8088/bms/bridges/inventory_view/10323", "f_class_name": "PC Girder Bridge", "keys": "[bridge_name, Bridge Name], [bridge_type,Type], [chainage_(km), Chainage (km)], [road_no, On Road], [division, Division], [subdivision, Subdivision], [bridge_length_(m), Length (m)], [bridge_width_(m), Width (m)], [spans, Span], [span_arrangement, Span Arrangement], [completion_year, Const. Year], [map_link(=>{type:link, format:weblink}, Google Map,newtab=>),Google Map View],[bms_inventory(=>{type:link, format:weblink}, BMS Link,newtab=>), BMS Inventory],[bms_detail(=>{type:link, format:weblink},BMS Link,newtab=>), BMS Detailed View]", "f_class_color": "#6ebed6", "spans": 1.0, "span_arrangement": "31.2", "completion_year": "2014", "bridge_no": "245830922417" }, "geometry": { "type": "Point", "coordinates": [ 92.40496, 24.975159833332999 ] } },
{ "type": "Feature", "properties": { "id": "10329", "sl": 7466, "map_link": "https://maps.google.com/?q=24.956559833333,92.41476&amp;z=8&amp;t=k", "image_popup": "8088/bms/assets/uploads/images/bridges/bridge_10329/1729241753.jpg", "bridge_name": "Kaligonj Bridge 1", "bridge_type": "RC Girder Bridge", "road_no": "R250", "zone": "Sylhet", "circle": "Sylhet", "division": "Sylhet", "subdivision": "Golapganj", "sae": "Zokiganj", "bridge_length_(m)": 25.57, "bridge_width_(m)": 10.32, "chainage_(km)": 64.195, "ycoord": 24.956559833332999, "xcoord": 92.41476, "bms_inventory": "http://bms.rhd.gov.bd:8088/bms/bridges/inventory_view/10329", "bms_detail": "http://bms.rhd.gov.bd:8088/bms/bridges/inventory_view/10329", "f_class_name": "RC Girder Bridge", "keys": "[bridge_name, Bridge Name], [bridge_type,Type], [chainage_(km), Chainage (km)], [road_no, On Road], [division, Division], [subdivision, Subdivision], [bridge_length_(m), Length (m)], [bridge_width_(m), Width (m)], [spans, Span], [span_arrangement, Span Arrangement], [completion_year, Const. Year], [map_link(=>{type:link, format:weblink}, Google Map,newtab=>),Google Map View],[bms_inventory(=>{type:link, format:weblink}, BMS Link,newtab=>), BMS Inventory],[bms_detail(=>{type:link, format:weblink},BMS Link,newtab=>), BMS Detailed View]", "f_class_color": "#e8f674", "spans": 1.0, "span_arrangement": "24.97", "completion_year": "2012", "bridge_no": "245723922453" }, "geometry": { "type": "Point", "coordinates": [ 92.41476, 24.956559833332999 ] } },
{ "type": "Feature", "properties": { "id": "10331", "sl": 11661, "map_link": "https://maps.google.com/?q=24.66806,91.92752&amp;z=8&amp;t=k", "image_popup": "8088/bms/assets/uploads/images/bridges/bridge_10331/1729242764.JPG", "bridge_name": "Palbari Bridge", "bridge_type": "RC Girder Bridge", "road_no": "N208", "zone": "Sylhet", "circle": "Sylhet", "division": "Sylhet", "subdivision": "Biswanath", "sae": "SAE-Biswanath-2", "bridge_length_(m)": 25.0, "bridge_width_(m)": 10.0, "chainage_(km)": 31.912, "ycoord": 24.66806, "xcoord": 91.92752, "bms_inventory": "http://bms.rhd.gov.bd:8088/bms/bridges/inventory_view/10331", "bms_detail": "http://bms.rhd.gov.bd:8088/bms/bridges/inventory_view/10331", "f_class_name": "RC Girder Bridge", "keys": "[bridge_name, Bridge Name], [bridge_type,Type], [chainage_(km), Chainage (km)], [road_no, On Road], [division, Division], [subdivision, Subdivision], [bridge_length_(m), Length (m)], [bridge_width_(m), Width (m)], [spans, Span], [span_arrangement, Span Arrangement], [completion_year, Const. Year], [map_link(=>{type:link, format:weblink}, Google Map,newtab=>),Google Map View],[bms_inventory(=>{type:link, format:weblink}, BMS Link,newtab=>), BMS Inventory],[bms_detail(=>{type:link, format:weblink},BMS Link,newtab=>), BMS Detailed View]", "f_class_color": "#e8f674", "spans": 2.0, "span_arrangement": "12.3+12.7", "completion_year": "2001", "bridge_no": "244005915539" }, "geometry": { "type": "Point", "coordinates": [ 91.92752, 24.66806 ] } },
{ "type": "Feature", "properties": { "id": "10335", "sl": 6433, "map_link": "https://maps.google.com/?q=24.92228,92.44858&amp;z=8&amp;t=k", "image_popup": "8088/bms/assets/uploads/images/bridges/bridge_10335/1729252831.jpg", "bridge_name": "Honeygram Bridge", "bridge_type": "PC Girder Bridge", "road_no": "R250", "zone": "Sylhet", "circle": "Sylhet", "division": "Sylhet", "subdivision": "Golapganj", "sae": "Zokiganj", "bridge_length_(m)": 31.9, "bridge_width_(m)": 10.28, "chainage_(km)": 69.631, "ycoord": 24.92228, "xcoord": 92.44858, "bms_inventory": "http://bms.rhd.gov.bd:8088/bms/bridges/inventory_view/10335", "bms_detail": "http://bms.rhd.gov.bd:8088/bms/bridges/inventory_view/10335", "f_class_name": "PC Girder Bridge", "keys": "[bridge_name, Bridge Name], [bridge_type,Type], [chainage_(km), Chainage (km)], [road_no, On Road], [division, Division], [subdivision, Subdivision], [bridge_length_(m), Length (m)], [bridge_width_(m), Width (m)], [spans, Span], [span_arrangement, Span Arrangement], [completion_year, Const. Year], [map_link(=>{type:link, format:weblink}, Google Map,newtab=>),Google Map View],[bms_inventory(=>{type:link, format:weblink}, BMS Link,newtab=>), BMS Inventory],[bms_detail(=>{type:link, format:weblink},BMS Link,newtab=>), BMS Detailed View]", "f_class_color": "#6ebed6", "spans": 1.0, "span_arrangement": "31.26", "completion_year": "2014", "bridge_no": "245520922654" }, "geometry": { "type": "Point", "coordinates": [ 92.44858, 24.92228 ] } },
{ "type": "Feature", "properties": { "id": "10339", "sl": 2403, "map_link": "https://maps.google.com/?q=24.91629,92.456419833333&amp;z=8&amp;t=k", "image_popup": "8088/bms/assets/uploads/images/bridges/bridge_10339/1729254535.jpg", "bridge_name": "Borjan Bridge", "bridge_type": "PC Girder Bridge", "road_no": "R250", "zone": "Sylhet", "circle": "Sylhet", "division": "Sylhet", "subdivision": "Golapganj", "sae": "Zokiganj", "bridge_length_(m)": 56.08, "bridge_width_(m)": 10.5, "chainage_(km)": 70.669, "ycoord": 24.91629, "xcoord": 92.456419833333001, "bms_inventory": "http://bms.rhd.gov.bd:8088/bms/bridges/inventory_view/10339", "bms_detail": "http://bms.rhd.gov.bd:8088/bms/bridges/inventory_view/10339", "f_class_name": "PC Girder Bridge", "keys": "[bridge_name, Bridge Name], [bridge_type,Type], [chainage_(km), Chainage (km)], [road_no, On Road], [division, Division], [subdivision, Subdivision], [bridge_length_(m), Length (m)], [bridge_width_(m), Width (m)], [spans, Span], [span_arrangement, Span Arrangement], [completion_year, Const. Year], [map_link(=>{type:link, format:weblink}, Google Map,newtab=>),Google Map View],[bms_inventory(=>{type:link, format:weblink}, BMS Link,newtab=>), BMS Inventory],[bms_detail(=>{type:link, format:weblink},BMS Link,newtab=>), BMS Detailed View]", "f_class_color": "#6ebed6", "spans": 3.0, "span_arrangement": "13.34+28.58+13.27", "completion_year": "2014", "bridge_no": "245458922723" }, "geometry": { "type": "Point", "coordinates": [ 92.456419833333001, 24.91629 ] } },
{ "type": "Feature", "properties": { "id": "10340", "sl": 15532, "map_link": "https://maps.google.com/?q=24.905989833333,92.470743833333&amp;z=8&amp;t=k", "image_popup": "8088/bms/assets/uploads/images/bridges/bridge_10340/1729256457.jpg", "bridge_name": "Uttorkul Bridge", "bridge_type": "PC Girder Bridge", "road_no": "R250", "zone": "Sylhet", "circle": "Sylhet", "division": "Sylhet", "subdivision": "Golapganj", "sae": "Zokiganj", "bridge_length_(m)": 31.92, "bridge_width_(m)": 10.23, "chainage_(km)": 71.469, "ycoord": 24.905989833332999, "xcoord": 92.470743833333003, "bms_inventory": "http://bms.rhd.gov.bd:8088/bms/bridges/inventory_view/10340", "bms_detail": "http://bms.rhd.gov.bd:8088/bms/bridges/inventory_view/10340", "f_class_name": "PC Girder Bridge", "keys": "[bridge_name, Bridge Name], [bridge_type,Type], [chainage_(km), Chainage (km)], [road_no, On Road], [division, Division], [subdivision, Subdivision], [bridge_length_(m), Length (m)], [bridge_width_(m), Width (m)], [spans, Span], [span_arrangement, Span Arrangement], [completion_year, Const. Year], [map_link(=>{type:link, format:weblink}, Google Map,newtab=>),Google Map View],[bms_inventory(=>{type:link, format:weblink}, BMS Link,newtab=>), BMS Inventory],[bms_detail(=>{type:link, format:weblink},BMS Link,newtab=>), BMS Detailed View]", "f_class_color": "#6ebed6", "spans": 1.0, "span_arrangement": "31.28", "completion_year": "2014", "bridge_no": "245421922814" }, "geometry": { "type": "Point", "coordinates": [ 92.470743833333003, 24.905989833332999 ] } },
{ "type": "Feature", "properties": { "id": "10343", "sl": 5519, "map_link": "https://maps.google.com/?q=24.97719,92.26497&amp;z=8&amp;t=k", "image_popup": "8088/bms/assets/uploads/images/bridges/bridge_10343/1729259421.JPG", "bridge_name": "Ghatorbazar Bridge", "bridge_type": "Rigid Frame Bridge", "road_no": "Z2011", "zone": "Sylhet", "circle": "Sylhet", "division": "Sylhet", "subdivision": "Golapganj", "sae": "Zokiganj", "bridge_length_(m)": 6.0, "bridge_width_(m)": 4.26, "chainage_(km)": 23.164, "ycoord": 24.97719, "xcoord": 92.26497, "bms_inventory": "http://bms.rhd.gov.bd:8088/bms/bridges/inventory_view/10343", "bms_detail": "http://bms.rhd.gov.bd:8088/bms/bridges/inventory_view/10343", "f_class_name": "Rigid Frame Bridge", "keys": "[bridge_name, Bridge Name], [bridge_type,Type], [chainage_(km), Chainage (km)], [road_no, On Road], [division, Division], [subdivision, Subdivision], [bridge_length_(m), Length (m)], [bridge_width_(m), Width (m)], [spans, Span], [span_arrangement, Span Arrangement], [completion_year, Const. Year], [map_link(=>{type:link, format:weblink}, Google Map,newtab=>),Google Map View],[bms_inventory(=>{type:link, format:weblink}, BMS Link,newtab=>), BMS Inventory],[bms_detail(=>{type:link, format:weblink},BMS Link,newtab=>), BMS Detailed View]", "f_class_color": "#03e8f9", "spans": 1.0, "span_arrangement": "4.65", "completion_year": "1980", "bridge_no": "245838921554" }, "geometry": { "type": "Point", "coordinates": [ 92.26497, 24.97719 ] } },
{ "type": "Feature", "properties": { "id": "10346", "sl": 12636, "map_link": "https://maps.google.com/?q=24.988189833333,92.270809833333&amp;z=8&amp;t=k", "image_popup": "8088/bms/assets/uploads/images/bridges/bridge_10346/1729260190.JPG", "bridge_name": "Rampur Bridge.", "bridge_type": "PC Girder Bridge", "road_no": "Z2011", "zone": "Sylhet", "circle": "Sylhet", "division": "Sylhet", "subdivision": "Golapganj", "sae": "Zokiganj", "bridge_length_(m)": 31.9, "bridge_width_(m)": 10.2, "chainage_(km)": 21.782, "ycoord": 24.988189833332999, "xcoord": 92.270809833333004, "bms_inventory": "http://bms.rhd.gov.bd:8088/bms/bridges/inventory_view/10346", "bms_detail": "http://bms.rhd.gov.bd:8088/bms/bridges/inventory_view/10346", "f_class_name": "PC Girder Bridge", "keys": "[bridge_name, Bridge Name], [bridge_type,Type], [chainage_(km), Chainage (km)], [road_no, On Road], [division, Division], [subdivision, Subdivision], [bridge_length_(m), Length (m)], [bridge_width_(m), Width (m)], [spans, Span], [span_arrangement, Span Arrangement], [completion_year, Const. Year], [map_link(=>{type:link, format:weblink}, Google Map,newtab=>),Google Map View],[bms_inventory(=>{type:link, format:weblink}, BMS Link,newtab=>), BMS Inventory],[bms_detail(=>{type:link, format:weblink},BMS Link,newtab=>), BMS Detailed View]", "f_class_color": "#6ebed6", "spans": 1.0, "span_arrangement": "31.3", "completion_year": "2021", "bridge_no": "245917921615" }, "geometry": { "type": "Point", "coordinates": [ 92.270809833333004, 24.988189833332999 ] } },
{ "type": "Feature", "properties": { "id": "10356", "sl": 377, "map_link": "https://maps.google.com/?q=24.99968,92.257789833333&amp;z=8&amp;t=k", "image_popup": "8088/bms/assets/uploads/images/bridges/bridge_10356/1729265947.jpg", "bridge_name": "Allama Mushahid Rahmatullah Bridge", "bridge_type": "PC Girder Bridge", "road_no": "Z2011", "zone": "Sylhet", "circle": "Sylhet", "division": "Sylhet", "subdivision": "Golapganj", "sae": "Zokiganj", "bridge_length_(m)": 294.8, "bridge_width_(m)": 9.0, "chainage_(km)": 19.392, "ycoord": 24.99968, "xcoord": 92.257789833333007, "bms_inventory": "http://bms.rhd.gov.bd:8088/bms/bridges/inventory_view/10356", "bms_detail": "http://bms.rhd.gov.bd:8088/bms/bridges/inventory_view/10356", "f_class_name": "PC Girder Bridge", "keys": "[bridge_name, Bridge Name], [bridge_type,Type], [chainage_(km), Chainage (km)], [road_no, On Road], [division, Division], [subdivision, Subdivision], [bridge_length_(m), Length (m)], [bridge_width_(m), Width (m)], [spans, Span], [span_arrangement, Span Arrangement], [completion_year, Const. Year], [map_link(=>{type:link, format:weblink}, Google Map,newtab=>),Google Map View],[bms_inventory(=>{type:link, format:weblink}, BMS Link,newtab=>), BMS Inventory],[bms_detail(=>{type:link, format:weblink},BMS Link,newtab=>), BMS Detailed View]", "f_class_color": "#6ebed6", "spans": 7.0, "span_arrangement": "42+42.2+42+42+42+42+42", "completion_year": "2004", "bridge_no": "245959921528" }, "geometry": { "type": "Point", "coordinates": [ 92.257789833333007, 24.99968 ] } },
{ "type": "Feature", "properties": { "id": "10357", "sl": 5158, "map_link": "https://maps.google.com/?q=24.69603,91.931889833333&amp;z=8&amp;t=k", "image_popup": "8088/bms/assets/uploads/images/bridges/bridge_10357/1729358460.jpg", "bridge_name": "Fenchuganj Bridge", "bridge_type": "PC Girder Bridge", "road_no": "N208", "zone": "Sylhet", "circle": "Sylhet", "division": "Sylhet", "subdivision": "Biswanath", "sae": "SAE-Biswanath-2", "bridge_length_(m)": 268.5, "bridge_width_(m)": 10.1, "chainage_(km)": 35.167, "ycoord": 24.69603, "xcoord": 91.931889833333003, "bms_inventory": "http://bms.rhd.gov.bd:8088/bms/bridges/inventory_view/10357", "bms_detail": "http://bms.rhd.gov.bd:8088/bms/bridges/inventory_view/10357", "f_class_name": "PC Girder Bridge", "keys": "[bridge_name, Bridge Name], [bridge_type,Type], [chainage_(km), Chainage (km)], [road_no, On Road], [division, Division], [subdivision, Subdivision], [bridge_length_(m), Length (m)], [bridge_width_(m), Width (m)], [spans, Span], [span_arrangement, Span Arrangement], [completion_year, Const. Year], [map_link(=>{type:link, format:weblink}, Google Map,newtab=>),Google Map View],[bms_inventory(=>{type:link, format:weblink}, BMS Link,newtab=>), BMS Inventory],[bms_detail(=>{type:link, format:weblink},BMS Link,newtab=>), BMS Detailed View]", "f_class_color": "#6ebed6", "spans": 6.0, "span_arrangement": "42.6+42.6+48.8+48.7+42.5+42.9", "completion_year": "2005", "bridge_no": "244146915555" }, "geometry": { "type": "Point", "coordinates": [ 91.931889833333003, 24.69603 ] } },
{ "type": "Feature", "properties": { "id": "10359", "sl": 12587, "map_link": "https://maps.google.com/?q=25.00197,92.2562&amp;z=8&amp;t=k", "image_popup": "8088/bms/assets/uploads/images/bridges/bridge_10359/1729268466.JPG", "bridge_name": "Ramija Point Bridge", "bridge_type": "RC Girder Bridge", "road_no": "Z2011", "zone": "Sylhet", "circle": "Sylhet", "division": "Sylhet", "subdivision": "Sylhet", "sae": "SAE-Sylhet-3", "bridge_length_(m)": 8.4, "bridge_width_(m)": 8.25, "chainage_(km)": 18.446, "ycoord": 25.00197, "xcoord": 92.2562, "bms_inventory": "http://bms.rhd.gov.bd:8088/bms/bridges/inventory_view/10359", "bms_detail": "http://bms.rhd.gov.bd:8088/bms/bridges/inventory_view/10359", "f_class_name": "RC Girder Bridge", "keys": "[bridge_name, Bridge Name], [bridge_type,Type], [chainage_(km), Chainage (km)], [road_no, On Road], [division, Division], [subdivision, Subdivision], [bridge_length_(m), Length (m)], [bridge_width_(m), Width (m)], [spans, Span], [span_arrangement, Span Arrangement], [completion_year, Const. Year], [map_link(=>{type:link, format:weblink}, Google Map,newtab=>),Google Map View],[bms_inventory(=>{type:link, format:weblink}, BMS Link,newtab=>), BMS Inventory],[bms_detail(=>{type:link, format:weblink},BMS Link,newtab=>), BMS Detailed View]", "f_class_color": "#e8f674", "spans": 1.0, "span_arrangement": "7.4", "completion_year": "1980", "bridge_no": "250007921522" }, "geometry": { "type": "Point", "coordinates": [ 92.2562, 25.00197 ] } },
{ "type": "Feature", "properties": { "id": "10360", "sl": 5046, "map_link": "https://maps.google.com/?q=24.717279833333,91.92834&amp;z=8&amp;t=k", "image_popup": "8088/bms/assets/uploads/images/bridges/bridge_10360/1729269072.jpg", "bridge_name": "Elashpur Bridge", "bridge_type": "PC Girder Bridge", "road_no": "N208", "zone": "Sylhet", "circle": "Sylhet", "division": "Sylhet", "subdivision": "Biswanath", "sae": "SAE-Biswanath-2", "bridge_length_(m)": 130.9, "bridge_width_(m)": 10.3, "chainage_(km)": 37.6, "ycoord": 24.717279833332999, "xcoord": 91.92834, "bms_inventory": "http://bms.rhd.gov.bd:8088/bms/bridges/inventory_view/10360", "bms_detail": "http://bms.rhd.gov.bd:8088/bms/bridges/inventory_view/10360", "f_class_name": "PC Girder Bridge", "keys": "[bridge_name, Bridge Name], [bridge_type,Type], [chainage_(km), Chainage (km)], [road_no, On Road], [division, Division], [subdivision, Subdivision], [bridge_length_(m), Length (m)], [bridge_width_(m), Width (m)], [spans, Span], [span_arrangement, Span Arrangement], [completion_year, Const. Year], [map_link(=>{type:link, format:weblink}, Google Map,newtab=>),Google Map View],[bms_inventory(=>{type:link, format:weblink}, BMS Link,newtab=>), BMS Inventory],[bms_detail(=>{type:link, format:weblink},BMS Link,newtab=>), BMS Detailed View]", "f_class_color": "#6ebed6", "spans": 3.0, "span_arrangement": "43.5+43.5+43.5", "completion_year": "2005", "bridge_no": "244302915542" }, "geometry": { "type": "Point", "coordinates": [ 91.92834, 24.717279833332999 ] } },
{ "type": "Feature", "properties": { "id": "10361", "sl": 7637, "map_link": "https://maps.google.com/?q=25.01769,92.250849833333&amp;z=8&amp;t=k", "image_popup": "8088/bms/assets/uploads/images/bridges/bridge_10361/1729270304.JPG", "bridge_name": "Kanaighat Fire Service Bridge", "bridge_type": "RC Girder Bridge", "road_no": "Z2011", "zone": "Sylhet", "circle": "Sylhet", "division": "Sylhet", "subdivision": "Sylhet", "sae": "SAE-Sylhet-3", "bridge_length_(m)": 13.25, "bridge_width_(m)": 4.7, "chainage_(km)": 16.235, "ycoord": 25.01769, "xcoord": 92.250849833333007, "bms_inventory": "http://bms.rhd.gov.bd:8088/bms/bridges/inventory_view/10361", "bms_detail": "http://bms.rhd.gov.bd:8088/bms/bridges/inventory_view/10361", "f_class_name": "RC Girder Bridge", "keys": "[bridge_name, Bridge Name], [bridge_type,Type], [chainage_(km), Chainage (km)], [road_no, On Road], [division, Division], [subdivision, Subdivision], [bridge_length_(m), Length (m)], [bridge_width_(m), Width (m)], [spans, Span], [span_arrangement, Span Arrangement], [completion_year, Const. Year], [map_link(=>{type:link, format:weblink}, Google Map,newtab=>),Google Map View],[bms_inventory(=>{type:link, format:weblink}, BMS Link,newtab=>), BMS Inventory],[bms_detail(=>{type:link, format:weblink},BMS Link,newtab=>), BMS Detailed View]", "f_class_color": "#e8f674", "spans": 2.0, "span_arrangement": "5.9+5.7", "completion_year": "1980", "bridge_no": "250104921503" }, "geometry": { "type": "Point", "coordinates": [ 92.250849833333007, 25.01769 ] } },
{ "type": "Feature", "properties": { "id": "10363", "sl": 8700, "map_link": "https://maps.google.com/?q=24.74174,91.923419833333&amp;z=8&amp;t=k", "image_popup": "8088/bms/assets/uploads/images/bridges/bridge_10363/1729274522.jpg", "bridge_name": "Kotalpur Bridge.", "bridge_type": "RC Girder Bridge", "road_no": "N208", "zone": "Sylhet", "circle": "Sylhet", "division": "Sylhet", "subdivision": "Biswanath", "sae": "SAE-Biswanath-2", "bridge_length_(m)": 101.7, "bridge_width_(m)": 6.9, "chainage_(km)": 40.408, "ycoord": 24.74174, "xcoord": 91.923419833333, "bms_inventory": "http://bms.rhd.gov.bd:8088/bms/bridges/inventory_view/10363", "bms_detail": "http://bms.rhd.gov.bd:8088/bms/bridges/inventory_view/10363", "f_class_name": "RC Girder Bridge", "keys": "[bridge_name, Bridge Name], [bridge_type,Type], [chainage_(km), Chainage (km)], [road_no, On Road], [division, Division], [subdivision, Subdivision], [bridge_length_(m), Length (m)], [bridge_width_(m), Width (m)], [spans, Span], [span_arrangement, Span Arrangement], [completion_year, Const. Year], [map_link(=>{type:link, format:weblink}, Google Map,newtab=>),Google Map View],[bms_inventory(=>{type:link, format:weblink}, BMS Link,newtab=>), BMS Inventory],[bms_detail(=>{type:link, format:weblink},BMS Link,newtab=>), BMS Detailed View]", "f_class_color": "#e8f674", "spans": 3.0, "span_arrangement": "28.5+45.2+27.6", "completion_year": "1975", "bridge_no": "244430915524" }, "geometry": { "type": "Point", "coordinates": [ 91.923419833333, 24.74174 ] } },
{ "type": "Feature", "properties": { "id": "10364", "sl": 3835, "map_link": "https://maps.google.com/?q=24.747019833333,91.921589833333&amp;z=8&amp;t=k", "image_popup": "8088/bms/assets/uploads/images/bridges/bridge_10364/1729286457.JPG", "bridge_name": "Chungivanga Bridge", "bridge_type": "RC Girder Bridge", "road_no": "N208", "zone": "Sylhet", "circle": "Sylhet", "division": "Sylhet", "subdivision": "Biswanath", "sae": "SAE-Biswanath-2", "bridge_length_(m)": 13.0, "bridge_width_(m)": 7.1, "chainage_(km)": 41.017, "ycoord": 24.747019833332999, "xcoord": 91.921589833333002, "bms_inventory": "http://bms.rhd.gov.bd:8088/bms/bridges/inventory_view/10364", "bms_detail": "http://bms.rhd.gov.bd:8088/bms/bridges/inventory_view/10364", "f_class_name": "RC Girder Bridge", "keys": "[bridge_name, Bridge Name], [bridge_type,Type], [chainage_(km), Chainage (km)], [road_no, On Road], [division, Division], [subdivision, Subdivision], [bridge_length_(m), Length (m)], [bridge_width_(m), Width (m)], [spans, Span], [span_arrangement, Span Arrangement], [completion_year, Const. Year], [map_link(=>{type:link, format:weblink}, Google Map,newtab=>),Google Map View],[bms_inventory(=>{type:link, format:weblink}, BMS Link,newtab=>), BMS Inventory],[bms_detail(=>{type:link, format:weblink},BMS Link,newtab=>), BMS Detailed View]", "f_class_color": "#e8f674", "spans": 1.0, "span_arrangement": "12.6", "completion_year": "1990", "bridge_no": "244449915518" }, "geometry": { "type": "Point", "coordinates": [ 91.921589833333002, 24.747019833332999 ] } },
{ "type": "Feature", "properties": { "id": "10365", "sl": 12301, "map_link": "https://maps.google.com/?q=24.75493,91.91884&amp;z=8&amp;t=k", "image_popup": "8088/bms/assets/uploads/images/bridges/bridge_10365/1729287386.JPG", "bridge_name": "Purnokhola Bridge", "bridge_type": "RC Girder Bridge", "road_no": "N208", "zone": "Sylhet", "circle": "Sylhet", "division": "Sylhet", "subdivision": "Biswanath", "sae": "SAE-Biswanath-2", "bridge_length_(m)": 37.0, "bridge_width_(m)": 7.2, "chainage_(km)": 41.935, "ycoord": 24.75493, "xcoord": 91.91884, "bms_inventory": "http://bms.rhd.gov.bd:8088/bms/bridges/inventory_view/10365", "bms_detail": "http://bms.rhd.gov.bd:8088/bms/bridges/inventory_view/10365", "f_class_name": "RC Girder Bridge", "keys": "[bridge_name, Bridge Name], [bridge_type,Type], [chainage_(km), Chainage (km)], [road_no, On Road], [division, Division], [subdivision, Subdivision], [bridge_length_(m), Length (m)], [bridge_width_(m), Width (m)], [spans, Span], [span_arrangement, Span Arrangement], [completion_year, Const. Year], [map_link(=>{type:link, format:weblink}, Google Map,newtab=>),Google Map View],[bms_inventory(=>{type:link, format:weblink}, BMS Link,newtab=>), BMS Inventory],[bms_detail(=>{type:link, format:weblink},BMS Link,newtab=>), BMS Detailed View]", "f_class_color": "#e8f674", "spans": 3.0, "span_arrangement": "7.7+21.5+7.5", "completion_year": "1990", "bridge_no": "244518915508" }, "geometry": { "type": "Point", "coordinates": [ 91.91884, 24.75493 ] } },
{ "type": "Feature", "properties": { "id": "10366", "sl": 4440, "map_link": "https://maps.google.com/?q=24.76948,91.91413&amp;z=8&amp;t=k", "image_popup": "8088/bms/assets/uploads/images/bridges/bridge_10366/1729288164.JPG", "bridge_name": "Dhormpur Bridge", "bridge_type": "RC Girder Bridge", "road_no": "N208", "zone": "Sylhet", "circle": "Sylhet", "division": "Sylhet", "subdivision": "Biswanath", "sae": "SAE-Biswanath-2", "bridge_length_(m)": 32.8, "bridge_width_(m)": 7.1, "chainage_(km)": 43.609, "ycoord": 24.76948, "xcoord": 91.91413, "bms_inventory": "http://bms.rhd.gov.bd:8088/bms/bridges/inventory_view/10366", "bms_detail": "http://bms.rhd.gov.bd:8088/bms/bridges/inventory_view/10366", "f_class_name": "RC Girder Bridge", "keys": "[bridge_name, Bridge Name], [bridge_type,Type], [chainage_(km), Chainage (km)], [road_no, On Road], [division, Division], [subdivision, Subdivision], [bridge_length_(m), Length (m)], [bridge_width_(m), Width (m)], [spans, Span], [span_arrangement, Span Arrangement], [completion_year, Const. Year], [map_link(=>{type:link, format:weblink}, Google Map,newtab=>),Google Map View],[bms_inventory(=>{type:link, format:weblink}, BMS Link,newtab=>), BMS Inventory],[bms_detail(=>{type:link, format:weblink},BMS Link,newtab=>), BMS Detailed View]", "f_class_color": "#e8f674", "spans": 3.0, "span_arrangement": "9.8+12.8+9.8", "completion_year": "1990", "bridge_no": "244610915451" }, "geometry": { "type": "Point", "coordinates": [ 91.91413, 24.76948 ] } },
{ "type": "Feature", "properties": { "id": "10367", "sl": 6059, "map_link": "https://maps.google.com/?q=24.77927,91.91164&amp;z=8&amp;t=k", "image_popup": "8088/bms/assets/uploads/images/bridges/bridge_10367/1729291191.JPG", "bridge_name": "Hajigonj Bridge", "bridge_type": "RC Girder Bridge", "road_no": "N208", "zone": "Sylhet", "circle": "Sylhet", "division": "Sylhet", "subdivision": "Biswanath", "sae": "SAE-Biswanath-2", "bridge_length_(m)": 32.0, "bridge_width_(m)": 7.1, "chainage_(km)": 44.713, "ycoord": 24.77927, "xcoord": 91.91164, "bms_inventory": "http://bms.rhd.gov.bd:8088/bms/bridges/inventory_view/10367", "bms_detail": "http://bms.rhd.gov.bd:8088/bms/bridges/inventory_view/10367", "f_class_name": "RC Girder Bridge", "keys": "[bridge_name, Bridge Name], [bridge_type,Type], [chainage_(km), Chainage (km)], [road_no, On Road], [division, Division], [subdivision, Subdivision], [bridge_length_(m), Length (m)], [bridge_width_(m), Width (m)], [spans, Span], [span_arrangement, Span Arrangement], [completion_year, Const. Year], [map_link(=>{type:link, format:weblink}, Google Map,newtab=>),Google Map View],[bms_inventory(=>{type:link, format:weblink}, BMS Link,newtab=>), BMS Inventory],[bms_detail(=>{type:link, format:weblink},BMS Link,newtab=>), BMS Detailed View]", "f_class_color": "#e8f674", "spans": 3.0, "span_arrangement": "9.6+12.8+9.5", "completion_year": "1990", "bridge_no": "244645915442" }, "geometry": { "type": "Point", "coordinates": [ 91.91164, 24.77927 ] } },
{ "type": "Feature", "properties": { "id": "10368", "sl": 12775, "map_link": "https://maps.google.com/?q=24.792909833333,91.90979&amp;z=8&amp;t=k", "image_popup": "8088/bms/assets/uploads/images/bridges/bridge_10368/1729328091.JPG", "bridge_name": "Renga Haziganj Bridge", "bridge_type": "RC Girder Bridge", "road_no": "N208", "zone": "Sylhet", "circle": "Sylhet", "division": "Sylhet", "subdivision": "Biswanath", "sae": "SAE-Biswanath-2", "bridge_length_(m)": 32.7, "bridge_width_(m)": 7.0, "chainage_(km)": 46.286, "ycoord": 24.792909833332999, "xcoord": 91.90979, "bms_inventory": "http://bms.rhd.gov.bd:8088/bms/bridges/inventory_view/10368", "bms_detail": "http://bms.rhd.gov.bd:8088/bms/bridges/inventory_view/10368", "f_class_name": "RC Girder Bridge", "keys": "[bridge_name, Bridge Name], [bridge_type,Type], [chainage_(km), Chainage (km)], [road_no, On Road], [division, Division], [subdivision, Subdivision], [bridge_length_(m), Length (m)], [bridge_width_(m), Width (m)], [spans, Span], [span_arrangement, Span Arrangement], [completion_year, Const. Year], [map_link(=>{type:link, format:weblink}, Google Map,newtab=>),Google Map View],[bms_inventory(=>{type:link, format:weblink}, BMS Link,newtab=>), BMS Inventory],[bms_detail(=>{type:link, format:weblink},BMS Link,newtab=>), BMS Detailed View]", "f_class_color": "#e8f674", "spans": 3.0, "span_arrangement": "9.8+12.7+9.8", "completion_year": "1990", "bridge_no": "244734915435" }, "geometry": { "type": "Point", "coordinates": [ 91.90979, 24.792909833332999 ] } },
{ "type": "Feature", "properties": { "id": "10369", "sl": 10103, "map_link": "https://maps.google.com/?q=24.80358,91.91373&amp;z=8&amp;t=k", "image_popup": "8088/bms/assets/uploads/images/bridges/bridge_10369/1729328950.JPG", "bridge_name": "Moglabazar Bridge", "bridge_type": "RC Girder Bridge", "road_no": "N208", "zone": "Sylhet", "circle": "Sylhet", "division": "Sylhet", "subdivision": "Biswanath", "sae": "SAE-Biswanath-2", "bridge_length_(m)": 22.0, "bridge_width_(m)": 9.46, "chainage_(km)": 47.568, "ycoord": 24.80358, "xcoord": 91.91373, "bms_inventory": "http://bms.rhd.gov.bd:8088/bms/bridges/inventory_view/10369", "bms_detail": "http://bms.rhd.gov.bd:8088/bms/bridges/inventory_view/10369", "f_class_name": "RC Girder Bridge", "keys": "[bridge_name, Bridge Name], [bridge_type,Type], [chainage_(km), Chainage (km)], [road_no, On Road], [division, Division], [subdivision, Subdivision], [bridge_length_(m), Length (m)], [bridge_width_(m), Width (m)], [spans, Span], [span_arrangement, Span Arrangement], [completion_year, Const. Year], [map_link(=>{type:link, format:weblink}, Google Map,newtab=>),Google Map View],[bms_inventory(=>{type:link, format:weblink}, BMS Link,newtab=>), BMS Inventory],[bms_detail(=>{type:link, format:weblink},BMS Link,newtab=>), BMS Detailed View]", "f_class_color": "#e8f674", "spans": 1.0, "span_arrangement": "21.8", "completion_year": "1990", "bridge_no": "244813915449" }, "geometry": { "type": "Point", "coordinates": [ 91.91373, 24.80358 ] } },
{ "type": "Feature", "properties": { "id": "10371", "sl": 7063, "map_link": "https://maps.google.com/?q=24.835409833333,91.89811&amp;z=8&amp;t=k", "image_popup": "8088/bms/assets/uploads/images/bridges/bridge_10371/1729365308.JPG", "bridge_name": "Jolkarkandi Bridge", "bridge_type": "Rigid Frame Bridge", "road_no": "N208", "zone": "Sylhet", "circle": "Sylhet", "division": "Sylhet", "subdivision": "Biswanath", "sae": "SAE-Biswanath-2", "bridge_length_(m)": 27.0, "bridge_width_(m)": 7.1, "chainage_(km)": 51.517, "ycoord": 24.835409833332999, "xcoord": 91.89811, "bms_inventory": "http://bms.rhd.gov.bd:8088/bms/bridges/inventory_view/10371", "bms_detail": "http://bms.rhd.gov.bd:8088/bms/bridges/inventory_view/10371", "f_class_name": "Rigid Frame Bridge", "keys": "[bridge_name, Bridge Name], [bridge_type,Type], [chainage_(km), Chainage (km)], [road_no, On Road], [division, Division], [subdivision, Subdivision], [bridge_length_(m), Length (m)], [bridge_width_(m), Width (m)], [spans, Span], [span_arrangement, Span Arrangement], [completion_year, Const. Year], [map_link(=>{type:link, format:weblink}, Google Map,newtab=>),Google Map View],[bms_inventory(=>{type:link, format:weblink}, BMS Link,newtab=>), BMS Inventory],[bms_detail(=>{type:link, format:weblink},BMS Link,newtab=>), BMS Detailed View]", "f_class_color": "#03e8f9", "spans": 1.0, "span_arrangement": "26.8", "completion_year": "1980", "bridge_no": "245007915353" }, "geometry": { "type": "Point", "coordinates": [ 91.89811, 24.835409833332999 ] } },
{ "type": "Feature", "properties": { "id": "10378", "sl": 7478, "map_link": "https://maps.google.com/?q=24.820219833333,92.084299833333&amp;z=8&amp;t=k", "image_popup": "8088/bms/assets/uploads/images/bridges/bridge_10378/1729341476.JPG", "bridge_name": "Kalijury Small Slab Bridge", "bridge_type": "Small Slab Bridge", "road_no": "Z2812", "zone": "Sylhet", "circle": "Sylhet", "division": "Sylhet", "subdivision": "Golapganj", "sae": "SAE-Golapganj-2", "bridge_length_(m)": 1.6, "bridge_width_(m)": 12.5, "chainage_(km)": 13.731, "ycoord": 24.820219833332999, "xcoord": 92.084299833333006, "bms_inventory": "http://bms.rhd.gov.bd:8088/bms/bridges/inventory_view/10378", "bms_detail": "http://bms.rhd.gov.bd:8088/bms/bridges/inventory_view/10378", "f_class_name": "Small Slab Bridge", "keys": "[bridge_name, Bridge Name], [bridge_type,Type], [chainage_(km), Chainage (km)], [road_no, On Road], [division, Division], [subdivision, Subdivision], [bridge_length_(m), Length (m)], [bridge_width_(m), Width (m)], [spans, Span], [span_arrangement, Span Arrangement], [completion_year, Const. Year], [map_link(=>{type:link, format:weblink}, Google Map,newtab=>),Google Map View],[bms_inventory(=>{type:link, format:weblink}, BMS Link,newtab=>), BMS Inventory],[bms_detail(=>{type:link, format:weblink},BMS Link,newtab=>), BMS Detailed View]", "f_class_color": "#13b7dd", "spans": 1.0, "span_arrangement": "1.1", "completion_year": "2005", "bridge_no": "244913920503" }, "geometry": { "type": "Point", "coordinates": [ 92.084299833333006, 24.820219833332999 ] } },
{ "type": "Feature", "properties": { "id": "10380", "sl": 6081, "map_link": "https://maps.google.com/?q=24.835029833333,92.098159833333&amp;z=8&amp;t=k", "image_popup": "8088/bms/assets/uploads/images/bridges/bridge_10380/1729342712.JPG", "bridge_name": "Hakubil Bridge", "bridge_type": "RC Girder Bridge", "road_no": "Z2812", "zone": "Sylhet", "circle": "Sylhet", "division": "Sylhet", "subdivision": "Golapganj", "sae": "SAE-Golapganj-2", "bridge_length_(m)": 39.5, "bridge_width_(m)": 4.3, "chainage_(km)": 10.97, "ycoord": 24.835029833333, "xcoord": 92.098159833333, "bms_inventory": "http://bms.rhd.gov.bd:8088/bms/bridges/inventory_view/10380", "bms_detail": "http://bms.rhd.gov.bd:8088/bms/bridges/inventory_view/10380", "f_class_name": "RC Girder Bridge", "keys": "[bridge_name, Bridge Name], [bridge_type,Type], [chainage_(km), Chainage (km)], [road_no, On Road], [division, Division], [subdivision, Subdivision], [bridge_length_(m), Length (m)], [bridge_width_(m), Width (m)], [spans, Span], [span_arrangement, Span Arrangement], [completion_year, Const. Year], [map_link(=>{type:link, format:weblink}, Google Map,newtab=>),Google Map View],[bms_inventory(=>{type:link, format:weblink}, BMS Link,newtab=>), BMS Inventory],[bms_detail(=>{type:link, format:weblink},BMS Link,newtab=>), BMS Detailed View]", "f_class_color": "#e8f674", "spans": 3.0, "span_arrangement": "13+13+13", "completion_year": "1999", "bridge_no": "245006920553" }, "geometry": { "type": "Point", "coordinates": [ 92.098159833333, 24.835029833333 ] } },
{ "type": "Feature", "properties": { "id": "10381", "sl": 8001, "map_link": "https://maps.google.com/?q=24.886139,91.868166&amp;z=8&amp;t=k", "image_popup": "8088/bms/assets/uploads/images/bridges/bridge_10381/1729359389.JPG", "bridge_name": "Keane Bridge", "bridge_type": "Mixed Types Bridge", "road_no": "N206", "zone": "Sylhet", "circle": "Sylhet", "division": "Sylhet", "subdivision": "Sylhet", "sae": "Sylhet-2", "bridge_length_(m)": 352.0, "bridge_width_(m)": 5.9, "chainage_(km)": 0.009, "ycoord": 24.886139, "xcoord": 91.868166, "bms_inventory": "http://bms.rhd.gov.bd:8088/bms/bridges/inventory_view/10381", "bms_detail": "http://bms.rhd.gov.bd:8088/bms/bridges/inventory_view/10381", "f_class_name": "Mixed Types Bridge", "keys": "[bridge_name, Bridge Name], [bridge_type,Type], [chainage_(km), Chainage (km)], [road_no, On Road], [division, Division], [subdivision, Subdivision], [bridge_length_(m), Length (m)], [bridge_width_(m), Width (m)], [spans, Span], [span_arrangement, Span Arrangement], [completion_year, Const. Year], [map_link(=>{type:link, format:weblink}, Google Map,newtab=>),Google Map View],[bms_inventory(=>{type:link, format:weblink}, BMS Link,newtab=>), BMS Inventory],[bms_detail(=>{type:link, format:weblink},BMS Link,newtab=>), BMS Detailed View]", "f_class_color": "#2edb93", "spans": 20.0, "span_arrangement": "12.2+12.2+12.2+12.2+12.2+12.2+12.2+33.1+77.5+33.5+12.2+12.2+12.2+12.2+12.2+12.2+12.2+12.5+14.5+10", "completion_year": "1936", "bridge_no": "245310915205" }, "geometry": { "type": "Point", "coordinates": [ 91.868166, 24.886139 ] } },
{ "type": "Feature", "properties": { "id": "10382", "sl": 14110, "map_link": "https://maps.google.com/?q=24.89243,91.875159833333&amp;z=8&amp;t=k", "image_popup": "8088/bms/assets/uploads/images/bridges/bridge_10382/1729362505.jpg", "bridge_name": "Sishupark Small Slab Bridge", "bridge_type": "Small Slab Bridge", "road_no": "N206", "zone": "Sylhet", "circle": "Sylhet", "division": "Sylhet", "subdivision": "Sylhet", "sae": "Sylhet-2", "bridge_length_(m)": 2.5, "bridge_width_(m)": 15.6, "chainage_(km)": 1.244, "ycoord": 24.89243, "xcoord": 91.875159833333001, "bms_inventory": "http://bms.rhd.gov.bd:8088/bms/bridges/inventory_view/10382", "bms_detail": "http://bms.rhd.gov.bd:8088/bms/bridges/inventory_view/10382", "f_class_name": "Small Slab Bridge", "keys": "[bridge_name, Bridge Name], [bridge_type,Type], [chainage_(km), Chainage (km)], [road_no, On Road], [division, Division], [subdivision, Subdivision], [bridge_length_(m), Length (m)], [bridge_width_(m), Width (m)], [spans, Span], [span_arrangement, Span Arrangement], [completion_year, Const. Year], [map_link(=>{type:link, format:weblink}, Google Map,newtab=>),Google Map View],[bms_inventory(=>{type:link, format:weblink}, BMS Link,newtab=>), BMS Inventory],[bms_detail(=>{type:link, format:weblink},BMS Link,newtab=>), BMS Detailed View]", "f_class_color": "#13b7dd", "spans": 1.0, "span_arrangement": "2", "completion_year": "1995", "bridge_no": "245333915231" }, "geometry": { "type": "Point", "coordinates": [ 91.875159833333001, 24.89243 ] } },
{ "type": "Feature", "properties": { "id": "10394", "sl": 7056, "map_link": "https://maps.google.com/?q=24.787299833333,92.17233&amp;z=8&amp;t=k", "image_popup": "8088/bms/assets/uploads/images/bridges/bridge_10394/1729434386.jpg", "bridge_name": "Joldup Bridge", "bridge_type": "RC Girder Bridge", "road_no": "R281", "zone": "Sylhet", "circle": "Sylhet", "division": "Sylhet", "subdivision": "Golapganj", "sae": "SAE-Golapganj-2", "bridge_length_(m)": 19.8, "bridge_width_(m)": 10.35, "chainage_(km)": 60.634, "ycoord": 24.787299833333002, "xcoord": 92.17233, "bms_inventory": "http://bms.rhd.gov.bd:8088/bms/bridges/inventory_view/10394", "bms_detail": "http://bms.rhd.gov.bd:8088/bms/bridges/inventory_view/10394", "f_class_name": "RC Girder Bridge", "keys": "[bridge_name, Bridge Name], [bridge_type,Type], [chainage_(km), Chainage (km)], [road_no, On Road], [division, Division], [subdivision, Subdivision], [bridge_length_(m), Length (m)], [bridge_width_(m), Width (m)], [spans, Span], [span_arrangement, Span Arrangement], [completion_year, Const. Year], [map_link(=>{type:link, format:weblink}, Google Map,newtab=>),Google Map View],[bms_inventory(=>{type:link, format:weblink}, BMS Link,newtab=>), BMS Inventory],[bms_detail(=>{type:link, format:weblink},BMS Link,newtab=>), BMS Detailed View]", "f_class_color": "#e8f674", "spans": 1.0, "span_arrangement": "19.15", "completion_year": "2013", "bridge_no": "244714921020" }, "geometry": { "type": "Point", "coordinates": [ 92.17233, 24.787299833333002 ] } },
{ "type": "Feature", "properties": { "id": "10395", "sl": 4713, "map_link": "https://maps.google.com/?q=25.067699833333,92.110609833333&amp;z=8&amp;t=k", "image_popup": "8088/bms/assets/uploads/images/bridges/bridge_10395/1729430423.JPG", "bridge_name": "Dorbost Bazar Bridge", "bridge_type": "RC Girder Bridge", "road_no": "N2", "zone": "Sylhet", "circle": "Sylhet", "division": "Sylhet", "subdivision": "Sylhet", "sae": "SAE-Sylhet-1", "bridge_length_(m)": 23.8, "bridge_width_(m)": 9.9, "chainage_(km)": 262.383, "ycoord": 25.067699833332998, "xcoord": 92.110609833333001, "bms_inventory": "http://bms.rhd.gov.bd:8088/bms/bridges/inventory_view/10395", "bms_detail": "http://bms.rhd.gov.bd:8088/bms/bridges/inventory_view/10395", "f_class_name": "RC Girder Bridge", "keys": "[bridge_name, Bridge Name], [bridge_type,Type], [chainage_(km), Chainage (km)], [road_no, On Road], [division, Division], [subdivision, Subdivision], [bridge_length_(m), Length (m)], [bridge_width_(m), Width (m)], [spans, Span], [span_arrangement, Span Arrangement], [completion_year, Const. Year], [map_link(=>{type:link, format:weblink}, Google Map,newtab=>),Google Map View],[bms_inventory(=>{type:link, format:weblink}, BMS Link,newtab=>), BMS Inventory],[bms_detail(=>{type:link, format:weblink},BMS Link,newtab=>), BMS Detailed View]", "f_class_color": "#e8f674", "spans": 2.0, "span_arrangement": "11.5+11.5", "completion_year": "2000", "bridge_no": "250404920638" }, "geometry": { "type": "Point", "coordinates": [ 92.110609833333001, 25.067699833332998 ] } },
{ "type": "Feature", "properties": { "id": "10398", "sl": 15562, "map_link": "https://maps.google.com/?q=25.103,92.11851&amp;z=8&amp;t=k", "image_popup": "8088/bms/assets/uploads/images/bridges/bridge_10398/1729433819.JPG", "bridge_name": "Vadurkha Bridge", "bridge_type": "RC Girder Bridge", "road_no": "N2", "zone": "Sylhet", "circle": "Sylhet", "division": "Sylhet", "subdivision": "Sylhet", "sae": "SAE-Sylhet-1", "bridge_length_(m)": 27.5, "bridge_width_(m)": 9.8, "chainage_(km)": 266.441, "ycoord": 25.103, "xcoord": 92.11851, "bms_inventory": "http://bms.rhd.gov.bd:8088/bms/bridges/inventory_view/10398", "bms_detail": "http://bms.rhd.gov.bd:8088/bms/bridges/inventory_view/10398", "f_class_name": "RC Girder Bridge", "keys": "[bridge_name, Bridge Name], [bridge_type,Type], [chainage_(km), Chainage (km)], [road_no, On Road], [division, Division], [subdivision, Subdivision], [bridge_length_(m), Length (m)], [bridge_width_(m), Width (m)], [spans, Span], [span_arrangement, Span Arrangement], [completion_year, Const. Year], [map_link(=>{type:link, format:weblink}, Google Map,newtab=>),Google Map View],[bms_inventory(=>{type:link, format:weblink}, BMS Link,newtab=>), BMS Inventory],[bms_detail(=>{type:link, format:weblink},BMS Link,newtab=>), BMS Detailed View]", "f_class_color": "#e8f674", "spans": 2.0, "span_arrangement": "13.4+13.4", "completion_year": "2000", "bridge_no": "250611920707" }, "geometry": { "type": "Point", "coordinates": [ 92.11851, 25.103 ] } },
{ "type": "Feature", "properties": { "id": "10399", "sl": 6499, "map_link": "https://maps.google.com/?q=24.98966,92.042299833333&amp;z=8&amp;t=k", "image_popup": "8088/bms/assets/uploads/images/bridges/bridge_10399/1729439142.JPG", "bridge_name": "Horipur Bridge.", "bridge_type": "PC Girder Bridge", "road_no": "N2", "zone": "Sylhet", "circle": "Sylhet", "division": "Sylhet", "subdivision": "Sylhet", "sae": "SAE-Sylhet-1", "bridge_length_(m)": 96.0, "bridge_width_(m)": 7.58, "chainage_(km)": 250.991, "ycoord": 24.98966, "xcoord": 92.042299833333004, "bms_inventory": "http://bms.rhd.gov.bd:8088/bms/bridges/inventory_view/10399", "bms_detail": "http://bms.rhd.gov.bd:8088/bms/bridges/inventory_view/10399", "f_class_name": "PC Girder Bridge", "keys": "[bridge_name, Bridge Name], [bridge_type,Type], [chainage_(km), Chainage (km)], [road_no, On Road], [division, Division], [subdivision, Subdivision], [bridge_length_(m), Length (m)], [bridge_width_(m), Width (m)], [spans, Span], [span_arrangement, Span Arrangement], [completion_year, Const. Year], [map_link(=>{type:link, format:weblink}, Google Map,newtab=>),Google Map View],[bms_inventory(=>{type:link, format:weblink}, BMS Link,newtab=>), BMS Inventory],[bms_detail(=>{type:link, format:weblink},BMS Link,newtab=>), BMS Detailed View]", "f_class_color": "#6ebed6", "spans": 5.0, "span_arrangement": "13.6+20+27.4+20.2+13.9", "completion_year": "1980", "bridge_no": "245923920232" }, "geometry": { "type": "Point", "coordinates": [ 92.042299833333004, 24.98966 ] } },
{ "type": "Feature", "properties": { "id": "10409", "sl": 4353, "map_link": "https://maps.google.com/?q=25.135909833333,91.751589833333&amp;z=8&amp;t=k", "image_popup": "8088/bms/assets/uploads/images/bridges/bridge_10409/1729449600.jpg", "bridge_name": "Dholai Bridge.", "bridge_type": "PC Girder Bridge", "road_no": "N214", "zone": "Sylhet", "circle": "Sylhet", "division": "Sylhet", "subdivision": "Sylhet", "sae": "Sylhet-2", "bridge_length_(m)": 438.0, "bridge_width_(m)": 9.5, "chainage_(km)": 28.4, "ycoord": 25.135909833332999, "xcoord": 91.751589833333, "bms_inventory": "http://bms.rhd.gov.bd:8088/bms/bridges/inventory_view/10409", "bms_detail": "http://bms.rhd.gov.bd:8088/bms/bridges/inventory_view/10409", "f_class_name": "PC Girder Bridge", "keys": "[bridge_name, Bridge Name], [bridge_type,Type], [chainage_(km), Chainage (km)], [road_no, On Road], [division, Division], [subdivision, Subdivision], [bridge_length_(m), Length (m)], [bridge_width_(m), Width (m)], [spans, Span], [span_arrangement, Span Arrangement], [completion_year, Const. Year], [map_link(=>{type:link, format:weblink}, Google Map,newtab=>),Google Map View],[bms_inventory(=>{type:link, format:weblink}, BMS Link,newtab=>), BMS Inventory],[bms_detail(=>{type:link, format:weblink},BMS Link,newtab=>), BMS Detailed View]", "f_class_color": "#6ebed6", "spans": 10.0, "span_arrangement": "43.8+43.73+44.13+43.55+43.56+43.59+44.13+43.12+43.56+42.53", "completion_year": "2004", "bridge_no": "250809914506" }, "geometry": { "type": "Point", "coordinates": [ 91.751589833333, 25.135909833332999 ] } },
{ "type": "Feature", "properties": { "id": "10411", "sl": 4224, "map_link": "https://maps.google.com/?q=24.847519833333,92.10595&amp;z=8&amp;t=k", "image_popup": "8088/bms/assets/uploads/images/bridges/bridge_10411/1729513378.JPG", "bridge_name": "Deulgram Small Slab Bridge", "bridge_type": "Small Slab Bridge", "road_no": "Z2812", "zone": "Sylhet", "circle": "Sylhet", "division": "Sylhet", "subdivision": "Golapganj", "sae": "SAE-Golapganj-2", "bridge_length_(m)": 1.1, "bridge_width_(m)": 4.6, "chainage_(km)": 8.849, "ycoord": 24.847519833332999, "xcoord": 92.10595, "bms_inventory": "http://bms.rhd.gov.bd:8088/bms/bridges/inventory_view/10411", "bms_detail": "http://bms.rhd.gov.bd:8088/bms/bridges/inventory_view/10411", "f_class_name": "Small Slab Bridge", "keys": "[bridge_name, Bridge Name], [bridge_type,Type], [chainage_(km), Chainage (km)], [road_no, On Road], [division, Division], [subdivision, Subdivision], [bridge_length_(m), Length (m)], [bridge_width_(m), Width (m)], [spans, Span], [span_arrangement, Span Arrangement], [completion_year, Const. Year], [map_link(=>{type:link, format:weblink}, Google Map,newtab=>),Google Map View],[bms_inventory(=>{type:link, format:weblink}, BMS Link,newtab=>), BMS Inventory],[bms_detail(=>{type:link, format:weblink},BMS Link,newtab=>), BMS Detailed View]", "f_class_color": "#13b7dd", "spans": 1.0, "span_arrangement": "0.6", "completion_year": "2005", "bridge_no": "245051920621" }, "geometry": { "type": "Point", "coordinates": [ 92.10595, 24.847519833332999 ] } },
{ "type": "Feature", "properties": { "id": "10412", "sl": 4225, "map_link": "https://maps.google.com/?q=24.85038,92.104839833333&amp;z=8&amp;t=k", "image_popup": "8088/bms/assets/uploads/images/bridges/bridge_10412/1729668677.JPG", "bridge_name": "Deulgram Small Slab Bridge 2", "bridge_type": "Small Slab Bridge", "road_no": "Z2812", "zone": "Sylhet", "circle": "Sylhet", "division": "Sylhet", "subdivision": "Golapganj", "sae": "SAE-Golapganj-2", "bridge_length_(m)": 1.1, "bridge_width_(m)": 4.6, "chainage_(km)": 8.499, "ycoord": 24.85038, "xcoord": 92.104839833333003, "bms_inventory": "http://bms.rhd.gov.bd:8088/bms/bridges/inventory_view/10412", "bms_detail": "http://bms.rhd.gov.bd:8088/bms/bridges/inventory_view/10412", "f_class_name": "Small Slab Bridge", "keys": "[bridge_name, Bridge Name], [bridge_type,Type], [chainage_(km), Chainage (km)], [road_no, On Road], [division, Division], [subdivision, Subdivision], [bridge_length_(m), Length (m)], [bridge_width_(m), Width (m)], [spans, Span], [span_arrangement, Span Arrangement], [completion_year, Const. Year], [map_link(=>{type:link, format:weblink}, Google Map,newtab=>),Google Map View],[bms_inventory(=>{type:link, format:weblink}, BMS Link,newtab=>), BMS Inventory],[bms_detail(=>{type:link, format:weblink},BMS Link,newtab=>), BMS Detailed View]", "f_class_color": "#13b7dd", "spans": 1.0, "span_arrangement": "0.6", "completion_year": "2005", "bridge_no": "245101920617" }, "geometry": { "type": "Point", "coordinates": [ 92.104839833333003, 24.85038 ] } },
{ "type": "Feature", "properties": { "id": "10421", "sl": 9293, "map_link": "https://maps.google.com/?q=24.85215,92.151079833333&amp;z=8&amp;t=k", "image_popup": "8088/bms/assets/uploads/images/bridges/bridge_10421/1729526711.JPG", "bridge_name": "Lularmuk Bridge", "bridge_type": "RC Girder Bridge", "road_no": "Z2812", "zone": "Sylhet", "circle": "Sylhet", "division": "Sylhet", "subdivision": "Golapganj", "sae": "SAE-Golapganj-2", "bridge_length_(m)": 26.5, "bridge_width_(m)": 4.8, "chainage_(km)": 1.695, "ycoord": 24.85215, "xcoord": 92.151079833333, "bms_inventory": "http://bms.rhd.gov.bd:8088/bms/bridges/inventory_view/10421", "bms_detail": "http://bms.rhd.gov.bd:8088/bms/bridges/inventory_view/10421", "f_class_name": "RC Girder Bridge", "keys": "[bridge_name, Bridge Name], [bridge_type,Type], [chainage_(km), Chainage (km)], [road_no, On Road], [division, Division], [subdivision, Subdivision], [bridge_length_(m), Length (m)], [bridge_width_(m), Width (m)], [spans, Span], [span_arrangement, Span Arrangement], [completion_year, Const. Year], [map_link(=>{type:link, format:weblink}, Google Map,newtab=>),Google Map View],[bms_inventory(=>{type:link, format:weblink}, BMS Link,newtab=>), BMS Inventory],[bms_detail(=>{type:link, format:weblink},BMS Link,newtab=>), BMS Detailed View]", "f_class_color": "#e8f674", "spans": 3.0, "span_arrangement": "8+9.8+8.3", "completion_year": "2004", "bridge_no": "245108920904" }, "geometry": { "type": "Point", "coordinates": [ 92.151079833333, 24.85215 ] } },
{ "type": "Feature", "properties": { "id": "10422", "sl": 13293, "map_link": "https://maps.google.com/?q=24.74417,92.018969833333&amp;z=8&amp;t=k", "image_popup": "8088/bms/assets/uploads/images/bridges/bridge_10422/1729527363.JPG", "bridge_name": "Seikhpur Bridge", "bridge_type": "RC Slab Bridge", "road_no": "Z2831", "zone": "Sylhet", "circle": "Sylhet", "division": "Sylhet", "subdivision": "Biswanath", "sae": "SAE-Biswanath-2", "bridge_length_(m)": 19.2, "bridge_width_(m)": 4.02, "chainage_(km)": 1.309, "ycoord": 24.74417, "xcoord": 92.018969833333003, "bms_inventory": "http://bms.rhd.gov.bd:8088/bms/bridges/inventory_view/10422", "bms_detail": "http://bms.rhd.gov.bd:8088/bms/bridges/inventory_view/10422", "f_class_name": "RC Slab Bridge", "keys": "[bridge_name, Bridge Name], [bridge_type,Type], [chainage_(km), Chainage (km)], [road_no, On Road], [division, Division], [subdivision, Subdivision], [bridge_length_(m), Length (m)], [bridge_width_(m), Width (m)], [spans, Span], [span_arrangement, Span Arrangement], [completion_year, Const. Year], [map_link(=>{type:link, format:weblink}, Google Map,newtab=>),Google Map View],[bms_inventory(=>{type:link, format:weblink}, BMS Link,newtab=>), BMS Inventory],[bms_detail(=>{type:link, format:weblink},BMS Link,newtab=>), BMS Detailed View]", "f_class_color": "#088afa", "spans": 2.0, "span_arrangement": "9.27+9.52", "completion_year": "2000", "bridge_no": "244439920108" }, "geometry": { "type": "Point", "coordinates": [ 92.018969833333003, 24.74417 ] } },
{ "type": "Feature", "properties": { "id": "10423", "sl": 5851, "map_link": "https://maps.google.com/?q=24.851959833333,92.14914&amp;z=8&amp;t=k", "image_popup": "8088/bms/assets/uploads/images/bridges/bridge_10423/1729527954.JPG", "bridge_name": "Gororbondo Small Slab Bridge", "bridge_type": "Small Slab Bridge", "road_no": "Z2812", "zone": "Sylhet", "circle": "Sylhet", "division": "Sylhet", "subdivision": "Golapganj", "sae": "SAE-Golapganj-2", "bridge_length_(m)": 1.1, "bridge_width_(m)": 7.0, "chainage_(km)": 1.895, "ycoord": 24.851959833333002, "xcoord": 92.14914, "bms_inventory": "http://bms.rhd.gov.bd:8088/bms/bridges/inventory_view/10423", "bms_detail": "http://bms.rhd.gov.bd:8088/bms/bridges/inventory_view/10423", "f_class_name": "Small Slab Bridge", "keys": "[bridge_name, Bridge Name], [bridge_type,Type], [chainage_(km), Chainage (km)], [road_no, On Road], [division, Division], [subdivision, Subdivision], [bridge_length_(m), Length (m)], [bridge_width_(m), Width (m)], [spans, Span], [span_arrangement, Span Arrangement], [completion_year, Const. Year], [map_link(=>{type:link, format:weblink}, Google Map,newtab=>),Google Map View],[bms_inventory(=>{type:link, format:weblink}, BMS Link,newtab=>), BMS Inventory],[bms_detail(=>{type:link, format:weblink},BMS Link,newtab=>), BMS Detailed View]", "f_class_color": "#13b7dd", "spans": 1.0, "span_arrangement": "0.6", "completion_year": "2004", "bridge_no": "245107920857" }, "geometry": { "type": "Point", "coordinates": [ 92.14914, 24.851959833333002 ] } },
{ "type": "Feature", "properties": { "id": "10424", "sl": 5852, "map_link": "https://maps.google.com/?q=24.850979833333,92.14709&amp;z=8&amp;t=k", "image_popup": "8088/bms/assets/uploads/images/bridges/bridge_10424/1729528517.JPG", "bridge_name": "Gororbondo Small Slab Bridge 2", "bridge_type": "Small Slab Bridge", "road_no": "Z2812", "zone": "Sylhet", "circle": "Sylhet", "division": "Sylhet", "subdivision": "Golapganj", "sae": "SAE-Golapganj-2", "bridge_length_(m)": 1.13, "bridge_width_(m)": 5.3, "chainage_(km)": 2.148, "ycoord": 24.850979833333, "xcoord": 92.14709, "bms_inventory": "http://bms.rhd.gov.bd:8088/bms/bridges/inventory_view/10424", "bms_detail": "http://bms.rhd.gov.bd:8088/bms/bridges/inventory_view/10424", "f_class_name": "Small Slab Bridge", "keys": "[bridge_name, Bridge Name], [bridge_type,Type], [chainage_(km), Chainage (km)], [road_no, On Road], [division, Division], [subdivision, Subdivision], [bridge_length_(m), Length (m)], [bridge_width_(m), Width (m)], [spans, Span], [span_arrangement, Span Arrangement], [completion_year, Const. Year], [map_link(=>{type:link, format:weblink}, Google Map,newtab=>),Google Map View],[bms_inventory(=>{type:link, format:weblink}, BMS Link,newtab=>), BMS Inventory],[bms_detail(=>{type:link, format:weblink},BMS Link,newtab=>), BMS Detailed View]", "f_class_color": "#13b7dd", "spans": 1.0, "span_arrangement": "0.63", "completion_year": "2021", "bridge_no": "245104920850" }, "geometry": { "type": "Point", "coordinates": [ 92.14709, 24.850979833333 ] } },
{ "type": "Feature", "properties": { "id": "10427", "sl": 13296, "map_link": "https://maps.google.com/?q=24.737839833333,92.01962&amp;z=8&amp;t=k", "image_popup": "8088/bms/assets/uploads/images/bridges/bridge_10427/1729531629.JPG", "bridge_name": "Seikhpur Small Slab Bridge", "bridge_type": "Small Slab Bridge", "road_no": "Z2831", "zone": "Sylhet", "circle": "Sylhet", "division": "Sylhet", "subdivision": "Biswanath", "sae": "SAE-Biswanath-2", "bridge_length_(m)": 5.35, "bridge_width_(m)": 3.86, "chainage_(km)": 2.016, "ycoord": 24.737839833332998, "xcoord": 92.01962, "bms_inventory": "http://bms.rhd.gov.bd:8088/bms/bridges/inventory_view/10427", "bms_detail": "http://bms.rhd.gov.bd:8088/bms/bridges/inventory_view/10427", "f_class_name": "Small Slab Bridge", "keys": "[bridge_name, Bridge Name], [bridge_type,Type], [chainage_(km), Chainage (km)], [road_no, On Road], [division, Division], [subdivision, Subdivision], [bridge_length_(m), Length (m)], [bridge_width_(m), Width (m)], [spans, Span], [span_arrangement, Span Arrangement], [completion_year, Const. Year], [map_link(=>{type:link, format:weblink}, Google Map,newtab=>),Google Map View],[bms_inventory(=>{type:link, format:weblink}, BMS Link,newtab=>), BMS Inventory],[bms_detail(=>{type:link, format:weblink},BMS Link,newtab=>), BMS Detailed View]", "f_class_color": "#13b7dd", "spans": 1.0, "span_arrangement": "4.5", "completion_year": "2000", "bridge_no": "244416920111" }, "geometry": { "type": "Point", "coordinates": [ 92.01962, 24.737839833332998 ] } },
{ "type": "Feature", "properties": { "id": "10429", "sl": 9088, "map_link": "https://maps.google.com/?q=24.85112,92.143749833333&amp;z=8&amp;t=k", "image_popup": "8088/bms/assets/uploads/images/bridges/bridge_10429/1729531759.JPG", "bridge_name": "Laujhari Small Slab Bridge", "bridge_type": "Small Slab Bridge", "road_no": "Z2812", "zone": "Sylhet", "circle": "Sylhet", "division": "Sylhet", "subdivision": "Golapganj", "sae": "SAE-Golapganj-2", "bridge_length_(m)": 1.05, "bridge_width_(m)": 7.0, "chainage_(km)": 2.498, "ycoord": 24.85112, "xcoord": 92.143749833333004, "bms_inventory": "http://bms.rhd.gov.bd:8088/bms/bridges/inventory_view/10429", "bms_detail": "http://bms.rhd.gov.bd:8088/bms/bridges/inventory_view/10429", "f_class_name": "Small Slab Bridge", "keys": "[bridge_name, Bridge Name], [bridge_type,Type], [chainage_(km), Chainage (km)], [road_no, On Road], [division, Division], [subdivision, Subdivision], [bridge_length_(m), Length (m)], [bridge_width_(m), Width (m)], [spans, Span], [span_arrangement, Span Arrangement], [completion_year, Const. Year], [map_link(=>{type:link, format:weblink}, Google Map,newtab=>),Google Map View],[bms_inventory(=>{type:link, format:weblink}, BMS Link,newtab=>), BMS Inventory],[bms_detail(=>{type:link, format:weblink},BMS Link,newtab=>), BMS Detailed View]", "f_class_color": "#13b7dd", "spans": 1.0, "span_arrangement": "0.56", "completion_year": "2004", "bridge_no": "245104920837" }, "geometry": { "type": "Point", "coordinates": [ 92.143749833333004, 24.85112 ] } },
{ "type": "Feature", "properties": { "id": "10439", "sl": 9852, "map_link": "https://maps.google.com/?q=24.72972,92.01088&amp;z=8&amp;t=k", "image_popup": "8088/bms/assets/uploads/images/bridges/bridge_10439/1729616434.JPG", "bridge_name": "Mirgonj Bridge", "bridge_type": "RC Girder Bridge", "road_no": "Z2831", "zone": "Sylhet", "circle": "Sylhet", "division": "Sylhet", "subdivision": "Biswanath", "sae": "SAE-Biswanath-2", "bridge_length_(m)": 7.2, "bridge_width_(m)": 4.11, "chainage_(km)": 3.395, "ycoord": 24.72972, "xcoord": 92.01088, "bms_inventory": "http://bms.rhd.gov.bd:8088/bms/bridges/inventory_view/10439", "bms_detail": "http://bms.rhd.gov.bd:8088/bms/bridges/inventory_view/10439", "f_class_name": "RC Girder Bridge", "keys": "[bridge_name, Bridge Name], [bridge_type,Type], [chainage_(km), Chainage (km)], [road_no, On Road], [division, Division], [subdivision, Subdivision], [bridge_length_(m), Length (m)], [bridge_width_(m), Width (m)], [spans, Span], [span_arrangement, Span Arrangement], [completion_year, Const. Year], [map_link(=>{type:link, format:weblink}, Google Map,newtab=>),Google Map View],[bms_inventory(=>{type:link, format:weblink}, BMS Link,newtab=>), BMS Inventory],[bms_detail(=>{type:link, format:weblink},BMS Link,newtab=>), BMS Detailed View]", "f_class_color": "#e8f674", "spans": 1.0, "span_arrangement": "6.7", "completion_year": "2000", "bridge_no": "244347920039" }, "geometry": { "type": "Point", "coordinates": [ 92.01088, 24.72972 ] } },
{ "type": "Feature", "properties": { "id": "10441", "sl": 5242, "map_link": "https://maps.google.com/?q=24.72689,92.002499833333&amp;z=8&amp;t=k", "image_popup": "8088/bms/assets/uploads/images/bridges/bridge_10441/1729540833.JPG", "bridge_name": "Fotehpur Small Slab Bridge", "bridge_type": "Small Slab Bridge", "road_no": "Z2831", "zone": "Sylhet", "circle": "Sylhet", "division": "Sylhet", "subdivision": "Biswanath", "sae": "SAE-Biswanath-2", "bridge_length_(m)": 2.01, "bridge_width_(m)": 3.8, "chainage_(km)": 4.62, "ycoord": 24.72689, "xcoord": 92.002499833333005, "bms_inventory": "http://bms.rhd.gov.bd:8088/bms/bridges/inventory_view/10441", "bms_detail": "http://bms.rhd.gov.bd:8088/bms/bridges/inventory_view/10441", "f_class_name": "Small Slab Bridge", "keys": "[bridge_name, Bridge Name], [bridge_type,Type], [chainage_(km), Chainage (km)], [road_no, On Road], [division, Division], [subdivision, Subdivision], [bridge_length_(m), Length (m)], [bridge_width_(m), Width (m)], [spans, Span], [span_arrangement, Span Arrangement], [completion_year, Const. Year], [map_link(=>{type:link, format:weblink}, Google Map,newtab=>),Google Map View],[bms_inventory(=>{type:link, format:weblink}, BMS Link,newtab=>), BMS Inventory],[bms_detail(=>{type:link, format:weblink},BMS Link,newtab=>), BMS Detailed View]", "f_class_color": "#13b7dd", "spans": 1.0, "span_arrangement": "2", "completion_year": "2000", "bridge_no": "244337920009" }, "geometry": { "type": "Point", "coordinates": [ 92.002499833333005, 24.72689 ] } },
{ "type": "Feature", "properties": { "id": "10447", "sl": 9586, "map_link": "https://maps.google.com/?q=24.720189833333,91.98677&amp;z=8&amp;t=k", "image_popup": "8088/bms/assets/uploads/images/bridges/bridge_10447/1729583126.JPG", "bridge_name": "Manikona Bridge", "bridge_type": "RC Girder Bridge", "road_no": "Z2831", "zone": "Sylhet", "circle": "Sylhet", "division": "Sylhet", "subdivision": "Biswanath", "sae": "SAE-Biswanath-2", "bridge_length_(m)": 16.6, "bridge_width_(m)": 3.35, "chainage_(km)": 6.679, "ycoord": 24.720189833332999, "xcoord": 91.98677, "bms_inventory": "http://bms.rhd.gov.bd:8088/bms/bridges/inventory_view/10447", "bms_detail": "http://bms.rhd.gov.bd:8088/bms/bridges/inventory_view/10447", "f_class_name": "RC Girder Bridge", "keys": "[bridge_name, Bridge Name], [bridge_type,Type], [chainage_(km), Chainage (km)], [road_no, On Road], [division, Division], [subdivision, Subdivision], [bridge_length_(m), Length (m)], [bridge_width_(m), Width (m)], [spans, Span], [span_arrangement, Span Arrangement], [completion_year, Const. Year], [map_link(=>{type:link, format:weblink}, Google Map,newtab=>),Google Map View],[bms_inventory(=>{type:link, format:weblink}, BMS Link,newtab=>), BMS Inventory],[bms_detail(=>{type:link, format:weblink},BMS Link,newtab=>), BMS Detailed View]", "f_class_color": "#e8f674", "spans": 3.0, "span_arrangement": "4.9+6.45+4.75", "completion_year": "1974", "bridge_no": "244313915912" }, "geometry": { "type": "Point", "coordinates": [ 91.98677, 24.720189833332999 ] } },
{ "type": "Feature", "properties": { "id": "10450", "sl": 9561, "map_link": "https://maps.google.com/?q=24.714269833333,91.97974&amp;z=8&amp;t=k", "image_popup": "8088/bms/assets/uploads/images/bridges/bridge_10450/1729741101.jpg", "bridge_name": "Manik kona Bridge 2", "bridge_type": "RC Girder Bridge", "road_no": "Z2831", "zone": "Sylhet", "circle": "Sylhet", "division": "Sylhet", "subdivision": "Biswanath", "sae": "SAE-Biswanath-2", "bridge_length_(m)": 7.5, "bridge_width_(m)": 3.67, "chainage_(km)": 7.912, "ycoord": 24.714269833332999, "xcoord": 91.97974, "bms_inventory": "http://bms.rhd.gov.bd:8088/bms/bridges/inventory_view/10450", "bms_detail": "http://bms.rhd.gov.bd:8088/bms/bridges/inventory_view/10450", "f_class_name": "RC Girder Bridge", "keys": "[bridge_name, Bridge Name], [bridge_type,Type], [chainage_(km), Chainage (km)], [road_no, On Road], [division, Division], [subdivision, Subdivision], [bridge_length_(m), Length (m)], [bridge_width_(m), Width (m)], [spans, Span], [span_arrangement, Span Arrangement], [completion_year, Const. Year], [map_link(=>{type:link, format:weblink}, Google Map,newtab=>),Google Map View],[bms_inventory(=>{type:link, format:weblink}, BMS Link,newtab=>), BMS Inventory],[bms_detail(=>{type:link, format:weblink},BMS Link,newtab=>), BMS Detailed View]", "f_class_color": "#e8f674", "spans": 1.0, "span_arrangement": "6.84", "completion_year": "1990", "bridge_no": "244251915847" }, "geometry": { "type": "Point", "coordinates": [ 91.97974, 24.714269833332999 ] } },
{ "type": "Feature", "properties": { "id": "10458", "sl": 14589, "map_link": "https://maps.google.com/?q=24.277021833333,91.470033&amp;z=8&amp;t=k", "image_popup": "8088/bms/assets/uploads/images/bridges/bridge_10458/1729611841.jpeg", "bridge_name": "Sudikhola Rail-cross Small Slab Bridge", "bridge_type": "Small Slab Bridge", "road_no": "Z2009", "zone": "Sylhet", "circle": "Moulavi Bazar", "division": "Habiganj", "subdivision": "Shaistagonj", "sae": "SAE-Shaistagonj-2", "bridge_length_(m)": 3.07, "bridge_width_(m)": 8.0, "chainage_(km)": 0.4, "ycoord": 24.277021833332999, "xcoord": 91.470033, "bms_inventory": "http://bms.rhd.gov.bd:8088/bms/bridges/inventory_view/10458", "bms_detail": "http://bms.rhd.gov.bd:8088/bms/bridges/inventory_view/10458", "f_class_name": "Small Slab Bridge", "keys": "[bridge_name, Bridge Name], [bridge_type,Type], [chainage_(km), Chainage (km)], [road_no, On Road], [division, Division], [subdivision, Subdivision], [bridge_length_(m), Length (m)], [bridge_width_(m), Width (m)], [spans, Span], [span_arrangement, Span Arrangement], [completion_year, Const. Year], [map_link(=>{type:link, format:weblink}, Google Map,newtab=>),Google Map View],[bms_inventory(=>{type:link, format:weblink}, BMS Link,newtab=>), BMS Inventory],[bms_detail(=>{type:link, format:weblink},BMS Link,newtab=>), BMS Detailed View]", "f_class_color": "#13b7dd", "spans": 2.0, "span_arrangement": "0.92+0.96", "completion_year": "1990", "bridge_no": "241637912812" }, "geometry": { "type": "Point", "coordinates": [ 91.470033, 24.277021833332999 ] } },
{ "type": "Feature", "properties": { "id": "10460", "sl": 1500, "map_link": "https://maps.google.com/?q=24.88868,92.483249833333&amp;z=8&amp;t=k", "image_popup": "8088/bms/assets/uploads/images/bridges/bridge_10460/1729618235.jpg", "bridge_name": "Barothakury Bridge", "bridge_type": "RC Girder Bridge", "road_no": "R250", "zone": "Sylhet", "circle": "Sylhet", "division": "Sylhet", "subdivision": "Golapganj", "sae": "Zokiganj", "bridge_length_(m)": 19.6, "bridge_width_(m)": 10.31, "chainage_(km)": 74.831, "ycoord": 24.88868, "xcoord": 92.483249833333005, "bms_inventory": "http://bms.rhd.gov.bd:8088/bms/bridges/inventory_view/10460", "bms_detail": "http://bms.rhd.gov.bd:8088/bms/bridges/inventory_view/10460", "f_class_name": "RC Girder Bridge", "keys": "[bridge_name, Bridge Name], [bridge_type,Type], [chainage_(km), Chainage (km)], [road_no, On Road], [division, Division], [subdivision, Subdivision], [bridge_length_(m), Length (m)], [bridge_width_(m), Width (m)], [spans, Span], [span_arrangement, Span Arrangement], [completion_year, Const. Year], [map_link(=>{type:link, format:weblink}, Google Map,newtab=>),Google Map View],[bms_inventory(=>{type:link, format:weblink}, BMS Link,newtab=>), BMS Inventory],[bms_detail(=>{type:link, format:weblink},BMS Link,newtab=>), BMS Detailed View]", "f_class_color": "#e8f674", "spans": 1.0, "span_arrangement": "18.97", "completion_year": "2020", "bridge_no": "245319922859" }, "geometry": { "type": "Point", "coordinates": [ 92.483249833333005, 24.88868 ] } },
{ "type": "Feature", "properties": { "id": "10462", "sl": 471, "map_link": "https://maps.google.com/?q=24.879529833333,92.47704&amp;z=8&amp;t=k", "image_popup": "8088/bms/assets/uploads/images/bridges/bridge_10462/1729620225.jpg", "bridge_name": "Amolshid Bridge", "bridge_type": "PC Girder Bridge", "road_no": "R250", "zone": "Sylhet", "circle": "Sylhet", "division": "Sylhet", "subdivision": "Golapganj", "sae": "Zokiganj", "bridge_length_(m)": 27.38, "bridge_width_(m)": 10.37, "chainage_(km)": 76.798, "ycoord": 24.879529833332999, "xcoord": 92.47704, "bms_inventory": "http://bms.rhd.gov.bd:8088/bms/bridges/inventory_view/10462", "bms_detail": "http://bms.rhd.gov.bd:8088/bms/bridges/inventory_view/10462", "f_class_name": "PC Girder Bridge", "keys": "[bridge_name, Bridge Name], [bridge_type,Type], [chainage_(km), Chainage (km)], [road_no, On Road], [division, Division], [subdivision, Subdivision], [bridge_length_(m), Length (m)], [bridge_width_(m), Width (m)], [spans, Span], [span_arrangement, Span Arrangement], [completion_year, Const. Year], [map_link(=>{type:link, format:weblink}, Google Map,newtab=>),Google Map View],[bms_inventory(=>{type:link, format:weblink}, BMS Link,newtab=>), BMS Inventory],[bms_detail(=>{type:link, format:weblink},BMS Link,newtab=>), BMS Detailed View]", "f_class_color": "#6ebed6", "spans": 1.0, "span_arrangement": "26.76", "completion_year": "2012", "bridge_no": "245246922837" }, "geometry": { "type": "Point", "coordinates": [ 92.47704, 24.879529833332999 ] } },
{ "type": "Feature", "properties": { "id": "10464", "sl": 14696, "map_link": "https://maps.google.com/?q=24.883669833333,91.864189833333&amp;z=8&amp;t=k", "image_popup": "8088/bms/assets/uploads/images/bridges/bridge_10464/1729656152.JPG", "bridge_name": "Surma Railgate Small Slab Bridge", "bridge_type": "Small Slab Bridge", "road_no": "N205", "zone": "Sylhet", "circle": "Sylhet", "division": "Sylhet", "subdivision": "Biswanath", "sae": "Biswanath", "bridge_length_(m)": 2.0, "bridge_width_(m)": 10.1, "chainage_(km)": 1.9, "ycoord": 24.883669833332998, "xcoord": 91.864189833333, "bms_inventory": "http://bms.rhd.gov.bd:8088/bms/bridges/inventory_view/10464", "bms_detail": "http://bms.rhd.gov.bd:8088/bms/bridges/inventory_view/10464", "f_class_name": "Small Slab Bridge", "keys": "[bridge_name, Bridge Name], [bridge_type,Type], [chainage_(km), Chainage (km)], [road_no, On Road], [division, Division], [subdivision, Subdivision], [bridge_length_(m), Length (m)], [bridge_width_(m), Width (m)], [spans, Span], [span_arrangement, Span Arrangement], [completion_year, Const. Year], [map_link(=>{type:link, format:weblink}, Google Map,newtab=>),Google Map View],[bms_inventory(=>{type:link, format:weblink}, BMS Link,newtab=>), BMS Inventory],[bms_detail(=>{type:link, format:weblink},BMS Link,newtab=>), BMS Detailed View]", "f_class_color": "#13b7dd", "spans": 1.0, "span_arrangement": "1.8", "completion_year": "1990", "bridge_no": "245301915151" }, "geometry": { "type": "Point", "coordinates": [ 91.864189833333, 24.883669833332998 ] } },
{ "type": "Feature", "properties": { "id": "10479", "sl": 13305, "map_link": "https://maps.google.com/?q=24.866939833333,92.411209833333&amp;z=8&amp;t=k", "image_popup": "8088/bms/assets/uploads/images/bridges/bridge_10479/1729666187.jpg", "bridge_name": "Senapoti Bridge", "bridge_type": "PC Girder Bridge", "road_no": "R250", "zone": "Sylhet", "circle": "Sylhet", "division": "Sylhet", "subdivision": "Golapganj", "sae": "Zokiganj", "bridge_length_(m)": 25.75, "bridge_width_(m)": 10.27, "chainage_(km)": 83.784, "ycoord": 24.866939833332999, "xcoord": 92.411209833333004, "bms_inventory": "http://bms.rhd.gov.bd:8088/bms/bridges/inventory_view/10479", "bms_detail": "http://bms.rhd.gov.bd:8088/bms/bridges/inventory_view/10479", "f_class_name": "PC Girder Bridge", "keys": "[bridge_name, Bridge Name], [bridge_type,Type], [chainage_(km), Chainage (km)], [road_no, On Road], [division, Division], [subdivision, Subdivision], [bridge_length_(m), Length (m)], [bridge_width_(m), Width (m)], [spans, Span], [span_arrangement, Span Arrangement], [completion_year, Const. Year], [map_link(=>{type:link, format:weblink}, Google Map,newtab=>),Google Map View],[bms_inventory(=>{type:link, format:weblink}, BMS Link,newtab=>), BMS Inventory],[bms_detail(=>{type:link, format:weblink},BMS Link,newtab=>), BMS Detailed View]", "f_class_color": "#6ebed6", "spans": 1.0, "span_arrangement": "25.04", "completion_year": "2012", "bridge_no": "245200922440" }, "geometry": { "type": "Point", "coordinates": [ 92.411209833333004, 24.866939833332999 ] } },
{ "type": "Feature", "properties": { "id": "10487", "sl": 7467, "map_link": "https://maps.google.com/?q=24.954579833333,92.417429833333&amp;z=8&amp;t=k", "image_popup": "8088/bms/assets/uploads/images/bridges/bridge_10487/1729677595.jpg", "bridge_name": "Kaligonj Bridge 2", "bridge_type": "RC Girder Bridge", "road_no": "R250", "zone": "Sylhet", "circle": "Sylhet", "division": "Sylhet", "subdivision": "Golapganj", "sae": "Zokiganj", "bridge_length_(m)": 25.55, "bridge_width_(m)": 10.33, "chainage_(km)": 64.551, "ycoord": 24.954579833333, "xcoord": 92.417429833333003, "bms_inventory": "http://bms.rhd.gov.bd:8088/bms/bridges/inventory_view/10487", "bms_detail": "http://bms.rhd.gov.bd:8088/bms/bridges/inventory_view/10487", "f_class_name": "RC Girder Bridge", "keys": "[bridge_name, Bridge Name], [bridge_type,Type], [chainage_(km), Chainage (km)], [road_no, On Road], [division, Division], [subdivision, Subdivision], [bridge_length_(m), Length (m)], [bridge_width_(m), Width (m)], [spans, Span], [span_arrangement, Span Arrangement], [completion_year, Const. Year], [map_link(=>{type:link, format:weblink}, Google Map,newtab=>),Google Map View],[bms_inventory(=>{type:link, format:weblink}, BMS Link,newtab=>), BMS Inventory],[bms_detail(=>{type:link, format:weblink},BMS Link,newtab=>), BMS Detailed View]", "f_class_color": "#e8f674", "spans": 1.0, "span_arrangement": "24.95", "completion_year": "2014", "bridge_no": "245716922502" }, "geometry": { "type": "Point", "coordinates": [ 92.417429833333003, 24.954579833333 ] } },
{ "type": "Feature", "properties": { "id": "10493", "sl": 13976, "map_link": "https://maps.google.com/?q=24.843139833333,92.160259805556&amp;z=8&amp;t=k", "image_popup": "8088/bms/assets/uploads/images/bridges/bridge_10493/1729694331.jpg", "bridge_name": "Shorok Bhangani Bridge", "bridge_type": "PC Girder Bridge", "road_no": "R281", "zone": "Sylhet", "circle": "Sylhet", "division": "Sylhet", "subdivision": "Golapganj", "sae": "SAE-Golapganj-2", "bridge_length_(m)": 63.1, "bridge_width_(m)": 10.3, "chainage_(km)": 67.945, "ycoord": 24.843139833333002, "xcoord": 92.160259805555995, "bms_inventory": "http://bms.rhd.gov.bd:8088/bms/bridges/inventory_view/10493", "bms_detail": "http://bms.rhd.gov.bd:8088/bms/bridges/inventory_view/10493", "f_class_name": "PC Girder Bridge", "keys": "[bridge_name, Bridge Name], [bridge_type,Type], [chainage_(km), Chainage (km)], [road_no, On Road], [division, Division], [subdivision, Subdivision], [bridge_length_(m), Length (m)], [bridge_width_(m), Width (m)], [spans, Span], [span_arrangement, Span Arrangement], [completion_year, Const. Year], [map_link(=>{type:link, format:weblink}, Google Map,newtab=>),Google Map View],[bms_inventory(=>{type:link, format:weblink}, BMS Link,newtab=>), BMS Inventory],[bms_detail(=>{type:link, format:weblink},BMS Link,newtab=>), BMS Detailed View]", "f_class_color": "#6ebed6", "spans": 2.0, "span_arrangement": "25.1+37.4", "completion_year": "2011", "bridge_no": "245035920936" }, "geometry": { "type": "Point", "coordinates": [ 92.160259805555995, 24.843139833333002 ] } },
{ "type": "Feature", "properties": { "id": "10500", "sl": 3124, "map_link": "https://maps.google.com/?q=24.853639833333,92.17233&amp;z=8&amp;t=k", "image_popup": "8088/bms/assets/uploads/images/bridges/bridge_10500/1729696077.jpg", "bridge_name": "Changri Khal Setu", "bridge_type": "PC Girder Bridge", "road_no": "R281", "zone": "Sylhet", "circle": "Sylhet", "division": "Sylhet", "subdivision": "Golapganj", "sae": "SAE-Golapganj-2", "bridge_length_(m)": 31.8, "bridge_width_(m)": 10.3, "chainage_(km)": 69.818, "ycoord": 24.853639833332998, "xcoord": 92.17233, "bms_inventory": "http://bms.rhd.gov.bd:8088/bms/bridges/inventory_view/10500", "bms_detail": "http://bms.rhd.gov.bd:8088/bms/bridges/inventory_view/10500", "f_class_name": "PC Girder Bridge", "keys": "[bridge_name, Bridge Name], [bridge_type,Type], [chainage_(km), Chainage (km)], [road_no, On Road], [division, Division], [subdivision, Subdivision], [bridge_length_(m), Length (m)], [bridge_width_(m), Width (m)], [spans, Span], [span_arrangement, Span Arrangement], [completion_year, Const. Year], [map_link(=>{type:link, format:weblink}, Google Map,newtab=>),Google Map View],[bms_inventory(=>{type:link, format:weblink}, BMS Link,newtab=>), BMS Inventory],[bms_detail(=>{type:link, format:weblink},BMS Link,newtab=>), BMS Detailed View]", "f_class_color": "#6ebed6", "spans": 1.0, "span_arrangement": "31.25", "completion_year": "2011", "bridge_no": "245113921020" }, "geometry": { "type": "Point", "coordinates": [ 92.17233, 24.853639833332998 ] } },
{ "type": "Feature", "properties": { "id": "10501", "sl": 7379, "map_link": "https://maps.google.com/?q=24.856369833333,92.18554&amp;z=8&amp;t=k", "image_popup": "8088/bms/assets/uploads/images/bridges/bridge_10501/1729696777.jpg", "bridge_name": "Kakurdi Bridge", "bridge_type": "RC Girder Bridge", "road_no": "R281", "zone": "Sylhet", "circle": "Sylhet", "division": "Sylhet", "subdivision": "Golapganj", "sae": "SAE-Golapganj-2", "bridge_length_(m)": 22.7, "bridge_width_(m)": 10.35, "chainage_(km)": 71.202, "ycoord": 24.856369833333002, "xcoord": 92.18554, "bms_inventory": "http://bms.rhd.gov.bd:8088/bms/bridges/inventory_view/10501", "bms_detail": "http://bms.rhd.gov.bd:8088/bms/bridges/inventory_view/10501", "f_class_name": "RC Girder Bridge", "keys": "[bridge_name, Bridge Name], [bridge_type,Type], [chainage_(km), Chainage (km)], [road_no, On Road], [division, Division], [subdivision, Subdivision], [bridge_length_(m), Length (m)], [bridge_width_(m), Width (m)], [spans, Span], [span_arrangement, Span Arrangement], [completion_year, Const. Year], [map_link(=>{type:link, format:weblink}, Google Map,newtab=>),Google Map View],[bms_inventory(=>{type:link, format:weblink}, BMS Link,newtab=>), BMS Inventory],[bms_detail(=>{type:link, format:weblink},BMS Link,newtab=>), BMS Detailed View]", "f_class_color": "#e8f674", "spans": 1.0, "span_arrangement": "22", "completion_year": "2011", "bridge_no": "245122921107" }, "geometry": { "type": "Point", "coordinates": [ 92.18554, 24.856369833333002 ] } },
{ "type": "Feature", "properties": { "id": "10507", "sl": 11233, "map_link": "https://maps.google.com/?q=24.87037,92.189369833333&amp;z=8&amp;t=k", "image_popup": "8088/bms/assets/uploads/images/bridges/bridge_10507/1729700541.jpg", "bridge_name": "North Kakordia (39) Bridge", "bridge_type": "PC Girder Bridge", "road_no": "R281", "zone": "Sylhet", "circle": "Sylhet", "division": "Sylhet", "subdivision": "Golapganj", "sae": "SAE-Golapganj-2", "bridge_length_(m)": 31.95, "bridge_width_(m)": 10.35, "chainage_(km)": 72.87, "ycoord": 24.87037, "xcoord": 92.189369833333004, "bms_inventory": "http://bms.rhd.gov.bd:8088/bms/bridges/inventory_view/10507", "bms_detail": "http://bms.rhd.gov.bd:8088/bms/bridges/inventory_view/10507", "f_class_name": "PC Girder Bridge", "keys": "[bridge_name, Bridge Name], [bridge_type,Type], [chainage_(km), Chainage (km)], [road_no, On Road], [division, Division], [subdivision, Subdivision], [bridge_length_(m), Length (m)], [bridge_width_(m), Width (m)], [spans, Span], [span_arrangement, Span Arrangement], [completion_year, Const. Year], [map_link(=>{type:link, format:weblink}, Google Map,newtab=>),Google Map View],[bms_inventory(=>{type:link, format:weblink}, BMS Link,newtab=>), BMS Inventory],[bms_detail(=>{type:link, format:weblink},BMS Link,newtab=>), BMS Detailed View]", "f_class_color": "#6ebed6", "spans": 1.0, "span_arrangement": "31.24", "completion_year": "2011", "bridge_no": "245213921121" }, "geometry": { "type": "Point", "coordinates": [ 92.189369833333004, 24.87037 ] } },
{ "type": "Feature", "properties": { "id": "10510", "sl": 4001, "map_link": "https://maps.google.com/?q=24.87565,92.19359&amp;z=8&amp;t=k", "image_popup": "8088/bms/assets/uploads/images/bridges/bridge_10510/1729701675.jpg", "bridge_name": "Dakshin Vag Bridge", "bridge_type": "RC Girder Bridge", "road_no": "R281", "zone": "Sylhet", "circle": "Sylhet", "division": "Sylhet", "subdivision": "Golapganj", "sae": "SAE-Golapganj-2", "bridge_length_(m)": 19.8, "bridge_width_(m)": 10.31, "chainage_(km)": 73.57, "ycoord": 24.87565, "xcoord": 92.19359, "bms_inventory": "http://bms.rhd.gov.bd:8088/bms/bridges/inventory_view/10510", "bms_detail": "http://bms.rhd.gov.bd:8088/bms/bridges/inventory_view/10510", "f_class_name": "RC Girder Bridge", "keys": "[bridge_name, Bridge Name], [bridge_type,Type], [chainage_(km), Chainage (km)], [road_no, On Road], [division, Division], [subdivision, Subdivision], [bridge_length_(m), Length (m)], [bridge_width_(m), Width (m)], [spans, Span], [span_arrangement, Span Arrangement], [completion_year, Const. Year], [map_link(=>{type:link, format:weblink}, Google Map,newtab=>),Google Map View],[bms_inventory(=>{type:link, format:weblink}, BMS Link,newtab=>), BMS Inventory],[bms_detail(=>{type:link, format:weblink},BMS Link,newtab=>), BMS Detailed View]", "f_class_color": "#e8f674", "spans": 1.0, "span_arrangement": "19.5", "completion_year": "2011", "bridge_no": "245232921136" }, "geometry": { "type": "Point", "coordinates": [ 92.19359, 24.87565 ] } },
{ "type": "Feature", "properties": { "id": "10515", "sl": 11352, "map_link": "https://maps.google.com/?q=24.776559833333,92.05597&amp;z=8&amp;t=k", "image_popup": "8088/bms/assets/uploads/images/bridges/bridge_10515/1729703424.JPG", "bridge_name": "Nowai Small Slab Bridge", "bridge_type": "Small Slab Bridge", "road_no": "Z2812", "zone": "Sylhet", "circle": "Sylhet", "division": "Sylhet", "subdivision": "Golapganj", "sae": "SAE-Golapganj-2", "bridge_length_(m)": 2.6, "bridge_width_(m)": 5.5, "chainage_(km)": 21.125, "ycoord": 24.776559833333, "xcoord": 92.05597, "bms_inventory": "http://bms.rhd.gov.bd:8088/bms/bridges/inventory_view/10515", "bms_detail": "http://bms.rhd.gov.bd:8088/bms/bridges/inventory_view/10515", "f_class_name": "Small Slab Bridge", "keys": "[bridge_name, Bridge Name], [bridge_type,Type], [chainage_(km), Chainage (km)], [road_no, On Road], [division, Division], [subdivision, Subdivision], [bridge_length_(m), Length (m)], [bridge_width_(m), Width (m)], [spans, Span], [span_arrangement, Span Arrangement], [completion_year, Const. Year], [map_link(=>{type:link, format:weblink}, Google Map,newtab=>),Google Map View],[bms_inventory(=>{type:link, format:weblink}, BMS Link,newtab=>), BMS Inventory],[bms_detail(=>{type:link, format:weblink},BMS Link,newtab=>), BMS Detailed View]", "f_class_color": "#13b7dd", "spans": 1.0, "span_arrangement": "1.9", "completion_year": "2004", "bridge_no": "244636920321" }, "geometry": { "type": "Point", "coordinates": [ 92.05597, 24.776559833333 ] } },
{ "type": "Feature", "properties": { "id": "10521", "sl": 3358, "map_link": "https://maps.google.com/?q=24.88033,92.20695&amp;z=8&amp;t=k", "image_popup": "8088/bms/assets/uploads/images/bridges/bridge_10521/1729710483.jpg", "bridge_name": "Chenger Khal Bridge", "bridge_type": "RC Girder Bridge", "road_no": "R281", "zone": "Sylhet", "circle": "Sylhet", "division": "Sylhet", "subdivision": "Golapganj", "sae": "SAE-Golapganj-2", "bridge_length_(m)": 16.49, "bridge_width_(m)": 10.0, "chainage_(km)": 75.519, "ycoord": 24.88033, "xcoord": 92.20695, "bms_inventory": "http://bms.rhd.gov.bd:8088/bms/bridges/inventory_view/10521", "bms_detail": "http://bms.rhd.gov.bd:8088/bms/bridges/inventory_view/10521", "f_class_name": "RC Girder Bridge", "keys": "[bridge_name, Bridge Name], [bridge_type,Type], [chainage_(km), Chainage (km)], [road_no, On Road], [division, Division], [subdivision, Subdivision], [bridge_length_(m), Length (m)], [bridge_width_(m), Width (m)], [spans, Span], [span_arrangement, Span Arrangement], [completion_year, Const. Year], [map_link(=>{type:link, format:weblink}, Google Map,newtab=>),Google Map View],[bms_inventory(=>{type:link, format:weblink}, BMS Link,newtab=>), BMS Inventory],[bms_detail(=>{type:link, format:weblink},BMS Link,newtab=>), BMS Detailed View]", "f_class_color": "#e8f674", "spans": 1.0, "span_arrangement": "15.8", "completion_year": "2005", "bridge_no": "245249921225" }, "geometry": { "type": "Point", "coordinates": [ 92.20695, 24.88033 ] } },
{ "type": "Feature", "properties": { "id": "10523", "sl": 13638, "map_link": "https://maps.google.com/?q=24.88361,92.207959833333&amp;z=8&amp;t=k", "image_popup": "8088/bms/assets/uploads/images/bridges/bridge_10523/1729711789.jpg", "bridge_name": "Shawla Bridge", "bridge_type": "Mixed Types Bridge", "road_no": "R281", "zone": "Sylhet", "circle": "Sylhet", "division": "Sylhet", "subdivision": "Golapganj", "sae": "SAE-Golapganj-2", "bridge_length_(m)": 226.05, "bridge_width_(m)": 9.04, "chainage_(km)": 75.95, "ycoord": 24.88361, "xcoord": 92.207959833333007, "bms_inventory": "http://bms.rhd.gov.bd:8088/bms/bridges/inventory_view/10523", "bms_detail": "http://bms.rhd.gov.bd:8088/bms/bridges/inventory_view/10523", "f_class_name": "Mixed Types Bridge", "keys": "[bridge_name, Bridge Name], [bridge_type,Type], [chainage_(km), Chainage (km)], [road_no, On Road], [division, Division], [subdivision, Subdivision], [bridge_length_(m), Length (m)], [bridge_width_(m), Width (m)], [spans, Span], [span_arrangement, Span Arrangement], [completion_year, Const. Year], [map_link(=>{type:link, format:weblink}, Google Map,newtab=>),Google Map View],[bms_inventory(=>{type:link, format:weblink}, BMS Link,newtab=>), BMS Inventory],[bms_detail(=>{type:link, format:weblink},BMS Link,newtab=>), BMS Detailed View]", "f_class_color": "#2edb93", "spans": 5.0, "span_arrangement": "34.17+34.01+89.33+33.4+34.5", "completion_year": "1998", "bridge_no": "245300921228" }, "geometry": { "type": "Point", "coordinates": [ 92.207959833333007, 24.88361 ] } },
{ "type": "Feature", "properties": { "id": "10524", "sl": 1002, "map_link": "https://maps.google.com/?q=24.76564,92.060469833333&amp;z=8&amp;t=k", "image_popup": "8088/bms/assets/uploads/images/bridges/bridge_10524/1729711602.JPG", "bridge_name": "Bagla Shahi Eidgah Small Slab Bridge", "bridge_type": "Small Slab Bridge", "road_no": "Z2812", "zone": "Sylhet", "circle": "Sylhet", "division": "Sylhet", "subdivision": "Golapganj", "sae": "SAE-Golapganj-2", "bridge_length_(m)": 1.7, "bridge_width_(m)": 5.55, "chainage_(km)": 22.861, "ycoord": 24.76564, "xcoord": 92.060469833333002, "bms_inventory": "http://bms.rhd.gov.bd:8088/bms/bridges/inventory_view/10524", "bms_detail": "http://bms.rhd.gov.bd:8088/bms/bridges/inventory_view/10524", "f_class_name": "Small Slab Bridge", "keys": "[bridge_name, Bridge Name], [bridge_type,Type], [chainage_(km), Chainage (km)], [road_no, On Road], [division, Division], [subdivision, Subdivision], [bridge_length_(m), Length (m)], [bridge_width_(m), Width (m)], [spans, Span], [span_arrangement, Span Arrangement], [completion_year, Const. Year], [map_link(=>{type:link, format:weblink}, Google Map,newtab=>),Google Map View],[bms_inventory(=>{type:link, format:weblink}, BMS Link,newtab=>), BMS Inventory],[bms_detail(=>{type:link, format:weblink},BMS Link,newtab=>), BMS Detailed View]", "f_class_color": "#13b7dd", "spans": 1.0, "span_arrangement": "1.2", "completion_year": "1990", "bridge_no": "244556920338" }, "geometry": { "type": "Point", "coordinates": [ 92.060469833333002, 24.76564 ] } },
{ "type": "Feature", "properties": { "id": "10528", "sl": 996, "map_link": "https://maps.google.com/?q=24.761289833333,92.060109833333&amp;z=8&amp;t=k", "image_popup": "8088/bms/assets/uploads/images/bridges/bridge_10528/1729713028.JPG", "bridge_name": "Bagla Dokkhin Para Small Slab Bridge", "bridge_type": "Small Slab Bridge", "road_no": "Z2812", "zone": "Sylhet", "circle": "Sylhet", "division": "Sylhet", "subdivision": "Golapganj", "sae": "SAE-Golapganj-2", "bridge_length_(m)": 1.2, "bridge_width_(m)": 6.5, "chainage_(km)": 23.483, "ycoord": 24.761289833332999, "xcoord": 92.060109833333001, "bms_inventory": "http://bms.rhd.gov.bd:8088/bms/bridges/inventory_view/10528", "bms_detail": "http://bms.rhd.gov.bd:8088/bms/bridges/inventory_view/10528", "f_class_name": "Small Slab Bridge", "keys": "[bridge_name, Bridge Name], [bridge_type,Type], [chainage_(km), Chainage (km)], [road_no, On Road], [division, Division], [subdivision, Subdivision], [bridge_length_(m), Length (m)], [bridge_width_(m), Width (m)], [spans, Span], [span_arrangement, Span Arrangement], [completion_year, Const. Year], [map_link(=>{type:link, format:weblink}, Google Map,newtab=>),Google Map View],[bms_inventory(=>{type:link, format:weblink}, BMS Link,newtab=>), BMS Inventory],[bms_detail(=>{type:link, format:weblink},BMS Link,newtab=>), BMS Detailed View]", "f_class_color": "#13b7dd", "spans": 1.0, "span_arrangement": "0.6", "completion_year": "2004", "bridge_no": "244541920336" }, "geometry": { "type": "Point", "coordinates": [ 92.060109833333001, 24.761289833332999 ] } },
{ "type": "Feature", "properties": { "id": "10530", "sl": 997, "map_link": "https://maps.google.com/?q=24.761279833333,92.05924&amp;z=8&amp;t=k", "image_popup": "8088/bms/assets/uploads/images/bridges/bridge_10530/1729713480.JPG", "bridge_name": "Bagla Dokkhin Para Small Slab Bridge 2", "bridge_type": "Small Slab Bridge", "road_no": "Z2812", "zone": "Sylhet", "circle": "Sylhet", "division": "Sylhet", "subdivision": "Golapganj", "sae": "SAE-Golapganj-2", "bridge_length_(m)": 1.16, "bridge_width_(m)": 6.0, "chainage_(km)": 23.563, "ycoord": 24.761279833332999, "xcoord": 92.05924, "bms_inventory": "http://bms.rhd.gov.bd:8088/bms/bridges/inventory_view/10530", "bms_detail": "http://bms.rhd.gov.bd:8088/bms/bridges/inventory_view/10530", "f_class_name": "Small Slab Bridge", "keys": "[bridge_name, Bridge Name], [bridge_type,Type], [chainage_(km), Chainage (km)], [road_no, On Road], [division, Division], [subdivision, Subdivision], [bridge_length_(m), Length (m)], [bridge_width_(m), Width (m)], [spans, Span], [span_arrangement, Span Arrangement], [completion_year, Const. Year], [map_link(=>{type:link, format:weblink}, Google Map,newtab=>),Google Map View],[bms_inventory(=>{type:link, format:weblink}, BMS Link,newtab=>), BMS Inventory],[bms_detail(=>{type:link, format:weblink},BMS Link,newtab=>), BMS Detailed View]", "f_class_color": "#13b7dd", "spans": 1.0, "span_arrangement": "0.86", "completion_year": "2004", "bridge_no": "244541920333" }, "geometry": { "type": "Point", "coordinates": [ 92.05924, 24.761279833332999 ] } },
{ "type": "Feature", "properties": { "id": "10532", "sl": 14133, "map_link": "https://maps.google.com/?q=24.897619833333,92.175319833333&amp;z=8&amp;t=k", "image_popup": "8088/bms/assets/uploads/images/bridges/bridge_10532/1729714229.jpg", "bridge_name": "Sodakhal Bridge", "bridge_type": "PC Girder Bridge", "road_no": "R281", "zone": "Sylhet", "circle": "Sylhet", "division": "Sylhet", "subdivision": "Golapganj", "sae": "SAE-Golapganj-2", "bridge_length_(m)": 149.15, "bridge_width_(m)": 9.06, "chainage_(km)": 80.058, "ycoord": 24.897619833333, "xcoord": 92.175319833333006, "bms_inventory": "http://bms.rhd.gov.bd:8088/bms/bridges/inventory_view/10532", "bms_detail": "http://bms.rhd.gov.bd:8088/bms/bridges/inventory_view/10532", "f_class_name": "PC Girder Bridge", "keys": "[bridge_name, Bridge Name], [bridge_type,Type], [chainage_(km), Chainage (km)], [road_no, On Road], [division, Division], [subdivision, Subdivision], [bridge_length_(m), Length (m)], [bridge_width_(m), Width (m)], [spans, Span], [span_arrangement, Span Arrangement], [completion_year, Const. Year], [map_link(=>{type:link, format:weblink}, Google Map,newtab=>),Google Map View],[bms_inventory(=>{type:link, format:weblink}, BMS Link,newtab=>), BMS Inventory],[bms_detail(=>{type:link, format:weblink},BMS Link,newtab=>), BMS Detailed View]", "f_class_color": "#6ebed6", "spans": 4.0, "span_arrangement": "37.4+37.05+37.75+36.23", "completion_year": "2009", "bridge_no": "245351921031" }, "geometry": { "type": "Point", "coordinates": [ 92.175319833333006, 24.897619833333 ] } },
{ "type": "Feature", "properties": { "id": "10537", "sl": 7306, "map_link": "https://maps.google.com/?q=24.73739,92.04618&amp;z=8&amp;t=k", "image_popup": "8088/bms/assets/uploads/images/bridges/bridge_10537/1729715768.JPG", "bridge_name": "Kadipur Small Slab Bridge", "bridge_type": "Small Slab Bridge", "road_no": "Z2812", "zone": "Sylhet", "circle": "Sylhet", "division": "Sylhet", "subdivision": "Golapganj", "sae": "SAE-Golapganj-2", "bridge_length_(m)": 1.9, "bridge_width_(m)": 2.85, "chainage_(km)": 27.972, "ycoord": 24.73739, "xcoord": 92.04618, "bms_inventory": "http://bms.rhd.gov.bd:8088/bms/bridges/inventory_view/10537", "bms_detail": "http://bms.rhd.gov.bd:8088/bms/bridges/inventory_view/10537", "f_class_name": "Small Slab Bridge", "keys": "[bridge_name, Bridge Name], [bridge_type,Type], [chainage_(km), Chainage (km)], [road_no, On Road], [division, Division], [subdivision, Subdivision], [bridge_length_(m), Length (m)], [bridge_width_(m), Width (m)], [spans, Span], [span_arrangement, Span Arrangement], [completion_year, Const. Year], [map_link(=>{type:link, format:weblink}, Google Map,newtab=>),Google Map View],[bms_inventory(=>{type:link, format:weblink}, BMS Link,newtab=>), BMS Inventory],[bms_detail(=>{type:link, format:weblink},BMS Link,newtab=>), BMS Detailed View]", "f_class_color": "#13b7dd", "spans": 1.0, "span_arrangement": "1.6", "completion_year": "2007", "bridge_no": "244415920246" }, "geometry": { "type": "Point", "coordinates": [ 92.04618, 24.73739 ] } },
{ "type": "Feature", "properties": { "id": "10538", "sl": 6315, "map_link": "https://maps.google.com/?q=24.73881,92.046859833333&amp;z=8&amp;t=k", "image_popup": "8088/bms/assets/uploads/images/bridges/bridge_10538/1729716328.JPG", "bridge_name": "Hazirkona Small Slab Bridge 2", "bridge_type": "Small Slab Bridge", "road_no": "Z2812", "zone": "Sylhet", "circle": "Sylhet", "division": "Sylhet", "subdivision": "Golapganj", "sae": "SAE-Golapganj-2", "bridge_length_(m)": 1.6, "bridge_width_(m)": 3.95, "chainage_(km)": 27.789, "ycoord": 24.73881, "xcoord": 92.046859833333002, "bms_inventory": "http://bms.rhd.gov.bd:8088/bms/bridges/inventory_view/10538", "bms_detail": "http://bms.rhd.gov.bd:8088/bms/bridges/inventory_view/10538", "f_class_name": "Small Slab Bridge", "keys": "[bridge_name, Bridge Name], [bridge_type,Type], [chainage_(km), Chainage (km)], [road_no, On Road], [division, Division], [subdivision, Subdivision], [bridge_length_(m), Length (m)], [bridge_width_(m), Width (m)], [spans, Span], [span_arrangement, Span Arrangement], [completion_year, Const. Year], [map_link(=>{type:link, format:weblink}, Google Map,newtab=>),Google Map View],[bms_inventory(=>{type:link, format:weblink}, BMS Link,newtab=>), BMS Inventory],[bms_detail(=>{type:link, format:weblink},BMS Link,newtab=>), BMS Detailed View]", "f_class_color": "#13b7dd", "spans": 1.0, "span_arrangement": "1.1", "completion_year": "2004", "bridge_no": "244420920249" }, "geometry": { "type": "Point", "coordinates": [ 92.046859833333002, 24.73881 ] } },
{ "type": "Feature", "properties": { "id": "10539", "sl": 6314, "map_link": "https://maps.google.com/?q=24.74061,92.04927&amp;z=8&amp;t=k", "image_popup": "8088/bms/assets/uploads/images/bridges/bridge_10539/1729716919.JPG", "bridge_name": "Hazirkona Small Slab Bridge", "bridge_type": "Small Slab Bridge", "road_no": "Z2812", "zone": "Sylhet", "circle": "Sylhet", "division": "Sylhet", "subdivision": "Golapganj", "sae": "SAE-Golapganj-2", "bridge_length_(m)": 1.75, "bridge_width_(m)": 4.35, "chainage_(km)": 27.439, "ycoord": 24.74061, "xcoord": 92.04927, "bms_inventory": "http://bms.rhd.gov.bd:8088/bms/bridges/inventory_view/10539", "bms_detail": "http://bms.rhd.gov.bd:8088/bms/bridges/inventory_view/10539", "f_class_name": "Small Slab Bridge", "keys": "[bridge_name, Bridge Name], [bridge_type,Type], [chainage_(km), Chainage (km)], [road_no, On Road], [division, Division], [subdivision, Subdivision], [bridge_length_(m), Length (m)], [bridge_width_(m), Width (m)], [spans, Span], [span_arrangement, Span Arrangement], [completion_year, Const. Year], [map_link(=>{type:link, format:weblink}, Google Map,newtab=>),Google Map View],[bms_inventory(=>{type:link, format:weblink}, BMS Link,newtab=>), BMS Inventory],[bms_detail(=>{type:link, format:weblink},BMS Link,newtab=>), BMS Detailed View]", "f_class_color": "#13b7dd", "spans": 1.0, "span_arrangement": "1.15", "completion_year": "2004", "bridge_no": "244426920257" }, "geometry": { "type": "Point", "coordinates": [ 92.04927, 24.74061 ] } },
{ "type": "Feature", "properties": { "id": "10548", "sl": 12552, "map_link": "https://maps.google.com/?q=24.75701,92.04885&amp;z=8&amp;t=k", "image_popup": "8088/bms/assets/uploads/images/bridges/bridge_10548/1729722176.JPG", "bridge_name": "Rakuar Bazar Small Slab Bridge", "bridge_type": "Small Slab Bridge", "road_no": "Z2812", "zone": "Sylhet", "circle": "Sylhet", "division": "Sylhet", "subdivision": "Golapganj", "sae": "SAE-Golapganj-2", "bridge_length_(m)": 4.3, "bridge_width_(m)": 3.75, "chainage_(km)": 25.138, "ycoord": 24.75701, "xcoord": 92.04885, "bms_inventory": "http://bms.rhd.gov.bd:8088/bms/bridges/inventory_view/10548", "bms_detail": "http://bms.rhd.gov.bd:8088/bms/bridges/inventory_view/10548", "f_class_name": "Small Slab Bridge", "keys": "[bridge_name, Bridge Name], [bridge_type,Type], [chainage_(km), Chainage (km)], [road_no, On Road], [division, Division], [subdivision, Subdivision], [bridge_length_(m), Length (m)], [bridge_width_(m), Width (m)], [spans, Span], [span_arrangement, Span Arrangement], [completion_year, Const. Year], [map_link(=>{type:link, format:weblink}, Google Map,newtab=>),Google Map View],[bms_inventory(=>{type:link, format:weblink}, BMS Link,newtab=>), BMS Inventory],[bms_detail(=>{type:link, format:weblink},BMS Link,newtab=>), BMS Detailed View]", "f_class_color": "#13b7dd", "spans": 1.0, "span_arrangement": "2.9", "completion_year": "2004", "bridge_no": "244525920256" }, "geometry": { "type": "Point", "coordinates": [ 92.04885, 24.75701 ] } },
{ "type": "Feature", "properties": { "id": "10553", "sl": 8893, "map_link": "https://maps.google.com/?q=24.705799833333,91.94375983&amp;z=8&amp;t=k", "image_popup": "8088/bms/assets/uploads/images/bridges/bridge_10553/1729743791.jpg", "bridge_name": "Kurkuchi Bridge", "bridge_type": "PC Girder Bridge", "road_no": "Z2831", "zone": "Sylhet", "circle": "Sylhet", "division": "Sylhet", "subdivision": "Biswanath", "sae": "SAE-Biswanath-2", "bridge_length_(m)": 38.2, "bridge_width_(m)": 10.25, "chainage_(km)": 12.474, "ycoord": 24.705799833333, "xcoord": 91.94375983, "bms_inventory": "http://bms.rhd.gov.bd:8088/bms/bridges/inventory_view/10553", "bms_detail": "http://bms.rhd.gov.bd:8088/bms/bridges/inventory_view/10553", "f_class_name": "PC Girder Bridge", "keys": "[bridge_name, Bridge Name], [bridge_type,Type], [chainage_(km), Chainage (km)], [road_no, On Road], [division, Division], [subdivision, Subdivision], [bridge_length_(m), Length (m)], [bridge_width_(m), Width (m)], [spans, Span], [span_arrangement, Span Arrangement], [completion_year, Const. Year], [map_link(=>{type:link, format:weblink}, Google Map,newtab=>),Google Map View],[bms_inventory(=>{type:link, format:weblink}, BMS Link,newtab=>), BMS Inventory],[bms_detail(=>{type:link, format:weblink},BMS Link,newtab=>), BMS Detailed View]", "f_class_color": "#6ebed6", "spans": 1.0, "span_arrangement": "37.54", "completion_year": "2013", "bridge_no": "244220915637" }, "geometry": { "type": "Point", "coordinates": [ 91.94375983, 24.705799833333 ] } },
{ "type": "Feature", "properties": { "id": "10559", "sl": 998, "map_link": "https://maps.google.com/?q=24.759409833333,92.05692&amp;z=8&amp;t=k", "image_popup": "8088/bms/assets/uploads/images/bridges/bridge_10559/1729759376.JPG", "bridge_name": "Bagla Dokkhin Para Small Slab Bridge 3", "bridge_type": "Small Slab Bridge", "road_no": "Z2812", "zone": "Sylhet", "circle": "Sylhet", "division": "Sylhet", "subdivision": "Golapganj", "sae": "SAE-Golapganj-2", "bridge_length_(m)": 1.18, "bridge_width_(m)": 6.9, "chainage_(km)": 24.032, "ycoord": 24.759409833332999, "xcoord": 92.05692, "bms_inventory": "http://bms.rhd.gov.bd:8088/bms/bridges/inventory_view/10559", "bms_detail": "http://bms.rhd.gov.bd:8088/bms/bridges/inventory_view/10559", "f_class_name": "Small Slab Bridge", "keys": "[bridge_name, Bridge Name], [bridge_type,Type], [chainage_(km), Chainage (km)], [road_no, On Road], [division, Division], [subdivision, Subdivision], [bridge_length_(m), Length (m)], [bridge_width_(m), Width (m)], [spans, Span], [span_arrangement, Span Arrangement], [completion_year, Const. Year], [map_link(=>{type:link, format:weblink}, Google Map,newtab=>),Google Map View],[bms_inventory(=>{type:link, format:weblink}, BMS Link,newtab=>), BMS Inventory],[bms_detail(=>{type:link, format:weblink},BMS Link,newtab=>), BMS Detailed View]", "f_class_color": "#13b7dd", "spans": 1.0, "span_arrangement": "0.78", "completion_year": "2015", "bridge_no": "244534920325" }, "geometry": { "type": "Point", "coordinates": [ 92.05692, 24.759409833332999 ] } },
{ "type": "Feature", "properties": { "id": "10561", "sl": 8040, "map_link": "https://maps.google.com/?q=24.75712,92.051529833333&amp;z=8&amp;t=k", "image_popup": "8088/bms/assets/uploads/images/bridges/bridge_10561/1729760337.JPG", "bridge_name": "Kewotkuna Small Slab Bridge", "bridge_type": "Small Slab Bridge", "road_no": "Z2812", "zone": "Sylhet", "circle": "Sylhet", "division": "Sylhet", "subdivision": "Golapganj", "sae": "SAE-Golapganj-2", "bridge_length_(m)": 1.6, "bridge_width_(m)": 3.75, "chainage_(km)": 24.788, "ycoord": 24.75712, "xcoord": 92.051529833333007, "bms_inventory": "http://bms.rhd.gov.bd:8088/bms/bridges/inventory_view/10561", "bms_detail": "http://bms.rhd.gov.bd:8088/bms/bridges/inventory_view/10561", "f_class_name": "Small Slab Bridge", "keys": "[bridge_name, Bridge Name], [bridge_type,Type], [chainage_(km), Chainage (km)], [road_no, On Road], [division, Division], [subdivision, Subdivision], [bridge_length_(m), Length (m)], [bridge_width_(m), Width (m)], [spans, Span], [span_arrangement, Span Arrangement], [completion_year, Const. Year], [map_link(=>{type:link, format:weblink}, Google Map,newtab=>),Google Map View],[bms_inventory(=>{type:link, format:weblink}, BMS Link,newtab=>), BMS Inventory],[bms_detail(=>{type:link, format:weblink},BMS Link,newtab=>), BMS Detailed View]", "f_class_color": "#13b7dd", "spans": 1.0, "span_arrangement": "1.2", "completion_year": "2004", "bridge_no": "244526920306" }, "geometry": { "type": "Point", "coordinates": [ 92.051529833333007, 24.75712 ] } },
{ "type": "Feature", "properties": { "id": "10575", "sl": 7985, "map_link": "https://maps.google.com/?q=24.88557,91.8593&amp;z=8&amp;t=k", "image_popup": "8088/bms/assets/uploads/images/bridges/bridge_10575/1729949607.JPG", "bridge_name": "Kazir Bazar Bridge", "bridge_type": "PC Girder Bridge", "road_no": null, "zone": "Sylhet", "circle": "Sylhet", "division": "Sylhet", "subdivision": "Sylhet", "sae": "Sylhet-2", "bridge_length_(m)": 395.0, "bridge_width_(m)": 19.35, "chainage_(km)": 0.0, "ycoord": 24.88557, "xcoord": 91.8593, "bms_inventory": "http://bms.rhd.gov.bd:8088/bms/bridges/inventory_view/10575", "bms_detail": "http://bms.rhd.gov.bd:8088/bms/bridges/inventory_view/10575", "f_class_name": "PC Girder Bridge", "keys": "[bridge_name, Bridge Name], [bridge_type,Type], [chainage_(km), Chainage (km)], [road_no, On Road], [division, Division], [subdivision, Subdivision], [bridge_length_(m), Length (m)], [bridge_width_(m), Width (m)], [spans, Span], [span_arrangement, Span Arrangement], [completion_year, Const. Year], [map_link(=>{type:link, format:weblink}, Google Map,newtab=>),Google Map View],[bms_inventory(=>{type:link, format:weblink}, BMS Link,newtab=>), BMS Inventory],[bms_detail(=>{type:link, format:weblink},BMS Link,newtab=>), BMS Detailed View]", "f_class_color": "#6ebed6", "spans": 10.0, "span_arrangement": "36.3+36.05+36.1+50.1+50.15+50.15+35.67+36.2+36.15+24.5", "completion_year": "2013", "bridge_no": "245308915133" }, "geometry": { "type": "Point", "coordinates": [ 91.8593, 24.88557 ] } },
{ "type": "Feature", "properties": { "id": "10581", "sl": 3536, "map_link": "https://maps.google.com/?q=24.762319833333,92.22252&amp;z=8&amp;t=k", "image_popup": "8088/bms/assets/uploads/images/bridges/bridge_10581/1729957829.JPG", "bridge_name": "Chondinogor Bridge-3", "bridge_type": "RC Girder Bridge", "road_no": "Z2815", "zone": "Sylhet", "circle": "Moulavi Bazar", "division": "Moulavi Bazar", "subdivision": "Kulaura", "sae": "Barlekha", "bridge_length_(m)": 26.8, "bridge_width_(m)": 8.22, "chainage_(km)": 6.655, "ycoord": 24.762319833332999, "xcoord": 92.22252, "bms_inventory": "http://bms.rhd.gov.bd:8088/bms/bridges/inventory_view/10581", "bms_detail": "http://bms.rhd.gov.bd:8088/bms/bridges/inventory_view/10581", "f_class_name": "RC Girder Bridge", "keys": "[bridge_name, Bridge Name], [bridge_type,Type], [chainage_(km), Chainage (km)], [road_no, On Road], [division, Division], [subdivision, Subdivision], [bridge_length_(m), Length (m)], [bridge_width_(m), Width (m)], [spans, Span], [span_arrangement, Span Arrangement], [completion_year, Const. Year], [map_link(=>{type:link, format:weblink}, Google Map,newtab=>),Google Map View],[bms_inventory(=>{type:link, format:weblink}, BMS Link,newtab=>), BMS Inventory],[bms_detail(=>{type:link, format:weblink},BMS Link,newtab=>), BMS Detailed View]", "f_class_color": "#e8f674", "spans": 1.0, "span_arrangement": "26.43", "completion_year": "2004", "bridge_no": "244544921321" }, "geometry": { "type": "Point", "coordinates": [ 92.22252, 24.762319833332999 ] } },
{ "type": "Feature", "properties": { "id": "10749", "sl": 8870, "map_link": "https://maps.google.com/?q=24.772024833333,92.029515&amp;z=8&amp;t=k", "image_popup": "8088/bms/assets/img/no_picture.png", "bridge_name": "Kura Bridge-2", "bridge_type": "PC Girder Bridge", "road_no": "R251", "zone": "Sylhet", "circle": "Sylhet", "division": "Sylhet", "subdivision": "Golapganj", "sae": "SAE-Golapganj-2", "bridge_length_(m)": 112.54, "bridge_width_(m)": 7.62, "chainage_(km)": 0.0, "ycoord": 24.772024833332999, "xcoord": 92.029515, "bms_inventory": "http://bms.rhd.gov.bd:8088/bms/bridges/inventory_view/10749", "bms_detail": "http://bms.rhd.gov.bd:8088/bms/bridges/inventory_view/10749", "f_class_name": "PC Girder Bridge", "keys": "[bridge_name, Bridge Name], [bridge_type,Type], [chainage_(km), Chainage (km)], [road_no, On Road], [division, Division], [subdivision, Subdivision], [bridge_length_(m), Length (m)], [bridge_width_(m), Width (m)], [spans, Span], [span_arrangement, Span Arrangement], [completion_year, Const. Year], [map_link(=>{type:link, format:weblink}, Google Map,newtab=>),Google Map View],[bms_inventory(=>{type:link, format:weblink}, BMS Link,newtab=>), BMS Inventory],[bms_detail(=>{type:link, format:weblink},BMS Link,newtab=>), BMS Detailed View]", "f_class_color": "#6ebed6", "spans": 3.0, "span_arrangement": "37.28+37.2+37.63", "completion_year": "2012", "bridge_no": "244619920146" }, "geometry": { "type": "Point", "coordinates": [ 92.029515, 24.772024833332999 ] } },
{ "type": "Feature", "properties": { "id": "110707", "sl": 7777, "map_link": "https://maps.google.com/?q=24.80085,92.230112&amp;z=8&amp;t=k", "image_popup": "8088/bms/assets/uploads/images/bridges/bridge_110707/1739250432.jpeg", "bridge_name": "Karjanpur Bridge", "bridge_type": "RC Girder Bridge", "road_no": "Z2816", "zone": "Sylhet", "circle": "Moulavi Bazar", "division": "Moulavi Bazar", "subdivision": "Kulaura", "sae": "Barlekha", "bridge_length_(m)": 20.68, "bridge_width_(m)": 6.95, "chainage_(km)": 6.455, "ycoord": 24.80085, "xcoord": 92.230112, "bms_inventory": "http://bms.rhd.gov.bd:8088/bms/bridges/inventory_view/110707", "bms_detail": "http://bms.rhd.gov.bd:8088/bms/bridges/inventory_view/110707", "f_class_name": "RC Girder Bridge", "keys": "[bridge_name, Bridge Name], [bridge_type,Type], [chainage_(km), Chainage (km)], [road_no, On Road], [division, Division], [subdivision, Subdivision], [bridge_length_(m), Length (m)], [bridge_width_(m), Width (m)], [spans, Span], [span_arrangement, Span Arrangement], [completion_year, Const. Year], [map_link(=>{type:link, format:weblink}, Google Map,newtab=>),Google Map View],[bms_inventory(=>{type:link, format:weblink}, BMS Link,newtab=>), BMS Inventory],[bms_detail(=>{type:link, format:weblink},BMS Link,newtab=>), BMS Detailed View]", "f_class_color": "#e8f674", "spans": 1.0, "span_arrangement": "20.2", "completion_year": "2005", "bridge_no": "244803921348" }, "geometry": { "type": "Point", "coordinates": [ 92.230112, 24.80085 ] } },
{ "type": "Feature", "properties": { "id": "110709", "sl": 12279, "map_link": "https://maps.google.com/?q=24.804114833333,92.23989&amp;z=8&amp;t=k", "image_popup": "8088/bms/assets/uploads/images/bridges/bridge_110709/1739297727.jpeg", "bridge_name": "Purbo Shabajpur Bridge", "bridge_type": "RC Girder Bridge", "road_no": "Z2816", "zone": "Sylhet", "circle": "Moulavi Bazar", "division": "Moulavi Bazar", "subdivision": "Kulaura", "sae": "Barlekha", "bridge_length_(m)": 18.5, "bridge_width_(m)": 4.17, "chainage_(km)": 7.596, "ycoord": 24.804114833332999, "xcoord": 92.23989, "bms_inventory": "http://bms.rhd.gov.bd:8088/bms/bridges/inventory_view/110709", "bms_detail": "http://bms.rhd.gov.bd:8088/bms/bridges/inventory_view/110709", "f_class_name": "RC Girder Bridge", "keys": "[bridge_name, Bridge Name], [bridge_type,Type], [chainage_(km), Chainage (km)], [road_no, On Road], [division, Division], [subdivision, Subdivision], [bridge_length_(m), Length (m)], [bridge_width_(m), Width (m)], [spans, Span], [span_arrangement, Span Arrangement], [completion_year, Const. Year], [map_link(=>{type:link, format:weblink}, Google Map,newtab=>),Google Map View],[bms_inventory(=>{type:link, format:weblink}, BMS Link,newtab=>), BMS Inventory],[bms_detail(=>{type:link, format:weblink},BMS Link,newtab=>), BMS Detailed View]", "f_class_color": "#e8f674", "spans": 3.0, "span_arrangement": "3.1+12.3+3.1", "completion_year": "1975", "bridge_no": "244814921423" }, "geometry": { "type": "Point", "coordinates": [ 92.23989, 24.804114833332999 ] } }
]
}
